solid OpenSCAD_Model
  facet normal 1 0 0
    outer loop
      vertex 49 38.4056 55.3672
      vertex 49 42.1041 36.5244
      vertex 49 42.3975 36.5868
    endloop
  endfacet
  facet normal 1 -0 0
    outer loop
      vertex 49 35.4711 54.7435
      vertex 49 42.1041 36.5244
      vertex 49 38.4056 55.3672
    endloop
  endfacet
  facet normal 1 0 0
    outer loop
      vertex 49 42.1041 36.5244
      vertex 49 35.4711 54.7435
      vertex 49 39.4631 35.963
    endloop
  endfacet
  facet normal 1 -0 0
    outer loop
      vertex 49 39.4631 35.963
      vertex 49 42.7278 33.5899
      vertex 49 42.1041 36.5244
    endloop
  endfacet
  facet normal 1 0 0
    outer loop
      vertex 49 39.4631 35.963
      vertex 49 2.62374 25.0656
      vertex 49 42.7278 33.5899
    endloop
  endfacet
  facet normal 1 0 -0
    outer loop
      vertex 49 2.62374 25.0656
      vertex 49 39.4631 35.963
      vertex 49 2 28
    endloop
  endfacet
  facet normal 6.268e-06 -0.207911 0.978148
    outer loop
      vertex 49 39.4631 35.963
      vertex 40.5 19.1176 31.6385
      vertex 49 2 28
    endloop
  endfacet
  facet normal 0 -0.207908 0.978148
    outer loop
      vertex 49 39.4631 35.963
      vertex 35.5 19.1176 31.6385
      vertex 40.5 19.1176 31.6385
    endloop
  endfacet
  facet normal 0 -0.207915 0.978147
    outer loop
      vertex 35.5 19.1176 31.6385
      vertex -35.5 19.1176 31.6385
      vertex 35.5 15.6941 30.9108
    endloop
  endfacet
  facet normal 0 -0.207908 0.978148
    outer loop
      vertex 49 39.4631 35.963
      vertex -35.5 19.1176 31.6385
      vertex 35.5 19.1176 31.6385
    endloop
  endfacet
  facet normal 0 -0.207908 0.978148
    outer loop
      vertex -49 39.4631 35.963
      vertex -35.5 19.1176 31.6385
      vertex 49 39.4631 35.963
    endloop
  endfacet
  facet normal -6.268e-06 -0.207911 0.978148
    outer loop
      vertex -49 2 28
      vertex -40.5 19.1176 31.6385
      vertex -49 39.4631 35.963
    endloop
  endfacet
  facet normal 0 -0.207908 0.978148
    outer loop
      vertex -35.5 19.1176 31.6385
      vertex -49 39.4631 35.963
      vertex -40.5 19.1176 31.6385
    endloop
  endfacet
  facet normal -2.44606e-06 -0.207915 0.978147
    outer loop
      vertex 40.5 15.6941 30.9108
      vertex 49 2 28
      vertex 40.5 19.1176 31.6385
    endloop
  endfacet
  facet normal 0 -0.207914 0.978147
    outer loop
      vertex 35.5 15.6941 30.9108
      vertex 49 2 28
      vertex 40.5 15.6941 30.9108
    endloop
  endfacet
  facet normal 0 -0.207915 0.978147
    outer loop
      vertex -35.5 15.6941 30.9108
      vertex 35.5 15.6941 30.9108
      vertex -35.5 19.1176 31.6385
    endloop
  endfacet
  facet normal 0 -0.207914 0.978147
    outer loop
      vertex 35.5 15.6941 30.9108
      vertex -35.5 15.6941 30.9108
      vertex 49 2 28
    endloop
  endfacet
  facet normal 0 -0.207914 0.978147
    outer loop
      vertex -49 2 28
      vertex -35.5 15.6941 30.9108
      vertex -40.5 15.6941 30.9108
    endloop
  endfacet
  facet normal 0 -0.207914 0.978147
    outer loop
      vertex -35.5 15.6941 30.9108
      vertex -49 2 28
      vertex 49 2 28
    endloop
  endfacet
  facet normal 2.44606e-06 -0.207915 0.978147
    outer loop
      vertex -40.5 19.1176 31.6385
      vertex -49 2 28
      vertex -40.5 15.6941 30.9108
    endloop
  endfacet
  facet normal 0 0.208026 -0.978123
    outer loop
      vertex -49 42.1041 36.5244
      vertex 49 42.3975 36.5868
      vertex 49 42.1041 36.5244
    endloop
  endfacet
  facet normal 0 0.208026 -0.978123
    outer loop
      vertex 49 42.3975 36.5868
      vertex -49 42.1041 36.5244
      vertex -49 42.3975 36.5868
    endloop
  endfacet
  facet normal 1.29752e-05 0.207915 -0.978147
    outer loop
      vertex 40.5 19.7413 28.704
      vertex 49 2.62374 25.0656
      vertex 40.5 16.3178 27.9763
    endloop
  endfacet
  facet normal -2.89912e-07 0.207907 -0.978149
    outer loop
      vertex 27 4.16451 25.3931
      vertex 40.5 16.3178 27.9763
      vertex 49 2.62374 25.0656
    endloop
  endfacet
  facet normal -1.22331e-05 0.207915 -0.978147
    outer loop
      vertex 35.5 16.3178 27.9763
      vertex 27 4.16451 25.3931
      vertex 35.5 19.7413 28.704
    endloop
  endfacet
  facet normal 0 0.207907 -0.978149
    outer loop
      vertex 40.5 16.3178 27.9763
      vertex 27 4.16451 25.3931
      vertex 35.5 16.3178 27.9763
    endloop
  endfacet
  facet normal 0 0.207911 -0.978148
    outer loop
      vertex 49 2.62374 25.0656
      vertex 21 4.16451 25.3931
      vertex 27 4.16451 25.3931
    endloop
  endfacet
  facet normal 0 0.207911 -0.978148
    outer loop
      vertex 21 4.16451 25.3931
      vertex -21 4.16451 25.3931
      vertex 21 37.837 32.5504
    endloop
  endfacet
  facet normal 0 0.207911 -0.978148
    outer loop
      vertex 49 2.62374 25.0656
      vertex -21 4.16451 25.3931
      vertex 21 4.16451 25.3931
    endloop
  endfacet
  facet normal 0 0.207911 -0.978148
    outer loop
      vertex -49 2.62374 25.0656
      vertex -21 4.16451 25.3931
      vertex 49 2.62374 25.0656
    endloop
  endfacet
  facet normal 1.22331e-05 0.207915 -0.978147
    outer loop
      vertex -35.5 19.7413 28.704
      vertex -27 4.16451 25.3931
      vertex -35.5 16.3178 27.9763
    endloop
  endfacet
  facet normal 0 0.207907 -0.978149
    outer loop
      vertex -27 4.16451 25.3931
      vertex -40.5 16.3178 27.9763
      vertex -35.5 16.3178 27.9763
    endloop
  endfacet
  facet normal -1.29752e-05 0.207915 -0.978147
    outer loop
      vertex -40.5 16.3178 27.9763
      vertex -49 2.62374 25.0656
      vertex -40.5 19.7413 28.704
    endloop
  endfacet
  facet normal 2.89912e-07 0.207907 -0.978149
    outer loop
      vertex -27 4.16451 25.3931
      vertex -49 2.62374 25.0656
      vertex -40.5 16.3178 27.9763
    endloop
  endfacet
  facet normal 0 0.207911 -0.978148
    outer loop
      vertex -21 4.16451 25.3931
      vertex -49 2.62374 25.0656
      vertex -27 4.16451 25.3931
    endloop
  endfacet
  facet normal 1.73545e-06 0.20791 -0.978148
    outer loop
      vertex 49 2.62374 25.0656
      vertex 40.5 19.7413 28.704
      vertex 49 42.7278 33.5899
    endloop
  endfacet
  facet normal 0 0.207914 -0.978147
    outer loop
      vertex 27 37.837 32.5504
      vertex 40.5 19.7413 28.704
      vertex 35.5 19.7413 28.704
    endloop
  endfacet
  facet normal -5.16703e-06 0.207911 -0.978148
    outer loop
      vertex 27 37.837 32.5504
      vertex 35.5 19.7413 28.704
      vertex 27 4.16451 25.3931
    endloop
  endfacet
  facet normal -3.14641e-06 0.207912 -0.978148
    outer loop
      vertex 40.5 19.7413 28.704
      vertex 27 37.837 32.5504
      vertex 49 42.7278 33.5899
    endloop
  endfacet
  facet normal 0 0.207898 -0.978151
    outer loop
      vertex 21 37.837 32.5504
      vertex 49 42.7278 33.5899
      vertex 27 37.837 32.5504
    endloop
  endfacet
  facet normal 0 0.207911 -0.978148
    outer loop
      vertex -21 37.837 32.5504
      vertex 21 37.837 32.5504
      vertex -21 4.16451 25.3931
    endloop
  endfacet
  facet normal 0 0.207898 -0.978151
    outer loop
      vertex -21 37.837 32.5504
      vertex 49 42.7278 33.5899
      vertex 21 37.837 32.5504
    endloop
  endfacet
  facet normal 0 0.207898 -0.978151
    outer loop
      vertex -49 42.7278 33.5899
      vertex -21 37.837 32.5504
      vertex -27 37.837 32.5504
    endloop
  endfacet
  facet normal 5.16703e-06 0.207911 -0.978148
    outer loop
      vertex -27 4.16451 25.3931
      vertex -35.5 19.7413 28.704
      vertex -27 37.837 32.5504
    endloop
  endfacet
  facet normal 0 0.207914 -0.978147
    outer loop
      vertex -40.5 19.7413 28.704
      vertex -27 37.837 32.5504
      vertex -35.5 19.7413 28.704
    endloop
  endfacet
  facet normal 0 0.207898 -0.978151
    outer loop
      vertex -21 37.837 32.5504
      vertex -49 42.7278 33.5899
      vertex 49 42.7278 33.5899
    endloop
  endfacet
  facet normal 3.14641e-06 0.207912 -0.978148
    outer loop
      vertex -40.5 19.7413 28.704
      vertex -49 42.7278 33.5899
      vertex -27 37.837 32.5504
    endloop
  endfacet
  facet normal -1.73545e-06 0.20791 -0.978148
    outer loop
      vertex -49 42.7278 33.5899
      vertex -40.5 19.7413 28.704
      vertex -49 2.62374 25.0656
    endloop
  endfacet
  facet normal -1 0 0
    outer loop
      vertex -49 42.7278 33.5899
      vertex -49 39.4631 35.963
      vertex -49 42.1041 36.5244
    endloop
  endfacet
  facet normal -1 0 0
    outer loop
      vertex -49 2.62374 25.0656
      vertex -49 39.4631 35.963
      vertex -49 42.7278 33.5899
    endloop
  endfacet
  facet normal -1 0 0
    outer loop
      vertex -49 39.4631 35.963
      vertex -49 2.62374 25.0656
      vertex -49 2 28
    endloop
  endfacet
  facet normal -1 0 0
    outer loop
      vertex -49 35.4711 54.7435
      vertex -49 42.1041 36.5244
      vertex -49 39.4631 35.963
    endloop
  endfacet
  facet normal -1 0 0
    outer loop
      vertex -49 42.1041 36.5244
      vertex -49 38.4056 55.3672
      vertex -49 42.3975 36.5868
    endloop
  endfacet
  facet normal -1 0 0
    outer loop
      vertex -49 42.1041 36.5244
      vertex -49 35.4711 54.7435
      vertex -49 38.4056 55.3672
    endloop
  endfacet
  facet normal 0 0.978151 0.207897
    outer loop
      vertex 49 42.7278 33.5899
      vertex -49 42.1041 36.5244
      vertex 49 42.1041 36.5244
    endloop
  endfacet
  facet normal 0 0.978151 0.207897
    outer loop
      vertex -49 42.1041 36.5244
      vertex 49 42.7278 33.5899
      vertex -49 42.7278 33.5899
    endloop
  endfacet
  facet normal 0 -0.978147 -0.207916
    outer loop
      vertex -49 2.62374 25.0656
      vertex 49 2 28
      vertex -49 2 28
    endloop
  endfacet
  facet normal 0 -0.978147 -0.207916
    outer loop
      vertex 49 2 28
      vertex -49 2.62374 25.0656
      vertex 49 2.62374 25.0656
    endloop
  endfacet
  facet normal 0 -0.207897 0.978151
    outer loop
      vertex -49 38.4056 55.3672
      vertex 49 35.4711 54.7435
      vertex 49 38.4056 55.3672
    endloop
  endfacet
  facet normal 0 -0.207897 0.978151
    outer loop
      vertex 49 35.4711 54.7435
      vertex -49 38.4056 55.3672
      vertex -49 35.4711 54.7435
    endloop
  endfacet
  facet normal 0 0.978148 0.207912
    outer loop
      vertex 49 42.3975 36.5868
      vertex -49 38.4056 55.3672
      vertex 49 38.4056 55.3672
    endloop
  endfacet
  facet normal 0 0.978148 0.207912
    outer loop
      vertex -49 38.4056 55.3672
      vertex 49 42.3975 36.5868
      vertex -49 42.3975 36.5868
    endloop
  endfacet
  facet normal 0 -0.978147 -0.207916
    outer loop
      vertex -49 39.4631 35.963
      vertex 49 35.4711 54.7435
      vertex -49 35.4711 54.7435
    endloop
  endfacet
  facet normal 0 -0.978147 -0.207916
    outer loop
      vertex 49 35.4711 54.7435
      vertex -49 39.4631 35.963
      vertex 49 39.4631 35.963
    endloop
  endfacet
  facet normal 1 0 0
    outer loop
      vertex 49 1.48022 30.4454
      vertex 49 0.0437048 27.5842
      vertex 49 2 28
    endloop
  endfacet
  facet normal 1 0 -0
    outer loop
      vertex 49 0.0437048 27.5842
      vertex 49 1.48022 30.4454
      vertex 49 -0.476074 30.0295
    endloop
  endfacet
  facet normal 0 -0.207948 0.97814
    outer loop
      vertex -49 1.48022 30.4454
      vertex 49 -0.476074 30.0295
      vertex 49 1.48022 30.4454
    endloop
  endfacet
  facet normal 0 -0.207948 0.97814
    outer loop
      vertex 49 -0.476074 30.0295
      vertex -49 1.48022 30.4454
      vertex -49 -0.476074 30.0295
    endloop
  endfacet
  facet normal 0 0.207901 -0.97815
    outer loop
      vertex -49 0.0437048 27.5842
      vertex 49 2 28
      vertex 49 0.0437048 27.5842
    endloop
  endfacet
  facet normal 0 0.207901 -0.97815
    outer loop
      vertex 49 2 28
      vertex -49 0.0437048 27.5842
      vertex -49 2 28
    endloop
  endfacet
  facet normal -1 0 0
    outer loop
      vertex -49 0.0437048 27.5842
      vertex -49 1.48022 30.4454
      vertex -49 2 28
    endloop
  endfacet
  facet normal -1 0 0
    outer loop
      vertex -49 1.48022 30.4454
      vertex -49 0.0437048 27.5842
      vertex -49 -0.476074 30.0295
    endloop
  endfacet
  facet normal 0 0.978148 0.207909
    outer loop
      vertex 49 2 28
      vertex -49 1.48022 30.4454
      vertex 49 1.48022 30.4454
    endloop
  endfacet
  facet normal 0 0.978148 0.207909
    outer loop
      vertex -49 1.48022 30.4454
      vertex 49 2 28
      vertex -49 2 28
    endloop
  endfacet
  facet normal 0 -0.978146 -0.207917
    outer loop
      vertex -49 0.0437048 27.5842
      vertex 49 -0.476074 30.0295
      vertex -49 -0.476074 30.0295
    endloop
  endfacet
  facet normal 0 -0.978146 -0.207917
    outer loop
      vertex 49 -0.476074 30.0295
      vertex -49 0.0437048 27.5842
      vertex 49 0.0437048 27.5842
    endloop
  endfacet
  facet normal 0 -0.981575 0.191079
    outer loop
      vertex -27 0 4
      vertex -21 4.16451 25.3931
      vertex -27 4.16451 25.3931
    endloop
  endfacet
  facet normal 0 -0.981575 0.191079
    outer loop
      vertex -21 4.16451 25.3931
      vertex -27 0 4
      vertex -21 0 4
    endloop
  endfacet
  facet normal 0 -1 0
    outer loop
      vertex -30 0 0
      vertex -27 0 4
      vertex -30 0 4
    endloop
  endfacet
  facet normal 0 -1 -0
    outer loop
      vertex -27 0 4
      vertex -30 0 0
      vertex -21 0 4
    endloop
  endfacet
  facet normal 0 -1 -0
    outer loop
      vertex -21 0 4
      vertex -30 0 0
      vertex 21 0 4
    endloop
  endfacet
  facet normal 0 -1 0
    outer loop
      vertex 30 0 0
      vertex 21 0 4
      vertex -30 0 0
    endloop
  endfacet
  facet normal 0 -1 0
    outer loop
      vertex 21 0 4
      vertex 30 0 0
      vertex 27 0 4
    endloop
  endfacet
  facet normal 0 -1 0
    outer loop
      vertex 27 0 4
      vertex 30 0 0
      vertex 30 0 4
    endloop
  endfacet
  facet normal 0 0.806798 -0.590827
    outer loop
      vertex -21 14 0
      vertex -27 37.837 32.5504
      vertex -21 37.837 32.5504
    endloop
  endfacet
  facet normal 0 0.806798 -0.590827
    outer loop
      vertex -27 37.837 32.5504
      vertex -21 14 0
      vertex -27 14 0
    endloop
  endfacet
  facet normal 1 0 0
    outer loop
      vertex -21 37.837 32.5504
      vertex -21 7.97898 9.99
      vertex -21 14 4
    endloop
  endfacet
  facet normal 1 -0 0
    outer loop
      vertex -21 4.16451 25.3931
      vertex -21 7.97898 9.99
      vertex -21 37.837 32.5504
    endloop
  endfacet
  facet normal 1 0 0
    outer loop
      vertex -21 7.97898 9.99
      vertex -21 4.16451 25.3931
      vertex -21 6.02102 9.99
    endloop
  endfacet
  facet normal 1 0 0
    outer loop
      vertex -21 0 4
      vertex -21 6.02102 9.99
      vertex -21 4.16451 25.3931
    endloop
  endfacet
  facet normal 1 0 0
    outer loop
      vertex -21 6.02102 9.99
      vertex -21 0 4
      vertex -21 6.02102 4
    endloop
  endfacet
  facet normal 1 0 0
    outer loop
      vertex -21 37.837 32.5504
      vertex -21 14 4
      vertex -21 14 0
    endloop
  endfacet
  facet normal 1 0 0
    outer loop
      vertex -21 14 4
      vertex -21 7.97898 9.99
      vertex -21 7.97898 4
    endloop
  endfacet
  facet normal 0 0 -1
    outer loop
      vertex 30 0 0
      vertex 27 14 0
      vertex 30 14 0
    endloop
  endfacet
  facet normal 0 0 -1
    outer loop
      vertex 30 0 0
      vertex 21.4 7 0
      vertex 27 14 0
    endloop
  endfacet
  facet normal 0 0 -1
    outer loop
      vertex 30 0 0
      vertex 21.3947 6.87798 0
      vertex 21.4 7 0
    endloop
  endfacet
  facet normal 0 0 -1
    outer loop
      vertex 30 0 0
      vertex 21.3787 6.75689 0
      vertex 21.3947 6.87798 0
    endloop
  endfacet
  facet normal 0 0 -1
    outer loop
      vertex 30 0 0
      vertex 21.3523 6.63765 0
      vertex 21.3787 6.75689 0
    endloop
  endfacet
  facet normal 0 0 -1
    outer loop
      vertex 30 0 0
      vertex 21.3156 6.52117 0
      vertex 21.3523 6.63765 0
    endloop
  endfacet
  facet normal 0 0 -1
    outer loop
      vertex 30 0 0
      vertex 21.2688 6.40833 0
      vertex 21.3156 6.52117 0
    endloop
  endfacet
  facet normal 0 0 -1
    outer loop
      vertex 30 0 0
      vertex 21.2124 6.3 0
      vertex 21.2688 6.40833 0
    endloop
  endfacet
  facet normal 0 0 -1
    outer loop
      vertex 30 0 0
      vertex 21.1468 6.19699 0
      vertex 21.2124 6.3 0
    endloop
  endfacet
  facet normal 0 0 -1
    outer loop
      vertex 30 0 0
      vertex 21.0725 6.1001 0
      vertex 21.1468 6.19699 0
    endloop
  endfacet
  facet normal 0 0 -1
    outer loop
      vertex 30 0 0
      vertex 20.9899 6.01005 0
      vertex 21.0725 6.1001 0
    endloop
  endfacet
  facet normal 0 0 -1
    outer loop
      vertex 30 0 0
      vertex 20.8999 5.92754 0
      vertex 20.9899 6.01005 0
    endloop
  endfacet
  facet normal 0 0 -1
    outer loop
      vertex 30 0 0
      vertex 20.803 5.85319 0
      vertex 20.8999 5.92754 0
    endloop
  endfacet
  facet normal 0 0 -1
    outer loop
      vertex 30 0 0
      vertex 20.7 5.78756 0
      vertex 20.803 5.85319 0
    endloop
  endfacet
  facet normal 0 0 -1
    outer loop
      vertex 30 0 0
      vertex 20.5917 5.73117 0
      vertex 20.7 5.78756 0
    endloop
  endfacet
  facet normal 0 0 -1
    outer loop
      vertex 30 0 0
      vertex 20.4788 5.68443 0
      vertex 20.5917 5.73117 0
    endloop
  endfacet
  facet normal 0 0 -1
    outer loop
      vertex 30 0 0
      vertex 20.3623 5.6477 0
      vertex 20.4788 5.68443 0
    endloop
  endfacet
  facet normal 0 0 -1
    outer loop
      vertex 30 0 0
      vertex 20.2431 5.62127 0
      vertex 20.3623 5.6477 0
    endloop
  endfacet
  facet normal 0 0 -1
    outer loop
      vertex 30 0 0
      vertex 20.122 5.60533 0
      vertex 20.2431 5.62127 0
    endloop
  endfacet
  facet normal 0 0 -1
    outer loop
      vertex 30 0 0
      vertex 20 5.6 0
      vertex 20.122 5.60533 0
    endloop
  endfacet
  facet normal 0 0 -1
    outer loop
      vertex 30 0 0
      vertex 19.878 5.60533 0
      vertex 20 5.6 0
    endloop
  endfacet
  facet normal 0 0 -1
    outer loop
      vertex 30 0 0
      vertex 19.7569 5.62127 0
      vertex 19.878 5.60533 0
    endloop
  endfacet
  facet normal 0 0 -1
    outer loop
      vertex 30 0 0
      vertex 19.6377 5.6477 0
      vertex 19.7569 5.62127 0
    endloop
  endfacet
  facet normal 0 0 -1
    outer loop
      vertex 30 0 0
      vertex 19.5212 5.68443 0
      vertex 19.6377 5.6477 0
    endloop
  endfacet
  facet normal 0 0 -1
    outer loop
      vertex -19.5212 5.68443 0
      vertex 19.5212 5.68443 0
      vertex 30 0 0
    endloop
  endfacet
  facet normal 0 0 -1
    outer loop
      vertex 19.5212 5.68443 0
      vertex -19.5212 5.68443 0
      vertex 19.4083 5.73117 0
    endloop
  endfacet
  facet normal 0 0 -1
    outer loop
      vertex 18.6053 6.87798 0
      vertex -18.6 7 0
      vertex 18.6 7 0
    endloop
  endfacet
  facet normal 0 0 -1
    outer loop
      vertex -18.6053 6.87798 0
      vertex 18.6053 6.87798 0
      vertex 18.6213 6.75689 0
    endloop
  endfacet
  facet normal 0 0 -1
    outer loop
      vertex -18.6213 6.75689 0
      vertex 18.6213 6.75689 0
      vertex 18.6477 6.63765 0
    endloop
  endfacet
  facet normal 0 0 -1
    outer loop
      vertex -18.6477 6.63765 0
      vertex 18.6477 6.63765 0
      vertex 18.6844 6.52117 0
    endloop
  endfacet
  facet normal 0 0 -1
    outer loop
      vertex -18.6844 6.52117 0
      vertex 18.6844 6.52117 0
      vertex 18.7312 6.40833 0
    endloop
  endfacet
  facet normal 0 0 -1
    outer loop
      vertex -18.7312 6.40833 0
      vertex 18.7312 6.40833 0
      vertex 18.7876 6.3 0
    endloop
  endfacet
  facet normal 0 0 -1
    outer loop
      vertex -18.7876 6.3 0
      vertex 18.7876 6.3 0
      vertex 18.8532 6.19699 0
    endloop
  endfacet
  facet normal 0 0 -1
    outer loop
      vertex -18.8532 6.19699 0
      vertex 18.8532 6.19699 0
      vertex 18.9275 6.1001 0
    endloop
  endfacet
  facet normal 0 0 -1
    outer loop
      vertex -18.9275 6.1001 0
      vertex 18.9275 6.1001 0
      vertex 19.01 6.01005 0
    endloop
  endfacet
  facet normal 0 0 -1
    outer loop
      vertex -19.01 6.01005 0
      vertex 19.01 6.01005 0
      vertex 19.1001 5.92754 0
    endloop
  endfacet
  facet normal 0 0 -1
    outer loop
      vertex -19.1001 5.92754 0
      vertex 19.1001 5.92754 0
      vertex 19.197 5.85319 0
    endloop
  endfacet
  facet normal 0 0 -1
    outer loop
      vertex -19.197 5.85319 0
      vertex 19.197 5.85319 0
      vertex 19.3 5.78756 0
    endloop
  endfacet
  facet normal 0 0 -1
    outer loop
      vertex 19.4083 5.73117 0
      vertex -19.4083 5.73117 0
      vertex 19.3 5.78756 0
    endloop
  endfacet
  facet normal 0 0 -1
    outer loop
      vertex 18.6053 6.87798 0
      vertex -18.6053 6.87798 0
      vertex -18.6 7 0
    endloop
  endfacet
  facet normal 0 0 -1
    outer loop
      vertex 18.6213 6.75689 0
      vertex -18.6213 6.75689 0
      vertex -18.6053 6.87798 0
    endloop
  endfacet
  facet normal 0 0 -1
    outer loop
      vertex 18.6477 6.63765 0
      vertex -18.6477 6.63765 0
      vertex -18.6213 6.75689 0
    endloop
  endfacet
  facet normal 0 0 -1
    outer loop
      vertex 18.6844 6.52117 0
      vertex -18.6844 6.52117 0
      vertex -18.6477 6.63765 0
    endloop
  endfacet
  facet normal 0 0 -1
    outer loop
      vertex 18.7312 6.40833 0
      vertex -18.7312 6.40833 0
      vertex -18.6844 6.52117 0
    endloop
  endfacet
  facet normal 0 0 -1
    outer loop
      vertex 18.7876 6.3 0
      vertex -18.7876 6.3 0
      vertex -18.7312 6.40833 0
    endloop
  endfacet
  facet normal 0 0 -1
    outer loop
      vertex 18.8532 6.19699 0
      vertex -18.8532 6.19699 0
      vertex -18.7876 6.3 0
    endloop
  endfacet
  facet normal 0 0 -1
    outer loop
      vertex 18.9275 6.1001 0
      vertex -18.9275 6.1001 0
      vertex -18.8532 6.19699 0
    endloop
  endfacet
  facet normal 0 0 -1
    outer loop
      vertex 19.01 6.01005 0
      vertex -19.01 6.01005 0
      vertex -18.9275 6.1001 0
    endloop
  endfacet
  facet normal 0 0 -1
    outer loop
      vertex 19.1001 5.92754 0
      vertex -19.1001 5.92754 0
      vertex -19.01 6.01005 0
    endloop
  endfacet
  facet normal 0 0 -1
    outer loop
      vertex 19.197 5.85319 0
      vertex -19.197 5.85319 0
      vertex -19.1001 5.92754 0
    endloop
  endfacet
  facet normal 0 0 -1
    outer loop
      vertex 19.3 5.78756 0
      vertex -19.3 5.78756 0
      vertex -19.197 5.85319 0
    endloop
  endfacet
  facet normal -0 0 -1
    outer loop
      vertex 19.3 5.78756 0
      vertex -19.4083 5.73117 0
      vertex -19.3 5.78756 0
    endloop
  endfacet
  facet normal -0 0 -1
    outer loop
      vertex 19.4083 5.73117 0
      vertex -19.5212 5.68443 0
      vertex -19.4083 5.73117 0
    endloop
  endfacet
  facet normal 0 0 -1
    outer loop
      vertex -30 0 0
      vertex -19.5212 5.68443 0
      vertex 30 0 0
    endloop
  endfacet
  facet normal 0 0 -1
    outer loop
      vertex -19.5212 5.68443 0
      vertex -30 0 0
      vertex -19.6377 5.6477 0
    endloop
  endfacet
  facet normal 0 0 -1
    outer loop
      vertex -19.6377 5.6477 0
      vertex -30 0 0
      vertex -19.7569 5.62127 0
    endloop
  endfacet
  facet normal 0 0 -1
    outer loop
      vertex -19.7569 5.62127 0
      vertex -30 0 0
      vertex -19.878 5.60533 0
    endloop
  endfacet
  facet normal 0 0 -1
    outer loop
      vertex -19.878 5.60533 0
      vertex -30 0 0
      vertex -20 5.6 0
    endloop
  endfacet
  facet normal 0 0 -1
    outer loop
      vertex -30 0 0
      vertex -21.4 7 0
      vertex -21.3947 6.87798 0
    endloop
  endfacet
  facet normal 0 0 -1
    outer loop
      vertex -30 0 0
      vertex -21.3947 6.87798 0
      vertex -21.3787 6.75689 0
    endloop
  endfacet
  facet normal 0 0 -1
    outer loop
      vertex -30 0 0
      vertex -21.3787 6.75689 0
      vertex -21.3523 6.63765 0
    endloop
  endfacet
  facet normal 0 0 -1
    outer loop
      vertex -30 0 0
      vertex -21.3523 6.63765 0
      vertex -21.3156 6.52117 0
    endloop
  endfacet
  facet normal 0 0 -1
    outer loop
      vertex -30 0 0
      vertex -21.3156 6.52117 0
      vertex -21.2688 6.40833 0
    endloop
  endfacet
  facet normal 0 0 -1
    outer loop
      vertex -30 0 0
      vertex -21.2688 6.40833 0
      vertex -21.2124 6.3 0
    endloop
  endfacet
  facet normal 0 0 -1
    outer loop
      vertex -30 0 0
      vertex -21.2124 6.3 0
      vertex -21.1468 6.19699 0
    endloop
  endfacet
  facet normal -0 0 -1
    outer loop
      vertex -20 5.6 0
      vertex -30 0 0
      vertex -20.122 5.60533 0
    endloop
  endfacet
  facet normal 0 0 -1
    outer loop
      vertex -30 0 0
      vertex -20.2431 5.62127 0
      vertex -20.122 5.60533 0
    endloop
  endfacet
  facet normal 0 0 -1
    outer loop
      vertex -30 0 0
      vertex -20.3623 5.6477 0
      vertex -20.2431 5.62127 0
    endloop
  endfacet
  facet normal 0 0 -1
    outer loop
      vertex -30 0 0
      vertex -20.4788 5.68443 0
      vertex -20.3623 5.6477 0
    endloop
  endfacet
  facet normal 0 0 -1
    outer loop
      vertex -30 0 0
      vertex -20.5917 5.73117 0
      vertex -20.4788 5.68443 0
    endloop
  endfacet
  facet normal 0 0 -1
    outer loop
      vertex -30 0 0
      vertex -20.7 5.78756 0
      vertex -20.5917 5.73117 0
    endloop
  endfacet
  facet normal 0 0 -1
    outer loop
      vertex -30 0 0
      vertex -20.803 5.85319 0
      vertex -20.7 5.78756 0
    endloop
  endfacet
  facet normal 0 0 -1
    outer loop
      vertex -30 0 0
      vertex -20.8999 5.92754 0
      vertex -20.803 5.85319 0
    endloop
  endfacet
  facet normal 0 0 -1
    outer loop
      vertex -30 0 0
      vertex -20.9899 6.01005 0
      vertex -20.8999 5.92754 0
    endloop
  endfacet
  facet normal 0 0 -1
    outer loop
      vertex -30 0 0
      vertex -21.0725 6.1001 0
      vertex -20.9899 6.01005 0
    endloop
  endfacet
  facet normal 0 0 -1
    outer loop
      vertex -30 0 0
      vertex -21.1468 6.19699 0
      vertex -21.0725 6.1001 0
    endloop
  endfacet
  facet normal -0 0 -1
    outer loop
      vertex -21.4 7 0
      vertex -30 0 0
      vertex -27 14 0
    endloop
  endfacet
  facet normal -0 0 -1
    outer loop
      vertex -27 14 0
      vertex -30 0 0
      vertex -30 14 0
    endloop
  endfacet
  facet normal 0 0 -1
    outer loop
      vertex 21.3947 7.12202 0
      vertex 27 14 0
      vertex 21.4 7 0
    endloop
  endfacet
  facet normal 0 0 -1
    outer loop
      vertex 21.3787 7.24311 0
      vertex 27 14 0
      vertex 21.3947 7.12202 0
    endloop
  endfacet
  facet normal 0 0 -1
    outer loop
      vertex 21.3523 7.36235 0
      vertex 27 14 0
      vertex 21.3787 7.24311 0
    endloop
  endfacet
  facet normal 0 0 -1
    outer loop
      vertex 21.3156 7.47883 0
      vertex 27 14 0
      vertex 21.3523 7.36235 0
    endloop
  endfacet
  facet normal 0 0 -1
    outer loop
      vertex 21.2688 7.59167 0
      vertex 27 14 0
      vertex 21.3156 7.47883 0
    endloop
  endfacet
  facet normal 0 0 -1
    outer loop
      vertex 21.2124 7.7 0
      vertex 27 14 0
      vertex 21.2688 7.59167 0
    endloop
  endfacet
  facet normal 0 0 -1
    outer loop
      vertex 21.1468 7.80301 0
      vertex 27 14 0
      vertex 21.2124 7.7 0
    endloop
  endfacet
  facet normal 0 0 -1
    outer loop
      vertex 21.0725 7.8999 0
      vertex 27 14 0
      vertex 21.1468 7.80301 0
    endloop
  endfacet
  facet normal 0 0 -1
    outer loop
      vertex 20.9899 7.98995 0
      vertex 27 14 0
      vertex 21.0725 7.8999 0
    endloop
  endfacet
  facet normal -0 0 -1
    outer loop
      vertex 27 14 0
      vertex 20.9899 7.98995 0
      vertex 21 14 0
    endloop
  endfacet
  facet normal 0 0 -1
    outer loop
      vertex 20.8999 8.07246 0
      vertex 21 14 0
      vertex 20.9899 7.98995 0
    endloop
  endfacet
  facet normal 0 0 -1
    outer loop
      vertex 20.803 8.14681 0
      vertex 21 14 0
      vertex 20.8999 8.07246 0
    endloop
  endfacet
  facet normal 0 0 -1
    outer loop
      vertex 20.7 8.21243 0
      vertex 21 14 0
      vertex 20.803 8.14681 0
    endloop
  endfacet
  facet normal 0 0 -1
    outer loop
      vertex 20.5917 8.26883 0
      vertex 21 14 0
      vertex 20.7 8.21243 0
    endloop
  endfacet
  facet normal 0 0 -1
    outer loop
      vertex 20.4788 8.31557 0
      vertex 21 14 0
      vertex 20.5917 8.26883 0
    endloop
  endfacet
  facet normal 0 0 -1
    outer loop
      vertex 20.3623 8.3523 0
      vertex 21 14 0
      vertex 20.4788 8.31557 0
    endloop
  endfacet
  facet normal 0 0 -1
    outer loop
      vertex 20.2431 8.37873 0
      vertex 21 14 0
      vertex 20.3623 8.3523 0
    endloop
  endfacet
  facet normal 0 0 -1
    outer loop
      vertex 20.122 8.39467 0
      vertex 21 14 0
      vertex 20.2431 8.37873 0
    endloop
  endfacet
  facet normal 0 0 -1
    outer loop
      vertex 20 8.4 0
      vertex 21 14 0
      vertex 20.122 8.39467 0
    endloop
  endfacet
  facet normal 0 0 -1
    outer loop
      vertex 19.878 8.39467 0
      vertex 21 14 0
      vertex 20 8.4 0
    endloop
  endfacet
  facet normal 0 0 -1
    outer loop
      vertex 19.7569 8.37873 0
      vertex 21 14 0
      vertex 19.878 8.39467 0
    endloop
  endfacet
  facet normal 0 0 -1
    outer loop
      vertex 19.6377 8.3523 0
      vertex 21 14 0
      vertex 19.7569 8.37873 0
    endloop
  endfacet
  facet normal 0 0 -1
    outer loop
      vertex 19.5212 8.31557 0
      vertex 21 14 0
      vertex 19.6377 8.3523 0
    endloop
  endfacet
  facet normal 0 0 -1
    outer loop
      vertex 19.4083 8.26883 0
      vertex 21 14 0
      vertex 19.5212 8.31557 0
    endloop
  endfacet
  facet normal 0 0 -1
    outer loop
      vertex 19.3 8.21243 0
      vertex 21 14 0
      vertex 19.4083 8.26883 0
    endloop
  endfacet
  facet normal 0 0 -1
    outer loop
      vertex 19.197 8.14681 0
      vertex 21 14 0
      vertex 19.3 8.21243 0
    endloop
  endfacet
  facet normal 0 0 -1
    outer loop
      vertex 19.1001 8.07246 0
      vertex 21 14 0
      vertex 19.197 8.14681 0
    endloop
  endfacet
  facet normal 0 0 -1
    outer loop
      vertex 19.01 7.98995 0
      vertex 21 14 0
      vertex 19.1001 8.07246 0
    endloop
  endfacet
  facet normal 0 0 -1
    outer loop
      vertex 18.9275 7.8999 0
      vertex 21 14 0
      vertex 19.01 7.98995 0
    endloop
  endfacet
  facet normal 0 0 -1
    outer loop
      vertex 18.8532 7.80301 0
      vertex 21 14 0
      vertex 18.9275 7.8999 0
    endloop
  endfacet
  facet normal 0 0 -1
    outer loop
      vertex 18.7876 7.7 0
      vertex 21 14 0
      vertex 18.8532 7.80301 0
    endloop
  endfacet
  facet normal 0 0 -1
    outer loop
      vertex -18.7876 7.7 0
      vertex 18.7876 7.7 0
      vertex 18.7312 7.59167 0
    endloop
  endfacet
  facet normal 0 0 -1
    outer loop
      vertex -18.7312 7.59167 0
      vertex 18.7312 7.59167 0
      vertex 18.6844 7.47883 0
    endloop
  endfacet
  facet normal 0 0 -1
    outer loop
      vertex -18.6 7 0
      vertex 18.6053 7.12202 0
      vertex 18.6 7 0
    endloop
  endfacet
  facet normal 0 0 -1
    outer loop
      vertex -18.6053 7.12202 0
      vertex 18.6053 7.12202 0
      vertex -18.6 7 0
    endloop
  endfacet
  facet normal 0 0 -1
    outer loop
      vertex 18.6053 7.12202 0
      vertex -18.6053 7.12202 0
      vertex 18.6213 7.24311 0
    endloop
  endfacet
  facet normal 0 0 -1
    outer loop
      vertex -18.6213 7.24311 0
      vertex 18.6213 7.24311 0
      vertex -18.6053 7.12202 0
    endloop
  endfacet
  facet normal 0 0 -1
    outer loop
      vertex 18.6213 7.24311 0
      vertex -18.6213 7.24311 0
      vertex 18.6477 7.36235 0
    endloop
  endfacet
  facet normal 0 0 -1
    outer loop
      vertex -18.6477 7.36235 0
      vertex 18.6477 7.36235 0
      vertex -18.6213 7.24311 0
    endloop
  endfacet
  facet normal 0 0 -1
    outer loop
      vertex 18.6477 7.36235 0
      vertex -18.6477 7.36235 0
      vertex 18.6844 7.47883 0
    endloop
  endfacet
  facet normal 0 0 -1
    outer loop
      vertex -18.6844 7.47883 0
      vertex 18.6844 7.47883 0
      vertex -18.6477 7.36235 0
    endloop
  endfacet
  facet normal 0 0 -1
    outer loop
      vertex -18.7312 7.59167 0
      vertex 18.6844 7.47883 0
      vertex -18.6844 7.47883 0
    endloop
  endfacet
  facet normal 0 0 -1
    outer loop
      vertex 18.7312 7.59167 0
      vertex -18.7312 7.59167 0
      vertex -18.7876 7.7 0
    endloop
  endfacet
  facet normal 0 0 -1
    outer loop
      vertex 18.7876 7.7 0
      vertex -18.7876 7.7 0
      vertex 21 14 0
    endloop
  endfacet
  facet normal 0 0 -1
    outer loop
      vertex -21 14 0
      vertex -18.7876 7.7 0
      vertex -18.8532 7.80301 0
    endloop
  endfacet
  facet normal 0 0 -1
    outer loop
      vertex -21 14 0
      vertex -18.8532 7.80301 0
      vertex -18.9275 7.8999 0
    endloop
  endfacet
  facet normal 0 0 -1
    outer loop
      vertex -21 14 0
      vertex -18.9275 7.8999 0
      vertex -19.01 7.98995 0
    endloop
  endfacet
  facet normal 0 0 -1
    outer loop
      vertex -21 14 0
      vertex -19.01 7.98995 0
      vertex -19.1001 8.07246 0
    endloop
  endfacet
  facet normal 0 0 -1
    outer loop
      vertex -21 14 0
      vertex -19.1001 8.07246 0
      vertex -19.197 8.14681 0
    endloop
  endfacet
  facet normal 0 0 -1
    outer loop
      vertex -21 14 0
      vertex -19.197 8.14681 0
      vertex -19.3 8.21243 0
    endloop
  endfacet
  facet normal 0 0 -1
    outer loop
      vertex -21 14 0
      vertex -19.3 8.21243 0
      vertex -19.4083 8.26883 0
    endloop
  endfacet
  facet normal 0 0 -1
    outer loop
      vertex -21 14 0
      vertex -19.4083 8.26883 0
      vertex -19.5212 8.31557 0
    endloop
  endfacet
  facet normal 0 0 -1
    outer loop
      vertex -21 14 0
      vertex -19.5212 8.31557 0
      vertex -19.6377 8.3523 0
    endloop
  endfacet
  facet normal 0 0 -1
    outer loop
      vertex -21 14 0
      vertex -19.6377 8.3523 0
      vertex -19.7569 8.37873 0
    endloop
  endfacet
  facet normal 0 0 -1
    outer loop
      vertex -21 14 0
      vertex -19.7569 8.37873 0
      vertex -19.878 8.39467 0
    endloop
  endfacet
  facet normal 0 0 -1
    outer loop
      vertex -21 14 0
      vertex -19.878 8.39467 0
      vertex -20 8.4 0
    endloop
  endfacet
  facet normal 0 0 -1
    outer loop
      vertex -21 14 0
      vertex -20 8.4 0
      vertex -20.122 8.39467 0
    endloop
  endfacet
  facet normal 0 0 -1
    outer loop
      vertex -21 14 0
      vertex -20.122 8.39467 0
      vertex -20.2431 8.37873 0
    endloop
  endfacet
  facet normal 0 0 -1
    outer loop
      vertex -18.7876 7.7 0
      vertex -21 14 0
      vertex 21 14 0
    endloop
  endfacet
  facet normal 0 0 -1
    outer loop
      vertex -20.3623 8.3523 0
      vertex -21 14 0
      vertex -20.2431 8.37873 0
    endloop
  endfacet
  facet normal 0 0 -1
    outer loop
      vertex -20.4788 8.31557 0
      vertex -21 14 0
      vertex -20.3623 8.3523 0
    endloop
  endfacet
  facet normal 0 0 -1
    outer loop
      vertex -20.5917 8.26883 0
      vertex -21 14 0
      vertex -20.4788 8.31557 0
    endloop
  endfacet
  facet normal 0 0 -1
    outer loop
      vertex -20.7 8.21243 0
      vertex -21 14 0
      vertex -20.5917 8.26883 0
    endloop
  endfacet
  facet normal 0 0 -1
    outer loop
      vertex -20.803 8.14681 0
      vertex -21 14 0
      vertex -20.7 8.21243 0
    endloop
  endfacet
  facet normal 0 0 -1
    outer loop
      vertex -20.8999 8.07246 0
      vertex -21 14 0
      vertex -20.803 8.14681 0
    endloop
  endfacet
  facet normal 0 0 -1
    outer loop
      vertex -20.9899 7.98995 0
      vertex -21 14 0
      vertex -20.8999 8.07246 0
    endloop
  endfacet
  facet normal 0 0 -1
    outer loop
      vertex -27 14 0
      vertex -20.9899 7.98995 0
      vertex -21.0725 7.8999 0
    endloop
  endfacet
  facet normal 0 0 -1
    outer loop
      vertex -27 14 0
      vertex -21.0725 7.8999 0
      vertex -21.1468 7.80301 0
    endloop
  endfacet
  facet normal 0 0 -1
    outer loop
      vertex -27 14 0
      vertex -21.1468 7.80301 0
      vertex -21.2124 7.7 0
    endloop
  endfacet
  facet normal 0 0 -1
    outer loop
      vertex -27 14 0
      vertex -21.2124 7.7 0
      vertex -21.2688 7.59167 0
    endloop
  endfacet
  facet normal 0 0 -1
    outer loop
      vertex -27 14 0
      vertex -21.2688 7.59167 0
      vertex -21.3156 7.47883 0
    endloop
  endfacet
  facet normal 0 0 -1
    outer loop
      vertex -27 14 0
      vertex -21.3156 7.47883 0
      vertex -21.3523 7.36235 0
    endloop
  endfacet
  facet normal 0 0 -1
    outer loop
      vertex -27 14 0
      vertex -21.3523 7.36235 0
      vertex -21.3787 7.24311 0
    endloop
  endfacet
  facet normal 0 0 -1
    outer loop
      vertex -27 14 0
      vertex -21.3787 7.24311 0
      vertex -21.3947 7.12202 0
    endloop
  endfacet
  facet normal 0 0 -1
    outer loop
      vertex -20.9899 7.98995 0
      vertex -27 14 0
      vertex -21 14 0
    endloop
  endfacet
  facet normal 0 0 -1
    outer loop
      vertex -27 14 0
      vertex -21.3947 7.12202 0
      vertex -21.4 7 0
    endloop
  endfacet
  facet normal -1 0 0
    outer loop
      vertex -27 14 4
      vertex -27 37.837 32.5504
      vertex -27 14 0
    endloop
  endfacet
  facet normal -1 0 0
    outer loop
      vertex -27 14 4
      vertex -27 4.16451 25.3931
      vertex -27 37.837 32.5504
    endloop
  endfacet
  facet normal -1 0 -0
    outer loop
      vertex -27 4.16451 25.3931
      vertex -27 14 4
      vertex -27 0 4
    endloop
  endfacet
  facet normal 0 -0.981575 0.191079
    outer loop
      vertex 21 0 4
      vertex 27 4.16451 25.3931
      vertex 21 4.16451 25.3931
    endloop
  endfacet
  facet normal 0 -0.981575 0.191079
    outer loop
      vertex 27 4.16451 25.3931
      vertex 21 0 4
      vertex 27 0 4
    endloop
  endfacet
  facet normal 0 0.806798 -0.590827
    outer loop
      vertex 27 14 0
      vertex 21 37.837 32.5504
      vertex 27 37.837 32.5504
    endloop
  endfacet
  facet normal 0 0.806798 -0.590827
    outer loop
      vertex 21 37.837 32.5504
      vertex 27 14 0
      vertex 21 14 0
    endloop
  endfacet
  facet normal 1 -0 0
    outer loop
      vertex 27 4.16451 25.3931
      vertex 27 14 4
      vertex 27 37.837 32.5504
    endloop
  endfacet
  facet normal 1 0 0
    outer loop
      vertex 27 14 4
      vertex 27 4.16451 25.3931
      vertex 27 0 4
    endloop
  endfacet
  facet normal 1 0 0
    outer loop
      vertex 27 37.837 32.5504
      vertex 27 14 4
      vertex 27 14 0
    endloop
  endfacet
  facet normal -1 0 0
    outer loop
      vertex 21 0 4
      vertex 21 6.02102 9.99
      vertex 21 6.02102 4
    endloop
  endfacet
  facet normal -1 -0 0
    outer loop
      vertex 21 6.02102 9.99
      vertex 21 0 4
      vertex 21 4.16451 25.3931
    endloop
  endfacet
  facet normal -1 0 0
    outer loop
      vertex 21 14 4
      vertex 21 37.837 32.5504
      vertex 21 14 0
    endloop
  endfacet
  facet normal -1 0 0
    outer loop
      vertex 21 7.97898 9.99
      vertex 21 14 4
      vertex 21 7.97898 4
    endloop
  endfacet
  facet normal -1 0 0
    outer loop
      vertex 21 14 4
      vertex 21 7.97898 9.99
      vertex 21 37.837 32.5504
    endloop
  endfacet
  facet normal -1 0 0
    outer loop
      vertex 21 4.16451 25.3931
      vertex 21 7.97898 9.99
      vertex 21 6.02102 9.99
    endloop
  endfacet
  facet normal -1 0 0
    outer loop
      vertex 21 7.97898 9.99
      vertex 21 4.16451 25.3931
      vertex 21 37.837 32.5504
    endloop
  endfacet
  facet normal 1 -0 0
    outer loop
      vertex 30 0 4
      vertex 30 14 0
      vertex 30 14 4
    endloop
  endfacet
  facet normal 1 0 0
    outer loop
      vertex 30 14 0
      vertex 30 0 4
      vertex 30 0 0
    endloop
  endfacet
  facet normal -0 0 1
    outer loop
      vertex -30 14 4
      vertex -27 0 4
      vertex -27 14 4
    endloop
  endfacet
  facet normal 0 0 1
    outer loop
      vertex -27 0 4
      vertex -30 14 4
      vertex -30 0 4
    endloop
  endfacet
  facet normal 0 0 1
    outer loop
      vertex 21 14 4
      vertex 20.9899 7.98995 4
      vertex 21 7.97898 4
    endloop
  endfacet
  facet normal 0 0 1
    outer loop
      vertex 21 14 4
      vertex 20.8999 8.07246 4
      vertex 20.9899 7.98995 4
    endloop
  endfacet
  facet normal 0 0 1
    outer loop
      vertex 21 14 4
      vertex 20.803 8.14681 4
      vertex 20.8999 8.07246 4
    endloop
  endfacet
  facet normal 0 0 1
    outer loop
      vertex 21 14 4
      vertex 20.7 8.21243 4
      vertex 20.803 8.14681 4
    endloop
  endfacet
  facet normal 0 0 1
    outer loop
      vertex 21 14 4
      vertex 20.5917 8.26883 4
      vertex 20.7 8.21243 4
    endloop
  endfacet
  facet normal 0 0 1
    outer loop
      vertex 21 14 4
      vertex 20.4788 8.31557 4
      vertex 20.5917 8.26883 4
    endloop
  endfacet
  facet normal 0 0 1
    outer loop
      vertex 21 14 4
      vertex 20.3623 8.3523 4
      vertex 20.4788 8.31557 4
    endloop
  endfacet
  facet normal 0 0 1
    outer loop
      vertex 21 14 4
      vertex 20.2431 8.37873 4
      vertex 20.3623 8.3523 4
    endloop
  endfacet
  facet normal 0 0 1
    outer loop
      vertex 21 14 4
      vertex 20.122 8.39467 4
      vertex 20.2431 8.37873 4
    endloop
  endfacet
  facet normal 0 0 1
    outer loop
      vertex 21 14 4
      vertex 20 8.4 4
      vertex 20.122 8.39467 4
    endloop
  endfacet
  facet normal 0 0 1
    outer loop
      vertex 21 14 4
      vertex 19.878 8.39467 4
      vertex 20 8.4 4
    endloop
  endfacet
  facet normal 0 0 1
    outer loop
      vertex 21 14 4
      vertex 19.7569 8.37873 4
      vertex 19.878 8.39467 4
    endloop
  endfacet
  facet normal 0 0 1
    outer loop
      vertex 21 14 4
      vertex 19.6377 8.3523 4
      vertex 19.7569 8.37873 4
    endloop
  endfacet
  facet normal 0 0 1
    outer loop
      vertex 21 14 4
      vertex 19.5212 8.31557 4
      vertex 19.6377 8.3523 4
    endloop
  endfacet
  facet normal 0 0 1
    outer loop
      vertex 21 14 4
      vertex 19.4083 8.26883 4
      vertex 19.5212 8.31557 4
    endloop
  endfacet
  facet normal 0 0 1
    outer loop
      vertex 21 14 4
      vertex 19.3 8.21243 4
      vertex 19.4083 8.26883 4
    endloop
  endfacet
  facet normal 0 0 1
    outer loop
      vertex 21 14 4
      vertex 19.197 8.14681 4
      vertex 19.3 8.21243 4
    endloop
  endfacet
  facet normal 0 0 1
    outer loop
      vertex 21 14 4
      vertex 19.1001 8.07246 4
      vertex 19.197 8.14681 4
    endloop
  endfacet
  facet normal 0 0 1
    outer loop
      vertex 21 14 4
      vertex 19.01 7.98995 4
      vertex 19.1001 8.07246 4
    endloop
  endfacet
  facet normal 0 0 1
    outer loop
      vertex 21 14 4
      vertex 18.9275 7.8999 4
      vertex 19.01 7.98995 4
    endloop
  endfacet
  facet normal 0 0 1
    outer loop
      vertex 21 14 4
      vertex 18.8532 7.80301 4
      vertex 18.9275 7.8999 4
    endloop
  endfacet
  facet normal 0 0 1
    outer loop
      vertex 21 14 4
      vertex 18.7876 7.7 4
      vertex 18.8532 7.80301 4
    endloop
  endfacet
  facet normal 0 0 1
    outer loop
      vertex -18.7876 7.7 4
      vertex 18.7876 7.7 4
      vertex 21 14 4
    endloop
  endfacet
  facet normal 0 0 1
    outer loop
      vertex 18.7876 7.7 4
      vertex -18.7876 7.7 4
      vertex 18.7312 7.59167 4
    endloop
  endfacet
  facet normal 0 0 1
    outer loop
      vertex 18.6053 7.12202 4
      vertex -18.6 7 4
      vertex 18.6 7 4
    endloop
  endfacet
  facet normal 0 0 1
    outer loop
      vertex -18.6053 7.12202 4
      vertex 18.6053 7.12202 4
      vertex 18.6213 7.24311 4
    endloop
  endfacet
  facet normal 0 0 1
    outer loop
      vertex -18.6213 7.24311 4
      vertex 18.6213 7.24311 4
      vertex 18.6477 7.36235 4
    endloop
  endfacet
  facet normal 0 0 1
    outer loop
      vertex -18.6477 7.36235 4
      vertex 18.6477 7.36235 4
      vertex 18.6844 7.47883 4
    endloop
  endfacet
  facet normal 0 -0 1
    outer loop
      vertex -18.7312 7.59167 4
      vertex 18.7312 7.59167 4
      vertex -18.7876 7.7 4
    endloop
  endfacet
  facet normal 0 0 1
    outer loop
      vertex 18.6053 7.12202 4
      vertex -18.6053 7.12202 4
      vertex -18.6 7 4
    endloop
  endfacet
  facet normal 0 0 1
    outer loop
      vertex 18.6213 7.24311 4
      vertex -18.6213 7.24311 4
      vertex -18.6053 7.12202 4
    endloop
  endfacet
  facet normal 0 0 1
    outer loop
      vertex 18.6477 7.36235 4
      vertex -18.6477 7.36235 4
      vertex -18.6213 7.24311 4
    endloop
  endfacet
  facet normal 0 0 1
    outer loop
      vertex 18.6844 7.47883 4
      vertex -18.6844 7.47883 4
      vertex -18.6477 7.36235 4
    endloop
  endfacet
  facet normal 0 0 1
    outer loop
      vertex 18.6844 7.47883 4
      vertex -18.7312 7.59167 4
      vertex -18.6844 7.47883 4
    endloop
  endfacet
  facet normal 0 0 1
    outer loop
      vertex 18.7312 7.59167 4
      vertex -18.7312 7.59167 4
      vertex 18.6844 7.47883 4
    endloop
  endfacet
  facet normal -0 0 1
    outer loop
      vertex -21 14 4
      vertex -18.7876 7.7 4
      vertex 21 14 4
    endloop
  endfacet
  facet normal 0 0 1
    outer loop
      vertex -18.7876 7.7 4
      vertex -21 14 4
      vertex -18.8532 7.80301 4
    endloop
  endfacet
  facet normal 0 0 1
    outer loop
      vertex -18.8532 7.80301 4
      vertex -21 14 4
      vertex -18.9275 7.8999 4
    endloop
  endfacet
  facet normal 0 0 1
    outer loop
      vertex -18.9275 7.8999 4
      vertex -21 14 4
      vertex -19.01 7.98995 4
    endloop
  endfacet
  facet normal 0 0 1
    outer loop
      vertex -19.01 7.98995 4
      vertex -21 14 4
      vertex -19.1001 8.07246 4
    endloop
  endfacet
  facet normal 0 0 1
    outer loop
      vertex -19.1001 8.07246 4
      vertex -21 14 4
      vertex -19.197 8.14681 4
    endloop
  endfacet
  facet normal 0 0 1
    outer loop
      vertex -19.197 8.14681 4
      vertex -21 14 4
      vertex -19.3 8.21243 4
    endloop
  endfacet
  facet normal 0 0 1
    outer loop
      vertex -19.3 8.21243 4
      vertex -21 14 4
      vertex -19.4083 8.26883 4
    endloop
  endfacet
  facet normal 0 0 1
    outer loop
      vertex -19.4083 8.26883 4
      vertex -21 14 4
      vertex -19.5212 8.31557 4
    endloop
  endfacet
  facet normal 0 0 1
    outer loop
      vertex -19.5212 8.31557 4
      vertex -21 14 4
      vertex -19.6377 8.3523 4
    endloop
  endfacet
  facet normal 0 0 1
    outer loop
      vertex -19.6377 8.3523 4
      vertex -21 14 4
      vertex -19.7569 8.37873 4
    endloop
  endfacet
  facet normal 0 0 1
    outer loop
      vertex -19.7569 8.37873 4
      vertex -21 14 4
      vertex -19.878 8.39467 4
    endloop
  endfacet
  facet normal 0 0 1
    outer loop
      vertex -19.878 8.39467 4
      vertex -21 14 4
      vertex -20 8.4 4
    endloop
  endfacet
  facet normal 0 0 1
    outer loop
      vertex -20 8.4 4
      vertex -21 14 4
      vertex -20.122 8.39467 4
    endloop
  endfacet
  facet normal 0 0 1
    outer loop
      vertex -20.122 8.39467 4
      vertex -21 14 4
      vertex -20.2431 8.37873 4
    endloop
  endfacet
  facet normal 0 0 1
    outer loop
      vertex -21 14 4
      vertex -20.3623 8.3523 4
      vertex -20.2431 8.37873 4
    endloop
  endfacet
  facet normal 0 0 1
    outer loop
      vertex -21 14 4
      vertex -20.4788 8.31557 4
      vertex -20.3623 8.3523 4
    endloop
  endfacet
  facet normal 0 0 1
    outer loop
      vertex -21 14 4
      vertex -20.5917 8.26883 4
      vertex -20.4788 8.31557 4
    endloop
  endfacet
  facet normal 0 0 1
    outer loop
      vertex -21 14 4
      vertex -20.7 8.21243 4
      vertex -20.5917 8.26883 4
    endloop
  endfacet
  facet normal 0 0 1
    outer loop
      vertex -21 14 4
      vertex -20.803 8.14681 4
      vertex -20.7 8.21243 4
    endloop
  endfacet
  facet normal 0 0 1
    outer loop
      vertex -21 14 4
      vertex -20.8999 8.07246 4
      vertex -20.803 8.14681 4
    endloop
  endfacet
  facet normal 0 0 1
    outer loop
      vertex -21 14 4
      vertex -20.9899 7.98995 4
      vertex -20.8999 8.07246 4
    endloop
  endfacet
  facet normal 0 0 1
    outer loop
      vertex -20.9899 7.98995 4
      vertex -21 14 4
      vertex -21 7.97898 4
    endloop
  endfacet
  facet normal -0 0 1
    outer loop
      vertex 20.9899 6.01005 4
      vertex 21 0 4
      vertex 21 6.02102 4
    endloop
  endfacet
  facet normal -0 0 1
    outer loop
      vertex 20.8999 5.92754 4
      vertex 21 0 4
      vertex 20.9899 6.01005 4
    endloop
  endfacet
  facet normal -0 0 1
    outer loop
      vertex 20.803 5.85319 4
      vertex 21 0 4
      vertex 20.8999 5.92754 4
    endloop
  endfacet
  facet normal -0 0 1
    outer loop
      vertex 20.7 5.78756 4
      vertex 21 0 4
      vertex 20.803 5.85319 4
    endloop
  endfacet
  facet normal -0 0 1
    outer loop
      vertex 20.5917 5.73117 4
      vertex 21 0 4
      vertex 20.7 5.78756 4
    endloop
  endfacet
  facet normal -0 0 1
    outer loop
      vertex 20.4788 5.68443 4
      vertex 21 0 4
      vertex 20.5917 5.73117 4
    endloop
  endfacet
  facet normal -0 0 1
    outer loop
      vertex 20.3623 5.6477 4
      vertex 21 0 4
      vertex 20.4788 5.68443 4
    endloop
  endfacet
  facet normal -0 0 1
    outer loop
      vertex 20.2431 5.62127 4
      vertex 21 0 4
      vertex 20.3623 5.6477 4
    endloop
  endfacet
  facet normal -0 0 1
    outer loop
      vertex 20.122 5.60533 4
      vertex 21 0 4
      vertex 20.2431 5.62127 4
    endloop
  endfacet
  facet normal -0 0 1
    outer loop
      vertex 20 5.6 4
      vertex 21 0 4
      vertex 20.122 5.60533 4
    endloop
  endfacet
  facet normal 0 0 1
    outer loop
      vertex 19.878 5.60533 4
      vertex 21 0 4
      vertex 20 5.6 4
    endloop
  endfacet
  facet normal 0 0 1
    outer loop
      vertex 19.7569 5.62127 4
      vertex 21 0 4
      vertex 19.878 5.60533 4
    endloop
  endfacet
  facet normal 0 0 1
    outer loop
      vertex 19.6377 5.6477 4
      vertex 21 0 4
      vertex 19.7569 5.62127 4
    endloop
  endfacet
  facet normal 0 0 1
    outer loop
      vertex 19.5212 5.68443 4
      vertex 21 0 4
      vertex 19.6377 5.6477 4
    endloop
  endfacet
  facet normal 0 0 1
    outer loop
      vertex 19.4083 5.73117 4
      vertex 21 0 4
      vertex 19.5212 5.68443 4
    endloop
  endfacet
  facet normal 0 0 1
    outer loop
      vertex 19.3 5.78756 4
      vertex 21 0 4
      vertex 19.4083 5.73117 4
    endloop
  endfacet
  facet normal 0 0 1
    outer loop
      vertex 19.197 5.85319 4
      vertex 21 0 4
      vertex 19.3 5.78756 4
    endloop
  endfacet
  facet normal 0 0 1
    outer loop
      vertex 19.1001 5.92754 4
      vertex 21 0 4
      vertex 19.197 5.85319 4
    endloop
  endfacet
  facet normal 0 0 1
    outer loop
      vertex 19.01 6.01005 4
      vertex 21 0 4
      vertex 19.1001 5.92754 4
    endloop
  endfacet
  facet normal 0 0 1
    outer loop
      vertex 18.9275 6.1001 4
      vertex 21 0 4
      vertex 19.01 6.01005 4
    endloop
  endfacet
  facet normal 0 0 1
    outer loop
      vertex 18.8532 6.19699 4
      vertex 21 0 4
      vertex 18.9275 6.1001 4
    endloop
  endfacet
  facet normal 0 0 1
    outer loop
      vertex 18.7876 6.3 4
      vertex 21 0 4
      vertex 18.8532 6.19699 4
    endloop
  endfacet
  facet normal 0 0 1
    outer loop
      vertex -18.7876 6.3 4
      vertex 18.7876 6.3 4
      vertex 18.7312 6.40833 4
    endloop
  endfacet
  facet normal 0 0 1
    outer loop
      vertex -18.7312 6.40833 4
      vertex 18.7312 6.40833 4
      vertex 18.6844 6.52117 4
    endloop
  endfacet
  facet normal -0 0 1
    outer loop
      vertex -18.6 7 4
      vertex 18.6053 6.87798 4
      vertex 18.6 7 4
    endloop
  endfacet
  facet normal 0 0 1
    outer loop
      vertex -18.6053 6.87798 4
      vertex 18.6053 6.87798 4
      vertex -18.6 7 4
    endloop
  endfacet
  facet normal 0 0 1
    outer loop
      vertex 18.6053 6.87798 4
      vertex -18.6053 6.87798 4
      vertex 18.6213 6.75689 4
    endloop
  endfacet
  facet normal 0 0 1
    outer loop
      vertex -18.6213 6.75689 4
      vertex 18.6213 6.75689 4
      vertex -18.6053 6.87798 4
    endloop
  endfacet
  facet normal 0 0 1
    outer loop
      vertex 18.6213 6.75689 4
      vertex -18.6213 6.75689 4
      vertex 18.6477 6.63765 4
    endloop
  endfacet
  facet normal 0 0 1
    outer loop
      vertex -18.6477 6.63765 4
      vertex 18.6477 6.63765 4
      vertex -18.6213 6.75689 4
    endloop
  endfacet
  facet normal 0 0 1
    outer loop
      vertex 18.6477 6.63765 4
      vertex -18.6477 6.63765 4
      vertex 18.6844 6.52117 4
    endloop
  endfacet
  facet normal 0 0 1
    outer loop
      vertex -18.6844 6.52117 4
      vertex 18.6844 6.52117 4
      vertex -18.6477 6.63765 4
    endloop
  endfacet
  facet normal 0 0 1
    outer loop
      vertex -18.7312 6.40833 4
      vertex 18.6844 6.52117 4
      vertex -18.6844 6.52117 4
    endloop
  endfacet
  facet normal 0 0 1
    outer loop
      vertex 18.7312 6.40833 4
      vertex -18.7312 6.40833 4
      vertex -18.7876 6.3 4
    endloop
  endfacet
  facet normal 0 0 1
    outer loop
      vertex 18.7876 6.3 4
      vertex -18.7876 6.3 4
      vertex 21 0 4
    endloop
  endfacet
  facet normal 0 0 1
    outer loop
      vertex -21 0 4
      vertex -18.7876 6.3 4
      vertex -18.8532 6.19699 4
    endloop
  endfacet
  facet normal 0 0 1
    outer loop
      vertex -21 0 4
      vertex -18.8532 6.19699 4
      vertex -18.9275 6.1001 4
    endloop
  endfacet
  facet normal 0 0 1
    outer loop
      vertex -21 0 4
      vertex -18.9275 6.1001 4
      vertex -19.01 6.01005 4
    endloop
  endfacet
  facet normal 0 0 1
    outer loop
      vertex -21 0 4
      vertex -19.01 6.01005 4
      vertex -19.1001 5.92754 4
    endloop
  endfacet
  facet normal 0 0 1
    outer loop
      vertex -21 0 4
      vertex -19.1001 5.92754 4
      vertex -19.197 5.85319 4
    endloop
  endfacet
  facet normal 0 0 1
    outer loop
      vertex -21 0 4
      vertex -19.197 5.85319 4
      vertex -19.3 5.78756 4
    endloop
  endfacet
  facet normal 0 0 1
    outer loop
      vertex -21 0 4
      vertex -19.3 5.78756 4
      vertex -19.4083 5.73117 4
    endloop
  endfacet
  facet normal 0 0 1
    outer loop
      vertex -21 0 4
      vertex -19.4083 5.73117 4
      vertex -19.5212 5.68443 4
    endloop
  endfacet
  facet normal 0 0 1
    outer loop
      vertex -21 0 4
      vertex -19.5212 5.68443 4
      vertex -19.6377 5.6477 4
    endloop
  endfacet
  facet normal 0 0 1
    outer loop
      vertex -21 0 4
      vertex -19.6377 5.6477 4
      vertex -19.7569 5.62127 4
    endloop
  endfacet
  facet normal 0 0 1
    outer loop
      vertex -21 0 4
      vertex -19.7569 5.62127 4
      vertex -19.878 5.60533 4
    endloop
  endfacet
  facet normal 0 0 1
    outer loop
      vertex -21 0 4
      vertex -19.878 5.60533 4
      vertex -20 5.6 4
    endloop
  endfacet
  facet normal 0 0 1
    outer loop
      vertex -21 0 4
      vertex -20 5.6 4
      vertex -20.122 5.60533 4
    endloop
  endfacet
  facet normal 0 0 1
    outer loop
      vertex -21 0 4
      vertex -20.122 5.60533 4
      vertex -20.2431 5.62127 4
    endloop
  endfacet
  facet normal 0 0 1
    outer loop
      vertex -18.7876 6.3 4
      vertex -21 0 4
      vertex 21 0 4
    endloop
  endfacet
  facet normal 0 0 1
    outer loop
      vertex -20.3623 5.6477 4
      vertex -21 0 4
      vertex -20.2431 5.62127 4
    endloop
  endfacet
  facet normal 0 0 1
    outer loop
      vertex -20.4788 5.68443 4
      vertex -21 0 4
      vertex -20.3623 5.6477 4
    endloop
  endfacet
  facet normal 0 0 1
    outer loop
      vertex -20.5917 5.73117 4
      vertex -21 0 4
      vertex -20.4788 5.68443 4
    endloop
  endfacet
  facet normal 0 0 1
    outer loop
      vertex -20.7 5.78756 4
      vertex -21 0 4
      vertex -20.5917 5.73117 4
    endloop
  endfacet
  facet normal 0 0 1
    outer loop
      vertex -20.803 5.85319 4
      vertex -21 0 4
      vertex -20.7 5.78756 4
    endloop
  endfacet
  facet normal 0 0 1
    outer loop
      vertex -20.8999 5.92754 4
      vertex -21 0 4
      vertex -20.803 5.85319 4
    endloop
  endfacet
  facet normal 0 0 1
    outer loop
      vertex -20.9899 6.01005 4
      vertex -21 0 4
      vertex -20.8999 5.92754 4
    endloop
  endfacet
  facet normal 0 0 1
    outer loop
      vertex -21 0 4
      vertex -20.9899 6.01005 4
      vertex -21 6.02102 4
    endloop
  endfacet
  facet normal -0 0 1
    outer loop
      vertex 27 14 4
      vertex 30 0 4
      vertex 30 14 4
    endloop
  endfacet
  facet normal 0 0 1
    outer loop
      vertex 30 0 4
      vertex 27 14 4
      vertex 27 0 4
    endloop
  endfacet
  facet normal -1 0 0
    outer loop
      vertex -30 0 0
      vertex -30 14 4
      vertex -30 14 0
    endloop
  endfacet
  facet normal -1 -0 0
    outer loop
      vertex -30 14 4
      vertex -30 0 0
      vertex -30 0 4
    endloop
  endfacet
  facet normal 0 1 -0
    outer loop
      vertex 21 14 0
      vertex -21 14 4
      vertex 21 14 4
    endloop
  endfacet
  facet normal 0 1 0
    outer loop
      vertex -21 14 4
      vertex 21 14 0
      vertex -21 14 0
    endloop
  endfacet
  facet normal 0 1 -0
    outer loop
      vertex -27 14 0
      vertex -30 14 4
      vertex -27 14 4
    endloop
  endfacet
  facet normal 0 1 0
    outer loop
      vertex -30 14 4
      vertex -27 14 0
      vertex -30 14 0
    endloop
  endfacet
  facet normal 0 1 -0
    outer loop
      vertex 30 14 0
      vertex 27 14 4
      vertex 30 14 4
    endloop
  endfacet
  facet normal 0 1 0
    outer loop
      vertex 27 14 4
      vertex 30 14 0
      vertex 27 14 0
    endloop
  endfacet
  facet normal -0.991383 -0.130995 0
    outer loop
      vertex -18.6053 7.12202 0
      vertex -18.6213 7.24311 4
      vertex -18.6213 7.24311 0
    endloop
  endfacet
  facet normal -0.991383 -0.130995 0
    outer loop
      vertex -18.6213 7.24311 4
      vertex -18.6053 7.12202 0
      vertex -18.6053 7.12202 4
    endloop
  endfacet
  facet normal -0.999058 -0.0433946 0
    outer loop
      vertex -18.6 7 0
      vertex -18.6053 7.12202 4
      vertex -18.6053 7.12202 0
    endloop
  endfacet
  facet normal -0.999058 -0.0433946 0
    outer loop
      vertex -18.6053 7.12202 4
      vertex -18.6 7 0
      vertex -18.6 7 4
    endloop
  endfacet
  facet normal -0.976356 -0.216167 0
    outer loop
      vertex -18.6213 7.24311 0
      vertex -18.6477 7.36235 4
      vertex -18.6477 7.36235 0
    endloop
  endfacet
  facet normal -0.976356 -0.216167 0
    outer loop
      vertex -18.6477 7.36235 4
      vertex -18.6213 7.24311 0
      vertex -18.6213 7.24311 4
    endloop
  endfacet
  facet normal -0.843483 -0.537156 0
    outer loop
      vertex -18.7876 7.7 0
      vertex -18.8532 7.80301 4
      vertex -18.8532 7.80301 0
    endloop
  endfacet
  facet normal -0.843483 -0.537156 0
    outer loop
      vertex -18.8532 7.80301 4
      vertex -18.7876 7.7 0
      vertex -18.7876 7.7 4
    endloop
  endfacet
  facet normal 0.130501 0.991448 -0
    outer loop
      vertex -20.122 5.60533 0
      vertex -20.2431 5.62127 4
      vertex -20.122 5.60533 4
    endloop
  endfacet
  facet normal 0.130501 0.991448 0
    outer loop
      vertex -20.2431 5.62127 4
      vertex -20.122 5.60533 0
      vertex -20.2431 5.62127 0
    endloop
  endfacet
  facet normal 0.886987 -0.461794 0
    outer loop
      vertex -21.2688 7.59167 9.99
      vertex -21.2124 7.7 0
      vertex -21.2124 7.7 9.99
    endloop
  endfacet
  facet normal 0.886987 -0.461794 0
    outer loop
      vertex -21.2124 7.7 0
      vertex -21.2688 7.59167 9.99
      vertex -21.2688 7.59167 0
    endloop
  endfacet
  facet normal 0.886987 0.461794 0
    outer loop
      vertex -21.2124 6.3 9.99
      vertex -21.2688 6.40833 0
      vertex -21.2688 6.40833 9.99
    endloop
  endfacet
  facet normal 0.886987 0.461794 0
    outer loop
      vertex -21.2688 6.40833 0
      vertex -21.2124 6.3 9.99
      vertex -21.2124 6.3 0
    endloop
  endfacet
  facet normal 0.923705 -0.383104 0
    outer loop
      vertex -21.3156 7.47883 9.99
      vertex -21.2688 7.59167 0
      vertex -21.2688 7.59167 9.99
    endloop
  endfacet
  facet normal 0.923705 -0.383104 0
    outer loop
      vertex -21.2688 7.59167 0
      vertex -21.3156 7.47883 9.99
      vertex -21.3156 7.47883 0
    endloop
  endfacet
  facet normal 0.737108 0.675775 -0
    outer loop
      vertex -21 6.02102 4
      vertex -21.0725 6.1001 9.99
      vertex -21 6.02102 9.99
    endloop
  endfacet
  facet normal 0.737108 0.675775 0
    outer loop
      vertex -21.0725 6.1001 9.99
      vertex -21 6.02102 4
      vertex -21.0725 6.1001 0
    endloop
  endfacet
  facet normal 0.735677 0.677333 -0
    outer loop
      vertex -20.9899 6.01005 0
      vertex -21 6.02102 4
      vertex -20.9899 6.01005 4
    endloop
  endfacet
  facet normal 0.736933 0.675965 6.92128e-06
    outer loop
      vertex -21 6.02102 4
      vertex -20.9899 6.01005 0
      vertex -21.0725 6.1001 0
    endloop
  endfacet
  facet normal -0.53731 -0.843385 0
    outer loop
      vertex -19.3 8.21243 0
      vertex -19.197 8.14681 4
      vertex -19.3 8.21243 4
    endloop
  endfacet
  facet normal -0.53731 -0.843385 -0
    outer loop
      vertex -19.197 8.14681 4
      vertex -19.3 8.21243 0
      vertex -19.197 8.14681 0
    endloop
  endfacet
  facet normal -0.675361 -0.737487 0
    outer loop
      vertex -19.1001 8.07246 0
      vertex -19.01 7.98995 4
      vertex -19.1001 8.07246 4
    endloop
  endfacet
  facet normal -0.675361 -0.737487 -0
    outer loop
      vertex -19.01 7.98995 4
      vertex -19.1001 8.07246 0
      vertex -19.01 7.98995 0
    endloop
  endfacet
  facet normal 0.0436469 0.999047 -0
    outer loop
      vertex -20 5.6 0
      vertex -20.122 5.60533 4
      vertex -20 5.6 4
    endloop
  endfacet
  facet normal 0.0436469 0.999047 0
    outer loop
      vertex -20.122 5.60533 4
      vertex -20 5.6 0
      vertex -20.122 5.60533 0
    endloop
  endfacet
  facet normal -0.843483 0.537156 0
    outer loop
      vertex -18.8532 6.19699 0
      vertex -18.7876 6.3 4
      vertex -18.7876 6.3 0
    endloop
  endfacet
  facet normal -0.843483 0.537156 0
    outer loop
      vertex -18.7876 6.3 4
      vertex -18.8532 6.19699 0
      vertex -18.8532 6.19699 4
    endloop
  endfacet
  facet normal -0.216471 0.976289 0
    outer loop
      vertex -19.6377 5.6477 0
      vertex -19.7569 5.62127 4
      vertex -19.6377 5.6477 4
    endloop
  endfacet
  facet normal -0.216471 0.976289 0
    outer loop
      vertex -19.7569 5.62127 4
      vertex -19.6377 5.6477 0
      vertex -19.7569 5.62127 0
    endloop
  endfacet
  facet normal -0.923705 0.383104 0
    outer loop
      vertex -18.7312 6.40833 0
      vertex -18.6844 6.52117 4
      vertex -18.6844 6.52117 0
    endloop
  endfacet
  facet normal -0.923705 0.383104 0
    outer loop
      vertex -18.6844 6.52117 4
      vertex -18.7312 6.40833 0
      vertex -18.7312 6.40833 4
    endloop
  endfacet
  facet normal 0.843483 0.537156 0
    outer loop
      vertex -21.1468 6.19699 9.99
      vertex -21.2124 6.3 0
      vertex -21.2124 6.3 9.99
    endloop
  endfacet
  facet normal 0.843483 0.537156 0
    outer loop
      vertex -21.2124 6.3 0
      vertex -21.1468 6.19699 9.99
      vertex -21.1468 6.19699 0
    endloop
  endfacet
  facet normal 0.793536 -0.608523 0
    outer loop
      vertex -21.1468 7.80301 9.99
      vertex -21.0725 7.8999 0
      vertex -21.0725 7.8999 9.99
    endloop
  endfacet
  facet normal 0.793536 -0.608523 0
    outer loop
      vertex -21.0725 7.8999 0
      vertex -21.1468 7.80301 9.99
      vertex -21.1468 7.80301 0
    endloop
  endfacet
  facet normal -0.608741 -0.793369 0
    outer loop
      vertex -19.197 8.14681 0
      vertex -19.1001 8.07246 4
      vertex -19.197 8.14681 4
    endloop
  endfacet
  facet normal -0.608741 -0.793369 -0
    outer loop
      vertex -19.1001 8.07246 4
      vertex -19.197 8.14681 0
      vertex -19.1001 8.07246 0
    endloop
  endfacet
  facet normal -0.886987 -0.461794 0
    outer loop
      vertex -18.7312 7.59167 0
      vertex -18.7876 7.7 4
      vertex -18.7876 7.7 0
    endloop
  endfacet
  facet normal -0.886987 -0.461794 0
    outer loop
      vertex -18.7876 7.7 4
      vertex -18.7312 7.59167 0
      vertex -18.7312 7.59167 4
    endloop
  endfacet
  facet normal 0.999058 0.0433946 0
    outer loop
      vertex -21.3947 6.87798 9.99
      vertex -21.4 7 0
      vertex -21.4 7 9.99
    endloop
  endfacet
  facet normal 0.999058 0.0433946 0
    outer loop
      vertex -21.4 7 0
      vertex -21.3947 6.87798 9.99
      vertex -21.3947 6.87798 0
    endloop
  endfacet
  facet normal 0.793536 0.608523 0
    outer loop
      vertex -21.0725 6.1001 9.99
      vertex -21.1468 6.19699 0
      vertex -21.1468 6.19699 9.99
    endloop
  endfacet
  facet normal 0.793536 0.608523 0
    outer loop
      vertex -21.1468 6.19699 0
      vertex -21.0725 6.1001 9.99
      vertex -21.0725 6.1001 0
    endloop
  endfacet
  facet normal -0.382511 -0.923951 0
    outer loop
      vertex -19.5212 8.31557 0
      vertex -19.4083 8.26883 4
      vertex -19.5212 8.31557 4
    endloop
  endfacet
  facet normal -0.382511 -0.923951 -0
    outer loop
      vertex -19.4083 8.26883 4
      vertex -19.5212 8.31557 0
      vertex -19.4083 8.26883 0
    endloop
  endfacet
  facet normal 0.300689 0.953722 -0
    outer loop
      vertex -20.3623 5.6477 0
      vertex -20.4788 5.68443 4
      vertex -20.3623 5.6477 4
    endloop
  endfacet
  facet normal 0.300689 0.953722 0
    outer loop
      vertex -20.4788 5.68443 4
      vertex -20.3623 5.6477 0
      vertex -20.4788 5.68443 0
    endloop
  endfacet
  facet normal 0.843483 -0.537156 0
    outer loop
      vertex -21.2124 7.7 9.99
      vertex -21.1468 7.80301 0
      vertex -21.1468 7.80301 9.99
    endloop
  endfacet
  facet normal 0.843483 -0.537156 0
    outer loop
      vertex -21.1468 7.80301 0
      vertex -21.2124 7.7 9.99
      vertex -21.2124 7.7 0
    endloop
  endfacet
  facet normal 0.675769 -0.737113 0
    outer loop
      vertex -20.9899 7.98995 0
      vertex -20.8999 8.07246 4
      vertex -20.9899 7.98995 4
    endloop
  endfacet
  facet normal 0.675769 -0.737113 0
    outer loop
      vertex -20.8999 8.07246 4
      vertex -20.9899 7.98995 0
      vertex -20.8999 8.07246 0
    endloop
  endfacet
  facet normal 0.46183 0.886969 -0
    outer loop
      vertex -20.5917 5.73117 0
      vertex -20.7 5.78756 4
      vertex -20.5917 5.73117 4
    endloop
  endfacet
  facet normal 0.46183 0.886969 0
    outer loop
      vertex -20.7 5.78756 4
      vertex -20.5917 5.73117 0
      vertex -20.7 5.78756 0
    endloop
  endfacet
  facet normal 0.216471 -0.976289 0
    outer loop
      vertex -20.3623 8.3523 0
      vertex -20.2431 8.37873 4
      vertex -20.3623 8.3523 4
    endloop
  endfacet
  facet normal 0.216471 -0.976289 0
    outer loop
      vertex -20.2431 8.37873 4
      vertex -20.3623 8.3523 0
      vertex -20.2431 8.37873 0
    endloop
  endfacet
  facet normal -0.923705 -0.383104 0
    outer loop
      vertex -18.6844 7.47883 0
      vertex -18.7312 7.59167 4
      vertex -18.7312 7.59167 0
    endloop
  endfacet
  facet normal -0.923705 -0.383104 0
    outer loop
      vertex -18.7312 7.59167 4
      vertex -18.6844 7.47883 0
      vertex -18.6844 7.47883 4
    endloop
  endfacet
  facet normal -0.999058 0.0433946 0
    outer loop
      vertex -18.6053 6.87798 0
      vertex -18.6 7 4
      vertex -18.6 7 0
    endloop
  endfacet
  facet normal -0.999058 0.0433946 0
    outer loop
      vertex -18.6 7 4
      vertex -18.6053 6.87798 0
      vertex -18.6053 6.87798 4
    endloop
  endfacet
  facet normal -0.300689 -0.953722 0
    outer loop
      vertex -19.6377 8.3523 0
      vertex -19.5212 8.31557 4
      vertex -19.6377 8.3523 4
    endloop
  endfacet
  facet normal -0.300689 -0.953722 -0
    outer loop
      vertex -19.5212 8.31557 4
      vertex -19.6377 8.3523 0
      vertex -19.5212 8.31557 0
    endloop
  endfacet
  facet normal 0.216471 0.976289 -0
    outer loop
      vertex -20.2431 5.62127 0
      vertex -20.3623 5.6477 4
      vertex -20.2431 5.62127 4
    endloop
  endfacet
  facet normal 0.216471 0.976289 0
    outer loop
      vertex -20.3623 5.6477 4
      vertex -20.2431 5.62127 0
      vertex -20.3623 5.6477 0
    endloop
  endfacet
  facet normal 0.953778 -0.300512 0
    outer loop
      vertex -21.3523 7.36235 9.99
      vertex -21.3156 7.47883 0
      vertex -21.3156 7.47883 9.99
    endloop
  endfacet
  facet normal 0.953778 -0.300512 0
    outer loop
      vertex -21.3156 7.47883 0
      vertex -21.3523 7.36235 9.99
      vertex -21.3523 7.36235 0
    endloop
  endfacet
  facet normal -0.382511 0.923951 0
    outer loop
      vertex -19.4083 5.73117 0
      vertex -19.5212 5.68443 4
      vertex -19.4083 5.73117 4
    endloop
  endfacet
  facet normal -0.382511 0.923951 0
    outer loop
      vertex -19.5212 5.68443 4
      vertex -19.4083 5.73117 0
      vertex -19.5212 5.68443 0
    endloop
  endfacet
  facet normal 0.991383 -0.130995 0
    outer loop
      vertex -21.3947 7.12202 9.99
      vertex -21.3787 7.24311 0
      vertex -21.3787 7.24311 9.99
    endloop
  endfacet
  facet normal 0.991383 -0.130995 0
    outer loop
      vertex -21.3787 7.24311 0
      vertex -21.3947 7.12202 9.99
      vertex -21.3947 7.12202 0
    endloop
  endfacet
  facet normal 0.608741 -0.793369 0
    outer loop
      vertex -20.8999 8.07246 0
      vertex -20.803 8.14681 4
      vertex -20.8999 8.07246 4
    endloop
  endfacet
  facet normal 0.608741 -0.793369 0
    outer loop
      vertex -20.803 8.14681 4
      vertex -20.8999 8.07246 0
      vertex -20.803 8.14681 0
    endloop
  endfacet
  facet normal 0.953778 0.300512 0
    outer loop
      vertex -21.3156 6.52117 9.99
      vertex -21.3523 6.63765 0
      vertex -21.3523 6.63765 9.99
    endloop
  endfacet
  facet normal 0.953778 0.300512 0
    outer loop
      vertex -21.3523 6.63765 0
      vertex -21.3156 6.52117 9.99
      vertex -21.3156 6.52117 0
    endloop
  endfacet
  facet normal -0.608741 0.793369 0
    outer loop
      vertex -19.1001 5.92754 0
      vertex -19.197 5.85319 4
      vertex -19.1001 5.92754 4
    endloop
  endfacet
  facet normal -0.608741 0.793369 0
    outer loop
      vertex -19.197 5.85319 4
      vertex -19.1001 5.92754 0
      vertex -19.197 5.85319 0
    endloop
  endfacet
  facet normal 0.0436469 -0.999047 0
    outer loop
      vertex -20.122 8.39467 0
      vertex -20 8.4 4
      vertex -20.122 8.39467 4
    endloop
  endfacet
  facet normal 0.0436469 -0.999047 0
    outer loop
      vertex -20 8.4 4
      vertex -20.122 8.39467 0
      vertex -20 8.4 0
    endloop
  endfacet
  facet normal -0.976356 0.216167 0
    outer loop
      vertex -18.6477 6.63765 0
      vertex -18.6213 6.75689 4
      vertex -18.6213 6.75689 0
    endloop
  endfacet
  facet normal -0.976356 0.216167 0
    outer loop
      vertex -18.6213 6.75689 4
      vertex -18.6477 6.63765 0
      vertex -18.6477 6.63765 4
    endloop
  endfacet
  facet normal -0.991383 0.130995 0
    outer loop
      vertex -18.6213 6.75689 0
      vertex -18.6053 6.87798 4
      vertex -18.6053 6.87798 0
    endloop
  endfacet
  facet normal -0.991383 0.130995 0
    outer loop
      vertex -18.6053 6.87798 4
      vertex -18.6213 6.75689 0
      vertex -18.6213 6.75689 4
    endloop
  endfacet
  facet normal -0.46183 0.886969 0
    outer loop
      vertex -19.3 5.78756 0
      vertex -19.4083 5.73117 4
      vertex -19.3 5.78756 4
    endloop
  endfacet
  facet normal -0.46183 0.886969 0
    outer loop
      vertex -19.4083 5.73117 4
      vertex -19.3 5.78756 0
      vertex -19.4083 5.73117 0
    endloop
  endfacet
  facet normal -0.130501 -0.991448 0
    outer loop
      vertex -19.878 8.39467 0
      vertex -19.7569 8.37873 4
      vertex -19.878 8.39467 4
    endloop
  endfacet
  facet normal -0.130501 -0.991448 -0
    outer loop
      vertex -19.7569 8.37873 4
      vertex -19.878 8.39467 0
      vertex -19.7569 8.37873 0
    endloop
  endfacet
  facet normal 0.300689 -0.953722 0
    outer loop
      vertex -20.4788 8.31557 0
      vertex -20.3623 8.3523 4
      vertex -20.4788 8.31557 4
    endloop
  endfacet
  facet normal 0.300689 -0.953722 0
    outer loop
      vertex -20.3623 8.3523 4
      vertex -20.4788 8.31557 0
      vertex -20.3623 8.3523 0
    endloop
  endfacet
  facet normal -0.130501 0.991448 0
    outer loop
      vertex -19.7569 5.62127 0
      vertex -19.878 5.60533 4
      vertex -19.7569 5.62127 4
    endloop
  endfacet
  facet normal -0.130501 0.991448 0
    outer loop
      vertex -19.878 5.60533 4
      vertex -19.7569 5.62127 0
      vertex -19.878 5.60533 0
    endloop
  endfacet
  facet normal -0.461894 -0.886935 0
    outer loop
      vertex -19.4083 8.26883 0
      vertex -19.3 8.21243 4
      vertex -19.4083 8.26883 4
    endloop
  endfacet
  facet normal -0.461894 -0.886935 -0
    outer loop
      vertex -19.3 8.21243 4
      vertex -19.4083 8.26883 0
      vertex -19.3 8.21243 0
    endloop
  endfacet
  facet normal -0.886987 0.461794 0
    outer loop
      vertex -18.7876 6.3 0
      vertex -18.7312 6.40833 4
      vertex -18.7312 6.40833 0
    endloop
  endfacet
  facet normal -0.886987 0.461794 0
    outer loop
      vertex -18.7312 6.40833 4
      vertex -18.7876 6.3 0
      vertex -18.7876 6.3 4
    endloop
  endfacet
  facet normal -0.953778 0.300512 0
    outer loop
      vertex -18.6844 6.52117 0
      vertex -18.6477 6.63765 4
      vertex -18.6477 6.63765 0
    endloop
  endfacet
  facet normal -0.953778 0.300512 0
    outer loop
      vertex -18.6477 6.63765 4
      vertex -18.6844 6.52117 0
      vertex -18.6844 6.52117 4
    endloop
  endfacet
  facet normal 0.461894 -0.886935 0
    outer loop
      vertex -20.7 8.21243 0
      vertex -20.5917 8.26883 4
      vertex -20.7 8.21243 4
    endloop
  endfacet
  facet normal 0.461894 -0.886935 0
    outer loop
      vertex -20.5917 8.26883 4
      vertex -20.7 8.21243 0
      vertex -20.5917 8.26883 0
    endloop
  endfacet
  facet normal -0.953778 -0.300512 0
    outer loop
      vertex -18.6477 7.36235 0
      vertex -18.6844 7.47883 4
      vertex -18.6844 7.47883 0
    endloop
  endfacet
  facet normal -0.953778 -0.300512 0
    outer loop
      vertex -18.6844 7.47883 4
      vertex -18.6477 7.36235 0
      vertex -18.6477 7.36235 4
    endloop
  endfacet
  facet normal 0.923705 0.383104 0
    outer loop
      vertex -21.2688 6.40833 9.99
      vertex -21.3156 6.52117 0
      vertex -21.3156 6.52117 9.99
    endloop
  endfacet
  facet normal 0.923705 0.383104 0
    outer loop
      vertex -21.3156 6.52117 0
      vertex -21.2688 6.40833 9.99
      vertex -21.2688 6.40833 0
    endloop
  endfacet
  facet normal 0.737108 -0.675775 0
    outer loop
      vertex -21 7.97898 9.99
      vertex -21.0725 7.8999 9.99
      vertex -21 7.97898 4
    endloop
  endfacet
  facet normal 0.735677 -0.677333 0
    outer loop
      vertex -21 7.97898 4
      vertex -20.9899 7.98995 0
      vertex -20.9899 7.98995 4
    endloop
  endfacet
  facet normal 0.737108 -0.675775 0
    outer loop
      vertex -21.0725 7.8999 0
      vertex -21 7.97898 4
      vertex -21.0725 7.8999 9.99
    endloop
  endfacet
  facet normal 0.736933 -0.675965 6.92128e-06
    outer loop
      vertex -21 7.97898 4
      vertex -21.0725 7.8999 0
      vertex -20.9899 7.98995 0
    endloop
  endfacet
  facet normal 0.382511 0.923951 -0
    outer loop
      vertex -20.4788 5.68443 0
      vertex -20.5917 5.73117 4
      vertex -20.4788 5.68443 4
    endloop
  endfacet
  facet normal 0.382511 0.923951 0
    outer loop
      vertex -20.5917 5.73117 4
      vertex -20.4788 5.68443 0
      vertex -20.5917 5.73117 0
    endloop
  endfacet
  facet normal -0.0436469 0.999047 0
    outer loop
      vertex -19.878 5.60533 0
      vertex -20 5.6 4
      vertex -19.878 5.60533 4
    endloop
  endfacet
  facet normal -0.0436469 0.999047 0
    outer loop
      vertex -20 5.6 4
      vertex -19.878 5.60533 0
      vertex -20 5.6 0
    endloop
  endfacet
  facet normal 0.382511 -0.923951 0
    outer loop
      vertex -20.5917 8.26883 0
      vertex -20.4788 8.31557 4
      vertex -20.5917 8.26883 4
    endloop
  endfacet
  facet normal 0.382511 -0.923951 0
    outer loop
      vertex -20.4788 8.31557 4
      vertex -20.5917 8.26883 0
      vertex -20.4788 8.31557 0
    endloop
  endfacet
  facet normal 0.991383 0.130995 0
    outer loop
      vertex -21.3787 6.75689 9.99
      vertex -21.3947 6.87798 0
      vertex -21.3947 6.87798 9.99
    endloop
  endfacet
  facet normal 0.991383 0.130995 0
    outer loop
      vertex -21.3947 6.87798 0
      vertex -21.3787 6.75689 9.99
      vertex -21.3787 6.75689 0
    endloop
  endfacet
  facet normal 0 0 -1
    outer loop
      vertex -21.0725 6.1001 9.99
      vertex -21 7.97898 9.99
      vertex -21 6.02102 9.99
    endloop
  endfacet
  facet normal 0 0 -1
    outer loop
      vertex -21.0725 6.1001 9.99
      vertex -21.0725 7.8999 9.99
      vertex -21 7.97898 9.99
    endloop
  endfacet
  facet normal 0 0 -1
    outer loop
      vertex -21.1468 6.19699 9.99
      vertex -21.0725 7.8999 9.99
      vertex -21.0725 6.1001 9.99
    endloop
  endfacet
  facet normal 0 0 -1
    outer loop
      vertex -21.1468 6.19699 9.99
      vertex -21.1468 7.80301 9.99
      vertex -21.0725 7.8999 9.99
    endloop
  endfacet
  facet normal 0 0 -1
    outer loop
      vertex -21.2124 6.3 9.99
      vertex -21.1468 7.80301 9.99
      vertex -21.1468 6.19699 9.99
    endloop
  endfacet
  facet normal 0 0 -1
    outer loop
      vertex -21.2124 6.3 9.99
      vertex -21.2124 7.7 9.99
      vertex -21.1468 7.80301 9.99
    endloop
  endfacet
  facet normal 0 0 -1
    outer loop
      vertex -21.2688 6.40833 9.99
      vertex -21.2124 7.7 9.99
      vertex -21.2124 6.3 9.99
    endloop
  endfacet
  facet normal 0 0 -1
    outer loop
      vertex -21.2688 6.40833 9.99
      vertex -21.2688 7.59167 9.99
      vertex -21.2124 7.7 9.99
    endloop
  endfacet
  facet normal 0 0 -1
    outer loop
      vertex -21.3156 6.52117 9.99
      vertex -21.2688 7.59167 9.99
      vertex -21.2688 6.40833 9.99
    endloop
  endfacet
  facet normal 0 0 -1
    outer loop
      vertex -21.3156 6.52117 9.99
      vertex -21.3156 7.47883 9.99
      vertex -21.2688 7.59167 9.99
    endloop
  endfacet
  facet normal 0 0 -1
    outer loop
      vertex -21.3523 6.63765 9.99
      vertex -21.3156 7.47883 9.99
      vertex -21.3156 6.52117 9.99
    endloop
  endfacet
  facet normal 0 0 -1
    outer loop
      vertex -21.3523 6.63765 9.99
      vertex -21.3523 7.36235 9.99
      vertex -21.3156 7.47883 9.99
    endloop
  endfacet
  facet normal 0 0 -1
    outer loop
      vertex -21.3787 6.75689 9.99
      vertex -21.3523 7.36235 9.99
      vertex -21.3523 6.63765 9.99
    endloop
  endfacet
  facet normal 0 0 -1
    outer loop
      vertex -21.3787 6.75689 9.99
      vertex -21.3787 7.24311 9.99
      vertex -21.3523 7.36235 9.99
    endloop
  endfacet
  facet normal 0 0 -1
    outer loop
      vertex -21.3947 6.87798 9.99
      vertex -21.3787 7.24311 9.99
      vertex -21.3787 6.75689 9.99
    endloop
  endfacet
  facet normal 0 0 -1
    outer loop
      vertex -21.3947 6.87798 9.99
      vertex -21.3947 7.12202 9.99
      vertex -21.3787 7.24311 9.99
    endloop
  endfacet
  facet normal 0 -0 -1
    outer loop
      vertex -21.3947 7.12202 9.99
      vertex -21.3947 6.87798 9.99
      vertex -21.4 7 9.99
    endloop
  endfacet
  facet normal 0.130501 -0.991448 0
    outer loop
      vertex -20.2431 8.37873 0
      vertex -20.122 8.39467 4
      vertex -20.2431 8.37873 4
    endloop
  endfacet
  facet normal 0.130501 -0.991448 0
    outer loop
      vertex -20.122 8.39467 4
      vertex -20.2431 8.37873 0
      vertex -20.122 8.39467 0
    endloop
  endfacet
  facet normal -0.300689 0.953722 0
    outer loop
      vertex -19.5212 5.68443 0
      vertex -19.6377 5.6477 4
      vertex -19.5212 5.68443 4
    endloop
  endfacet
  facet normal -0.300689 0.953722 0
    outer loop
      vertex -19.6377 5.6477 4
      vertex -19.5212 5.68443 0
      vertex -19.6377 5.6477 0
    endloop
  endfacet
  facet normal 0.537368 0.843348 -0
    outer loop
      vertex -20.7 5.78756 0
      vertex -20.803 5.85319 4
      vertex -20.7 5.78756 4
    endloop
  endfacet
  facet normal 0.537368 0.843348 0
    outer loop
      vertex -20.803 5.85319 4
      vertex -20.7 5.78756 0
      vertex -20.803 5.85319 0
    endloop
  endfacet
  facet normal -0.0436469 -0.999047 0
    outer loop
      vertex -20 8.4 0
      vertex -19.878 8.39467 4
      vertex -20 8.4 4
    endloop
  endfacet
  facet normal -0.0436469 -0.999047 -0
    outer loop
      vertex -19.878 8.39467 4
      vertex -20 8.4 0
      vertex -19.878 8.39467 0
    endloop
  endfacet
  facet normal 0.675769 0.737113 -0
    outer loop
      vertex -20.8999 5.92754 0
      vertex -20.9899 6.01005 4
      vertex -20.8999 5.92754 4
    endloop
  endfacet
  facet normal 0.675769 0.737113 0
    outer loop
      vertex -20.9899 6.01005 4
      vertex -20.8999 5.92754 0
      vertex -20.9899 6.01005 0
    endloop
  endfacet
  facet normal -0.793536 0.608523 0
    outer loop
      vertex -18.9275 6.1001 0
      vertex -18.8532 6.19699 4
      vertex -18.8532 6.19699 0
    endloop
  endfacet
  facet normal -0.793536 0.608523 0
    outer loop
      vertex -18.8532 6.19699 4
      vertex -18.9275 6.1001 0
      vertex -18.9275 6.1001 4
    endloop
  endfacet
  facet normal 0.976356 0.216167 0
    outer loop
      vertex -21.3523 6.63765 9.99
      vertex -21.3787 6.75689 0
      vertex -21.3787 6.75689 9.99
    endloop
  endfacet
  facet normal 0.976356 0.216167 0
    outer loop
      vertex -21.3787 6.75689 0
      vertex -21.3523 6.63765 9.99
      vertex -21.3523 6.63765 0
    endloop
  endfacet
  facet normal 0.976356 -0.216167 0
    outer loop
      vertex -21.3787 7.24311 9.99
      vertex -21.3523 7.36235 0
      vertex -21.3523 7.36235 9.99
    endloop
  endfacet
  facet normal 0.976356 -0.216167 0
    outer loop
      vertex -21.3523 7.36235 0
      vertex -21.3787 7.24311 9.99
      vertex -21.3787 7.24311 0
    endloop
  endfacet
  facet normal -0.737341 -0.675521 0
    outer loop
      vertex -18.9275 7.8999 0
      vertex -19.01 7.98995 4
      vertex -19.01 7.98995 0
    endloop
  endfacet
  facet normal -0.737341 -0.675521 0
    outer loop
      vertex -19.01 7.98995 4
      vertex -18.9275 7.8999 0
      vertex -18.9275 7.8999 4
    endloop
  endfacet
  facet normal -0.793536 -0.608523 0
    outer loop
      vertex -18.8532 7.80301 0
      vertex -18.9275 7.8999 4
      vertex -18.9275 7.8999 0
    endloop
  endfacet
  facet normal -0.793536 -0.608523 0
    outer loop
      vertex -18.9275 7.8999 4
      vertex -18.8532 7.80301 0
      vertex -18.8532 7.80301 4
    endloop
  endfacet
  facet normal 0.53731 -0.843385 0
    outer loop
      vertex -20.803 8.14681 0
      vertex -20.7 8.21243 4
      vertex -20.803 8.14681 4
    endloop
  endfacet
  facet normal 0.53731 -0.843385 0
    outer loop
      vertex -20.7 8.21243 4
      vertex -20.803 8.14681 0
      vertex -20.7 8.21243 0
    endloop
  endfacet
  facet normal 0.999058 -0.0433946 0
    outer loop
      vertex -21.4 7 9.99
      vertex -21.3947 7.12202 0
      vertex -21.3947 7.12202 9.99
    endloop
  endfacet
  facet normal 0.999058 -0.0433946 0
    outer loop
      vertex -21.3947 7.12202 0
      vertex -21.4 7 9.99
      vertex -21.4 7 0
    endloop
  endfacet
  facet normal -0.537368 0.843348 0
    outer loop
      vertex -19.197 5.85319 0
      vertex -19.3 5.78756 4
      vertex -19.197 5.85319 4
    endloop
  endfacet
  facet normal -0.537368 0.843348 0
    outer loop
      vertex -19.3 5.78756 4
      vertex -19.197 5.85319 0
      vertex -19.3 5.78756 0
    endloop
  endfacet
  facet normal -0.737341 0.675521 0
    outer loop
      vertex -19.01 6.01005 0
      vertex -18.9275 6.1001 4
      vertex -18.9275 6.1001 0
    endloop
  endfacet
  facet normal -0.737341 0.675521 0
    outer loop
      vertex -18.9275 6.1001 4
      vertex -19.01 6.01005 0
      vertex -19.01 6.01005 4
    endloop
  endfacet
  facet normal -0.675361 0.737487 0
    outer loop
      vertex -19.01 6.01005 0
      vertex -19.1001 5.92754 4
      vertex -19.01 6.01005 4
    endloop
  endfacet
  facet normal -0.675361 0.737487 0
    outer loop
      vertex -19.1001 5.92754 4
      vertex -19.01 6.01005 0
      vertex -19.1001 5.92754 0
    endloop
  endfacet
  facet normal -0.216471 -0.976289 0
    outer loop
      vertex -19.7569 8.37873 0
      vertex -19.6377 8.3523 4
      vertex -19.7569 8.37873 4
    endloop
  endfacet
  facet normal -0.216471 -0.976289 -0
    outer loop
      vertex -19.6377 8.3523 4
      vertex -19.7569 8.37873 0
      vertex -19.6377 8.3523 0
    endloop
  endfacet
  facet normal 0.608741 0.793369 -0
    outer loop
      vertex -20.803 5.85319 0
      vertex -20.8999 5.92754 4
      vertex -20.803 5.85319 4
    endloop
  endfacet
  facet normal 0.608741 0.793369 0
    outer loop
      vertex -20.8999 5.92754 4
      vertex -20.803 5.85319 0
      vertex -20.8999 5.92754 0
    endloop
  endfacet
  facet normal -0.991383 -0.130995 0
    outer loop
      vertex 21.3947 7.12202 0
      vertex 21.3787 7.24311 9.99
      vertex 21.3787 7.24311 0
    endloop
  endfacet
  facet normal -0.991383 -0.130995 0
    outer loop
      vertex 21.3787 7.24311 9.99
      vertex 21.3947 7.12202 0
      vertex 21.3947 7.12202 9.99
    endloop
  endfacet
  facet normal -0.999058 -0.0433946 0
    outer loop
      vertex 21.4 7 0
      vertex 21.3947 7.12202 9.99
      vertex 21.3947 7.12202 0
    endloop
  endfacet
  facet normal -0.999058 -0.0433946 0
    outer loop
      vertex 21.3947 7.12202 9.99
      vertex 21.4 7 0
      vertex 21.4 7 9.99
    endloop
  endfacet
  facet normal -0.976356 -0.216167 0
    outer loop
      vertex 21.3787 7.24311 0
      vertex 21.3523 7.36235 9.99
      vertex 21.3523 7.36235 0
    endloop
  endfacet
  facet normal -0.976356 -0.216167 0
    outer loop
      vertex 21.3523 7.36235 9.99
      vertex 21.3787 7.24311 0
      vertex 21.3787 7.24311 9.99
    endloop
  endfacet
  facet normal -0.843483 -0.537156 0
    outer loop
      vertex 21.2124 7.7 0
      vertex 21.1468 7.80301 9.99
      vertex 21.1468 7.80301 0
    endloop
  endfacet
  facet normal -0.843483 -0.537156 0
    outer loop
      vertex 21.1468 7.80301 9.99
      vertex 21.2124 7.7 0
      vertex 21.2124 7.7 9.99
    endloop
  endfacet
  facet normal 0.130501 0.991448 -0
    outer loop
      vertex 19.878 5.60533 0
      vertex 19.7569 5.62127 4
      vertex 19.878 5.60533 4
    endloop
  endfacet
  facet normal 0.130501 0.991448 0
    outer loop
      vertex 19.7569 5.62127 4
      vertex 19.878 5.60533 0
      vertex 19.7569 5.62127 0
    endloop
  endfacet
  facet normal 0.886987 -0.461794 0
    outer loop
      vertex 18.7312 7.59167 4
      vertex 18.7876 7.7 0
      vertex 18.7876 7.7 4
    endloop
  endfacet
  facet normal 0.886987 -0.461794 0
    outer loop
      vertex 18.7876 7.7 0
      vertex 18.7312 7.59167 4
      vertex 18.7312 7.59167 0
    endloop
  endfacet
  facet normal 0.886987 0.461794 0
    outer loop
      vertex 18.7876 6.3 4
      vertex 18.7312 6.40833 0
      vertex 18.7312 6.40833 4
    endloop
  endfacet
  facet normal 0.886987 0.461794 0
    outer loop
      vertex 18.7312 6.40833 0
      vertex 18.7876 6.3 4
      vertex 18.7876 6.3 0
    endloop
  endfacet
  facet normal 0.923705 -0.383104 0
    outer loop
      vertex 18.6844 7.47883 4
      vertex 18.7312 7.59167 0
      vertex 18.7312 7.59167 4
    endloop
  endfacet
  facet normal 0.923705 -0.383104 0
    outer loop
      vertex 18.7312 7.59167 0
      vertex 18.6844 7.47883 4
      vertex 18.6844 7.47883 0
    endloop
  endfacet
  facet normal 0.737341 0.675521 0
    outer loop
      vertex 19.01 6.01005 4
      vertex 18.9275 6.1001 0
      vertex 18.9275 6.1001 4
    endloop
  endfacet
  facet normal 0.737341 0.675521 0
    outer loop
      vertex 18.9275 6.1001 0
      vertex 19.01 6.01005 4
      vertex 19.01 6.01005 0
    endloop
  endfacet
  facet normal -0.53731 -0.843385 0
    outer loop
      vertex 20.7 8.21243 0
      vertex 20.803 8.14681 4
      vertex 20.7 8.21243 4
    endloop
  endfacet
  facet normal -0.53731 -0.843385 -0
    outer loop
      vertex 20.803 8.14681 4
      vertex 20.7 8.21243 0
      vertex 20.803 8.14681 0
    endloop
  endfacet
  facet normal -0.675769 -0.737113 0
    outer loop
      vertex 20.8999 8.07246 0
      vertex 20.9899 7.98995 4
      vertex 20.8999 8.07246 4
    endloop
  endfacet
  facet normal -0.675769 -0.737113 -0
    outer loop
      vertex 20.9899 7.98995 4
      vertex 20.8999 8.07246 0
      vertex 20.9899 7.98995 0
    endloop
  endfacet
  facet normal 0.0436469 0.999047 -0
    outer loop
      vertex 20 5.6 0
      vertex 19.878 5.60533 4
      vertex 20 5.6 4
    endloop
  endfacet
  facet normal 0.0436469 0.999047 0
    outer loop
      vertex 19.878 5.60533 4
      vertex 20 5.6 0
      vertex 19.878 5.60533 0
    endloop
  endfacet
  facet normal -0.843483 0.537156 0
    outer loop
      vertex 21.1468 6.19699 0
      vertex 21.2124 6.3 9.99
      vertex 21.2124 6.3 0
    endloop
  endfacet
  facet normal -0.843483 0.537156 0
    outer loop
      vertex 21.2124 6.3 9.99
      vertex 21.1468 6.19699 0
      vertex 21.1468 6.19699 9.99
    endloop
  endfacet
  facet normal -0.216471 0.976289 0
    outer loop
      vertex 20.3623 5.6477 0
      vertex 20.2431 5.62127 4
      vertex 20.3623 5.6477 4
    endloop
  endfacet
  facet normal -0.216471 0.976289 0
    outer loop
      vertex 20.2431 5.62127 4
      vertex 20.3623 5.6477 0
      vertex 20.2431 5.62127 0
    endloop
  endfacet
  facet normal -0.923705 0.383104 0
    outer loop
      vertex 21.2688 6.40833 0
      vertex 21.3156 6.52117 9.99
      vertex 21.3156 6.52117 0
    endloop
  endfacet
  facet normal -0.923705 0.383104 0
    outer loop
      vertex 21.3156 6.52117 9.99
      vertex 21.2688 6.40833 0
      vertex 21.2688 6.40833 9.99
    endloop
  endfacet
  facet normal 0.843483 0.537156 0
    outer loop
      vertex 18.8532 6.19699 4
      vertex 18.7876 6.3 0
      vertex 18.7876 6.3 4
    endloop
  endfacet
  facet normal 0.843483 0.537156 0
    outer loop
      vertex 18.7876 6.3 0
      vertex 18.8532 6.19699 4
      vertex 18.8532 6.19699 0
    endloop
  endfacet
  facet normal 0.793536 -0.608523 0
    outer loop
      vertex 18.8532 7.80301 4
      vertex 18.9275 7.8999 0
      vertex 18.9275 7.8999 4
    endloop
  endfacet
  facet normal 0.793536 -0.608523 0
    outer loop
      vertex 18.9275 7.8999 0
      vertex 18.8532 7.80301 4
      vertex 18.8532 7.80301 0
    endloop
  endfacet
  facet normal -0.608741 -0.793369 0
    outer loop
      vertex 20.803 8.14681 0
      vertex 20.8999 8.07246 4
      vertex 20.803 8.14681 4
    endloop
  endfacet
  facet normal -0.608741 -0.793369 -0
    outer loop
      vertex 20.8999 8.07246 4
      vertex 20.803 8.14681 0
      vertex 20.8999 8.07246 0
    endloop
  endfacet
  facet normal -0.886987 -0.461794 0
    outer loop
      vertex 21.2688 7.59167 0
      vertex 21.2124 7.7 9.99
      vertex 21.2124 7.7 0
    endloop
  endfacet
  facet normal -0.886987 -0.461794 0
    outer loop
      vertex 21.2124 7.7 9.99
      vertex 21.2688 7.59167 0
      vertex 21.2688 7.59167 9.99
    endloop
  endfacet
  facet normal 0.999058 0.0433946 0
    outer loop
      vertex 18.6053 6.87798 4
      vertex 18.6 7 0
      vertex 18.6 7 4
    endloop
  endfacet
  facet normal 0.999058 0.0433946 0
    outer loop
      vertex 18.6 7 0
      vertex 18.6053 6.87798 4
      vertex 18.6053 6.87798 0
    endloop
  endfacet
  facet normal 0.793536 0.608523 0
    outer loop
      vertex 18.9275 6.1001 4
      vertex 18.8532 6.19699 0
      vertex 18.8532 6.19699 4
    endloop
  endfacet
  facet normal 0.793536 0.608523 0
    outer loop
      vertex 18.8532 6.19699 0
      vertex 18.9275 6.1001 4
      vertex 18.9275 6.1001 0
    endloop
  endfacet
  facet normal -0.382511 -0.923951 0
    outer loop
      vertex 20.4788 8.31557 0
      vertex 20.5917 8.26883 4
      vertex 20.4788 8.31557 4
    endloop
  endfacet
  facet normal -0.382511 -0.923951 -0
    outer loop
      vertex 20.5917 8.26883 4
      vertex 20.4788 8.31557 0
      vertex 20.5917 8.26883 0
    endloop
  endfacet
  facet normal 0.300689 0.953722 -0
    outer loop
      vertex 19.6377 5.6477 0
      vertex 19.5212 5.68443 4
      vertex 19.6377 5.6477 4
    endloop
  endfacet
  facet normal 0.300689 0.953722 0
    outer loop
      vertex 19.5212 5.68443 4
      vertex 19.6377 5.6477 0
      vertex 19.5212 5.68443 0
    endloop
  endfacet
  facet normal 0.843483 -0.537156 0
    outer loop
      vertex 18.7876 7.7 4
      vertex 18.8532 7.80301 0
      vertex 18.8532 7.80301 4
    endloop
  endfacet
  facet normal 0.843483 -0.537156 0
    outer loop
      vertex 18.8532 7.80301 0
      vertex 18.7876 7.7 4
      vertex 18.7876 7.7 0
    endloop
  endfacet
  facet normal 0.675361 -0.737487 0
    outer loop
      vertex 19.01 7.98995 0
      vertex 19.1001 8.07246 4
      vertex 19.01 7.98995 4
    endloop
  endfacet
  facet normal 0.675361 -0.737487 0
    outer loop
      vertex 19.1001 8.07246 4
      vertex 19.01 7.98995 0
      vertex 19.1001 8.07246 0
    endloop
  endfacet
  facet normal 0.46183 0.886969 -0
    outer loop
      vertex 19.4083 5.73117 0
      vertex 19.3 5.78756 4
      vertex 19.4083 5.73117 4
    endloop
  endfacet
  facet normal 0.46183 0.886969 0
    outer loop
      vertex 19.3 5.78756 4
      vertex 19.4083 5.73117 0
      vertex 19.3 5.78756 0
    endloop
  endfacet
  facet normal 0.216471 -0.976289 0
    outer loop
      vertex 19.6377 8.3523 0
      vertex 19.7569 8.37873 4
      vertex 19.6377 8.3523 4
    endloop
  endfacet
  facet normal 0.216471 -0.976289 0
    outer loop
      vertex 19.7569 8.37873 4
      vertex 19.6377 8.3523 0
      vertex 19.7569 8.37873 0
    endloop
  endfacet
  facet normal -0.923705 -0.383104 0
    outer loop
      vertex 21.3156 7.47883 0
      vertex 21.2688 7.59167 9.99
      vertex 21.2688 7.59167 0
    endloop
  endfacet
  facet normal -0.923705 -0.383104 0
    outer loop
      vertex 21.2688 7.59167 9.99
      vertex 21.3156 7.47883 0
      vertex 21.3156 7.47883 9.99
    endloop
  endfacet
  facet normal -0.999058 0.0433946 0
    outer loop
      vertex 21.3947 6.87798 0
      vertex 21.4 7 9.99
      vertex 21.4 7 0
    endloop
  endfacet
  facet normal -0.999058 0.0433946 0
    outer loop
      vertex 21.4 7 9.99
      vertex 21.3947 6.87798 0
      vertex 21.3947 6.87798 9.99
    endloop
  endfacet
  facet normal -0.300689 -0.953722 0
    outer loop
      vertex 20.3623 8.3523 0
      vertex 20.4788 8.31557 4
      vertex 20.3623 8.3523 4
    endloop
  endfacet
  facet normal -0.300689 -0.953722 -0
    outer loop
      vertex 20.4788 8.31557 4
      vertex 20.3623 8.3523 0
      vertex 20.4788 8.31557 0
    endloop
  endfacet
  facet normal 0.216471 0.976289 -0
    outer loop
      vertex 19.7569 5.62127 0
      vertex 19.6377 5.6477 4
      vertex 19.7569 5.62127 4
    endloop
  endfacet
  facet normal 0.216471 0.976289 0
    outer loop
      vertex 19.6377 5.6477 4
      vertex 19.7569 5.62127 0
      vertex 19.6377 5.6477 0
    endloop
  endfacet
  facet normal 0.953778 -0.300512 0
    outer loop
      vertex 18.6477 7.36235 4
      vertex 18.6844 7.47883 0
      vertex 18.6844 7.47883 4
    endloop
  endfacet
  facet normal 0.953778 -0.300512 0
    outer loop
      vertex 18.6844 7.47883 0
      vertex 18.6477 7.36235 4
      vertex 18.6477 7.36235 0
    endloop
  endfacet
  facet normal 0.608741 -0.793369 0
    outer loop
      vertex 19.1001 8.07246 0
      vertex 19.197 8.14681 4
      vertex 19.1001 8.07246 4
    endloop
  endfacet
  facet normal 0.608741 -0.793369 0
    outer loop
      vertex 19.197 8.14681 4
      vertex 19.1001 8.07246 0
      vertex 19.197 8.14681 0
    endloop
  endfacet
  facet normal 0.953778 0.300512 0
    outer loop
      vertex 18.6844 6.52117 4
      vertex 18.6477 6.63765 0
      vertex 18.6477 6.63765 4
    endloop
  endfacet
  facet normal 0.953778 0.300512 0
    outer loop
      vertex 18.6477 6.63765 0
      vertex 18.6844 6.52117 4
      vertex 18.6844 6.52117 0
    endloop
  endfacet
  facet normal -0.608741 0.793369 0
    outer loop
      vertex 20.8999 5.92754 0
      vertex 20.803 5.85319 4
      vertex 20.8999 5.92754 4
    endloop
  endfacet
  facet normal -0.608741 0.793369 0
    outer loop
      vertex 20.803 5.85319 4
      vertex 20.8999 5.92754 0
      vertex 20.803 5.85319 0
    endloop
  endfacet
  facet normal 0.0436469 -0.999047 0
    outer loop
      vertex 19.878 8.39467 0
      vertex 20 8.4 4
      vertex 19.878 8.39467 4
    endloop
  endfacet
  facet normal 0.0436469 -0.999047 0
    outer loop
      vertex 20 8.4 4
      vertex 19.878 8.39467 0
      vertex 20 8.4 0
    endloop
  endfacet
  facet normal -0.976356 0.216167 0
    outer loop
      vertex 21.3523 6.63765 0
      vertex 21.3787 6.75689 9.99
      vertex 21.3787 6.75689 0
    endloop
  endfacet
  facet normal -0.976356 0.216167 0
    outer loop
      vertex 21.3787 6.75689 9.99
      vertex 21.3523 6.63765 0
      vertex 21.3523 6.63765 9.99
    endloop
  endfacet
  facet normal -0.991383 0.130995 0
    outer loop
      vertex 21.3787 6.75689 0
      vertex 21.3947 6.87798 9.99
      vertex 21.3947 6.87798 0
    endloop
  endfacet
  facet normal -0.991383 0.130995 0
    outer loop
      vertex 21.3947 6.87798 9.99
      vertex 21.3787 6.75689 0
      vertex 21.3787 6.75689 9.99
    endloop
  endfacet
  facet normal -0.46183 0.886969 0
    outer loop
      vertex 20.7 5.78756 0
      vertex 20.5917 5.73117 4
      vertex 20.7 5.78756 4
    endloop
  endfacet
  facet normal -0.46183 0.886969 0
    outer loop
      vertex 20.5917 5.73117 4
      vertex 20.7 5.78756 0
      vertex 20.5917 5.73117 0
    endloop
  endfacet
  facet normal -0.130501 -0.991448 0
    outer loop
      vertex 20.122 8.39467 0
      vertex 20.2431 8.37873 4
      vertex 20.122 8.39467 4
    endloop
  endfacet
  facet normal -0.130501 -0.991448 -0
    outer loop
      vertex 20.2431 8.37873 4
      vertex 20.122 8.39467 0
      vertex 20.2431 8.37873 0
    endloop
  endfacet
  facet normal 0.300689 -0.953722 0
    outer loop
      vertex 19.5212 8.31557 0
      vertex 19.6377 8.3523 4
      vertex 19.5212 8.31557 4
    endloop
  endfacet
  facet normal 0.300689 -0.953722 0
    outer loop
      vertex 19.6377 8.3523 4
      vertex 19.5212 8.31557 0
      vertex 19.6377 8.3523 0
    endloop
  endfacet
  facet normal -0.130501 0.991448 0
    outer loop
      vertex 20.2431 5.62127 0
      vertex 20.122 5.60533 4
      vertex 20.2431 5.62127 4
    endloop
  endfacet
  facet normal -0.130501 0.991448 0
    outer loop
      vertex 20.122 5.60533 4
      vertex 20.2431 5.62127 0
      vertex 20.122 5.60533 0
    endloop
  endfacet
  facet normal -0.461894 -0.886935 0
    outer loop
      vertex 20.5917 8.26883 0
      vertex 20.7 8.21243 4
      vertex 20.5917 8.26883 4
    endloop
  endfacet
  facet normal -0.461894 -0.886935 -0
    outer loop
      vertex 20.7 8.21243 4
      vertex 20.5917 8.26883 0
      vertex 20.7 8.21243 0
    endloop
  endfacet
  facet normal -0.886987 0.461794 0
    outer loop
      vertex 21.2124 6.3 0
      vertex 21.2688 6.40833 9.99
      vertex 21.2688 6.40833 0
    endloop
  endfacet
  facet normal -0.886987 0.461794 0
    outer loop
      vertex 21.2688 6.40833 9.99
      vertex 21.2124 6.3 0
      vertex 21.2124 6.3 9.99
    endloop
  endfacet
  facet normal -0.953778 0.300512 0
    outer loop
      vertex 21.3156 6.52117 0
      vertex 21.3523 6.63765 9.99
      vertex 21.3523 6.63765 0
    endloop
  endfacet
  facet normal -0.953778 0.300512 0
    outer loop
      vertex 21.3523 6.63765 9.99
      vertex 21.3156 6.52117 0
      vertex 21.3156 6.52117 9.99
    endloop
  endfacet
  facet normal 0.461894 -0.886935 0
    outer loop
      vertex 19.3 8.21243 0
      vertex 19.4083 8.26883 4
      vertex 19.3 8.21243 4
    endloop
  endfacet
  facet normal 0.461894 -0.886935 0
    outer loop
      vertex 19.4083 8.26883 4
      vertex 19.3 8.21243 0
      vertex 19.4083 8.26883 0
    endloop
  endfacet
  facet normal -0.953778 -0.300512 0
    outer loop
      vertex 21.3523 7.36235 0
      vertex 21.3156 7.47883 9.99
      vertex 21.3156 7.47883 0
    endloop
  endfacet
  facet normal -0.953778 -0.300512 0
    outer loop
      vertex 21.3156 7.47883 9.99
      vertex 21.3523 7.36235 0
      vertex 21.3523 7.36235 9.99
    endloop
  endfacet
  facet normal 0.923705 0.383104 0
    outer loop
      vertex 18.7312 6.40833 4
      vertex 18.6844 6.52117 0
      vertex 18.6844 6.52117 4
    endloop
  endfacet
  facet normal 0.923705 0.383104 0
    outer loop
      vertex 18.6844 6.52117 0
      vertex 18.7312 6.40833 4
      vertex 18.7312 6.40833 0
    endloop
  endfacet
  facet normal 0.737341 -0.675521 0
    outer loop
      vertex 18.9275 7.8999 4
      vertex 19.01 7.98995 0
      vertex 19.01 7.98995 4
    endloop
  endfacet
  facet normal 0.737341 -0.675521 0
    outer loop
      vertex 19.01 7.98995 0
      vertex 18.9275 7.8999 4
      vertex 18.9275 7.8999 0
    endloop
  endfacet
  facet normal 0.382511 0.923951 -0
    outer loop
      vertex 19.5212 5.68443 0
      vertex 19.4083 5.73117 4
      vertex 19.5212 5.68443 4
    endloop
  endfacet
  facet normal 0.382511 0.923951 0
    outer loop
      vertex 19.4083 5.73117 4
      vertex 19.5212 5.68443 0
      vertex 19.4083 5.73117 0
    endloop
  endfacet
  facet normal -0.0436469 0.999047 0
    outer loop
      vertex 20.122 5.60533 0
      vertex 20 5.6 4
      vertex 20.122 5.60533 4
    endloop
  endfacet
  facet normal -0.0436469 0.999047 0
    outer loop
      vertex 20 5.6 4
      vertex 20.122 5.60533 0
      vertex 20 5.6 0
    endloop
  endfacet
  facet normal 0.382511 -0.923951 0
    outer loop
      vertex 19.4083 8.26883 0
      vertex 19.5212 8.31557 4
      vertex 19.4083 8.26883 4
    endloop
  endfacet
  facet normal 0.382511 -0.923951 0
    outer loop
      vertex 19.5212 8.31557 4
      vertex 19.4083 8.26883 0
      vertex 19.5212 8.31557 0
    endloop
  endfacet
  facet normal 0.991383 0.130995 0
    outer loop
      vertex 18.6213 6.75689 4
      vertex 18.6053 6.87798 0
      vertex 18.6053 6.87798 4
    endloop
  endfacet
  facet normal 0.991383 0.130995 0
    outer loop
      vertex 18.6053 6.87798 0
      vertex 18.6213 6.75689 4
      vertex 18.6213 6.75689 0
    endloop
  endfacet
  facet normal 0 0 -1
    outer loop
      vertex 21.3947 6.87798 9.99
      vertex 21.3947 7.12202 9.99
      vertex 21.4 7 9.99
    endloop
  endfacet
  facet normal 0 0 -1
    outer loop
      vertex 21.3787 6.75689 9.99
      vertex 21.3947 7.12202 9.99
      vertex 21.3947 6.87798 9.99
    endloop
  endfacet
  facet normal 0 0 -1
    outer loop
      vertex 21.3787 6.75689 9.99
      vertex 21.3787 7.24311 9.99
      vertex 21.3947 7.12202 9.99
    endloop
  endfacet
  facet normal 0 0 -1
    outer loop
      vertex 21.3523 6.63765 9.99
      vertex 21.3787 7.24311 9.99
      vertex 21.3787 6.75689 9.99
    endloop
  endfacet
  facet normal 0 0 -1
    outer loop
      vertex 21.3523 6.63765 9.99
      vertex 21.3523 7.36235 9.99
      vertex 21.3787 7.24311 9.99
    endloop
  endfacet
  facet normal 0 0 -1
    outer loop
      vertex 21.3156 6.52117 9.99
      vertex 21.3523 7.36235 9.99
      vertex 21.3523 6.63765 9.99
    endloop
  endfacet
  facet normal 0 0 -1
    outer loop
      vertex 21.3156 6.52117 9.99
      vertex 21.3156 7.47883 9.99
      vertex 21.3523 7.36235 9.99
    endloop
  endfacet
  facet normal 0 0 -1
    outer loop
      vertex 21.2688 6.40833 9.99
      vertex 21.3156 7.47883 9.99
      vertex 21.3156 6.52117 9.99
    endloop
  endfacet
  facet normal 0 0 -1
    outer loop
      vertex 21.2688 6.40833 9.99
      vertex 21.2688 7.59167 9.99
      vertex 21.3156 7.47883 9.99
    endloop
  endfacet
  facet normal 0 0 -1
    outer loop
      vertex 21.2124 6.3 9.99
      vertex 21.2688 7.59167 9.99
      vertex 21.2688 6.40833 9.99
    endloop
  endfacet
  facet normal 0 0 -1
    outer loop
      vertex 21.2124 6.3 9.99
      vertex 21.2124 7.7 9.99
      vertex 21.2688 7.59167 9.99
    endloop
  endfacet
  facet normal 0 0 -1
    outer loop
      vertex 21.1468 6.19699 9.99
      vertex 21.2124 7.7 9.99
      vertex 21.2124 6.3 9.99
    endloop
  endfacet
  facet normal 0 0 -1
    outer loop
      vertex 21.1468 6.19699 9.99
      vertex 21.1468 7.80301 9.99
      vertex 21.2124 7.7 9.99
    endloop
  endfacet
  facet normal 0 0 -1
    outer loop
      vertex 21.0725 6.1001 9.99
      vertex 21.1468 7.80301 9.99
      vertex 21.1468 6.19699 9.99
    endloop
  endfacet
  facet normal 0 0 -1
    outer loop
      vertex 21.0725 6.1001 9.99
      vertex 21.0725 7.8999 9.99
      vertex 21.1468 7.80301 9.99
    endloop
  endfacet
  facet normal 0 0 -1
    outer loop
      vertex 21 6.02102 9.99
      vertex 21.0725 7.8999 9.99
      vertex 21.0725 6.1001 9.99
    endloop
  endfacet
  facet normal -0 0 -1
    outer loop
      vertex 21.0725 7.8999 9.99
      vertex 21 6.02102 9.99
      vertex 21 7.97898 9.99
    endloop
  endfacet
  facet normal 0.130501 -0.991448 0
    outer loop
      vertex 19.7569 8.37873 0
      vertex 19.878 8.39467 4
      vertex 19.7569 8.37873 4
    endloop
  endfacet
  facet normal 0.130501 -0.991448 0
    outer loop
      vertex 19.878 8.39467 4
      vertex 19.7569 8.37873 0
      vertex 19.878 8.39467 0
    endloop
  endfacet
  facet normal -0.382511 0.923951 0
    outer loop
      vertex 20.5917 5.73117 0
      vertex 20.4788 5.68443 4
      vertex 20.5917 5.73117 4
    endloop
  endfacet
  facet normal -0.382511 0.923951 0
    outer loop
      vertex 20.4788 5.68443 4
      vertex 20.5917 5.73117 0
      vertex 20.4788 5.68443 0
    endloop
  endfacet
  facet normal -0.300689 0.953722 0
    outer loop
      vertex 20.4788 5.68443 0
      vertex 20.3623 5.6477 4
      vertex 20.4788 5.68443 4
    endloop
  endfacet
  facet normal -0.300689 0.953722 0
    outer loop
      vertex 20.3623 5.6477 4
      vertex 20.4788 5.68443 0
      vertex 20.3623 5.6477 0
    endloop
  endfacet
  facet normal 0.537368 0.843348 -0
    outer loop
      vertex 19.3 5.78756 0
      vertex 19.197 5.85319 4
      vertex 19.3 5.78756 4
    endloop
  endfacet
  facet normal 0.537368 0.843348 0
    outer loop
      vertex 19.197 5.85319 4
      vertex 19.3 5.78756 0
      vertex 19.197 5.85319 0
    endloop
  endfacet
  facet normal -0.0436469 -0.999047 0
    outer loop
      vertex 20 8.4 0
      vertex 20.122 8.39467 4
      vertex 20 8.4 4
    endloop
  endfacet
  facet normal -0.0436469 -0.999047 -0
    outer loop
      vertex 20.122 8.39467 4
      vertex 20 8.4 0
      vertex 20.122 8.39467 0
    endloop
  endfacet
  facet normal 0.675361 0.737487 -0
    outer loop
      vertex 19.1001 5.92754 0
      vertex 19.01 6.01005 4
      vertex 19.1001 5.92754 4
    endloop
  endfacet
  facet normal 0.675361 0.737487 0
    outer loop
      vertex 19.01 6.01005 4
      vertex 19.1001 5.92754 0
      vertex 19.01 6.01005 0
    endloop
  endfacet
  facet normal -0.793536 0.608523 0
    outer loop
      vertex 21.0725 6.1001 0
      vertex 21.1468 6.19699 9.99
      vertex 21.1468 6.19699 0
    endloop
  endfacet
  facet normal -0.793536 0.608523 0
    outer loop
      vertex 21.1468 6.19699 9.99
      vertex 21.0725 6.1001 0
      vertex 21.0725 6.1001 9.99
    endloop
  endfacet
  facet normal 0.976356 0.216167 0
    outer loop
      vertex 18.6477 6.63765 4
      vertex 18.6213 6.75689 0
      vertex 18.6213 6.75689 4
    endloop
  endfacet
  facet normal 0.976356 0.216167 0
    outer loop
      vertex 18.6213 6.75689 0
      vertex 18.6477 6.63765 4
      vertex 18.6477 6.63765 0
    endloop
  endfacet
  facet normal 0.976356 -0.216167 0
    outer loop
      vertex 18.6213 7.24311 4
      vertex 18.6477 7.36235 0
      vertex 18.6477 7.36235 4
    endloop
  endfacet
  facet normal 0.976356 -0.216167 0
    outer loop
      vertex 18.6477 7.36235 0
      vertex 18.6213 7.24311 4
      vertex 18.6213 7.24311 0
    endloop
  endfacet
  facet normal 0.991383 -0.130995 0
    outer loop
      vertex 18.6053 7.12202 4
      vertex 18.6213 7.24311 0
      vertex 18.6213 7.24311 4
    endloop
  endfacet
  facet normal 0.991383 -0.130995 0
    outer loop
      vertex 18.6213 7.24311 0
      vertex 18.6053 7.12202 4
      vertex 18.6053 7.12202 0
    endloop
  endfacet
  facet normal -0.216471 -0.976289 0
    outer loop
      vertex 20.2431 8.37873 0
      vertex 20.3623 8.3523 4
      vertex 20.2431 8.37873 4
    endloop
  endfacet
  facet normal -0.216471 -0.976289 -0
    outer loop
      vertex 20.3623 8.3523 4
      vertex 20.2431 8.37873 0
      vertex 20.3623 8.3523 0
    endloop
  endfacet
  facet normal -0.735677 -0.677333 0
    outer loop
      vertex 20.9899 7.98995 0
      vertex 21 7.97898 4
      vertex 20.9899 7.98995 4
    endloop
  endfacet
  facet normal -0.736933 -0.675965 6.92128e-06
    outer loop
      vertex 21.0725 7.8999 0
      vertex 21 7.97898 4
      vertex 20.9899 7.98995 0
    endloop
  endfacet
  facet normal -0.737108 -0.675775 -0
    outer loop
      vertex 21.0725 7.8999 9.99
      vertex 21 7.97898 4
      vertex 21.0725 7.8999 0
    endloop
  endfacet
  facet normal -0.737108 -0.675775 0
    outer loop
      vertex 21 7.97898 4
      vertex 21.0725 7.8999 9.99
      vertex 21 7.97898 9.99
    endloop
  endfacet
  facet normal -0.793536 -0.608523 0
    outer loop
      vertex 21.1468 7.80301 0
      vertex 21.0725 7.8999 9.99
      vertex 21.0725 7.8999 0
    endloop
  endfacet
  facet normal -0.793536 -0.608523 0
    outer loop
      vertex 21.0725 7.8999 9.99
      vertex 21.1468 7.80301 0
      vertex 21.1468 7.80301 9.99
    endloop
  endfacet
  facet normal 0.53731 -0.843385 0
    outer loop
      vertex 19.197 8.14681 0
      vertex 19.3 8.21243 4
      vertex 19.197 8.14681 4
    endloop
  endfacet
  facet normal 0.53731 -0.843385 0
    outer loop
      vertex 19.3 8.21243 4
      vertex 19.197 8.14681 0
      vertex 19.3 8.21243 0
    endloop
  endfacet
  facet normal 0.999058 -0.0433946 0
    outer loop
      vertex 18.6 7 4
      vertex 18.6053 7.12202 0
      vertex 18.6053 7.12202 4
    endloop
  endfacet
  facet normal 0.999058 -0.0433946 0
    outer loop
      vertex 18.6053 7.12202 0
      vertex 18.6 7 4
      vertex 18.6 7 0
    endloop
  endfacet
  facet normal -0.537368 0.843348 0
    outer loop
      vertex 20.803 5.85319 0
      vertex 20.7 5.78756 4
      vertex 20.803 5.85319 4
    endloop
  endfacet
  facet normal -0.537368 0.843348 0
    outer loop
      vertex 20.7 5.78756 4
      vertex 20.803 5.85319 0
      vertex 20.7 5.78756 0
    endloop
  endfacet
  facet normal -0.737108 0.675775 0
    outer loop
      vertex 21.0725 6.1001 0
      vertex 21 6.02102 4
      vertex 21.0725 6.1001 9.99
    endloop
  endfacet
  facet normal -0.736933 0.675965 6.92128e-06
    outer loop
      vertex 20.9899 6.01005 0
      vertex 21 6.02102 4
      vertex 21.0725 6.1001 0
    endloop
  endfacet
  facet normal -0.735677 0.677333 0
    outer loop
      vertex 21 6.02102 4
      vertex 20.9899 6.01005 0
      vertex 20.9899 6.01005 4
    endloop
  endfacet
  facet normal -0.737108 0.675775 0
    outer loop
      vertex 21.0725 6.1001 9.99
      vertex 21 6.02102 4
      vertex 21 6.02102 9.99
    endloop
  endfacet
  facet normal -0.675769 0.737113 0
    outer loop
      vertex 20.9899 6.01005 0
      vertex 20.8999 5.92754 4
      vertex 20.9899 6.01005 4
    endloop
  endfacet
  facet normal -0.675769 0.737113 0
    outer loop
      vertex 20.8999 5.92754 4
      vertex 20.9899 6.01005 0
      vertex 20.8999 5.92754 0
    endloop
  endfacet
  facet normal 0.608741 0.793369 -0
    outer loop
      vertex 19.197 5.85319 0
      vertex 19.1001 5.92754 4
      vertex 19.197 5.85319 4
    endloop
  endfacet
  facet normal 0.608741 0.793369 0
    outer loop
      vertex 19.1001 5.92754 4
      vertex 19.197 5.85319 0
      vertex 19.1001 5.92754 0
    endloop
  endfacet
  facet normal -1 0 0
    outer loop
      vertex -35.5 16.3178 27.9763
      vertex -35.5 19.1176 31.6385
      vertex -35.5 19.7413 28.704
    endloop
  endfacet
  facet normal -1 0 0
    outer loop
      vertex -35.5 19.1176 31.6385
      vertex -35.5 16.3178 27.9763
      vertex -35.5 15.6941 30.9108
    endloop
  endfacet
  facet normal 1 0 0
    outer loop
      vertex -40.5 19.1176 31.6385
      vertex -40.5 16.3178 27.9763
      vertex -40.5 19.7413 28.704
    endloop
  endfacet
  facet normal 1 0 -0
    outer loop
      vertex -40.5 16.3178 27.9763
      vertex -40.5 19.1176 31.6385
      vertex -40.5 15.6941 30.9108
    endloop
  endfacet
  facet normal 0 -0.978151 -0.207897
    outer loop
      vertex -40.5 19.7413 28.704
      vertex -35.5 19.1176 31.6385
      vertex -40.5 19.1176 31.6385
    endloop
  endfacet
  facet normal 0 -0.978151 -0.207897
    outer loop
      vertex -35.5 19.1176 31.6385
      vertex -40.5 19.7413 28.704
      vertex -35.5 19.7413 28.704
    endloop
  endfacet
  facet normal 0 0.978151 0.207897
    outer loop
      vertex -35.5 16.3178 27.9763
      vertex -40.5 15.6941 30.9108
      vertex -35.5 15.6941 30.9108
    endloop
  endfacet
  facet normal 0 0.978151 0.207897
    outer loop
      vertex -40.5 15.6941 30.9108
      vertex -35.5 16.3178 27.9763
      vertex -40.5 16.3178 27.9763
    endloop
  endfacet
  facet normal -1 0 0
    outer loop
      vertex 40.5 16.3178 27.9763
      vertex 40.5 19.1176 31.6385
      vertex 40.5 19.7413 28.704
    endloop
  endfacet
  facet normal -1 0 0
    outer loop
      vertex 40.5 19.1176 31.6385
      vertex 40.5 16.3178 27.9763
      vertex 40.5 15.6941 30.9108
    endloop
  endfacet
  facet normal 1 0 0
    outer loop
      vertex 35.5 19.1176 31.6385
      vertex 35.5 16.3178 27.9763
      vertex 35.5 19.7413 28.704
    endloop
  endfacet
  facet normal 1 0 -0
    outer loop
      vertex 35.5 16.3178 27.9763
      vertex 35.5 19.1176 31.6385
      vertex 35.5 15.6941 30.9108
    endloop
  endfacet
  facet normal 0 -0.978151 -0.207897
    outer loop
      vertex 35.5 19.7413 28.704
      vertex 40.5 19.1176 31.6385
      vertex 35.5 19.1176 31.6385
    endloop
  endfacet
  facet normal 0 -0.978151 -0.207897
    outer loop
      vertex 40.5 19.1176 31.6385
      vertex 35.5 19.7413 28.704
      vertex 40.5 19.7413 28.704
    endloop
  endfacet
  facet normal 0 0.978151 0.207897
    outer loop
      vertex 40.5 16.3178 27.9763
      vertex 35.5 15.6941 30.9108
      vertex 40.5 15.6941 30.9108
    endloop
  endfacet
  facet normal 0 0.978151 0.207897
    outer loop
      vertex 35.5 15.6941 30.9108
      vertex 40.5 16.3178 27.9763
      vertex 35.5 16.3178 27.9763
    endloop
  endfacet
endsolid OpenSCAD_Model
