solid OpenSCAD_Model
  facet normal 0 0.953715 0.300711
    outer loop
      vertex -30 14.4889 34.8823
      vertex -35 14.0954 36.1303
      vertex -30 14.0954 36.1303
    endloop
  endfacet
  facet normal 0 0.953715 0.300711
    outer loop
      vertex -35 14.0954 36.1303
      vertex -30 14.4889 34.8823
      vertex -35 14.4889 34.8823
    endloop
  endfacet
  facet normal -1 0 0
    outer loop
      vertex -35 42 0
      vertex -35 22 5
      vertex -35 42 5
    endloop
  endfacet
  facet normal -1 0 0
    outer loop
      vertex -35 2.03002 29.2966
      vertex -35 14.4889 34.8823
      vertex -35 22 5
    endloop
  endfacet
  facet normal -1 0 -0
    outer loop
      vertex -35 2.29497 29.675
      vertex -35 14.4889 34.8823
      vertex -35 2.17075 29.48
    endloop
  endfacet
  facet normal -1 0 -0
    outer loop
      vertex -35 2.49018 30.0936
      vertex -35 14.4889 34.8823
      vertex -35 2.40172 29.8801
    endloop
  endfacet
  facet normal -1 0 -0
    outer loop
      vertex -35 2.60974 30.5398
      vertex -35 14.4889 34.8823
      vertex -35 2.5597 30.3141
    endloop
  endfacet
  facet normal -1 0 -0
    outer loop
      vertex -35 2.63992 30.769
      vertex -35 14.4889 34.8823
      vertex -35 2.60974 30.5398
    endloop
  endfacet
  facet normal -1 0 0
    outer loop
      vertex -35 2.63992 31.231
      vertex -35 14.4889 34.8823
      vertex -35 2.65 31
    endloop
  endfacet
  facet normal -1 0 0
    outer loop
      vertex -35 2.5597 31.6859
      vertex -35 14.4889 34.8823
      vertex -35 2.60974 31.4602
    endloop
  endfacet
  facet normal -1 0 0
    outer loop
      vertex -35 2.49018 31.9064
      vertex -35 14.0954 36.1303
      vertex -35 2.5597 31.6859
    endloop
  endfacet
  facet normal -1 0 0
    outer loop
      vertex -35 2.40172 32.1199
      vertex -35 13.5946 37.3393
      vertex -35 2.49018 31.9064
    endloop
  endfacet
  facet normal -1 -0 0
    outer loop
      vertex -35 13.5946 37.3393
      vertex -35 2.40172 32.1199
      vertex -35 12.9904 38.5
    endloop
  endfacet
  facet normal -1 -0 0
    outer loop
      vertex -35 12.9904 38.5
      vertex -35 2.29497 32.325
      vertex -35 12.2873 39.6036
    endloop
  endfacet
  facet normal -1 -0 0
    outer loop
      vertex -35 12.2873 39.6036
      vertex -35 2.17075 32.52
      vertex -35 11.4907 40.6418
    endloop
  endfacet
  facet normal -1 0 0
    outer loop
      vertex -35 2.17075 32.52
      vertex -35 12.2873 39.6036
      vertex -35 2.29497 32.325
    endloop
  endfacet
  facet normal -1 0 0
    outer loop
      vertex -35 2.29497 32.325
      vertex -35 12.9904 38.5
      vertex -35 2.40172 32.1199
    endloop
  endfacet
  facet normal -1 -0 0
    outer loop
      vertex -35 14.0954 36.1303
      vertex -35 2.49018 31.9064
      vertex -35 13.5946 37.3393
    endloop
  endfacet
  facet normal -1 -0 0
    outer loop
      vertex -35 14.4889 34.8823
      vertex -35 2.5597 31.6859
      vertex -35 14.0954 36.1303
    endloop
  endfacet
  facet normal -1 0 0
    outer loop
      vertex -35 2.60974 31.4602
      vertex -35 14.4889 34.8823
      vertex -35 2.63992 31.231
    endloop
  endfacet
  facet normal -1 0 -0
    outer loop
      vertex -35 2.65 31
      vertex -35 14.4889 34.8823
      vertex -35 2.63992 30.769
    endloop
  endfacet
  facet normal -1 0 -0
    outer loop
      vertex -35 2.5597 30.3141
      vertex -35 14.4889 34.8823
      vertex -35 2.49018 30.0936
    endloop
  endfacet
  facet normal -1 0 -0
    outer loop
      vertex -35 2.40172 29.8801
      vertex -35 14.4889 34.8823
      vertex -35 2.29497 29.675
    endloop
  endfacet
  facet normal -1 0 0
    outer loop
      vertex -35 14.4889 34.8823
      vertex -35 2.03002 29.2966
      vertex -35 2.17075 29.48
    endloop
  endfacet
  facet normal -1 0 0
    outer loop
      vertex -35 22 5
      vertex -35 1.87383 29.1262
      vertex -35 2.03002 29.2966
    endloop
  endfacet
  facet normal -1 0 0
    outer loop
      vertex -35 22 5
      vertex -35 1.70339 28.97
      vertex -35 1.87383 29.1262
    endloop
  endfacet
  facet normal -1 0 0
    outer loop
      vertex -35 22 5
      vertex -35 1.51998 28.8292
      vertex -35 1.70339 28.97
    endloop
  endfacet
  facet normal -1 0 0
    outer loop
      vertex -35 22 5
      vertex -35 1.325 28.705
      vertex -35 1.51998 28.8292
    endloop
  endfacet
  facet normal -1 0 0
    outer loop
      vertex -35 22 5
      vertex -35 1.11994 28.5983
      vertex -35 1.325 28.705
    endloop
  endfacet
  facet normal -1 0 0
    outer loop
      vertex -35 22 5
      vertex -35 0.906353 28.5098
      vertex -35 1.11994 28.5983
    endloop
  endfacet
  facet normal -1 0 0
    outer loop
      vertex -35 22 5
      vertex -35 0.68587 28.4403
      vertex -35 0.906353 28.5098
    endloop
  endfacet
  facet normal -1 0 0
    outer loop
      vertex -35 22 5
      vertex -35 0.460167 28.3903
      vertex -35 0.68587 28.4403
    endloop
  endfacet
  facet normal -1 0 0
    outer loop
      vertex -35 22 5
      vertex -35 0.230962 28.3601
      vertex -35 0.460167 28.3903
    endloop
  endfacet
  facet normal -1 0 0
    outer loop
      vertex -35 22 5
      vertex -35 0 28.35
      vertex -35 0.230962 28.3601
    endloop
  endfacet
  facet normal -1 0 0
    outer loop
      vertex -35 -22 5
      vertex -35 0 28.35
      vertex -35 22 5
    endloop
  endfacet
  facet normal -1 -0 0
    outer loop
      vertex -35 0 28.35
      vertex -35 -22 5
      vertex -35 -0.230962 28.3601
    endloop
  endfacet
  facet normal -1 -0 0
    outer loop
      vertex -35 -0.230962 28.3601
      vertex -35 -22 5
      vertex -35 -0.460167 28.3903
    endloop
  endfacet
  facet normal -1 -0 0
    outer loop
      vertex -35 -0.460167 28.3903
      vertex -35 -22 5
      vertex -35 -0.68587 28.4403
    endloop
  endfacet
  facet normal -1 -0 0
    outer loop
      vertex -35 -0.68587 28.4403
      vertex -35 -22 5
      vertex -35 -0.906353 28.5098
    endloop
  endfacet
  facet normal -1 -0 0
    outer loop
      vertex -35 -0.906353 28.5098
      vertex -35 -22 5
      vertex -35 -1.11994 28.5983
    endloop
  endfacet
  facet normal -1 -0 0
    outer loop
      vertex -35 -1.11994 28.5983
      vertex -35 -22 5
      vertex -35 -1.325 28.705
    endloop
  endfacet
  facet normal -1 -0 0
    outer loop
      vertex -35 -1.325 28.705
      vertex -35 -22 5
      vertex -35 -1.51998 28.8292
    endloop
  endfacet
  facet normal -1 -0 0
    outer loop
      vertex -35 -1.51998 28.8292
      vertex -35 -22 5
      vertex -35 -1.70339 28.97
    endloop
  endfacet
  facet normal -1 0 0
    outer loop
      vertex -35 -14.4889 34.8823
      vertex -35 -2.65 31
      vertex -35 -2.63992 30.769
    endloop
  endfacet
  facet normal -1 0 0
    outer loop
      vertex -35 -2.65 31
      vertex -35 -5.1303 45.0954
      vertex -35 -3.88229 45.4889
    endloop
  endfacet
  facet normal -1 0 0
    outer loop
      vertex -35 -14.4889 34.8823
      vertex -35 -2.63992 30.769
      vertex -35 -2.60974 30.5398
    endloop
  endfacet
  facet normal -1 0 0
    outer loop
      vertex -35 -2.65 31
      vertex -35 -6.33927 44.5946
      vertex -35 -5.1303 45.0954
    endloop
  endfacet
  facet normal -1 0 0
    outer loop
      vertex -35 -14.4889 34.8823
      vertex -35 -2.60974 30.5398
      vertex -35 -2.5597 30.3141
    endloop
  endfacet
  facet normal -1 0 0
    outer loop
      vertex -35 -2.65 31
      vertex -35 -7.5 43.9904
      vertex -35 -6.33927 44.5946
    endloop
  endfacet
  facet normal -1 0 0
    outer loop
      vertex -35 -14.4889 34.8823
      vertex -35 -2.5597 30.3141
      vertex -35 -2.49018 30.0936
    endloop
  endfacet
  facet normal -1 0 0
    outer loop
      vertex -35 -2.65 31
      vertex -35 -8.60365 43.2873
      vertex -35 -7.5 43.9904
    endloop
  endfacet
  facet normal -1 0 0
    outer loop
      vertex -35 -14.4889 34.8823
      vertex -35 -2.49018 30.0936
      vertex -35 -2.40172 29.8801
    endloop
  endfacet
  facet normal -1 0 0
    outer loop
      vertex -35 -2.65 31
      vertex -35 -9.64181 42.4907
      vertex -35 -8.60365 43.2873
    endloop
  endfacet
  facet normal -1 0 0
    outer loop
      vertex -35 -14.4889 34.8823
      vertex -35 -2.40172 29.8801
      vertex -35 -2.29497 29.675
    endloop
  endfacet
  facet normal -1 0 0
    outer loop
      vertex -35 -2.65 31
      vertex -35 -10.6066 41.6066
      vertex -35 -9.64181 42.4907
    endloop
  endfacet
  facet normal -1 0 0
    outer loop
      vertex -35 -14.4889 34.8823
      vertex -35 -2.29497 29.675
      vertex -35 -2.17075 29.48
    endloop
  endfacet
  facet normal -1 0 0
    outer loop
      vertex -35 -2.65 31
      vertex -35 -11.4907 40.6418
      vertex -35 -10.6066 41.6066
    endloop
  endfacet
  facet normal -1 0 0
    outer loop
      vertex -35 -14.4889 34.8823
      vertex -35 -2.17075 29.48
      vertex -35 -2.03002 29.2966
    endloop
  endfacet
  facet normal -1 0 0
    outer loop
      vertex -35 -2.65 31
      vertex -35 -12.2873 39.6036
      vertex -35 -11.4907 40.6418
    endloop
  endfacet
  facet normal -1 0 0
    outer loop
      vertex -35 -22 5
      vertex -35 -2.03002 29.2966
      vertex -35 -1.87383 29.1262
    endloop
  endfacet
  facet normal -1 -0 0
    outer loop
      vertex -35 -1.70339 28.97
      vertex -35 -22 5
      vertex -35 -1.87383 29.1262
    endloop
  endfacet
  facet normal -1 0 0
    outer loop
      vertex -35 -2.65 31
      vertex -35 -14.4889 34.8823
      vertex -35 -14.0954 36.1303
    endloop
  endfacet
  facet normal -1 0 0
    outer loop
      vertex -35 -2.65 31
      vertex -35 -12.9904 38.5
      vertex -35 -12.2873 39.6036
    endloop
  endfacet
  facet normal -1 0 0
    outer loop
      vertex -35 -2.65 31
      vertex -35 -13.5946 37.3393
      vertex -35 -12.9904 38.5
    endloop
  endfacet
  facet normal -1 0 0
    outer loop
      vertex -35 -2.65 31
      vertex -35 -14.0954 36.1303
      vertex -35 -13.5946 37.3393
    endloop
  endfacet
  facet normal -1 -0 0
    outer loop
      vertex -35 -2.03002 29.2966
      vertex -35 -22 5
      vertex -35 -14.4889 34.8823
    endloop
  endfacet
  facet normal -1 0 0
    outer loop
      vertex -35 42 0
      vertex -35 -22 5
      vertex -35 22 5
    endloop
  endfacet
  facet normal -1 0 0
    outer loop
      vertex -35 -42 0
      vertex -35 -22 5
      vertex -35 42 0
    endloop
  endfacet
  facet normal -1 -0 0
    outer loop
      vertex -35 -22 5
      vertex -35 -42 0
      vertex -35 -42 5
    endloop
  endfacet
  facet normal -1 0 0
    outer loop
      vertex -35 2.03002 32.7034
      vertex -35 11.4907 40.6418
      vertex -35 2.17075 32.52
    endloop
  endfacet
  facet normal -1 -0 0
    outer loop
      vertex -35 11.4907 40.6418
      vertex -35 2.03002 32.7034
      vertex -35 10.6066 41.6066
    endloop
  endfacet
  facet normal -1 0 0
    outer loop
      vertex -35 1.87383 32.8738
      vertex -35 10.6066 41.6066
      vertex -35 2.03002 32.7034
    endloop
  endfacet
  facet normal -1 -0 0
    outer loop
      vertex -35 10.6066 41.6066
      vertex -35 1.87383 32.8738
      vertex -35 9.64181 42.4907
    endloop
  endfacet
  facet normal -1 0 0
    outer loop
      vertex -35 1.70339 33.03
      vertex -35 9.64181 42.4907
      vertex -35 1.87383 32.8738
    endloop
  endfacet
  facet normal -1 -0 0
    outer loop
      vertex -35 9.64181 42.4907
      vertex -35 1.70339 33.03
      vertex -35 8.60365 43.2873
    endloop
  endfacet
  facet normal -1 0 0
    outer loop
      vertex -35 1.51998 33.1708
      vertex -35 8.60365 43.2873
      vertex -35 1.70339 33.03
    endloop
  endfacet
  facet normal -1 -0 0
    outer loop
      vertex -35 8.60365 43.2873
      vertex -35 1.51998 33.1708
      vertex -35 7.5 43.9904
    endloop
  endfacet
  facet normal -1 0 0
    outer loop
      vertex -35 1.325 33.295
      vertex -35 7.5 43.9904
      vertex -35 1.51998 33.1708
    endloop
  endfacet
  facet normal -1 -0 0
    outer loop
      vertex -35 7.5 43.9904
      vertex -35 1.325 33.295
      vertex -35 6.33927 44.5946
    endloop
  endfacet
  facet normal -1 0 0
    outer loop
      vertex -35 1.11994 33.4017
      vertex -35 6.33927 44.5946
      vertex -35 1.325 33.295
    endloop
  endfacet
  facet normal -1 -0 0
    outer loop
      vertex -35 6.33927 44.5946
      vertex -35 1.11994 33.4017
      vertex -35 5.1303 45.0954
    endloop
  endfacet
  facet normal -1 0 0
    outer loop
      vertex -35 0.906353 33.4902
      vertex -35 5.1303 45.0954
      vertex -35 1.11994 33.4017
    endloop
  endfacet
  facet normal -1 -0 0
    outer loop
      vertex -35 5.1303 45.0954
      vertex -35 0.906353 33.4902
      vertex -35 3.88229 45.4889
    endloop
  endfacet
  facet normal -1 0 0
    outer loop
      vertex -35 0.68587 33.5597
      vertex -35 3.88229 45.4889
      vertex -35 0.906353 33.4902
    endloop
  endfacet
  facet normal -1 -0 0
    outer loop
      vertex -35 3.88229 45.4889
      vertex -35 0.68587 33.5597
      vertex -35 2.60472 45.7721
    endloop
  endfacet
  facet normal -1 0 0
    outer loop
      vertex -35 0.460167 33.6097
      vertex -35 2.60472 45.7721
      vertex -35 0.68587 33.5597
    endloop
  endfacet
  facet normal -1 -0 0
    outer loop
      vertex -35 2.60472 45.7721
      vertex -35 0.460167 33.6097
      vertex -35 1.30734 45.9429
    endloop
  endfacet
  facet normal -1 0 0
    outer loop
      vertex -35 0.230962 33.6399
      vertex -35 1.30734 45.9429
      vertex -35 0.460167 33.6097
    endloop
  endfacet
  facet normal -1 0 0
    outer loop
      vertex -35 0 33.65
      vertex -35 1.30734 45.9429
      vertex -35 0.230962 33.6399
    endloop
  endfacet
  facet normal -1 0 0
    outer loop
      vertex -35 0 33.65
      vertex -35 0 46
      vertex -35 1.30734 45.9429
    endloop
  endfacet
  facet normal -1 0 0
    outer loop
      vertex -35 -0.230962 33.6399
      vertex -35 0 46
      vertex -35 0 33.65
    endloop
  endfacet
  facet normal -1 0 0
    outer loop
      vertex -35 -1.30734 45.9429
      vertex -35 -0.230962 33.6399
      vertex -35 -0.460167 33.6097
    endloop
  endfacet
  facet normal -1 0 0
    outer loop
      vertex -35 -2.60472 45.7721
      vertex -35 -0.460167 33.6097
      vertex -35 -0.68587 33.5597
    endloop
  endfacet
  facet normal -1 0 0
    outer loop
      vertex -35 -3.88229 45.4889
      vertex -35 -0.68587 33.5597
      vertex -35 -0.906353 33.4902
    endloop
  endfacet
  facet normal -1 0 0
    outer loop
      vertex -35 -3.88229 45.4889
      vertex -35 -0.906353 33.4902
      vertex -35 -1.11994 33.4017
    endloop
  endfacet
  facet normal -1 0 0
    outer loop
      vertex -35 -0.230962 33.6399
      vertex -35 -1.30734 45.9429
      vertex -35 0 46
    endloop
  endfacet
  facet normal -1 0 0
    outer loop
      vertex -35 -3.88229 45.4889
      vertex -35 -1.11994 33.4017
      vertex -35 -1.325 33.295
    endloop
  endfacet
  facet normal -1 0 0
    outer loop
      vertex -35 -3.88229 45.4889
      vertex -35 -1.325 33.295
      vertex -35 -1.51998 33.1708
    endloop
  endfacet
  facet normal -1 0 0
    outer loop
      vertex -35 -3.88229 45.4889
      vertex -35 -1.51998 33.1708
      vertex -35 -1.70339 33.03
    endloop
  endfacet
  facet normal -1 0 0
    outer loop
      vertex -35 -3.88229 45.4889
      vertex -35 -1.70339 33.03
      vertex -35 -1.87383 32.8738
    endloop
  endfacet
  facet normal -1 0 0
    outer loop
      vertex -35 -3.88229 45.4889
      vertex -35 -1.87383 32.8738
      vertex -35 -2.03002 32.7034
    endloop
  endfacet
  facet normal -1 0 0
    outer loop
      vertex -35 -3.88229 45.4889
      vertex -35 -2.03002 32.7034
      vertex -35 -2.17075 32.52
    endloop
  endfacet
  facet normal -1 0 0
    outer loop
      vertex -35 -3.88229 45.4889
      vertex -35 -2.17075 32.52
      vertex -35 -2.29497 32.325
    endloop
  endfacet
  facet normal -1 0 0
    outer loop
      vertex -35 -3.88229 45.4889
      vertex -35 -2.29497 32.325
      vertex -35 -2.40172 32.1199
    endloop
  endfacet
  facet normal -1 0 0
    outer loop
      vertex -35 -3.88229 45.4889
      vertex -35 -2.40172 32.1199
      vertex -35 -2.49018 31.9064
    endloop
  endfacet
  facet normal -1 0 0
    outer loop
      vertex -35 -3.88229 45.4889
      vertex -35 -2.49018 31.9064
      vertex -35 -2.5597 31.6859
    endloop
  endfacet
  facet normal -1 0 0
    outer loop
      vertex -35 -0.460167 33.6097
      vertex -35 -2.60472 45.7721
      vertex -35 -1.30734 45.9429
    endloop
  endfacet
  facet normal -1 0 0
    outer loop
      vertex -35 -3.88229 45.4889
      vertex -35 -2.5597 31.6859
      vertex -35 -2.60974 31.4602
    endloop
  endfacet
  facet normal -1 0 0
    outer loop
      vertex -35 -3.88229 45.4889
      vertex -35 -2.60974 31.4602
      vertex -35 -2.63992 31.231
    endloop
  endfacet
  facet normal -1 0 0
    outer loop
      vertex -35 -3.88229 45.4889
      vertex -35 -2.63992 31.231
      vertex -35 -2.65 31
    endloop
  endfacet
  facet normal -1 0 0
    outer loop
      vertex -35 -0.68587 33.5597
      vertex -35 -3.88229 45.4889
      vertex -35 -2.60472 45.7721
    endloop
  endfacet
  facet normal 0 0 -1
    outer loop
      vertex 35 -42 0
      vertex 24.1 -24 0
      vertex 35 42 0
    endloop
  endfacet
  facet normal 0 0 -1
    outer loop
      vertex 35 -42 0
      vertex 24.092 -24.183 0
      vertex 24.1 -24 0
    endloop
  endfacet
  facet normal 0 0 -1
    outer loop
      vertex 35 -42 0
      vertex 24.0681 -24.3647 0
      vertex 24.092 -24.183 0
    endloop
  endfacet
  facet normal 0 0 -1
    outer loop
      vertex 35 -42 0
      vertex 24.0284 -24.5435 0
      vertex 24.0681 -24.3647 0
    endloop
  endfacet
  facet normal 0 0 -1
    outer loop
      vertex 35 -42 0
      vertex 23.9734 -24.7182 0
      vertex 24.0284 -24.5435 0
    endloop
  endfacet
  facet normal 0 0 -1
    outer loop
      vertex 35 -42 0
      vertex 23.9032 -24.8875 0
      vertex 23.9734 -24.7182 0
    endloop
  endfacet
  facet normal 0 0 -1
    outer loop
      vertex 35 -42 0
      vertex 23.8187 -25.05 0
      vertex 23.9032 -24.8875 0
    endloop
  endfacet
  facet normal 0 0 -1
    outer loop
      vertex 35 -42 0
      vertex 23.7202 -25.2045 0
      vertex 23.8187 -25.05 0
    endloop
  endfacet
  facet normal 0 0 -1
    outer loop
      vertex 35 -42 0
      vertex 23.6087 -25.3499 0
      vertex 23.7202 -25.2045 0
    endloop
  endfacet
  facet normal 0 0 -1
    outer loop
      vertex 35 -42 0
      vertex 23.4849 -25.4849 0
      vertex 23.6087 -25.3499 0
    endloop
  endfacet
  facet normal 0 0 -1
    outer loop
      vertex 35 -42 0
      vertex 23.3499 -25.6087 0
      vertex 23.4849 -25.4849 0
    endloop
  endfacet
  facet normal 0 0 -1
    outer loop
      vertex 35 -42 0
      vertex 23.2045 -25.7202 0
      vertex 23.3499 -25.6087 0
    endloop
  endfacet
  facet normal 0 0 -1
    outer loop
      vertex 35 -42 0
      vertex 23.05 -25.8187 0
      vertex 23.2045 -25.7202 0
    endloop
  endfacet
  facet normal 0 0 -1
    outer loop
      vertex 35 -42 0
      vertex 22.8875 -25.9032 0
      vertex 23.05 -25.8187 0
    endloop
  endfacet
  facet normal 0 0 -1
    outer loop
      vertex 35 -42 0
      vertex 22.7182 -25.9734 0
      vertex 22.8875 -25.9032 0
    endloop
  endfacet
  facet normal 0 0 -1
    outer loop
      vertex 35 -42 0
      vertex 22.5435 -26.0284 0
      vertex 22.7182 -25.9734 0
    endloop
  endfacet
  facet normal 0 0 -1
    outer loop
      vertex 35 -42 0
      vertex 22.3647 -26.0681 0
      vertex 22.5435 -26.0284 0
    endloop
  endfacet
  facet normal 0 0 -1
    outer loop
      vertex 35 -42 0
      vertex 22.183 -26.092 0
      vertex 22.3647 -26.0681 0
    endloop
  endfacet
  facet normal 0 0 -1
    outer loop
      vertex 35 -42 0
      vertex 22 -26.1 0
      vertex 22.183 -26.092 0
    endloop
  endfacet
  facet normal 0 0 -1
    outer loop
      vertex 35 -42 0
      vertex 21.817 -26.092 0
      vertex 22 -26.1 0
    endloop
  endfacet
  facet normal 0 0 -1
    outer loop
      vertex 35 -42 0
      vertex 21.6353 -26.0681 0
      vertex 21.817 -26.092 0
    endloop
  endfacet
  facet normal 0 0 -1
    outer loop
      vertex 35 -42 0
      vertex 21.4565 -26.0284 0
      vertex 21.6353 -26.0681 0
    endloop
  endfacet
  facet normal 0 0 -1
    outer loop
      vertex 35 -42 0
      vertex 21.2818 -25.9734 0
      vertex 21.4565 -26.0284 0
    endloop
  endfacet
  facet normal 0 0 -1
    outer loop
      vertex 35 -42 0
      vertex 21.1125 -25.9032 0
      vertex 21.2818 -25.9734 0
    endloop
  endfacet
  facet normal 0 0 -1
    outer loop
      vertex 35 -42 0
      vertex 20.95 -25.8187 0
      vertex 21.1125 -25.9032 0
    endloop
  endfacet
  facet normal 0 0 -1
    outer loop
      vertex 1.30734 -20.9429 0
      vertex 20.95 -25.8187 0
      vertex 35 -42 0
    endloop
  endfacet
  facet normal 0 0 -1
    outer loop
      vertex 20.95 -25.8187 0
      vertex 1.30734 -20.9429 0
      vertex 20.7955 -25.7202 0
    endloop
  endfacet
  facet normal 0 -0 -1
    outer loop
      vertex 2.60472 -20.7721 0
      vertex 20.7955 -25.7202 0
      vertex 1.30734 -20.9429 0
    endloop
  endfacet
  facet normal 0 0 -1
    outer loop
      vertex 20.7955 -25.7202 0
      vertex 2.60472 -20.7721 0
      vertex 20.6501 -25.6087 0
    endloop
  endfacet
  facet normal 0 0 -1
    outer loop
      vertex 14.9429 -4.69266 0
      vertex 19.9 -24 0
      vertex 15 -6 0
    endloop
  endfacet
  facet normal 0 0 -1
    outer loop
      vertex 8.60365 -18.2873 0
      vertex 19.9 -24 0
      vertex 19.908 -24.183 0
    endloop
  endfacet
  facet normal 0 0 -1
    outer loop
      vertex 7.5 -18.9904 0
      vertex 19.908 -24.183 0
      vertex 19.9319 -24.3647 0
    endloop
  endfacet
  facet normal 0 0 -1
    outer loop
      vertex 7.5 -18.9904 0
      vertex 19.9319 -24.3647 0
      vertex 19.9716 -24.5435 0
    endloop
  endfacet
  facet normal 0 0 -1
    outer loop
      vertex 19.9 -24 0
      vertex 14.9429 -7.30734 0
      vertex 15 -6 0
    endloop
  endfacet
  facet normal 0 0 -1
    outer loop
      vertex 19.9 -24 0
      vertex 14.7721 -8.60472 0
      vertex 14.9429 -7.30734 0
    endloop
  endfacet
  facet normal 0 0 -1
    outer loop
      vertex 7.5 -18.9904 0
      vertex 19.9716 -24.5435 0
      vertex 20.0266 -24.7182 0
    endloop
  endfacet
  facet normal 0 0 -1
    outer loop
      vertex 19.9 -24 0
      vertex 14.4889 -9.88229 0
      vertex 14.7721 -8.60472 0
    endloop
  endfacet
  facet normal 0 0 -1
    outer loop
      vertex 19.9 -24 0
      vertex 14.0954 -11.1303 0
      vertex 14.4889 -9.88229 0
    endloop
  endfacet
  facet normal 0 0 -1
    outer loop
      vertex 6.33927 -19.5946 0
      vertex 20.0266 -24.7182 0
      vertex 20.0968 -24.8875 0
    endloop
  endfacet
  facet normal 0 0 -1
    outer loop
      vertex 19.9 -24 0
      vertex 13.5946 -12.3393 0
      vertex 14.0954 -11.1303 0
    endloop
  endfacet
  facet normal 0 0 -1
    outer loop
      vertex 19.9 -24 0
      vertex 12.9904 -13.5 0
      vertex 13.5946 -12.3393 0
    endloop
  endfacet
  facet normal 0 0 -1
    outer loop
      vertex 6.33927 -19.5946 0
      vertex 20.0968 -24.8875 0
      vertex 20.1813 -25.05 0
    endloop
  endfacet
  facet normal 0 0 -1
    outer loop
      vertex 19.9 -24 0
      vertex 12.2873 -14.6036 0
      vertex 12.9904 -13.5 0
    endloop
  endfacet
  facet normal 0 0 -1
    outer loop
      vertex 5.1303 -20.0954 0
      vertex 20.1813 -25.05 0
      vertex 20.2798 -25.2045 0
    endloop
  endfacet
  facet normal 0 0 -1
    outer loop
      vertex 19.9 -24 0
      vertex 11.4907 -15.6418 0
      vertex 12.2873 -14.6036 0
    endloop
  endfacet
  facet normal 0 0 -1
    outer loop
      vertex 5.1303 -20.0954 0
      vertex 20.2798 -25.2045 0
      vertex 20.3913 -25.3499 0
    endloop
  endfacet
  facet normal 0 0 -1
    outer loop
      vertex 20.6501 -25.6087 0
      vertex 2.60472 -20.7721 0
      vertex 20.5151 -25.4849 0
    endloop
  endfacet
  facet normal 0 0 -1
    outer loop
      vertex 19.9 -24 0
      vertex 10.6066 -16.6066 0
      vertex 11.4907 -15.6418 0
    endloop
  endfacet
  facet normal 0 0 -1
    outer loop
      vertex 19.9 -24 0
      vertex 9.64181 -17.4907 0
      vertex 10.6066 -16.6066 0
    endloop
  endfacet
  facet normal 0 0 -1
    outer loop
      vertex 19.9 -24 0
      vertex 8.60365 -18.2873 0
      vertex 9.64181 -17.4907 0
    endloop
  endfacet
  facet normal 0 0 -1
    outer loop
      vertex 19.908 -24.183 0
      vertex 7.5 -18.9904 0
      vertex 8.60365 -18.2873 0
    endloop
  endfacet
  facet normal 0 0 -1
    outer loop
      vertex 20.0266 -24.7182 0
      vertex 6.33927 -19.5946 0
      vertex 7.5 -18.9904 0
    endloop
  endfacet
  facet normal 0 0 -1
    outer loop
      vertex 20.1813 -25.05 0
      vertex 5.1303 -20.0954 0
      vertex 6.33927 -19.5946 0
    endloop
  endfacet
  facet normal 0 0 -1
    outer loop
      vertex 20.3913 -25.3499 0
      vertex 3.88229 -20.4889 0
      vertex 5.1303 -20.0954 0
    endloop
  endfacet
  facet normal 0 0 -1
    outer loop
      vertex 20.5151 -25.4849 0
      vertex 3.88229 -20.4889 0
      vertex 20.3913 -25.3499 0
    endloop
  endfacet
  facet normal 0 -0 -1
    outer loop
      vertex 3.88229 -20.4889 0
      vertex 20.5151 -25.4849 0
      vertex 2.60472 -20.7721 0
    endloop
  endfacet
  facet normal 0 0 -1
    outer loop
      vertex 35 -42 0
      vertex 0 -21 0
      vertex 1.30734 -20.9429 0
    endloop
  endfacet
  facet normal 0 0 -1
    outer loop
      vertex -35 -42 0
      vertex 0 -21 0
      vertex 35 -42 0
    endloop
  endfacet
  facet normal -0 0 -1
    outer loop
      vertex 0 -21 0
      vertex -35 -42 0
      vertex -1.30734 -20.9429 0
    endloop
  endfacet
  facet normal 0 -0 -1
    outer loop
      vertex -20.95 -25.8187 0
      vertex -1.30734 -20.9429 0
      vertex -35 -42 0
    endloop
  endfacet
  facet normal 0 -0 -1
    outer loop
      vertex -20.7955 -25.7202 0
      vertex -1.30734 -20.9429 0
      vertex -20.95 -25.8187 0
    endloop
  endfacet
  facet normal 0 -0 -1
    outer loop
      vertex -20.5151 -25.4849 0
      vertex -2.60472 -20.7721 0
      vertex -20.6501 -25.6087 0
    endloop
  endfacet
  facet normal -0 0 -1
    outer loop
      vertex -2.60472 -20.7721 0
      vertex -20.5151 -25.4849 0
      vertex -3.88229 -20.4889 0
    endloop
  endfacet
  facet normal -0 0 -1
    outer loop
      vertex -14.9429 -7.30734 0
      vertex -19.9 -24 0
      vertex -15 -6 0
    endloop
  endfacet
  facet normal -0 0 -1
    outer loop
      vertex -14.7721 -8.60472 0
      vertex -19.9 -24 0
      vertex -14.9429 -7.30734 0
    endloop
  endfacet
  facet normal -0 0 -1
    outer loop
      vertex -14.4889 -9.88229 0
      vertex -19.9 -24 0
      vertex -14.7721 -8.60472 0
    endloop
  endfacet
  facet normal -0 0 -1
    outer loop
      vertex -14.0954 -11.1303 0
      vertex -19.9 -24 0
      vertex -14.4889 -9.88229 0
    endloop
  endfacet
  facet normal -0 0 -1
    outer loop
      vertex -13.5946 -12.3393 0
      vertex -19.9 -24 0
      vertex -14.0954 -11.1303 0
    endloop
  endfacet
  facet normal -0 0 -1
    outer loop
      vertex -12.9904 -13.5 0
      vertex -19.9 -24 0
      vertex -13.5946 -12.3393 0
    endloop
  endfacet
  facet normal -0 0 -1
    outer loop
      vertex -12.2873 -14.6036 0
      vertex -19.9 -24 0
      vertex -12.9904 -13.5 0
    endloop
  endfacet
  facet normal -0 0 -1
    outer loop
      vertex -11.4907 -15.6418 0
      vertex -19.9 -24 0
      vertex -12.2873 -14.6036 0
    endloop
  endfacet
  facet normal -0 0 -1
    outer loop
      vertex -10.6066 -16.6066 0
      vertex -19.9 -24 0
      vertex -11.4907 -15.6418 0
    endloop
  endfacet
  facet normal -0 0 -1
    outer loop
      vertex -9.64181 -17.4907 0
      vertex -19.9 -24 0
      vertex -10.6066 -16.6066 0
    endloop
  endfacet
  facet normal -0 0 -1
    outer loop
      vertex -8.60365 -18.2873 0
      vertex -19.9 -24 0
      vertex -9.64181 -17.4907 0
    endloop
  endfacet
  facet normal 0 0 -1
    outer loop
      vertex -19.908 -24.183 0
      vertex -8.60365 -18.2873 0
      vertex -7.5 -18.9904 0
    endloop
  endfacet
  facet normal -0 0 -1
    outer loop
      vertex -3.88229 -20.4889 0
      vertex -20.3913 -25.3499 0
      vertex -5.1303 -20.0954 0
    endloop
  endfacet
  facet normal 0 0 -1
    outer loop
      vertex -8.60365 -18.2873 0
      vertex -19.908 -24.183 0
      vertex -19.9 -24 0
    endloop
  endfacet
  facet normal 0 0 -1
    outer loop
      vertex -7.5 -18.9904 0
      vertex -19.9319 -24.3647 0
      vertex -19.908 -24.183 0
    endloop
  endfacet
  facet normal 0 0 -1
    outer loop
      vertex -7.5 -18.9904 0
      vertex -19.9716 -24.5435 0
      vertex -19.9319 -24.3647 0
    endloop
  endfacet
  facet normal 0 0 -1
    outer loop
      vertex -7.5 -18.9904 0
      vertex -20.0266 -24.7182 0
      vertex -19.9716 -24.5435 0
    endloop
  endfacet
  facet normal -0 0 -1
    outer loop
      vertex -6.33927 -19.5946 0
      vertex -20.0266 -24.7182 0
      vertex -7.5 -18.9904 0
    endloop
  endfacet
  facet normal 0 -0 -1
    outer loop
      vertex -20.0266 -24.7182 0
      vertex -6.33927 -19.5946 0
      vertex -20.0968 -24.8875 0
    endloop
  endfacet
  facet normal 0 -0 -1
    outer loop
      vertex -20.0968 -24.8875 0
      vertex -6.33927 -19.5946 0
      vertex -20.1813 -25.05 0
    endloop
  endfacet
  facet normal -0 0 -1
    outer loop
      vertex -5.1303 -20.0954 0
      vertex -20.1813 -25.05 0
      vertex -6.33927 -19.5946 0
    endloop
  endfacet
  facet normal 0 -0 -1
    outer loop
      vertex -20.1813 -25.05 0
      vertex -5.1303 -20.0954 0
      vertex -20.2798 -25.2045 0
    endloop
  endfacet
  facet normal 0 -0 -1
    outer loop
      vertex -20.2798 -25.2045 0
      vertex -5.1303 -20.0954 0
      vertex -20.3913 -25.3499 0
    endloop
  endfacet
  facet normal 0 -0 -1
    outer loop
      vertex -20.3913 -25.3499 0
      vertex -3.88229 -20.4889 0
      vertex -20.5151 -25.4849 0
    endloop
  endfacet
  facet normal 0 -0 -1
    outer loop
      vertex -20.6501 -25.6087 0
      vertex -2.60472 -20.7721 0
      vertex -20.7955 -25.7202 0
    endloop
  endfacet
  facet normal -0 0 -1
    outer loop
      vertex -1.30734 -20.9429 0
      vertex -20.7955 -25.7202 0
      vertex -2.60472 -20.7721 0
    endloop
  endfacet
  facet normal 0 0 -1
    outer loop
      vertex -20.95 -25.8187 0
      vertex -35 -42 0
      vertex -21.1125 -25.9032 0
    endloop
  endfacet
  facet normal 0 0 -1
    outer loop
      vertex -21.1125 -25.9032 0
      vertex -35 -42 0
      vertex -21.2818 -25.9734 0
    endloop
  endfacet
  facet normal 0 0 -1
    outer loop
      vertex -21.2818 -25.9734 0
      vertex -35 -42 0
      vertex -21.4565 -26.0284 0
    endloop
  endfacet
  facet normal 0 0 -1
    outer loop
      vertex -21.4565 -26.0284 0
      vertex -35 -42 0
      vertex -21.6353 -26.0681 0
    endloop
  endfacet
  facet normal 0 0 -1
    outer loop
      vertex -21.6353 -26.0681 0
      vertex -35 -42 0
      vertex -21.817 -26.092 0
    endloop
  endfacet
  facet normal 0 0 -1
    outer loop
      vertex -21.817 -26.092 0
      vertex -35 -42 0
      vertex -22 -26.1 0
    endloop
  endfacet
  facet normal -0 0 -1
    outer loop
      vertex -22 -26.1 0
      vertex -35 -42 0
      vertex -22.183 -26.092 0
    endloop
  endfacet
  facet normal -0 0 -1
    outer loop
      vertex -22.183 -26.092 0
      vertex -35 -42 0
      vertex -22.3647 -26.0681 0
    endloop
  endfacet
  facet normal -0 0 -1
    outer loop
      vertex -24.1 -24 0
      vertex -35 -42 0
      vertex -24.1 24 0
    endloop
  endfacet
  facet normal -0 0 -1
    outer loop
      vertex -24.092 -24.183 0
      vertex -35 -42 0
      vertex -24.1 -24 0
    endloop
  endfacet
  facet normal -0 0 -1
    outer loop
      vertex -24.0681 -24.3647 0
      vertex -35 -42 0
      vertex -24.092 -24.183 0
    endloop
  endfacet
  facet normal -0 0 -1
    outer loop
      vertex -24.0284 -24.5435 0
      vertex -35 -42 0
      vertex -24.0681 -24.3647 0
    endloop
  endfacet
  facet normal -0 0 -1
    outer loop
      vertex -23.9734 -24.7182 0
      vertex -35 -42 0
      vertex -24.0284 -24.5435 0
    endloop
  endfacet
  facet normal -0 0 -1
    outer loop
      vertex -23.9032 -24.8875 0
      vertex -35 -42 0
      vertex -23.9734 -24.7182 0
    endloop
  endfacet
  facet normal -0 0 -1
    outer loop
      vertex -23.8187 -25.05 0
      vertex -35 -42 0
      vertex -23.9032 -24.8875 0
    endloop
  endfacet
  facet normal -0 0 -1
    outer loop
      vertex -23.7202 -25.2045 0
      vertex -35 -42 0
      vertex -23.8187 -25.05 0
    endloop
  endfacet
  facet normal -0 0 -1
    outer loop
      vertex -23.6087 -25.3499 0
      vertex -35 -42 0
      vertex -23.7202 -25.2045 0
    endloop
  endfacet
  facet normal -0 0 -1
    outer loop
      vertex -23.4849 -25.4849 0
      vertex -35 -42 0
      vertex -23.6087 -25.3499 0
    endloop
  endfacet
  facet normal -0 0 -1
    outer loop
      vertex -23.3499 -25.6087 0
      vertex -35 -42 0
      vertex -23.4849 -25.4849 0
    endloop
  endfacet
  facet normal -0 0 -1
    outer loop
      vertex -23.2045 -25.7202 0
      vertex -35 -42 0
      vertex -23.3499 -25.6087 0
    endloop
  endfacet
  facet normal -0 0 -1
    outer loop
      vertex -23.05 -25.8187 0
      vertex -35 -42 0
      vertex -23.2045 -25.7202 0
    endloop
  endfacet
  facet normal -0 0 -1
    outer loop
      vertex -22.8875 -25.9032 0
      vertex -35 -42 0
      vertex -23.05 -25.8187 0
    endloop
  endfacet
  facet normal -0 0 -1
    outer loop
      vertex -22.7182 -25.9734 0
      vertex -35 -42 0
      vertex -22.8875 -25.9032 0
    endloop
  endfacet
  facet normal -0 0 -1
    outer loop
      vertex -22.5435 -26.0284 0
      vertex -35 -42 0
      vertex -22.7182 -25.9734 0
    endloop
  endfacet
  facet normal -0 0 -1
    outer loop
      vertex -22.3647 -26.0681 0
      vertex -35 -42 0
      vertex -22.5435 -26.0284 0
    endloop
  endfacet
  facet normal 0 0 -1
    outer loop
      vertex 24.1 24 0
      vertex 35 42 0
      vertex 24.1 -24 0
    endloop
  endfacet
  facet normal 0 0 -1
    outer loop
      vertex 24.092 24.183 0
      vertex 35 42 0
      vertex 24.1 24 0
    endloop
  endfacet
  facet normal 0 0 -1
    outer loop
      vertex 24.0681 24.3647 0
      vertex 35 42 0
      vertex 24.092 24.183 0
    endloop
  endfacet
  facet normal 0 0 -1
    outer loop
      vertex 24.0284 24.5435 0
      vertex 35 42 0
      vertex 24.0681 24.3647 0
    endloop
  endfacet
  facet normal 0 0 -1
    outer loop
      vertex 23.9734 24.7182 0
      vertex 35 42 0
      vertex 24.0284 24.5435 0
    endloop
  endfacet
  facet normal 0 0 -1
    outer loop
      vertex 23.9032 24.8875 0
      vertex 35 42 0
      vertex 23.9734 24.7182 0
    endloop
  endfacet
  facet normal 0 0 -1
    outer loop
      vertex 23.8187 25.05 0
      vertex 35 42 0
      vertex 23.9032 24.8875 0
    endloop
  endfacet
  facet normal 0 0 -1
    outer loop
      vertex 23.7202 25.2045 0
      vertex 35 42 0
      vertex 23.8187 25.05 0
    endloop
  endfacet
  facet normal 0 0 -1
    outer loop
      vertex 23.6087 25.3499 0
      vertex 35 42 0
      vertex 23.7202 25.2045 0
    endloop
  endfacet
  facet normal 0 0 -1
    outer loop
      vertex 23.4849 25.4849 0
      vertex 35 42 0
      vertex 23.6087 25.3499 0
    endloop
  endfacet
  facet normal 0 0 -1
    outer loop
      vertex 23.3499 25.6087 0
      vertex 35 42 0
      vertex 23.4849 25.4849 0
    endloop
  endfacet
  facet normal 0 0 -1
    outer loop
      vertex 23.2045 25.7202 0
      vertex 35 42 0
      vertex 23.3499 25.6087 0
    endloop
  endfacet
  facet normal 0 0 -1
    outer loop
      vertex 23.05 25.8187 0
      vertex 35 42 0
      vertex 23.2045 25.7202 0
    endloop
  endfacet
  facet normal 0 0 -1
    outer loop
      vertex 22.8875 25.9032 0
      vertex 35 42 0
      vertex 23.05 25.8187 0
    endloop
  endfacet
  facet normal 0 0 -1
    outer loop
      vertex 22.7182 25.9734 0
      vertex 35 42 0
      vertex 22.8875 25.9032 0
    endloop
  endfacet
  facet normal 0 0 -1
    outer loop
      vertex 22.5435 26.0284 0
      vertex 35 42 0
      vertex 22.7182 25.9734 0
    endloop
  endfacet
  facet normal 0 0 -1
    outer loop
      vertex 22.3647 26.0681 0
      vertex 35 42 0
      vertex 22.5435 26.0284 0
    endloop
  endfacet
  facet normal 0 0 -1
    outer loop
      vertex 22.183 26.092 0
      vertex 35 42 0
      vertex 22.3647 26.0681 0
    endloop
  endfacet
  facet normal 0 0 -1
    outer loop
      vertex 22 26.1 0
      vertex 35 42 0
      vertex 22.183 26.092 0
    endloop
  endfacet
  facet normal 0 0 -1
    outer loop
      vertex 21.817 26.092 0
      vertex 35 42 0
      vertex 22 26.1 0
    endloop
  endfacet
  facet normal 0 0 -1
    outer loop
      vertex 21.6353 26.0681 0
      vertex 35 42 0
      vertex 21.817 26.092 0
    endloop
  endfacet
  facet normal 0 0 -1
    outer loop
      vertex 21.4565 26.0284 0
      vertex 35 42 0
      vertex 21.6353 26.0681 0
    endloop
  endfacet
  facet normal 0 0 -1
    outer loop
      vertex 21.2818 25.9734 0
      vertex 35 42 0
      vertex 21.4565 26.0284 0
    endloop
  endfacet
  facet normal 0 0 -1
    outer loop
      vertex 21.1125 25.9032 0
      vertex 35 42 0
      vertex 21.2818 25.9734 0
    endloop
  endfacet
  facet normal 0 0 -1
    outer loop
      vertex 20.95 25.8187 0
      vertex 35 42 0
      vertex 21.1125 25.9032 0
    endloop
  endfacet
  facet normal 0 0 -1
    outer loop
      vertex 20.7955 25.7202 0
      vertex 35 42 0
      vertex 20.95 25.8187 0
    endloop
  endfacet
  facet normal 0 0 -1
    outer loop
      vertex -20.7955 25.7202 0
      vertex 20.7955 25.7202 0
      vertex 20.6501 25.6087 0
    endloop
  endfacet
  facet normal 0 0 -1
    outer loop
      vertex -20.6501 25.6087 0
      vertex 20.6501 25.6087 0
      vertex 20.5151 25.4849 0
    endloop
  endfacet
  facet normal 0 0 -1
    outer loop
      vertex -20.5151 25.4849 0
      vertex 20.5151 25.4849 0
      vertex 20.3913 25.3499 0
    endloop
  endfacet
  facet normal 0 0 -1
    outer loop
      vertex 19.9 -24 0
      vertex 14.9429 -4.69266 0
      vertex 19.9 24 0
    endloop
  endfacet
  facet normal 0 0 -1
    outer loop
      vertex 14.7721 -3.39528 0
      vertex 19.9 24 0
      vertex 14.9429 -4.69266 0
    endloop
  endfacet
  facet normal 0 0 -1
    outer loop
      vertex 14.4889 -2.11771 0
      vertex 19.9 24 0
      vertex 14.7721 -3.39528 0
    endloop
  endfacet
  facet normal 0 0 -1
    outer loop
      vertex 14.0954 -0.869698 0
      vertex 19.9 24 0
      vertex 14.4889 -2.11771 0
    endloop
  endfacet
  facet normal 0 0 -1
    outer loop
      vertex 13.5946 0.339273 0
      vertex 19.9 24 0
      vertex 14.0954 -0.869698 0
    endloop
  endfacet
  facet normal 0 0 -1
    outer loop
      vertex 12.9904 1.5 0
      vertex 19.9 24 0
      vertex 13.5946 0.339273 0
    endloop
  endfacet
  facet normal 0 0 -1
    outer loop
      vertex 12.2873 2.60365 0
      vertex 19.9 24 0
      vertex 12.9904 1.5 0
    endloop
  endfacet
  facet normal 0 0 -1
    outer loop
      vertex 11.4907 3.64181 0
      vertex 19.9 24 0
      vertex 12.2873 2.60365 0
    endloop
  endfacet
  facet normal 0 0 -1
    outer loop
      vertex 10.6066 4.6066 0
      vertex 19.9 24 0
      vertex 11.4907 3.64181 0
    endloop
  endfacet
  facet normal 0 0 -1
    outer loop
      vertex 9.64181 5.49067 0
      vertex 19.9 24 0
      vertex 10.6066 4.6066 0
    endloop
  endfacet
  facet normal 0 0 -1
    outer loop
      vertex 8.60365 6.28728 0
      vertex 19.9 24 0
      vertex 9.64181 5.49067 0
    endloop
  endfacet
  facet normal 0 0 -1
    outer loop
      vertex 7.5 6.99038 0
      vertex 19.9 24 0
      vertex 8.60365 6.28728 0
    endloop
  endfacet
  facet normal 0 0 -1
    outer loop
      vertex 6.33927 7.59462 0
      vertex 19.9 24 0
      vertex 7.5 6.99038 0
    endloop
  endfacet
  facet normal 0 0 -1
    outer loop
      vertex 5.1303 8.09539 0
      vertex 19.9 24 0
      vertex 6.33927 7.59462 0
    endloop
  endfacet
  facet normal 0 0 -1
    outer loop
      vertex 3.88229 8.48889 0
      vertex 19.9 24 0
      vertex 5.1303 8.09539 0
    endloop
  endfacet
  facet normal 0 0 -1
    outer loop
      vertex 2.60472 8.77212 0
      vertex 19.9 24 0
      vertex 3.88229 8.48889 0
    endloop
  endfacet
  facet normal 0 0 -1
    outer loop
      vertex 1.30734 8.94292 0
      vertex 19.9 24 0
      vertex 2.60472 8.77212 0
    endloop
  endfacet
  facet normal -0 0 -1
    outer loop
      vertex 19.9 24 0
      vertex 1.30734 8.94292 0
      vertex 19.908 24.183 0
    endloop
  endfacet
  facet normal -0 0 -1
    outer loop
      vertex 19.908 24.183 0
      vertex 1.30734 8.94292 0
      vertex 19.9319 24.3647 0
    endloop
  endfacet
  facet normal 0 0 -1
    outer loop
      vertex 0 9 0
      vertex 19.9319 24.3647 0
      vertex 1.30734 8.94292 0
    endloop
  endfacet
  facet normal -0 0 -1
    outer loop
      vertex 19.9319 24.3647 0
      vertex 0 9 0
      vertex 19.9716 24.5435 0
    endloop
  endfacet
  facet normal 0 0 -1
    outer loop
      vertex -19.9716 24.5435 0
      vertex 19.9716 24.5435 0
      vertex 0 9 0
    endloop
  endfacet
  facet normal 0 0 -1
    outer loop
      vertex 19.9716 24.5435 0
      vertex -19.9716 24.5435 0
      vertex 20.0266 24.7182 0
    endloop
  endfacet
  facet normal 0 0 -1
    outer loop
      vertex -20.0266 24.7182 0
      vertex 20.0266 24.7182 0
      vertex -19.9716 24.5435 0
    endloop
  endfacet
  facet normal 0 0 -1
    outer loop
      vertex 20.0266 24.7182 0
      vertex -20.0266 24.7182 0
      vertex 20.0968 24.8875 0
    endloop
  endfacet
  facet normal 0 0 -1
    outer loop
      vertex -20.0968 24.8875 0
      vertex 20.0968 24.8875 0
      vertex -20.0266 24.7182 0
    endloop
  endfacet
  facet normal 0 0 -1
    outer loop
      vertex 20.0968 24.8875 0
      vertex -20.0968 24.8875 0
      vertex 20.1813 25.05 0
    endloop
  endfacet
  facet normal 0 0 -1
    outer loop
      vertex -19.9319 24.3647 0
      vertex 0 9 0
      vertex -1.30734 8.94292 0
    endloop
  endfacet
  facet normal 0 0 -1
    outer loop
      vertex -19.9 24 0
      vertex -1.30734 8.94292 0
      vertex -2.60472 8.77212 0
    endloop
  endfacet
  facet normal 0 0 -1
    outer loop
      vertex -19.9 24 0
      vertex -2.60472 8.77212 0
      vertex -3.88229 8.48889 0
    endloop
  endfacet
  facet normal 0 0 -1
    outer loop
      vertex -19.9 24 0
      vertex -3.88229 8.48889 0
      vertex -5.1303 8.09539 0
    endloop
  endfacet
  facet normal 0 0 -1
    outer loop
      vertex -19.9 24 0
      vertex -5.1303 8.09539 0
      vertex -6.33927 7.59462 0
    endloop
  endfacet
  facet normal 0 0 -1
    outer loop
      vertex -19.9 24 0
      vertex -6.33927 7.59462 0
      vertex -7.5 6.99038 0
    endloop
  endfacet
  facet normal 0 0 -1
    outer loop
      vertex -19.9 24 0
      vertex -7.5 6.99038 0
      vertex -8.60365 6.28728 0
    endloop
  endfacet
  facet normal 0 0 -1
    outer loop
      vertex -19.9 24 0
      vertex -8.60365 6.28728 0
      vertex -9.64181 5.49067 0
    endloop
  endfacet
  facet normal 0 0 -1
    outer loop
      vertex -19.9 -24 0
      vertex -14.9429 -4.69266 0
      vertex -15 -6 0
    endloop
  endfacet
  facet normal 0 0 -1
    outer loop
      vertex -19.9 24 0
      vertex -14.9429 -4.69266 0
      vertex -19.9 -24 0
    endloop
  endfacet
  facet normal 0 0 -1
    outer loop
      vertex -14.9429 -4.69266 0
      vertex -19.9 24 0
      vertex -14.7721 -3.39528 0
    endloop
  endfacet
  facet normal 0 0 -1
    outer loop
      vertex -14.7721 -3.39528 0
      vertex -19.9 24 0
      vertex -14.4889 -2.11771 0
    endloop
  endfacet
  facet normal 0 0 -1
    outer loop
      vertex -19.9 24 0
      vertex -14.0954 -0.869698 0
      vertex -14.4889 -2.11771 0
    endloop
  endfacet
  facet normal 0 0 -1
    outer loop
      vertex -19.9 24 0
      vertex -13.5946 0.339273 0
      vertex -14.0954 -0.869698 0
    endloop
  endfacet
  facet normal 0 0 -1
    outer loop
      vertex -19.9 24 0
      vertex -12.9904 1.5 0
      vertex -13.5946 0.339273 0
    endloop
  endfacet
  facet normal 0 0 -1
    outer loop
      vertex -19.9 24 0
      vertex -12.2873 2.60365 0
      vertex -12.9904 1.5 0
    endloop
  endfacet
  facet normal 0 0 -1
    outer loop
      vertex -19.9 24 0
      vertex -11.4907 3.64181 0
      vertex -12.2873 2.60365 0
    endloop
  endfacet
  facet normal 0 0 -1
    outer loop
      vertex -19.9 24 0
      vertex -10.6066 4.6066 0
      vertex -11.4907 3.64181 0
    endloop
  endfacet
  facet normal 0 0 -1
    outer loop
      vertex -19.9 24 0
      vertex -9.64181 5.49067 0
      vertex -10.6066 4.6066 0
    endloop
  endfacet
  facet normal 0 0 -1
    outer loop
      vertex -1.30734 8.94292 0
      vertex -19.9 24 0
      vertex -19.908 24.183 0
    endloop
  endfacet
  facet normal 0 0 -1
    outer loop
      vertex -1.30734 8.94292 0
      vertex -19.908 24.183 0
      vertex -19.9319 24.3647 0
    endloop
  endfacet
  facet normal 0 0 -1
    outer loop
      vertex 0 9 0
      vertex -19.9319 24.3647 0
      vertex -19.9716 24.5435 0
    endloop
  endfacet
  facet normal 0 0 -1
    outer loop
      vertex -20.1813 25.05 0
      vertex 20.1813 25.05 0
      vertex -20.0968 24.8875 0
    endloop
  endfacet
  facet normal 0 0 -1
    outer loop
      vertex 20.1813 25.05 0
      vertex -20.1813 25.05 0
      vertex 20.2798 25.2045 0
    endloop
  endfacet
  facet normal 0 0 -1
    outer loop
      vertex -20.2798 25.2045 0
      vertex 20.2798 25.2045 0
      vertex -20.1813 25.05 0
    endloop
  endfacet
  facet normal 0 0 -1
    outer loop
      vertex 20.2798 25.2045 0
      vertex -20.2798 25.2045 0
      vertex 20.3913 25.3499 0
    endloop
  endfacet
  facet normal 0 0 -1
    outer loop
      vertex -20.3913 25.3499 0
      vertex 20.3913 25.3499 0
      vertex -20.2798 25.2045 0
    endloop
  endfacet
  facet normal 0 0 -1
    outer loop
      vertex -20.5151 25.4849 0
      vertex 20.3913 25.3499 0
      vertex -20.3913 25.3499 0
    endloop
  endfacet
  facet normal 0 0 -1
    outer loop
      vertex 20.5151 25.4849 0
      vertex -20.5151 25.4849 0
      vertex -20.6501 25.6087 0
    endloop
  endfacet
  facet normal 0 0 -1
    outer loop
      vertex 20.6501 25.6087 0
      vertex -20.6501 25.6087 0
      vertex -20.7955 25.7202 0
    endloop
  endfacet
  facet normal 0 0 -1
    outer loop
      vertex 20.7955 25.7202 0
      vertex -20.7955 25.7202 0
      vertex 35 42 0
    endloop
  endfacet
  facet normal 0 0 -1
    outer loop
      vertex -20.95 25.8187 0
      vertex 35 42 0
      vertex -20.7955 25.7202 0
    endloop
  endfacet
  facet normal 0 0 -1
    outer loop
      vertex -35 42 0
      vertex -20.95 25.8187 0
      vertex -21.1125 25.9032 0
    endloop
  endfacet
  facet normal 0 0 -1
    outer loop
      vertex -35 42 0
      vertex -21.1125 25.9032 0
      vertex -21.2818 25.9734 0
    endloop
  endfacet
  facet normal 0 0 -1
    outer loop
      vertex -35 42 0
      vertex -21.2818 25.9734 0
      vertex -21.4565 26.0284 0
    endloop
  endfacet
  facet normal 0 0 -1
    outer loop
      vertex -35 42 0
      vertex -21.4565 26.0284 0
      vertex -21.6353 26.0681 0
    endloop
  endfacet
  facet normal 0 0 -1
    outer loop
      vertex -35 42 0
      vertex -21.6353 26.0681 0
      vertex -21.817 26.092 0
    endloop
  endfacet
  facet normal 0 0 -1
    outer loop
      vertex -35 42 0
      vertex -21.817 26.092 0
      vertex -22 26.1 0
    endloop
  endfacet
  facet normal 0 0 -1
    outer loop
      vertex -35 42 0
      vertex -22 26.1 0
      vertex -22.183 26.092 0
    endloop
  endfacet
  facet normal 0 0 -1
    outer loop
      vertex -35 42 0
      vertex -22.183 26.092 0
      vertex -22.3647 26.0681 0
    endloop
  endfacet
  facet normal 0 0 -1
    outer loop
      vertex -35 42 0
      vertex -22.3647 26.0681 0
      vertex -22.5435 26.0284 0
    endloop
  endfacet
  facet normal 0 0 -1
    outer loop
      vertex -35 42 0
      vertex -24.1 24 0
      vertex -35 -42 0
    endloop
  endfacet
  facet normal 0 0 -1
    outer loop
      vertex -24.1 24 0
      vertex -35 42 0
      vertex -24.092 24.183 0
    endloop
  endfacet
  facet normal 0 0 -1
    outer loop
      vertex -20.95 25.8187 0
      vertex -35 42 0
      vertex 35 42 0
    endloop
  endfacet
  facet normal 0 0 -1
    outer loop
      vertex -22.7182 25.9734 0
      vertex -35 42 0
      vertex -22.5435 26.0284 0
    endloop
  endfacet
  facet normal 0 0 -1
    outer loop
      vertex -22.8875 25.9032 0
      vertex -35 42 0
      vertex -22.7182 25.9734 0
    endloop
  endfacet
  facet normal 0 0 -1
    outer loop
      vertex -23.05 25.8187 0
      vertex -35 42 0
      vertex -22.8875 25.9032 0
    endloop
  endfacet
  facet normal 0 0 -1
    outer loop
      vertex -23.2045 25.7202 0
      vertex -35 42 0
      vertex -23.05 25.8187 0
    endloop
  endfacet
  facet normal 0 0 -1
    outer loop
      vertex -23.3499 25.6087 0
      vertex -35 42 0
      vertex -23.2045 25.7202 0
    endloop
  endfacet
  facet normal 0 0 -1
    outer loop
      vertex -23.4849 25.4849 0
      vertex -35 42 0
      vertex -23.3499 25.6087 0
    endloop
  endfacet
  facet normal 0 0 -1
    outer loop
      vertex -23.6087 25.3499 0
      vertex -35 42 0
      vertex -23.4849 25.4849 0
    endloop
  endfacet
  facet normal 0 0 -1
    outer loop
      vertex -23.7202 25.2045 0
      vertex -35 42 0
      vertex -23.6087 25.3499 0
    endloop
  endfacet
  facet normal 0 0 -1
    outer loop
      vertex -23.8187 25.05 0
      vertex -35 42 0
      vertex -23.7202 25.2045 0
    endloop
  endfacet
  facet normal 0 0 -1
    outer loop
      vertex -23.9032 24.8875 0
      vertex -35 42 0
      vertex -23.8187 25.05 0
    endloop
  endfacet
  facet normal 0 0 -1
    outer loop
      vertex -23.9734 24.7182 0
      vertex -35 42 0
      vertex -23.9032 24.8875 0
    endloop
  endfacet
  facet normal 0 0 -1
    outer loop
      vertex -24.0284 24.5435 0
      vertex -35 42 0
      vertex -23.9734 24.7182 0
    endloop
  endfacet
  facet normal 0 0 -1
    outer loop
      vertex -24.0681 24.3647 0
      vertex -35 42 0
      vertex -24.0284 24.5435 0
    endloop
  endfacet
  facet normal 0 0 -1
    outer loop
      vertex -24.092 24.183 0
      vertex -35 42 0
      vertex -24.0681 24.3647 0
    endloop
  endfacet
  facet normal 0 0.793368 0.608743
    outer loop
      vertex -30 12.2873 39.6036
      vertex -35 11.4907 40.6418
      vertex -30 11.4907 40.6418
    endloop
  endfacet
  facet normal 0 0.793368 0.608743
    outer loop
      vertex -35 11.4907 40.6418
      vertex -30 12.2873 39.6036
      vertex -35 12.2873 39.6036
    endloop
  endfacet
  facet normal -0 0.675604 0.737265
    outer loop
      vertex -35 10.6066 41.6066
      vertex -30 9.64181 42.4907
      vertex -30 10.6066 41.6066
    endloop
  endfacet
  facet normal 0 0.675604 0.737265
    outer loop
      vertex -30 9.64181 42.4907
      vertex -35 10.6066 41.6066
      vertex -35 9.64181 42.4907
    endloop
  endfacet
  facet normal 0 0.969832 0.243773
    outer loop
      vertex -30 22 5
      vertex -35 14.4889 34.8823
      vertex -30 14.4889 34.8823
    endloop
  endfacet
  facet normal 0 0.969832 0.243773
    outer loop
      vertex -35 14.4889 34.8823
      vertex -30 22 5
      vertex -35 22 5
    endloop
  endfacet
  facet normal 0 -0.382702 0.923872
    outer loop
      vertex -35 -5.1303 45.0954
      vertex -30 -6.33927 44.5946
      vertex -30 -5.1303 45.0954
    endloop
  endfacet
  facet normal 0 -0.382702 0.923872
    outer loop
      vertex -30 -6.33927 44.5946
      vertex -35 -5.1303 45.0954
      vertex -35 -6.33927 44.5946
    endloop
  endfacet
  facet normal -0 0.537298 0.843392
    outer loop
      vertex -35 8.60365 43.2873
      vertex -30 7.5 43.9904
      vertex -30 8.60365 43.2873
    endloop
  endfacet
  facet normal 0 0.537298 0.843392
    outer loop
      vertex -30 7.5 43.9904
      vertex -35 8.60365 43.2873
      vertex -35 7.5 43.9904
    endloop
  endfacet
  facet normal 0 -0.843381 0.537316
    outer loop
      vertex -35 -12.9904 38.5
      vertex -30 -12.2873 39.6036
      vertex -35 -12.2873 39.6036
    endloop
  endfacet
  facet normal 0 -0.843381 0.537316
    outer loop
      vertex -30 -12.2873 39.6036
      vertex -35 -12.9904 38.5
      vertex -30 -12.9904 38.5
    endloop
  endfacet
  facet normal -0 0.300709 0.953716
    outer loop
      vertex -35 5.1303 45.0954
      vertex -30 3.88229 45.4889
      vertex -30 5.1303 45.0954
    endloop
  endfacet
  facet normal 0 0.300709 0.953716
    outer loop
      vertex -30 3.88229 45.4889
      vertex -35 5.1303 45.0954
      vertex -35 3.88229 45.4889
    endloop
  endfacet
  facet normal -0 0.608757 0.793356
    outer loop
      vertex -35 9.64181 42.4907
      vertex -30 8.60365 43.2873
      vertex -30 9.64181 42.4907
    endloop
  endfacet
  facet normal 0 0.608757 0.793356
    outer loop
      vertex -30 8.60365 43.2873
      vertex -35 9.64181 42.4907
      vertex -35 8.60365 43.2873
    endloop
  endfacet
  facet normal 0 -0.887018 0.461735
    outer loop
      vertex -35 -13.5946 37.3393
      vertex -30 -12.9904 38.5
      vertex -35 -12.9904 38.5
    endloop
  endfacet
  facet normal 0 -0.887018 0.461735
    outer loop
      vertex -30 -12.9904 38.5
      vertex -35 -13.5946 37.3393
      vertex -30 -13.5946 37.3393
    endloop
  endfacet
  facet normal 0 -0.969832 0.243773
    outer loop
      vertex -35 -22 5
      vertex -30 -14.4889 34.8823
      vertex -35 -14.4889 34.8823
    endloop
  endfacet
  facet normal 0 -0.969832 0.243773
    outer loop
      vertex -30 -14.4889 34.8823
      vertex -35 -22 5
      vertex -30 -22 5
    endloop
  endfacet
  facet normal 0 -0.737268 0.6756
    outer loop
      vertex -35 -11.4907 40.6418
      vertex -30 -10.6066 41.6066
      vertex -35 -10.6066 41.6066
    endloop
  endfacet
  facet normal 0 -0.737268 0.6756
    outer loop
      vertex -30 -10.6066 41.6066
      vertex -35 -11.4907 40.6418
      vertex -30 -11.4907 40.6418
    endloop
  endfacet
  facet normal 0 -0.537298 0.843392
    outer loop
      vertex -35 -7.5 43.9904
      vertex -30 -8.60365 43.2873
      vertex -30 -7.5 43.9904
    endloop
  endfacet
  facet normal 0 -0.537298 0.843392
    outer loop
      vertex -30 -8.60365 43.2873
      vertex -35 -7.5 43.9904
      vertex -35 -8.60365 43.2873
    endloop
  endfacet
  facet normal 0 -0.608757 0.793356
    outer loop
      vertex -35 -8.60365 43.2873
      vertex -30 -9.64181 42.4907
      vertex -30 -8.60365 43.2873
    endloop
  endfacet
  facet normal 0 -0.608757 0.793356
    outer loop
      vertex -30 -9.64181 42.4907
      vertex -35 -8.60365 43.2873
      vertex -35 -9.64181 42.4907
    endloop
  endfacet
  facet normal 0 0.923875 0.382694
    outer loop
      vertex -30 14.0954 36.1303
      vertex -35 13.5946 37.3393
      vertex -30 13.5946 37.3393
    endloop
  endfacet
  facet normal 0 0.923875 0.382694
    outer loop
      vertex -35 13.5946 37.3393
      vertex -30 14.0954 36.1303
      vertex -35 14.0954 36.1303
    endloop
  endfacet
  facet normal -0 0.382702 0.923872
    outer loop
      vertex -35 6.33927 44.5946
      vertex -30 5.1303 45.0954
      vertex -30 6.33927 44.5946
    endloop
  endfacet
  facet normal 0 0.382702 0.923872
    outer loop
      vertex -30 5.1303 45.0954
      vertex -35 6.33927 44.5946
      vertex -35 5.1303 45.0954
    endloop
  endfacet
  facet normal 0 -0.461726 0.887023
    outer loop
      vertex -35 -6.33927 44.5946
      vertex -30 -7.5 43.9904
      vertex -30 -6.33927 44.5946
    endloop
  endfacet
  facet normal 0 -0.461726 0.887023
    outer loop
      vertex -30 -7.5 43.9904
      vertex -35 -6.33927 44.5946
      vertex -35 -7.5 43.9904
    endloop
  endfacet
  facet normal 0 -0.923875 0.382694
    outer loop
      vertex -35 -14.0954 36.1303
      vertex -30 -13.5946 37.3393
      vertex -35 -13.5946 37.3393
    endloop
  endfacet
  facet normal 0 -0.923875 0.382694
    outer loop
      vertex -30 -13.5946 37.3393
      vertex -35 -14.0954 36.1303
      vertex -30 -14.0954 36.1303
    endloop
  endfacet
  facet normal -0 0.0436349 0.999048
    outer loop
      vertex -35 1.30734 45.9429
      vertex -30 0 46
      vertex -30 1.30734 45.9429
    endloop
  endfacet
  facet normal 0 0.0436349 0.999048
    outer loop
      vertex -30 0 46
      vertex -35 1.30734 45.9429
      vertex -35 0 46
    endloop
  endfacet
  facet normal 1 0 0
    outer loop
      vertex -30 14.4889 34.8823
      vertex -30 2.63992 31.231
      vertex -30 2.65 31
    endloop
  endfacet
  facet normal 1 0 0
    outer loop
      vertex -30 5.1303 45.0954
      vertex -30 2.60974 31.4602
      vertex -30 2.63992 31.231
    endloop
  endfacet
  facet normal 1 0 0
    outer loop
      vertex -30 0.68587 33.5597
      vertex -30 3.88229 45.4889
      vertex -30 2.60472 45.7721
    endloop
  endfacet
  facet normal 1 0 0
    outer loop
      vertex -30 5.1303 45.0954
      vertex -30 2.5597 31.6859
      vertex -30 2.60974 31.4602
    endloop
  endfacet
  facet normal 1 0 0
    outer loop
      vertex -30 5.1303 45.0954
      vertex -30 2.49018 31.9064
      vertex -30 2.5597 31.6859
    endloop
  endfacet
  facet normal 1 0 0
    outer loop
      vertex -30 5.1303 45.0954
      vertex -30 2.40172 32.1199
      vertex -30 2.49018 31.9064
    endloop
  endfacet
  facet normal 1 0 0
    outer loop
      vertex -30 5.1303 45.0954
      vertex -30 2.29497 32.325
      vertex -30 2.40172 32.1199
    endloop
  endfacet
  facet normal 1 0 0
    outer loop
      vertex -30 5.1303 45.0954
      vertex -30 2.17075 32.52
      vertex -30 2.29497 32.325
    endloop
  endfacet
  facet normal 1 0 0
    outer loop
      vertex -30 5.1303 45.0954
      vertex -30 2.03002 32.7034
      vertex -30 2.17075 32.52
    endloop
  endfacet
  facet normal 1 0 0
    outer loop
      vertex -30 5.1303 45.0954
      vertex -30 1.87383 32.8738
      vertex -30 2.03002 32.7034
    endloop
  endfacet
  facet normal 1 0 0
    outer loop
      vertex -30 5.1303 45.0954
      vertex -30 1.70339 33.03
      vertex -30 1.87383 32.8738
    endloop
  endfacet
  facet normal 1 0 0
    outer loop
      vertex -30 5.1303 45.0954
      vertex -30 1.51998 33.1708
      vertex -30 1.70339 33.03
    endloop
  endfacet
  facet normal 1 0 0
    outer loop
      vertex -30 5.1303 45.0954
      vertex -30 1.325 33.295
      vertex -30 1.51998 33.1708
    endloop
  endfacet
  facet normal 1 0 0
    outer loop
      vertex -30 0.460167 33.6097
      vertex -30 2.60472 45.7721
      vertex -30 1.30734 45.9429
    endloop
  endfacet
  facet normal 1 0 0
    outer loop
      vertex -30 5.1303 45.0954
      vertex -30 1.11994 33.4017
      vertex -30 1.325 33.295
    endloop
  endfacet
  facet normal 1 0 0
    outer loop
      vertex -30 5.1303 45.0954
      vertex -30 0.906353 33.4902
      vertex -30 1.11994 33.4017
    endloop
  endfacet
  facet normal 1 0 0
    outer loop
      vertex -30 3.88229 45.4889
      vertex -30 0.68587 33.5597
      vertex -30 0.906353 33.4902
    endloop
  endfacet
  facet normal 1 0 0
    outer loop
      vertex -30 2.60472 45.7721
      vertex -30 0.460167 33.6097
      vertex -30 0.68587 33.5597
    endloop
  endfacet
  facet normal 1 0 0
    outer loop
      vertex -30 1.30734 45.9429
      vertex -30 0.230962 33.6399
      vertex -30 0.460167 33.6097
    endloop
  endfacet
  facet normal 1 0 0
    outer loop
      vertex -30 0 46
      vertex -30 0.230962 33.6399
      vertex -30 1.30734 45.9429
    endloop
  endfacet
  facet normal 1 0 0
    outer loop
      vertex -30 0 46
      vertex -30 0 33.65
      vertex -30 0.230962 33.6399
    endloop
  endfacet
  facet normal 1 0 0
    outer loop
      vertex -30 0 46
      vertex -30 -0.230962 33.6399
      vertex -30 0 33.65
    endloop
  endfacet
  facet normal 1 -0 0
    outer loop
      vertex -30 -1.30734 45.9429
      vertex -30 -0.230962 33.6399
      vertex -30 0 46
    endloop
  endfacet
  facet normal 1 0 0
    outer loop
      vertex -30 -0.230962 33.6399
      vertex -30 -1.30734 45.9429
      vertex -30 -0.460167 33.6097
    endloop
  endfacet
  facet normal 1 -0 0
    outer loop
      vertex -30 -2.60472 45.7721
      vertex -30 -0.460167 33.6097
      vertex -30 -1.30734 45.9429
    endloop
  endfacet
  facet normal 1 0 0
    outer loop
      vertex -30 -0.460167 33.6097
      vertex -30 -2.60472 45.7721
      vertex -30 -0.68587 33.5597
    endloop
  endfacet
  facet normal 1 -0 0
    outer loop
      vertex -30 -3.88229 45.4889
      vertex -30 -0.68587 33.5597
      vertex -30 -2.60472 45.7721
    endloop
  endfacet
  facet normal 1 0 0
    outer loop
      vertex -30 -0.68587 33.5597
      vertex -30 -3.88229 45.4889
      vertex -30 -0.906353 33.4902
    endloop
  endfacet
  facet normal 1 -0 0
    outer loop
      vertex -30 -5.1303 45.0954
      vertex -30 -0.906353 33.4902
      vertex -30 -3.88229 45.4889
    endloop
  endfacet
  facet normal 1 0 0
    outer loop
      vertex -30 -0.906353 33.4902
      vertex -30 -5.1303 45.0954
      vertex -30 -1.11994 33.4017
    endloop
  endfacet
  facet normal 1 -0 0
    outer loop
      vertex -30 -6.33927 44.5946
      vertex -30 -1.11994 33.4017
      vertex -30 -5.1303 45.0954
    endloop
  endfacet
  facet normal 1 0 0
    outer loop
      vertex -30 -1.11994 33.4017
      vertex -30 -6.33927 44.5946
      vertex -30 -1.325 33.295
    endloop
  endfacet
  facet normal 1 -0 0
    outer loop
      vertex -30 -7.5 43.9904
      vertex -30 -1.325 33.295
      vertex -30 -6.33927 44.5946
    endloop
  endfacet
  facet normal 1 0 0
    outer loop
      vertex -30 -1.325 33.295
      vertex -30 -7.5 43.9904
      vertex -30 -1.51998 33.1708
    endloop
  endfacet
  facet normal 1 -0 0
    outer loop
      vertex -30 -8.60365 43.2873
      vertex -30 -1.51998 33.1708
      vertex -30 -7.5 43.9904
    endloop
  endfacet
  facet normal 1 0 0
    outer loop
      vertex -30 -1.51998 33.1708
      vertex -30 -8.60365 43.2873
      vertex -30 -1.70339 33.03
    endloop
  endfacet
  facet normal 1 -0 0
    outer loop
      vertex -30 -9.64181 42.4907
      vertex -30 -1.70339 33.03
      vertex -30 -8.60365 43.2873
    endloop
  endfacet
  facet normal 1 0 0
    outer loop
      vertex -30 -1.70339 33.03
      vertex -30 -9.64181 42.4907
      vertex -30 -1.87383 32.8738
    endloop
  endfacet
  facet normal 1 -0 0
    outer loop
      vertex -30 -10.6066 41.6066
      vertex -30 -1.87383 32.8738
      vertex -30 -9.64181 42.4907
    endloop
  endfacet
  facet normal 1 0 0
    outer loop
      vertex -30 -1.87383 32.8738
      vertex -30 -10.6066 41.6066
      vertex -30 -2.03002 32.7034
    endloop
  endfacet
  facet normal 1 -0 0
    outer loop
      vertex -30 -11.4907 40.6418
      vertex -30 -2.03002 32.7034
      vertex -30 -10.6066 41.6066
    endloop
  endfacet
  facet normal 1 0 0
    outer loop
      vertex -30 -2.03002 32.7034
      vertex -30 -11.4907 40.6418
      vertex -30 -2.17075 32.52
    endloop
  endfacet
  facet normal 1 0 0
    outer loop
      vertex -30 2.63992 31.231
      vertex -30 14.4889 34.8823
      vertex -30 14.0954 36.1303
    endloop
  endfacet
  facet normal 1 0 0
    outer loop
      vertex -30 2.63992 31.231
      vertex -30 14.0954 36.1303
      vertex -30 13.5946 37.3393
    endloop
  endfacet
  facet normal 1 0 0
    outer loop
      vertex -30 2.63992 31.231
      vertex -30 13.5946 37.3393
      vertex -30 12.9904 38.5
    endloop
  endfacet
  facet normal 1 0 0
    outer loop
      vertex -30 2.63992 31.231
      vertex -30 12.9904 38.5
      vertex -30 12.2873 39.6036
    endloop
  endfacet
  facet normal 1 0 0
    outer loop
      vertex -30 2.63992 31.231
      vertex -30 12.2873 39.6036
      vertex -30 11.4907 40.6418
    endloop
  endfacet
  facet normal 1 0 0
    outer loop
      vertex -30 2.63992 31.231
      vertex -30 11.4907 40.6418
      vertex -30 10.6066 41.6066
    endloop
  endfacet
  facet normal 1 0 0
    outer loop
      vertex -30 2.63992 31.231
      vertex -30 10.6066 41.6066
      vertex -30 9.64181 42.4907
    endloop
  endfacet
  facet normal 1 0 0
    outer loop
      vertex -30 2.63992 31.231
      vertex -30 9.64181 42.4907
      vertex -30 8.60365 43.2873
    endloop
  endfacet
  facet normal 1 0 0
    outer loop
      vertex -30 2.63992 31.231
      vertex -30 8.60365 43.2873
      vertex -30 7.5 43.9904
    endloop
  endfacet
  facet normal 1 0 0
    outer loop
      vertex -30 2.63992 31.231
      vertex -30 7.5 43.9904
      vertex -30 6.33927 44.5946
    endloop
  endfacet
  facet normal 1 0 0
    outer loop
      vertex -30 2.63992 31.231
      vertex -30 6.33927 44.5946
      vertex -30 5.1303 45.0954
    endloop
  endfacet
  facet normal 1 0 0
    outer loop
      vertex -30 0.906353 33.4902
      vertex -30 5.1303 45.0954
      vertex -30 3.88229 45.4889
    endloop
  endfacet
  facet normal 1 0 0
    outer loop
      vertex -30 14.4889 34.8823
      vertex -30 2.65 31
      vertex -30 2.63992 30.769
    endloop
  endfacet
  facet normal 1 0 0
    outer loop
      vertex -30 14.4889 34.8823
      vertex -30 2.63992 30.769
      vertex -30 2.60974 30.5398
    endloop
  endfacet
  facet normal 1 0 0
    outer loop
      vertex -30 14.4889 34.8823
      vertex -30 2.60974 30.5398
      vertex -30 2.5597 30.3141
    endloop
  endfacet
  facet normal 1 0 0
    outer loop
      vertex -30 14.4889 34.8823
      vertex -30 2.5597 30.3141
      vertex -30 2.49018 30.0936
    endloop
  endfacet
  facet normal 1 0 0
    outer loop
      vertex -30 14.4889 34.8823
      vertex -30 2.49018 30.0936
      vertex -30 2.40172 29.8801
    endloop
  endfacet
  facet normal 1 0 0
    outer loop
      vertex -30 14.4889 34.8823
      vertex -30 2.40172 29.8801
      vertex -30 2.29497 29.675
    endloop
  endfacet
  facet normal 1 0 0
    outer loop
      vertex -30 14.4889 34.8823
      vertex -30 2.29497 29.675
      vertex -30 2.17075 29.48
    endloop
  endfacet
  facet normal 1 0 0
    outer loop
      vertex -30 2.03002 29.2966
      vertex -30 14.4889 34.8823
      vertex -30 2.17075 29.48
    endloop
  endfacet
  facet normal 1 0 0
    outer loop
      vertex -30 14.4889 34.8823
      vertex -30 2.03002 29.2966
      vertex -30 22 5
    endloop
  endfacet
  facet normal 1 -0 0
    outer loop
      vertex -30 1.87383 29.1262
      vertex -30 22 5
      vertex -30 2.03002 29.2966
    endloop
  endfacet
  facet normal 1 -0 0
    outer loop
      vertex -30 1.70339 28.97
      vertex -30 22 5
      vertex -30 1.87383 29.1262
    endloop
  endfacet
  facet normal 1 -0 0
    outer loop
      vertex -30 1.51998 28.8292
      vertex -30 22 5
      vertex -30 1.70339 28.97
    endloop
  endfacet
  facet normal 1 -0 0
    outer loop
      vertex -30 1.325 28.705
      vertex -30 22 5
      vertex -30 1.51998 28.8292
    endloop
  endfacet
  facet normal 1 -0 0
    outer loop
      vertex -30 1.11994 28.5983
      vertex -30 22 5
      vertex -30 1.325 28.705
    endloop
  endfacet
  facet normal 1 -0 0
    outer loop
      vertex -30 0.906353 28.5098
      vertex -30 22 5
      vertex -30 1.11994 28.5983
    endloop
  endfacet
  facet normal 1 -0 0
    outer loop
      vertex -30 0.68587 28.4403
      vertex -30 22 5
      vertex -30 0.906353 28.5098
    endloop
  endfacet
  facet normal 1 -0 0
    outer loop
      vertex -30 0.460167 28.3903
      vertex -30 22 5
      vertex -30 0.68587 28.4403
    endloop
  endfacet
  facet normal 1 -0 0
    outer loop
      vertex -30 0.230962 28.3601
      vertex -30 22 5
      vertex -30 0.460167 28.3903
    endloop
  endfacet
  facet normal 1 -0 0
    outer loop
      vertex -30 0 28.35
      vertex -30 22 5
      vertex -30 0.230962 28.3601
    endloop
  endfacet
  facet normal 1 0 0
    outer loop
      vertex -30 -22 5
      vertex -30 0 28.35
      vertex -30 -0.230962 28.3601
    endloop
  endfacet
  facet normal 1 0 0
    outer loop
      vertex -30 -22 5
      vertex -30 -0.230962 28.3601
      vertex -30 -0.460167 28.3903
    endloop
  endfacet
  facet normal 1 0 0
    outer loop
      vertex -30 -22 5
      vertex -30 -0.460167 28.3903
      vertex -30 -0.68587 28.4403
    endloop
  endfacet
  facet normal 1 0 0
    outer loop
      vertex -30 -22 5
      vertex -30 -0.68587 28.4403
      vertex -30 -0.906353 28.5098
    endloop
  endfacet
  facet normal 1 0 0
    outer loop
      vertex -30 -22 5
      vertex -30 -0.906353 28.5098
      vertex -30 -1.11994 28.5983
    endloop
  endfacet
  facet normal 1 0 0
    outer loop
      vertex -30 -22 5
      vertex -30 -1.11994 28.5983
      vertex -30 -1.325 28.705
    endloop
  endfacet
  facet normal 1 0 0
    outer loop
      vertex -30 -22 5
      vertex -30 -1.325 28.705
      vertex -30 -1.51998 28.8292
    endloop
  endfacet
  facet normal 1 0 0
    outer loop
      vertex -30 -22 5
      vertex -30 -1.51998 28.8292
      vertex -30 -1.70339 28.97
    endloop
  endfacet
  facet normal 1 0 0
    outer loop
      vertex -30 -22 5
      vertex -30 -1.70339 28.97
      vertex -30 -1.87383 29.1262
    endloop
  endfacet
  facet normal 1 -0 0
    outer loop
      vertex -30 -12.2873 39.6036
      vertex -30 -2.17075 32.52
      vertex -30 -11.4907 40.6418
    endloop
  endfacet
  facet normal 1 0 0
    outer loop
      vertex -30 -2.17075 32.52
      vertex -30 -12.2873 39.6036
      vertex -30 -2.29497 32.325
    endloop
  endfacet
  facet normal 1 -0 0
    outer loop
      vertex -30 -12.9904 38.5
      vertex -30 -2.29497 32.325
      vertex -30 -12.2873 39.6036
    endloop
  endfacet
  facet normal 1 0 0
    outer loop
      vertex -30 -2.29497 32.325
      vertex -30 -12.9904 38.5
      vertex -30 -2.40172 32.1199
    endloop
  endfacet
  facet normal 1 -0 0
    outer loop
      vertex -30 -13.5946 37.3393
      vertex -30 -2.40172 32.1199
      vertex -30 -12.9904 38.5
    endloop
  endfacet
  facet normal 1 0 0
    outer loop
      vertex -30 -2.40172 32.1199
      vertex -30 -13.5946 37.3393
      vertex -30 -2.49018 31.9064
    endloop
  endfacet
  facet normal 1 -0 0
    outer loop
      vertex -30 -14.0954 36.1303
      vertex -30 -2.49018 31.9064
      vertex -30 -13.5946 37.3393
    endloop
  endfacet
  facet normal 1 0 0
    outer loop
      vertex -30 -2.49018 31.9064
      vertex -30 -14.0954 36.1303
      vertex -30 -2.5597 31.6859
    endloop
  endfacet
  facet normal 1 -0 0
    outer loop
      vertex -30 -14.4889 34.8823
      vertex -30 -2.5597 31.6859
      vertex -30 -14.0954 36.1303
    endloop
  endfacet
  facet normal 1 0 0
    outer loop
      vertex -30 -2.5597 31.6859
      vertex -30 -14.4889 34.8823
      vertex -30 -2.60974 31.4602
    endloop
  endfacet
  facet normal 1 0 0
    outer loop
      vertex -30 -2.60974 31.4602
      vertex -30 -14.4889 34.8823
      vertex -30 -2.63992 31.231
    endloop
  endfacet
  facet normal 1 0 0
    outer loop
      vertex -30 -2.63992 31.231
      vertex -30 -14.4889 34.8823
      vertex -30 -2.65 31
    endloop
  endfacet
  facet normal 1 0 0
    outer loop
      vertex -30 -2.65 31
      vertex -30 -14.4889 34.8823
      vertex -30 -2.63992 30.769
    endloop
  endfacet
  facet normal 1 0 0
    outer loop
      vertex -30 -2.63992 30.769
      vertex -30 -14.4889 34.8823
      vertex -30 -2.60974 30.5398
    endloop
  endfacet
  facet normal 1 0 0
    outer loop
      vertex -30 -2.60974 30.5398
      vertex -30 -14.4889 34.8823
      vertex -30 -2.5597 30.3141
    endloop
  endfacet
  facet normal 1 0 0
    outer loop
      vertex -30 -2.5597 30.3141
      vertex -30 -14.4889 34.8823
      vertex -30 -2.49018 30.0936
    endloop
  endfacet
  facet normal 1 0 0
    outer loop
      vertex -30 -2.49018 30.0936
      vertex -30 -14.4889 34.8823
      vertex -30 -2.40172 29.8801
    endloop
  endfacet
  facet normal 1 0 0
    outer loop
      vertex -30 -2.40172 29.8801
      vertex -30 -14.4889 34.8823
      vertex -30 -2.29497 29.675
    endloop
  endfacet
  facet normal 1 0 0
    outer loop
      vertex -30 -2.29497 29.675
      vertex -30 -14.4889 34.8823
      vertex -30 -2.17075 29.48
    endloop
  endfacet
  facet normal 1 0 0
    outer loop
      vertex -30 -2.17075 29.48
      vertex -30 -14.4889 34.8823
      vertex -30 -2.03002 29.2966
    endloop
  endfacet
  facet normal 1 0 0
    outer loop
      vertex -30 -22 5
      vertex -30 -2.03002 29.2966
      vertex -30 -14.4889 34.8823
    endloop
  endfacet
  facet normal 1 0 0
    outer loop
      vertex -30 -2.03002 29.2966
      vertex -30 -22 5
      vertex -30 -1.87383 29.1262
    endloop
  endfacet
  facet normal 1 0 0
    outer loop
      vertex -30 0 28.35
      vertex -30 -22 5
      vertex -30 22 5
    endloop
  endfacet
  facet normal 0 -0.216417 0.976301
    outer loop
      vertex -35 -2.60472 45.7721
      vertex -30 -3.88229 45.4889
      vertex -30 -2.60472 45.7721
    endloop
  endfacet
  facet normal 0 -0.216417 0.976301
    outer loop
      vertex -30 -3.88229 45.4889
      vertex -35 -2.60472 45.7721
      vertex -35 -3.88229 45.4889
    endloop
  endfacet
  facet normal 0 0.887018 0.461735
    outer loop
      vertex -30 13.5946 37.3393
      vertex -35 12.9904 38.5
      vertex -30 12.9904 38.5
    endloop
  endfacet
  facet normal 0 0.887018 0.461735
    outer loop
      vertex -35 12.9904 38.5
      vertex -30 13.5946 37.3393
      vertex -35 13.5946 37.3393
    endloop
  endfacet
  facet normal -0 0.130524 0.991445
    outer loop
      vertex -35 2.60472 45.7721
      vertex -30 1.30734 45.9429
      vertex -30 2.60472 45.7721
    endloop
  endfacet
  facet normal 0 0.130524 0.991445
    outer loop
      vertex -30 1.30734 45.9429
      vertex -35 2.60472 45.7721
      vertex -35 1.30734 45.9429
    endloop
  endfacet
  facet normal 0 0.843381 0.537316
    outer loop
      vertex -30 12.9904 38.5
      vertex -35 12.2873 39.6036
      vertex -30 12.2873 39.6036
    endloop
  endfacet
  facet normal 0 0.843381 0.537316
    outer loop
      vertex -35 12.2873 39.6036
      vertex -30 12.9904 38.5
      vertex -35 12.9904 38.5
    endloop
  endfacet
  facet normal -0 0.216417 0.976301
    outer loop
      vertex -35 3.88229 45.4889
      vertex -30 2.60472 45.7721
      vertex -30 3.88229 45.4889
    endloop
  endfacet
  facet normal 0 0.216417 0.976301
    outer loop
      vertex -30 2.60472 45.7721
      vertex -35 3.88229 45.4889
      vertex -35 2.60472 45.7721
    endloop
  endfacet
  facet normal -0 0.461726 0.887023
    outer loop
      vertex -35 7.5 43.9904
      vertex -30 6.33927 44.5946
      vertex -30 7.5 43.9904
    endloop
  endfacet
  facet normal 0 0.461726 0.887023
    outer loop
      vertex -30 6.33927 44.5946
      vertex -35 7.5 43.9904
      vertex -35 6.33927 44.5946
    endloop
  endfacet
  facet normal 0 -0.300709 0.953716
    outer loop
      vertex -35 -3.88229 45.4889
      vertex -30 -5.1303 45.0954
      vertex -30 -3.88229 45.4889
    endloop
  endfacet
  facet normal 0 -0.300709 0.953716
    outer loop
      vertex -30 -5.1303 45.0954
      vertex -35 -3.88229 45.4889
      vertex -35 -5.1303 45.0954
    endloop
  endfacet
  facet normal 0 -0.0436349 0.999048
    outer loop
      vertex -35 0 46
      vertex -30 -1.30734 45.9429
      vertex -30 0 46
    endloop
  endfacet
  facet normal 0 -0.0436349 0.999048
    outer loop
      vertex -30 -1.30734 45.9429
      vertex -35 0 46
      vertex -35 -1.30734 45.9429
    endloop
  endfacet
  facet normal 0 -0.130524 0.991445
    outer loop
      vertex -35 -1.30734 45.9429
      vertex -30 -2.60472 45.7721
      vertex -30 -1.30734 45.9429
    endloop
  endfacet
  facet normal 0 -0.130524 0.991445
    outer loop
      vertex -30 -2.60472 45.7721
      vertex -35 -1.30734 45.9429
      vertex -35 -2.60472 45.7721
    endloop
  endfacet
  facet normal 0 -0.953715 0.300711
    outer loop
      vertex -35 -14.4889 34.8823
      vertex -30 -14.0954 36.1303
      vertex -35 -14.0954 36.1303
    endloop
  endfacet
  facet normal 0 -0.953715 0.300711
    outer loop
      vertex -30 -14.0954 36.1303
      vertex -35 -14.4889 34.8823
      vertex -30 -14.4889 34.8823
    endloop
  endfacet
  facet normal 0 -0.675604 0.737265
    outer loop
      vertex -35 -9.64181 42.4907
      vertex -30 -10.6066 41.6066
      vertex -30 -9.64181 42.4907
    endloop
  endfacet
  facet normal 0 -0.675604 0.737265
    outer loop
      vertex -30 -10.6066 41.6066
      vertex -35 -9.64181 42.4907
      vertex -35 -10.6066 41.6066
    endloop
  endfacet
  facet normal 0 -0.793368 0.608743
    outer loop
      vertex -35 -12.2873 39.6036
      vertex -30 -11.4907 40.6418
      vertex -35 -11.4907 40.6418
    endloop
  endfacet
  facet normal 0 -0.793368 0.608743
    outer loop
      vertex -30 -11.4907 40.6418
      vertex -35 -12.2873 39.6036
      vertex -30 -12.2873 39.6036
    endloop
  endfacet
  facet normal 0 0.737268 0.6756
    outer loop
      vertex -30 11.4907 40.6418
      vertex -35 10.6066 41.6066
      vertex -30 10.6066 41.6066
    endloop
  endfacet
  facet normal 0 0.737268 0.6756
    outer loop
      vertex -35 10.6066 41.6066
      vertex -30 11.4907 40.6418
      vertex -35 11.4907 40.6418
    endloop
  endfacet
  facet normal 0 0.923875 0.382694
    outer loop
      vertex 35 14.0954 36.1303
      vertex 30 13.5946 37.3393
      vertex 35 13.5946 37.3393
    endloop
  endfacet
  facet normal 0 0.923875 0.382694
    outer loop
      vertex 30 13.5946 37.3393
      vertex 35 14.0954 36.1303
      vertex 30 14.0954 36.1303
    endloop
  endfacet
  facet normal 0 0.953715 0.300711
    outer loop
      vertex 35 14.4889 34.8823
      vertex 30 14.0954 36.1303
      vertex 35 14.0954 36.1303
    endloop
  endfacet
  facet normal 0 0.953715 0.300711
    outer loop
      vertex 30 14.0954 36.1303
      vertex 35 14.4889 34.8823
      vertex 30 14.4889 34.8823
    endloop
  endfacet
  facet normal 0 -0.461726 0.887023
    outer loop
      vertex 30 -6.33927 44.5946
      vertex 35 -7.5 43.9904
      vertex 35 -6.33927 44.5946
    endloop
  endfacet
  facet normal 0 -0.461726 0.887023
    outer loop
      vertex 35 -7.5 43.9904
      vertex 30 -6.33927 44.5946
      vertex 30 -7.5 43.9904
    endloop
  endfacet
  facet normal 1 0 0
    outer loop
      vertex 35 -3.89711 28.75
      vertex 35 -3.84612 28.6236
      vertex 35 -3.82023 28.6293
    endloop
  endfacet
  facet normal 1 0 0
    outer loop
      vertex 35 -3.89711 28.75
      vertex 35 -3.94596 28.5921
      vertex 35 -3.84612 28.6236
    endloop
  endfacet
  facet normal 1 0 0
    outer loop
      vertex 35 -3.89711 28.75
      vertex 35 -4.04268 28.552
      vertex 35 -3.94596 28.5921
    endloop
  endfacet
  facet normal 1 0 0
    outer loop
      vertex 35 -4.07838 29.0982
      vertex 35 -4.04268 28.552
      vertex 35 -3.89711 28.75
    endloop
  endfacet
  facet normal 1 0 0
    outer loop
      vertex 35 -4.07838 29.0982
      vertex 35 -4.13553 28.5037
      vertex 35 -4.04268 28.552
    endloop
  endfacet
  facet normal 1 0 0
    outer loop
      vertex 35 -4.07838 29.0982
      vertex 35 -4.22383 28.4474
      vertex 35 -4.13553 28.5037
    endloop
  endfacet
  facet normal 1 0 0
    outer loop
      vertex 35 -4.30688 28.3837
      vertex 35 -4.07838 29.0982
      vertex 35 -4.22862 29.4609
    endloop
  endfacet
  facet normal 1 0 0
    outer loop
      vertex 35 -4.07838 29.0982
      vertex 35 -4.30688 28.3837
      vertex 35 -4.22383 28.4474
    endloop
  endfacet
  facet normal 1 0 0
    outer loop
      vertex 35 -4.58958 29.8724
      vertex 35 -4.22862 29.4609
      vertex 35 -4.34667 29.8353
    endloop
  endfacet
  facet normal 1 -0 0
    outer loop
      vertex 35 -4.4 29.9608
      vertex 35 -4.34667 29.8353
      vertex 35 -4.37764 29.975
    endloop
  endfacet
  facet normal 1 -0 0
    outer loop
      vertex 35 -4.49286 29.9124
      vertex 35 -4.34667 29.8353
      vertex 35 -4.4 29.9608
    endloop
  endfacet
  facet normal 1 -0 0
    outer loop
      vertex 35 -4.58958 29.8724
      vertex 35 -4.34667 29.8353
      vertex 35 -4.49286 29.9124
    endloop
  endfacet
  facet normal 1 0 0
    outer loop
      vertex 35 -4.22862 29.4609
      vertex 35 -4.58958 29.8724
      vertex 35 -4.68942 29.8409
    endloop
  endfacet
  facet normal 1 -0 0
    outer loop
      vertex 35 -4.79162 29.8182
      vertex 35 -4.22862 29.4609
      vertex 35 -4.68942 29.8409
    endloop
  endfacet
  facet normal 1 -0 0
    outer loop
      vertex 35 -4.89541 29.8046
      vertex 35 -4.22862 29.4609
      vertex 35 -4.79162 29.8182
    endloop
  endfacet
  facet normal 1 0 0
    outer loop
      vertex 35 -4.22862 29.4609
      vertex 35 -4.89541 29.8046
      vertex 35 -4.30688 28.3837
    endloop
  endfacet
  facet normal 1 0 0
    outer loop
      vertex 35 -4.30688 28.3837
      vertex 35 -4.89541 29.8046
      vertex 35 -4.38406 28.313
    endloop
  endfacet
  facet normal 1 -0 0
    outer loop
      vertex 35 -5 29.8
      vertex 35 -4.38406 28.313
      vertex 35 -4.89541 29.8046
    endloop
  endfacet
  facet normal 1 0 0
    outer loop
      vertex 35 -5 29.8
      vertex 35 -8.98026 23.7168
      vertex 35 -4.38406 28.313
    endloop
  endfacet
  facet normal 1 -0 0
    outer loop
      vertex 35 -11.5 29.8
      vertex 35 -8.98026 23.7168
      vertex 35 -5 29.8
    endloop
  endfacet
  facet normal 1 0 0
    outer loop
      vertex 35 -8.98026 23.7168
      vertex 35 -11.5 29.8
      vertex 35 -9.05098 23.6396
    endloop
  endfacet
  facet normal 1 0 0
    outer loop
      vertex 35 -9.2193 23.3754
      vertex 35 -11.9104 29.8724
      vertex 35 -9.25936 23.2787
    endloop
  endfacet
  facet normal 1 0 0
    outer loop
      vertex 35 -11.9104 29.8724
      vertex 35 -9.2193 23.3754
      vertex 35 -11.8106 29.8409
    endloop
  endfacet
  facet normal 1 0 0
    outer loop
      vertex 35 -9.17096 23.4683
      vertex 35 -11.8106 29.8409
      vertex 35 -9.2193 23.3754
    endloop
  endfacet
  facet normal 1 0 0
    outer loop
      vertex 35 -11.8106 29.8409
      vertex 35 -9.17096 23.4683
      vertex 35 -11.7084 29.8182
    endloop
  endfacet
  facet normal 1 0 0
    outer loop
      vertex 35 -9.11471 23.5566
      vertex 35 -11.7084 29.8182
      vertex 35 -9.17096 23.4683
    endloop
  endfacet
  facet normal 1 0 0
    outer loop
      vertex 35 -11.7084 29.8182
      vertex 35 -9.11471 23.5566
      vertex 35 -11.6046 29.8046
    endloop
  endfacet
  facet normal 1 0 0
    outer loop
      vertex 35 -9.05098 23.6396
      vertex 35 -11.6046 29.8046
      vertex 35 -9.11471 23.5566
    endloop
  endfacet
  facet normal 1 0 0
    outer loop
      vertex 35 -11.6046 29.8046
      vertex 35 -9.05098 23.6396
      vertex 35 -11.5 29.8
    endloop
  endfacet
  facet normal 1 0 0
    outer loop
      vertex 35 -1.16469 26.6533
      vertex 35 -1.03923 26.6
      vertex 35 -1.02498 26.6224
    endloop
  endfacet
  facet normal 1 0 0
    outer loop
      vertex 35 -1.16469 26.6533
      vertex 35 -1.08757 26.5071
      vertex 35 -1.03923 26.6
    endloop
  endfacet
  facet normal 1 0 0
    outer loop
      vertex 35 -1.16469 26.6533
      vertex 35 -1.12763 26.4104
      vertex 35 -1.08757 26.5071
    endloop
  endfacet
  facet normal 1 0 0
    outer loop
      vertex 35 -1.53909 26.7714
      vertex 35 -1.12763 26.4104
      vertex 35 -1.16469 26.6533
    endloop
  endfacet
  facet normal 1 0 0
    outer loop
      vertex 35 -1.12763 26.4104
      vertex 35 -1.53909 26.7714
      vertex 35 -1.15911 26.3106
    endloop
  endfacet
  facet normal 1 0 0
    outer loop
      vertex 35 -1.15911 26.3106
      vertex 35 -1.53909 26.7714
      vertex 35 -1.18177 26.2084
    endloop
  endfacet
  facet normal 1 -0 0
    outer loop
      vertex 35 -2.68701 26.6159
      vertex 35 -1.2 26
      vertex 35 -1.53909 26.7714
    endloop
  endfacet
  facet normal 1 0 0
    outer loop
      vertex 35 -1.19543 26.1046
      vertex 35 -1.53909 26.7714
      vertex 35 -1.2 26
    endloop
  endfacet
  facet normal 1 0 0
    outer loop
      vertex 35 -1.18177 26.2084
      vertex 35 -1.53909 26.7714
      vertex 35 -1.19543 26.1046
    endloop
  endfacet
  facet normal 1 0 0
    outer loop
      vertex 35 1.53909 26.7714
      vertex 35 1.19543 26.1046
      vertex 35 1.2 26
    endloop
  endfacet
  facet normal 1 0 0
    outer loop
      vertex 35 1.53909 26.7714
      vertex 35 1.18177 26.2084
      vertex 35 1.19543 26.1046
    endloop
  endfacet
  facet normal 1 0 0
    outer loop
      vertex 35 1.12763 26.4104
      vertex 35 1.53909 26.7714
      vertex 35 1.16469 26.6533
    endloop
  endfacet
  facet normal 1 0 0
    outer loop
      vertex 35 1.53909 26.7714
      vertex 35 1.15911 26.3106
      vertex 35 1.18177 26.2084
    endloop
  endfacet
  facet normal 1 0 0
    outer loop
      vertex 35 1.53909 26.7714
      vertex 35 1.12763 26.4104
      vertex 35 1.15911 26.3106
    endloop
  endfacet
  facet normal 1 0 0
    outer loop
      vertex 35 1.16469 26.6533
      vertex 35 1.08757 26.5071
      vertex 35 1.12763 26.4104
    endloop
  endfacet
  facet normal 1 0 0
    outer loop
      vertex 35 1.16469 26.6533
      vertex 35 1.03923 26.6
      vertex 35 1.08757 26.5071
    endloop
  endfacet
  facet normal 1 0 -0
    outer loop
      vertex 35 1.03923 26.6
      vertex 35 1.16469 26.6533
      vertex 35 1.02498 26.6224
    endloop
  endfacet
  facet normal 1 0 0
    outer loop
      vertex 35 5.1303 45.0954
      vertex 35 1.19543 42.6046
      vertex 35 1.2 42.5
    endloop
  endfacet
  facet normal 1 0 0
    outer loop
      vertex 35 2.60472 45.7721
      vertex 35 1.18177 42.7084
      vertex 35 1.19543 42.6046
    endloop
  endfacet
  facet normal 1 0 0
    outer loop
      vertex 35 2.60472 45.7721
      vertex 35 1.15911 42.8106
      vertex 35 1.18177 42.7084
    endloop
  endfacet
  facet normal 1 0 0
    outer loop
      vertex 35 2.60472 45.7721
      vertex 35 1.12763 42.9104
      vertex 35 1.15911 42.8106
    endloop
  endfacet
  facet normal 1 0 0
    outer loop
      vertex 35 2.60472 45.7721
      vertex 35 1.08757 43.0071
      vertex 35 1.12763 42.9104
    endloop
  endfacet
  facet normal 1 0 0
    outer loop
      vertex 35 2.60472 45.7721
      vertex 35 1.03923 43.1
      vertex 35 1.08757 43.0071
    endloop
  endfacet
  facet normal 1 0 0
    outer loop
      vertex 35 2.60472 45.7721
      vertex 35 0.982982 43.1883
      vertex 35 1.03923 43.1
    endloop
  endfacet
  facet normal 1 0 0
    outer loop
      vertex 35 2.60472 45.7721
      vertex 35 0.919252 43.2713
      vertex 35 0.982982 43.1883
    endloop
  endfacet
  facet normal 1 0 0
    outer loop
      vertex 35 2.60472 45.7721
      vertex 35 0.848528 43.3485
      vertex 35 0.919252 43.2713
    endloop
  endfacet
  facet normal 1 0 0
    outer loop
      vertex 35 2.60472 45.7721
      vertex 35 0.771344 43.4193
      vertex 35 0.848528 43.3485
    endloop
  endfacet
  facet normal 1 0 0
    outer loop
      vertex 35 1.30734 45.9429
      vertex 35 0.688292 43.483
      vertex 35 0.771344 43.4193
    endloop
  endfacet
  facet normal 1 0 0
    outer loop
      vertex 35 1.30734 45.9429
      vertex 35 0.599999 43.5392
      vertex 35 0.688292 43.483
    endloop
  endfacet
  facet normal 1 0 0
    outer loop
      vertex 35 1.30734 45.9429
      vertex 35 0.507141 43.5876
      vertex 35 0.599999 43.5392
    endloop
  endfacet
  facet normal 1 0 0
    outer loop
      vertex 35 1.30734 45.9429
      vertex 35 0.410423 43.6276
      vertex 35 0.507141 43.5876
    endloop
  endfacet
  facet normal 1 0 0
    outer loop
      vertex 35 1.30734 45.9429
      vertex 35 0.310582 43.6591
      vertex 35 0.410423 43.6276
    endloop
  endfacet
  facet normal 1 0 0
    outer loop
      vertex 35 0 46
      vertex 35 0.310582 43.6591
      vertex 35 1.30734 45.9429
    endloop
  endfacet
  facet normal 1 0 0
    outer loop
      vertex 35 0.310582 43.6591
      vertex 35 0 46
      vertex 35 0.208377 43.6818
    endloop
  endfacet
  facet normal 1 0 0
    outer loop
      vertex 35 0.208377 43.6818
      vertex 35 0 46
      vertex 35 0.104587 43.6954
    endloop
  endfacet
  facet normal 1 0 0
    outer loop
      vertex 35 0 46
      vertex 35 0 43.7
      vertex 35 0.104587 43.6954
    endloop
  endfacet
  facet normal 1 0 0
    outer loop
      vertex 35 0 46
      vertex 35 -0.104587 43.6954
      vertex 35 0 43.7
    endloop
  endfacet
  facet normal 1 0 0
    outer loop
      vertex 35 0 46
      vertex 35 -0.208377 43.6818
      vertex 35 -0.104587 43.6954
    endloop
  endfacet
  facet normal 1 0 0
    outer loop
      vertex 35 0 46
      vertex 35 -0.310582 43.6591
      vertex 35 -0.208377 43.6818
    endloop
  endfacet
  facet normal 1 -0 0
    outer loop
      vertex 35 -1.30734 45.9429
      vertex 35 -0.310582 43.6591
      vertex 35 0 46
    endloop
  endfacet
  facet normal 1 0 0
    outer loop
      vertex 35 -0.310582 43.6591
      vertex 35 -1.30734 45.9429
      vertex 35 -0.410423 43.6276
    endloop
  endfacet
  facet normal 1 0 0
    outer loop
      vertex 35 -0.410423 43.6276
      vertex 35 -1.30734 45.9429
      vertex 35 -0.507141 43.5876
    endloop
  endfacet
  facet normal 1 0 0
    outer loop
      vertex 35 -0.507141 43.5876
      vertex 35 -1.30734 45.9429
      vertex 35 -0.599999 43.5392
    endloop
  endfacet
  facet normal 1 0 0
    outer loop
      vertex 35 -0.599999 43.5392
      vertex 35 -1.30734 45.9429
      vertex 35 -0.688292 43.483
    endloop
  endfacet
  facet normal 1 0 0
    outer loop
      vertex 35 -0.688292 43.483
      vertex 35 -1.30734 45.9429
      vertex 35 -0.771344 43.4193
    endloop
  endfacet
  facet normal 1 -0 0
    outer loop
      vertex 35 -2.60472 45.7721
      vertex 35 -0.771344 43.4193
      vertex 35 -1.30734 45.9429
    endloop
  endfacet
  facet normal 1 0 0
    outer loop
      vertex 35 -0.771344 43.4193
      vertex 35 -2.60472 45.7721
      vertex 35 -0.848528 43.3485
    endloop
  endfacet
  facet normal 1 0 0
    outer loop
      vertex 35 -0.848528 43.3485
      vertex 35 -2.60472 45.7721
      vertex 35 -0.919252 43.2713
    endloop
  endfacet
  facet normal 1 0 0
    outer loop
      vertex 35 -0.919252 43.2713
      vertex 35 -2.60472 45.7721
      vertex 35 -0.982982 43.1883
    endloop
  endfacet
  facet normal 1 0 0
    outer loop
      vertex 35 -0.982982 43.1883
      vertex 35 -2.60472 45.7721
      vertex 35 -1.03923 43.1
    endloop
  endfacet
  facet normal 1 0 0
    outer loop
      vertex 35 -1.18177 42.7084
      vertex 35 -3.88229 45.4889
      vertex 35 -1.19543 42.6046
    endloop
  endfacet
  facet normal 1 0 0
    outer loop
      vertex 35 -1.15911 42.8106
      vertex 35 -3.88229 45.4889
      vertex 35 -1.18177 42.7084
    endloop
  endfacet
  facet normal 1 0 0
    outer loop
      vertex 35 -1.12763 42.9104
      vertex 35 -3.88229 45.4889
      vertex 35 -1.15911 42.8106
    endloop
  endfacet
  facet normal 1 0 0
    outer loop
      vertex 35 -1.08757 43.0071
      vertex 35 -3.88229 45.4889
      vertex 35 -1.12763 42.9104
    endloop
  endfacet
  facet normal 1 -0 0
    outer loop
      vertex 35 -3.88229 45.4889
      vertex 35 -1.08757 43.0071
      vertex 35 -2.60472 45.7721
    endloop
  endfacet
  facet normal 1 0 0
    outer loop
      vertex 35 -1.03923 43.1
      vertex 35 -2.60472 45.7721
      vertex 35 -1.08757 43.0071
    endloop
  endfacet
  facet normal 1 0 0
    outer loop
      vertex 35 12.2713 30.0807
      vertex 35 9.32716 22.9729
      vertex 35 9.33173 22.8683
    endloop
  endfacet
  facet normal 1 0 0
    outer loop
      vertex 35 11.6046 29.8046
      vertex 35 9.3135 23.0767
      vertex 35 9.32716 22.9729
    endloop
  endfacet
  facet normal 1 0 0
    outer loop
      vertex 35 11.6046 29.8046
      vertex 35 9.29084 23.1789
      vertex 35 9.3135 23.0767
    endloop
  endfacet
  facet normal 1 0 0
    outer loop
      vertex 35 11.6046 29.8046
      vertex 35 9.25936 23.2787
      vertex 35 9.29084 23.1789
    endloop
  endfacet
  facet normal 1 0 0
    outer loop
      vertex 35 11.6046 29.8046
      vertex 35 9.2193 23.3754
      vertex 35 9.25936 23.2787
    endloop
  endfacet
  facet normal 1 0 0
    outer loop
      vertex 35 11.6046 29.8046
      vertex 35 9.17096 23.4683
      vertex 35 9.2193 23.3754
    endloop
  endfacet
  facet normal 1 0 0
    outer loop
      vertex 35 11.6046 29.8046
      vertex 35 9.11471 23.5566
      vertex 35 9.17096 23.4683
    endloop
  endfacet
  facet normal 1 0 0
    outer loop
      vertex 35 11.6046 29.8046
      vertex 35 9.05098 23.6396
      vertex 35 9.11471 23.5566
    endloop
  endfacet
  facet normal 1 0 0
    outer loop
      vertex 35 11.5 29.8
      vertex 35 8.98026 23.7168
      vertex 35 9.05098 23.6396
    endloop
  endfacet
  facet normal 1 -0 0
    outer loop
      vertex 35 5 29.8
      vertex 35 8.98026 23.7168
      vertex 35 11.5 29.8
    endloop
  endfacet
  facet normal 1 0 0
    outer loop
      vertex 35 4.38406 28.313
      vertex 35 5 29.8
      vertex 35 4.89541 29.8046
    endloop
  endfacet
  facet normal 1 0 0
    outer loop
      vertex 35 4.22862 29.4609
      vertex 35 4.89541 29.8046
      vertex 35 4.79162 29.8182
    endloop
  endfacet
  facet normal 1 0 0
    outer loop
      vertex 35 4.22862 29.4609
      vertex 35 4.79162 29.8182
      vertex 35 4.68942 29.8409
    endloop
  endfacet
  facet normal 1 0 0
    outer loop
      vertex 35 4.22862 29.4609
      vertex 35 4.68942 29.8409
      vertex 35 4.58958 29.8724
    endloop
  endfacet
  facet normal 1 0 0
    outer loop
      vertex 35 4.34667 29.8353
      vertex 35 4.58958 29.8724
      vertex 35 4.49286 29.9124
    endloop
  endfacet
  facet normal 1 0 0
    outer loop
      vertex 35 4.34667 29.8353
      vertex 35 4.49286 29.9124
      vertex 35 4.4 29.9608
    endloop
  endfacet
  facet normal 1 0 0
    outer loop
      vertex 35 5 29.8
      vertex 35 4.38406 28.313
      vertex 35 8.98026 23.7168
    endloop
  endfacet
  facet normal 1 0 0
    outer loop
      vertex 35 4.34667 29.8353
      vertex 35 4.4 29.9608
      vertex 35 4.37764 29.975
    endloop
  endfacet
  facet normal 1 0 0
    outer loop
      vertex 35 4.58958 29.8724
      vertex 35 4.34667 29.8353
      vertex 35 4.22862 29.4609
    endloop
  endfacet
  facet normal 1 0 0
    outer loop
      vertex 35 4.89541 29.8046
      vertex 35 4.22862 29.4609
      vertex 35 4.38406 28.313
    endloop
  endfacet
  facet normal 1 0 0
    outer loop
      vertex 35 4.38406 28.313
      vertex 35 4.22862 29.4609
      vertex 35 4.30688 28.3837
    endloop
  endfacet
  facet normal 1 -0 0
    outer loop
      vertex 35 4.07838 29.0982
      vertex 35 4.30688 28.3837
      vertex 35 4.22862 29.4609
    endloop
  endfacet
  facet normal 1 0 0
    outer loop
      vertex 35 4.30688 28.3837
      vertex 35 4.07838 29.0982
      vertex 35 4.22383 28.4474
    endloop
  endfacet
  facet normal 1 0 0
    outer loop
      vertex 35 4.22383 28.4474
      vertex 35 4.07838 29.0982
      vertex 35 4.13553 28.5037
    endloop
  endfacet
  facet normal 1 0 0
    outer loop
      vertex 35 4.07838 29.0982
      vertex 35 4.04268 28.552
      vertex 35 4.13553 28.5037
    endloop
  endfacet
  facet normal 1 -0 0
    outer loop
      vertex 35 3.89711 28.75
      vertex 35 4.04268 28.552
      vertex 35 4.07838 29.0982
    endloop
  endfacet
  facet normal 1 0 0
    outer loop
      vertex 35 4.04268 28.552
      vertex 35 3.89711 28.75
      vertex 35 3.94596 28.5921
    endloop
  endfacet
  facet normal 1 0 0
    outer loop
      vertex 35 3.89711 28.75
      vertex 35 3.84612 28.6236
      vertex 35 3.94596 28.5921
    endloop
  endfacet
  facet normal 1 0 -0
    outer loop
      vertex 35 3.84612 28.6236
      vertex 35 3.89711 28.75
      vertex 35 3.82023 28.6293
    endloop
  endfacet
  facet normal 1 0 0
    outer loop
      vertex 35 12.2873 39.6036
      vertex 35 9.32716 39.2363
      vertex 35 9.33173 39.1317
    endloop
  endfacet
  facet normal 1 0 0
    outer loop
      vertex 35 10.6066 41.6066
      vertex 35 9.3135 39.3401
      vertex 35 9.32716 39.2363
    endloop
  endfacet
  facet normal 1 0 0
    outer loop
      vertex 35 10.6066 41.6066
      vertex 35 9.29084 39.4423
      vertex 35 9.3135 39.3401
    endloop
  endfacet
  facet normal 1 0 0
    outer loop
      vertex 35 10.6066 41.6066
      vertex 35 9.25936 39.5422
      vertex 35 9.29084 39.4423
    endloop
  endfacet
  facet normal 1 0 0
    outer loop
      vertex 35 10.6066 41.6066
      vertex 35 9.2193 39.6389
      vertex 35 9.25936 39.5422
    endloop
  endfacet
  facet normal 1 0 0
    outer loop
      vertex 35 10.6066 41.6066
      vertex 35 9.17096 39.7317
      vertex 35 9.2193 39.6389
    endloop
  endfacet
  facet normal 1 0 0
    outer loop
      vertex 35 10.6066 41.6066
      vertex 35 9.11471 39.82
      vertex 35 9.17096 39.7317
    endloop
  endfacet
  facet normal 1 0 0
    outer loop
      vertex 35 10.6066 41.6066
      vertex 35 9.05098 39.9031
      vertex 35 9.11471 39.82
    endloop
  endfacet
  facet normal 1 0 0
    outer loop
      vertex 35 10.6066 41.6066
      vertex 35 8.98026 39.9803
      vertex 35 9.05098 39.9031
    endloop
  endfacet
  facet normal 1 0 0
    outer loop
      vertex 35 10.6066 41.6066
      vertex 35 8.90307 40.051
      vertex 35 8.98026 39.9803
    endloop
  endfacet
  facet normal 1 0 0
    outer loop
      vertex 35 10.6066 41.6066
      vertex 35 8.82002 40.1147
      vertex 35 8.90307 40.051
    endloop
  endfacet
  facet normal 1 0 0
    outer loop
      vertex 35 10.6066 41.6066
      vertex 35 8.73173 40.171
      vertex 35 8.82002 40.1147
    endloop
  endfacet
  facet normal 1 0 0
    outer loop
      vertex 35 9.64181 42.4907
      vertex 35 8.63887 40.2193
      vertex 35 8.73173 40.171
    endloop
  endfacet
  facet normal 1 0 0
    outer loop
      vertex 35 8.23631 40.3272
      vertex 35 9.64181 42.4907
      vertex 35 8.60365 43.2873
    endloop
  endfacet
  facet normal 1 0 0
    outer loop
      vertex 35 9.64181 42.4907
      vertex 35 8.54215 40.2594
      vertex 35 8.63887 40.2193
    endloop
  endfacet
  facet normal 1 0 0
    outer loop
      vertex 35 9.64181 42.4907
      vertex 35 8.44231 40.2908
      vertex 35 8.54215 40.2594
    endloop
  endfacet
  facet normal 1 0 0
    outer loop
      vertex 35 9.64181 42.4907
      vertex 35 8.34011 40.3135
      vertex 35 8.44231 40.2908
    endloop
  endfacet
  facet normal 1 0 0
    outer loop
      vertex 35 9.64181 42.4907
      vertex 35 8.23631 40.3272
      vertex 35 8.34011 40.3135
    endloop
  endfacet
  facet normal 1 0 0
    outer loop
      vertex 35 8.60365 43.2873
      vertex 35 8.13173 40.3317
      vertex 35 8.23631 40.3272
    endloop
  endfacet
  facet normal 1 0 0
    outer loop
      vertex 35 8.60365 43.2873
      vertex 35 8.02714 40.3272
      vertex 35 8.13173 40.3317
    endloop
  endfacet
  facet normal 1 0 0
    outer loop
      vertex 35 8.60365 43.2873
      vertex 35 7.92335 40.3135
      vertex 35 8.02714 40.3272
    endloop
  endfacet
  facet normal 1 0 0
    outer loop
      vertex 35 8.60365 43.2873
      vertex 35 7.82115 40.2908
      vertex 35 7.92335 40.3135
    endloop
  endfacet
  facet normal 1 0 0
    outer loop
      vertex 35 8.60365 43.2873
      vertex 35 7.7213 40.2594
      vertex 35 7.82115 40.2908
    endloop
  endfacet
  facet normal 1 0 0
    outer loop
      vertex 35 7.5 43.9904
      vertex 35 7.7213 40.2594
      vertex 35 8.60365 43.2873
    endloop
  endfacet
  facet normal 1 0 0
    outer loop
      vertex 35 7.7213 40.2594
      vertex 35 7.5 43.9904
      vertex 35 7.62459 40.2193
    endloop
  endfacet
  facet normal 1 0 0
    outer loop
      vertex 35 7.62459 40.2193
      vertex 35 7.5 43.9904
      vertex 35 7.53173 40.171
    endloop
  endfacet
  facet normal 1 0 0
    outer loop
      vertex 35 7.5 43.9904
      vertex 35 7.44344 40.1147
      vertex 35 7.53173 40.171
    endloop
  endfacet
  facet normal 1 0 0
    outer loop
      vertex 35 7.5 43.9904
      vertex 35 7.36038 40.051
      vertex 35 7.44344 40.1147
    endloop
  endfacet
  facet normal 1 0 0
    outer loop
      vertex 35 6.33927 44.5946
      vertex 35 7.36038 40.051
      vertex 35 7.5 43.9904
    endloop
  endfacet
  facet normal 1 0 0
    outer loop
      vertex 35 7.36038 40.051
      vertex 35 6.33927 44.5946
      vertex 35 7.2832 39.9803
    endloop
  endfacet
  facet normal 1 0 0
    outer loop
      vertex 35 5.1303 45.0954
      vertex 35 7.2832 39.9803
      vertex 35 6.33927 44.5946
    endloop
  endfacet
  facet normal 1 0 0
    outer loop
      vertex 35 1.19543 42.6046
      vertex 35 5.1303 45.0954
      vertex 35 3.88229 45.4889
    endloop
  endfacet
  facet normal 1 0 0
    outer loop
      vertex 35 5.1303 45.0954
      vertex 35 1.2 42.5
      vertex 35 7.2832 39.9803
    endloop
  endfacet
  facet normal 1 0 0
    outer loop
      vertex 35 7.2832 39.9803
      vertex 35 1.2 42.5
      vertex 35 2.68701 35.3841
    endloop
  endfacet
  facet normal 1 0 0
    outer loop
      vertex 35 1.19543 42.6046
      vertex 35 3.88229 45.4889
      vertex 35 2.60472 45.7721
    endloop
  endfacet
  facet normal 1 -0 0
    outer loop
      vertex 35 1.2 36
      vertex 35 2.68701 35.3841
      vertex 35 1.2 42.5
    endloop
  endfacet
  facet normal 1 0 0
    outer loop
      vertex 35 2.68701 35.3841
      vertex 35 1.2 36
      vertex 35 2.61628 35.3069
    endloop
  endfacet
  facet normal 1 0 -0
    outer loop
      vertex 35 1.90178 35.0784
      vertex 35 2.61628 35.3069
      vertex 35 1.2 36
    endloop
  endfacet
  facet normal 1 0 0
    outer loop
      vertex 35 2.61628 35.3069
      vertex 35 1.90178 35.0784
      vertex 35 2.55255 35.2238
    endloop
  endfacet
  facet normal 1 0 0
    outer loop
      vertex 35 2.55255 35.2238
      vertex 35 1.90178 35.0784
      vertex 35 2.4963 35.1355
    endloop
  endfacet
  facet normal 1 0 0
    outer loop
      vertex 35 2.4963 35.1355
      vertex 35 1.90178 35.0784
      vertex 35 2.44796 35.0427
    endloop
  endfacet
  facet normal 1 0 -0
    outer loop
      vertex 35 2.25 34.8971
      vertex 35 2.44796 35.0427
      vertex 35 1.90178 35.0784
    endloop
  endfacet
  facet normal 1 0 0
    outer loop
      vertex 35 2.4079 34.946
      vertex 35 2.25 34.8971
      vertex 35 2.37642 34.8461
    endloop
  endfacet
  facet normal 1 0 0
    outer loop
      vertex 35 2.37642 34.8461
      vertex 35 2.25 34.8971
      vertex 35 2.37068 34.8202
    endloop
  endfacet
  facet normal 1 0 0
    outer loop
      vertex 35 0.771344 43.4193
      vertex 35 2.60472 45.7721
      vertex 35 1.30734 45.9429
    endloop
  endfacet
  facet normal 1 0 0
    outer loop
      vertex 35 2.44796 35.0427
      vertex 35 2.25 34.8971
      vertex 35 2.4079 34.946
    endloop
  endfacet
  facet normal 1 0 0
    outer loop
      vertex 35 1.90178 35.0784
      vertex 35 1.2 36
      vertex 35 1.53909 35.2286
    endloop
  endfacet
  facet normal 1 -0 0
    outer loop
      vertex 35 1.19543 35.8954
      vertex 35 1.53909 35.2286
      vertex 35 1.2 36
    endloop
  endfacet
  facet normal 1 -0 0
    outer loop
      vertex 35 1.18177 35.7916
      vertex 35 1.53909 35.2286
      vertex 35 1.19543 35.8954
    endloop
  endfacet
  facet normal 1 -0 0
    outer loop
      vertex 35 1.15911 35.6894
      vertex 35 1.53909 35.2286
      vertex 35 1.18177 35.7916
    endloop
  endfacet
  facet normal 1 -0 0
    outer loop
      vertex 35 1.12763 35.5896
      vertex 35 1.53909 35.2286
      vertex 35 1.15911 35.6894
    endloop
  endfacet
  facet normal 1 0 0
    outer loop
      vertex 35 1.53909 35.2286
      vertex 35 1.12763 35.5896
      vertex 35 1.16469 35.3467
    endloop
  endfacet
  facet normal 1 -0 0
    outer loop
      vertex 35 1.08757 35.4929
      vertex 35 1.16469 35.3467
      vertex 35 1.12763 35.5896
    endloop
  endfacet
  facet normal 1 -0 0
    outer loop
      vertex 35 1.03923 35.4
      vertex 35 1.16469 35.3467
      vertex 35 1.08757 35.4929
    endloop
  endfacet
  facet normal 1 0 0
    outer loop
      vertex 35 1.16469 35.3467
      vertex 35 1.03923 35.4
      vertex 35 1.02498 35.3776
    endloop
  endfacet
  facet normal 1 0 0
    outer loop
      vertex 35 14.4889 34.8823
      vertex 35 12.6954 31.1046
      vertex 35 12.7 31
    endloop
  endfacet
  facet normal 1 0 0
    outer loop
      vertex 35 13.5946 37.3393
      vertex 35 12.6818 31.2084
      vertex 35 12.6954 31.1046
    endloop
  endfacet
  facet normal 1 0 0
    outer loop
      vertex 35 13.5946 37.3393
      vertex 35 12.6591 31.3106
      vertex 35 12.6818 31.2084
    endloop
  endfacet
  facet normal 1 0 0
    outer loop
      vertex 35 13.5946 37.3393
      vertex 35 12.6276 31.4104
      vertex 35 12.6591 31.3106
    endloop
  endfacet
  facet normal 1 0 0
    outer loop
      vertex 35 13.5946 37.3393
      vertex 35 12.5876 31.5071
      vertex 35 12.6276 31.4104
    endloop
  endfacet
  facet normal 1 0 0
    outer loop
      vertex 35 13.5946 37.3393
      vertex 35 12.5392 31.6
      vertex 35 12.5876 31.5071
    endloop
  endfacet
  facet normal 1 0 0
    outer loop
      vertex 35 13.5946 37.3393
      vertex 35 12.483 31.6883
      vertex 35 12.5392 31.6
    endloop
  endfacet
  facet normal 1 0 0
    outer loop
      vertex 35 13.5946 37.3393
      vertex 35 12.4193 31.7713
      vertex 35 12.483 31.6883
    endloop
  endfacet
  facet normal 1 0 0
    outer loop
      vertex 35 13.5946 37.3393
      vertex 35 12.3485 31.8485
      vertex 35 12.4193 31.7713
    endloop
  endfacet
  facet normal 1 -0 0
    outer loop
      vertex 35 9.25936 38.7213
      vertex 35 12.9904 38.5
      vertex 35 12.2873 39.6036
    endloop
  endfacet
  facet normal 1 0 0
    outer loop
      vertex 35 13.5946 37.3393
      vertex 35 12.2713 31.9193
      vertex 35 12.3485 31.8485
    endloop
  endfacet
  facet normal 1 0 0
    outer loop
      vertex 35 13.5946 37.3393
      vertex 35 12.1883 31.983
      vertex 35 12.2713 31.9193
    endloop
  endfacet
  facet normal 1 0 0
    outer loop
      vertex 35 13.5946 37.3393
      vertex 35 12.1 32.0392
      vertex 35 12.1883 31.983
    endloop
  endfacet
  facet normal 1 0 0
    outer loop
      vertex 35 13.5946 37.3393
      vertex 35 12.0071 32.0876
      vertex 35 12.1 32.0392
    endloop
  endfacet
  facet normal 1 0 0
    outer loop
      vertex 35 13.5946 37.3393
      vertex 35 11.9104 32.1276
      vertex 35 12.0071 32.0876
    endloop
  endfacet
  facet normal 1 0 0
    outer loop
      vertex 35 13.5946 37.3393
      vertex 35 11.8106 32.1591
      vertex 35 11.9104 32.1276
    endloop
  endfacet
  facet normal 1 0 0
    outer loop
      vertex 35 13.5946 37.3393
      vertex 35 11.7084 32.1818
      vertex 35 11.8106 32.1591
    endloop
  endfacet
  facet normal 1 0 0
    outer loop
      vertex 35 13.5946 37.3393
      vertex 35 11.6046 32.1954
      vertex 35 11.7084 32.1818
    endloop
  endfacet
  facet normal 1 0 0
    outer loop
      vertex 35 13.5946 37.3393
      vertex 35 9.05098 38.3604
      vertex 35 8.98026 38.2832
    endloop
  endfacet
  facet normal 1 0 0
    outer loop
      vertex 35 9.32716 39.2363
      vertex 35 12.2873 39.6036
      vertex 35 11.4907 40.6418
    endloop
  endfacet
  facet normal 1 0 0
    outer loop
      vertex 35 9.32716 39.2363
      vertex 35 11.4907 40.6418
      vertex 35 10.6066 41.6066
    endloop
  endfacet
  facet normal 1 0 0
    outer loop
      vertex 35 8.73173 40.171
      vertex 35 10.6066 41.6066
      vertex 35 9.64181 42.4907
    endloop
  endfacet
  facet normal 1 0 0
    outer loop
      vertex 35 12.2873 39.6036
      vertex 35 9.33173 39.1317
      vertex 35 9.32716 39.0271
    endloop
  endfacet
  facet normal 1 0 0
    outer loop
      vertex 35 12.2873 39.6036
      vertex 35 9.32716 39.0271
      vertex 35 9.3135 38.9233
    endloop
  endfacet
  facet normal 1 0 0
    outer loop
      vertex 35 12.2873 39.6036
      vertex 35 9.3135 38.9233
      vertex 35 9.29084 38.8211
    endloop
  endfacet
  facet normal 1 0 0
    outer loop
      vertex 35 12.2873 39.6036
      vertex 35 9.29084 38.8211
      vertex 35 9.25936 38.7213
    endloop
  endfacet
  facet normal 1 0 0
    outer loop
      vertex 35 12.9904 38.5
      vertex 35 9.25936 38.7213
      vertex 35 9.2193 38.6246
    endloop
  endfacet
  facet normal 1 0 0
    outer loop
      vertex 35 12.9904 38.5
      vertex 35 9.2193 38.6246
      vertex 35 9.17096 38.5317
    endloop
  endfacet
  facet normal 1 0 0
    outer loop
      vertex 35 12.9904 38.5
      vertex 35 9.17096 38.5317
      vertex 35 9.11471 38.4434
    endloop
  endfacet
  facet normal 1 0 0
    outer loop
      vertex 35 12.9904 38.5
      vertex 35 9.11471 38.4434
      vertex 35 9.05098 38.3604
    endloop
  endfacet
  facet normal 1 0 0
    outer loop
      vertex 35 13.5946 37.3393
      vertex 35 11.5 32.2
      vertex 35 11.6046 32.1954
    endloop
  endfacet
  facet normal 1 0 0
    outer loop
      vertex 35 13.5946 37.3393
      vertex 35 8.98026 38.2832
      vertex 35 11.5 32.2
    endloop
  endfacet
  facet normal 1 0 0
    outer loop
      vertex 35 8.98026 38.2832
      vertex 35 5 32.2
      vertex 35 11.5 32.2
    endloop
  endfacet
  facet normal 1 -0 0
    outer loop
      vertex 35 4.38406 33.687
      vertex 35 5 32.2
      vertex 35 8.98026 38.2832
    endloop
  endfacet
  facet normal 1 0 0
    outer loop
      vertex 35 5 32.2
      vertex 35 4.38406 33.687
      vertex 35 4.89541 32.1954
    endloop
  endfacet
  facet normal 1 -0 0
    outer loop
      vertex 35 4.22862 32.5391
      vertex 35 4.89541 32.1954
      vertex 35 4.38406 33.687
    endloop
  endfacet
  facet normal 1 0 0
    outer loop
      vertex 35 4.89541 32.1954
      vertex 35 4.22862 32.5391
      vertex 35 4.79162 32.1818
    endloop
  endfacet
  facet normal 1 0 0
    outer loop
      vertex 35 4.79162 32.1818
      vertex 35 4.22862 32.5391
      vertex 35 4.68942 32.1591
    endloop
  endfacet
  facet normal 1 0 0
    outer loop
      vertex 35 4.68942 32.1591
      vertex 35 4.22862 32.5391
      vertex 35 4.58958 32.1276
    endloop
  endfacet
  facet normal 1 -0 -0
    outer loop
      vertex 35 4.34667 32.1647
      vertex 35 4.58958 32.1276
      vertex 35 4.22862 32.5391
    endloop
  endfacet
  facet normal 1 0 0
    outer loop
      vertex 35 4.49286 32.0876
      vertex 35 4.34667 32.1647
      vertex 35 4.4 32.0392
    endloop
  endfacet
  facet normal 1 0 0
    outer loop
      vertex 35 4.4 32.0392
      vertex 35 4.34667 32.1647
      vertex 35 4.37764 32.025
    endloop
  endfacet
  facet normal 1 0 0
    outer loop
      vertex 35 4.22862 32.5391
      vertex 35 4.38406 33.687
      vertex 35 4.30688 33.6163
    endloop
  endfacet
  facet normal 1 0 0
    outer loop
      vertex 35 4.58958 32.1276
      vertex 35 4.34667 32.1647
      vertex 35 4.49286 32.0876
    endloop
  endfacet
  facet normal 1 0 0
    outer loop
      vertex 35 4.07838 32.9018
      vertex 35 4.30688 33.6163
      vertex 35 4.22383 33.5526
    endloop
  endfacet
  facet normal 1 0 0
    outer loop
      vertex 35 4.07838 32.9018
      vertex 35 4.22383 33.5526
      vertex 35 4.13553 33.4963
    endloop
  endfacet
  facet normal 1 0 0
    outer loop
      vertex 35 4.30688 33.6163
      vertex 35 4.07838 32.9018
      vertex 35 4.22862 32.5391
    endloop
  endfacet
  facet normal 1 -0 0
    outer loop
      vertex 35 4.04268 33.448
      vertex 35 4.07838 32.9018
      vertex 35 4.13553 33.4963
    endloop
  endfacet
  facet normal 1 0 0
    outer loop
      vertex 35 3.89711 33.25
      vertex 35 4.04268 33.448
      vertex 35 3.94596 33.4079
    endloop
  endfacet
  facet normal 1 0 0
    outer loop
      vertex 35 4.04268 33.448
      vertex 35 3.89711 33.25
      vertex 35 4.07838 32.9018
    endloop
  endfacet
  facet normal 1 -0 0
    outer loop
      vertex 35 3.84612 33.3764
      vertex 35 3.89711 33.25
      vertex 35 3.94596 33.4079
    endloop
  endfacet
  facet normal 1 0 0
    outer loop
      vertex 35 3.89711 33.25
      vertex 35 3.84612 33.3764
      vertex 35 3.82023 33.3707
    endloop
  endfacet
  facet normal 1 -0 0
    outer loop
      vertex 35 22 5
      vertex 35 42 0
      vertex 35 42 5
    endloop
  endfacet
  facet normal 1 0 0
    outer loop
      vertex 35 12.6954 31.1046
      vertex 35 14.4889 34.8823
      vertex 35 14.0954 36.1303
    endloop
  endfacet
  facet normal 1 0 0
    outer loop
      vertex 35 12.6954 31.1046
      vertex 35 14.0954 36.1303
      vertex 35 13.5946 37.3393
    endloop
  endfacet
  facet normal 1 -0 0
    outer loop
      vertex 35 9.05098 38.3604
      vertex 35 13.5946 37.3393
      vertex 35 12.9904 38.5
    endloop
  endfacet
  facet normal 1 0 0
    outer loop
      vertex 35 14.4889 34.8823
      vertex 35 12.7 31
      vertex 35 12.6954 30.8954
    endloop
  endfacet
  facet normal 1 0 0
    outer loop
      vertex 35 14.4889 34.8823
      vertex 35 12.6954 30.8954
      vertex 35 12.6818 30.7916
    endloop
  endfacet
  facet normal 1 0 0
    outer loop
      vertex 35 12.6591 30.6894
      vertex 35 14.4889 34.8823
      vertex 35 12.6818 30.7916
    endloop
  endfacet
  facet normal 1 0 0
    outer loop
      vertex 35 14.4889 34.8823
      vertex 35 12.6591 30.6894
      vertex 35 22 5
    endloop
  endfacet
  facet normal 1 -0 0
    outer loop
      vertex 35 12.6276 30.5896
      vertex 35 22 5
      vertex 35 12.6591 30.6894
    endloop
  endfacet
  facet normal 1 -0 0
    outer loop
      vertex 35 12.5876 30.4929
      vertex 35 22 5
      vertex 35 12.6276 30.5896
    endloop
  endfacet
  facet normal 1 -0 0
    outer loop
      vertex 35 12.5392 30.4
      vertex 35 22 5
      vertex 35 12.5876 30.4929
    endloop
  endfacet
  facet normal 1 -0 0
    outer loop
      vertex 35 12.483 30.3117
      vertex 35 22 5
      vertex 35 12.5392 30.4
    endloop
  endfacet
  facet normal 1 -0 0
    outer loop
      vertex 35 12.4193 30.2287
      vertex 35 22 5
      vertex 35 12.483 30.3117
    endloop
  endfacet
  facet normal 1 0 0
    outer loop
      vertex 35 9.32716 22.7637
      vertex 35 12.4193 30.2287
      vertex 35 12.3485 30.1515
    endloop
  endfacet
  facet normal 1 0 0
    outer loop
      vertex 35 9.33173 22.8683
      vertex 35 12.3485 30.1515
      vertex 35 12.2713 30.0807
    endloop
  endfacet
  facet normal 1 0 0
    outer loop
      vertex 35 9.32716 22.9729
      vertex 35 12.2713 30.0807
      vertex 35 12.1883 30.017
    endloop
  endfacet
  facet normal 1 0 0
    outer loop
      vertex 35 9.32716 22.9729
      vertex 35 12.1883 30.017
      vertex 35 12.1 29.9608
    endloop
  endfacet
  facet normal 1 0 0
    outer loop
      vertex 35 9.32716 22.9729
      vertex 35 12.1 29.9608
      vertex 35 12.0071 29.9124
    endloop
  endfacet
  facet normal 1 0 0
    outer loop
      vertex 35 9.32716 22.9729
      vertex 35 12.0071 29.9124
      vertex 35 11.9104 29.8724
    endloop
  endfacet
  facet normal 1 0 0
    outer loop
      vertex 35 9.32716 22.9729
      vertex 35 11.9104 29.8724
      vertex 35 11.8106 29.8409
    endloop
  endfacet
  facet normal 1 0 0
    outer loop
      vertex 35 9.32716 22.9729
      vertex 35 11.8106 29.8409
      vertex 35 11.7084 29.8182
    endloop
  endfacet
  facet normal 1 0 0
    outer loop
      vertex 35 9.32716 22.9729
      vertex 35 11.7084 29.8182
      vertex 35 11.6046 29.8046
    endloop
  endfacet
  facet normal 1 0 0
    outer loop
      vertex 35 9.05098 23.6396
      vertex 35 11.6046 29.8046
      vertex 35 11.5 29.8
    endloop
  endfacet
  facet normal 1 0 0
    outer loop
      vertex 35 12.3485 30.1515
      vertex 35 9.33173 22.8683
      vertex 35 9.32716 22.7637
    endloop
  endfacet
  facet normal 1 0 0
    outer loop
      vertex 35 12.4193 30.2287
      vertex 35 9.32716 22.7637
      vertex 35 22 5
    endloop
  endfacet
  facet normal 1 -0 0
    outer loop
      vertex 35 9.3135 22.6599
      vertex 35 22 5
      vertex 35 9.32716 22.7637
    endloop
  endfacet
  facet normal 1 -0 0
    outer loop
      vertex 35 9.29084 22.5577
      vertex 35 22 5
      vertex 35 9.3135 22.6599
    endloop
  endfacet
  facet normal 1 -0 0
    outer loop
      vertex 35 9.25936 22.4578
      vertex 35 22 5
      vertex 35 9.29084 22.5577
    endloop
  endfacet
  facet normal 1 -0 0
    outer loop
      vertex 35 9.2193 22.3611
      vertex 35 22 5
      vertex 35 9.25936 22.4578
    endloop
  endfacet
  facet normal 1 -0 0
    outer loop
      vertex 35 9.17096 22.2683
      vertex 35 22 5
      vertex 35 9.2193 22.3611
    endloop
  endfacet
  facet normal 1 -0 0
    outer loop
      vertex 35 9.11471 22.18
      vertex 35 22 5
      vertex 35 9.17096 22.2683
    endloop
  endfacet
  facet normal 1 -0 0
    outer loop
      vertex 35 9.05098 22.0969
      vertex 35 22 5
      vertex 35 9.11471 22.18
    endloop
  endfacet
  facet normal 1 -0 0
    outer loop
      vertex 35 8.98026 22.0197
      vertex 35 22 5
      vertex 35 9.05098 22.0969
    endloop
  endfacet
  facet normal 1 -0 0
    outer loop
      vertex 35 8.90307 21.949
      vertex 35 22 5
      vertex 35 8.98026 22.0197
    endloop
  endfacet
  facet normal 1 -0 0
    outer loop
      vertex 35 8.82002 21.8853
      vertex 35 22 5
      vertex 35 8.90307 21.949
    endloop
  endfacet
  facet normal 1 -0 0
    outer loop
      vertex 35 8.73173 21.829
      vertex 35 22 5
      vertex 35 8.82002 21.8853
    endloop
  endfacet
  facet normal 1 -0 0
    outer loop
      vertex 35 8.63887 21.7807
      vertex 35 22 5
      vertex 35 8.73173 21.829
    endloop
  endfacet
  facet normal 1 -0 0
    outer loop
      vertex 35 8.54215 21.7406
      vertex 35 22 5
      vertex 35 8.63887 21.7807
    endloop
  endfacet
  facet normal 1 -0 0
    outer loop
      vertex 35 8.44231 21.7092
      vertex 35 22 5
      vertex 35 8.54215 21.7406
    endloop
  endfacet
  facet normal 1 -0 0
    outer loop
      vertex 35 8.34011 21.6865
      vertex 35 22 5
      vertex 35 8.44231 21.7092
    endloop
  endfacet
  facet normal 1 -0 0
    outer loop
      vertex 35 8.23631 21.6728
      vertex 35 22 5
      vertex 35 8.34011 21.6865
    endloop
  endfacet
  facet normal 1 0 0
    outer loop
      vertex 35 0.771344 18.5807
      vertex 35 8.23631 21.6728
      vertex 35 8.13173 21.6683
    endloop
  endfacet
  facet normal 1 0 0
    outer loop
      vertex 35 0.848528 18.6515
      vertex 35 8.13173 21.6683
      vertex 35 8.02714 21.6728
    endloop
  endfacet
  facet normal 1 0 0
    outer loop
      vertex 35 0.919252 18.7287
      vertex 35 8.02714 21.6728
      vertex 35 7.92335 21.6865
    endloop
  endfacet
  facet normal 1 0 0
    outer loop
      vertex 35 0.982982 18.8117
      vertex 35 7.92335 21.6865
      vertex 35 7.82115 21.7092
    endloop
  endfacet
  facet normal 1 0 0
    outer loop
      vertex 35 1.03923 18.9
      vertex 35 7.82115 21.7092
      vertex 35 7.7213 21.7406
    endloop
  endfacet
  facet normal 1 0 0
    outer loop
      vertex 35 1.08757 18.9929
      vertex 35 7.7213 21.7406
      vertex 35 7.62459 21.7807
    endloop
  endfacet
  facet normal 1 0 0
    outer loop
      vertex 35 1.12763 19.0896
      vertex 35 7.62459 21.7807
      vertex 35 7.53173 21.829
    endloop
  endfacet
  facet normal 1 0 0
    outer loop
      vertex 35 1.15911 19.1894
      vertex 35 7.53173 21.829
      vertex 35 7.44344 21.8853
    endloop
  endfacet
  facet normal 1 0 0
    outer loop
      vertex 35 1.18177 19.2916
      vertex 35 7.44344 21.8853
      vertex 35 7.36038 21.949
    endloop
  endfacet
  facet normal 1 0 0
    outer loop
      vertex 35 1.19543 19.3954
      vertex 35 7.36038 21.949
      vertex 35 7.2832 22.0197
    endloop
  endfacet
  facet normal 1 0 0
    outer loop
      vertex 35 1.2 19.5
      vertex 35 7.2832 22.0197
      vertex 35 2.68701 26.6159
    endloop
  endfacet
  facet normal 1 0 0
    outer loop
      vertex 35 1.2 26
      vertex 35 2.68701 26.6159
      vertex 35 2.61628 26.6931
    endloop
  endfacet
  facet normal 1 0 0
    outer loop
      vertex 35 2.25 27.1029
      vertex 35 2.37642 27.1539
      vertex 35 2.37068 27.1798
    endloop
  endfacet
  facet normal 1 -0 0
    outer loop
      vertex 35 2.25 27.1029
      vertex 35 2.4079 27.054
      vertex 35 2.37642 27.1539
    endloop
  endfacet
  facet normal 1 0 0
    outer loop
      vertex 35 2.25 27.1029
      vertex 35 2.44796 26.9573
      vertex 35 2.4079 27.054
    endloop
  endfacet
  facet normal 1 0 0
    outer loop
      vertex 35 1.90178 26.9216
      vertex 35 2.44796 26.9573
      vertex 35 2.25 27.1029
    endloop
  endfacet
  facet normal 1 0 0
    outer loop
      vertex 35 2.44796 26.9573
      vertex 35 1.90178 26.9216
      vertex 35 2.4963 26.8645
    endloop
  endfacet
  facet normal 1 0 0
    outer loop
      vertex 35 2.4963 26.8645
      vertex 35 1.90178 26.9216
      vertex 35 2.55255 26.7762
    endloop
  endfacet
  facet normal 1 0 0
    outer loop
      vertex 35 2.55255 26.7762
      vertex 35 1.90178 26.9216
      vertex 35 2.61628 26.6931
    endloop
  endfacet
  facet normal 1 0 0
    outer loop
      vertex 35 2.61628 26.6931
      vertex 35 1.90178 26.9216
      vertex 35 1.2 26
    endloop
  endfacet
  facet normal 1 0 0
    outer loop
      vertex 35 1.2 26
      vertex 35 1.90178 26.9216
      vertex 35 1.53909 26.7714
    endloop
  endfacet
  facet normal 1 0 0
    outer loop
      vertex 35 2.68701 26.6159
      vertex 35 1.2 26
      vertex 35 1.2 19.5
    endloop
  endfacet
  facet normal 1 0 0
    outer loop
      vertex 35 1.19543 19.3954
      vertex 35 7.2832 22.0197
      vertex 35 1.2 19.5
    endloop
  endfacet
  facet normal 1 0 0
    outer loop
      vertex 35 7.36038 21.949
      vertex 35 1.19543 19.3954
      vertex 35 1.18177 19.2916
    endloop
  endfacet
  facet normal 1 0 0
    outer loop
      vertex 35 7.44344 21.8853
      vertex 35 1.18177 19.2916
      vertex 35 1.15911 19.1894
    endloop
  endfacet
  facet normal 1 0 0
    outer loop
      vertex 35 7.53173 21.829
      vertex 35 1.15911 19.1894
      vertex 35 1.12763 19.0896
    endloop
  endfacet
  facet normal 1 0 0
    outer loop
      vertex 35 7.62459 21.7807
      vertex 35 1.12763 19.0896
      vertex 35 1.08757 18.9929
    endloop
  endfacet
  facet normal 1 0 0
    outer loop
      vertex 35 7.7213 21.7406
      vertex 35 1.08757 18.9929
      vertex 35 1.03923 18.9
    endloop
  endfacet
  facet normal 1 0 0
    outer loop
      vertex 35 7.82115 21.7092
      vertex 35 1.03923 18.9
      vertex 35 0.982982 18.8117
    endloop
  endfacet
  facet normal 1 0 0
    outer loop
      vertex 35 7.92335 21.6865
      vertex 35 0.982982 18.8117
      vertex 35 0.919252 18.7287
    endloop
  endfacet
  facet normal 1 0 0
    outer loop
      vertex 35 8.02714 21.6728
      vertex 35 0.919252 18.7287
      vertex 35 0.848528 18.6515
    endloop
  endfacet
  facet normal 1 0 0
    outer loop
      vertex 35 8.13173 21.6683
      vertex 35 0.848528 18.6515
      vertex 35 0.771344 18.5807
    endloop
  endfacet
  facet normal 1 0 0
    outer loop
      vertex 35 8.23631 21.6728
      vertex 35 0.771344 18.5807
      vertex 35 22 5
    endloop
  endfacet
  facet normal 1 -0 0
    outer loop
      vertex 35 0.688292 18.517
      vertex 35 22 5
      vertex 35 0.771344 18.5807
    endloop
  endfacet
  facet normal 1 -0 0
    outer loop
      vertex 35 0.599999 18.4608
      vertex 35 22 5
      vertex 35 0.688292 18.517
    endloop
  endfacet
  facet normal 1 -0 0
    outer loop
      vertex 35 0.507141 18.4124
      vertex 35 22 5
      vertex 35 0.599999 18.4608
    endloop
  endfacet
  facet normal 1 -0 0
    outer loop
      vertex 35 0.410423 18.3724
      vertex 35 22 5
      vertex 35 0.507141 18.4124
    endloop
  endfacet
  facet normal 1 -0 0
    outer loop
      vertex 35 0.310582 18.3409
      vertex 35 22 5
      vertex 35 0.410423 18.3724
    endloop
  endfacet
  facet normal 1 -0 0
    outer loop
      vertex 35 0.208377 18.3182
      vertex 35 22 5
      vertex 35 0.310582 18.3409
    endloop
  endfacet
  facet normal 1 -0 0
    outer loop
      vertex 35 0.104587 18.3046
      vertex 35 22 5
      vertex 35 0.208377 18.3182
    endloop
  endfacet
  facet normal 1 -0 0
    outer loop
      vertex 35 0 18.3
      vertex 35 22 5
      vertex 35 0.104587 18.3046
    endloop
  endfacet
  facet normal 1 0 0
    outer loop
      vertex 35 -22 5
      vertex 35 0 18.3
      vertex 35 -0.104587 18.3046
    endloop
  endfacet
  facet normal 1 0 0
    outer loop
      vertex 35 -22 5
      vertex 35 -0.104587 18.3046
      vertex 35 -0.208377 18.3182
    endloop
  endfacet
  facet normal 1 0 0
    outer loop
      vertex 35 -22 5
      vertex 35 -0.208377 18.3182
      vertex 35 -0.310582 18.3409
    endloop
  endfacet
  facet normal 1 0 0
    outer loop
      vertex 35 -22 5
      vertex 35 -0.310582 18.3409
      vertex 35 -0.410423 18.3724
    endloop
  endfacet
  facet normal 1 0 0
    outer loop
      vertex 35 -22 5
      vertex 35 -0.410423 18.3724
      vertex 35 -0.507141 18.4124
    endloop
  endfacet
  facet normal 1 0 0
    outer loop
      vertex 35 -22 5
      vertex 35 -0.507141 18.4124
      vertex 35 -0.599999 18.4608
    endloop
  endfacet
  facet normal 1 0 0
    outer loop
      vertex 35 -1.2 26
      vertex 35 -2.68701 26.6159
      vertex 35 -1.2 19.5
    endloop
  endfacet
  facet normal 1 0 0
    outer loop
      vertex 35 -2.68701 26.6159
      vertex 35 -1.53909 26.7714
      vertex 35 -1.90178 26.9216
    endloop
  endfacet
  facet normal 1 -0 0
    outer loop
      vertex 35 -2.44796 26.9573
      vertex 35 -1.90178 26.9216
      vertex 35 -2.25 27.1029
    endloop
  endfacet
  facet normal 1 0 0
    outer loop
      vertex 35 -2.68701 26.6159
      vertex 35 -1.90178 26.9216
      vertex 35 -2.61628 26.6931
    endloop
  endfacet
  facet normal 1 -0 0
    outer loop
      vertex 35 -2.37642 27.1539
      vertex 35 -2.25 27.1029
      vertex 35 -2.37068 27.1798
    endloop
  endfacet
  facet normal 1 0 0
    outer loop
      vertex 35 -2.4079 27.054
      vertex 35 -2.25 27.1029
      vertex 35 -2.37642 27.1539
    endloop
  endfacet
  facet normal 1 0 0
    outer loop
      vertex 35 -2.44796 26.9573
      vertex 35 -2.25 27.1029
      vertex 35 -2.4079 27.054
    endloop
  endfacet
  facet normal 1 0 0
    outer loop
      vertex 35 -1.90178 26.9216
      vertex 35 -2.44796 26.9573
      vertex 35 -2.4963 26.8645
    endloop
  endfacet
  facet normal 1 0 0
    outer loop
      vertex 35 -1.90178 26.9216
      vertex 35 -2.4963 26.8645
      vertex 35 -2.55255 26.7762
    endloop
  endfacet
  facet normal 1 0 0
    outer loop
      vertex 35 -1.90178 26.9216
      vertex 35 -2.55255 26.7762
      vertex 35 -2.61628 26.6931
    endloop
  endfacet
  facet normal 1 -0 0
    outer loop
      vertex 35 -7.2832 22.0197
      vertex 35 -1.2 19.5
      vertex 35 -2.68701 26.6159
    endloop
  endfacet
  facet normal 1 0 0
    outer loop
      vertex 35 -1.2 19.5
      vertex 35 -7.2832 22.0197
      vertex 35 -1.19543 19.3954
    endloop
  endfacet
  facet normal 1 -0 0
    outer loop
      vertex 35 -7.36038 21.949
      vertex 35 -1.19543 19.3954
      vertex 35 -7.2832 22.0197
    endloop
  endfacet
  facet normal 1 0 0
    outer loop
      vertex 35 -1.19543 19.3954
      vertex 35 -7.36038 21.949
      vertex 35 -1.18177 19.2916
    endloop
  endfacet
  facet normal 1 -0 0
    outer loop
      vertex 35 -7.44344 21.8853
      vertex 35 -1.18177 19.2916
      vertex 35 -7.36038 21.949
    endloop
  endfacet
  facet normal 1 0 0
    outer loop
      vertex 35 -1.18177 19.2916
      vertex 35 -7.44344 21.8853
      vertex 35 -1.15911 19.1894
    endloop
  endfacet
  facet normal 1 -0 0
    outer loop
      vertex 35 -7.53173 21.829
      vertex 35 -1.15911 19.1894
      vertex 35 -7.44344 21.8853
    endloop
  endfacet
  facet normal 1 0 0
    outer loop
      vertex 35 -1.15911 19.1894
      vertex 35 -7.53173 21.829
      vertex 35 -1.12763 19.0896
    endloop
  endfacet
  facet normal 1 -0 0
    outer loop
      vertex 35 -7.62459 21.7807
      vertex 35 -1.12763 19.0896
      vertex 35 -7.53173 21.829
    endloop
  endfacet
  facet normal 1 0 0
    outer loop
      vertex 35 -1.12763 19.0896
      vertex 35 -7.62459 21.7807
      vertex 35 -1.08757 18.9929
    endloop
  endfacet
  facet normal 1 -0 0
    outer loop
      vertex 35 -7.7213 21.7406
      vertex 35 -1.08757 18.9929
      vertex 35 -7.62459 21.7807
    endloop
  endfacet
  facet normal 1 0 0
    outer loop
      vertex 35 -1.08757 18.9929
      vertex 35 -7.7213 21.7406
      vertex 35 -1.03923 18.9
    endloop
  endfacet
  facet normal 1 -0 0
    outer loop
      vertex 35 -7.82115 21.7092
      vertex 35 -1.03923 18.9
      vertex 35 -7.7213 21.7406
    endloop
  endfacet
  facet normal 1 0 0
    outer loop
      vertex 35 -1.03923 18.9
      vertex 35 -7.82115 21.7092
      vertex 35 -0.982982 18.8117
    endloop
  endfacet
  facet normal 1 -0 0
    outer loop
      vertex 35 -7.92335 21.6865
      vertex 35 -0.982982 18.8117
      vertex 35 -7.82115 21.7092
    endloop
  endfacet
  facet normal 1 0 0
    outer loop
      vertex 35 -0.982982 18.8117
      vertex 35 -7.92335 21.6865
      vertex 35 -0.919252 18.7287
    endloop
  endfacet
  facet normal 1 -0 0
    outer loop
      vertex 35 -8.02714 21.6728
      vertex 35 -0.919252 18.7287
      vertex 35 -7.92335 21.6865
    endloop
  endfacet
  facet normal 1 0 0
    outer loop
      vertex 35 -0.919252 18.7287
      vertex 35 -8.02714 21.6728
      vertex 35 -0.848528 18.6515
    endloop
  endfacet
  facet normal 1 -0 0
    outer loop
      vertex 35 -8.13173 21.6683
      vertex 35 -0.848528 18.6515
      vertex 35 -8.02714 21.6728
    endloop
  endfacet
  facet normal 1 0 0
    outer loop
      vertex 35 -0.848528 18.6515
      vertex 35 -8.13173 21.6683
      vertex 35 -0.771344 18.5807
    endloop
  endfacet
  facet normal 1 0 0
    outer loop
      vertex 35 -8.23631 21.6728
      vertex 35 -0.771344 18.5807
      vertex 35 -8.13173 21.6683
    endloop
  endfacet
  facet normal 1 0 0
    outer loop
      vertex 35 -22 5
      vertex 35 -0.771344 18.5807
      vertex 35 -8.23631 21.6728
    endloop
  endfacet
  facet normal 1 0 0
    outer loop
      vertex 35 -0.771344 18.5807
      vertex 35 -22 5
      vertex 35 -0.688292 18.517
    endloop
  endfacet
  facet normal 1 0 0
    outer loop
      vertex 35 -0.688292 18.517
      vertex 35 -22 5
      vertex 35 -0.599999 18.4608
    endloop
  endfacet
  facet normal 1 0 0
    outer loop
      vertex 35 -22 5
      vertex 35 -8.23631 21.6728
      vertex 35 -8.34011 21.6865
    endloop
  endfacet
  facet normal 1 0 0
    outer loop
      vertex 35 -22 5
      vertex 35 -8.34011 21.6865
      vertex 35 -8.44231 21.7092
    endloop
  endfacet
  facet normal 1 0 0
    outer loop
      vertex 35 -22 5
      vertex 35 -8.44231 21.7092
      vertex 35 -8.54215 21.7406
    endloop
  endfacet
  facet normal 1 0 0
    outer loop
      vertex 35 -22 5
      vertex 35 -8.54215 21.7406
      vertex 35 -8.63887 21.7807
    endloop
  endfacet
  facet normal 1 0 0
    outer loop
      vertex 35 -22 5
      vertex 35 -8.63887 21.7807
      vertex 35 -8.73173 21.829
    endloop
  endfacet
  facet normal 1 0 0
    outer loop
      vertex 35 -12.0071 29.9124
      vertex 35 -9.25936 23.2787
      vertex 35 -11.9104 29.8724
    endloop
  endfacet
  facet normal 1 0 0
    outer loop
      vertex 35 -9.25936 23.2787
      vertex 35 -12.0071 29.9124
      vertex 35 -9.29084 23.1789
    endloop
  endfacet
  facet normal 1 0 0
    outer loop
      vertex 35 -12.1 29.9608
      vertex 35 -9.29084 23.1789
      vertex 35 -12.0071 29.9124
    endloop
  endfacet
  facet normal 1 0 0
    outer loop
      vertex 35 -9.29084 23.1789
      vertex 35 -12.1 29.9608
      vertex 35 -9.3135 23.0767
    endloop
  endfacet
  facet normal 1 0 0
    outer loop
      vertex 35 -12.1883 30.017
      vertex 35 -9.3135 23.0767
      vertex 35 -12.1 29.9608
    endloop
  endfacet
  facet normal 1 0 0
    outer loop
      vertex 35 -9.3135 23.0767
      vertex 35 -12.1883 30.017
      vertex 35 -9.32716 22.9729
    endloop
  endfacet
  facet normal 1 0 0
    outer loop
      vertex 35 -12.2713 30.0807
      vertex 35 -9.32716 22.9729
      vertex 35 -12.1883 30.017
    endloop
  endfacet
  facet normal 1 0 0
    outer loop
      vertex 35 -9.32716 22.9729
      vertex 35 -12.2713 30.0807
      vertex 35 -9.33173 22.8683
    endloop
  endfacet
  facet normal 1 0 0
    outer loop
      vertex 35 -12.3485 30.1515
      vertex 35 -9.33173 22.8683
      vertex 35 -12.2713 30.0807
    endloop
  endfacet
  facet normal 1 0 0
    outer loop
      vertex 35 -9.33173 22.8683
      vertex 35 -12.3485 30.1515
      vertex 35 -9.32716 22.7637
    endloop
  endfacet
  facet normal 1 0 0
    outer loop
      vertex 35 -12.4193 30.2287
      vertex 35 -9.32716 22.7637
      vertex 35 -12.3485 30.1515
    endloop
  endfacet
  facet normal 1 0 0
    outer loop
      vertex 35 -9.32716 22.7637
      vertex 35 -12.4193 30.2287
      vertex 35 -9.3135 22.6599
    endloop
  endfacet
  facet normal 1 0 0
    outer loop
      vertex 35 -12.483 30.3117
      vertex 35 -9.3135 22.6599
      vertex 35 -12.4193 30.2287
    endloop
  endfacet
  facet normal 1 0 0
    outer loop
      vertex 35 -22 5
      vertex 35 -9.3135 22.6599
      vertex 35 -12.483 30.3117
    endloop
  endfacet
  facet normal 1 0 0
    outer loop
      vertex 35 -9.3135 22.6599
      vertex 35 -22 5
      vertex 35 -9.29084 22.5577
    endloop
  endfacet
  facet normal 1 0 0
    outer loop
      vertex 35 -22 5
      vertex 35 -12.483 30.3117
      vertex 35 -12.5392 30.4
    endloop
  endfacet
  facet normal 1 0 0
    outer loop
      vertex 35 -22 5
      vertex 35 -12.5392 30.4
      vertex 35 -12.5876 30.4929
    endloop
  endfacet
  facet normal 1 0 0
    outer loop
      vertex 35 -12.6591 31.3106
      vertex 35 -14.4889 34.8823
      vertex 35 -12.6818 31.2084
    endloop
  endfacet
  facet normal 1 0 0
    outer loop
      vertex 35 -12.6818 31.2084
      vertex 35 -14.4889 34.8823
      vertex 35 -12.6954 31.1046
    endloop
  endfacet
  facet normal 1 0 0
    outer loop
      vertex 35 -12.6954 31.1046
      vertex 35 -14.4889 34.8823
      vertex 35 -12.7 31
    endloop
  endfacet
  facet normal 1 0 0
    outer loop
      vertex 35 -12.7 31
      vertex 35 -14.4889 34.8823
      vertex 35 -12.6954 30.8954
    endloop
  endfacet
  facet normal 1 0 0
    outer loop
      vertex 35 -12.6954 30.8954
      vertex 35 -14.4889 34.8823
      vertex 35 -12.6818 30.7916
    endloop
  endfacet
  facet normal 1 0 0
    outer loop
      vertex 35 -12.6818 30.7916
      vertex 35 -14.4889 34.8823
      vertex 35 -12.6591 30.6894
    endloop
  endfacet
  facet normal 1 0 0
    outer loop
      vertex 35 -14.4889 34.8823
      vertex 35 -12.6276 30.5896
      vertex 35 -12.6591 30.6894
    endloop
  endfacet
  facet normal 1 0 0
    outer loop
      vertex 35 -22 5
      vertex 35 -12.6276 30.5896
      vertex 35 -14.4889 34.8823
    endloop
  endfacet
  facet normal 1 0 0
    outer loop
      vertex 35 -12.6276 30.5896
      vertex 35 -22 5
      vertex 35 -12.5876 30.4929
    endloop
  endfacet
  facet normal 1 0 0
    outer loop
      vertex 35 -9.29084 22.5577
      vertex 35 -22 5
      vertex 35 -9.25936 22.4578
    endloop
  endfacet
  facet normal 1 0 0
    outer loop
      vertex 35 -9.25936 22.4578
      vertex 35 -22 5
      vertex 35 -9.2193 22.3611
    endloop
  endfacet
  facet normal 1 0 0
    outer loop
      vertex 35 -22 5
      vertex 35 -9.17096 22.2683
      vertex 35 -9.2193 22.3611
    endloop
  endfacet
  facet normal 1 0 0
    outer loop
      vertex 35 -22 5
      vertex 35 -9.11471 22.18
      vertex 35 -9.17096 22.2683
    endloop
  endfacet
  facet normal 1 0 0
    outer loop
      vertex 35 -22 5
      vertex 35 -9.05098 22.0969
      vertex 35 -9.11471 22.18
    endloop
  endfacet
  facet normal 1 0 0
    outer loop
      vertex 35 -22 5
      vertex 35 -8.98026 22.0197
      vertex 35 -9.05098 22.0969
    endloop
  endfacet
  facet normal 1 0 0
    outer loop
      vertex 35 -22 5
      vertex 35 -8.90307 21.949
      vertex 35 -8.98026 22.0197
    endloop
  endfacet
  facet normal 1 0 0
    outer loop
      vertex 35 -22 5
      vertex 35 -8.82002 21.8853
      vertex 35 -8.90307 21.949
    endloop
  endfacet
  facet normal 1 0 0
    outer loop
      vertex 35 -22 5
      vertex 35 -8.73173 21.829
      vertex 35 -8.82002 21.8853
    endloop
  endfacet
  facet normal 1 0 0
    outer loop
      vertex 35 0 18.3
      vertex 35 -22 5
      vertex 35 22 5
    endloop
  endfacet
  facet normal 1 -0 0
    outer loop
      vertex 35 -22 5
      vertex 35 42 0
      vertex 35 22 5
    endloop
  endfacet
  facet normal 1 0 0
    outer loop
      vertex 35 -42 0
      vertex 35 -22 5
      vertex 35 -42 5
    endloop
  endfacet
  facet normal 1 0 0
    outer loop
      vertex 35 -22 5
      vertex 35 -42 0
      vertex 35 42 0
    endloop
  endfacet
  facet normal 1 0 0
    outer loop
      vertex 35 -1.03923 35.4
      vertex 35 -1.16469 35.3467
      vertex 35 -1.02498 35.3776
    endloop
  endfacet
  facet normal 1 0 0
    outer loop
      vertex 35 -1.08757 35.4929
      vertex 35 -1.16469 35.3467
      vertex 35 -1.03923 35.4
    endloop
  endfacet
  facet normal 1 0 0
    outer loop
      vertex 35 -1.12763 35.5896
      vertex 35 -1.16469 35.3467
      vertex 35 -1.08757 35.4929
    endloop
  endfacet
  facet normal 1 0 0
    outer loop
      vertex 35 -1.53909 35.2286
      vertex 35 -1.12763 35.5896
      vertex 35 -1.15911 35.6894
    endloop
  endfacet
  facet normal 1 0 0
    outer loop
      vertex 35 -1.53909 35.2286
      vertex 35 -1.15911 35.6894
      vertex 35 -1.18177 35.7916
    endloop
  endfacet
  facet normal 1 0 0
    outer loop
      vertex 35 -1.53909 35.2286
      vertex 35 -1.18177 35.7916
      vertex 35 -1.19543 35.8954
    endloop
  endfacet
  facet normal 1 0 0
    outer loop
      vertex 35 -1.12763 35.5896
      vertex 35 -1.53909 35.2286
      vertex 35 -1.16469 35.3467
    endloop
  endfacet
  facet normal 1 0 0
    outer loop
      vertex 35 -1.2 36
      vertex 35 -1.53909 35.2286
      vertex 35 -1.19543 35.8954
    endloop
  endfacet
  facet normal 1 -0 0
    outer loop
      vertex 35 -5.1303 45.0954
      vertex 35 -1.19543 42.6046
      vertex 35 -3.88229 45.4889
    endloop
  endfacet
  facet normal 1 0 0
    outer loop
      vertex 35 -1.19543 42.6046
      vertex 35 -5.1303 45.0954
      vertex 35 -1.2 42.5
    endloop
  endfacet
  facet normal 1 0 0
    outer loop
      vertex 35 -1.53909 35.2286
      vertex 35 -2.68701 35.3841
      vertex 35 -1.90178 35.0784
    endloop
  endfacet
  facet normal 1 -0 -0
    outer loop
      vertex 35 -2.55255 35.2238
      vertex 35 -1.90178 35.0784
      vertex 35 -2.61628 35.3069
    endloop
  endfacet
  facet normal 1 0 0
    outer loop
      vertex 35 -2.25 34.8971
      vertex 35 -2.37642 34.8461
      vertex 35 -2.37068 34.8202
    endloop
  endfacet
  facet normal 1 0 0
    outer loop
      vertex 35 -2.25 34.8971
      vertex 35 -2.4079 34.946
      vertex 35 -2.37642 34.8461
    endloop
  endfacet
  facet normal 1 0 0
    outer loop
      vertex 35 -2.25 34.8971
      vertex 35 -2.44796 35.0427
      vertex 35 -2.4079 34.946
    endloop
  endfacet
  facet normal 1 0 0
    outer loop
      vertex 35 -1.90178 35.0784
      vertex 35 -2.44796 35.0427
      vertex 35 -2.25 34.8971
    endloop
  endfacet
  facet normal 1 0 -0
    outer loop
      vertex 35 -2.44796 35.0427
      vertex 35 -1.90178 35.0784
      vertex 35 -2.4963 35.1355
    endloop
  endfacet
  facet normal 1 0 0
    outer loop
      vertex 35 -1.2 36
      vertex 35 -2.68701 35.3841
      vertex 35 -1.53909 35.2286
    endloop
  endfacet
  facet normal 1 -0 -0
    outer loop
      vertex 35 -2.4963 35.1355
      vertex 35 -1.90178 35.0784
      vertex 35 -2.55255 35.2238
    endloop
  endfacet
  facet normal 1 0 0
    outer loop
      vertex 35 -1.90178 35.0784
      vertex 35 -2.68701 35.3841
      vertex 35 -2.61628 35.3069
    endloop
  endfacet
  facet normal 1 0 0
    outer loop
      vertex 35 -1.2 42.5
      vertex 35 -7.2832 39.9803
      vertex 35 -1.2 36
    endloop
  endfacet
  facet normal 1 0 0
    outer loop
      vertex 35 -1.2 42.5
      vertex 35 -5.1303 45.0954
      vertex 35 -7.2832 39.9803
    endloop
  endfacet
  facet normal 1 0 0
    outer loop
      vertex 35 -7.2832 39.9803
      vertex 35 -5.1303 45.0954
      vertex 35 -6.33927 44.5946
    endloop
  endfacet
  facet normal 1 0 0
    outer loop
      vertex 35 -1.2 36
      vertex 35 -7.2832 39.9803
      vertex 35 -2.68701 35.3841
    endloop
  endfacet
  facet normal 1 0 0
    outer loop
      vertex 35 -6.33927 44.5946
      vertex 35 -7.36038 40.051
      vertex 35 -7.2832 39.9803
    endloop
  endfacet
  facet normal 1 -0 0
    outer loop
      vertex 35 -7.5 43.9904
      vertex 35 -7.36038 40.051
      vertex 35 -6.33927 44.5946
    endloop
  endfacet
  facet normal 1 0 0
    outer loop
      vertex 35 -7.36038 40.051
      vertex 35 -7.5 43.9904
      vertex 35 -7.44344 40.1147
    endloop
  endfacet
  facet normal 1 0 0
    outer loop
      vertex 35 -7.5 43.9904
      vertex 35 -7.53173 40.171
      vertex 35 -7.44344 40.1147
    endloop
  endfacet
  facet normal 1 0 0
    outer loop
      vertex 35 -7.5 43.9904
      vertex 35 -7.62459 40.2193
      vertex 35 -7.53173 40.171
    endloop
  endfacet
  facet normal 1 0 0
    outer loop
      vertex 35 -7.5 43.9904
      vertex 35 -7.7213 40.2594
      vertex 35 -7.62459 40.2193
    endloop
  endfacet
  facet normal 1 -0 0
    outer loop
      vertex 35 -8.60365 43.2873
      vertex 35 -7.7213 40.2594
      vertex 35 -7.5 43.9904
    endloop
  endfacet
  facet normal 1 0 0
    outer loop
      vertex 35 -7.7213 40.2594
      vertex 35 -8.60365 43.2873
      vertex 35 -7.82115 40.2908
    endloop
  endfacet
  facet normal 1 0 0
    outer loop
      vertex 35 -7.82115 40.2908
      vertex 35 -8.60365 43.2873
      vertex 35 -7.92335 40.3135
    endloop
  endfacet
  facet normal 1 0 0
    outer loop
      vertex 35 -7.92335 40.3135
      vertex 35 -8.60365 43.2873
      vertex 35 -8.02714 40.3272
    endloop
  endfacet
  facet normal 1 0 0
    outer loop
      vertex 35 -8.02714 40.3272
      vertex 35 -8.60365 43.2873
      vertex 35 -8.13173 40.3317
    endloop
  endfacet
  facet normal 1 0 0
    outer loop
      vertex 35 -8.13173 40.3317
      vertex 35 -8.60365 43.2873
      vertex 35 -8.23631 40.3272
    endloop
  endfacet
  facet normal 1 -0 0
    outer loop
      vertex 35 -9.64181 42.4907
      vertex 35 -8.23631 40.3272
      vertex 35 -8.60365 43.2873
    endloop
  endfacet
  facet normal 1 0 0
    outer loop
      vertex 35 -8.23631 40.3272
      vertex 35 -9.64181 42.4907
      vertex 35 -8.34011 40.3135
    endloop
  endfacet
  facet normal 1 0 0
    outer loop
      vertex 35 -8.34011 40.3135
      vertex 35 -9.64181 42.4907
      vertex 35 -8.44231 40.2908
    endloop
  endfacet
  facet normal 1 0 0
    outer loop
      vertex 35 -8.44231 40.2908
      vertex 35 -9.64181 42.4907
      vertex 35 -8.54215 40.2594
    endloop
  endfacet
  facet normal 1 0 0
    outer loop
      vertex 35 -8.54215 40.2594
      vertex 35 -9.64181 42.4907
      vertex 35 -8.63887 40.2193
    endloop
  endfacet
  facet normal 1 0 0
    outer loop
      vertex 35 -8.63887 40.2193
      vertex 35 -9.64181 42.4907
      vertex 35 -8.73173 40.171
    endloop
  endfacet
  facet normal 1 -0 0
    outer loop
      vertex 35 -10.6066 41.6066
      vertex 35 -8.73173 40.171
      vertex 35 -9.64181 42.4907
    endloop
  endfacet
  facet normal 1 0 0
    outer loop
      vertex 35 -8.73173 40.171
      vertex 35 -10.6066 41.6066
      vertex 35 -8.82002 40.1147
    endloop
  endfacet
  facet normal 1 0 0
    outer loop
      vertex 35 -8.82002 40.1147
      vertex 35 -10.6066 41.6066
      vertex 35 -8.90307 40.051
    endloop
  endfacet
  facet normal 1 0 0
    outer loop
      vertex 35 -8.90307 40.051
      vertex 35 -10.6066 41.6066
      vertex 35 -8.98026 39.9803
    endloop
  endfacet
  facet normal 1 0 0
    outer loop
      vertex 35 -8.98026 39.9803
      vertex 35 -10.6066 41.6066
      vertex 35 -9.05098 39.9031
    endloop
  endfacet
  facet normal 1 0 0
    outer loop
      vertex 35 -9.05098 39.9031
      vertex 35 -10.6066 41.6066
      vertex 35 -9.11471 39.82
    endloop
  endfacet
  facet normal 1 0 0
    outer loop
      vertex 35 -9.11471 39.82
      vertex 35 -10.6066 41.6066
      vertex 35 -9.17096 39.7317
    endloop
  endfacet
  facet normal 1 -0 0
    outer loop
      vertex 35 -11.4907 40.6418
      vertex 35 -9.17096 39.7317
      vertex 35 -10.6066 41.6066
    endloop
  endfacet
  facet normal 1 0 0
    outer loop
      vertex 35 -9.17096 39.7317
      vertex 35 -11.4907 40.6418
      vertex 35 -9.2193 39.6389
    endloop
  endfacet
  facet normal 1 0 0
    outer loop
      vertex 35 -9.29084 39.4423
      vertex 35 -11.4907 40.6418
      vertex 35 -9.3135 39.3401
    endloop
  endfacet
  facet normal 1 0 0
    outer loop
      vertex 35 -9.25936 39.5422
      vertex 35 -11.4907 40.6418
      vertex 35 -9.29084 39.4423
    endloop
  endfacet
  facet normal 1 0 0
    outer loop
      vertex 35 -9.2193 39.6389
      vertex 35 -11.4907 40.6418
      vertex 35 -9.25936 39.5422
    endloop
  endfacet
  facet normal 1 0 0
    outer loop
      vertex 35 -3.84612 33.3764
      vertex 35 -3.89711 33.25
      vertex 35 -3.82023 33.3707
    endloop
  endfacet
  facet normal 1 0 0
    outer loop
      vertex 35 -3.94596 33.4079
      vertex 35 -3.89711 33.25
      vertex 35 -3.84612 33.3764
    endloop
  endfacet
  facet normal 1 0 0
    outer loop
      vertex 35 -4.04268 33.448
      vertex 35 -3.89711 33.25
      vertex 35 -3.94596 33.4079
    endloop
  endfacet
  facet normal 1 0 0
    outer loop
      vertex 35 -4.04268 33.448
      vertex 35 -4.07838 32.9018
      vertex 35 -3.89711 33.25
    endloop
  endfacet
  facet normal 1 0 0
    outer loop
      vertex 35 -4.13553 33.4963
      vertex 35 -4.07838 32.9018
      vertex 35 -4.04268 33.448
    endloop
  endfacet
  facet normal 1 0 0
    outer loop
      vertex 35 -4.22383 33.5526
      vertex 35 -4.07838 32.9018
      vertex 35 -4.13553 33.4963
    endloop
  endfacet
  facet normal 1 0 0
    outer loop
      vertex 35 -4.30688 33.6163
      vertex 35 -4.07838 32.9018
      vertex 35 -4.22383 33.5526
    endloop
  endfacet
  facet normal 1 0 0
    outer loop
      vertex 35 -4.07838 32.9018
      vertex 35 -4.30688 33.6163
      vertex 35 -4.22862 32.5391
    endloop
  endfacet
  facet normal 1 0 0
    outer loop
      vertex 35 -4.89541 32.1954
      vertex 35 -4.22862 32.5391
      vertex 35 -4.30688 33.6163
    endloop
  endfacet
  facet normal 1 0 -0
    outer loop
      vertex 35 -4.58958 32.1276
      vertex 35 -4.22862 32.5391
      vertex 35 -4.68942 32.1591
    endloop
  endfacet
  facet normal 1 0 0
    outer loop
      vertex 35 -4.89541 32.1954
      vertex 35 -4.30688 33.6163
      vertex 35 -4.38406 33.687
    endloop
  endfacet
  facet normal 1 0 0
    outer loop
      vertex 35 -4.34667 32.1647
      vertex 35 -4.4 32.0392
      vertex 35 -4.37764 32.025
    endloop
  endfacet
  facet normal 1 0 0
    outer loop
      vertex 35 -4.34667 32.1647
      vertex 35 -4.49286 32.0876
      vertex 35 -4.4 32.0392
    endloop
  endfacet
  facet normal 1 0 0
    outer loop
      vertex 35 -4.34667 32.1647
      vertex 35 -4.58958 32.1276
      vertex 35 -4.49286 32.0876
    endloop
  endfacet
  facet normal 1 0 0
    outer loop
      vertex 35 -4.22862 32.5391
      vertex 35 -4.58958 32.1276
      vertex 35 -4.34667 32.1647
    endloop
  endfacet
  facet normal 1 0 0
    outer loop
      vertex 35 -4.22862 32.5391
      vertex 35 -4.79162 32.1818
      vertex 35 -4.68942 32.1591
    endloop
  endfacet
  facet normal 1 0 0
    outer loop
      vertex 35 -4.22862 32.5391
      vertex 35 -4.89541 32.1954
      vertex 35 -4.79162 32.1818
    endloop
  endfacet
  facet normal 1 0 0
    outer loop
      vertex 35 -4.38406 33.687
      vertex 35 -5 32.2
      vertex 35 -4.89541 32.1954
    endloop
  endfacet
  facet normal 1 0 0
    outer loop
      vertex 35 -8.98026 38.2832
      vertex 35 -5 32.2
      vertex 35 -4.38406 33.687
    endloop
  endfacet
  facet normal 1 0 0
    outer loop
      vertex 35 -13.5946 37.3393
      vertex 35 -9.05098 38.3604
      vertex 35 -12.9904 38.5
    endloop
  endfacet
  facet normal 1 0 0
    outer loop
      vertex 35 -12.9904 38.5
      vertex 35 -9.05098 38.3604
      vertex 35 -9.11471 38.4434
    endloop
  endfacet
  facet normal 1 0 0
    outer loop
      vertex 35 -9.3135 39.3401
      vertex 35 -11.4907 40.6418
      vertex 35 -9.32716 39.2363
    endloop
  endfacet
  facet normal 1 -0 0
    outer loop
      vertex 35 -12.2873 39.6036
      vertex 35 -9.32716 39.2363
      vertex 35 -11.4907 40.6418
    endloop
  endfacet
  facet normal 1 0 0
    outer loop
      vertex 35 -9.32716 39.2363
      vertex 35 -12.2873 39.6036
      vertex 35 -9.33173 39.1317
    endloop
  endfacet
  facet normal 1 0 0
    outer loop
      vertex 35 -9.33173 39.1317
      vertex 35 -12.2873 39.6036
      vertex 35 -9.32716 39.0271
    endloop
  endfacet
  facet normal 1 0 0
    outer loop
      vertex 35 -9.32716 39.0271
      vertex 35 -12.2873 39.6036
      vertex 35 -9.3135 38.9233
    endloop
  endfacet
  facet normal 1 0 0
    outer loop
      vertex 35 -9.3135 38.9233
      vertex 35 -12.2873 39.6036
      vertex 35 -9.29084 38.8211
    endloop
  endfacet
  facet normal 1 0 0
    outer loop
      vertex 35 -9.29084 38.8211
      vertex 35 -12.2873 39.6036
      vertex 35 -9.25936 38.7213
    endloop
  endfacet
  facet normal 1 0 0
    outer loop
      vertex 35 -12.9904 38.5
      vertex 35 -9.25936 38.7213
      vertex 35 -12.2873 39.6036
    endloop
  endfacet
  facet normal 1 0 0
    outer loop
      vertex 35 -9.25936 38.7213
      vertex 35 -12.9904 38.5
      vertex 35 -9.2193 38.6246
    endloop
  endfacet
  facet normal 1 0 0
    outer loop
      vertex 35 -9.2193 38.6246
      vertex 35 -12.9904 38.5
      vertex 35 -9.17096 38.5317
    endloop
  endfacet
  facet normal 1 0 0
    outer loop
      vertex 35 -9.17096 38.5317
      vertex 35 -12.9904 38.5
      vertex 35 -9.11471 38.4434
    endloop
  endfacet
  facet normal 1 0 0
    outer loop
      vertex 35 -8.98026 38.2832
      vertex 35 -11.5 32.2
      vertex 35 -5 32.2
    endloop
  endfacet
  facet normal 1 0 0
    outer loop
      vertex 35 -9.05098 38.3604
      vertex 35 -13.5946 37.3393
      vertex 35 -8.98026 38.2832
    endloop
  endfacet
  facet normal 1 0 0
    outer loop
      vertex 35 -8.98026 38.2832
      vertex 35 -13.5946 37.3393
      vertex 35 -11.5 32.2
    endloop
  endfacet
  facet normal 1 -0 0
    outer loop
      vertex 35 -14.0954 36.1303
      vertex 35 -11.5 32.2
      vertex 35 -13.5946 37.3393
    endloop
  endfacet
  facet normal 1 0 0
    outer loop
      vertex 35 -11.5 32.2
      vertex 35 -14.0954 36.1303
      vertex 35 -11.6046 32.1954
    endloop
  endfacet
  facet normal 1 -0 0
    outer loop
      vertex 35 -14.4889 34.8823
      vertex 35 -11.6046 32.1954
      vertex 35 -14.0954 36.1303
    endloop
  endfacet
  facet normal 1 0 0
    outer loop
      vertex 35 -11.6046 32.1954
      vertex 35 -14.4889 34.8823
      vertex 35 -11.7084 32.1818
    endloop
  endfacet
  facet normal 1 0 0
    outer loop
      vertex 35 -11.7084 32.1818
      vertex 35 -14.4889 34.8823
      vertex 35 -11.8106 32.1591
    endloop
  endfacet
  facet normal 1 0 0
    outer loop
      vertex 35 -11.8106 32.1591
      vertex 35 -14.4889 34.8823
      vertex 35 -11.9104 32.1276
    endloop
  endfacet
  facet normal 1 0 0
    outer loop
      vertex 35 -11.9104 32.1276
      vertex 35 -14.4889 34.8823
      vertex 35 -12.0071 32.0876
    endloop
  endfacet
  facet normal 1 0 0
    outer loop
      vertex 35 -12.0071 32.0876
      vertex 35 -14.4889 34.8823
      vertex 35 -12.1 32.0392
    endloop
  endfacet
  facet normal 1 0 0
    outer loop
      vertex 35 -12.1 32.0392
      vertex 35 -14.4889 34.8823
      vertex 35 -12.1883 31.983
    endloop
  endfacet
  facet normal 1 0 0
    outer loop
      vertex 35 -12.1883 31.983
      vertex 35 -14.4889 34.8823
      vertex 35 -12.2713 31.9193
    endloop
  endfacet
  facet normal 1 0 0
    outer loop
      vertex 35 -12.2713 31.9193
      vertex 35 -14.4889 34.8823
      vertex 35 -12.3485 31.8485
    endloop
  endfacet
  facet normal 1 0 0
    outer loop
      vertex 35 -12.3485 31.8485
      vertex 35 -14.4889 34.8823
      vertex 35 -12.4193 31.7713
    endloop
  endfacet
  facet normal 1 0 0
    outer loop
      vertex 35 -12.4193 31.7713
      vertex 35 -14.4889 34.8823
      vertex 35 -12.483 31.6883
    endloop
  endfacet
  facet normal 1 0 0
    outer loop
      vertex 35 -12.483 31.6883
      vertex 35 -14.4889 34.8823
      vertex 35 -12.5392 31.6
    endloop
  endfacet
  facet normal 1 0 0
    outer loop
      vertex 35 -12.5392 31.6
      vertex 35 -14.4889 34.8823
      vertex 35 -12.5876 31.5071
    endloop
  endfacet
  facet normal 1 0 0
    outer loop
      vertex 35 -12.6276 31.4104
      vertex 35 -14.4889 34.8823
      vertex 35 -12.6591 31.3106
    endloop
  endfacet
  facet normal 1 0 0
    outer loop
      vertex 35 -12.5876 31.5071
      vertex 35 -14.4889 34.8823
      vertex 35 -12.6276 31.4104
    endloop
  endfacet
  facet normal 0 -0.953715 0.300711
    outer loop
      vertex 30 -14.4889 34.8823
      vertex 35 -14.0954 36.1303
      vertex 30 -14.0954 36.1303
    endloop
  endfacet
  facet normal 0 -0.953715 0.300711
    outer loop
      vertex 35 -14.0954 36.1303
      vertex 30 -14.4889 34.8823
      vertex 35 -14.4889 34.8823
    endloop
  endfacet
  facet normal 0 -0.969832 0.243773
    outer loop
      vertex 30 -22 5
      vertex 35 -14.4889 34.8823
      vertex 30 -14.4889 34.8823
    endloop
  endfacet
  facet normal 0 -0.969832 0.243773
    outer loop
      vertex 35 -14.4889 34.8823
      vertex 30 -22 5
      vertex 35 -22 5
    endloop
  endfacet
  facet normal -0 0.300709 0.953716
    outer loop
      vertex 30 5.1303 45.0954
      vertex 35 3.88229 45.4889
      vertex 35 5.1303 45.0954
    endloop
  endfacet
  facet normal 0 0.300709 0.953716
    outer loop
      vertex 35 3.88229 45.4889
      vertex 30 5.1303 45.0954
      vertex 30 3.88229 45.4889
    endloop
  endfacet
  facet normal 0 -0.608757 0.793356
    outer loop
      vertex 30 -8.60365 43.2873
      vertex 35 -9.64181 42.4907
      vertex 35 -8.60365 43.2873
    endloop
  endfacet
  facet normal 0 -0.608757 0.793356
    outer loop
      vertex 35 -9.64181 42.4907
      vertex 30 -8.60365 43.2873
      vertex 30 -9.64181 42.4907
    endloop
  endfacet
  facet normal 0 -0.0436349 0.999048
    outer loop
      vertex 30 0 46
      vertex 35 -1.30734 45.9429
      vertex 35 0 46
    endloop
  endfacet
  facet normal 0 -0.0436349 0.999048
    outer loop
      vertex 35 -1.30734 45.9429
      vertex 30 0 46
      vertex 30 -1.30734 45.9429
    endloop
  endfacet
  facet normal -1 0 0
    outer loop
      vertex 30 -3.89711 33.25
      vertex 30 -3.84612 33.3764
      vertex 30 -3.82023 33.3707
    endloop
  endfacet
  facet normal -1 0 0
    outer loop
      vertex 30 -3.89711 33.25
      vertex 30 -3.94596 33.4079
      vertex 30 -3.84612 33.3764
    endloop
  endfacet
  facet normal -1 0 0
    outer loop
      vertex 30 -3.89711 33.25
      vertex 30 -4.04268 33.448
      vertex 30 -3.94596 33.4079
    endloop
  endfacet
  facet normal -1 0 0
    outer loop
      vertex 30 -4.07838 32.9018
      vertex 30 -4.04268 33.448
      vertex 30 -3.89711 33.25
    endloop
  endfacet
  facet normal -1 0 0
    outer loop
      vertex 30 -4.07838 32.9018
      vertex 30 -4.13553 33.4963
      vertex 30 -4.04268 33.448
    endloop
  endfacet
  facet normal -1 0 0
    outer loop
      vertex 30 -4.07838 32.9018
      vertex 30 -4.22383 33.5526
      vertex 30 -4.13553 33.4963
    endloop
  endfacet
  facet normal -1 0 0
    outer loop
      vertex 30 -4.30688 33.6163
      vertex 30 -4.07838 32.9018
      vertex 30 -4.22862 32.5391
    endloop
  endfacet
  facet normal -1 0 0
    outer loop
      vertex 30 -4.07838 32.9018
      vertex 30 -4.30688 33.6163
      vertex 30 -4.22383 33.5526
    endloop
  endfacet
  facet normal -1 0 0
    outer loop
      vertex 30 -4.58958 32.1276
      vertex 30 -4.22862 32.5391
      vertex 30 -4.34667 32.1647
    endloop
  endfacet
  facet normal -1 0 0
    outer loop
      vertex 30 -4.4 32.0392
      vertex 30 -4.34667 32.1647
      vertex 30 -4.37764 32.025
    endloop
  endfacet
  facet normal -1 0 0
    outer loop
      vertex 30 -4.49286 32.0876
      vertex 30 -4.34667 32.1647
      vertex 30 -4.4 32.0392
    endloop
  endfacet
  facet normal -1 0 0
    outer loop
      vertex 30 -4.58958 32.1276
      vertex 30 -4.34667 32.1647
      vertex 30 -4.49286 32.0876
    endloop
  endfacet
  facet normal -1 0 0
    outer loop
      vertex 30 -4.22862 32.5391
      vertex 30 -4.58958 32.1276
      vertex 30 -4.68942 32.1591
    endloop
  endfacet
  facet normal -1 0 0
    outer loop
      vertex 30 -4.79162 32.1818
      vertex 30 -4.22862 32.5391
      vertex 30 -4.68942 32.1591
    endloop
  endfacet
  facet normal -1 0 0
    outer loop
      vertex 30 -4.89541 32.1954
      vertex 30 -4.22862 32.5391
      vertex 30 -4.79162 32.1818
    endloop
  endfacet
  facet normal -1 -0 0
    outer loop
      vertex 30 -4.22862 32.5391
      vertex 30 -4.89541 32.1954
      vertex 30 -4.30688 33.6163
    endloop
  endfacet
  facet normal -1 -0 0
    outer loop
      vertex 30 -4.30688 33.6163
      vertex 30 -4.89541 32.1954
      vertex 30 -4.38406 33.687
    endloop
  endfacet
  facet normal -1 0 0
    outer loop
      vertex 30 -5 32.2
      vertex 30 -4.38406 33.687
      vertex 30 -4.89541 32.1954
    endloop
  endfacet
  facet normal -1 0 0
    outer loop
      vertex 30 -5 32.2
      vertex 30 -8.98026 38.2832
      vertex 30 -4.38406 33.687
    endloop
  endfacet
  facet normal -1 0 0
    outer loop
      vertex 30 -11.5 32.2
      vertex 30 -8.98026 38.2832
      vertex 30 -5 32.2
    endloop
  endfacet
  facet normal -1 0 0
    outer loop
      vertex 30 -13.5946 37.3393
      vertex 30 -8.98026 38.2832
      vertex 30 -11.5 32.2
    endloop
  endfacet
  facet normal -1 0 0
    outer loop
      vertex 30 -12.2873 39.6036
      vertex 30 -9.33173 39.1317
      vertex 30 -9.32716 39.0271
    endloop
  endfacet
  facet normal -1 0 0
    outer loop
      vertex 30 -9.33173 39.1317
      vertex 30 -10.6066 41.6066
      vertex 30 -9.64181 42.4907
    endloop
  endfacet
  facet normal -1 0 0
    outer loop
      vertex 30 -12.2873 39.6036
      vertex 30 -9.32716 39.0271
      vertex 30 -9.3135 38.9233
    endloop
  endfacet
  facet normal -1 0 0
    outer loop
      vertex 30 -12.2873 39.6036
      vertex 30 -9.3135 38.9233
      vertex 30 -9.29084 38.8211
    endloop
  endfacet
  facet normal -1 0 0
    outer loop
      vertex 30 -12.2873 39.6036
      vertex 30 -9.29084 38.8211
      vertex 30 -9.25936 38.7213
    endloop
  endfacet
  facet normal -1 0 0
    outer loop
      vertex 30 -12.9904 38.5
      vertex 30 -9.25936 38.7213
      vertex 30 -9.2193 38.6246
    endloop
  endfacet
  facet normal -1 0 0
    outer loop
      vertex 30 -9.33173 39.1317
      vertex 30 -11.4907 40.6418
      vertex 30 -10.6066 41.6066
    endloop
  endfacet
  facet normal -1 0 0
    outer loop
      vertex 30 -12.9904 38.5
      vertex 30 -9.2193 38.6246
      vertex 30 -9.17096 38.5317
    endloop
  endfacet
  facet normal -1 0 0
    outer loop
      vertex 30 -12.9904 38.5
      vertex 30 -9.17096 38.5317
      vertex 30 -9.11471 38.4434
    endloop
  endfacet
  facet normal -1 -0 0
    outer loop
      vertex 30 -8.98026 38.2832
      vertex 30 -13.5946 37.3393
      vertex 30 -9.05098 38.3604
    endloop
  endfacet
  facet normal -1 0 -0
    outer loop
      vertex 30 -12.9904 38.5
      vertex 30 -9.05098 38.3604
      vertex 30 -13.5946 37.3393
    endloop
  endfacet
  facet normal -1 0 0
    outer loop
      vertex 30 -14.0954 36.1303
      vertex 30 -11.5 32.2
      vertex 30 -11.6046 32.1954
    endloop
  endfacet
  facet normal -1 0 0
    outer loop
      vertex 30 -14.4889 34.8823
      vertex 30 -11.6046 32.1954
      vertex 30 -11.7084 32.1818
    endloop
  endfacet
  facet normal -1 0 0
    outer loop
      vertex 30 -14.4889 34.8823
      vertex 30 -11.7084 32.1818
      vertex 30 -11.8106 32.1591
    endloop
  endfacet
  facet normal -1 0 0
    outer loop
      vertex 30 -14.4889 34.8823
      vertex 30 -11.8106 32.1591
      vertex 30 -11.9104 32.1276
    endloop
  endfacet
  facet normal -1 0 0
    outer loop
      vertex 30 -14.4889 34.8823
      vertex 30 -11.9104 32.1276
      vertex 30 -12.0071 32.0876
    endloop
  endfacet
  facet normal -1 0 0
    outer loop
      vertex 30 -14.4889 34.8823
      vertex 30 -12.0071 32.0876
      vertex 30 -12.1 32.0392
    endloop
  endfacet
  facet normal -1 0 0
    outer loop
      vertex 30 -14.4889 34.8823
      vertex 30 -12.1 32.0392
      vertex 30 -12.1883 31.983
    endloop
  endfacet
  facet normal -1 0 0
    outer loop
      vertex 30 -14.4889 34.8823
      vertex 30 -12.1883 31.983
      vertex 30 -12.2713 31.9193
    endloop
  endfacet
  facet normal -1 0 0
    outer loop
      vertex 30 -9.33173 39.1317
      vertex 30 -12.2873 39.6036
      vertex 30 -11.4907 40.6418
    endloop
  endfacet
  facet normal -1 0 0
    outer loop
      vertex 30 -14.4889 34.8823
      vertex 30 -12.2713 31.9193
      vertex 30 -12.3485 31.8485
    endloop
  endfacet
  facet normal -1 0 0
    outer loop
      vertex 30 -14.4889 34.8823
      vertex 30 -12.3485 31.8485
      vertex 30 -12.4193 31.7713
    endloop
  endfacet
  facet normal -1 0 0
    outer loop
      vertex 30 -14.4889 34.8823
      vertex 30 -12.4193 31.7713
      vertex 30 -12.483 31.6883
    endloop
  endfacet
  facet normal -1 0 0
    outer loop
      vertex 30 -14.4889 34.8823
      vertex 30 -12.483 31.6883
      vertex 30 -12.5392 31.6
    endloop
  endfacet
  facet normal -1 0 0
    outer loop
      vertex 30 -14.4889 34.8823
      vertex 30 -12.5392 31.6
      vertex 30 -12.5876 31.5071
    endloop
  endfacet
  facet normal -1 0 0
    outer loop
      vertex 30 -14.4889 34.8823
      vertex 30 -12.5876 31.5071
      vertex 30 -12.6276 31.4104
    endloop
  endfacet
  facet normal -1 0 0
    outer loop
      vertex 30 -14.4889 34.8823
      vertex 30 -12.6276 31.4104
      vertex 30 -12.6591 31.3106
    endloop
  endfacet
  facet normal -1 0 0
    outer loop
      vertex 30 -14.4889 34.8823
      vertex 30 -12.6591 31.3106
      vertex 30 -12.6818 31.2084
    endloop
  endfacet
  facet normal -1 0 0
    outer loop
      vertex 30 -14.4889 34.8823
      vertex 30 -12.6818 31.2084
      vertex 30 -12.6954 31.1046
    endloop
  endfacet
  facet normal -1 -0 0
    outer loop
      vertex 30 -9.25936 38.7213
      vertex 30 -12.9904 38.5
      vertex 30 -12.2873 39.6036
    endloop
  endfacet
  facet normal -1 0 0
    outer loop
      vertex 30 -14.4889 34.8823
      vertex 30 -12.6954 31.1046
      vertex 30 -12.7 31
    endloop
  endfacet
  facet normal -1 0 0
    outer loop
      vertex 30 -1.16469 35.3467
      vertex 30 -1.03923 35.4
      vertex 30 -1.02498 35.3776
    endloop
  endfacet
  facet normal -1 0 0
    outer loop
      vertex 30 -1.16469 35.3467
      vertex 30 -1.08757 35.4929
      vertex 30 -1.03923 35.4
    endloop
  endfacet
  facet normal -1 0 0
    outer loop
      vertex 30 -1.16469 35.3467
      vertex 30 -1.12763 35.5896
      vertex 30 -1.08757 35.4929
    endloop
  endfacet
  facet normal -1 0 0
    outer loop
      vertex 30 -1.53909 35.2286
      vertex 30 -1.12763 35.5896
      vertex 30 -1.16469 35.3467
    endloop
  endfacet
  facet normal -1 -0 0
    outer loop
      vertex 30 -1.12763 35.5896
      vertex 30 -1.53909 35.2286
      vertex 30 -1.15911 35.6894
    endloop
  endfacet
  facet normal -1 -0 0
    outer loop
      vertex 30 -1.15911 35.6894
      vertex 30 -1.53909 35.2286
      vertex 30 -1.18177 35.7916
    endloop
  endfacet
  facet normal -1 0 0
    outer loop
      vertex 30 -7.2832 39.9803
      vertex 30 -1.2 42.5
      vertex 30 -1.2 36
    endloop
  endfacet
  facet normal -1 -0 0
    outer loop
      vertex 30 -1.18177 35.7916
      vertex 30 -1.53909 35.2286
      vertex 30 -1.19543 35.8954
    endloop
  endfacet
  facet normal -1 0 0
    outer loop
      vertex 30 -1.53909 35.2286
      vertex 30 -1.2 36
      vertex 30 -1.19543 35.8954
    endloop
  endfacet
  facet normal -1 0 0
    outer loop
      vertex 30 -2.68701 35.3841
      vertex 30 -1.2 36
      vertex 30 -1.53909 35.2286
    endloop
  endfacet
  facet normal -1 0 0
    outer loop
      vertex 30 -2.68701 35.3841
      vertex 30 -1.53909 35.2286
      vertex 30 -1.90178 35.0784
    endloop
  endfacet
  facet normal -1 0 0
    outer loop
      vertex 30 -2.44796 35.0427
      vertex 30 -1.90178 35.0784
      vertex 30 -2.25 34.8971
    endloop
  endfacet
  facet normal -1 0 0
    outer loop
      vertex 30 -2.37642 34.8461
      vertex 30 -2.25 34.8971
      vertex 30 -2.37068 34.8202
    endloop
  endfacet
  facet normal -1 0 0
    outer loop
      vertex 30 -2.4079 34.946
      vertex 30 -2.25 34.8971
      vertex 30 -2.37642 34.8461
    endloop
  endfacet
  facet normal -1 0 0
    outer loop
      vertex 30 -2.44796 35.0427
      vertex 30 -2.25 34.8971
      vertex 30 -2.4079 34.946
    endloop
  endfacet
  facet normal -1 -0 0
    outer loop
      vertex 30 -1.90178 35.0784
      vertex 30 -2.44796 35.0427
      vertex 30 -2.4963 35.1355
    endloop
  endfacet
  facet normal -1 0 0
    outer loop
      vertex 30 -1.90178 35.0784
      vertex 30 -2.4963 35.1355
      vertex 30 -2.55255 35.2238
    endloop
  endfacet
  facet normal -1 0 0
    outer loop
      vertex 30 -1.90178 35.0784
      vertex 30 -2.55255 35.2238
      vertex 30 -2.61628 35.3069
    endloop
  endfacet
  facet normal -1 0 0
    outer loop
      vertex 30 -2.68701 35.3841
      vertex 30 -1.90178 35.0784
      vertex 30 -2.61628 35.3069
    endloop
  endfacet
  facet normal -1 0 0
    outer loop
      vertex 30 -7.2832 39.9803
      vertex 30 -1.2 36
      vertex 30 -2.68701 35.3841
    endloop
  endfacet
  facet normal -1 0 0
    outer loop
      vertex 30 -1.2 42.5
      vertex 30 -2.60472 45.7721
      vertex 30 -1.30734 45.9429
    endloop
  endfacet
  facet normal -1 0 0
    outer loop
      vertex 30 -1.2 42.5
      vertex 30 -3.88229 45.4889
      vertex 30 -2.60472 45.7721
    endloop
  endfacet
  facet normal -1 0 -0
    outer loop
      vertex 30 -5.1303 45.0954
      vertex 30 -1.2 42.5
      vertex 30 -7.2832 39.9803
    endloop
  endfacet
  facet normal -1 0 0
    outer loop
      vertex 30 -1.2 42.5
      vertex 30 -5.1303 45.0954
      vertex 30 -3.88229 45.4889
    endloop
  endfacet
  facet normal -1 0 0
    outer loop
      vertex 30 -5.1303 45.0954
      vertex 30 -7.2832 39.9803
      vertex 30 -6.33927 44.5946
    endloop
  endfacet
  facet normal -1 0 0
    outer loop
      vertex 30 -7.36038 40.051
      vertex 30 -6.33927 44.5946
      vertex 30 -7.2832 39.9803
    endloop
  endfacet
  facet normal -1 0 0
    outer loop
      vertex 30 -7.5 43.9904
      vertex 30 -7.36038 40.051
      vertex 30 -7.44344 40.1147
    endloop
  endfacet
  facet normal -1 0 0
    outer loop
      vertex 30 -7.36038 40.051
      vertex 30 -7.5 43.9904
      vertex 30 -6.33927 44.5946
    endloop
  endfacet
  facet normal -1 0 0
    outer loop
      vertex 30 -7.53173 40.171
      vertex 30 -7.5 43.9904
      vertex 30 -7.44344 40.1147
    endloop
  endfacet
  facet normal -1 0 0
    outer loop
      vertex 30 -7.62459 40.2193
      vertex 30 -7.5 43.9904
      vertex 30 -7.53173 40.171
    endloop
  endfacet
  facet normal -1 0 0
    outer loop
      vertex 30 -7.7213 40.2594
      vertex 30 -7.5 43.9904
      vertex 30 -7.62459 40.2193
    endloop
  endfacet
  facet normal -1 0 0
    outer loop
      vertex 30 -8.60365 43.2873
      vertex 30 -7.7213 40.2594
      vertex 30 -7.82115 40.2908
    endloop
  endfacet
  facet normal -1 0 0
    outer loop
      vertex 30 -8.60365 43.2873
      vertex 30 -7.82115 40.2908
      vertex 30 -7.92335 40.3135
    endloop
  endfacet
  facet normal -1 0 0
    outer loop
      vertex 30 -8.60365 43.2873
      vertex 30 -7.92335 40.3135
      vertex 30 -8.02714 40.3272
    endloop
  endfacet
  facet normal -1 0 0
    outer loop
      vertex 30 -8.60365 43.2873
      vertex 30 -8.02714 40.3272
      vertex 30 -8.13173 40.3317
    endloop
  endfacet
  facet normal -1 0 0
    outer loop
      vertex 30 -8.60365 43.2873
      vertex 30 -8.13173 40.3317
      vertex 30 -8.23631 40.3272
    endloop
  endfacet
  facet normal -1 0 0
    outer loop
      vertex 30 -9.64181 42.4907
      vertex 30 -8.23631 40.3272
      vertex 30 -8.34011 40.3135
    endloop
  endfacet
  facet normal -1 0 0
    outer loop
      vertex 30 -9.64181 42.4907
      vertex 30 -8.34011 40.3135
      vertex 30 -8.44231 40.2908
    endloop
  endfacet
  facet normal -1 0 0
    outer loop
      vertex 30 -9.64181 42.4907
      vertex 30 -8.44231 40.2908
      vertex 30 -8.54215 40.2594
    endloop
  endfacet
  facet normal -1 0 0
    outer loop
      vertex 30 -7.7213 40.2594
      vertex 30 -8.60365 43.2873
      vertex 30 -7.5 43.9904
    endloop
  endfacet
  facet normal -1 0 0
    outer loop
      vertex 30 -9.64181 42.4907
      vertex 30 -8.54215 40.2594
      vertex 30 -8.63887 40.2193
    endloop
  endfacet
  facet normal -1 0 0
    outer loop
      vertex 30 -9.64181 42.4907
      vertex 30 -8.63887 40.2193
      vertex 30 -8.73173 40.171
    endloop
  endfacet
  facet normal -1 0 0
    outer loop
      vertex 30 -9.64181 42.4907
      vertex 30 -8.73173 40.171
      vertex 30 -8.82002 40.1147
    endloop
  endfacet
  facet normal -1 0 0
    outer loop
      vertex 30 -9.64181 42.4907
      vertex 30 -8.82002 40.1147
      vertex 30 -8.90307 40.051
    endloop
  endfacet
  facet normal -1 0 0
    outer loop
      vertex 30 -9.64181 42.4907
      vertex 30 -8.90307 40.051
      vertex 30 -8.98026 39.9803
    endloop
  endfacet
  facet normal -1 0 0
    outer loop
      vertex 30 -9.64181 42.4907
      vertex 30 -8.98026 39.9803
      vertex 30 -9.05098 39.9031
    endloop
  endfacet
  facet normal -1 0 0
    outer loop
      vertex 30 -9.64181 42.4907
      vertex 30 -9.05098 39.9031
      vertex 30 -9.11471 39.82
    endloop
  endfacet
  facet normal -1 0 0
    outer loop
      vertex 30 -9.64181 42.4907
      vertex 30 -9.11471 39.82
      vertex 30 -9.17096 39.7317
    endloop
  endfacet
  facet normal -1 0 0
    outer loop
      vertex 30 -9.64181 42.4907
      vertex 30 -9.17096 39.7317
      vertex 30 -9.2193 39.6389
    endloop
  endfacet
  facet normal -1 0 0
    outer loop
      vertex 30 -9.64181 42.4907
      vertex 30 -9.2193 39.6389
      vertex 30 -9.25936 39.5422
    endloop
  endfacet
  facet normal -1 0 0
    outer loop
      vertex 30 -9.64181 42.4907
      vertex 30 -9.25936 39.5422
      vertex 30 -9.29084 39.4423
    endloop
  endfacet
  facet normal -1 0 0
    outer loop
      vertex 30 -9.64181 42.4907
      vertex 30 -9.29084 39.4423
      vertex 30 -9.3135 39.3401
    endloop
  endfacet
  facet normal -1 0 0
    outer loop
      vertex 30 -8.23631 40.3272
      vertex 30 -9.64181 42.4907
      vertex 30 -8.60365 43.2873
    endloop
  endfacet
  facet normal -1 0 0
    outer loop
      vertex 30 -9.32716 39.2363
      vertex 30 -9.64181 42.4907
      vertex 30 -9.3135 39.3401
    endloop
  endfacet
  facet normal -1 0 0
    outer loop
      vertex 30 -9.64181 42.4907
      vertex 30 -9.32716 39.2363
      vertex 30 -9.33173 39.1317
    endloop
  endfacet
  facet normal -1 0 0
    outer loop
      vertex 30 12.6591 30.6894
      vertex 30 14.4889 34.8823
      vertex 30 22 5
    endloop
  endfacet
  facet normal -1 0 -0
    outer loop
      vertex 30 12.6954 30.8954
      vertex 30 14.4889 34.8823
      vertex 30 12.6818 30.7916
    endloop
  endfacet
  facet normal -1 0 0
    outer loop
      vertex 30 12.6818 31.2084
      vertex 30 14.4889 34.8823
      vertex 30 12.6954 31.1046
    endloop
  endfacet
  facet normal -1 0 0
    outer loop
      vertex 30 12.6591 31.3106
      vertex 30 14.4889 34.8823
      vertex 30 12.6818 31.2084
    endloop
  endfacet
  facet normal -1 0 0
    outer loop
      vertex 30 12.6954 31.1046
      vertex 30 14.4889 34.8823
      vertex 30 12.7 31
    endloop
  endfacet
  facet normal -1 0 -0
    outer loop
      vertex 30 12.7 31
      vertex 30 14.4889 34.8823
      vertex 30 12.6954 30.8954
    endloop
  endfacet
  facet normal -1 0 0
    outer loop
      vertex 30 14.4889 34.8823
      vertex 30 12.6591 30.6894
      vertex 30 12.6818 30.7916
    endloop
  endfacet
  facet normal -1 0 0
    outer loop
      vertex 30 22 5
      vertex 30 12.6276 30.5896
      vertex 30 12.6591 30.6894
    endloop
  endfacet
  facet normal -1 0 0
    outer loop
      vertex 30 22 5
      vertex 30 12.5876 30.4929
      vertex 30 12.6276 30.5896
    endloop
  endfacet
  facet normal -1 0 0
    outer loop
      vertex 30 22 5
      vertex 30 12.5392 30.4
      vertex 30 12.5876 30.4929
    endloop
  endfacet
  facet normal -1 0 0
    outer loop
      vertex 30 22 5
      vertex 30 12.483 30.3117
      vertex 30 12.5392 30.4
    endloop
  endfacet
  facet normal -1 0 0
    outer loop
      vertex 30 22 5
      vertex 30 12.4193 30.2287
      vertex 30 12.483 30.3117
    endloop
  endfacet
  facet normal -1 0 0
    outer loop
      vertex 30 9.32716 22.7637
      vertex 30 12.4193 30.2287
      vertex 30 22 5
    endloop
  endfacet
  facet normal -1 0 0
    outer loop
      vertex 30 12.4193 30.2287
      vertex 30 9.32716 22.7637
      vertex 30 12.3485 30.1515
    endloop
  endfacet
  facet normal -1 0 -0
    outer loop
      vertex 30 9.33173 22.8683
      vertex 30 12.3485 30.1515
      vertex 30 9.32716 22.7637
    endloop
  endfacet
  facet normal -1 0 0
    outer loop
      vertex 30 12.3485 30.1515
      vertex 30 9.33173 22.8683
      vertex 30 12.2713 30.0807
    endloop
  endfacet
  facet normal -1 0 0
    outer loop
      vertex 30 9.32716 22.9729
      vertex 30 12.2713 30.0807
      vertex 30 9.33173 22.8683
    endloop
  endfacet
  facet normal -1 0 0
    outer loop
      vertex 30 12.2713 30.0807
      vertex 30 9.32716 22.9729
      vertex 30 12.1883 30.017
    endloop
  endfacet
  facet normal -1 0 0
    outer loop
      vertex 30 9.3135 23.0767
      vertex 30 12.1883 30.017
      vertex 30 9.32716 22.9729
    endloop
  endfacet
  facet normal -1 0 0
    outer loop
      vertex 30 12.1883 30.017
      vertex 30 9.3135 23.0767
      vertex 30 12.1 29.9608
    endloop
  endfacet
  facet normal -1 0 0
    outer loop
      vertex 30 9.29084 23.1789
      vertex 30 12.1 29.9608
      vertex 30 9.3135 23.0767
    endloop
  endfacet
  facet normal -1 0 0
    outer loop
      vertex 30 12.1 29.9608
      vertex 30 9.29084 23.1789
      vertex 30 12.0071 29.9124
    endloop
  endfacet
  facet normal -1 0 0
    outer loop
      vertex 30 9.25936 23.2787
      vertex 30 12.0071 29.9124
      vertex 30 9.29084 23.1789
    endloop
  endfacet
  facet normal -1 0 0
    outer loop
      vertex 30 12.0071 29.9124
      vertex 30 9.25936 23.2787
      vertex 30 11.9104 29.8724
    endloop
  endfacet
  facet normal -1 0 0
    outer loop
      vertex 30 22 5
      vertex 30 9.3135 22.6599
      vertex 30 9.32716 22.7637
    endloop
  endfacet
  facet normal -1 0 0
    outer loop
      vertex 30 22 5
      vertex 30 9.29084 22.5577
      vertex 30 9.3135 22.6599
    endloop
  endfacet
  facet normal -1 0 0
    outer loop
      vertex 30 22 5
      vertex 30 9.25936 22.4578
      vertex 30 9.29084 22.5577
    endloop
  endfacet
  facet normal -1 0 0
    outer loop
      vertex 30 22 5
      vertex 30 9.2193 22.3611
      vertex 30 9.25936 22.4578
    endloop
  endfacet
  facet normal -1 0 0
    outer loop
      vertex 30 22 5
      vertex 30 9.17096 22.2683
      vertex 30 9.2193 22.3611
    endloop
  endfacet
  facet normal -1 0 0
    outer loop
      vertex 30 22 5
      vertex 30 9.11471 22.18
      vertex 30 9.17096 22.2683
    endloop
  endfacet
  facet normal -1 0 0
    outer loop
      vertex 30 22 5
      vertex 30 9.05098 22.0969
      vertex 30 9.11471 22.18
    endloop
  endfacet
  facet normal -1 0 0
    outer loop
      vertex 30 22 5
      vertex 30 8.98026 22.0197
      vertex 30 9.05098 22.0969
    endloop
  endfacet
  facet normal -1 0 0
    outer loop
      vertex 30 22 5
      vertex 30 8.90307 21.949
      vertex 30 8.98026 22.0197
    endloop
  endfacet
  facet normal -1 0 0
    outer loop
      vertex 30 22 5
      vertex 30 8.82002 21.8853
      vertex 30 8.90307 21.949
    endloop
  endfacet
  facet normal -1 0 0
    outer loop
      vertex 30 22 5
      vertex 30 8.73173 21.829
      vertex 30 8.82002 21.8853
    endloop
  endfacet
  facet normal -1 0 0
    outer loop
      vertex 30 22 5
      vertex 30 8.63887 21.7807
      vertex 30 8.73173 21.829
    endloop
  endfacet
  facet normal -1 0 0
    outer loop
      vertex 30 22 5
      vertex 30 8.54215 21.7406
      vertex 30 8.63887 21.7807
    endloop
  endfacet
  facet normal -1 0 0
    outer loop
      vertex 30 22 5
      vertex 30 8.44231 21.7092
      vertex 30 8.54215 21.7406
    endloop
  endfacet
  facet normal -1 0 0
    outer loop
      vertex 30 22 5
      vertex 30 8.34011 21.6865
      vertex 30 8.44231 21.7092
    endloop
  endfacet
  facet normal -1 0 0
    outer loop
      vertex 30 22 5
      vertex 30 8.23631 21.6728
      vertex 30 8.34011 21.6865
    endloop
  endfacet
  facet normal -1 0 0
    outer loop
      vertex 30 0.771344 18.5807
      vertex 30 8.23631 21.6728
      vertex 30 22 5
    endloop
  endfacet
  facet normal -1 0 0
    outer loop
      vertex 30 8.23631 21.6728
      vertex 30 0.771344 18.5807
      vertex 30 8.13173 21.6683
    endloop
  endfacet
  facet normal -1 0 -0
    outer loop
      vertex 30 0.848528 18.6515
      vertex 30 8.13173 21.6683
      vertex 30 0.771344 18.5807
    endloop
  endfacet
  facet normal -1 -0 0
    outer loop
      vertex 30 8.13173 21.6683
      vertex 30 0.848528 18.6515
      vertex 30 8.02714 21.6728
    endloop
  endfacet
  facet normal -1 0 -0
    outer loop
      vertex 30 0.919252 18.7287
      vertex 30 8.02714 21.6728
      vertex 30 0.848528 18.6515
    endloop
  endfacet
  facet normal -1 -0 0
    outer loop
      vertex 30 8.02714 21.6728
      vertex 30 0.919252 18.7287
      vertex 30 7.92335 21.6865
    endloop
  endfacet
  facet normal -1 0 -0
    outer loop
      vertex 30 0.982982 18.8117
      vertex 30 7.92335 21.6865
      vertex 30 0.919252 18.7287
    endloop
  endfacet
  facet normal -1 0 -0
    outer loop
      vertex 30 1.03923 18.9
      vertex 30 7.82115 21.7092
      vertex 30 0.982982 18.8117
    endloop
  endfacet
  facet normal -1 -0 0
    outer loop
      vertex 30 7.82115 21.7092
      vertex 30 1.03923 18.9
      vertex 30 7.7213 21.7406
    endloop
  endfacet
  facet normal -1 0 -0
    outer loop
      vertex 30 1.08757 18.9929
      vertex 30 7.7213 21.7406
      vertex 30 1.03923 18.9
    endloop
  endfacet
  facet normal -1 -0 0
    outer loop
      vertex 30 7.7213 21.7406
      vertex 30 1.08757 18.9929
      vertex 30 7.62459 21.7807
    endloop
  endfacet
  facet normal -1 -0 0
    outer loop
      vertex 30 7.2832 22.0197
      vertex 30 1.2 19.5
      vertex 30 2.68701 26.6159
    endloop
  endfacet
  facet normal -1 -0 0
    outer loop
      vertex 30 2.37642 27.1539
      vertex 30 2.25 27.1029
      vertex 30 2.37068 27.1798
    endloop
  endfacet
  facet normal -1 0 0
    outer loop
      vertex 30 2.4079 27.054
      vertex 30 2.25 27.1029
      vertex 30 2.37642 27.1539
    endloop
  endfacet
  facet normal -1 0 0
    outer loop
      vertex 30 2.44796 26.9573
      vertex 30 2.25 27.1029
      vertex 30 2.4079 27.054
    endloop
  endfacet
  facet normal -1 0 0
    outer loop
      vertex 30 1.90178 26.9216
      vertex 30 2.44796 26.9573
      vertex 30 2.4963 26.8645
    endloop
  endfacet
  facet normal -1 0 0
    outer loop
      vertex 30 1.90178 26.9216
      vertex 30 2.4963 26.8645
      vertex 30 2.55255 26.7762
    endloop
  endfacet
  facet normal -1 0 0
    outer loop
      vertex 30 1.90178 26.9216
      vertex 30 2.55255 26.7762
      vertex 30 2.61628 26.6931
    endloop
  endfacet
  facet normal -1 0 0
    outer loop
      vertex 30 1.2 26
      vertex 30 2.68701 26.6159
      vertex 30 1.2 19.5
    endloop
  endfacet
  facet normal -1 -0 0
    outer loop
      vertex 30 2.68701 26.6159
      vertex 30 1.2 26
      vertex 30 2.61628 26.6931
    endloop
  endfacet
  facet normal -1 0 -0
    outer loop
      vertex 30 1.90178 26.9216
      vertex 30 2.61628 26.6931
      vertex 30 1.2 26
    endloop
  endfacet
  facet normal -1 -0 0
    outer loop
      vertex 30 2.44796 26.9573
      vertex 30 1.90178 26.9216
      vertex 30 2.25 27.1029
    endloop
  endfacet
  facet normal -1 0 0
    outer loop
      vertex 30 7.2832 22.0197
      vertex 30 1.19543 19.3954
      vertex 30 1.2 19.5
    endloop
  endfacet
  facet normal -1 -0 0
    outer loop
      vertex 30 7.36038 21.949
      vertex 30 1.19543 19.3954
      vertex 30 7.2832 22.0197
    endloop
  endfacet
  facet normal -1 0 -0
    outer loop
      vertex 30 1.19543 19.3954
      vertex 30 7.36038 21.949
      vertex 30 1.18177 19.2916
    endloop
  endfacet
  facet normal -1 -0 0
    outer loop
      vertex 30 7.44344 21.8853
      vertex 30 1.18177 19.2916
      vertex 30 7.36038 21.949
    endloop
  endfacet
  facet normal -1 0 -0
    outer loop
      vertex 30 1.18177 19.2916
      vertex 30 7.44344 21.8853
      vertex 30 1.15911 19.1894
    endloop
  endfacet
  facet normal -1 -0 0
    outer loop
      vertex 30 7.53173 21.829
      vertex 30 1.15911 19.1894
      vertex 30 7.44344 21.8853
    endloop
  endfacet
  facet normal -1 0 -0
    outer loop
      vertex 30 1.15911 19.1894
      vertex 30 7.53173 21.829
      vertex 30 1.12763 19.0896
    endloop
  endfacet
  facet normal -1 -0 0
    outer loop
      vertex 30 7.62459 21.7807
      vertex 30 1.12763 19.0896
      vertex 30 7.53173 21.829
    endloop
  endfacet
  facet normal -1 0 -0
    outer loop
      vertex 30 1.12763 19.0896
      vertex 30 7.62459 21.7807
      vertex 30 1.08757 18.9929
    endloop
  endfacet
  facet normal -1 -0 0
    outer loop
      vertex 30 7.92335 21.6865
      vertex 30 0.982982 18.8117
      vertex 30 7.82115 21.7092
    endloop
  endfacet
  facet normal -1 0 0
    outer loop
      vertex 30 22 5
      vertex 30 0.688292 18.517
      vertex 30 0.771344 18.5807
    endloop
  endfacet
  facet normal -1 0 0
    outer loop
      vertex 30 22 5
      vertex 30 0.599999 18.4608
      vertex 30 0.688292 18.517
    endloop
  endfacet
  facet normal -1 0 0
    outer loop
      vertex 30 22 5
      vertex 30 0.507141 18.4124
      vertex 30 0.599999 18.4608
    endloop
  endfacet
  facet normal -1 0 0
    outer loop
      vertex 30 22 5
      vertex 30 0.410423 18.3724
      vertex 30 0.507141 18.4124
    endloop
  endfacet
  facet normal -1 0 0
    outer loop
      vertex 30 22 5
      vertex 30 0.310582 18.3409
      vertex 30 0.410423 18.3724
    endloop
  endfacet
  facet normal -1 0 0
    outer loop
      vertex 30 22 5
      vertex 30 0.208377 18.3182
      vertex 30 0.310582 18.3409
    endloop
  endfacet
  facet normal -1 0 0
    outer loop
      vertex 30 22 5
      vertex 30 0.104587 18.3046
      vertex 30 0.208377 18.3182
    endloop
  endfacet
  facet normal -1 0 0
    outer loop
      vertex 30 22 5
      vertex 30 0 18.3
      vertex 30 0.104587 18.3046
    endloop
  endfacet
  facet normal -1 0 0
    outer loop
      vertex 30 -22 5
      vertex 30 0 18.3
      vertex 30 22 5
    endloop
  endfacet
  facet normal -1 -0 0
    outer loop
      vertex 30 0 18.3
      vertex 30 -22 5
      vertex 30 -0.104587 18.3046
    endloop
  endfacet
  facet normal -1 -0 0
    outer loop
      vertex 30 -0.104587 18.3046
      vertex 30 -22 5
      vertex 30 -0.208377 18.3182
    endloop
  endfacet
  facet normal -1 -0 0
    outer loop
      vertex 30 -0.208377 18.3182
      vertex 30 -22 5
      vertex 30 -0.310582 18.3409
    endloop
  endfacet
  facet normal -1 -0 0
    outer loop
      vertex 30 -0.310582 18.3409
      vertex 30 -22 5
      vertex 30 -0.410423 18.3724
    endloop
  endfacet
  facet normal -1 -0 0
    outer loop
      vertex 30 -0.410423 18.3724
      vertex 30 -22 5
      vertex 30 -0.507141 18.4124
    endloop
  endfacet
  facet normal -1 0 0
    outer loop
      vertex 30 -2.68701 26.6159
      vertex 30 -1.2 26
      vertex 30 -1.2 19.5
    endloop
  endfacet
  facet normal -1 0 0
    outer loop
      vertex 30 -7.2832 22.0197
      vertex 30 -1.2 19.5
      vertex 30 -1.19543 19.3954
    endloop
  endfacet
  facet normal -1 0 0
    outer loop
      vertex 30 -1.2 26
      vertex 30 -2.68701 26.6159
      vertex 30 -1.53909 26.7714
    endloop
  endfacet
  facet normal -1 -0 0
    outer loop
      vertex 30 -1.53909 26.7714
      vertex 30 -2.68701 26.6159
      vertex 30 -1.90178 26.9216
    endloop
  endfacet
  facet normal -1 0 0
    outer loop
      vertex 30 -7.36038 21.949
      vertex 30 -1.19543 19.3954
      vertex 30 -1.18177 19.2916
    endloop
  endfacet
  facet normal -1 0 -0
    outer loop
      vertex 30 -2.55255 26.7762
      vertex 30 -1.90178 26.9216
      vertex 30 -2.61628 26.6931
    endloop
  endfacet
  facet normal -1 0 0
    outer loop
      vertex 30 -2.25 27.1029
      vertex 30 -2.37642 27.1539
      vertex 30 -2.37068 27.1798
    endloop
  endfacet
  facet normal -1 -0 0
    outer loop
      vertex 30 -2.25 27.1029
      vertex 30 -2.4079 27.054
      vertex 30 -2.37642 27.1539
    endloop
  endfacet
  facet normal -1 0 0
    outer loop
      vertex 30 -2.25 27.1029
      vertex 30 -2.44796 26.9573
      vertex 30 -2.4079 27.054
    endloop
  endfacet
  facet normal -1 0 0
    outer loop
      vertex 30 -1.90178 26.9216
      vertex 30 -2.44796 26.9573
      vertex 30 -2.25 27.1029
    endloop
  endfacet
  facet normal -1 0 -0
    outer loop
      vertex 30 -2.44796 26.9573
      vertex 30 -1.90178 26.9216
      vertex 30 -2.4963 26.8645
    endloop
  endfacet
  facet normal -1 0 -0
    outer loop
      vertex 30 -2.4963 26.8645
      vertex 30 -1.90178 26.9216
      vertex 30 -2.55255 26.7762
    endloop
  endfacet
  facet normal -1 0 0
    outer loop
      vertex 30 -1.90178 26.9216
      vertex 30 -2.68701 26.6159
      vertex 30 -2.61628 26.6931
    endloop
  endfacet
  facet normal -1 0 0
    outer loop
      vertex 30 -1.2 19.5
      vertex 30 -7.2832 22.0197
      vertex 30 -2.68701 26.6159
    endloop
  endfacet
  facet normal -1 0 0
    outer loop
      vertex 30 -7.44344 21.8853
      vertex 30 -1.18177 19.2916
      vertex 30 -1.15911 19.1894
    endloop
  endfacet
  facet normal -1 0 0
    outer loop
      vertex 30 -7.53173 21.829
      vertex 30 -1.15911 19.1894
      vertex 30 -1.12763 19.0896
    endloop
  endfacet
  facet normal -1 0 0
    outer loop
      vertex 30 -7.62459 21.7807
      vertex 30 -1.12763 19.0896
      vertex 30 -1.08757 18.9929
    endloop
  endfacet
  facet normal -1 0 0
    outer loop
      vertex 30 -7.7213 21.7406
      vertex 30 -1.08757 18.9929
      vertex 30 -1.03923 18.9
    endloop
  endfacet
  facet normal -1 0 0
    outer loop
      vertex 30 -7.82115 21.7092
      vertex 30 -1.03923 18.9
      vertex 30 -0.982982 18.8117
    endloop
  endfacet
  facet normal -1 0 0
    outer loop
      vertex 30 -7.92335 21.6865
      vertex 30 -0.982982 18.8117
      vertex 30 -0.919252 18.7287
    endloop
  endfacet
  facet normal -1 0 0
    outer loop
      vertex 30 -8.02714 21.6728
      vertex 30 -0.919252 18.7287
      vertex 30 -0.848528 18.6515
    endloop
  endfacet
  facet normal -1 0 0
    outer loop
      vertex 30 -8.13173 21.6683
      vertex 30 -0.848528 18.6515
      vertex 30 -0.771344 18.5807
    endloop
  endfacet
  facet normal -1 0 0
    outer loop
      vertex 30 -22 5
      vertex 30 -0.771344 18.5807
      vertex 30 -0.688292 18.517
    endloop
  endfacet
  facet normal -1 0 0
    outer loop
      vertex 30 -22 5
      vertex 30 -0.688292 18.517
      vertex 30 -0.599999 18.4608
    endloop
  endfacet
  facet normal -1 -0 0
    outer loop
      vertex 30 -0.507141 18.4124
      vertex 30 -22 5
      vertex 30 -0.599999 18.4608
    endloop
  endfacet
  facet normal -1 0 0
    outer loop
      vertex 30 -1.19543 19.3954
      vertex 30 -7.36038 21.949
      vertex 30 -7.2832 22.0197
    endloop
  endfacet
  facet normal -1 0 0
    outer loop
      vertex 30 -1.18177 19.2916
      vertex 30 -7.44344 21.8853
      vertex 30 -7.36038 21.949
    endloop
  endfacet
  facet normal -1 0 0
    outer loop
      vertex 30 -1.15911 19.1894
      vertex 30 -7.53173 21.829
      vertex 30 -7.44344 21.8853
    endloop
  endfacet
  facet normal -1 0 0
    outer loop
      vertex 30 -1.12763 19.0896
      vertex 30 -7.62459 21.7807
      vertex 30 -7.53173 21.829
    endloop
  endfacet
  facet normal -1 0 0
    outer loop
      vertex 30 -1.08757 18.9929
      vertex 30 -7.7213 21.7406
      vertex 30 -7.62459 21.7807
    endloop
  endfacet
  facet normal -1 -0 0
    outer loop
      vertex 30 -0.771344 18.5807
      vertex 30 -22 5
      vertex 30 -8.23631 21.6728
    endloop
  endfacet
  facet normal -1 0 0
    outer loop
      vertex 30 -1.03923 18.9
      vertex 30 -7.82115 21.7092
      vertex 30 -7.7213 21.7406
    endloop
  endfacet
  facet normal -1 0 0
    outer loop
      vertex 30 -0.982982 18.8117
      vertex 30 -7.92335 21.6865
      vertex 30 -7.82115 21.7092
    endloop
  endfacet
  facet normal -1 0 0
    outer loop
      vertex 30 -0.919252 18.7287
      vertex 30 -8.02714 21.6728
      vertex 30 -7.92335 21.6865
    endloop
  endfacet
  facet normal -1 0 0
    outer loop
      vertex 30 -0.848528 18.6515
      vertex 30 -8.13173 21.6683
      vertex 30 -8.02714 21.6728
    endloop
  endfacet
  facet normal -1 0 0
    outer loop
      vertex 30 -0.771344 18.5807
      vertex 30 -8.23631 21.6728
      vertex 30 -8.13173 21.6683
    endloop
  endfacet
  facet normal -1 -0 0
    outer loop
      vertex 30 -8.23631 21.6728
      vertex 30 -22 5
      vertex 30 -8.34011 21.6865
    endloop
  endfacet
  facet normal -1 -0 0
    outer loop
      vertex 30 -8.34011 21.6865
      vertex 30 -22 5
      vertex 30 -8.44231 21.7092
    endloop
  endfacet
  facet normal -1 -0 0
    outer loop
      vertex 30 -8.44231 21.7092
      vertex 30 -22 5
      vertex 30 -8.54215 21.7406
    endloop
  endfacet
  facet normal -1 -0 0
    outer loop
      vertex 30 -8.54215 21.7406
      vertex 30 -22 5
      vertex 30 -8.63887 21.7807
    endloop
  endfacet
  facet normal -1 0 0
    outer loop
      vertex 30 -12.3485 30.1515
      vertex 30 -9.33173 22.8683
      vertex 30 -9.32716 22.7637
    endloop
  endfacet
  facet normal -1 0 0
    outer loop
      vertex 30 -12.4193 30.2287
      vertex 30 -9.32716 22.7637
      vertex 30 -9.3135 22.6599
    endloop
  endfacet
  facet normal -1 0 0
    outer loop
      vertex 30 -22 5
      vertex 30 -9.3135 22.6599
      vertex 30 -9.29084 22.5577
    endloop
  endfacet
  facet normal -1 0 0
    outer loop
      vertex 30 -9.33173 22.8683
      vertex 30 -11.6046 29.8046
      vertex 30 -11.5 29.8
    endloop
  endfacet
  facet normal -1 0 0
    outer loop
      vertex 30 -22 5
      vertex 30 -9.29084 22.5577
      vertex 30 -9.25936 22.4578
    endloop
  endfacet
  facet normal -1 0 0
    outer loop
      vertex 30 -9.33173 22.8683
      vertex 30 -11.7084 29.8182
      vertex 30 -11.6046 29.8046
    endloop
  endfacet
  facet normal -1 0 0
    outer loop
      vertex 30 -9.33173 22.8683
      vertex 30 -11.8106 29.8409
      vertex 30 -11.7084 29.8182
    endloop
  endfacet
  facet normal -1 0 0
    outer loop
      vertex 30 -9.33173 22.8683
      vertex 30 -11.9104 29.8724
      vertex 30 -11.8106 29.8409
    endloop
  endfacet
  facet normal -1 0 0
    outer loop
      vertex 30 -9.33173 22.8683
      vertex 30 -12.0071 29.9124
      vertex 30 -11.9104 29.8724
    endloop
  endfacet
  facet normal -1 0 0
    outer loop
      vertex 30 -9.33173 22.8683
      vertex 30 -12.1 29.9608
      vertex 30 -12.0071 29.9124
    endloop
  endfacet
  facet normal -1 0 0
    outer loop
      vertex 30 -9.33173 22.8683
      vertex 30 -12.1883 30.017
      vertex 30 -12.1 29.9608
    endloop
  endfacet
  facet normal -1 0 0
    outer loop
      vertex 30 -9.33173 22.8683
      vertex 30 -12.2713 30.0807
      vertex 30 -12.1883 30.017
    endloop
  endfacet
  facet normal -1 0 0
    outer loop
      vertex 30 -9.33173 22.8683
      vertex 30 -12.3485 30.1515
      vertex 30 -12.2713 30.0807
    endloop
  endfacet
  facet normal -1 0 0
    outer loop
      vertex 30 -9.32716 22.7637
      vertex 30 -12.4193 30.2287
      vertex 30 -12.3485 30.1515
    endloop
  endfacet
  facet normal -1 0 0
    outer loop
      vertex 30 -9.3135 22.6599
      vertex 30 -12.483 30.3117
      vertex 30 -12.4193 30.2287
    endloop
  endfacet
  facet normal -1 -0 0
    outer loop
      vertex 30 -9.3135 22.6599
      vertex 30 -22 5
      vertex 30 -12.483 30.3117
    endloop
  endfacet
  facet normal -1 -0 0
    outer loop
      vertex 30 -12.483 30.3117
      vertex 30 -22 5
      vertex 30 -12.5392 30.4
    endloop
  endfacet
  facet normal -1 0 0
    outer loop
      vertex 30 -9.05098 38.3604
      vertex 30 -12.9904 38.5
      vertex 30 -9.11471 38.4434
    endloop
  endfacet
  facet normal -1 0 0
    outer loop
      vertex 30 -14.4889 34.8823
      vertex 30 -12.7 31
      vertex 30 -12.6954 30.8954
    endloop
  endfacet
  facet normal -1 0 0
    outer loop
      vertex 30 -14.4889 34.8823
      vertex 30 -12.6954 30.8954
      vertex 30 -12.6818 30.7916
    endloop
  endfacet
  facet normal -1 0 0
    outer loop
      vertex 30 -11.5 32.2
      vertex 30 -14.0954 36.1303
      vertex 30 -13.5946 37.3393
    endloop
  endfacet
  facet normal -1 0 0
    outer loop
      vertex 30 -14.4889 34.8823
      vertex 30 -12.6818 30.7916
      vertex 30 -12.6591 30.6894
    endloop
  endfacet
  facet normal -1 0 0
    outer loop
      vertex 30 -11.6046 32.1954
      vertex 30 -14.4889 34.8823
      vertex 30 -14.0954 36.1303
    endloop
  endfacet
  facet normal -1 0 0
    outer loop
      vertex 30 -12.6276 30.5896
      vertex 30 -14.4889 34.8823
      vertex 30 -12.6591 30.6894
    endloop
  endfacet
  facet normal -1 0 0
    outer loop
      vertex 30 -22 5
      vertex 30 -12.6276 30.5896
      vertex 30 -12.5876 30.4929
    endloop
  endfacet
  facet normal -1 -0 0
    outer loop
      vertex 30 -12.5392 30.4
      vertex 30 -22 5
      vertex 30 -12.5876 30.4929
    endloop
  endfacet
  facet normal -1 0 0
    outer loop
      vertex 30 -22 5
      vertex 30 -9.25936 22.4578
      vertex 30 -9.2193 22.3611
    endloop
  endfacet
  facet normal -1 -0 0
    outer loop
      vertex 30 -12.6276 30.5896
      vertex 30 -22 5
      vertex 30 -14.4889 34.8823
    endloop
  endfacet
  facet normal -1 -0 0
    outer loop
      vertex 30 -9.17096 22.2683
      vertex 30 -22 5
      vertex 30 -9.2193 22.3611
    endloop
  endfacet
  facet normal -1 -0 0
    outer loop
      vertex 30 -9.11471 22.18
      vertex 30 -22 5
      vertex 30 -9.17096 22.2683
    endloop
  endfacet
  facet normal -1 -0 0
    outer loop
      vertex 30 -9.05098 22.0969
      vertex 30 -22 5
      vertex 30 -9.11471 22.18
    endloop
  endfacet
  facet normal -1 -0 0
    outer loop
      vertex 30 -8.98026 22.0197
      vertex 30 -22 5
      vertex 30 -9.05098 22.0969
    endloop
  endfacet
  facet normal -1 -0 0
    outer loop
      vertex 30 -8.90307 21.949
      vertex 30 -22 5
      vertex 30 -8.98026 22.0197
    endloop
  endfacet
  facet normal -1 -0 0
    outer loop
      vertex 30 -8.82002 21.8853
      vertex 30 -22 5
      vertex 30 -8.90307 21.949
    endloop
  endfacet
  facet normal -1 -0 0
    outer loop
      vertex 30 -8.73173 21.829
      vertex 30 -22 5
      vertex 30 -8.82002 21.8853
    endloop
  endfacet
  facet normal -1 -0 0
    outer loop
      vertex 30 -8.63887 21.7807
      vertex 30 -22 5
      vertex 30 -8.73173 21.829
    endloop
  endfacet
  facet normal -1 0 0
    outer loop
      vertex 30 12.6276 31.4104
      vertex 30 14.4889 34.8823
      vertex 30 12.6591 31.3106
    endloop
  endfacet
  facet normal -1 0 0
    outer loop
      vertex 30 12.5876 31.5071
      vertex 30 14.4889 34.8823
      vertex 30 12.6276 31.4104
    endloop
  endfacet
  facet normal -1 0 0
    outer loop
      vertex 30 12.5392 31.6
      vertex 30 14.4889 34.8823
      vertex 30 12.5876 31.5071
    endloop
  endfacet
  facet normal -1 0 0
    outer loop
      vertex 30 12.483 31.6883
      vertex 30 14.4889 34.8823
      vertex 30 12.5392 31.6
    endloop
  endfacet
  facet normal -1 0 0
    outer loop
      vertex 30 12.4193 31.7713
      vertex 30 14.4889 34.8823
      vertex 30 12.483 31.6883
    endloop
  endfacet
  facet normal -1 0 0
    outer loop
      vertex 30 12.3485 31.8485
      vertex 30 14.4889 34.8823
      vertex 30 12.4193 31.7713
    endloop
  endfacet
  facet normal -1 0 0
    outer loop
      vertex 30 12.2713 31.9193
      vertex 30 14.4889 34.8823
      vertex 30 12.3485 31.8485
    endloop
  endfacet
  facet normal -1 0 0
    outer loop
      vertex 30 12.1883 31.983
      vertex 30 14.4889 34.8823
      vertex 30 12.2713 31.9193
    endloop
  endfacet
  facet normal -1 0 0
    outer loop
      vertex 30 12.1 32.0392
      vertex 30 14.4889 34.8823
      vertex 30 12.1883 31.983
    endloop
  endfacet
  facet normal -1 0 0
    outer loop
      vertex 30 12.0071 32.0876
      vertex 30 14.4889 34.8823
      vertex 30 12.1 32.0392
    endloop
  endfacet
  facet normal -1 0 0
    outer loop
      vertex 30 11.9104 32.1276
      vertex 30 14.4889 34.8823
      vertex 30 12.0071 32.0876
    endloop
  endfacet
  facet normal -1 0 0
    outer loop
      vertex 30 11.8106 32.1591
      vertex 30 14.4889 34.8823
      vertex 30 11.9104 32.1276
    endloop
  endfacet
  facet normal -1 0 0
    outer loop
      vertex 30 11.7084 32.1818
      vertex 30 14.4889 34.8823
      vertex 30 11.8106 32.1591
    endloop
  endfacet
  facet normal -1 0 0
    outer loop
      vertex 30 11.6046 32.1954
      vertex 30 14.4889 34.8823
      vertex 30 11.7084 32.1818
    endloop
  endfacet
  facet normal -1 -0 0
    outer loop
      vertex 30 14.4889 34.8823
      vertex 30 11.6046 32.1954
      vertex 30 14.0954 36.1303
    endloop
  endfacet
  facet normal -1 0 0
    outer loop
      vertex 30 11.5 32.2
      vertex 30 14.0954 36.1303
      vertex 30 11.6046 32.1954
    endloop
  endfacet
  facet normal -1 -0 0
    outer loop
      vertex 30 14.0954 36.1303
      vertex 30 11.5 32.2
      vertex 30 13.5946 37.3393
    endloop
  endfacet
  facet normal -1 0 0
    outer loop
      vertex 30 8.98026 38.2832
      vertex 30 13.5946 37.3393
      vertex 30 11.5 32.2
    endloop
  endfacet
  facet normal -1 0 -0
    outer loop
      vertex 30 9.05098 38.3604
      vertex 30 13.5946 37.3393
      vertex 30 8.98026 38.2832
    endloop
  endfacet
  facet normal -1 0 -0
    outer loop
      vertex 30 9.11471 38.4434
      vertex 30 12.9904 38.5
      vertex 30 9.05098 38.3604
    endloop
  endfacet
  facet normal -1 0 -0
    outer loop
      vertex 30 9.25936 38.7213
      vertex 30 12.9904 38.5
      vertex 30 9.2193 38.6246
    endloop
  endfacet
  facet normal -1 0 -0
    outer loop
      vertex 30 9.33173 39.1317
      vertex 30 12.2873 39.6036
      vertex 30 9.32716 39.0271
    endloop
  endfacet
  facet normal -1 0 0
    outer loop
      vertex 30 9.3135 39.3401
      vertex 30 11.4907 40.6418
      vertex 30 9.32716 39.2363
    endloop
  endfacet
  facet normal -1 -0 0
    outer loop
      vertex 30 12.2873 39.6036
      vertex 30 9.32716 39.2363
      vertex 30 11.4907 40.6418
    endloop
  endfacet
  facet normal -1 0 0
    outer loop
      vertex 30 9.32716 39.2363
      vertex 30 12.2873 39.6036
      vertex 30 9.33173 39.1317
    endloop
  endfacet
  facet normal -1 0 -0
    outer loop
      vertex 30 9.32716 39.0271
      vertex 30 12.2873 39.6036
      vertex 30 9.3135 38.9233
    endloop
  endfacet
  facet normal -1 0 -0
    outer loop
      vertex 30 9.3135 38.9233
      vertex 30 12.2873 39.6036
      vertex 30 9.29084 38.8211
    endloop
  endfacet
  facet normal -1 0 -0
    outer loop
      vertex 30 9.29084 38.8211
      vertex 30 12.2873 39.6036
      vertex 30 9.25936 38.7213
    endloop
  endfacet
  facet normal -1 0 0
    outer loop
      vertex 30 12.9904 38.5
      vertex 30 9.25936 38.7213
      vertex 30 12.2873 39.6036
    endloop
  endfacet
  facet normal -1 0 -0
    outer loop
      vertex 30 9.2193 38.6246
      vertex 30 12.9904 38.5
      vertex 30 9.17096 38.5317
    endloop
  endfacet
  facet normal -1 0 -0
    outer loop
      vertex 30 9.17096 38.5317
      vertex 30 12.9904 38.5
      vertex 30 9.11471 38.4434
    endloop
  endfacet
  facet normal -1 0 0
    outer loop
      vertex 30 13.5946 37.3393
      vertex 30 9.05098 38.3604
      vertex 30 12.9904 38.5
    endloop
  endfacet
  facet normal -1 0 0
    outer loop
      vertex 30 5 32.2
      vertex 30 8.98026 38.2832
      vertex 30 11.5 32.2
    endloop
  endfacet
  facet normal -1 0 0
    outer loop
      vertex 30 4.38406 33.687
      vertex 30 5 32.2
      vertex 30 4.89541 32.1954
    endloop
  endfacet
  facet normal -1 0 0
    outer loop
      vertex 30 4.22862 32.5391
      vertex 30 4.89541 32.1954
      vertex 30 4.79162 32.1818
    endloop
  endfacet
  facet normal -1 0 0
    outer loop
      vertex 30 4.22862 32.5391
      vertex 30 4.79162 32.1818
      vertex 30 4.68942 32.1591
    endloop
  endfacet
  facet normal -1 0 0
    outer loop
      vertex 30 4.22862 32.5391
      vertex 30 4.68942 32.1591
      vertex 30 4.58958 32.1276
    endloop
  endfacet
  facet normal -1 0 0
    outer loop
      vertex 30 4.34667 32.1647
      vertex 30 4.58958 32.1276
      vertex 30 4.49286 32.0876
    endloop
  endfacet
  facet normal -1 0 0
    outer loop
      vertex 30 4.34667 32.1647
      vertex 30 4.49286 32.0876
      vertex 30 4.4 32.0392
    endloop
  endfacet
  facet normal -1 0 0
    outer loop
      vertex 30 5 32.2
      vertex 30 4.38406 33.687
      vertex 30 8.98026 38.2832
    endloop
  endfacet
  facet normal -1 0 0
    outer loop
      vertex 30 4.34667 32.1647
      vertex 30 4.4 32.0392
      vertex 30 4.37764 32.025
    endloop
  endfacet
  facet normal -1 0 0
    outer loop
      vertex 30 4.58958 32.1276
      vertex 30 4.34667 32.1647
      vertex 30 4.22862 32.5391
    endloop
  endfacet
  facet normal -1 0 0
    outer loop
      vertex 30 4.89541 32.1954
      vertex 30 4.22862 32.5391
      vertex 30 4.38406 33.687
    endloop
  endfacet
  facet normal -1 0 0
    outer loop
      vertex 30 4.38406 33.687
      vertex 30 4.22862 32.5391
      vertex 30 4.30688 33.6163
    endloop
  endfacet
  facet normal -1 0 0
    outer loop
      vertex 30 4.07838 32.9018
      vertex 30 4.30688 33.6163
      vertex 30 4.22862 32.5391
    endloop
  endfacet
  facet normal -1 0 0
    outer loop
      vertex 30 4.30688 33.6163
      vertex 30 4.07838 32.9018
      vertex 30 4.22383 33.5526
    endloop
  endfacet
  facet normal -1 0 0
    outer loop
      vertex 30 4.22383 33.5526
      vertex 30 4.07838 32.9018
      vertex 30 4.13553 33.4963
    endloop
  endfacet
  facet normal -1 0 0
    outer loop
      vertex 30 4.07838 32.9018
      vertex 30 4.04268 33.448
      vertex 30 4.13553 33.4963
    endloop
  endfacet
  facet normal -1 0 0
    outer loop
      vertex 30 3.89711 33.25
      vertex 30 4.04268 33.448
      vertex 30 4.07838 32.9018
    endloop
  endfacet
  facet normal -1 0 0
    outer loop
      vertex 30 4.04268 33.448
      vertex 30 3.89711 33.25
      vertex 30 3.94596 33.4079
    endloop
  endfacet
  facet normal -1 0 0
    outer loop
      vertex 30 3.89711 33.25
      vertex 30 3.84612 33.3764
      vertex 30 3.94596 33.4079
    endloop
  endfacet
  facet normal -1 0 -0
    outer loop
      vertex 30 3.84612 33.3764
      vertex 30 3.89711 33.25
      vertex 30 3.82023 33.3707
    endloop
  endfacet
  facet normal -1 0 0
    outer loop
      vertex 30 9.2193 23.3754
      vertex 30 11.9104 29.8724
      vertex 30 9.25936 23.2787
    endloop
  endfacet
  facet normal -1 0 0
    outer loop
      vertex 30 11.9104 29.8724
      vertex 30 9.2193 23.3754
      vertex 30 11.8106 29.8409
    endloop
  endfacet
  facet normal -1 0 0
    outer loop
      vertex 30 9.17096 23.4683
      vertex 30 11.8106 29.8409
      vertex 30 9.2193 23.3754
    endloop
  endfacet
  facet normal -1 0 0
    outer loop
      vertex 30 11.8106 29.8409
      vertex 30 9.17096 23.4683
      vertex 30 11.7084 29.8182
    endloop
  endfacet
  facet normal -1 0 0
    outer loop
      vertex 30 9.11471 23.5566
      vertex 30 11.7084 29.8182
      vertex 30 9.17096 23.4683
    endloop
  endfacet
  facet normal -1 0 0
    outer loop
      vertex 30 11.7084 29.8182
      vertex 30 9.11471 23.5566
      vertex 30 11.6046 29.8046
    endloop
  endfacet
  facet normal -1 0 0
    outer loop
      vertex 30 9.05098 23.6396
      vertex 30 11.6046 29.8046
      vertex 30 9.11471 23.5566
    endloop
  endfacet
  facet normal -1 0 0
    outer loop
      vertex 30 11.6046 29.8046
      vertex 30 9.05098 23.6396
      vertex 30 11.5 29.8
    endloop
  endfacet
  facet normal -1 0 0
    outer loop
      vertex 30 8.98026 23.7168
      vertex 30 11.5 29.8
      vertex 30 9.05098 23.6396
    endloop
  endfacet
  facet normal -1 0 0
    outer loop
      vertex 30 8.98026 23.7168
      vertex 30 5 29.8
      vertex 30 11.5 29.8
    endloop
  endfacet
  facet normal -1 0 0
    outer loop
      vertex 30 4.38406 28.313
      vertex 30 5 29.8
      vertex 30 8.98026 23.7168
    endloop
  endfacet
  facet normal -1 -0 0
    outer loop
      vertex 30 5 29.8
      vertex 30 4.38406 28.313
      vertex 30 4.89541 29.8046
    endloop
  endfacet
  facet normal -1 0 0
    outer loop
      vertex 30 4.22862 29.4609
      vertex 30 4.89541 29.8046
      vertex 30 4.38406 28.313
    endloop
  endfacet
  facet normal -1 -0 0
    outer loop
      vertex 30 4.89541 29.8046
      vertex 30 4.22862 29.4609
      vertex 30 4.79162 29.8182
    endloop
  endfacet
  facet normal -1 -0 0
    outer loop
      vertex 30 4.79162 29.8182
      vertex 30 4.22862 29.4609
      vertex 30 4.68942 29.8409
    endloop
  endfacet
  facet normal -1 -0 0
    outer loop
      vertex 30 4.68942 29.8409
      vertex 30 4.22862 29.4609
      vertex 30 4.58958 29.8724
    endloop
  endfacet
  facet normal -1 0 -0
    outer loop
      vertex 30 4.34667 29.8353
      vertex 30 4.58958 29.8724
      vertex 30 4.22862 29.4609
    endloop
  endfacet
  facet normal -1 -0 0
    outer loop
      vertex 30 4.49286 29.9124
      vertex 30 4.34667 29.8353
      vertex 30 4.4 29.9608
    endloop
  endfacet
  facet normal -1 -0 0
    outer loop
      vertex 30 4.4 29.9608
      vertex 30 4.34667 29.8353
      vertex 30 4.37764 29.975
    endloop
  endfacet
  facet normal -1 0 0
    outer loop
      vertex 30 4.22862 29.4609
      vertex 30 4.38406 28.313
      vertex 30 4.30688 28.3837
    endloop
  endfacet
  facet normal -1 -0 0
    outer loop
      vertex 30 4.58958 29.8724
      vertex 30 4.34667 29.8353
      vertex 30 4.49286 29.9124
    endloop
  endfacet
  facet normal -1 0 0
    outer loop
      vertex 30 4.07838 29.0982
      vertex 30 4.30688 28.3837
      vertex 30 4.22383 28.4474
    endloop
  endfacet
  facet normal -1 0 0
    outer loop
      vertex 30 4.07838 29.0982
      vertex 30 4.22383 28.4474
      vertex 30 4.13553 28.5037
    endloop
  endfacet
  facet normal -1 0 0
    outer loop
      vertex 30 4.30688 28.3837
      vertex 30 4.07838 29.0982
      vertex 30 4.22862 29.4609
    endloop
  endfacet
  facet normal -1 0 0
    outer loop
      vertex 30 4.04268 28.552
      vertex 30 4.07838 29.0982
      vertex 30 4.13553 28.5037
    endloop
  endfacet
  facet normal -1 0 0
    outer loop
      vertex 30 3.89711 28.75
      vertex 30 4.04268 28.552
      vertex 30 3.94596 28.5921
    endloop
  endfacet
  facet normal -1 0 0
    outer loop
      vertex 30 4.04268 28.552
      vertex 30 3.89711 28.75
      vertex 30 4.07838 29.0982
    endloop
  endfacet
  facet normal -1 0 0
    outer loop
      vertex 30 3.84612 28.6236
      vertex 30 3.89711 28.75
      vertex 30 3.94596 28.5921
    endloop
  endfacet
  facet normal -1 0 0
    outer loop
      vertex 30 3.89711 28.75
      vertex 30 3.84612 28.6236
      vertex 30 3.82023 28.6293
    endloop
  endfacet
  facet normal -1 0 0
    outer loop
      vertex 30 9.29084 39.4423
      vertex 30 11.4907 40.6418
      vertex 30 9.3135 39.3401
    endloop
  endfacet
  facet normal -1 0 0
    outer loop
      vertex 30 9.25936 39.5422
      vertex 30 11.4907 40.6418
      vertex 30 9.29084 39.4423
    endloop
  endfacet
  facet normal -1 0 0
    outer loop
      vertex 30 9.2193 39.6389
      vertex 30 11.4907 40.6418
      vertex 30 9.25936 39.5422
    endloop
  endfacet
  facet normal -1 0 0
    outer loop
      vertex 30 9.17096 39.7317
      vertex 30 11.4907 40.6418
      vertex 30 9.2193 39.6389
    endloop
  endfacet
  facet normal -1 -0 0
    outer loop
      vertex 30 11.4907 40.6418
      vertex 30 9.17096 39.7317
      vertex 30 10.6066 41.6066
    endloop
  endfacet
  facet normal -1 0 0
    outer loop
      vertex 30 9.11471 39.82
      vertex 30 10.6066 41.6066
      vertex 30 9.17096 39.7317
    endloop
  endfacet
  facet normal -1 0 0
    outer loop
      vertex 30 9.05098 39.9031
      vertex 30 10.6066 41.6066
      vertex 30 9.11471 39.82
    endloop
  endfacet
  facet normal -1 0 0
    outer loop
      vertex 30 8.98026 39.9803
      vertex 30 10.6066 41.6066
      vertex 30 9.05098 39.9031
    endloop
  endfacet
  facet normal -1 0 0
    outer loop
      vertex 30 8.90307 40.051
      vertex 30 10.6066 41.6066
      vertex 30 8.98026 39.9803
    endloop
  endfacet
  facet normal -1 0 0
    outer loop
      vertex 30 8.82002 40.1147
      vertex 30 10.6066 41.6066
      vertex 30 8.90307 40.051
    endloop
  endfacet
  facet normal -1 0 0
    outer loop
      vertex 30 8.73173 40.171
      vertex 30 10.6066 41.6066
      vertex 30 8.82002 40.1147
    endloop
  endfacet
  facet normal -1 -0 0
    outer loop
      vertex 30 10.6066 41.6066
      vertex 30 8.73173 40.171
      vertex 30 9.64181 42.4907
    endloop
  endfacet
  facet normal -1 0 0
    outer loop
      vertex 30 8.63887 40.2193
      vertex 30 9.64181 42.4907
      vertex 30 8.73173 40.171
    endloop
  endfacet
  facet normal -1 0 0
    outer loop
      vertex 30 8.54215 40.2594
      vertex 30 9.64181 42.4907
      vertex 30 8.63887 40.2193
    endloop
  endfacet
  facet normal -1 0 0
    outer loop
      vertex 30 8.44231 40.2908
      vertex 30 9.64181 42.4907
      vertex 30 8.54215 40.2594
    endloop
  endfacet
  facet normal -1 0 0
    outer loop
      vertex 30 8.34011 40.3135
      vertex 30 9.64181 42.4907
      vertex 30 8.44231 40.2908
    endloop
  endfacet
  facet normal -1 0 0
    outer loop
      vertex 30 8.23631 40.3272
      vertex 30 9.64181 42.4907
      vertex 30 8.34011 40.3135
    endloop
  endfacet
  facet normal -1 -0 0
    outer loop
      vertex 30 9.64181 42.4907
      vertex 30 8.23631 40.3272
      vertex 30 8.60365 43.2873
    endloop
  endfacet
  facet normal -1 0 0
    outer loop
      vertex 30 8.13173 40.3317
      vertex 30 8.60365 43.2873
      vertex 30 8.23631 40.3272
    endloop
  endfacet
  facet normal -1 0 0
    outer loop
      vertex 30 8.02714 40.3272
      vertex 30 8.60365 43.2873
      vertex 30 8.13173 40.3317
    endloop
  endfacet
  facet normal -1 0 0
    outer loop
      vertex 30 7.92335 40.3135
      vertex 30 8.60365 43.2873
      vertex 30 8.02714 40.3272
    endloop
  endfacet
  facet normal -1 0 0
    outer loop
      vertex 30 7.82115 40.2908
      vertex 30 8.60365 43.2873
      vertex 30 7.92335 40.3135
    endloop
  endfacet
  facet normal -1 0 0
    outer loop
      vertex 30 7.7213 40.2594
      vertex 30 8.60365 43.2873
      vertex 30 7.82115 40.2908
    endloop
  endfacet
  facet normal -1 0 0
    outer loop
      vertex 30 7.5 43.9904
      vertex 30 7.7213 40.2594
      vertex 30 7.62459 40.2193
    endloop
  endfacet
  facet normal -1 0 0
    outer loop
      vertex 30 7.5 43.9904
      vertex 30 7.62459 40.2193
      vertex 30 7.53173 40.171
    endloop
  endfacet
  facet normal -1 0 0
    outer loop
      vertex 30 7.7213 40.2594
      vertex 30 7.5 43.9904
      vertex 30 8.60365 43.2873
    endloop
  endfacet
  facet normal -1 0 0
    outer loop
      vertex 30 7.44344 40.1147
      vertex 30 7.5 43.9904
      vertex 30 7.53173 40.171
    endloop
  endfacet
  facet normal -1 0 0
    outer loop
      vertex 30 7.36038 40.051
      vertex 30 7.5 43.9904
      vertex 30 7.44344 40.1147
    endloop
  endfacet
  facet normal -1 0 0
    outer loop
      vertex 30 6.33927 44.5946
      vertex 30 7.36038 40.051
      vertex 30 7.2832 39.9803
    endloop
  endfacet
  facet normal -1 0 0
    outer loop
      vertex 30 7.36038 40.051
      vertex 30 6.33927 44.5946
      vertex 30 7.5 43.9904
    endloop
  endfacet
  facet normal -1 0 0
    outer loop
      vertex 30 7.2832 39.9803
      vertex 30 5.1303 45.0954
      vertex 30 6.33927 44.5946
    endloop
  endfacet
  facet normal -1 0 0
    outer loop
      vertex 30 1.2 42.5
      vertex 30 5.1303 45.0954
      vertex 30 7.2832 39.9803
    endloop
  endfacet
  facet normal -1 0 0
    outer loop
      vertex 30 1.2 42.5
      vertex 30 7.2832 39.9803
      vertex 30 2.68701 35.3841
    endloop
  endfacet
  facet normal -1 0 0
    outer loop
      vertex 30 1.2 36
      vertex 30 2.68701 35.3841
      vertex 30 2.61628 35.3069
    endloop
  endfacet
  facet normal -1 0 0
    outer loop
      vertex 30 1.19543 42.6046
      vertex 30 5.1303 45.0954
      vertex 30 1.2 42.5
    endloop
  endfacet
  facet normal -1 0 0
    outer loop
      vertex 30 1.90178 35.0784
      vertex 30 2.61628 35.3069
      vertex 30 2.55255 35.2238
    endloop
  endfacet
  facet normal -1 0 0
    outer loop
      vertex 30 1.90178 35.0784
      vertex 30 2.55255 35.2238
      vertex 30 2.4963 35.1355
    endloop
  endfacet
  facet normal -1 0 0
    outer loop
      vertex 30 1.90178 35.0784
      vertex 30 2.4963 35.1355
      vertex 30 2.44796 35.0427
    endloop
  endfacet
  facet normal -1 0 0
    outer loop
      vertex 30 2.25 34.8971
      vertex 30 2.44796 35.0427
      vertex 30 2.4079 34.946
    endloop
  endfacet
  facet normal -1 0 0
    outer loop
      vertex 30 2.25 34.8971
      vertex 30 2.4079 34.946
      vertex 30 2.37642 34.8461
    endloop
  endfacet
  facet normal -1 0 0
    outer loop
      vertex 30 2.25 34.8971
      vertex 30 2.37642 34.8461
      vertex 30 2.37068 34.8202
    endloop
  endfacet
  facet normal -1 -0 0
    outer loop
      vertex 30 2.44796 35.0427
      vertex 30 2.25 34.8971
      vertex 30 1.90178 35.0784
    endloop
  endfacet
  facet normal -1 -0 0
    outer loop
      vertex 30 2.61628 35.3069
      vertex 30 1.90178 35.0784
      vertex 30 1.2 36
    endloop
  endfacet
  facet normal -1 0 0
    outer loop
      vertex 30 1.2 36
      vertex 30 1.90178 35.0784
      vertex 30 1.53909 35.2286
    endloop
  endfacet
  facet normal -1 -0 0
    outer loop
      vertex 30 5.1303 45.0954
      vertex 30 1.19543 42.6046
      vertex 30 3.88229 45.4889
    endloop
  endfacet
  facet normal -1 0 0
    outer loop
      vertex 30 2.68701 35.3841
      vertex 30 1.2 36
      vertex 30 1.2 42.5
    endloop
  endfacet
  facet normal -1 0 0
    outer loop
      vertex 30 1.53909 35.2286
      vertex 30 1.19543 35.8954
      vertex 30 1.2 36
    endloop
  endfacet
  facet normal -1 0 0
    outer loop
      vertex 30 1.53909 35.2286
      vertex 30 1.18177 35.7916
      vertex 30 1.19543 35.8954
    endloop
  endfacet
  facet normal -1 0 0
    outer loop
      vertex 30 1.12763 35.5896
      vertex 30 1.53909 35.2286
      vertex 30 1.16469 35.3467
    endloop
  endfacet
  facet normal -1 0 0
    outer loop
      vertex 30 1.53909 35.2286
      vertex 30 1.15911 35.6894
      vertex 30 1.18177 35.7916
    endloop
  endfacet
  facet normal -1 0 0
    outer loop
      vertex 30 1.53909 35.2286
      vertex 30 1.12763 35.5896
      vertex 30 1.15911 35.6894
    endloop
  endfacet
  facet normal -1 0 0
    outer loop
      vertex 30 1.16469 35.3467
      vertex 30 1.08757 35.4929
      vertex 30 1.12763 35.5896
    endloop
  endfacet
  facet normal -1 0 0
    outer loop
      vertex 30 1.16469 35.3467
      vertex 30 1.03923 35.4
      vertex 30 1.08757 35.4929
    endloop
  endfacet
  facet normal -1 0 -0
    outer loop
      vertex 30 1.03923 35.4
      vertex 30 1.16469 35.3467
      vertex 30 1.02498 35.3776
    endloop
  endfacet
  facet normal -1 0 0
    outer loop
      vertex 30 1.90178 26.9216
      vertex 30 1.2 26
      vertex 30 1.53909 26.7714
    endloop
  endfacet
  facet normal -1 0 0
    outer loop
      vertex 30 1.19543 26.1046
      vertex 30 1.53909 26.7714
      vertex 30 1.2 26
    endloop
  endfacet
  facet normal -1 0 0
    outer loop
      vertex 30 1.18177 26.2084
      vertex 30 1.53909 26.7714
      vertex 30 1.19543 26.1046
    endloop
  endfacet
  facet normal -1 0 0
    outer loop
      vertex 30 1.15911 26.3106
      vertex 30 1.53909 26.7714
      vertex 30 1.18177 26.2084
    endloop
  endfacet
  facet normal -1 0 0
    outer loop
      vertex 30 1.12763 26.4104
      vertex 30 1.53909 26.7714
      vertex 30 1.15911 26.3106
    endloop
  endfacet
  facet normal -1 0 0
    outer loop
      vertex 30 1.53909 26.7714
      vertex 30 1.12763 26.4104
      vertex 30 1.16469 26.6533
    endloop
  endfacet
  facet normal -1 0 0
    outer loop
      vertex 30 1.08757 26.5071
      vertex 30 1.16469 26.6533
      vertex 30 1.12763 26.4104
    endloop
  endfacet
  facet normal -1 0 0
    outer loop
      vertex 30 1.03923 26.6
      vertex 30 1.16469 26.6533
      vertex 30 1.08757 26.5071
    endloop
  endfacet
  facet normal -1 0 0
    outer loop
      vertex 30 1.16469 26.6533
      vertex 30 1.03923 26.6
      vertex 30 1.02498 26.6224
    endloop
  endfacet
  facet normal -1 0 0
    outer loop
      vertex 30 1.18177 42.7084
      vertex 30 3.88229 45.4889
      vertex 30 1.19543 42.6046
    endloop
  endfacet
  facet normal -1 0 0
    outer loop
      vertex 30 1.15911 42.8106
      vertex 30 3.88229 45.4889
      vertex 30 1.18177 42.7084
    endloop
  endfacet
  facet normal -1 0 0
    outer loop
      vertex 30 1.12763 42.9104
      vertex 30 3.88229 45.4889
      vertex 30 1.15911 42.8106
    endloop
  endfacet
  facet normal -1 0 0
    outer loop
      vertex 30 1.08757 43.0071
      vertex 30 3.88229 45.4889
      vertex 30 1.12763 42.9104
    endloop
  endfacet
  facet normal -1 -0 0
    outer loop
      vertex 30 3.88229 45.4889
      vertex 30 1.08757 43.0071
      vertex 30 2.60472 45.7721
    endloop
  endfacet
  facet normal -1 0 0
    outer loop
      vertex 30 1.03923 43.1
      vertex 30 2.60472 45.7721
      vertex 30 1.08757 43.0071
    endloop
  endfacet
  facet normal -1 0 0
    outer loop
      vertex 30 0.982982 43.1883
      vertex 30 2.60472 45.7721
      vertex 30 1.03923 43.1
    endloop
  endfacet
  facet normal -1 0 0
    outer loop
      vertex 30 0.919252 43.2713
      vertex 30 2.60472 45.7721
      vertex 30 0.982982 43.1883
    endloop
  endfacet
  facet normal -1 0 0
    outer loop
      vertex 30 0.848528 43.3485
      vertex 30 2.60472 45.7721
      vertex 30 0.919252 43.2713
    endloop
  endfacet
  facet normal -1 0 0
    outer loop
      vertex 30 0.771344 43.4193
      vertex 30 2.60472 45.7721
      vertex 30 0.848528 43.3485
    endloop
  endfacet
  facet normal -1 -0 0
    outer loop
      vertex 30 2.60472 45.7721
      vertex 30 0.771344 43.4193
      vertex 30 1.30734 45.9429
    endloop
  endfacet
  facet normal -1 0 0
    outer loop
      vertex 30 0.688292 43.483
      vertex 30 1.30734 45.9429
      vertex 30 0.771344 43.4193
    endloop
  endfacet
  facet normal -1 0 0
    outer loop
      vertex 30 0.599999 43.5392
      vertex 30 1.30734 45.9429
      vertex 30 0.688292 43.483
    endloop
  endfacet
  facet normal -1 0 0
    outer loop
      vertex 30 0.507141 43.5876
      vertex 30 1.30734 45.9429
      vertex 30 0.599999 43.5392
    endloop
  endfacet
  facet normal -1 0 0
    outer loop
      vertex 30 0.410423 43.6276
      vertex 30 1.30734 45.9429
      vertex 30 0.507141 43.5876
    endloop
  endfacet
  facet normal -1 0 0
    outer loop
      vertex 30 0.310582 43.6591
      vertex 30 1.30734 45.9429
      vertex 30 0.410423 43.6276
    endloop
  endfacet
  facet normal -1 0 0
    outer loop
      vertex 30 0 46
      vertex 30 0.310582 43.6591
      vertex 30 0.208377 43.6818
    endloop
  endfacet
  facet normal -1 0 0
    outer loop
      vertex 30 0 46
      vertex 30 0.208377 43.6818
      vertex 30 0.104587 43.6954
    endloop
  endfacet
  facet normal -1 0 0
    outer loop
      vertex 30 0 46
      vertex 30 0.104587 43.6954
      vertex 30 0 43.7
    endloop
  endfacet
  facet normal -1 0 0
    outer loop
      vertex 30 0.310582 43.6591
      vertex 30 0 46
      vertex 30 1.30734 45.9429
    endloop
  endfacet
  facet normal -1 0 0
    outer loop
      vertex 30 -0.104587 43.6954
      vertex 30 0 46
      vertex 30 0 43.7
    endloop
  endfacet
  facet normal -1 0 0
    outer loop
      vertex 30 -0.208377 43.6818
      vertex 30 0 46
      vertex 30 -0.104587 43.6954
    endloop
  endfacet
  facet normal -1 0 0
    outer loop
      vertex 30 -0.310582 43.6591
      vertex 30 0 46
      vertex 30 -0.208377 43.6818
    endloop
  endfacet
  facet normal -1 0 0
    outer loop
      vertex 30 -1.30734 45.9429
      vertex 30 -0.310582 43.6591
      vertex 30 -0.410423 43.6276
    endloop
  endfacet
  facet normal -1 0 0
    outer loop
      vertex 30 -1.30734 45.9429
      vertex 30 -0.410423 43.6276
      vertex 30 -0.507141 43.5876
    endloop
  endfacet
  facet normal -1 0 0
    outer loop
      vertex 30 -1.30734 45.9429
      vertex 30 -0.507141 43.5876
      vertex 30 -0.599999 43.5392
    endloop
  endfacet
  facet normal -1 0 0
    outer loop
      vertex 30 -1.30734 45.9429
      vertex 30 -0.599999 43.5392
      vertex 30 -0.688292 43.483
    endloop
  endfacet
  facet normal -1 0 0
    outer loop
      vertex 30 -1.30734 45.9429
      vertex 30 -0.688292 43.483
      vertex 30 -0.771344 43.4193
    endloop
  endfacet
  facet normal -1 0 0
    outer loop
      vertex 30 -1.30734 45.9429
      vertex 30 -0.771344 43.4193
      vertex 30 -0.848528 43.3485
    endloop
  endfacet
  facet normal -1 0 0
    outer loop
      vertex 30 -1.30734 45.9429
      vertex 30 -0.848528 43.3485
      vertex 30 -0.919252 43.2713
    endloop
  endfacet
  facet normal -1 0 0
    outer loop
      vertex 30 -1.30734 45.9429
      vertex 30 -0.919252 43.2713
      vertex 30 -0.982982 43.1883
    endloop
  endfacet
  facet normal -1 0 0
    outer loop
      vertex 30 -1.30734 45.9429
      vertex 30 -0.982982 43.1883
      vertex 30 -1.03923 43.1
    endloop
  endfacet
  facet normal -1 0 0
    outer loop
      vertex 30 -1.30734 45.9429
      vertex 30 -1.03923 43.1
      vertex 30 -1.08757 43.0071
    endloop
  endfacet
  facet normal -1 0 0
    outer loop
      vertex 30 -1.30734 45.9429
      vertex 30 -1.08757 43.0071
      vertex 30 -1.12763 42.9104
    endloop
  endfacet
  facet normal -1 0 0
    outer loop
      vertex 30 -0.310582 43.6591
      vertex 30 -1.30734 45.9429
      vertex 30 0 46
    endloop
  endfacet
  facet normal -1 0 0
    outer loop
      vertex 30 -1.15911 42.8106
      vertex 30 -1.30734 45.9429
      vertex 30 -1.12763 42.9104
    endloop
  endfacet
  facet normal -1 0 0
    outer loop
      vertex 30 -1.18177 42.7084
      vertex 30 -1.30734 45.9429
      vertex 30 -1.15911 42.8106
    endloop
  endfacet
  facet normal -1 0 0
    outer loop
      vertex 30 -1.19543 42.6046
      vertex 30 -1.30734 45.9429
      vertex 30 -1.18177 42.7084
    endloop
  endfacet
  facet normal -1 0 0
    outer loop
      vertex 30 -1.30734 45.9429
      vertex 30 -1.19543 42.6046
      vertex 30 -1.2 42.5
    endloop
  endfacet
  facet normal -1 0 0
    outer loop
      vertex 30 -1.03923 26.6
      vertex 30 -1.16469 26.6533
      vertex 30 -1.02498 26.6224
    endloop
  endfacet
  facet normal -1 0 0
    outer loop
      vertex 30 -1.08757 26.5071
      vertex 30 -1.16469 26.6533
      vertex 30 -1.03923 26.6
    endloop
  endfacet
  facet normal -1 0 0
    outer loop
      vertex 30 -1.12763 26.4104
      vertex 30 -1.16469 26.6533
      vertex 30 -1.08757 26.5071
    endloop
  endfacet
  facet normal -1 0 0
    outer loop
      vertex 30 -1.53909 26.7714
      vertex 30 -1.12763 26.4104
      vertex 30 -1.15911 26.3106
    endloop
  endfacet
  facet normal -1 0 0
    outer loop
      vertex 30 -1.53909 26.7714
      vertex 30 -1.15911 26.3106
      vertex 30 -1.18177 26.2084
    endloop
  endfacet
  facet normal -1 0 0
    outer loop
      vertex 30 -1.53909 26.7714
      vertex 30 -1.18177 26.2084
      vertex 30 -1.19543 26.1046
    endloop
  endfacet
  facet normal -1 0 0
    outer loop
      vertex 30 -1.12763 26.4104
      vertex 30 -1.53909 26.7714
      vertex 30 -1.16469 26.6533
    endloop
  endfacet
  facet normal -1 0 0
    outer loop
      vertex 30 -1.53909 26.7714
      vertex 30 -1.19543 26.1046
      vertex 30 -1.2 26
    endloop
  endfacet
  facet normal -1 0 0
    outer loop
      vertex 30 -3.84612 28.6236
      vertex 30 -3.89711 28.75
      vertex 30 -3.82023 28.6293
    endloop
  endfacet
  facet normal -1 0 0
    outer loop
      vertex 30 -3.94596 28.5921
      vertex 30 -3.89711 28.75
      vertex 30 -3.84612 28.6236
    endloop
  endfacet
  facet normal -1 0 0
    outer loop
      vertex 30 -4.04268 28.552
      vertex 30 -3.89711 28.75
      vertex 30 -3.94596 28.5921
    endloop
  endfacet
  facet normal -1 0 0
    outer loop
      vertex 30 -4.04268 28.552
      vertex 30 -4.07838 29.0982
      vertex 30 -3.89711 28.75
    endloop
  endfacet
  facet normal -1 0 0
    outer loop
      vertex 30 -4.13553 28.5037
      vertex 30 -4.07838 29.0982
      vertex 30 -4.04268 28.552
    endloop
  endfacet
  facet normal -1 0 0
    outer loop
      vertex 30 -4.22383 28.4474
      vertex 30 -4.07838 29.0982
      vertex 30 -4.13553 28.5037
    endloop
  endfacet
  facet normal -1 0 0
    outer loop
      vertex 30 -4.30688 28.3837
      vertex 30 -4.07838 29.0982
      vertex 30 -4.22383 28.4474
    endloop
  endfacet
  facet normal -1 -0 0
    outer loop
      vertex 30 -4.07838 29.0982
      vertex 30 -4.30688 28.3837
      vertex 30 -4.22862 29.4609
    endloop
  endfacet
  facet normal -1 0 0
    outer loop
      vertex 30 -4.89541 29.8046
      vertex 30 -4.22862 29.4609
      vertex 30 -4.30688 28.3837
    endloop
  endfacet
  facet normal -1 0 -0
    outer loop
      vertex 30 -4.58958 29.8724
      vertex 30 -4.22862 29.4609
      vertex 30 -4.68942 29.8409
    endloop
  endfacet
  facet normal -1 0 0
    outer loop
      vertex 30 -4.89541 29.8046
      vertex 30 -4.30688 28.3837
      vertex 30 -4.38406 28.313
    endloop
  endfacet
  facet normal -1 0 0
    outer loop
      vertex 30 -4.34667 29.8353
      vertex 30 -4.4 29.9608
      vertex 30 -4.37764 29.975
    endloop
  endfacet
  facet normal -1 0 0
    outer loop
      vertex 30 -4.34667 29.8353
      vertex 30 -4.49286 29.9124
      vertex 30 -4.4 29.9608
    endloop
  endfacet
  facet normal -1 0 0
    outer loop
      vertex 30 -4.34667 29.8353
      vertex 30 -4.58958 29.8724
      vertex 30 -4.49286 29.9124
    endloop
  endfacet
  facet normal -1 0 0
    outer loop
      vertex 30 -4.22862 29.4609
      vertex 30 -4.58958 29.8724
      vertex 30 -4.34667 29.8353
    endloop
  endfacet
  facet normal -1 0 0
    outer loop
      vertex 30 -4.22862 29.4609
      vertex 30 -4.79162 29.8182
      vertex 30 -4.68942 29.8409
    endloop
  endfacet
  facet normal -1 0 0
    outer loop
      vertex 30 -4.22862 29.4609
      vertex 30 -4.89541 29.8046
      vertex 30 -4.79162 29.8182
    endloop
  endfacet
  facet normal -1 0 0
    outer loop
      vertex 30 -4.38406 28.313
      vertex 30 -5 29.8
      vertex 30 -4.89541 29.8046
    endloop
  endfacet
  facet normal -1 0 0
    outer loop
      vertex 30 -8.98026 23.7168
      vertex 30 -5 29.8
      vertex 30 -4.38406 28.313
    endloop
  endfacet
  facet normal -1 0 0
    outer loop
      vertex 30 -11.5 29.8
      vertex 30 -8.98026 23.7168
      vertex 30 -9.05098 23.6396
    endloop
  endfacet
  facet normal -1 0 0
    outer loop
      vertex 30 -11.5 29.8
      vertex 30 -9.05098 23.6396
      vertex 30 -9.11471 23.5566
    endloop
  endfacet
  facet normal -1 0 0
    outer loop
      vertex 30 -8.98026 23.7168
      vertex 30 -11.5 29.8
      vertex 30 -5 29.8
    endloop
  endfacet
  facet normal -1 0 0
    outer loop
      vertex 30 -9.17096 23.4683
      vertex 30 -11.5 29.8
      vertex 30 -9.11471 23.5566
    endloop
  endfacet
  facet normal -1 0 0
    outer loop
      vertex 30 -9.2193 23.3754
      vertex 30 -11.5 29.8
      vertex 30 -9.17096 23.4683
    endloop
  endfacet
  facet normal -1 0 0
    outer loop
      vertex 30 -9.25936 23.2787
      vertex 30 -11.5 29.8
      vertex 30 -9.2193 23.3754
    endloop
  endfacet
  facet normal -1 0 0
    outer loop
      vertex 30 -9.29084 23.1789
      vertex 30 -11.5 29.8
      vertex 30 -9.25936 23.2787
    endloop
  endfacet
  facet normal -1 0 0
    outer loop
      vertex 30 -9.3135 23.0767
      vertex 30 -11.5 29.8
      vertex 30 -9.29084 23.1789
    endloop
  endfacet
  facet normal -1 0 0
    outer loop
      vertex 30 -9.32716 22.9729
      vertex 30 -11.5 29.8
      vertex 30 -9.3135 23.0767
    endloop
  endfacet
  facet normal -1 0 0
    outer loop
      vertex 30 -11.5 29.8
      vertex 30 -9.32716 22.9729
      vertex 30 -9.33173 22.8683
    endloop
  endfacet
  facet normal 0 -0.382702 0.923872
    outer loop
      vertex 30 -5.1303 45.0954
      vertex 35 -6.33927 44.5946
      vertex 35 -5.1303 45.0954
    endloop
  endfacet
  facet normal 0 -0.382702 0.923872
    outer loop
      vertex 35 -6.33927 44.5946
      vertex 30 -5.1303 45.0954
      vertex 30 -6.33927 44.5946
    endloop
  endfacet
  facet normal 0 -0.537298 0.843392
    outer loop
      vertex 30 -7.5 43.9904
      vertex 35 -8.60365 43.2873
      vertex 35 -7.5 43.9904
    endloop
  endfacet
  facet normal 0 -0.537298 0.843392
    outer loop
      vertex 35 -8.60365 43.2873
      vertex 30 -7.5 43.9904
      vertex 30 -8.60365 43.2873
    endloop
  endfacet
  facet normal -0 0.382702 0.923872
    outer loop
      vertex 30 6.33927 44.5946
      vertex 35 5.1303 45.0954
      vertex 35 6.33927 44.5946
    endloop
  endfacet
  facet normal 0 0.382702 0.923872
    outer loop
      vertex 35 5.1303 45.0954
      vertex 30 6.33927 44.5946
      vertex 30 5.1303 45.0954
    endloop
  endfacet
  facet normal 0 0.737268 0.6756
    outer loop
      vertex 35 11.4907 40.6418
      vertex 30 10.6066 41.6066
      vertex 35 10.6066 41.6066
    endloop
  endfacet
  facet normal 0 0.737268 0.6756
    outer loop
      vertex 30 10.6066 41.6066
      vertex 35 11.4907 40.6418
      vertex 30 11.4907 40.6418
    endloop
  endfacet
  facet normal 0 -0.130524 0.991445
    outer loop
      vertex 30 -1.30734 45.9429
      vertex 35 -2.60472 45.7721
      vertex 35 -1.30734 45.9429
    endloop
  endfacet
  facet normal 0 -0.130524 0.991445
    outer loop
      vertex 35 -2.60472 45.7721
      vertex 30 -1.30734 45.9429
      vertex 30 -2.60472 45.7721
    endloop
  endfacet
  facet normal -0 0.216417 0.976301
    outer loop
      vertex 30 3.88229 45.4889
      vertex 35 2.60472 45.7721
      vertex 35 3.88229 45.4889
    endloop
  endfacet
  facet normal 0 0.216417 0.976301
    outer loop
      vertex 35 2.60472 45.7721
      vertex 30 3.88229 45.4889
      vertex 30 2.60472 45.7721
    endloop
  endfacet
  facet normal 0 -0.843381 0.537316
    outer loop
      vertex 30 -12.9904 38.5
      vertex 35 -12.2873 39.6036
      vertex 30 -12.2873 39.6036
    endloop
  endfacet
  facet normal 0 -0.843381 0.537316
    outer loop
      vertex 35 -12.2873 39.6036
      vertex 30 -12.9904 38.5
      vertex 35 -12.9904 38.5
    endloop
  endfacet
  facet normal 0 0.969832 0.243773
    outer loop
      vertex 35 22 5
      vertex 30 14.4889 34.8823
      vertex 35 14.4889 34.8823
    endloop
  endfacet
  facet normal 0 0.969832 0.243773
    outer loop
      vertex 30 14.4889 34.8823
      vertex 35 22 5
      vertex 30 22 5
    endloop
  endfacet
  facet normal 0 -0.216417 0.976301
    outer loop
      vertex 30 -2.60472 45.7721
      vertex 35 -3.88229 45.4889
      vertex 35 -2.60472 45.7721
    endloop
  endfacet
  facet normal 0 -0.216417 0.976301
    outer loop
      vertex 35 -3.88229 45.4889
      vertex 30 -2.60472 45.7721
      vertex 30 -3.88229 45.4889
    endloop
  endfacet
  facet normal 0 -0.300709 0.953716
    outer loop
      vertex 30 -3.88229 45.4889
      vertex 35 -5.1303 45.0954
      vertex 35 -3.88229 45.4889
    endloop
  endfacet
  facet normal 0 -0.300709 0.953716
    outer loop
      vertex 35 -5.1303 45.0954
      vertex 30 -3.88229 45.4889
      vertex 30 -5.1303 45.0954
    endloop
  endfacet
  facet normal 0 -0.887018 0.461735
    outer loop
      vertex 30 -13.5946 37.3393
      vertex 35 -12.9904 38.5
      vertex 30 -12.9904 38.5
    endloop
  endfacet
  facet normal 0 -0.887018 0.461735
    outer loop
      vertex 35 -12.9904 38.5
      vertex 30 -13.5946 37.3393
      vertex 35 -13.5946 37.3393
    endloop
  endfacet
  facet normal 0 0.887018 0.461735
    outer loop
      vertex 35 13.5946 37.3393
      vertex 30 12.9904 38.5
      vertex 35 12.9904 38.5
    endloop
  endfacet
  facet normal 0 0.887018 0.461735
    outer loop
      vertex 30 12.9904 38.5
      vertex 35 13.5946 37.3393
      vertex 30 13.5946 37.3393
    endloop
  endfacet
  facet normal -0 0.675604 0.737265
    outer loop
      vertex 30 10.6066 41.6066
      vertex 35 9.64181 42.4907
      vertex 35 10.6066 41.6066
    endloop
  endfacet
  facet normal 0 0.675604 0.737265
    outer loop
      vertex 35 9.64181 42.4907
      vertex 30 10.6066 41.6066
      vertex 30 9.64181 42.4907
    endloop
  endfacet
  facet normal -0 0.537298 0.843392
    outer loop
      vertex 30 8.60365 43.2873
      vertex 35 7.5 43.9904
      vertex 35 8.60365 43.2873
    endloop
  endfacet
  facet normal 0 0.537298 0.843392
    outer loop
      vertex 35 7.5 43.9904
      vertex 30 8.60365 43.2873
      vertex 30 7.5 43.9904
    endloop
  endfacet
  facet normal -0 0.130524 0.991445
    outer loop
      vertex 30 2.60472 45.7721
      vertex 35 1.30734 45.9429
      vertex 35 2.60472 45.7721
    endloop
  endfacet
  facet normal 0 0.130524 0.991445
    outer loop
      vertex 35 1.30734 45.9429
      vertex 30 2.60472 45.7721
      vertex 30 1.30734 45.9429
    endloop
  endfacet
  facet normal -0 0.461726 0.887023
    outer loop
      vertex 30 7.5 43.9904
      vertex 35 6.33927 44.5946
      vertex 35 7.5 43.9904
    endloop
  endfacet
  facet normal 0 0.461726 0.887023
    outer loop
      vertex 35 6.33927 44.5946
      vertex 30 7.5 43.9904
      vertex 30 6.33927 44.5946
    endloop
  endfacet
  facet normal 0 0.793368 0.608743
    outer loop
      vertex 35 12.2873 39.6036
      vertex 30 11.4907 40.6418
      vertex 35 11.4907 40.6418
    endloop
  endfacet
  facet normal 0 0.793368 0.608743
    outer loop
      vertex 30 11.4907 40.6418
      vertex 35 12.2873 39.6036
      vertex 30 12.2873 39.6036
    endloop
  endfacet
  facet normal 0 -0.675604 0.737265
    outer loop
      vertex 30 -9.64181 42.4907
      vertex 35 -10.6066 41.6066
      vertex 35 -9.64181 42.4907
    endloop
  endfacet
  facet normal 0 -0.675604 0.737265
    outer loop
      vertex 35 -10.6066 41.6066
      vertex 30 -9.64181 42.4907
      vertex 30 -10.6066 41.6066
    endloop
  endfacet
  facet normal 0 -0.923875 0.382694
    outer loop
      vertex 30 -14.0954 36.1303
      vertex 35 -13.5946 37.3393
      vertex 30 -13.5946 37.3393
    endloop
  endfacet
  facet normal 0 -0.923875 0.382694
    outer loop
      vertex 35 -13.5946 37.3393
      vertex 30 -14.0954 36.1303
      vertex 35 -14.0954 36.1303
    endloop
  endfacet
  facet normal -0 0.608757 0.793356
    outer loop
      vertex 30 9.64181 42.4907
      vertex 35 8.60365 43.2873
      vertex 35 9.64181 42.4907
    endloop
  endfacet
  facet normal 0 0.608757 0.793356
    outer loop
      vertex 35 8.60365 43.2873
      vertex 30 9.64181 42.4907
      vertex 30 8.60365 43.2873
    endloop
  endfacet
  facet normal 0 -0.737268 0.6756
    outer loop
      vertex 30 -11.4907 40.6418
      vertex 35 -10.6066 41.6066
      vertex 30 -10.6066 41.6066
    endloop
  endfacet
  facet normal 0 -0.737268 0.6756
    outer loop
      vertex 35 -10.6066 41.6066
      vertex 30 -11.4907 40.6418
      vertex 35 -11.4907 40.6418
    endloop
  endfacet
  facet normal -0 0.0436349 0.999048
    outer loop
      vertex 30 1.30734 45.9429
      vertex 35 0 46
      vertex 35 1.30734 45.9429
    endloop
  endfacet
  facet normal 0 0.0436349 0.999048
    outer loop
      vertex 35 0 46
      vertex 30 1.30734 45.9429
      vertex 30 0 46
    endloop
  endfacet
  facet normal 0 -0.793368 0.608743
    outer loop
      vertex 30 -12.2873 39.6036
      vertex 35 -11.4907 40.6418
      vertex 30 -11.4907 40.6418
    endloop
  endfacet
  facet normal 0 -0.793368 0.608743
    outer loop
      vertex 35 -11.4907 40.6418
      vertex 30 -12.2873 39.6036
      vertex 35 -12.2873 39.6036
    endloop
  endfacet
  facet normal 0 0.843381 0.537316
    outer loop
      vertex 35 12.9904 38.5
      vertex 30 12.2873 39.6036
      vertex 35 12.2873 39.6036
    endloop
  endfacet
  facet normal 0 0.843381 0.537316
    outer loop
      vertex 30 12.2873 39.6036
      vertex 35 12.9904 38.5
      vertex 30 12.9904 38.5
    endloop
  endfacet
  facet normal -0 0 1
    outer loop
      vertex 3.88229 8.48889 5
      vertex 10 8 5
      vertex 10 42 5
    endloop
  endfacet
  facet normal 0 0 1
    outer loop
      vertex 10 8 5
      vertex 8.60365 6.28728 5
      vertex 9.64181 5.49067 5
    endloop
  endfacet
  facet normal 0 0 1
    outer loop
      vertex 10 8 5
      vertex 7.5 6.99038 5
      vertex 8.60365 6.28728 5
    endloop
  endfacet
  facet normal 0 0 1
    outer loop
      vertex 10 8 5
      vertex 6.33927 7.59462 5
      vertex 7.5 6.99038 5
    endloop
  endfacet
  facet normal 0 0 1
    outer loop
      vertex 10 8 5
      vertex 5.1303 8.09539 5
      vertex 6.33927 7.59462 5
    endloop
  endfacet
  facet normal 0 0 1
    outer loop
      vertex 10 8 5
      vertex 3.88229 8.48889 5
      vertex 5.1303 8.09539 5
    endloop
  endfacet
  facet normal 0 0 1
    outer loop
      vertex 10 42 5
      vertex 2.60472 8.77212 5
      vertex 3.88229 8.48889 5
    endloop
  endfacet
  facet normal 0 0 1
    outer loop
      vertex 10 42 5
      vertex 1.30734 8.94292 5
      vertex 2.60472 8.77212 5
    endloop
  endfacet
  facet normal 0 0 1
    outer loop
      vertex 10 42 5
      vertex 0 9 5
      vertex 1.30734 8.94292 5
    endloop
  endfacet
  facet normal 0 0 1
    outer loop
      vertex 10 42 5
      vertex -1.30734 8.94292 5
      vertex 0 9 5
    endloop
  endfacet
  facet normal -0 0 1
    outer loop
      vertex -19.9319 24.3647 5
      vertex -1.30734 8.94292 5
      vertex 10 42 5
    endloop
  endfacet
  facet normal -0 -0 1
    outer loop
      vertex -19.908 24.183 5
      vertex -1.30734 8.94292 5
      vertex -19.9319 24.3647 5
    endloop
  endfacet
  facet normal -0 -0 1
    outer loop
      vertex -19.9 24 5
      vertex -1.30734 8.94292 5
      vertex -19.908 24.183 5
    endloop
  endfacet
  facet normal 0 0 1
    outer loop
      vertex -2.60472 8.77212 5
      vertex -19.9 24 5
      vertex -3.88229 8.48889 5
    endloop
  endfacet
  facet normal 0 0 1
    outer loop
      vertex -3.88229 8.48889 5
      vertex -19.9 24 5
      vertex -5.1303 8.09539 5
    endloop
  endfacet
  facet normal 0 0 1
    outer loop
      vertex -5.1303 8.09539 5
      vertex -19.9 24 5
      vertex -6.33927 7.59462 5
    endloop
  endfacet
  facet normal 0 0 1
    outer loop
      vertex -7.5 6.99038 5
      vertex -19.9 24 5
      vertex -8.60365 6.28728 5
    endloop
  endfacet
  facet normal 0 0 1
    outer loop
      vertex -8.60365 6.28728 5
      vertex -19.9 24 5
      vertex -9.64181 5.49067 5
    endloop
  endfacet
  facet normal 0 0 1
    outer loop
      vertex -9.64181 5.49067 5
      vertex -19.9 24 5
      vertex -10.6066 4.6066 5
    endloop
  endfacet
  facet normal 0 0 1
    outer loop
      vertex -10.6066 4.6066 5
      vertex -19.9 24 5
      vertex -11.4907 3.64181 5
    endloop
  endfacet
  facet normal 0 0 1
    outer loop
      vertex -11.4907 3.64181 5
      vertex -19.9 24 5
      vertex -12.2873 2.60365 5
    endloop
  endfacet
  facet normal 0 0 1
    outer loop
      vertex -19.9 -24 5
      vertex -14.9429 -4.69266 5
      vertex -19.9 24 5
    endloop
  endfacet
  facet normal 0 0 1
    outer loop
      vertex -14.7721 -3.39528 5
      vertex -19.9 24 5
      vertex -14.9429 -4.69266 5
    endloop
  endfacet
  facet normal 0 0 1
    outer loop
      vertex -14.4889 -2.11771 5
      vertex -19.9 24 5
      vertex -14.7721 -3.39528 5
    endloop
  endfacet
  facet normal 0 0 1
    outer loop
      vertex -14.0954 -0.869698 5
      vertex -19.9 24 5
      vertex -14.4889 -2.11771 5
    endloop
  endfacet
  facet normal 0 0 1
    outer loop
      vertex -13.5946 0.339273 5
      vertex -19.9 24 5
      vertex -14.0954 -0.869698 5
    endloop
  endfacet
  facet normal 0 0 1
    outer loop
      vertex -12.9904 1.5 5
      vertex -19.9 24 5
      vertex -13.5946 0.339273 5
    endloop
  endfacet
  facet normal 0 0 1
    outer loop
      vertex -12.2873 2.60365 5
      vertex -19.9 24 5
      vertex -12.9904 1.5 5
    endloop
  endfacet
  facet normal 0 0 1
    outer loop
      vertex -6.33927 7.59462 5
      vertex -19.9 24 5
      vertex -7.5 6.99038 5
    endloop
  endfacet
  facet normal 0 0 1
    outer loop
      vertex -1.30734 8.94292 5
      vertex -19.9 24 5
      vertex -2.60472 8.77212 5
    endloop
  endfacet
  facet normal 0 0 1
    outer loop
      vertex 10 42 5
      vertex -19.9716 24.5435 5
      vertex -19.9319 24.3647 5
    endloop
  endfacet
  facet normal 0 0 1
    outer loop
      vertex 10 42 5
      vertex -20.0266 24.7182 5
      vertex -19.9716 24.5435 5
    endloop
  endfacet
  facet normal 0 0 1
    outer loop
      vertex 10 42 5
      vertex -20.0968 24.8875 5
      vertex -20.0266 24.7182 5
    endloop
  endfacet
  facet normal 0 0 1
    outer loop
      vertex 10 42 5
      vertex -20.1813 25.05 5
      vertex -20.0968 24.8875 5
    endloop
  endfacet
  facet normal 0 0 1
    outer loop
      vertex 10 42 5
      vertex -20.2798 25.2045 5
      vertex -20.1813 25.05 5
    endloop
  endfacet
  facet normal 0 0 1
    outer loop
      vertex 10 42 5
      vertex -20.3913 25.3499 5
      vertex -20.2798 25.2045 5
    endloop
  endfacet
  facet normal 0 0 1
    outer loop
      vertex 10 42 5
      vertex -20.5151 25.4849 5
      vertex -20.3913 25.3499 5
    endloop
  endfacet
  facet normal 0 0 1
    outer loop
      vertex 10 42 5
      vertex -20.6501 25.6087 5
      vertex -20.5151 25.4849 5
    endloop
  endfacet
  facet normal 0 0 1
    outer loop
      vertex 10 42 5
      vertex -20.7955 25.7202 5
      vertex -20.6501 25.6087 5
    endloop
  endfacet
  facet normal 0 0 1
    outer loop
      vertex 10 42 5
      vertex -20.95 25.8187 5
      vertex -20.7955 25.7202 5
    endloop
  endfacet
  facet normal 0 0 1
    outer loop
      vertex 10 42 5
      vertex -21.1125 25.9032 5
      vertex -20.95 25.8187 5
    endloop
  endfacet
  facet normal 0 0 1
    outer loop
      vertex 10 42 5
      vertex -21.2818 25.9734 5
      vertex -21.1125 25.9032 5
    endloop
  endfacet
  facet normal -0 0 1
    outer loop
      vertex -35 42 5
      vertex -21.2818 25.9734 5
      vertex 10 42 5
    endloop
  endfacet
  facet normal 0 0 1
    outer loop
      vertex -21.2818 25.9734 5
      vertex -35 42 5
      vertex -21.4565 26.0284 5
    endloop
  endfacet
  facet normal 0 0 1
    outer loop
      vertex -21.4565 26.0284 5
      vertex -35 42 5
      vertex -21.6353 26.0681 5
    endloop
  endfacet
  facet normal 0 0 1
    outer loop
      vertex -21.6353 26.0681 5
      vertex -35 42 5
      vertex -21.817 26.092 5
    endloop
  endfacet
  facet normal 0 0 1
    outer loop
      vertex -21.817 26.092 5
      vertex -35 42 5
      vertex -22 26.1 5
    endloop
  endfacet
  facet normal 0 0 1
    outer loop
      vertex -22 26.1 5
      vertex -35 42 5
      vertex -22.183 26.092 5
    endloop
  endfacet
  facet normal 0 0 1
    outer loop
      vertex -22.183 26.092 5
      vertex -35 42 5
      vertex -22.3647 26.0681 5
    endloop
  endfacet
  facet normal 0 0 1
    outer loop
      vertex -22.3647 26.0681 5
      vertex -35 42 5
      vertex -22.5435 26.0284 5
    endloop
  endfacet
  facet normal 0 0 1
    outer loop
      vertex -22.5435 26.0284 5
      vertex -35 42 5
      vertex -22.7182 25.9734 5
    endloop
  endfacet
  facet normal 0 0 1
    outer loop
      vertex -24.1 24 5
      vertex -30 22 5
      vertex -24.1 -24 5
    endloop
  endfacet
  facet normal 0 0 1
    outer loop
      vertex -24.092 24.183 5
      vertex -30 22 5
      vertex -24.1 24 5
    endloop
  endfacet
  facet normal 0 0 1
    outer loop
      vertex -24.0681 24.3647 5
      vertex -30 22 5
      vertex -24.092 24.183 5
    endloop
  endfacet
  facet normal 0 0 1
    outer loop
      vertex -24.0284 24.5435 5
      vertex -30 22 5
      vertex -24.0681 24.3647 5
    endloop
  endfacet
  facet normal 0 0 1
    outer loop
      vertex -23.9734 24.7182 5
      vertex -30 22 5
      vertex -24.0284 24.5435 5
    endloop
  endfacet
  facet normal 0 0 1
    outer loop
      vertex -23.9032 24.8875 5
      vertex -30 22 5
      vertex -23.9734 24.7182 5
    endloop
  endfacet
  facet normal 0 0 1
    outer loop
      vertex -23.8187 25.05 5
      vertex -30 22 5
      vertex -23.9032 24.8875 5
    endloop
  endfacet
  facet normal 0 0 1
    outer loop
      vertex -23.7202 25.2045 5
      vertex -30 22 5
      vertex -23.8187 25.05 5
    endloop
  endfacet
  facet normal 0 0 1
    outer loop
      vertex -23.6087 25.3499 5
      vertex -30 22 5
      vertex -23.7202 25.2045 5
    endloop
  endfacet
  facet normal 0 0 1
    outer loop
      vertex -35 42 5
      vertex -23.6087 25.3499 5
      vertex -23.4849 25.4849 5
    endloop
  endfacet
  facet normal 0 0 1
    outer loop
      vertex -35 42 5
      vertex -23.4849 25.4849 5
      vertex -23.3499 25.6087 5
    endloop
  endfacet
  facet normal 0 0 1
    outer loop
      vertex -35 42 5
      vertex -23.3499 25.6087 5
      vertex -23.2045 25.7202 5
    endloop
  endfacet
  facet normal 0 0 1
    outer loop
      vertex -35 42 5
      vertex -23.2045 25.7202 5
      vertex -23.05 25.8187 5
    endloop
  endfacet
  facet normal 0 0 1
    outer loop
      vertex -22.7182 25.9734 5
      vertex -35 42 5
      vertex -22.8875 25.9032 5
    endloop
  endfacet
  facet normal 0 0 1
    outer loop
      vertex -35 42 5
      vertex -23.05 25.8187 5
      vertex -22.8875 25.9032 5
    endloop
  endfacet
  facet normal 0 0 1
    outer loop
      vertex -23.6087 25.3499 5
      vertex -35 42 5
      vertex -30 22 5
    endloop
  endfacet
  facet normal 0 0 1
    outer loop
      vertex -30 22 5
      vertex -35 42 5
      vertex -35 22 5
    endloop
  endfacet
  facet normal 0 0 1
    outer loop
      vertex 19.9 8 5
      vertex 15 -6 5
      vertex 19.9 -24 5
    endloop
  endfacet
  facet normal 0 0 1
    outer loop
      vertex 19.9 8 5
      vertex 14.9429 -4.69266 5
      vertex 15 -6 5
    endloop
  endfacet
  facet normal 0 0 1
    outer loop
      vertex 19.9 8 5
      vertex 14.7721 -3.39528 5
      vertex 14.9429 -4.69266 5
    endloop
  endfacet
  facet normal 0 0 1
    outer loop
      vertex 19.9 8 5
      vertex 14.4889 -2.11771 5
      vertex 14.7721 -3.39528 5
    endloop
  endfacet
  facet normal 0 0 1
    outer loop
      vertex 19.9 8 5
      vertex 14.0954 -0.869698 5
      vertex 14.4889 -2.11771 5
    endloop
  endfacet
  facet normal 0 0 1
    outer loop
      vertex 19.9 8 5
      vertex 13.5946 0.339273 5
      vertex 14.0954 -0.869698 5
    endloop
  endfacet
  facet normal 0 0 1
    outer loop
      vertex 19.9 8 5
      vertex 12.9904 1.5 5
      vertex 13.5946 0.339273 5
    endloop
  endfacet
  facet normal 0 0 1
    outer loop
      vertex 19.9 8 5
      vertex 12.2873 2.60365 5
      vertex 12.9904 1.5 5
    endloop
  endfacet
  facet normal 0 0 1
    outer loop
      vertex 19.9 8 5
      vertex 11.4907 3.64181 5
      vertex 12.2873 2.60365 5
    endloop
  endfacet
  facet normal -0 0 1
    outer loop
      vertex 10 8 5
      vertex 11.4907 3.64181 5
      vertex 19.9 8 5
    endloop
  endfacet
  facet normal 0 0 1
    outer loop
      vertex 11.4907 3.64181 5
      vertex 10 8 5
      vertex 10.6066 4.6066 5
    endloop
  endfacet
  facet normal 0 0 1
    outer loop
      vertex 10.6066 4.6066 5
      vertex 10 8 5
      vertex 9.64181 5.49067 5
    endloop
  endfacet
  facet normal 0 0 1
    outer loop
      vertex 35 42 5
      vertex 30 22 5
      vertex 35 22 5
    endloop
  endfacet
  facet normal 0 0 1
    outer loop
      vertex 30 22 5
      vertex 24.1 24 5
      vertex 30 -22 5
    endloop
  endfacet
  facet normal -0 0 1
    outer loop
      vertex 24 24.6337 5
      vertex 30 22 5
      vertex 35 42 5
    endloop
  endfacet
  facet normal 0 0 1
    outer loop
      vertex 30 22 5
      vertex 24.092 24.183 5
      vertex 24.1 24 5
    endloop
  endfacet
  facet normal 0 0 1
    outer loop
      vertex 30 22 5
      vertex 24.0681 24.3647 5
      vertex 24.092 24.183 5
    endloop
  endfacet
  facet normal 0 0 1
    outer loop
      vertex 30 22 5
      vertex 24.0284 24.5435 5
      vertex 24.0681 24.3647 5
    endloop
  endfacet
  facet normal 0 0 1
    outer loop
      vertex 24 24.6337 5
      vertex 35 42 5
      vertex 24 42 5
    endloop
  endfacet
  facet normal 0 0 1
    outer loop
      vertex 30 22 5
      vertex 24 24.6337 5
      vertex 24.0284 24.5435 5
    endloop
  endfacet
  facet normal -0 0 1
    outer loop
      vertex 30 -22 5
      vertex 35 -42 5
      vertex 35 -22 5
    endloop
  endfacet
  facet normal 0 0 1
    outer loop
      vertex 24.1 -24 5
      vertex 30 -22 5
      vertex 24.1 24 5
    endloop
  endfacet
  facet normal 0 0 1
    outer loop
      vertex 24.092 -24.183 5
      vertex 30 -22 5
      vertex 24.1 -24 5
    endloop
  endfacet
  facet normal 0 0 1
    outer loop
      vertex 24.0681 -24.3647 5
      vertex 30 -22 5
      vertex 24.092 -24.183 5
    endloop
  endfacet
  facet normal 0 0 1
    outer loop
      vertex 24.0284 -24.5435 5
      vertex 30 -22 5
      vertex 24.0681 -24.3647 5
    endloop
  endfacet
  facet normal 0 0 1
    outer loop
      vertex 23.9734 -24.7182 5
      vertex 30 -22 5
      vertex 24.0284 -24.5435 5
    endloop
  endfacet
  facet normal 0 0 1
    outer loop
      vertex 23.9032 -24.8875 5
      vertex 30 -22 5
      vertex 23.9734 -24.7182 5
    endloop
  endfacet
  facet normal 0 0 1
    outer loop
      vertex 23.8187 -25.05 5
      vertex 30 -22 5
      vertex 23.9032 -24.8875 5
    endloop
  endfacet
  facet normal 0 0 1
    outer loop
      vertex 23.7202 -25.2045 5
      vertex 30 -22 5
      vertex 23.8187 -25.05 5
    endloop
  endfacet
  facet normal 0 0 1
    outer loop
      vertex 23.6087 -25.3499 5
      vertex 30 -22 5
      vertex 23.7202 -25.2045 5
    endloop
  endfacet
  facet normal 0 0 1
    outer loop
      vertex 30 -22 5
      vertex 23.6087 -25.3499 5
      vertex 35 -42 5
    endloop
  endfacet
  facet normal -0 0 1
    outer loop
      vertex 23.4849 -25.4849 5
      vertex 35 -42 5
      vertex 23.6087 -25.3499 5
    endloop
  endfacet
  facet normal -0 0 1
    outer loop
      vertex 23.3499 -25.6087 5
      vertex 35 -42 5
      vertex 23.4849 -25.4849 5
    endloop
  endfacet
  facet normal -0 0 1
    outer loop
      vertex 23.2045 -25.7202 5
      vertex 35 -42 5
      vertex 23.3499 -25.6087 5
    endloop
  endfacet
  facet normal -0 0 1
    outer loop
      vertex 23.05 -25.8187 5
      vertex 35 -42 5
      vertex 23.2045 -25.7202 5
    endloop
  endfacet
  facet normal -0 0 1
    outer loop
      vertex 22.8875 -25.9032 5
      vertex 35 -42 5
      vertex 23.05 -25.8187 5
    endloop
  endfacet
  facet normal -0 0 1
    outer loop
      vertex 22.7182 -25.9734 5
      vertex 35 -42 5
      vertex 22.8875 -25.9032 5
    endloop
  endfacet
  facet normal -0 0 1
    outer loop
      vertex 22.5435 -26.0284 5
      vertex 35 -42 5
      vertex 22.7182 -25.9734 5
    endloop
  endfacet
  facet normal -0 0 1
    outer loop
      vertex 22.3647 -26.0681 5
      vertex 35 -42 5
      vertex 22.5435 -26.0284 5
    endloop
  endfacet
  facet normal -0 0 1
    outer loop
      vertex 22.183 -26.092 5
      vertex 35 -42 5
      vertex 22.3647 -26.0681 5
    endloop
  endfacet
  facet normal -0 0 1
    outer loop
      vertex 22 -26.1 5
      vertex 35 -42 5
      vertex 22.183 -26.092 5
    endloop
  endfacet
  facet normal 0 0 1
    outer loop
      vertex 21.817 -26.092 5
      vertex 35 -42 5
      vertex 22 -26.1 5
    endloop
  endfacet
  facet normal 0 0 1
    outer loop
      vertex 21.6353 -26.0681 5
      vertex 35 -42 5
      vertex 21.817 -26.092 5
    endloop
  endfacet
  facet normal 0 0 1
    outer loop
      vertex 21.4565 -26.0284 5
      vertex 35 -42 5
      vertex 21.6353 -26.0681 5
    endloop
  endfacet
  facet normal 0 0 1
    outer loop
      vertex 21.2818 -25.9734 5
      vertex 35 -42 5
      vertex 21.4565 -26.0284 5
    endloop
  endfacet
  facet normal 0 0 1
    outer loop
      vertex 21.1125 -25.9032 5
      vertex 35 -42 5
      vertex 21.2818 -25.9734 5
    endloop
  endfacet
  facet normal 0 0 1
    outer loop
      vertex 20.95 -25.8187 5
      vertex 35 -42 5
      vertex 21.1125 -25.9032 5
    endloop
  endfacet
  facet normal 0 0 1
    outer loop
      vertex 1.30734 -20.9429 5
      vertex 20.95 -25.8187 5
      vertex 20.7955 -25.7202 5
    endloop
  endfacet
  facet normal 0 0 1
    outer loop
      vertex 2.60472 -20.7721 5
      vertex 20.7955 -25.7202 5
      vertex 20.6501 -25.6087 5
    endloop
  endfacet
  facet normal 0 0 1
    outer loop
      vertex 2.60472 -20.7721 5
      vertex 20.6501 -25.6087 5
      vertex 20.5151 -25.4849 5
    endloop
  endfacet
  facet normal 0 0 1
    outer loop
      vertex 3.88229 -20.4889 5
      vertex 20.5151 -25.4849 5
      vertex 20.3913 -25.3499 5
    endloop
  endfacet
  facet normal -0 0 1
    outer loop
      vertex 14.9429 -7.30734 5
      vertex 19.9 -24 5
      vertex 15 -6 5
    endloop
  endfacet
  facet normal -0 0 1
    outer loop
      vertex 14.7721 -8.60472 5
      vertex 19.9 -24 5
      vertex 14.9429 -7.30734 5
    endloop
  endfacet
  facet normal -0 0 1
    outer loop
      vertex 14.4889 -9.88229 5
      vertex 19.9 -24 5
      vertex 14.7721 -8.60472 5
    endloop
  endfacet
  facet normal -0 0 1
    outer loop
      vertex 14.0954 -11.1303 5
      vertex 19.9 -24 5
      vertex 14.4889 -9.88229 5
    endloop
  endfacet
  facet normal -0 0 1
    outer loop
      vertex 13.5946 -12.3393 5
      vertex 19.9 -24 5
      vertex 14.0954 -11.1303 5
    endloop
  endfacet
  facet normal -0 0 1
    outer loop
      vertex 12.9904 -13.5 5
      vertex 19.9 -24 5
      vertex 13.5946 -12.3393 5
    endloop
  endfacet
  facet normal -0 0 1
    outer loop
      vertex 12.2873 -14.6036 5
      vertex 19.9 -24 5
      vertex 12.9904 -13.5 5
    endloop
  endfacet
  facet normal -0 0 1
    outer loop
      vertex 11.4907 -15.6418 5
      vertex 19.9 -24 5
      vertex 12.2873 -14.6036 5
    endloop
  endfacet
  facet normal -0 0 1
    outer loop
      vertex 10.6066 -16.6066 5
      vertex 19.9 -24 5
      vertex 11.4907 -15.6418 5
    endloop
  endfacet
  facet normal -0 0 1
    outer loop
      vertex 9.64181 -17.4907 5
      vertex 19.9 -24 5
      vertex 10.6066 -16.6066 5
    endloop
  endfacet
  facet normal -0 0 1
    outer loop
      vertex 8.60365 -18.2873 5
      vertex 19.9 -24 5
      vertex 9.64181 -17.4907 5
    endloop
  endfacet
  facet normal 0 0 1
    outer loop
      vertex 19.9 -24 5
      vertex 8.60365 -18.2873 5
      vertex 19.908 -24.183 5
    endloop
  endfacet
  facet normal -0 0 1
    outer loop
      vertex 7.5 -18.9904 5
      vertex 19.908 -24.183 5
      vertex 8.60365 -18.2873 5
    endloop
  endfacet
  facet normal 0 0 1
    outer loop
      vertex 19.908 -24.183 5
      vertex 7.5 -18.9904 5
      vertex 19.9319 -24.3647 5
    endloop
  endfacet
  facet normal 0 0 1
    outer loop
      vertex 19.9319 -24.3647 5
      vertex 7.5 -18.9904 5
      vertex 19.9716 -24.5435 5
    endloop
  endfacet
  facet normal 0 0 1
    outer loop
      vertex 19.9716 -24.5435 5
      vertex 7.5 -18.9904 5
      vertex 20.0266 -24.7182 5
    endloop
  endfacet
  facet normal -0 0 1
    outer loop
      vertex 6.33927 -19.5946 5
      vertex 20.0266 -24.7182 5
      vertex 7.5 -18.9904 5
    endloop
  endfacet
  facet normal 0 0 1
    outer loop
      vertex 20.0266 -24.7182 5
      vertex 6.33927 -19.5946 5
      vertex 20.0968 -24.8875 5
    endloop
  endfacet
  facet normal 0 0 1
    outer loop
      vertex 20.0968 -24.8875 5
      vertex 6.33927 -19.5946 5
      vertex 20.1813 -25.05 5
    endloop
  endfacet
  facet normal -0 0 1
    outer loop
      vertex 5.1303 -20.0954 5
      vertex 20.1813 -25.05 5
      vertex 6.33927 -19.5946 5
    endloop
  endfacet
  facet normal 0 0 1
    outer loop
      vertex 20.1813 -25.05 5
      vertex 5.1303 -20.0954 5
      vertex 20.2798 -25.2045 5
    endloop
  endfacet
  facet normal 0 0 1
    outer loop
      vertex 20.2798 -25.2045 5
      vertex 5.1303 -20.0954 5
      vertex 20.3913 -25.3499 5
    endloop
  endfacet
  facet normal -0 0 1
    outer loop
      vertex 3.88229 -20.4889 5
      vertex 20.3913 -25.3499 5
      vertex 5.1303 -20.0954 5
    endloop
  endfacet
  facet normal 0 0 1
    outer loop
      vertex 20.5151 -25.4849 5
      vertex 3.88229 -20.4889 5
      vertex 2.60472 -20.7721 5
    endloop
  endfacet
  facet normal 0 0 1
    outer loop
      vertex 20.7955 -25.7202 5
      vertex 2.60472 -20.7721 5
      vertex 1.30734 -20.9429 5
    endloop
  endfacet
  facet normal 0 0 1
    outer loop
      vertex 20.95 -25.8187 5
      vertex 1.30734 -20.9429 5
      vertex 35 -42 5
    endloop
  endfacet
  facet normal -0 0 1
    outer loop
      vertex 0 -21 5
      vertex 35 -42 5
      vertex 1.30734 -20.9429 5
    endloop
  endfacet
  facet normal 0 0 1
    outer loop
      vertex -35 -42 5
      vertex 0 -21 5
      vertex -1.30734 -20.9429 5
    endloop
  endfacet
  facet normal 0 0 1
    outer loop
      vertex -20.7955 -25.7202 5
      vertex -1.30734 -20.9429 5
      vertex -2.60472 -20.7721 5
    endloop
  endfacet
  facet normal 0 0 1
    outer loop
      vertex -20.5151 -25.4849 5
      vertex -2.60472 -20.7721 5
      vertex -3.88229 -20.4889 5
    endloop
  endfacet
  facet normal 0 0 1
    outer loop
      vertex -20.3913 -25.3499 5
      vertex -3.88229 -20.4889 5
      vertex -5.1303 -20.0954 5
    endloop
  endfacet
  facet normal 0 0 1
    outer loop
      vertex -20.1813 -25.05 5
      vertex -5.1303 -20.0954 5
      vertex -6.33927 -19.5946 5
    endloop
  endfacet
  facet normal 0 0 1
    outer loop
      vertex -20.0266 -24.7182 5
      vertex -6.33927 -19.5946 5
      vertex -7.5 -18.9904 5
    endloop
  endfacet
  facet normal 0 0 1
    outer loop
      vertex -14.9429 -4.69266 5
      vertex -19.9 -24 5
      vertex -15 -6 5
    endloop
  endfacet
  facet normal 0 0 1
    outer loop
      vertex -15 -6 5
      vertex -19.9 -24 5
      vertex -14.9429 -7.30734 5
    endloop
  endfacet
  facet normal 0 0 1
    outer loop
      vertex -14.9429 -7.30734 5
      vertex -19.9 -24 5
      vertex -14.7721 -8.60472 5
    endloop
  endfacet
  facet normal 0 0 1
    outer loop
      vertex -19.9 -24 5
      vertex -14.4889 -9.88229 5
      vertex -14.7721 -8.60472 5
    endloop
  endfacet
  facet normal 0 0 1
    outer loop
      vertex -19.9 -24 5
      vertex -14.0954 -11.1303 5
      vertex -14.4889 -9.88229 5
    endloop
  endfacet
  facet normal 0 0 1
    outer loop
      vertex -19.9 -24 5
      vertex -13.5946 -12.3393 5
      vertex -14.0954 -11.1303 5
    endloop
  endfacet
  facet normal 0 0 1
    outer loop
      vertex -19.9 -24 5
      vertex -12.9904 -13.5 5
      vertex -13.5946 -12.3393 5
    endloop
  endfacet
  facet normal 0 0 1
    outer loop
      vertex -19.9 -24 5
      vertex -12.2873 -14.6036 5
      vertex -12.9904 -13.5 5
    endloop
  endfacet
  facet normal 0 0 1
    outer loop
      vertex -19.9 -24 5
      vertex -11.4907 -15.6418 5
      vertex -12.2873 -14.6036 5
    endloop
  endfacet
  facet normal 0 0 1
    outer loop
      vertex -19.9 -24 5
      vertex -10.6066 -16.6066 5
      vertex -11.4907 -15.6418 5
    endloop
  endfacet
  facet normal 0 0 1
    outer loop
      vertex -19.9 -24 5
      vertex -9.64181 -17.4907 5
      vertex -10.6066 -16.6066 5
    endloop
  endfacet
  facet normal 0 0 1
    outer loop
      vertex -19.9 -24 5
      vertex -8.60365 -18.2873 5
      vertex -9.64181 -17.4907 5
    endloop
  endfacet
  facet normal 0 0 1
    outer loop
      vertex -19.908 -24.183 5
      vertex -8.60365 -18.2873 5
      vertex -19.9 -24 5
    endloop
  endfacet
  facet normal 0 0 1
    outer loop
      vertex -8.60365 -18.2873 5
      vertex -19.908 -24.183 5
      vertex -7.5 -18.9904 5
    endloop
  endfacet
  facet normal 0 0 1
    outer loop
      vertex -19.9319 -24.3647 5
      vertex -7.5 -18.9904 5
      vertex -19.908 -24.183 5
    endloop
  endfacet
  facet normal 0 0 1
    outer loop
      vertex -19.9716 -24.5435 5
      vertex -7.5 -18.9904 5
      vertex -19.9319 -24.3647 5
    endloop
  endfacet
  facet normal 0 0 1
    outer loop
      vertex -20.0266 -24.7182 5
      vertex -7.5 -18.9904 5
      vertex -19.9716 -24.5435 5
    endloop
  endfacet
  facet normal 0 0 1
    outer loop
      vertex -6.33927 -19.5946 5
      vertex -20.0266 -24.7182 5
      vertex -20.0968 -24.8875 5
    endloop
  endfacet
  facet normal 0 0 1
    outer loop
      vertex -6.33927 -19.5946 5
      vertex -20.0968 -24.8875 5
      vertex -20.1813 -25.05 5
    endloop
  endfacet
  facet normal 0 0 1
    outer loop
      vertex -5.1303 -20.0954 5
      vertex -20.1813 -25.05 5
      vertex -20.2798 -25.2045 5
    endloop
  endfacet
  facet normal 0 0 1
    outer loop
      vertex -5.1303 -20.0954 5
      vertex -20.2798 -25.2045 5
      vertex -20.3913 -25.3499 5
    endloop
  endfacet
  facet normal 0 0 1
    outer loop
      vertex -3.88229 -20.4889 5
      vertex -20.3913 -25.3499 5
      vertex -20.5151 -25.4849 5
    endloop
  endfacet
  facet normal 0 0 1
    outer loop
      vertex -2.60472 -20.7721 5
      vertex -20.5151 -25.4849 5
      vertex -20.6501 -25.6087 5
    endloop
  endfacet
  facet normal 0 0 1
    outer loop
      vertex -2.60472 -20.7721 5
      vertex -20.6501 -25.6087 5
      vertex -20.7955 -25.7202 5
    endloop
  endfacet
  facet normal 0 0 1
    outer loop
      vertex -1.30734 -20.9429 5
      vertex -20.7955 -25.7202 5
      vertex -20.95 -25.8187 5
    endloop
  endfacet
  facet normal 0 0 1
    outer loop
      vertex -1.30734 -20.9429 5
      vertex -20.95 -25.8187 5
      vertex -35 -42 5
    endloop
  endfacet
  facet normal 0 0 1
    outer loop
      vertex -35 -42 5
      vertex -20.95 -25.8187 5
      vertex -21.1125 -25.9032 5
    endloop
  endfacet
  facet normal 0 0 1
    outer loop
      vertex -35 -42 5
      vertex -21.1125 -25.9032 5
      vertex -21.2818 -25.9734 5
    endloop
  endfacet
  facet normal 0 0 1
    outer loop
      vertex -35 -42 5
      vertex -21.2818 -25.9734 5
      vertex -21.4565 -26.0284 5
    endloop
  endfacet
  facet normal 0 0 1
    outer loop
      vertex -35 -42 5
      vertex -21.4565 -26.0284 5
      vertex -21.6353 -26.0681 5
    endloop
  endfacet
  facet normal 0 0 1
    outer loop
      vertex -35 -42 5
      vertex -21.6353 -26.0681 5
      vertex -21.817 -26.092 5
    endloop
  endfacet
  facet normal 0 0 1
    outer loop
      vertex -35 -42 5
      vertex -21.817 -26.092 5
      vertex -22 -26.1 5
    endloop
  endfacet
  facet normal 0 0 1
    outer loop
      vertex -35 -42 5
      vertex -22 -26.1 5
      vertex -22.183 -26.092 5
    endloop
  endfacet
  facet normal 0 0 1
    outer loop
      vertex -35 -42 5
      vertex -22.183 -26.092 5
      vertex -22.3647 -26.0681 5
    endloop
  endfacet
  facet normal 0 0 1
    outer loop
      vertex -35 -42 5
      vertex -22.3647 -26.0681 5
      vertex -22.5435 -26.0284 5
    endloop
  endfacet
  facet normal -0 0 1
    outer loop
      vertex -30 -22 5
      vertex -24.1 -24 5
      vertex -30 22 5
    endloop
  endfacet
  facet normal 0 0 1
    outer loop
      vertex -24.1 -24 5
      vertex -30 -22 5
      vertex -24.092 -24.183 5
    endloop
  endfacet
  facet normal 0 0 1
    outer loop
      vertex -30 -22 5
      vertex -24.0681 -24.3647 5
      vertex -24.092 -24.183 5
    endloop
  endfacet
  facet normal 0 0 1
    outer loop
      vertex -30 -22 5
      vertex -24.0284 -24.5435 5
      vertex -24.0681 -24.3647 5
    endloop
  endfacet
  facet normal 0 0 1
    outer loop
      vertex -30 -22 5
      vertex -23.9734 -24.7182 5
      vertex -24.0284 -24.5435 5
    endloop
  endfacet
  facet normal 0 0 1
    outer loop
      vertex -30 -22 5
      vertex -23.9032 -24.8875 5
      vertex -23.9734 -24.7182 5
    endloop
  endfacet
  facet normal 0 0 1
    outer loop
      vertex -30 -22 5
      vertex -23.8187 -25.05 5
      vertex -23.9032 -24.8875 5
    endloop
  endfacet
  facet normal 0 0 1
    outer loop
      vertex -30 -22 5
      vertex -23.7202 -25.2045 5
      vertex -23.8187 -25.05 5
    endloop
  endfacet
  facet normal 0 0 1
    outer loop
      vertex -30 -22 5
      vertex -23.6087 -25.3499 5
      vertex -23.7202 -25.2045 5
    endloop
  endfacet
  facet normal 0 0 1
    outer loop
      vertex -35 -42 5
      vertex -23.6087 -25.3499 5
      vertex -30 -22 5
    endloop
  endfacet
  facet normal 0 0 1
    outer loop
      vertex -23.6087 -25.3499 5
      vertex -35 -42 5
      vertex -23.4849 -25.4849 5
    endloop
  endfacet
  facet normal 0 0 1
    outer loop
      vertex -23.4849 -25.4849 5
      vertex -35 -42 5
      vertex -23.3499 -25.6087 5
    endloop
  endfacet
  facet normal 0 0 1
    outer loop
      vertex -23.3499 -25.6087 5
      vertex -35 -42 5
      vertex -23.2045 -25.7202 5
    endloop
  endfacet
  facet normal 0 0 1
    outer loop
      vertex -35 -42 5
      vertex -30 -22 5
      vertex -35 -22 5
    endloop
  endfacet
  facet normal 0 0 1
    outer loop
      vertex -23.2045 -25.7202 5
      vertex -35 -42 5
      vertex -23.05 -25.8187 5
    endloop
  endfacet
  facet normal 0 0 1
    outer loop
      vertex -23.05 -25.8187 5
      vertex -35 -42 5
      vertex -22.8875 -25.9032 5
    endloop
  endfacet
  facet normal 0 0 1
    outer loop
      vertex 0 -21 5
      vertex -35 -42 5
      vertex 35 -42 5
    endloop
  endfacet
  facet normal 0 0 1
    outer loop
      vertex -22.7182 -25.9734 5
      vertex -35 -42 5
      vertex -22.5435 -26.0284 5
    endloop
  endfacet
  facet normal 0 0 1
    outer loop
      vertex -22.8875 -25.9032 5
      vertex -35 -42 5
      vertex -22.7182 -25.9734 5
    endloop
  endfacet
  facet normal 0 -1 0
    outer loop
      vertex -35 -42 0
      vertex 35 -42 5
      vertex -35 -42 5
    endloop
  endfacet
  facet normal 0 -1 -0
    outer loop
      vertex 35 -42 5
      vertex -35 -42 0
      vertex 35 -42 0
    endloop
  endfacet
  facet normal 0 1 0
    outer loop
      vertex 24 42 9
      vertex 24 42 5
      vertex 14 42 9
    endloop
  endfacet
  facet normal 0 1 -0
    outer loop
      vertex 14 42 9
      vertex 10 42 41
      vertex 14 42 41
    endloop
  endfacet
  facet normal 0 1 0
    outer loop
      vertex 14 42 9
      vertex 10 42 5
      vertex 10 42 41
    endloop
  endfacet
  facet normal 0 1 0
    outer loop
      vertex 10 42 5
      vertex 14 42 9
      vertex 24 42 5
    endloop
  endfacet
  facet normal 0 1 -0
    outer loop
      vertex -25.878 42 3.89467
      vertex -35 42 5
      vertex -6.12202 42 3.89467
    endloop
  endfacet
  facet normal 0 1 0
    outer loop
      vertex -35 42 5
      vertex -25.878 42 3.89467
      vertex -26 42 3.9
    endloop
  endfacet
  facet normal 0 1 -0
    outer loop
      vertex -6.24311 42 3.87873
      vertex -25.878 42 3.89467
      vertex -6.12202 42 3.89467
    endloop
  endfacet
  facet normal 0 1 0
    outer loop
      vertex -6.24311 42 3.87873
      vertex -25.7569 42 3.87873
      vertex -25.878 42 3.89467
    endloop
  endfacet
  facet normal 0 1 -0
    outer loop
      vertex -6.36235 42 3.8523
      vertex -25.7569 42 3.87873
      vertex -6.24311 42 3.87873
    endloop
  endfacet
  facet normal 0 1 0
    outer loop
      vertex -6.36235 42 3.8523
      vertex -25.6377 42 3.8523
      vertex -25.7569 42 3.87873
    endloop
  endfacet
  facet normal 0 1 -0
    outer loop
      vertex -6.47883 42 3.81557
      vertex -25.6377 42 3.8523
      vertex -6.36235 42 3.8523
    endloop
  endfacet
  facet normal 0 1 0
    outer loop
      vertex -6.47883 42 3.81557
      vertex -25.5212 42 3.81557
      vertex -25.6377 42 3.8523
    endloop
  endfacet
  facet normal 0 1 -0
    outer loop
      vertex -6.59167 42 3.76883
      vertex -25.5212 42 3.81557
      vertex -6.47883 42 3.81557
    endloop
  endfacet
  facet normal 0 1 0
    outer loop
      vertex -6.59167 42 3.76883
      vertex -25.4083 42 3.76883
      vertex -25.5212 42 3.81557
    endloop
  endfacet
  facet normal 0 1 -0
    outer loop
      vertex -6.7 42 3.71244
      vertex -25.4083 42 3.76883
      vertex -6.59167 42 3.76883
    endloop
  endfacet
  facet normal 0 1 0
    outer loop
      vertex -6.7 42 3.71244
      vertex -25.3 42 3.71244
      vertex -25.4083 42 3.76883
    endloop
  endfacet
  facet normal 0 1 -0
    outer loop
      vertex -6.80301 42 3.64681
      vertex -25.3 42 3.71244
      vertex -6.7 42 3.71244
    endloop
  endfacet
  facet normal 0 1 0
    outer loop
      vertex -6.80301 42 3.64681
      vertex -25.197 42 3.64681
      vertex -25.3 42 3.71244
    endloop
  endfacet
  facet normal 0 1 -0
    outer loop
      vertex -6.8999 42 3.57246
      vertex -25.197 42 3.64681
      vertex -6.80301 42 3.64681
    endloop
  endfacet
  facet normal 0 1 0
    outer loop
      vertex -6.8999 42 3.57246
      vertex -25.1001 42 3.57246
      vertex -25.197 42 3.64681
    endloop
  endfacet
  facet normal 0 1 -0
    outer loop
      vertex -6.98995 42 3.48995
      vertex -25.1001 42 3.57246
      vertex -6.8999 42 3.57246
    endloop
  endfacet
  facet normal 0 1 0
    outer loop
      vertex -6.98995 42 3.48995
      vertex -25.01 42 3.48995
      vertex -25.1001 42 3.57246
    endloop
  endfacet
  facet normal 0 1 -0
    outer loop
      vertex -7.07246 42 3.3999
      vertex -25.01 42 3.48995
      vertex -6.98995 42 3.48995
    endloop
  endfacet
  facet normal 0 1 0
    outer loop
      vertex -7.07246 42 3.3999
      vertex -24.9275 42 3.3999
      vertex -25.01 42 3.48995
    endloop
  endfacet
  facet normal 0 1 -0
    outer loop
      vertex -7.14681 42 3.30301
      vertex -24.9275 42 3.3999
      vertex -7.07246 42 3.3999
    endloop
  endfacet
  facet normal 0 1 0
    outer loop
      vertex -7.14681 42 3.30301
      vertex -24.8532 42 3.30301
      vertex -24.9275 42 3.3999
    endloop
  endfacet
  facet normal 0 1 -0
    outer loop
      vertex -7.21243 42 3.2
      vertex -24.8532 42 3.30301
      vertex -7.14681 42 3.30301
    endloop
  endfacet
  facet normal 0 1 0
    outer loop
      vertex -7.21243 42 3.2
      vertex -24.7876 42 3.2
      vertex -24.8532 42 3.30301
    endloop
  endfacet
  facet normal 0 1 -0
    outer loop
      vertex -7.26883 42 3.09167
      vertex -24.7876 42 3.2
      vertex -7.21243 42 3.2
    endloop
  endfacet
  facet normal 0 1 0
    outer loop
      vertex -7.26883 42 3.09167
      vertex -24.7312 42 3.09167
      vertex -24.7876 42 3.2
    endloop
  endfacet
  facet normal 0 1 -0
    outer loop
      vertex -7.31557 42 2.97883
      vertex -24.7312 42 3.09167
      vertex -7.26883 42 3.09167
    endloop
  endfacet
  facet normal 0 1 0
    outer loop
      vertex -7.31557 42 2.97883
      vertex -24.6844 42 2.97883
      vertex -24.7312 42 3.09167
    endloop
  endfacet
  facet normal 0 1 -0
    outer loop
      vertex -7.3523 42 2.86235
      vertex -24.6844 42 2.97883
      vertex -7.31557 42 2.97883
    endloop
  endfacet
  facet normal 0 1 0
    outer loop
      vertex -7.3523 42 2.86235
      vertex -24.6477 42 2.86235
      vertex -24.6844 42 2.97883
    endloop
  endfacet
  facet normal 0 1 -0
    outer loop
      vertex -7.37873 42 2.74311
      vertex -24.6477 42 2.86235
      vertex -7.3523 42 2.86235
    endloop
  endfacet
  facet normal 0 1 0
    outer loop
      vertex -7.37873 42 2.74311
      vertex -24.6213 42 2.74311
      vertex -24.6477 42 2.86235
    endloop
  endfacet
  facet normal 0 1 -0
    outer loop
      vertex -7.39467 42 2.62202
      vertex -24.6213 42 2.74311
      vertex -7.37873 42 2.74311
    endloop
  endfacet
  facet normal 0 1 0
    outer loop
      vertex -7.39467 42 2.62202
      vertex -24.6053 42 2.62202
      vertex -24.6213 42 2.74311
    endloop
  endfacet
  facet normal 0 1 -0
    outer loop
      vertex -7.4 42 2.5
      vertex -24.6053 42 2.62202
      vertex -7.39467 42 2.62202
    endloop
  endfacet
  facet normal 0 1 0
    outer loop
      vertex -7.4 42 2.5
      vertex -24.6 42 2.5
      vertex -24.6053 42 2.62202
    endloop
  endfacet
  facet normal 0 1 0
    outer loop
      vertex -7.39467 42 2.37798
      vertex -24.6 42 2.5
      vertex -7.4 42 2.5
    endloop
  endfacet
  facet normal 0 1 0
    outer loop
      vertex -7.39467 42 2.37798
      vertex -24.6053 42 2.37798
      vertex -24.6 42 2.5
    endloop
  endfacet
  facet normal 0 1 0
    outer loop
      vertex -7.37873 42 2.25689
      vertex -24.6053 42 2.37798
      vertex -7.39467 42 2.37798
    endloop
  endfacet
  facet normal 0 1 0
    outer loop
      vertex -7.37873 42 2.25689
      vertex -24.6213 42 2.25689
      vertex -24.6053 42 2.37798
    endloop
  endfacet
  facet normal 0 1 0
    outer loop
      vertex -7.3523 42 2.13765
      vertex -24.6213 42 2.25689
      vertex -7.37873 42 2.25689
    endloop
  endfacet
  facet normal 0 1 0
    outer loop
      vertex -7.3523 42 2.13765
      vertex -24.6477 42 2.13765
      vertex -24.6213 42 2.25689
    endloop
  endfacet
  facet normal 0 1 0
    outer loop
      vertex -7.31557 42 2.02117
      vertex -24.6477 42 2.13765
      vertex -7.3523 42 2.13765
    endloop
  endfacet
  facet normal 0 1 0
    outer loop
      vertex -7.31557 42 2.02117
      vertex -24.6844 42 2.02117
      vertex -24.6477 42 2.13765
    endloop
  endfacet
  facet normal 0 1 0
    outer loop
      vertex -7.26883 42 1.90833
      vertex -24.6844 42 2.02117
      vertex -7.31557 42 2.02117
    endloop
  endfacet
  facet normal 0 1 0
    outer loop
      vertex -7.26883 42 1.90833
      vertex -24.7312 42 1.90833
      vertex -24.6844 42 2.02117
    endloop
  endfacet
  facet normal 0 1 0
    outer loop
      vertex -7.21243 42 1.8
      vertex -24.7312 42 1.90833
      vertex -7.26883 42 1.90833
    endloop
  endfacet
  facet normal 0 1 0
    outer loop
      vertex -7.21243 42 1.8
      vertex -24.7876 42 1.8
      vertex -24.7312 42 1.90833
    endloop
  endfacet
  facet normal 0 1 0
    outer loop
      vertex -7.14681 42 1.69699
      vertex -24.7876 42 1.8
      vertex -7.21243 42 1.8
    endloop
  endfacet
  facet normal 0 1 0
    outer loop
      vertex -7.14681 42 1.69699
      vertex -24.8532 42 1.69699
      vertex -24.7876 42 1.8
    endloop
  endfacet
  facet normal 0 1 0
    outer loop
      vertex -7.07246 42 1.6001
      vertex -24.8532 42 1.69699
      vertex -7.14681 42 1.69699
    endloop
  endfacet
  facet normal 0 1 0
    outer loop
      vertex -7.07246 42 1.6001
      vertex -24.9275 42 1.6001
      vertex -24.8532 42 1.69699
    endloop
  endfacet
  facet normal 0 1 0
    outer loop
      vertex -6.98995 42 1.51005
      vertex -24.9275 42 1.6001
      vertex -7.07246 42 1.6001
    endloop
  endfacet
  facet normal 0 1 0
    outer loop
      vertex -6.98995 42 1.51005
      vertex -25.01 42 1.51005
      vertex -24.9275 42 1.6001
    endloop
  endfacet
  facet normal 0 1 0
    outer loop
      vertex -6.8999 42 1.42754
      vertex -25.01 42 1.51005
      vertex -6.98995 42 1.51005
    endloop
  endfacet
  facet normal 0 1 0
    outer loop
      vertex -6.8999 42 1.42754
      vertex -25.1001 42 1.42754
      vertex -25.01 42 1.51005
    endloop
  endfacet
  facet normal 0 1 0
    outer loop
      vertex -6.80301 42 1.35319
      vertex -25.1001 42 1.42754
      vertex -6.8999 42 1.42754
    endloop
  endfacet
  facet normal 0 1 0
    outer loop
      vertex -6.80301 42 1.35319
      vertex -25.197 42 1.35319
      vertex -25.1001 42 1.42754
    endloop
  endfacet
  facet normal 0 1 0
    outer loop
      vertex -6.7 42 1.28757
      vertex -25.197 42 1.35319
      vertex -6.80301 42 1.35319
    endloop
  endfacet
  facet normal 0 1 0
    outer loop
      vertex -6.7 42 1.28757
      vertex -25.3 42 1.28757
      vertex -25.197 42 1.35319
    endloop
  endfacet
  facet normal 0 1 0
    outer loop
      vertex -6.59167 42 1.23117
      vertex -25.3 42 1.28757
      vertex -6.7 42 1.28757
    endloop
  endfacet
  facet normal 0 1 0
    outer loop
      vertex -6.59167 42 1.23117
      vertex -25.4083 42 1.23117
      vertex -25.3 42 1.28757
    endloop
  endfacet
  facet normal 0 1 0
    outer loop
      vertex -6.47883 42 1.18443
      vertex -25.4083 42 1.23117
      vertex -6.59167 42 1.23117
    endloop
  endfacet
  facet normal 0 1 0
    outer loop
      vertex -6.47883 42 1.18443
      vertex -25.5212 42 1.18443
      vertex -25.4083 42 1.23117
    endloop
  endfacet
  facet normal 0 1 0
    outer loop
      vertex -6.36235 42 1.1477
      vertex -25.5212 42 1.18443
      vertex -6.47883 42 1.18443
    endloop
  endfacet
  facet normal 0 1 0
    outer loop
      vertex -6.36235 42 1.1477
      vertex -25.6377 42 1.1477
      vertex -25.5212 42 1.18443
    endloop
  endfacet
  facet normal 0 1 0
    outer loop
      vertex -6.24311 42 1.12127
      vertex -25.6377 42 1.1477
      vertex -6.36235 42 1.1477
    endloop
  endfacet
  facet normal 0 1 0
    outer loop
      vertex -6.24311 42 1.12127
      vertex -25.7569 42 1.12127
      vertex -25.6377 42 1.1477
    endloop
  endfacet
  facet normal 0 1 0
    outer loop
      vertex -6.12202 42 1.10533
      vertex -25.7569 42 1.12127
      vertex -6.24311 42 1.12127
    endloop
  endfacet
  facet normal 0 1 0
    outer loop
      vertex -6.12202 42 1.10533
      vertex -25.878 42 1.10533
      vertex -25.7569 42 1.12127
    endloop
  endfacet
  facet normal 0 1 0
    outer loop
      vertex -35 42 0
      vertex -6.12202 42 1.10533
      vertex -6 42 1.1
    endloop
  endfacet
  facet normal 0 1 0
    outer loop
      vertex -6.12202 42 1.10533
      vertex -35 42 0
      vertex -25.878 42 1.10533
    endloop
  endfacet
  facet normal 0 1 -0
    outer loop
      vertex 35 42 0
      vertex 24 42 5
      vertex 35 42 5
    endloop
  endfacet
  facet normal 0 1 0
    outer loop
      vertex 24 42 5
      vertex 35 42 0
      vertex 10 42 5
    endloop
  endfacet
  facet normal 0 1 0
    outer loop
      vertex 10 42 5
      vertex -6 42 3.9
      vertex -35 42 5
    endloop
  endfacet
  facet normal 0 1 0
    outer loop
      vertex 10 42 5
      vertex -5.87798 42 3.89467
      vertex -6 42 3.9
    endloop
  endfacet
  facet normal 0 1 0
    outer loop
      vertex 10 42 5
      vertex -5.75689 42 3.87873
      vertex -5.87798 42 3.89467
    endloop
  endfacet
  facet normal 0 1 0
    outer loop
      vertex 10 42 5
      vertex -5.63765 42 3.8523
      vertex -5.75689 42 3.87873
    endloop
  endfacet
  facet normal 0 1 0
    outer loop
      vertex 10 42 5
      vertex -5.52117 42 3.81557
      vertex -5.63765 42 3.8523
    endloop
  endfacet
  facet normal 0 1 0
    outer loop
      vertex 10 42 5
      vertex -5.40833 42 3.76883
      vertex -5.52117 42 3.81557
    endloop
  endfacet
  facet normal 0 1 0
    outer loop
      vertex 10 42 5
      vertex -5.3 42 3.71244
      vertex -5.40833 42 3.76883
    endloop
  endfacet
  facet normal 0 1 0
    outer loop
      vertex 10 42 5
      vertex -5.19699 42 3.64681
      vertex -5.3 42 3.71244
    endloop
  endfacet
  facet normal 0 1 0
    outer loop
      vertex 10 42 5
      vertex -5.1001 42 3.57246
      vertex -5.19699 42 3.64681
    endloop
  endfacet
  facet normal 0 1 0
    outer loop
      vertex 10 42 5
      vertex -5.01005 42 3.48995
      vertex -5.1001 42 3.57246
    endloop
  endfacet
  facet normal 0 1 0
    outer loop
      vertex 10 42 5
      vertex -4.92754 42 3.3999
      vertex -5.01005 42 3.48995
    endloop
  endfacet
  facet normal 0 1 0
    outer loop
      vertex 10 42 5
      vertex -4.85319 42 3.30301
      vertex -4.92754 42 3.3999
    endloop
  endfacet
  facet normal 0 1 0
    outer loop
      vertex 10 42 5
      vertex -4.78756 42 3.2
      vertex -4.85319 42 3.30301
    endloop
  endfacet
  facet normal 0 1 0
    outer loop
      vertex 10 42 5
      vertex -4.73117 42 3.09167
      vertex -4.78756 42 3.2
    endloop
  endfacet
  facet normal 0 1 0
    outer loop
      vertex 10 42 5
      vertex -4.68443 42 2.97883
      vertex -4.73117 42 3.09167
    endloop
  endfacet
  facet normal 0 1 0
    outer loop
      vertex 10 42 5
      vertex -4.6477 42 2.86235
      vertex -4.68443 42 2.97883
    endloop
  endfacet
  facet normal 0 1 0
    outer loop
      vertex 10 42 5
      vertex -4.62127 42 2.74311
      vertex -4.6477 42 2.86235
    endloop
  endfacet
  facet normal 0 1 0
    outer loop
      vertex 10 42 5
      vertex -4.60533 42 2.62202
      vertex -4.62127 42 2.74311
    endloop
  endfacet
  facet normal 0 1 0
    outer loop
      vertex 10 42 5
      vertex -4.6 42 2.5
      vertex -4.60533 42 2.62202
    endloop
  endfacet
  facet normal -0 1 0
    outer loop
      vertex -5.40833 42 1.23117
      vertex 10 42 5
      vertex 35 42 0
    endloop
  endfacet
  facet normal 0 1 0
    outer loop
      vertex 10 42 5
      vertex -4.60533 42 2.37798
      vertex -4.6 42 2.5
    endloop
  endfacet
  facet normal 0 1 0
    outer loop
      vertex 10 42 5
      vertex -4.62127 42 2.25689
      vertex -4.60533 42 2.37798
    endloop
  endfacet
  facet normal 0 1 0
    outer loop
      vertex 10 42 5
      vertex -4.6477 42 2.13765
      vertex -4.62127 42 2.25689
    endloop
  endfacet
  facet normal 0 1 0
    outer loop
      vertex 10 42 5
      vertex -4.68443 42 2.02117
      vertex -4.6477 42 2.13765
    endloop
  endfacet
  facet normal 0 1 0
    outer loop
      vertex 10 42 5
      vertex -4.73117 42 1.90833
      vertex -4.68443 42 2.02117
    endloop
  endfacet
  facet normal 0 1 0
    outer loop
      vertex 10 42 5
      vertex -4.78756 42 1.8
      vertex -4.73117 42 1.90833
    endloop
  endfacet
  facet normal 0 1 0
    outer loop
      vertex 10 42 5
      vertex -4.85319 42 1.69699
      vertex -4.78756 42 1.8
    endloop
  endfacet
  facet normal 0 1 0
    outer loop
      vertex 10 42 5
      vertex -4.92754 42 1.6001
      vertex -4.85319 42 1.69699
    endloop
  endfacet
  facet normal 0 1 0
    outer loop
      vertex 10 42 5
      vertex -5.01005 42 1.51005
      vertex -4.92754 42 1.6001
    endloop
  endfacet
  facet normal 0 1 0
    outer loop
      vertex 10 42 5
      vertex -5.1001 42 1.42754
      vertex -5.01005 42 1.51005
    endloop
  endfacet
  facet normal 0 1 0
    outer loop
      vertex 10 42 5
      vertex -5.19699 42 1.35319
      vertex -5.1001 42 1.42754
    endloop
  endfacet
  facet normal 0 1 0
    outer loop
      vertex 10 42 5
      vertex -5.3 42 1.28757
      vertex -5.19699 42 1.35319
    endloop
  endfacet
  facet normal 0 1 0
    outer loop
      vertex 10 42 5
      vertex -5.40833 42 1.23117
      vertex -5.3 42 1.28757
    endloop
  endfacet
  facet normal 0 1 0
    outer loop
      vertex -5.40833 42 1.23117
      vertex 35 42 0
      vertex -5.52117 42 1.18443
    endloop
  endfacet
  facet normal 0 1 0
    outer loop
      vertex -5.52117 42 1.18443
      vertex 35 42 0
      vertex -5.63765 42 1.1477
    endloop
  endfacet
  facet normal 0 1 0
    outer loop
      vertex -5.63765 42 1.1477
      vertex 35 42 0
      vertex -5.75689 42 1.12127
    endloop
  endfacet
  facet normal 0 1 0
    outer loop
      vertex -35 42 0
      vertex -6 42 1.1
      vertex 35 42 0
    endloop
  endfacet
  facet normal 0 1 0
    outer loop
      vertex -5.87798 42 1.10533
      vertex 35 42 0
      vertex -6 42 1.1
    endloop
  endfacet
  facet normal 0 1 0
    outer loop
      vertex -5.75689 42 1.12127
      vertex 35 42 0
      vertex -5.87798 42 1.10533
    endloop
  endfacet
  facet normal 0 1 -0
    outer loop
      vertex -6.12202 42 3.89467
      vertex -35 42 5
      vertex -6 42 3.9
    endloop
  endfacet
  facet normal 0 1 -0
    outer loop
      vertex -26.122 42 3.89467
      vertex -35 42 5
      vertex -26 42 3.9
    endloop
  endfacet
  facet normal 0 1 -0
    outer loop
      vertex -26.2431 42 3.87873
      vertex -35 42 5
      vertex -26.122 42 3.89467
    endloop
  endfacet
  facet normal 0 1 -0
    outer loop
      vertex -26.3623 42 3.8523
      vertex -35 42 5
      vertex -26.2431 42 3.87873
    endloop
  endfacet
  facet normal 0 1 -0
    outer loop
      vertex -26.4788 42 3.81557
      vertex -35 42 5
      vertex -26.3623 42 3.8523
    endloop
  endfacet
  facet normal 0 1 -0
    outer loop
      vertex -26.5917 42 3.76883
      vertex -35 42 5
      vertex -26.4788 42 3.81557
    endloop
  endfacet
  facet normal 0 1 -0
    outer loop
      vertex -26.7 42 3.71244
      vertex -35 42 5
      vertex -26.5917 42 3.76883
    endloop
  endfacet
  facet normal 0 1 -0
    outer loop
      vertex -26.803 42 3.64681
      vertex -35 42 5
      vertex -26.7 42 3.71244
    endloop
  endfacet
  facet normal 0 1 -0
    outer loop
      vertex -26.8999 42 3.57246
      vertex -35 42 5
      vertex -26.803 42 3.64681
    endloop
  endfacet
  facet normal 0 1 -0
    outer loop
      vertex -26.9899 42 3.48995
      vertex -35 42 5
      vertex -26.8999 42 3.57246
    endloop
  endfacet
  facet normal 0 1 -0
    outer loop
      vertex -27.0725 42 3.3999
      vertex -35 42 5
      vertex -26.9899 42 3.48995
    endloop
  endfacet
  facet normal 0 1 -0
    outer loop
      vertex -27.1468 42 3.30301
      vertex -35 42 5
      vertex -27.0725 42 3.3999
    endloop
  endfacet
  facet normal 0 1 -0
    outer loop
      vertex -27.2124 42 3.2
      vertex -35 42 5
      vertex -27.1468 42 3.30301
    endloop
  endfacet
  facet normal 0 1 -0
    outer loop
      vertex -27.2688 42 3.09167
      vertex -35 42 5
      vertex -27.2124 42 3.2
    endloop
  endfacet
  facet normal 0 1 -0
    outer loop
      vertex -27.3156 42 2.97883
      vertex -35 42 5
      vertex -27.2688 42 3.09167
    endloop
  endfacet
  facet normal 0 1 -0
    outer loop
      vertex -27.3523 42 2.86235
      vertex -35 42 5
      vertex -27.3156 42 2.97883
    endloop
  endfacet
  facet normal 0 1 -0
    outer loop
      vertex -27.3787 42 2.74311
      vertex -35 42 5
      vertex -27.3523 42 2.86235
    endloop
  endfacet
  facet normal 0 1 -0
    outer loop
      vertex -27.3947 42 2.62202
      vertex -35 42 5
      vertex -27.3787 42 2.74311
    endloop
  endfacet
  facet normal 0 1 -0
    outer loop
      vertex -27.4 42 2.5
      vertex -35 42 5
      vertex -27.3947 42 2.62202
    endloop
  endfacet
  facet normal 0 1 0
    outer loop
      vertex -35 42 0
      vertex -27.4 42 2.5
      vertex -27.3947 42 2.37798
    endloop
  endfacet
  facet normal 0 1 0
    outer loop
      vertex -35 42 0
      vertex -27.3947 42 2.37798
      vertex -27.3787 42 2.25689
    endloop
  endfacet
  facet normal 0 1 0
    outer loop
      vertex -35 42 0
      vertex -27.3787 42 2.25689
      vertex -27.3523 42 2.13765
    endloop
  endfacet
  facet normal 0 1 0
    outer loop
      vertex -35 42 0
      vertex -27.3523 42 2.13765
      vertex -27.3156 42 2.02117
    endloop
  endfacet
  facet normal 0 1 0
    outer loop
      vertex -35 42 0
      vertex -27.3156 42 2.02117
      vertex -27.2688 42 1.90833
    endloop
  endfacet
  facet normal 0 1 0
    outer loop
      vertex -35 42 0
      vertex -27.2688 42 1.90833
      vertex -27.2124 42 1.8
    endloop
  endfacet
  facet normal 0 1 0
    outer loop
      vertex -35 42 0
      vertex -27.2124 42 1.8
      vertex -27.1468 42 1.69699
    endloop
  endfacet
  facet normal 0 1 0
    outer loop
      vertex -35 42 0
      vertex -27.1468 42 1.69699
      vertex -27.0725 42 1.6001
    endloop
  endfacet
  facet normal 0 1 0
    outer loop
      vertex -35 42 0
      vertex -27.0725 42 1.6001
      vertex -26.9899 42 1.51005
    endloop
  endfacet
  facet normal 0 1 0
    outer loop
      vertex -35 42 0
      vertex -26.9899 42 1.51005
      vertex -26.8999 42 1.42754
    endloop
  endfacet
  facet normal 0 1 0
    outer loop
      vertex -35 42 0
      vertex -26.8999 42 1.42754
      vertex -26.803 42 1.35319
    endloop
  endfacet
  facet normal 0 1 0
    outer loop
      vertex -35 42 0
      vertex -26.803 42 1.35319
      vertex -26.7 42 1.28757
    endloop
  endfacet
  facet normal 0 1 0
    outer loop
      vertex -35 42 0
      vertex -26.7 42 1.28757
      vertex -26.5917 42 1.23117
    endloop
  endfacet
  facet normal 0 1 0
    outer loop
      vertex -27.4 42 2.5
      vertex -35 42 0
      vertex -35 42 5
    endloop
  endfacet
  facet normal 0 1 0
    outer loop
      vertex -26.4788 42 1.18443
      vertex -35 42 0
      vertex -26.5917 42 1.23117
    endloop
  endfacet
  facet normal 0 1 0
    outer loop
      vertex -26.3623 42 1.1477
      vertex -35 42 0
      vertex -26.4788 42 1.18443
    endloop
  endfacet
  facet normal 0 1 0
    outer loop
      vertex -26.2431 42 1.12127
      vertex -35 42 0
      vertex -26.3623 42 1.1477
    endloop
  endfacet
  facet normal 0 1 0
    outer loop
      vertex -26.122 42 1.10533
      vertex -35 42 0
      vertex -26.2431 42 1.12127
    endloop
  endfacet
  facet normal 0 1 0
    outer loop
      vertex -26 42 1.1
      vertex -35 42 0
      vertex -26.122 42 1.10533
    endloop
  endfacet
  facet normal 0 1 0
    outer loop
      vertex -25.878 42 1.10533
      vertex -35 42 0
      vertex -26 42 1.1
    endloop
  endfacet
  facet normal 1 0 0
    outer loop
      vertex 14 42 41
      vertex 14 40.4 27
      vertex 14 42 9
    endloop
  endfacet
  facet normal 1 0 0
    outer loop
      vertex 14 42 41
      vertex 14 40.3966 27.0784
      vertex 14 40.4 27
    endloop
  endfacet
  facet normal 1 0 0
    outer loop
      vertex 14 42 41
      vertex 14 40.3863 27.1563
      vertex 14 40.3966 27.0784
    endloop
  endfacet
  facet normal 1 0 0
    outer loop
      vertex 14 42 41
      vertex 14 40.3693 27.2329
      vertex 14 40.3863 27.1563
    endloop
  endfacet
  facet normal 1 0 0
    outer loop
      vertex 14 42 41
      vertex 14 40.3457 27.3078
      vertex 14 40.3693 27.2329
    endloop
  endfacet
  facet normal 1 0 0
    outer loop
      vertex 14 42 41
      vertex 14 40.3157 27.3804
      vertex 14 40.3457 27.3078
    endloop
  endfacet
  facet normal 1 0 0
    outer loop
      vertex 14 42 41
      vertex 14 40.2794 27.45
      vertex 14 40.3157 27.3804
    endloop
  endfacet
  facet normal 1 0 0
    outer loop
      vertex 14 42 41
      vertex 14 40.2372 27.5162
      vertex 14 40.2794 27.45
    endloop
  endfacet
  facet normal 1 0 0
    outer loop
      vertex 14 42 41
      vertex 14 40.1894 27.5785
      vertex 14 40.2372 27.5162
    endloop
  endfacet
  facet normal 1 0 0
    outer loop
      vertex 14 42 41
      vertex 14 40.1364 27.6364
      vertex 14 40.1894 27.5785
    endloop
  endfacet
  facet normal 1 0 0
    outer loop
      vertex 14 42 41
      vertex 14 40.0785 27.6894
      vertex 14 40.1364 27.6364
    endloop
  endfacet
  facet normal 1 -0 0
    outer loop
      vertex 14 37.3 33.4
      vertex 14 40.0785 27.6894
      vertex 14 42 41
    endloop
  endfacet
  facet normal 1 0 0
    outer loop
      vertex 14 40.0785 27.6894
      vertex 14 37.3 33.4
      vertex 14 40.0162 27.7372
    endloop
  endfacet
  facet normal 1 0 0
    outer loop
      vertex 14 40.0162 27.7372
      vertex 14 37.3 33.4
      vertex 14 39.95 27.7794
    endloop
  endfacet
  facet normal 1 0 0
    outer loop
      vertex 14 39.95 27.7794
      vertex 14 37.3 33.4
      vertex 14 39.8804 27.8157
    endloop
  endfacet
  facet normal 1 0 0
    outer loop
      vertex 14 39.8804 27.8157
      vertex 14 37.3 33.4
      vertex 14 39.8078 27.8457
    endloop
  endfacet
  facet normal 1 0 0
    outer loop
      vertex 14 39.8078 27.8457
      vertex 14 37.3 33.4
      vertex 14 39.7329 27.8693
    endloop
  endfacet
  facet normal 1 0 0
    outer loop
      vertex 14 39.7329 27.8693
      vertex 14 37.3 33.4
      vertex 14 39.6563 27.8863
    endloop
  endfacet
  facet normal 1 0 0
    outer loop
      vertex 14 39.6563 27.8863
      vertex 14 37.3 33.4
      vertex 14 39.5784 27.8966
    endloop
  endfacet
  facet normal 1 0 0
    outer loop
      vertex 14 39.5784 27.8966
      vertex 14 37.3 33.4
      vertex 14 39.5 27.9
    endloop
  endfacet
  facet normal 1 0 0
    outer loop
      vertex 14 39.5 27.9
      vertex 14 37.3 33.4
      vertex 14 39.4216 27.8966
    endloop
  endfacet
  facet normal 1 0 0
    outer loop
      vertex 14 39.4216 27.8966
      vertex 14 37.3 33.4
      vertex 14 39.3437 27.8863
    endloop
  endfacet
  facet normal 1 0 0
    outer loop
      vertex 14 39.3437 27.8863
      vertex 14 37.3 33.4
      vertex 14 39.2671 27.8693
    endloop
  endfacet
  facet normal 1 0 0
    outer loop
      vertex 14 39.2671 27.8693
      vertex 14 37.3 33.4
      vertex 14 39.1922 27.8457
    endloop
  endfacet
  facet normal 1 0 0
    outer loop
      vertex 14 39.1922 27.8457
      vertex 14 37.3 33.4
      vertex 14 39.1196 27.8157
    endloop
  endfacet
  facet normal 1 0 0
    outer loop
      vertex 14 39.1196 27.8157
      vertex 14 37.3 33.4
      vertex 14 39.05 27.7794
    endloop
  endfacet
  facet normal 1 0 0
    outer loop
      vertex 14 39.05 27.7794
      vertex 14 37.3 33.4
      vertex 14 38.9838 27.7372
    endloop
  endfacet
  facet normal 1 0 0
    outer loop
      vertex 14 38.9838 27.7372
      vertex 14 37.3 33.4
      vertex 14 38.9215 27.6894
    endloop
  endfacet
  facet normal 1 0 0
    outer loop
      vertex 14 38.9215 27.6894
      vertex 14 37.3 33.4
      vertex 14 38.8636 27.6364
    endloop
  endfacet
  facet normal 1 0 0
    outer loop
      vertex 14 38.8636 27.6364
      vertex 14 37.3 33.4
      vertex 14 38.8106 27.5785
    endloop
  endfacet
  facet normal 1 0 0
    outer loop
      vertex 14 38.8106 27.5785
      vertex 14 37.3 33.4
      vertex 14 38.7628 27.5162
    endloop
  endfacet
  facet normal 1 0 0
    outer loop
      vertex 14 38.7628 27.5162
      vertex 14 37.3 33.4
      vertex 14 38.7206 27.45
    endloop
  endfacet
  facet normal 1 0 0
    outer loop
      vertex 14 38.7206 27.45
      vertex 14 37.3 33.4
      vertex 14 38.6843 27.3804
    endloop
  endfacet
  facet normal 1 0 0
    outer loop
      vertex 14 38.6843 27.3804
      vertex 14 37.3 33.4
      vertex 14 38.6543 27.3078
    endloop
  endfacet
  facet normal 1 0 0
    outer loop
      vertex 14 38.6034 27.0784
      vertex 14 37.3 33.4
      vertex 14 38.6 27
    endloop
  endfacet
  facet normal 1 0 0
    outer loop
      vertex 14 38.6137 27.1563
      vertex 14 37.3 33.4
      vertex 14 38.6034 27.0784
    endloop
  endfacet
  facet normal 1 0 0
    outer loop
      vertex 14 38.6307 27.2329
      vertex 14 37.3 33.4
      vertex 14 38.6137 27.1563
    endloop
  endfacet
  facet normal 1 0 0
    outer loop
      vertex 14 38.6543 27.3078
      vertex 14 37.3 33.4
      vertex 14 38.6307 27.2329
    endloop
  endfacet
  facet normal 1 0 0
    outer loop
      vertex 14 42 41
      vertex 14 13.9 33.4
      vertex 14 37.3 33.4
    endloop
  endfacet
  facet normal 1 0 0
    outer loop
      vertex 14 13.9 33.4
      vertex 14 12.6 27
      vertex 14 13.9 20.6
    endloop
  endfacet
  facet normal 1 0 0
    outer loop
      vertex 14 13.9 33.4
      vertex 14 12.5966 27.0784
      vertex 14 12.6 27
    endloop
  endfacet
  facet normal 1 0 0
    outer loop
      vertex 14 13.9 33.4
      vertex 14 12.5863 27.1563
      vertex 14 12.5966 27.0784
    endloop
  endfacet
  facet normal 1 0 0
    outer loop
      vertex 14 13.9 33.4
      vertex 14 12.5693 27.2329
      vertex 14 12.5863 27.1563
    endloop
  endfacet
  facet normal 1 0 0
    outer loop
      vertex 14 13.9 33.4
      vertex 14 12.5457 27.3078
      vertex 14 12.5693 27.2329
    endloop
  endfacet
  facet normal 1 0 0
    outer loop
      vertex 14 13.9 33.4
      vertex 14 12.5157 27.3804
      vertex 14 12.5457 27.3078
    endloop
  endfacet
  facet normal 1 0 0
    outer loop
      vertex 14 13.9 33.4
      vertex 14 12.4794 27.45
      vertex 14 12.5157 27.3804
    endloop
  endfacet
  facet normal 1 0 0
    outer loop
      vertex 14 13.9 33.4
      vertex 14 12.4372 27.5162
      vertex 14 12.4794 27.45
    endloop
  endfacet
  facet normal 1 0 0
    outer loop
      vertex 14 13.9 33.4
      vertex 14 12.3894 27.5785
      vertex 14 12.4372 27.5162
    endloop
  endfacet
  facet normal 1 0 0
    outer loop
      vertex 14 13.9 33.4
      vertex 14 12.3364 27.6364
      vertex 14 12.3894 27.5785
    endloop
  endfacet
  facet normal 1 0 0
    outer loop
      vertex 14 13.9 33.4
      vertex 14 12.2785 27.6894
      vertex 14 12.3364 27.6364
    endloop
  endfacet
  facet normal 1 0 0
    outer loop
      vertex 14 13.9 33.4
      vertex 14 12.2162 27.7372
      vertex 14 12.2785 27.6894
    endloop
  endfacet
  facet normal 1 0 0
    outer loop
      vertex 14 13.9 33.4
      vertex 14 12.15 27.7794
      vertex 14 12.2162 27.7372
    endloop
  endfacet
  facet normal 1 0 0
    outer loop
      vertex 14 13.9 33.4
      vertex 14 12.0804 27.8157
      vertex 14 12.15 27.7794
    endloop
  endfacet
  facet normal 1 0 0
    outer loop
      vertex 14 13.9 33.4
      vertex 14 12.0078 27.8457
      vertex 14 12.0804 27.8157
    endloop
  endfacet
  facet normal 1 0 0
    outer loop
      vertex 14 13.9 33.4
      vertex 14 11.9329 27.8693
      vertex 14 12.0078 27.8457
    endloop
  endfacet
  facet normal 1 0 0
    outer loop
      vertex 14 13.9 33.4
      vertex 14 11.8563 27.8863
      vertex 14 11.9329 27.8693
    endloop
  endfacet
  facet normal 1 0 0
    outer loop
      vertex 14 13.9 33.4
      vertex 14 11.7784 27.8966
      vertex 14 11.8563 27.8863
    endloop
  endfacet
  facet normal 1 0 0
    outer loop
      vertex 14 13.9 33.4
      vertex 14 11.7 27.9
      vertex 14 11.7784 27.8966
    endloop
  endfacet
  facet normal 1 0 0
    outer loop
      vertex 14 13.9 33.4
      vertex 14 11.6216 27.8966
      vertex 14 11.7 27.9
    endloop
  endfacet
  facet normal 1 0 0
    outer loop
      vertex 14 13.9 33.4
      vertex 14 11.5437 27.8863
      vertex 14 11.6216 27.8966
    endloop
  endfacet
  facet normal 1 0 0
    outer loop
      vertex 14 13.9 33.4
      vertex 14 11.4671 27.8693
      vertex 14 11.5437 27.8863
    endloop
  endfacet
  facet normal 1 0 0
    outer loop
      vertex 14 13.9 33.4
      vertex 14 11.3922 27.8457
      vertex 14 11.4671 27.8693
    endloop
  endfacet
  facet normal 1 0 0
    outer loop
      vertex 14 13.9 33.4
      vertex 14 11.3196 27.8157
      vertex 14 11.3922 27.8457
    endloop
  endfacet
  facet normal 1 0 0
    outer loop
      vertex 14 13.9 33.4
      vertex 14 11.25 27.7794
      vertex 14 11.3196 27.8157
    endloop
  endfacet
  facet normal 1 0 0
    outer loop
      vertex 14 13.9 33.4
      vertex 14 11.1838 27.7372
      vertex 14 11.25 27.7794
    endloop
  endfacet
  facet normal 1 0 0
    outer loop
      vertex 14 13.9 33.4
      vertex 14 11.1215 27.6894
      vertex 14 11.1838 27.7372
    endloop
  endfacet
  facet normal 1 0 0
    outer loop
      vertex 14 8 41
      vertex 14 11.1215 27.6894
      vertex 14 13.9 33.4
    endloop
  endfacet
  facet normal 1 0 0
    outer loop
      vertex 14 11.1215 27.6894
      vertex 14 8 41
      vertex 14 11.0636 27.6364
    endloop
  endfacet
  facet normal 1 0 0
    outer loop
      vertex 14 11.0636 27.6364
      vertex 14 8 41
      vertex 14 11.0106 27.5785
    endloop
  endfacet
  facet normal 1 0 0
    outer loop
      vertex 14 11.0106 27.5785
      vertex 14 8 41
      vertex 14 10.9628 27.5162
    endloop
  endfacet
  facet normal 1 0 0
    outer loop
      vertex 14 10.9628 27.5162
      vertex 14 8 41
      vertex 14 10.9206 27.45
    endloop
  endfacet
  facet normal 1 0 0
    outer loop
      vertex 14 10.8034 27.0784
      vertex 14 8 41
      vertex 14 10.8 27
    endloop
  endfacet
  facet normal 1 0 0
    outer loop
      vertex 14 10.8137 27.1563
      vertex 14 8 41
      vertex 14 10.8034 27.0784
    endloop
  endfacet
  facet normal 1 0 0
    outer loop
      vertex 14 10.8307 27.2329
      vertex 14 8 41
      vertex 14 10.8137 27.1563
    endloop
  endfacet
  facet normal 1 0 0
    outer loop
      vertex 14 10.8543 27.3078
      vertex 14 8 41
      vertex 14 10.8307 27.2329
    endloop
  endfacet
  facet normal 1 0 0
    outer loop
      vertex 14 10.8843 27.3804
      vertex 14 8 41
      vertex 14 10.8543 27.3078
    endloop
  endfacet
  facet normal 1 0 0
    outer loop
      vertex 14 10.9206 27.45
      vertex 14 8 41
      vertex 14 10.8843 27.3804
    endloop
  endfacet
  facet normal 1 -0 0
    outer loop
      vertex 14 8 41
      vertex 14 13.9 33.4
      vertex 14 42 41
    endloop
  endfacet
  facet normal 1 -0 0
    outer loop
      vertex 14 40.3966 26.9216
      vertex 14 42 9
      vertex 14 40.4 27
    endloop
  endfacet
  facet normal 1 -0 0
    outer loop
      vertex 14 40.3863 26.8437
      vertex 14 42 9
      vertex 14 40.3966 26.9216
    endloop
  endfacet
  facet normal 1 -0 0
    outer loop
      vertex 14 40.3693 26.7671
      vertex 14 42 9
      vertex 14 40.3863 26.8437
    endloop
  endfacet
  facet normal 1 -0 0
    outer loop
      vertex 14 40.3457 26.6922
      vertex 14 42 9
      vertex 14 40.3693 26.7671
    endloop
  endfacet
  facet normal 1 -0 0
    outer loop
      vertex 14 40.3157 26.6196
      vertex 14 42 9
      vertex 14 40.3457 26.6922
    endloop
  endfacet
  facet normal 1 -0 0
    outer loop
      vertex 14 40.2794 26.55
      vertex 14 42 9
      vertex 14 40.3157 26.6196
    endloop
  endfacet
  facet normal 1 -0 0
    outer loop
      vertex 14 40.2372 26.4838
      vertex 14 42 9
      vertex 14 40.2794 26.55
    endloop
  endfacet
  facet normal 1 -0 0
    outer loop
      vertex 14 40.1894 26.4215
      vertex 14 42 9
      vertex 14 40.2372 26.4838
    endloop
  endfacet
  facet normal 1 -0 0
    outer loop
      vertex 14 40.1364 26.3636
      vertex 14 42 9
      vertex 14 40.1894 26.4215
    endloop
  endfacet
  facet normal 1 0 0
    outer loop
      vertex 14 37.3 20.6
      vertex 14 40.1364 26.3636
      vertex 14 40.0785 26.3106
    endloop
  endfacet
  facet normal 1 0 0
    outer loop
      vertex 14 37.3 20.6
      vertex 14 40.0785 26.3106
      vertex 14 40.0162 26.2628
    endloop
  endfacet
  facet normal 1 0 0
    outer loop
      vertex 14 37.3 20.6
      vertex 14 40.0162 26.2628
      vertex 14 39.95 26.2206
    endloop
  endfacet
  facet normal 1 0 0
    outer loop
      vertex 14 37.3 20.6
      vertex 14 39.95 26.2206
      vertex 14 39.8804 26.1843
    endloop
  endfacet
  facet normal 1 0 0
    outer loop
      vertex 14 37.3 20.6
      vertex 14 39.8804 26.1843
      vertex 14 39.8078 26.1543
    endloop
  endfacet
  facet normal 1 0 0
    outer loop
      vertex 14 37.3 20.6
      vertex 14 39.8078 26.1543
      vertex 14 39.7329 26.1307
    endloop
  endfacet
  facet normal 1 0 0
    outer loop
      vertex 14 37.3 20.6
      vertex 14 39.7329 26.1307
      vertex 14 39.6563 26.1137
    endloop
  endfacet
  facet normal 1 0 0
    outer loop
      vertex 14 37.3 20.6
      vertex 14 39.6563 26.1137
      vertex 14 39.5784 26.1034
    endloop
  endfacet
  facet normal 1 0 0
    outer loop
      vertex 14 37.3 20.6
      vertex 14 39.5784 26.1034
      vertex 14 39.5 26.1
    endloop
  endfacet
  facet normal 1 0 0
    outer loop
      vertex 14 37.3 20.6
      vertex 14 39.5 26.1
      vertex 14 39.4216 26.1034
    endloop
  endfacet
  facet normal 1 0 0
    outer loop
      vertex 14 37.3 20.6
      vertex 14 39.4216 26.1034
      vertex 14 39.3437 26.1137
    endloop
  endfacet
  facet normal 1 0 0
    outer loop
      vertex 14 37.3 20.6
      vertex 14 39.3437 26.1137
      vertex 14 39.2671 26.1307
    endloop
  endfacet
  facet normal 1 0 0
    outer loop
      vertex 14 37.3 20.6
      vertex 14 39.2671 26.1307
      vertex 14 39.1922 26.1543
    endloop
  endfacet
  facet normal 1 0 0
    outer loop
      vertex 14 37.3 20.6
      vertex 14 39.1922 26.1543
      vertex 14 39.1196 26.1843
    endloop
  endfacet
  facet normal 1 0 0
    outer loop
      vertex 14 37.3 20.6
      vertex 14 39.1196 26.1843
      vertex 14 39.05 26.2206
    endloop
  endfacet
  facet normal 1 0 0
    outer loop
      vertex 14 37.3 20.6
      vertex 14 39.05 26.2206
      vertex 14 38.9838 26.2628
    endloop
  endfacet
  facet normal 1 0 0
    outer loop
      vertex 14 37.3 20.6
      vertex 14 38.9838 26.2628
      vertex 14 38.9215 26.3106
    endloop
  endfacet
  facet normal 1 0 0
    outer loop
      vertex 14 37.3 20.6
      vertex 14 38.9215 26.3106
      vertex 14 38.8636 26.3636
    endloop
  endfacet
  facet normal 1 0 0
    outer loop
      vertex 14 37.3 20.6
      vertex 14 38.8636 26.3636
      vertex 14 38.8106 26.4215
    endloop
  endfacet
  facet normal 1 0 0
    outer loop
      vertex 14 37.3 20.6
      vertex 14 38.8106 26.4215
      vertex 14 38.7628 26.4838
    endloop
  endfacet
  facet normal 1 0 0
    outer loop
      vertex 14 37.3 20.6
      vertex 14 38.7628 26.4838
      vertex 14 38.7206 26.55
    endloop
  endfacet
  facet normal 1 0 0
    outer loop
      vertex 14 37.3 20.6
      vertex 14 38.7206 26.55
      vertex 14 38.6843 26.6196
    endloop
  endfacet
  facet normal 1 0 0
    outer loop
      vertex 14 37.3 20.6
      vertex 14 38.6843 26.6196
      vertex 14 38.6543 26.6922
    endloop
  endfacet
  facet normal 1 0 0
    outer loop
      vertex 14 37.3 20.6
      vertex 14 38.6543 26.6922
      vertex 14 38.6307 26.7671
    endloop
  endfacet
  facet normal 1 0 0
    outer loop
      vertex 14 37.3 20.6
      vertex 14 38.6307 26.7671
      vertex 14 38.6137 26.8437
    endloop
  endfacet
  facet normal 1 0 0
    outer loop
      vertex 14 37.3 20.6
      vertex 14 38.6 27
      vertex 14 37.3 33.4
    endloop
  endfacet
  facet normal 1 0 0
    outer loop
      vertex 14 38.6 27
      vertex 14 37.3 20.6
      vertex 14 38.6034 26.9216
    endloop
  endfacet
  facet normal 1 0 0
    outer loop
      vertex 14 38.6034 26.9216
      vertex 14 37.3 20.6
      vertex 14 38.6137 26.8437
    endloop
  endfacet
  facet normal 1 0 0
    outer loop
      vertex 14 40.1364 26.3636
      vertex 14 37.3 20.6
      vertex 14 42 9
    endloop
  endfacet
  facet normal 1 -0 0
    outer loop
      vertex 14 13.9 20.6
      vertex 14 42 9
      vertex 14 37.3 20.6
    endloop
  endfacet
  facet normal 1 -0 0
    outer loop
      vertex 14 12.5966 26.9216
      vertex 14 13.9 20.6
      vertex 14 12.6 27
    endloop
  endfacet
  facet normal 1 -0 0
    outer loop
      vertex 14 12.5863 26.8437
      vertex 14 13.9 20.6
      vertex 14 12.5966 26.9216
    endloop
  endfacet
  facet normal 1 -0 0
    outer loop
      vertex 14 12.5693 26.7671
      vertex 14 13.9 20.6
      vertex 14 12.5863 26.8437
    endloop
  endfacet
  facet normal 1 -0 0
    outer loop
      vertex 14 12.5457 26.6922
      vertex 14 13.9 20.6
      vertex 14 12.5693 26.7671
    endloop
  endfacet
  facet normal 1 -0 0
    outer loop
      vertex 14 12.5157 26.6196
      vertex 14 13.9 20.6
      vertex 14 12.5457 26.6922
    endloop
  endfacet
  facet normal 1 -0 0
    outer loop
      vertex 14 12.4794 26.55
      vertex 14 13.9 20.6
      vertex 14 12.5157 26.6196
    endloop
  endfacet
  facet normal 1 -0 0
    outer loop
      vertex 14 12.4372 26.4838
      vertex 14 13.9 20.6
      vertex 14 12.4794 26.55
    endloop
  endfacet
  facet normal 1 -0 0
    outer loop
      vertex 14 12.3894 26.4215
      vertex 14 13.9 20.6
      vertex 14 12.4372 26.4838
    endloop
  endfacet
  facet normal 1 -0 0
    outer loop
      vertex 14 12.3364 26.3636
      vertex 14 13.9 20.6
      vertex 14 12.3894 26.4215
    endloop
  endfacet
  facet normal 1 -0 0
    outer loop
      vertex 14 12.2785 26.3106
      vertex 14 13.9 20.6
      vertex 14 12.3364 26.3636
    endloop
  endfacet
  facet normal 1 -0 0
    outer loop
      vertex 14 12.2162 26.2628
      vertex 14 13.9 20.6
      vertex 14 12.2785 26.3106
    endloop
  endfacet
  facet normal 1 -0 0
    outer loop
      vertex 14 12.15 26.2206
      vertex 14 13.9 20.6
      vertex 14 12.2162 26.2628
    endloop
  endfacet
  facet normal 1 -0 0
    outer loop
      vertex 14 12.0804 26.1843
      vertex 14 13.9 20.6
      vertex 14 12.15 26.2206
    endloop
  endfacet
  facet normal 1 -0 0
    outer loop
      vertex 14 12.0078 26.1543
      vertex 14 13.9 20.6
      vertex 14 12.0804 26.1843
    endloop
  endfacet
  facet normal 1 -0 0
    outer loop
      vertex 14 11.9329 26.1307
      vertex 14 13.9 20.6
      vertex 14 12.0078 26.1543
    endloop
  endfacet
  facet normal 1 -0 0
    outer loop
      vertex 14 11.8563 26.1137
      vertex 14 13.9 20.6
      vertex 14 11.9329 26.1307
    endloop
  endfacet
  facet normal 1 -0 0
    outer loop
      vertex 14 11.7784 26.1034
      vertex 14 13.9 20.6
      vertex 14 11.8563 26.1137
    endloop
  endfacet
  facet normal 1 -0 0
    outer loop
      vertex 14 11.7 26.1
      vertex 14 13.9 20.6
      vertex 14 11.7784 26.1034
    endloop
  endfacet
  facet normal 1 0 0
    outer loop
      vertex 14 11.6216 26.1034
      vertex 14 13.9 20.6
      vertex 14 11.7 26.1
    endloop
  endfacet
  facet normal 1 0 0
    outer loop
      vertex 14 11.5437 26.1137
      vertex 14 13.9 20.6
      vertex 14 11.6216 26.1034
    endloop
  endfacet
  facet normal 1 0 0
    outer loop
      vertex 14 11.4671 26.1307
      vertex 14 13.9 20.6
      vertex 14 11.5437 26.1137
    endloop
  endfacet
  facet normal 1 0 0
    outer loop
      vertex 14 11.3922 26.1543
      vertex 14 13.9 20.6
      vertex 14 11.4671 26.1307
    endloop
  endfacet
  facet normal 1 0 0
    outer loop
      vertex 14 11.3196 26.1843
      vertex 14 13.9 20.6
      vertex 14 11.3922 26.1543
    endloop
  endfacet
  facet normal 1 0 0
    outer loop
      vertex 14 11.25 26.2206
      vertex 14 13.9 20.6
      vertex 14 11.3196 26.1843
    endloop
  endfacet
  facet normal 1 0 0
    outer loop
      vertex 14 11.1838 26.2628
      vertex 14 13.9 20.6
      vertex 14 11.25 26.2206
    endloop
  endfacet
  facet normal 1 0 0
    outer loop
      vertex 14 11.1215 26.3106
      vertex 14 13.9 20.6
      vertex 14 11.1838 26.2628
    endloop
  endfacet
  facet normal 1 0 0
    outer loop
      vertex 14 11.0636 26.3636
      vertex 14 13.9 20.6
      vertex 14 11.1215 26.3106
    endloop
  endfacet
  facet normal 1 0 0
    outer loop
      vertex 14 8 9
      vertex 14 11.0636 26.3636
      vertex 14 11.0106 26.4215
    endloop
  endfacet
  facet normal 1 0 0
    outer loop
      vertex 14 8 9
      vertex 14 11.0106 26.4215
      vertex 14 10.9628 26.4838
    endloop
  endfacet
  facet normal 1 0 0
    outer loop
      vertex 14 8 9
      vertex 14 10.9628 26.4838
      vertex 14 10.9206 26.55
    endloop
  endfacet
  facet normal 1 0 0
    outer loop
      vertex 14 8 9
      vertex 14 10.9206 26.55
      vertex 14 10.8843 26.6196
    endloop
  endfacet
  facet normal 1 0 0
    outer loop
      vertex 14 8 41
      vertex 14 10.8034 26.9216
      vertex 14 10.8 27
    endloop
  endfacet
  facet normal 1 0 0
    outer loop
      vertex 14 8 9
      vertex 14 10.8034 26.9216
      vertex 14 8 41
    endloop
  endfacet
  facet normal 1 0 0
    outer loop
      vertex 14 13.9 20.6
      vertex 14 8 9
      vertex 14 42 9
    endloop
  endfacet
  facet normal 1 0 0
    outer loop
      vertex 14 11.0636 26.3636
      vertex 14 8 9
      vertex 14 13.9 20.6
    endloop
  endfacet
  facet normal 1 0 0
    outer loop
      vertex 14 10.8543 26.6922
      vertex 14 8 9
      vertex 14 10.8843 26.6196
    endloop
  endfacet
  facet normal 1 0 0
    outer loop
      vertex 14 10.8307 26.7671
      vertex 14 8 9
      vertex 14 10.8543 26.6922
    endloop
  endfacet
  facet normal 1 0 0
    outer loop
      vertex 14 10.8137 26.8437
      vertex 14 8 9
      vertex 14 10.8307 26.7671
    endloop
  endfacet
  facet normal 1 0 0
    outer loop
      vertex 14 10.8034 26.9216
      vertex 14 8 9
      vertex 14 10.8137 26.8437
    endloop
  endfacet
  facet normal -0 0 1
    outer loop
      vertex 10 42 41
      vertex 14 8 41
      vertex 14 42 41
    endloop
  endfacet
  facet normal 0 0 1
    outer loop
      vertex 14 8 41
      vertex 10 42 41
      vertex 10 8 41
    endloop
  endfacet
  facet normal -1 0 0
    outer loop
      vertex 10 42 5
      vertex 10 40.4 27
      vertex 10 42 41
    endloop
  endfacet
  facet normal -1 0 0
    outer loop
      vertex 10 42 5
      vertex 10 40.3966 26.9216
      vertex 10 40.4 27
    endloop
  endfacet
  facet normal -1 0 0
    outer loop
      vertex 10 42 5
      vertex 10 40.3863 26.8437
      vertex 10 40.3966 26.9216
    endloop
  endfacet
  facet normal -1 0 0
    outer loop
      vertex 10 42 5
      vertex 10 40.3693 26.7671
      vertex 10 40.3863 26.8437
    endloop
  endfacet
  facet normal -1 0 0
    outer loop
      vertex 10 42 5
      vertex 10 40.3457 26.6922
      vertex 10 40.3693 26.7671
    endloop
  endfacet
  facet normal -1 0 0
    outer loop
      vertex 10 42 5
      vertex 10 40.3157 26.6196
      vertex 10 40.3457 26.6922
    endloop
  endfacet
  facet normal -1 0 0
    outer loop
      vertex 10 42 5
      vertex 10 40.2794 26.55
      vertex 10 40.3157 26.6196
    endloop
  endfacet
  facet normal -1 0 0
    outer loop
      vertex 10 42 5
      vertex 10 40.2372 26.4838
      vertex 10 40.2794 26.55
    endloop
  endfacet
  facet normal -1 0 0
    outer loop
      vertex 10 42 5
      vertex 10 40.1894 26.4215
      vertex 10 40.2372 26.4838
    endloop
  endfacet
  facet normal -1 0 0
    outer loop
      vertex 10 37.3 20.6
      vertex 10 40.1894 26.4215
      vertex 10 42 5
    endloop
  endfacet
  facet normal -1 0 0
    outer loop
      vertex 10 40.1894 26.4215
      vertex 10 37.3 20.6
      vertex 10 40.1364 26.3636
    endloop
  endfacet
  facet normal -1 0 0
    outer loop
      vertex 10 40.1364 26.3636
      vertex 10 37.3 20.6
      vertex 10 40.0785 26.3106
    endloop
  endfacet
  facet normal -1 0 0
    outer loop
      vertex 10 40.0785 26.3106
      vertex 10 37.3 20.6
      vertex 10 40.0162 26.2628
    endloop
  endfacet
  facet normal -1 0 0
    outer loop
      vertex 10 40.0162 26.2628
      vertex 10 37.3 20.6
      vertex 10 39.95 26.2206
    endloop
  endfacet
  facet normal -1 0 0
    outer loop
      vertex 10 39.95 26.2206
      vertex 10 37.3 20.6
      vertex 10 39.8804 26.1843
    endloop
  endfacet
  facet normal -1 0 0
    outer loop
      vertex 10 39.8804 26.1843
      vertex 10 37.3 20.6
      vertex 10 39.8078 26.1543
    endloop
  endfacet
  facet normal -1 0 0
    outer loop
      vertex 10 39.8078 26.1543
      vertex 10 37.3 20.6
      vertex 10 39.7329 26.1307
    endloop
  endfacet
  facet normal -1 0 0
    outer loop
      vertex 10 39.7329 26.1307
      vertex 10 37.3 20.6
      vertex 10 39.6563 26.1137
    endloop
  endfacet
  facet normal -1 0 0
    outer loop
      vertex 10 39.6563 26.1137
      vertex 10 37.3 20.6
      vertex 10 39.5784 26.1034
    endloop
  endfacet
  facet normal -1 0 0
    outer loop
      vertex 10 39.5784 26.1034
      vertex 10 37.3 20.6
      vertex 10 39.5 26.1
    endloop
  endfacet
  facet normal -1 -0 0
    outer loop
      vertex 10 39.5 26.1
      vertex 10 37.3 20.6
      vertex 10 39.4216 26.1034
    endloop
  endfacet
  facet normal -1 -0 0
    outer loop
      vertex 10 39.4216 26.1034
      vertex 10 37.3 20.6
      vertex 10 39.3437 26.1137
    endloop
  endfacet
  facet normal -1 -0 0
    outer loop
      vertex 10 39.3437 26.1137
      vertex 10 37.3 20.6
      vertex 10 39.2671 26.1307
    endloop
  endfacet
  facet normal -1 -0 0
    outer loop
      vertex 10 39.2671 26.1307
      vertex 10 37.3 20.6
      vertex 10 39.1922 26.1543
    endloop
  endfacet
  facet normal -1 -0 0
    outer loop
      vertex 10 39.1922 26.1543
      vertex 10 37.3 20.6
      vertex 10 39.1196 26.1843
    endloop
  endfacet
  facet normal -1 -0 0
    outer loop
      vertex 10 39.1196 26.1843
      vertex 10 37.3 20.6
      vertex 10 39.05 26.2206
    endloop
  endfacet
  facet normal -1 -0 0
    outer loop
      vertex 10 39.05 26.2206
      vertex 10 37.3 20.6
      vertex 10 38.9838 26.2628
    endloop
  endfacet
  facet normal -1 -0 0
    outer loop
      vertex 10 38.9838 26.2628
      vertex 10 37.3 20.6
      vertex 10 38.9215 26.3106
    endloop
  endfacet
  facet normal -1 -0 0
    outer loop
      vertex 10 38.9215 26.3106
      vertex 10 37.3 20.6
      vertex 10 38.8636 26.3636
    endloop
  endfacet
  facet normal -1 -0 0
    outer loop
      vertex 10 38.8636 26.3636
      vertex 10 37.3 20.6
      vertex 10 38.8106 26.4215
    endloop
  endfacet
  facet normal -1 -0 0
    outer loop
      vertex 10 38.8106 26.4215
      vertex 10 37.3 20.6
      vertex 10 38.7628 26.4838
    endloop
  endfacet
  facet normal -1 -0 0
    outer loop
      vertex 10 38.7628 26.4838
      vertex 10 37.3 20.6
      vertex 10 38.7206 26.55
    endloop
  endfacet
  facet normal -1 -0 0
    outer loop
      vertex 10 38.7206 26.55
      vertex 10 37.3 20.6
      vertex 10 38.6843 26.6196
    endloop
  endfacet
  facet normal -1 -0 0
    outer loop
      vertex 10 38.6843 26.6196
      vertex 10 37.3 20.6
      vertex 10 38.6543 26.6922
    endloop
  endfacet
  facet normal -1 -0 0
    outer loop
      vertex 10 38.6543 26.6922
      vertex 10 37.3 20.6
      vertex 10 38.6307 26.7671
    endloop
  endfacet
  facet normal -1 -0 0
    outer loop
      vertex 10 38.6034 26.9216
      vertex 10 37.3 20.6
      vertex 10 38.6 27
    endloop
  endfacet
  facet normal -1 -0 0
    outer loop
      vertex 10 38.6137 26.8437
      vertex 10 37.3 20.6
      vertex 10 38.6034 26.9216
    endloop
  endfacet
  facet normal -1 -0 0
    outer loop
      vertex 10 38.6307 26.7671
      vertex 10 37.3 20.6
      vertex 10 38.6137 26.8437
    endloop
  endfacet
  facet normal -1 0 0
    outer loop
      vertex 10 42 5
      vertex 10 13.9 20.6
      vertex 10 37.3 20.6
    endloop
  endfacet
  facet normal -1 0 0
    outer loop
      vertex 10 13.9 20.6
      vertex 10 12.6 27
      vertex 10 13.9 33.4
    endloop
  endfacet
  facet normal -1 0 0
    outer loop
      vertex 10 13.9 20.6
      vertex 10 12.5966 26.9216
      vertex 10 12.6 27
    endloop
  endfacet
  facet normal -1 0 0
    outer loop
      vertex 10 13.9 20.6
      vertex 10 12.5863 26.8437
      vertex 10 12.5966 26.9216
    endloop
  endfacet
  facet normal -1 0 0
    outer loop
      vertex 10 13.9 20.6
      vertex 10 12.5693 26.7671
      vertex 10 12.5863 26.8437
    endloop
  endfacet
  facet normal -1 0 0
    outer loop
      vertex 10 13.9 20.6
      vertex 10 12.5457 26.6922
      vertex 10 12.5693 26.7671
    endloop
  endfacet
  facet normal -1 0 0
    outer loop
      vertex 10 13.9 20.6
      vertex 10 12.5157 26.6196
      vertex 10 12.5457 26.6922
    endloop
  endfacet
  facet normal -1 0 0
    outer loop
      vertex 10 13.9 20.6
      vertex 10 12.4794 26.55
      vertex 10 12.5157 26.6196
    endloop
  endfacet
  facet normal -1 0 0
    outer loop
      vertex 10 13.9 20.6
      vertex 10 12.4372 26.4838
      vertex 10 12.4794 26.55
    endloop
  endfacet
  facet normal -1 0 0
    outer loop
      vertex 10 13.9 20.6
      vertex 10 12.3894 26.4215
      vertex 10 12.4372 26.4838
    endloop
  endfacet
  facet normal -1 0 0
    outer loop
      vertex 10 13.9 20.6
      vertex 10 12.3364 26.3636
      vertex 10 12.3894 26.4215
    endloop
  endfacet
  facet normal -1 0 0
    outer loop
      vertex 10 13.9 20.6
      vertex 10 12.2785 26.3106
      vertex 10 12.3364 26.3636
    endloop
  endfacet
  facet normal -1 0 0
    outer loop
      vertex 10 13.9 20.6
      vertex 10 12.2162 26.2628
      vertex 10 12.2785 26.3106
    endloop
  endfacet
  facet normal -1 0 0
    outer loop
      vertex 10 13.9 20.6
      vertex 10 12.15 26.2206
      vertex 10 12.2162 26.2628
    endloop
  endfacet
  facet normal -1 0 0
    outer loop
      vertex 10 13.9 20.6
      vertex 10 12.0804 26.1843
      vertex 10 12.15 26.2206
    endloop
  endfacet
  facet normal -1 0 0
    outer loop
      vertex 10 13.9 20.6
      vertex 10 12.0078 26.1543
      vertex 10 12.0804 26.1843
    endloop
  endfacet
  facet normal -1 0 0
    outer loop
      vertex 10 13.9 20.6
      vertex 10 11.9329 26.1307
      vertex 10 12.0078 26.1543
    endloop
  endfacet
  facet normal -1 0 0
    outer loop
      vertex 10 13.9 20.6
      vertex 10 11.8563 26.1137
      vertex 10 11.9329 26.1307
    endloop
  endfacet
  facet normal -1 0 0
    outer loop
      vertex 10 13.9 20.6
      vertex 10 11.7784 26.1034
      vertex 10 11.8563 26.1137
    endloop
  endfacet
  facet normal -1 0 0
    outer loop
      vertex 10 13.9 20.6
      vertex 10 11.7 26.1
      vertex 10 11.7784 26.1034
    endloop
  endfacet
  facet normal -1 0 0
    outer loop
      vertex 10 13.9 20.6
      vertex 10 11.6216 26.1034
      vertex 10 11.7 26.1
    endloop
  endfacet
  facet normal -1 0 0
    outer loop
      vertex 10 13.9 20.6
      vertex 10 11.5437 26.1137
      vertex 10 11.6216 26.1034
    endloop
  endfacet
  facet normal -1 0 0
    outer loop
      vertex 10 13.9 20.6
      vertex 10 11.4671 26.1307
      vertex 10 11.5437 26.1137
    endloop
  endfacet
  facet normal -1 0 0
    outer loop
      vertex 10 13.9 20.6
      vertex 10 11.3922 26.1543
      vertex 10 11.4671 26.1307
    endloop
  endfacet
  facet normal -1 0 0
    outer loop
      vertex 10 13.9 20.6
      vertex 10 11.3196 26.1843
      vertex 10 11.3922 26.1543
    endloop
  endfacet
  facet normal -1 0 0
    outer loop
      vertex 10 13.9 20.6
      vertex 10 11.25 26.2206
      vertex 10 11.3196 26.1843
    endloop
  endfacet
  facet normal -1 0 0
    outer loop
      vertex 10 13.9 20.6
      vertex 10 11.1838 26.2628
      vertex 10 11.25 26.2206
    endloop
  endfacet
  facet normal -1 0 0
    outer loop
      vertex 10 13.9 20.6
      vertex 10 11.1215 26.3106
      vertex 10 11.1838 26.2628
    endloop
  endfacet
  facet normal -1 0 0
    outer loop
      vertex 10 13.9 20.6
      vertex 10 11.0636 26.3636
      vertex 10 11.1215 26.3106
    endloop
  endfacet
  facet normal -1 0 0
    outer loop
      vertex 10 13.9 20.6
      vertex 10 11.0106 26.4215
      vertex 10 11.0636 26.3636
    endloop
  endfacet
  facet normal -1 0 0
    outer loop
      vertex 10 8 5
      vertex 10 11.0106 26.4215
      vertex 10 13.9 20.6
    endloop
  endfacet
  facet normal -1 -0 0
    outer loop
      vertex 10 11.0106 26.4215
      vertex 10 8 5
      vertex 10 10.9628 26.4838
    endloop
  endfacet
  facet normal -1 -0 0
    outer loop
      vertex 10 10.9628 26.4838
      vertex 10 8 5
      vertex 10 10.9206 26.55
    endloop
  endfacet
  facet normal -1 0 0
    outer loop
      vertex 10 8 41
      vertex 10 10.8034 26.9216
      vertex 10 8 5
    endloop
  endfacet
  facet normal -1 -0 0
    outer loop
      vertex 10 10.8137 26.8437
      vertex 10 8 5
      vertex 10 10.8034 26.9216
    endloop
  endfacet
  facet normal -1 -0 0
    outer loop
      vertex 10 10.8307 26.7671
      vertex 10 8 5
      vertex 10 10.8137 26.8437
    endloop
  endfacet
  facet normal -1 -0 0
    outer loop
      vertex 10 10.8543 26.6922
      vertex 10 8 5
      vertex 10 10.8307 26.7671
    endloop
  endfacet
  facet normal -1 -0 0
    outer loop
      vertex 10 10.8843 26.6196
      vertex 10 8 5
      vertex 10 10.8543 26.6922
    endloop
  endfacet
  facet normal -1 -0 0
    outer loop
      vertex 10 10.9206 26.55
      vertex 10 8 5
      vertex 10 10.8843 26.6196
    endloop
  endfacet
  facet normal -1 0 0
    outer loop
      vertex 10 8 5
      vertex 10 13.9 20.6
      vertex 10 42 5
    endloop
  endfacet
  facet normal -1 0 0
    outer loop
      vertex 10 40.3966 27.0784
      vertex 10 42 41
      vertex 10 40.4 27
    endloop
  endfacet
  facet normal -1 0 0
    outer loop
      vertex 10 40.3863 27.1563
      vertex 10 42 41
      vertex 10 40.3966 27.0784
    endloop
  endfacet
  facet normal -1 0 0
    outer loop
      vertex 10 40.3693 27.2329
      vertex 10 42 41
      vertex 10 40.3863 27.1563
    endloop
  endfacet
  facet normal -1 0 0
    outer loop
      vertex 10 40.3457 27.3078
      vertex 10 42 41
      vertex 10 40.3693 27.2329
    endloop
  endfacet
  facet normal -1 0 0
    outer loop
      vertex 10 40.3157 27.3804
      vertex 10 42 41
      vertex 10 40.3457 27.3078
    endloop
  endfacet
  facet normal -1 0 0
    outer loop
      vertex 10 40.2794 27.45
      vertex 10 42 41
      vertex 10 40.3157 27.3804
    endloop
  endfacet
  facet normal -1 0 0
    outer loop
      vertex 10 40.2372 27.5162
      vertex 10 42 41
      vertex 10 40.2794 27.45
    endloop
  endfacet
  facet normal -1 0 0
    outer loop
      vertex 10 40.1894 27.5785
      vertex 10 42 41
      vertex 10 40.2372 27.5162
    endloop
  endfacet
  facet normal -1 0 0
    outer loop
      vertex 10 40.1364 27.6364
      vertex 10 42 41
      vertex 10 40.1894 27.5785
    endloop
  endfacet
  facet normal -1 0 0
    outer loop
      vertex 10 40.0785 27.6894
      vertex 10 42 41
      vertex 10 40.1364 27.6364
    endloop
  endfacet
  facet normal -1 0 0
    outer loop
      vertex 10 37.3 33.4
      vertex 10 40.0785 27.6894
      vertex 10 40.0162 27.7372
    endloop
  endfacet
  facet normal -1 0 0
    outer loop
      vertex 10 37.3 33.4
      vertex 10 40.0162 27.7372
      vertex 10 39.95 27.7794
    endloop
  endfacet
  facet normal -1 0 0
    outer loop
      vertex 10 37.3 33.4
      vertex 10 39.95 27.7794
      vertex 10 39.8804 27.8157
    endloop
  endfacet
  facet normal -1 0 0
    outer loop
      vertex 10 37.3 33.4
      vertex 10 39.8804 27.8157
      vertex 10 39.8078 27.8457
    endloop
  endfacet
  facet normal -1 0 0
    outer loop
      vertex 10 37.3 33.4
      vertex 10 39.8078 27.8457
      vertex 10 39.7329 27.8693
    endloop
  endfacet
  facet normal -1 0 0
    outer loop
      vertex 10 37.3 33.4
      vertex 10 39.7329 27.8693
      vertex 10 39.6563 27.8863
    endloop
  endfacet
  facet normal -1 0 0
    outer loop
      vertex 10 37.3 33.4
      vertex 10 39.6563 27.8863
      vertex 10 39.5784 27.8966
    endloop
  endfacet
  facet normal -1 0 0
    outer loop
      vertex 10 37.3 33.4
      vertex 10 39.5784 27.8966
      vertex 10 39.5 27.9
    endloop
  endfacet
  facet normal -1 0 0
    outer loop
      vertex 10 37.3 33.4
      vertex 10 39.5 27.9
      vertex 10 39.4216 27.8966
    endloop
  endfacet
  facet normal -1 0 0
    outer loop
      vertex 10 37.3 33.4
      vertex 10 39.4216 27.8966
      vertex 10 39.3437 27.8863
    endloop
  endfacet
  facet normal -1 0 0
    outer loop
      vertex 10 37.3 33.4
      vertex 10 39.3437 27.8863
      vertex 10 39.2671 27.8693
    endloop
  endfacet
  facet normal -1 0 0
    outer loop
      vertex 10 37.3 33.4
      vertex 10 39.2671 27.8693
      vertex 10 39.1922 27.8457
    endloop
  endfacet
  facet normal -1 0 0
    outer loop
      vertex 10 37.3 33.4
      vertex 10 39.1922 27.8457
      vertex 10 39.1196 27.8157
    endloop
  endfacet
  facet normal -1 0 0
    outer loop
      vertex 10 37.3 33.4
      vertex 10 39.1196 27.8157
      vertex 10 39.05 27.7794
    endloop
  endfacet
  facet normal -1 0 0
    outer loop
      vertex 10 37.3 33.4
      vertex 10 39.05 27.7794
      vertex 10 38.9838 27.7372
    endloop
  endfacet
  facet normal -1 0 0
    outer loop
      vertex 10 37.3 33.4
      vertex 10 38.9838 27.7372
      vertex 10 38.9215 27.6894
    endloop
  endfacet
  facet normal -1 0 0
    outer loop
      vertex 10 37.3 33.4
      vertex 10 38.9215 27.6894
      vertex 10 38.8636 27.6364
    endloop
  endfacet
  facet normal -1 0 0
    outer loop
      vertex 10 37.3 33.4
      vertex 10 38.8636 27.6364
      vertex 10 38.8106 27.5785
    endloop
  endfacet
  facet normal -1 0 0
    outer loop
      vertex 10 37.3 33.4
      vertex 10 38.8106 27.5785
      vertex 10 38.7628 27.5162
    endloop
  endfacet
  facet normal -1 0 0
    outer loop
      vertex 10 37.3 33.4
      vertex 10 38.7628 27.5162
      vertex 10 38.7206 27.45
    endloop
  endfacet
  facet normal -1 0 0
    outer loop
      vertex 10 37.3 33.4
      vertex 10 38.7206 27.45
      vertex 10 38.6843 27.3804
    endloop
  endfacet
  facet normal -1 0 0
    outer loop
      vertex 10 37.3 33.4
      vertex 10 38.6843 27.3804
      vertex 10 38.6543 27.3078
    endloop
  endfacet
  facet normal -1 0 0
    outer loop
      vertex 10 37.3 33.4
      vertex 10 38.6543 27.3078
      vertex 10 38.6307 27.2329
    endloop
  endfacet
  facet normal -1 0 0
    outer loop
      vertex 10 37.3 33.4
      vertex 10 38.6 27
      vertex 10 37.3 20.6
    endloop
  endfacet
  facet normal -1 0 0
    outer loop
      vertex 10 38.6 27
      vertex 10 37.3 33.4
      vertex 10 38.6034 27.0784
    endloop
  endfacet
  facet normal -1 0 0
    outer loop
      vertex 10 38.6034 27.0784
      vertex 10 37.3 33.4
      vertex 10 38.6137 27.1563
    endloop
  endfacet
  facet normal -1 0 0
    outer loop
      vertex 10 37.3 33.4
      vertex 10 38.6307 27.2329
      vertex 10 38.6137 27.1563
    endloop
  endfacet
  facet normal -1 0 0
    outer loop
      vertex 10 40.0785 27.6894
      vertex 10 37.3 33.4
      vertex 10 42 41
    endloop
  endfacet
  facet normal -1 0 0
    outer loop
      vertex 10 13.9 33.4
      vertex 10 42 41
      vertex 10 37.3 33.4
    endloop
  endfacet
  facet normal -1 0 0
    outer loop
      vertex 10 12.5966 27.0784
      vertex 10 13.9 33.4
      vertex 10 12.6 27
    endloop
  endfacet
  facet normal -1 0 0
    outer loop
      vertex 10 12.5863 27.1563
      vertex 10 13.9 33.4
      vertex 10 12.5966 27.0784
    endloop
  endfacet
  facet normal -1 0 0
    outer loop
      vertex 10 12.5693 27.2329
      vertex 10 13.9 33.4
      vertex 10 12.5863 27.1563
    endloop
  endfacet
  facet normal -1 0 0
    outer loop
      vertex 10 12.5457 27.3078
      vertex 10 13.9 33.4
      vertex 10 12.5693 27.2329
    endloop
  endfacet
  facet normal -1 0 0
    outer loop
      vertex 10 12.5157 27.3804
      vertex 10 13.9 33.4
      vertex 10 12.5457 27.3078
    endloop
  endfacet
  facet normal -1 0 0
    outer loop
      vertex 10 12.4794 27.45
      vertex 10 13.9 33.4
      vertex 10 12.5157 27.3804
    endloop
  endfacet
  facet normal -1 0 0
    outer loop
      vertex 10 12.4372 27.5162
      vertex 10 13.9 33.4
      vertex 10 12.4794 27.45
    endloop
  endfacet
  facet normal -1 0 0
    outer loop
      vertex 10 12.3894 27.5785
      vertex 10 13.9 33.4
      vertex 10 12.4372 27.5162
    endloop
  endfacet
  facet normal -1 0 0
    outer loop
      vertex 10 12.3364 27.6364
      vertex 10 13.9 33.4
      vertex 10 12.3894 27.5785
    endloop
  endfacet
  facet normal -1 0 0
    outer loop
      vertex 10 12.2785 27.6894
      vertex 10 13.9 33.4
      vertex 10 12.3364 27.6364
    endloop
  endfacet
  facet normal -1 0 0
    outer loop
      vertex 10 12.2162 27.7372
      vertex 10 13.9 33.4
      vertex 10 12.2785 27.6894
    endloop
  endfacet
  facet normal -1 0 0
    outer loop
      vertex 10 12.15 27.7794
      vertex 10 13.9 33.4
      vertex 10 12.2162 27.7372
    endloop
  endfacet
  facet normal -1 0 0
    outer loop
      vertex 10 12.0804 27.8157
      vertex 10 13.9 33.4
      vertex 10 12.15 27.7794
    endloop
  endfacet
  facet normal -1 0 0
    outer loop
      vertex 10 12.0078 27.8457
      vertex 10 13.9 33.4
      vertex 10 12.0804 27.8157
    endloop
  endfacet
  facet normal -1 0 0
    outer loop
      vertex 10 11.9329 27.8693
      vertex 10 13.9 33.4
      vertex 10 12.0078 27.8457
    endloop
  endfacet
  facet normal -1 0 0
    outer loop
      vertex 10 11.8563 27.8863
      vertex 10 13.9 33.4
      vertex 10 11.9329 27.8693
    endloop
  endfacet
  facet normal -1 0 0
    outer loop
      vertex 10 11.7784 27.8966
      vertex 10 13.9 33.4
      vertex 10 11.8563 27.8863
    endloop
  endfacet
  facet normal -1 0 0
    outer loop
      vertex 10 11.7 27.9
      vertex 10 13.9 33.4
      vertex 10 11.7784 27.8966
    endloop
  endfacet
  facet normal -1 0 0
    outer loop
      vertex 10 11.6216 27.8966
      vertex 10 13.9 33.4
      vertex 10 11.7 27.9
    endloop
  endfacet
  facet normal -1 0 0
    outer loop
      vertex 10 11.5437 27.8863
      vertex 10 13.9 33.4
      vertex 10 11.6216 27.8966
    endloop
  endfacet
  facet normal -1 0 0
    outer loop
      vertex 10 11.4671 27.8693
      vertex 10 13.9 33.4
      vertex 10 11.5437 27.8863
    endloop
  endfacet
  facet normal -1 0 0
    outer loop
      vertex 10 11.3922 27.8457
      vertex 10 13.9 33.4
      vertex 10 11.4671 27.8693
    endloop
  endfacet
  facet normal -1 0 0
    outer loop
      vertex 10 11.3196 27.8157
      vertex 10 13.9 33.4
      vertex 10 11.3922 27.8457
    endloop
  endfacet
  facet normal -1 0 0
    outer loop
      vertex 10 11.25 27.7794
      vertex 10 13.9 33.4
      vertex 10 11.3196 27.8157
    endloop
  endfacet
  facet normal -1 0 0
    outer loop
      vertex 10 11.1838 27.7372
      vertex 10 13.9 33.4
      vertex 10 11.25 27.7794
    endloop
  endfacet
  facet normal -1 0 0
    outer loop
      vertex 10 11.1215 27.6894
      vertex 10 13.9 33.4
      vertex 10 11.1838 27.7372
    endloop
  endfacet
  facet normal -1 0 0
    outer loop
      vertex 10 8 41
      vertex 10 11.1215 27.6894
      vertex 10 11.0636 27.6364
    endloop
  endfacet
  facet normal -1 0 0
    outer loop
      vertex 10 8 41
      vertex 10 11.0636 27.6364
      vertex 10 11.0106 27.5785
    endloop
  endfacet
  facet normal -1 0 0
    outer loop
      vertex 10 8 41
      vertex 10 11.0106 27.5785
      vertex 10 10.9628 27.5162
    endloop
  endfacet
  facet normal -1 0 0
    outer loop
      vertex 10 8 41
      vertex 10 10.9628 27.5162
      vertex 10 10.9206 27.45
    endloop
  endfacet
  facet normal -1 0 0
    outer loop
      vertex 10 8 41
      vertex 10 10.9206 27.45
      vertex 10 10.8843 27.3804
    endloop
  endfacet
  facet normal -1 0 0
    outer loop
      vertex 10 10.8034 26.9216
      vertex 10 8 41
      vertex 10 10.8 27
    endloop
  endfacet
  facet normal -1 0 0
    outer loop
      vertex 10 13.9 33.4
      vertex 10 8 41
      vertex 10 42 41
    endloop
  endfacet
  facet normal -1 0 0
    outer loop
      vertex 10 11.1215 27.6894
      vertex 10 8 41
      vertex 10 13.9 33.4
    endloop
  endfacet
  facet normal -1 0 0
    outer loop
      vertex 10 10.8543 27.3078
      vertex 10 8 41
      vertex 10 10.8843 27.3804
    endloop
  endfacet
  facet normal -1 0 0
    outer loop
      vertex 10 10.8307 27.2329
      vertex 10 8 41
      vertex 10 10.8543 27.3078
    endloop
  endfacet
  facet normal -1 0 0
    outer loop
      vertex 10 10.8137 27.1563
      vertex 10 8 41
      vertex 10 10.8307 27.2329
    endloop
  endfacet
  facet normal -1 0 0
    outer loop
      vertex 10 10.8034 27.0784
      vertex 10 8 41
      vertex 10 10.8137 27.1563
    endloop
  endfacet
  facet normal -1 0 0
    outer loop
      vertex 10 10.8 27
      vertex 10 8 41
      vertex 10 10.8034 27.0784
    endloop
  endfacet
  facet normal 0 -1 0
    outer loop
      vertex 10 8 41
      vertex 14 8 9
      vertex 14 8 41
    endloop
  endfacet
  facet normal 0 -1 0
    outer loop
      vertex 14 8 9
      vertex 19.9 8 6
      vertex 24 8 9
    endloop
  endfacet
  facet normal 0 -1 0
    outer loop
      vertex 10 8 5
      vertex 14 8 9
      vertex 10 8 41
    endloop
  endfacet
  facet normal 0 -1 0
    outer loop
      vertex 19.9 8 5
      vertex 14 8 9
      vertex 10 8 5
    endloop
  endfacet
  facet normal 0 -1 0
    outer loop
      vertex 14 8 9
      vertex 19.9 8 5
      vertex 19.9 8 6
    endloop
  endfacet
  facet normal 0 -1 -0
    outer loop
      vertex 24 8 9
      vertex 19.9 8 6
      vertex 24 8 6
    endloop
  endfacet
  facet normal 1 0 0
    outer loop
      vertex 24 42 9
      vertex 24 24.6337 6
      vertex 24 42 5
    endloop
  endfacet
  facet normal 1 -0 0
    outer loop
      vertex 24 8 9
      vertex 24 24.6337 6
      vertex 24 42 9
    endloop
  endfacet
  facet normal 1 0 0
    outer loop
      vertex 24 24.6337 6
      vertex 24 8 9
      vertex 24 8 6
    endloop
  endfacet
  facet normal 1 0 0
    outer loop
      vertex 24 42 5
      vertex 24 24.6337 6
      vertex 24 24.6337 5
    endloop
  endfacet
  facet normal -0 0 1
    outer loop
      vertex 14 42 9
      vertex 24 8 9
      vertex 24 42 9
    endloop
  endfacet
  facet normal 0 0 1
    outer loop
      vertex 24 8 9
      vertex 14 42 9
      vertex 14 8 9
    endloop
  endfacet
  facet normal 1 -0 0
    outer loop
      vertex -24.1 -24 5
      vertex -24.1 24 0
      vertex -24.1 24 5
    endloop
  endfacet
  facet normal 1 0 0
    outer loop
      vertex -24.1 24 0
      vertex -24.1 -24 5
      vertex -24.1 -24 0
    endloop
  endfacet
  facet normal 0.887217 -0.461353 0
    outer loop
      vertex -23.9032 24.8875 5
      vertex -23.8187 25.05 0
      vertex -23.8187 25.05 5
    endloop
  endfacet
  facet normal 0.887217 -0.461353 0
    outer loop
      vertex -23.8187 25.05 0
      vertex -23.9032 24.8875 5
      vertex -23.9032 24.8875 0
    endloop
  endfacet
  facet normal -0.130412 -0.99146 0
    outer loop
      vertex -21.817 26.092 0
      vertex -21.6353 26.0681 5
      vertex -21.817 26.092 5
    endloop
  endfacet
  facet normal -0.130412 -0.99146 -0
    outer loop
      vertex -21.6353 26.0681 5
      vertex -21.817 26.092 0
      vertex -21.6353 26.0681 0
    endloop
  endfacet
  facet normal -0.383026 0.923737 0
    outer loop
      vertex -21.1125 -25.9032 0
      vertex -21.2818 -25.9734 5
      vertex -21.1125 -25.9032 5
    endloop
  endfacet
  facet normal -0.383026 0.923737 0
    outer loop
      vertex -21.2818 -25.9734 5
      vertex -21.1125 -25.9032 0
      vertex -21.2818 -25.9734 0
    endloop
  endfacet
  facet normal 0.461353 -0.887217 0
    outer loop
      vertex -23.05 25.8187 0
      vertex -22.8875 25.9032 5
      vertex -23.05 25.8187 5
    endloop
  endfacet
  facet normal 0.461353 -0.887217 0
    outer loop
      vertex -22.8875 25.9032 5
      vertex -23.05 25.8187 0
      vertex -22.8875 25.9032 0
    endloop
  endfacet
  facet normal 0.999046 0.0436741 0
    outer loop
      vertex -24.092 -24.183 5
      vertex -24.1 -24 0
      vertex -24.1 -24 5
    endloop
  endfacet
  facet normal 0.999046 0.0436741 0
    outer loop
      vertex -24.1 -24 0
      vertex -24.092 -24.183 5
      vertex -24.092 -24.183 0
    endloop
  endfacet
  facet normal -0.887217 0.461353 0
    outer loop
      vertex -20.1813 -25.05 0
      vertex -20.0968 -24.8875 5
      vertex -20.0968 -24.8875 0
    endloop
  endfacet
  facet normal -0.887217 0.461353 0
    outer loop
      vertex -20.0968 -24.8875 5
      vertex -20.1813 -25.05 0
      vertex -20.1813 -25.05 5
    endloop
  endfacet
  facet normal 0.537582 -0.843212 0
    outer loop
      vertex -23.2045 25.7202 0
      vertex -23.05 25.8187 5
      vertex -23.2045 25.7202 5
    endloop
  endfacet
  facet normal 0.537582 -0.843212 0
    outer loop
      vertex -23.05 25.8187 5
      vertex -23.2045 25.7202 0
      vertex -23.05 25.8187 0
    endloop
  endfacet
  facet normal -0.99146 -0.130412 0
    outer loop
      vertex -19.908 24.183 0
      vertex -19.9319 24.3647 5
      vertex -19.9319 24.3647 0
    endloop
  endfacet
  facet normal -0.99146 -0.130412 0
    outer loop
      vertex -19.9319 24.3647 5
      vertex -19.908 24.183 0
      vertex -19.908 24.183 5
    endloop
  endfacet
  facet normal 0.999046 -0.0436741 0
    outer loop
      vertex -24.1 24 5
      vertex -24.092 24.183 0
      vertex -24.092 24.183 5
    endloop
  endfacet
  facet normal 0.999046 -0.0436741 0
    outer loop
      vertex -24.092 24.183 0
      vertex -24.1 24 5
      vertex -24.1 24 0
    endloop
  endfacet
  facet normal -1 0 0
    outer loop
      vertex -19.9 -24 0
      vertex -19.9 24 5
      vertex -19.9 24 0
    endloop
  endfacet
  facet normal -1 -0 0
    outer loop
      vertex -19.9 24 5
      vertex -19.9 -24 0
      vertex -19.9 -24 5
    endloop
  endfacet
  facet normal -0.216757 -0.976226 0
    outer loop
      vertex -21.6353 26.0681 0
      vertex -21.4565 26.0284 5
      vertex -21.6353 26.0681 5
    endloop
  endfacet
  facet normal -0.216757 -0.976226 -0
    outer loop
      vertex -21.4565 26.0284 5
      vertex -21.6353 26.0681 0
      vertex -21.4565 26.0284 0
    endloop
  endfacet
  facet normal -0.461353 -0.887217 0
    outer loop
      vertex -21.1125 25.9032 0
      vertex -20.95 25.8187 5
      vertex -21.1125 25.9032 5
    endloop
  endfacet
  facet normal -0.461353 -0.887217 -0
    outer loop
      vertex -20.95 25.8187 5
      vertex -21.1125 25.9032 0
      vertex -20.95 25.8187 0
    endloop
  endfacet
  facet normal 0.300295 0.953846 -0
    outer loop
      vertex -22.5435 -26.0284 0
      vertex -22.7182 -25.9734 5
      vertex -22.5435 -26.0284 5
    endloop
  endfacet
  facet normal 0.300295 0.953846 0
    outer loop
      vertex -22.7182 -25.9734 5
      vertex -22.5435 -26.0284 0
      vertex -22.7182 -25.9734 0
    endloop
  endfacet
  facet normal 0.923737 0.383026 0
    outer loop
      vertex -23.9032 -24.8875 5
      vertex -23.9734 -24.7182 0
      vertex -23.9734 -24.7182 5
    endloop
  endfacet
  facet normal 0.923737 0.383026 0
    outer loop
      vertex -23.9734 -24.7182 0
      vertex -23.9032 -24.8875 5
      vertex -23.9032 -24.8875 0
    endloop
  endfacet
  facet normal 0.99146 0.130412 0
    outer loop
      vertex -24.0681 -24.3647 5
      vertex -24.092 -24.183 0
      vertex -24.092 -24.183 5
    endloop
  endfacet
  facet normal 0.99146 0.130412 0
    outer loop
      vertex -24.092 -24.183 0
      vertex -24.0681 -24.3647 5
      vertex -24.0681 -24.3647 0
    endloop
  endfacet
  facet normal -0.923737 -0.383026 0
    outer loop
      vertex -20.0266 24.7182 0
      vertex -20.0968 24.8875 5
      vertex -20.0968 24.8875 0
    endloop
  endfacet
  facet normal -0.923737 -0.383026 0
    outer loop
      vertex -20.0968 24.8875 5
      vertex -20.0266 24.7182 0
      vertex -20.0266 24.7182 5
    endloop
  endfacet
  facet normal 0.461353 0.887217 -0
    outer loop
      vertex -22.8875 -25.9032 0
      vertex -23.05 -25.8187 5
      vertex -22.8875 -25.9032 5
    endloop
  endfacet
  facet normal 0.461353 0.887217 0
    outer loop
      vertex -23.05 -25.8187 5
      vertex -22.8875 -25.9032 0
      vertex -23.05 -25.8187 0
    endloop
  endfacet
  facet normal 0.300295 -0.953846 0
    outer loop
      vertex -22.7182 25.9734 0
      vertex -22.5435 26.0284 5
      vertex -22.7182 25.9734 5
    endloop
  endfacet
  facet normal 0.300295 -0.953846 0
    outer loop
      vertex -22.5435 26.0284 5
      vertex -22.7182 25.9734 0
      vertex -22.5435 26.0284 0
    endloop
  endfacet
  facet normal 0.737018 -0.675873 0
    outer loop
      vertex -23.6087 25.3499 5
      vertex -23.4849 25.4849 0
      vertex -23.4849 25.4849 5
    endloop
  endfacet
  facet normal 0.737018 -0.675873 0
    outer loop
      vertex -23.4849 25.4849 0
      vertex -23.6087 25.3499 5
      vertex -23.6087 25.3499 0
    endloop
  endfacet
  facet normal 0.130412 0.99146 -0
    outer loop
      vertex -22.183 -26.092 0
      vertex -22.3647 -26.0681 5
      vertex -22.183 -26.092 5
    endloop
  endfacet
  facet normal 0.130412 0.99146 0
    outer loop
      vertex -22.3647 -26.0681 5
      vertex -22.183 -26.092 0
      vertex -22.3647 -26.0681 0
    endloop
  endfacet
  facet normal -0.999046 0.0436741 0
    outer loop
      vertex -19.908 -24.183 0
      vertex -19.9 -24 5
      vertex -19.9 -24 0
    endloop
  endfacet
  facet normal -0.999046 0.0436741 0
    outer loop
      vertex -19.9 -24 5
      vertex -19.908 -24.183 0
      vertex -19.908 -24.183 5
    endloop
  endfacet
  facet normal -0.608523 -0.793536 0
    outer loop
      vertex -20.7955 25.7202 0
      vertex -20.6501 25.6087 5
      vertex -20.7955 25.7202 5
    endloop
  endfacet
  facet normal -0.608523 -0.793536 -0
    outer loop
      vertex -20.6501 25.6087 5
      vertex -20.7955 25.7202 0
      vertex -20.6501 25.6087 0
    endloop
  endfacet
  facet normal -0.383026 -0.923737 0
    outer loop
      vertex -21.2818 25.9734 0
      vertex -21.1125 25.9032 5
      vertex -21.2818 25.9734 5
    endloop
  endfacet
  facet normal -0.383026 -0.923737 -0
    outer loop
      vertex -21.1125 25.9032 5
      vertex -21.2818 25.9734 0
      vertex -21.1125 25.9032 0
    endloop
  endfacet
  facet normal -0.461353 0.887217 0
    outer loop
      vertex -20.95 -25.8187 0
      vertex -21.1125 -25.9032 5
      vertex -20.95 -25.8187 5
    endloop
  endfacet
  facet normal -0.461353 0.887217 0
    outer loop
      vertex -21.1125 -25.9032 5
      vertex -20.95 -25.8187 0
      vertex -21.1125 -25.9032 0
    endloop
  endfacet
  facet normal -0.793536 -0.608523 0
    outer loop
      vertex -20.2798 25.2045 0
      vertex -20.3913 25.3499 5
      vertex -20.3913 25.3499 0
    endloop
  endfacet
  facet normal -0.793536 -0.608523 0
    outer loop
      vertex -20.3913 25.3499 5
      vertex -20.2798 25.2045 0
      vertex -20.2798 25.2045 5
    endloop
  endfacet
  facet normal -0.216757 0.976226 0
    outer loop
      vertex -21.4565 -26.0284 0
      vertex -21.6353 -26.0681 5
      vertex -21.4565 -26.0284 5
    endloop
  endfacet
  facet normal -0.216757 0.976226 0
    outer loop
      vertex -21.6353 -26.0681 5
      vertex -21.4565 -26.0284 0
      vertex -21.6353 -26.0681 0
    endloop
  endfacet
  facet normal -0.675873 0.737018 0
    outer loop
      vertex -20.5151 -25.4849 0
      vertex -20.6501 -25.6087 5
      vertex -20.5151 -25.4849 5
    endloop
  endfacet
  facet normal -0.675873 0.737018 0
    outer loop
      vertex -20.6501 -25.6087 5
      vertex -20.5151 -25.4849 0
      vertex -20.6501 -25.6087 0
    endloop
  endfacet
  facet normal -0.887217 -0.461353 0
    outer loop
      vertex -20.0968 24.8875 0
      vertex -20.1813 25.05 5
      vertex -20.1813 25.05 0
    endloop
  endfacet
  facet normal -0.887217 -0.461353 0
    outer loop
      vertex -20.1813 25.05 5
      vertex -20.0968 24.8875 0
      vertex -20.0968 24.8875 5
    endloop
  endfacet
  facet normal 0.216757 -0.976226 0
    outer loop
      vertex -22.5435 26.0284 0
      vertex -22.3647 26.0681 5
      vertex -22.5435 26.0284 5
    endloop
  endfacet
  facet normal 0.216757 -0.976226 0
    outer loop
      vertex -22.3647 26.0681 5
      vertex -22.5435 26.0284 0
      vertex -22.3647 26.0681 0
    endloop
  endfacet
  facet normal -0.843212 -0.537582 0
    outer loop
      vertex -20.1813 25.05 0
      vertex -20.2798 25.2045 5
      vertex -20.2798 25.2045 0
    endloop
  endfacet
  facet normal -0.843212 -0.537582 0
    outer loop
      vertex -20.2798 25.2045 5
      vertex -20.1813 25.05 0
      vertex -20.1813 25.05 5
    endloop
  endfacet
  facet normal 0.887217 0.461353 0
    outer loop
      vertex -23.8187 -25.05 5
      vertex -23.9032 -24.8875 0
      vertex -23.9032 -24.8875 5
    endloop
  endfacet
  facet normal 0.887217 0.461353 0
    outer loop
      vertex -23.9032 -24.8875 0
      vertex -23.8187 -25.05 5
      vertex -23.8187 -25.05 0
    endloop
  endfacet
  facet normal 0.216757 0.976226 -0
    outer loop
      vertex -22.3647 -26.0681 0
      vertex -22.5435 -26.0284 5
      vertex -22.3647 -26.0681 5
    endloop
  endfacet
  facet normal 0.216757 0.976226 0
    outer loop
      vertex -22.5435 -26.0284 5
      vertex -22.3647 -26.0681 0
      vertex -22.5435 -26.0284 0
    endloop
  endfacet
  facet normal 0.608523 -0.793536 0
    outer loop
      vertex -23.3499 25.6087 0
      vertex -23.2045 25.7202 5
      vertex -23.3499 25.6087 5
    endloop
  endfacet
  facet normal 0.608523 -0.793536 0
    outer loop
      vertex -23.2045 25.7202 5
      vertex -23.3499 25.6087 0
      vertex -23.2045 25.7202 0
    endloop
  endfacet
  facet normal 0.953846 0.300295 0
    outer loop
      vertex -23.9734 -24.7182 5
      vertex -24.0284 -24.5435 0
      vertex -24.0284 -24.5435 5
    endloop
  endfacet
  facet normal 0.953846 0.300295 0
    outer loop
      vertex -24.0284 -24.5435 0
      vertex -23.9734 -24.7182 5
      vertex -23.9734 -24.7182 0
    endloop
  endfacet
  facet normal -0.737018 0.675873 0
    outer loop
      vertex -20.5151 -25.4849 0
      vertex -20.3913 -25.3499 5
      vertex -20.3913 -25.3499 0
    endloop
  endfacet
  facet normal -0.737018 0.675873 0
    outer loop
      vertex -20.3913 -25.3499 5
      vertex -20.5151 -25.4849 0
      vertex -20.5151 -25.4849 5
    endloop
  endfacet
  facet normal -0.675873 -0.737018 0
    outer loop
      vertex -20.6501 25.6087 0
      vertex -20.5151 25.4849 5
      vertex -20.6501 25.6087 5
    endloop
  endfacet
  facet normal -0.675873 -0.737018 -0
    outer loop
      vertex -20.5151 25.4849 5
      vertex -20.6501 25.6087 0
      vertex -20.5151 25.4849 0
    endloop
  endfacet
  facet normal -0.0436741 0.999046 0
    outer loop
      vertex -21.817 -26.092 0
      vertex -22 -26.1 5
      vertex -21.817 -26.092 5
    endloop
  endfacet
  facet normal -0.0436741 0.999046 0
    outer loop
      vertex -22 -26.1 5
      vertex -21.817 -26.092 0
      vertex -22 -26.1 0
    endloop
  endfacet
  facet normal 0.737018 0.675873 0
    outer loop
      vertex -23.4849 -25.4849 5
      vertex -23.6087 -25.3499 0
      vertex -23.6087 -25.3499 5
    endloop
  endfacet
  facet normal 0.737018 0.675873 0
    outer loop
      vertex -23.6087 -25.3499 0
      vertex -23.4849 -25.4849 5
      vertex -23.4849 -25.4849 0
    endloop
  endfacet
  facet normal 0.793536 -0.608523 0
    outer loop
      vertex -23.7202 25.2045 5
      vertex -23.6087 25.3499 0
      vertex -23.6087 25.3499 5
    endloop
  endfacet
  facet normal 0.793536 -0.608523 0
    outer loop
      vertex -23.6087 25.3499 0
      vertex -23.7202 25.2045 5
      vertex -23.7202 25.2045 0
    endloop
  endfacet
  facet normal -0.300295 0.953846 0
    outer loop
      vertex -21.2818 -25.9734 0
      vertex -21.4565 -26.0284 5
      vertex -21.2818 -25.9734 5
    endloop
  endfacet
  facet normal -0.300295 0.953846 0
    outer loop
      vertex -21.4565 -26.0284 5
      vertex -21.2818 -25.9734 0
      vertex -21.4565 -26.0284 0
    endloop
  endfacet
  facet normal -0.999046 -0.0436741 0
    outer loop
      vertex -19.9 24 0
      vertex -19.908 24.183 5
      vertex -19.908 24.183 0
    endloop
  endfacet
  facet normal -0.999046 -0.0436741 0
    outer loop
      vertex -19.908 24.183 5
      vertex -19.9 24 0
      vertex -19.9 24 5
    endloop
  endfacet
  facet normal 0.953846 -0.300295 0
    outer loop
      vertex -24.0284 24.5435 5
      vertex -23.9734 24.7182 0
      vertex -23.9734 24.7182 5
    endloop
  endfacet
  facet normal 0.953846 -0.300295 0
    outer loop
      vertex -23.9734 24.7182 0
      vertex -24.0284 24.5435 5
      vertex -24.0284 24.5435 0
    endloop
  endfacet
  facet normal 0.793536 0.608523 0
    outer loop
      vertex -23.6087 -25.3499 5
      vertex -23.7202 -25.2045 0
      vertex -23.7202 -25.2045 5
    endloop
  endfacet
  facet normal 0.793536 0.608523 0
    outer loop
      vertex -23.7202 -25.2045 0
      vertex -23.6087 -25.3499 5
      vertex -23.6087 -25.3499 0
    endloop
  endfacet
  facet normal 0.675873 -0.737018 0
    outer loop
      vertex -23.4849 25.4849 0
      vertex -23.3499 25.6087 5
      vertex -23.4849 25.4849 5
    endloop
  endfacet
  facet normal 0.675873 -0.737018 0
    outer loop
      vertex -23.3499 25.6087 5
      vertex -23.4849 25.4849 0
      vertex -23.3499 25.6087 0
    endloop
  endfacet
  facet normal -0.923737 0.383026 0
    outer loop
      vertex -20.0968 -24.8875 0
      vertex -20.0266 -24.7182 5
      vertex -20.0266 -24.7182 0
    endloop
  endfacet
  facet normal -0.923737 0.383026 0
    outer loop
      vertex -20.0266 -24.7182 5
      vertex -20.0968 -24.8875 0
      vertex -20.0968 -24.8875 5
    endloop
  endfacet
  facet normal 0.675873 0.737018 -0
    outer loop
      vertex -23.3499 -25.6087 0
      vertex -23.4849 -25.4849 5
      vertex -23.3499 -25.6087 5
    endloop
  endfacet
  facet normal 0.675873 0.737018 0
    outer loop
      vertex -23.4849 -25.4849 5
      vertex -23.3499 -25.6087 0
      vertex -23.4849 -25.4849 0
    endloop
  endfacet
  facet normal 0.608523 0.793536 -0
    outer loop
      vertex -23.2045 -25.7202 0
      vertex -23.3499 -25.6087 5
      vertex -23.2045 -25.7202 5
    endloop
  endfacet
  facet normal 0.608523 0.793536 0
    outer loop
      vertex -23.3499 -25.6087 5
      vertex -23.2045 -25.7202 0
      vertex -23.3499 -25.6087 0
    endloop
  endfacet
  facet normal 0.383026 -0.923737 0
    outer loop
      vertex -22.8875 25.9032 0
      vertex -22.7182 25.9734 5
      vertex -22.8875 25.9032 5
    endloop
  endfacet
  facet normal 0.383026 -0.923737 0
    outer loop
      vertex -22.7182 25.9734 5
      vertex -22.8875 25.9032 0
      vertex -22.7182 25.9734 0
    endloop
  endfacet
  facet normal -0.300295 -0.953846 0
    outer loop
      vertex -21.4565 26.0284 0
      vertex -21.2818 25.9734 5
      vertex -21.4565 26.0284 5
    endloop
  endfacet
  facet normal -0.300295 -0.953846 -0
    outer loop
      vertex -21.2818 25.9734 5
      vertex -21.4565 26.0284 0
      vertex -21.2818 25.9734 0
    endloop
  endfacet
  facet normal 0.923737 -0.383026 0
    outer loop
      vertex -23.9734 24.7182 5
      vertex -23.9032 24.8875 0
      vertex -23.9032 24.8875 5
    endloop
  endfacet
  facet normal 0.923737 -0.383026 0
    outer loop
      vertex -23.9032 24.8875 0
      vertex -23.9734 24.7182 5
      vertex -23.9734 24.7182 0
    endloop
  endfacet
  facet normal 0.843212 -0.537582 0
    outer loop
      vertex -23.8187 25.05 5
      vertex -23.7202 25.2045 0
      vertex -23.7202 25.2045 5
    endloop
  endfacet
  facet normal 0.843212 -0.537582 0
    outer loop
      vertex -23.7202 25.2045 0
      vertex -23.8187 25.05 5
      vertex -23.8187 25.05 0
    endloop
  endfacet
  facet normal -0.737018 -0.675873 0
    outer loop
      vertex -20.3913 25.3499 0
      vertex -20.5151 25.4849 5
      vertex -20.5151 25.4849 0
    endloop
  endfacet
  facet normal -0.737018 -0.675873 0
    outer loop
      vertex -20.5151 25.4849 5
      vertex -20.3913 25.3499 0
      vertex -20.3913 25.3499 5
    endloop
  endfacet
  facet normal -0.843212 0.537582 0
    outer loop
      vertex -20.2798 -25.2045 0
      vertex -20.1813 -25.05 5
      vertex -20.1813 -25.05 0
    endloop
  endfacet
  facet normal -0.843212 0.537582 0
    outer loop
      vertex -20.1813 -25.05 5
      vertex -20.2798 -25.2045 0
      vertex -20.2798 -25.2045 5
    endloop
  endfacet
  facet normal -0.537582 0.843212 0
    outer loop
      vertex -20.7955 -25.7202 0
      vertex -20.95 -25.8187 5
      vertex -20.7955 -25.7202 5
    endloop
  endfacet
  facet normal -0.537582 0.843212 0
    outer loop
      vertex -20.95 -25.8187 5
      vertex -20.7955 -25.7202 0
      vertex -20.95 -25.8187 0
    endloop
  endfacet
  facet normal -0.608523 0.793536 0
    outer loop
      vertex -20.6501 -25.6087 0
      vertex -20.7955 -25.7202 5
      vertex -20.6501 -25.6087 5
    endloop
  endfacet
  facet normal -0.608523 0.793536 0
    outer loop
      vertex -20.7955 -25.7202 5
      vertex -20.6501 -25.6087 0
      vertex -20.7955 -25.7202 0
    endloop
  endfacet
  facet normal -0.537582 -0.843212 0
    outer loop
      vertex -20.95 25.8187 0
      vertex -20.7955 25.7202 5
      vertex -20.95 25.8187 5
    endloop
  endfacet
  facet normal -0.537582 -0.843212 -0
    outer loop
      vertex -20.7955 25.7202 5
      vertex -20.95 25.8187 0
      vertex -20.7955 25.7202 0
    endloop
  endfacet
  facet normal 0.537582 0.843212 -0
    outer loop
      vertex -23.05 -25.8187 0
      vertex -23.2045 -25.7202 5
      vertex -23.05 -25.8187 5
    endloop
  endfacet
  facet normal 0.537582 0.843212 0
    outer loop
      vertex -23.2045 -25.7202 5
      vertex -23.05 -25.8187 0
      vertex -23.2045 -25.7202 0
    endloop
  endfacet
  facet normal -0.130412 0.99146 0
    outer loop
      vertex -21.6353 -26.0681 0
      vertex -21.817 -26.092 5
      vertex -21.6353 -26.0681 5
    endloop
  endfacet
  facet normal -0.130412 0.99146 0
    outer loop
      vertex -21.817 -26.092 5
      vertex -21.6353 -26.0681 0
      vertex -21.817 -26.092 0
    endloop
  endfacet
  facet normal -0.953846 -0.300295 0
    outer loop
      vertex -19.9716 24.5435 0
      vertex -20.0266 24.7182 5
      vertex -20.0266 24.7182 0
    endloop
  endfacet
  facet normal -0.953846 -0.300295 0
    outer loop
      vertex -20.0266 24.7182 5
      vertex -19.9716 24.5435 0
      vertex -19.9716 24.5435 5
    endloop
  endfacet
  facet normal -0.976226 -0.216757 0
    outer loop
      vertex -19.9319 24.3647 0
      vertex -19.9716 24.5435 5
      vertex -19.9716 24.5435 0
    endloop
  endfacet
  facet normal -0.976226 -0.216757 0
    outer loop
      vertex -19.9716 24.5435 5
      vertex -19.9319 24.3647 0
      vertex -19.9319 24.3647 5
    endloop
  endfacet
  facet normal -0.793536 0.608523 0
    outer loop
      vertex -20.3913 -25.3499 0
      vertex -20.2798 -25.2045 5
      vertex -20.2798 -25.2045 0
    endloop
  endfacet
  facet normal -0.793536 0.608523 0
    outer loop
      vertex -20.2798 -25.2045 5
      vertex -20.3913 -25.3499 0
      vertex -20.3913 -25.3499 5
    endloop
  endfacet
  facet normal 0.0436741 0.999046 -0
    outer loop
      vertex -22 -26.1 0
      vertex -22.183 -26.092 5
      vertex -22 -26.1 5
    endloop
  endfacet
  facet normal 0.0436741 0.999046 0
    outer loop
      vertex -22.183 -26.092 5
      vertex -22 -26.1 0
      vertex -22.183 -26.092 0
    endloop
  endfacet
  facet normal -0.953846 0.300295 0
    outer loop
      vertex -20.0266 -24.7182 0
      vertex -19.9716 -24.5435 5
      vertex -19.9716 -24.5435 0
    endloop
  endfacet
  facet normal -0.953846 0.300295 0
    outer loop
      vertex -19.9716 -24.5435 5
      vertex -20.0266 -24.7182 0
      vertex -20.0266 -24.7182 5
    endloop
  endfacet
  facet normal 0.99146 -0.130412 0
    outer loop
      vertex -24.092 24.183 5
      vertex -24.0681 24.3647 0
      vertex -24.0681 24.3647 5
    endloop
  endfacet
  facet normal 0.99146 -0.130412 0
    outer loop
      vertex -24.0681 24.3647 0
      vertex -24.092 24.183 5
      vertex -24.092 24.183 0
    endloop
  endfacet
  facet normal 0.976226 0.216757 0
    outer loop
      vertex -24.0284 -24.5435 5
      vertex -24.0681 -24.3647 0
      vertex -24.0681 -24.3647 5
    endloop
  endfacet
  facet normal 0.976226 0.216757 0
    outer loop
      vertex -24.0681 -24.3647 0
      vertex -24.0284 -24.5435 5
      vertex -24.0284 -24.5435 0
    endloop
  endfacet
  facet normal -0.0436741 -0.999046 0
    outer loop
      vertex -22 26.1 0
      vertex -21.817 26.092 5
      vertex -22 26.1 5
    endloop
  endfacet
  facet normal -0.0436741 -0.999046 -0
    outer loop
      vertex -21.817 26.092 5
      vertex -22 26.1 0
      vertex -21.817 26.092 0
    endloop
  endfacet
  facet normal 0.130412 -0.99146 0
    outer loop
      vertex -22.3647 26.0681 0
      vertex -22.183 26.092 5
      vertex -22.3647 26.0681 5
    endloop
  endfacet
  facet normal 0.130412 -0.99146 0
    outer loop
      vertex -22.183 26.092 5
      vertex -22.3647 26.0681 0
      vertex -22.183 26.092 0
    endloop
  endfacet
  facet normal 0.843212 0.537582 0
    outer loop
      vertex -23.7202 -25.2045 5
      vertex -23.8187 -25.05 0
      vertex -23.8187 -25.05 5
    endloop
  endfacet
  facet normal 0.843212 0.537582 0
    outer loop
      vertex -23.8187 -25.05 0
      vertex -23.7202 -25.2045 5
      vertex -23.7202 -25.2045 0
    endloop
  endfacet
  facet normal 0.976226 -0.216757 0
    outer loop
      vertex -24.0681 24.3647 5
      vertex -24.0284 24.5435 0
      vertex -24.0284 24.5435 5
    endloop
  endfacet
  facet normal 0.976226 -0.216757 0
    outer loop
      vertex -24.0284 24.5435 0
      vertex -24.0681 24.3647 5
      vertex -24.0681 24.3647 0
    endloop
  endfacet
  facet normal -0.976226 0.216757 0
    outer loop
      vertex -19.9716 -24.5435 0
      vertex -19.9319 -24.3647 5
      vertex -19.9319 -24.3647 0
    endloop
  endfacet
  facet normal -0.976226 0.216757 0
    outer loop
      vertex -19.9319 -24.3647 5
      vertex -19.9716 -24.5435 0
      vertex -19.9716 -24.5435 5
    endloop
  endfacet
  facet normal 0.383026 0.923737 -0
    outer loop
      vertex -22.7182 -25.9734 0
      vertex -22.8875 -25.9032 5
      vertex -22.7182 -25.9734 5
    endloop
  endfacet
  facet normal 0.383026 0.923737 0
    outer loop
      vertex -22.8875 -25.9032 5
      vertex -22.7182 -25.9734 0
      vertex -22.8875 -25.9032 0
    endloop
  endfacet
  facet normal -0.99146 0.130412 0
    outer loop
      vertex -19.9319 -24.3647 0
      vertex -19.908 -24.183 5
      vertex -19.908 -24.183 0
    endloop
  endfacet
  facet normal -0.99146 0.130412 0
    outer loop
      vertex -19.908 -24.183 5
      vertex -19.9319 -24.3647 0
      vertex -19.9319 -24.3647 5
    endloop
  endfacet
  facet normal 0.0436741 -0.999046 0
    outer loop
      vertex -22.183 26.092 0
      vertex -22 26.1 5
      vertex -22.183 26.092 5
    endloop
  endfacet
  facet normal 0.0436741 -0.999046 0
    outer loop
      vertex -22 26.1 5
      vertex -22.183 26.092 0
      vertex -22 26.1 0
    endloop
  endfacet
  facet normal 1 0 0
    outer loop
      vertex 19.9 8 5
      vertex 19.9 24 6
      vertex 19.9 8 6
    endloop
  endfacet
  facet normal 1 0 0
    outer loop
      vertex 19.9 24 6
      vertex 19.9 8 5
      vertex 19.9 24 0
    endloop
  endfacet
  facet normal 1 0 0
    outer loop
      vertex 19.9 -24 0
      vertex 19.9 8 5
      vertex 19.9 -24 5
    endloop
  endfacet
  facet normal 1 0 0
    outer loop
      vertex 19.9 8 5
      vertex 19.9 -24 0
      vertex 19.9 24 0
    endloop
  endfacet
  facet normal 0.887217 -0.461353 0
    outer loop
      vertex 20.0968 24.8875 6
      vertex 20.1813 25.05 0
      vertex 20.1813 25.05 6
    endloop
  endfacet
  facet normal 0.887217 -0.461353 0
    outer loop
      vertex 20.1813 25.05 0
      vertex 20.0968 24.8875 6
      vertex 20.0968 24.8875 0
    endloop
  endfacet
  facet normal -0.130412 -0.99146 0
    outer loop
      vertex 22.183 26.092 0
      vertex 22.3647 26.0681 6
      vertex 22.183 26.092 6
    endloop
  endfacet
  facet normal -0.130412 -0.99146 -0
    outer loop
      vertex 22.3647 26.0681 6
      vertex 22.183 26.092 0
      vertex 22.3647 26.0681 0
    endloop
  endfacet
  facet normal -0.383026 0.923737 0
    outer loop
      vertex 22.8875 -25.9032 0
      vertex 22.7182 -25.9734 5
      vertex 22.8875 -25.9032 5
    endloop
  endfacet
  facet normal -0.383026 0.923737 0
    outer loop
      vertex 22.7182 -25.9734 5
      vertex 22.8875 -25.9032 0
      vertex 22.7182 -25.9734 0
    endloop
  endfacet
  facet normal 0.461353 -0.887217 0
    outer loop
      vertex 20.95 25.8187 0
      vertex 21.1125 25.9032 6
      vertex 20.95 25.8187 6
    endloop
  endfacet
  facet normal 0.461353 -0.887217 0
    outer loop
      vertex 21.1125 25.9032 6
      vertex 20.95 25.8187 0
      vertex 21.1125 25.9032 0
    endloop
  endfacet
  facet normal -0.887217 0.461353 0
    outer loop
      vertex 23.8187 -25.05 0
      vertex 23.9032 -24.8875 5
      vertex 23.9032 -24.8875 0
    endloop
  endfacet
  facet normal -0.887217 0.461353 0
    outer loop
      vertex 23.9032 -24.8875 5
      vertex 23.8187 -25.05 0
      vertex 23.8187 -25.05 5
    endloop
  endfacet
  facet normal 0.537582 -0.843212 0
    outer loop
      vertex 20.7955 25.7202 0
      vertex 20.95 25.8187 6
      vertex 20.7955 25.7202 6
    endloop
  endfacet
  facet normal 0.537582 -0.843212 0
    outer loop
      vertex 20.95 25.8187 6
      vertex 20.7955 25.7202 0
      vertex 20.95 25.8187 0
    endloop
  endfacet
  facet normal -0.99146 -0.130412 0
    outer loop
      vertex 24.092 24.183 0
      vertex 24.0681 24.3647 5
      vertex 24.0681 24.3647 0
    endloop
  endfacet
  facet normal -0.99146 -0.130412 0
    outer loop
      vertex 24.0681 24.3647 5
      vertex 24.092 24.183 0
      vertex 24.092 24.183 5
    endloop
  endfacet
  facet normal 0.999046 -0.0436741 0
    outer loop
      vertex 19.9 24 6
      vertex 19.908 24.183 0
      vertex 19.908 24.183 6
    endloop
  endfacet
  facet normal 0.999046 -0.0436741 0
    outer loop
      vertex 19.908 24.183 0
      vertex 19.9 24 6
      vertex 19.9 24 0
    endloop
  endfacet
  facet normal -1 0 0
    outer loop
      vertex 24.1 -24 0
      vertex 24.1 24 5
      vertex 24.1 24 0
    endloop
  endfacet
  facet normal -1 -0 0
    outer loop
      vertex 24.1 24 5
      vertex 24.1 -24 0
      vertex 24.1 -24 5
    endloop
  endfacet
  facet normal -0.216757 -0.976226 0
    outer loop
      vertex 22.3647 26.0681 0
      vertex 22.5435 26.0284 6
      vertex 22.3647 26.0681 6
    endloop
  endfacet
  facet normal -0.216757 -0.976226 -0
    outer loop
      vertex 22.5435 26.0284 6
      vertex 22.3647 26.0681 0
      vertex 22.5435 26.0284 0
    endloop
  endfacet
  facet normal -0.461353 -0.887217 0
    outer loop
      vertex 22.8875 25.9032 0
      vertex 23.05 25.8187 6
      vertex 22.8875 25.9032 6
    endloop
  endfacet
  facet normal -0.461353 -0.887217 -0
    outer loop
      vertex 23.05 25.8187 6
      vertex 22.8875 25.9032 0
      vertex 23.05 25.8187 0
    endloop
  endfacet
  facet normal 0.300295 0.953846 -0
    outer loop
      vertex 21.4565 -26.0284 0
      vertex 21.2818 -25.9734 5
      vertex 21.4565 -26.0284 5
    endloop
  endfacet
  facet normal 0.300295 0.953846 0
    outer loop
      vertex 21.2818 -25.9734 5
      vertex 21.4565 -26.0284 0
      vertex 21.2818 -25.9734 0
    endloop
  endfacet
  facet normal 0.923737 0.383026 0
    outer loop
      vertex 20.0968 -24.8875 5
      vertex 20.0266 -24.7182 0
      vertex 20.0266 -24.7182 5
    endloop
  endfacet
  facet normal 0.923737 0.383026 0
    outer loop
      vertex 20.0266 -24.7182 0
      vertex 20.0968 -24.8875 5
      vertex 20.0968 -24.8875 0
    endloop
  endfacet
  facet normal 0.99146 0.130412 0
    outer loop
      vertex 19.9319 -24.3647 5
      vertex 19.908 -24.183 0
      vertex 19.908 -24.183 5
    endloop
  endfacet
  facet normal 0.99146 0.130412 0
    outer loop
      vertex 19.908 -24.183 0
      vertex 19.9319 -24.3647 5
      vertex 19.9319 -24.3647 0
    endloop
  endfacet
  facet normal -0.923737 -0.383026 0
    outer loop
      vertex 23.9734 24.7182 0
      vertex 23.9032 24.8875 6
      vertex 23.9032 24.8875 0
    endloop
  endfacet
  facet normal -0.923737 -0.383026 0
    outer loop
      vertex 23.9032 24.8875 6
      vertex 23.9734 24.7182 0
      vertex 23.9734 24.7182 6
    endloop
  endfacet
  facet normal 0.461353 0.887217 -0
    outer loop
      vertex 21.1125 -25.9032 0
      vertex 20.95 -25.8187 5
      vertex 21.1125 -25.9032 5
    endloop
  endfacet
  facet normal 0.461353 0.887217 0
    outer loop
      vertex 20.95 -25.8187 5
      vertex 21.1125 -25.9032 0
      vertex 20.95 -25.8187 0
    endloop
  endfacet
  facet normal 0.300295 -0.953846 0
    outer loop
      vertex 21.2818 25.9734 0
      vertex 21.4565 26.0284 6
      vertex 21.2818 25.9734 6
    endloop
  endfacet
  facet normal 0.300295 -0.953846 0
    outer loop
      vertex 21.4565 26.0284 6
      vertex 21.2818 25.9734 0
      vertex 21.4565 26.0284 0
    endloop
  endfacet
  facet normal 0.737018 -0.675873 0
    outer loop
      vertex 20.3913 25.3499 6
      vertex 20.5151 25.4849 0
      vertex 20.5151 25.4849 6
    endloop
  endfacet
  facet normal 0.737018 -0.675873 0
    outer loop
      vertex 20.5151 25.4849 0
      vertex 20.3913 25.3499 6
      vertex 20.3913 25.3499 0
    endloop
  endfacet
  facet normal 0.130412 0.99146 -0
    outer loop
      vertex 21.817 -26.092 0
      vertex 21.6353 -26.0681 5
      vertex 21.817 -26.092 5
    endloop
  endfacet
  facet normal 0.130412 0.99146 0
    outer loop
      vertex 21.6353 -26.0681 5
      vertex 21.817 -26.092 0
      vertex 21.6353 -26.0681 0
    endloop
  endfacet
  facet normal -0.999046 0.0436741 0
    outer loop
      vertex 24.092 -24.183 0
      vertex 24.1 -24 5
      vertex 24.1 -24 0
    endloop
  endfacet
  facet normal -0.999046 0.0436741 0
    outer loop
      vertex 24.1 -24 5
      vertex 24.092 -24.183 0
      vertex 24.092 -24.183 5
    endloop
  endfacet
  facet normal -0.608523 -0.793536 0
    outer loop
      vertex 23.2045 25.7202 0
      vertex 23.3499 25.6087 6
      vertex 23.2045 25.7202 6
    endloop
  endfacet
  facet normal -0.608523 -0.793536 -0
    outer loop
      vertex 23.3499 25.6087 6
      vertex 23.2045 25.7202 0
      vertex 23.3499 25.6087 0
    endloop
  endfacet
  facet normal -0.383026 -0.923737 0
    outer loop
      vertex 22.7182 25.9734 0
      vertex 22.8875 25.9032 6
      vertex 22.7182 25.9734 6
    endloop
  endfacet
  facet normal -0.383026 -0.923737 -0
    outer loop
      vertex 22.8875 25.9032 6
      vertex 22.7182 25.9734 0
      vertex 22.8875 25.9032 0
    endloop
  endfacet
  facet normal -0.461353 0.887217 0
    outer loop
      vertex 23.05 -25.8187 0
      vertex 22.8875 -25.9032 5
      vertex 23.05 -25.8187 5
    endloop
  endfacet
  facet normal -0.461353 0.887217 0
    outer loop
      vertex 22.8875 -25.9032 5
      vertex 23.05 -25.8187 0
      vertex 22.8875 -25.9032 0
    endloop
  endfacet
  facet normal -0.793536 -0.608523 0
    outer loop
      vertex 23.7202 25.2045 0
      vertex 23.6087 25.3499 6
      vertex 23.6087 25.3499 0
    endloop
  endfacet
  facet normal -0.793536 -0.608523 0
    outer loop
      vertex 23.6087 25.3499 6
      vertex 23.7202 25.2045 0
      vertex 23.7202 25.2045 6
    endloop
  endfacet
  facet normal -0.216757 0.976226 0
    outer loop
      vertex 22.5435 -26.0284 0
      vertex 22.3647 -26.0681 5
      vertex 22.5435 -26.0284 5
    endloop
  endfacet
  facet normal -0.216757 0.976226 0
    outer loop
      vertex 22.3647 -26.0681 5
      vertex 22.5435 -26.0284 0
      vertex 22.3647 -26.0681 0
    endloop
  endfacet
  facet normal -0.675873 0.737018 0
    outer loop
      vertex 23.4849 -25.4849 0
      vertex 23.3499 -25.6087 5
      vertex 23.4849 -25.4849 5
    endloop
  endfacet
  facet normal -0.675873 0.737018 0
    outer loop
      vertex 23.3499 -25.6087 5
      vertex 23.4849 -25.4849 0
      vertex 23.3499 -25.6087 0
    endloop
  endfacet
  facet normal -0.887217 -0.461353 0
    outer loop
      vertex 23.9032 24.8875 0
      vertex 23.8187 25.05 6
      vertex 23.8187 25.05 0
    endloop
  endfacet
  facet normal -0.887217 -0.461353 0
    outer loop
      vertex 23.8187 25.05 6
      vertex 23.9032 24.8875 0
      vertex 23.9032 24.8875 6
    endloop
  endfacet
  facet normal 0.216757 -0.976226 0
    outer loop
      vertex 21.4565 26.0284 0
      vertex 21.6353 26.0681 6
      vertex 21.4565 26.0284 6
    endloop
  endfacet
  facet normal 0.216757 -0.976226 0
    outer loop
      vertex 21.6353 26.0681 6
      vertex 21.4565 26.0284 0
      vertex 21.6353 26.0681 0
    endloop
  endfacet
  facet normal -0.843212 -0.537582 0
    outer loop
      vertex 23.8187 25.05 0
      vertex 23.7202 25.2045 6
      vertex 23.7202 25.2045 0
    endloop
  endfacet
  facet normal -0.843212 -0.537582 0
    outer loop
      vertex 23.7202 25.2045 6
      vertex 23.8187 25.05 0
      vertex 23.8187 25.05 6
    endloop
  endfacet
  facet normal 0.887217 0.461353 0
    outer loop
      vertex 20.1813 -25.05 5
      vertex 20.0968 -24.8875 0
      vertex 20.0968 -24.8875 5
    endloop
  endfacet
  facet normal 0.887217 0.461353 0
    outer loop
      vertex 20.0968 -24.8875 0
      vertex 20.1813 -25.05 5
      vertex 20.1813 -25.05 0
    endloop
  endfacet
  facet normal 0.216757 0.976226 -0
    outer loop
      vertex 21.6353 -26.0681 0
      vertex 21.4565 -26.0284 5
      vertex 21.6353 -26.0681 5
    endloop
  endfacet
  facet normal 0.216757 0.976226 0
    outer loop
      vertex 21.4565 -26.0284 5
      vertex 21.6353 -26.0681 0
      vertex 21.4565 -26.0284 0
    endloop
  endfacet
  facet normal 0.608523 -0.793536 0
    outer loop
      vertex 20.6501 25.6087 0
      vertex 20.7955 25.7202 6
      vertex 20.6501 25.6087 6
    endloop
  endfacet
  facet normal 0.608523 -0.793536 0
    outer loop
      vertex 20.7955 25.7202 6
      vertex 20.6501 25.6087 0
      vertex 20.7955 25.7202 0
    endloop
  endfacet
  facet normal 0.953846 0.300295 0
    outer loop
      vertex 20.0266 -24.7182 5
      vertex 19.9716 -24.5435 0
      vertex 19.9716 -24.5435 5
    endloop
  endfacet
  facet normal 0.953846 0.300295 0
    outer loop
      vertex 19.9716 -24.5435 0
      vertex 20.0266 -24.7182 5
      vertex 20.0266 -24.7182 0
    endloop
  endfacet
  facet normal -0.737018 0.675873 0
    outer loop
      vertex 23.4849 -25.4849 0
      vertex 23.6087 -25.3499 5
      vertex 23.6087 -25.3499 0
    endloop
  endfacet
  facet normal -0.737018 0.675873 0
    outer loop
      vertex 23.6087 -25.3499 5
      vertex 23.4849 -25.4849 0
      vertex 23.4849 -25.4849 5
    endloop
  endfacet
  facet normal -0.675873 -0.737018 0
    outer loop
      vertex 23.3499 25.6087 0
      vertex 23.4849 25.4849 6
      vertex 23.3499 25.6087 6
    endloop
  endfacet
  facet normal -0.675873 -0.737018 -0
    outer loop
      vertex 23.4849 25.4849 6
      vertex 23.3499 25.6087 0
      vertex 23.4849 25.4849 0
    endloop
  endfacet
  facet normal -0.0436741 0.999046 0
    outer loop
      vertex 22.183 -26.092 0
      vertex 22 -26.1 5
      vertex 22.183 -26.092 5
    endloop
  endfacet
  facet normal -0.0436741 0.999046 0
    outer loop
      vertex 22 -26.1 5
      vertex 22.183 -26.092 0
      vertex 22 -26.1 0
    endloop
  endfacet
  facet normal 0.737018 0.675873 0
    outer loop
      vertex 20.5151 -25.4849 5
      vertex 20.3913 -25.3499 0
      vertex 20.3913 -25.3499 5
    endloop
  endfacet
  facet normal 0.737018 0.675873 0
    outer loop
      vertex 20.3913 -25.3499 0
      vertex 20.5151 -25.4849 5
      vertex 20.5151 -25.4849 0
    endloop
  endfacet
  facet normal 0.793536 -0.608523 0
    outer loop
      vertex 20.2798 25.2045 6
      vertex 20.3913 25.3499 0
      vertex 20.3913 25.3499 6
    endloop
  endfacet
  facet normal 0.793536 -0.608523 0
    outer loop
      vertex 20.3913 25.3499 0
      vertex 20.2798 25.2045 6
      vertex 20.2798 25.2045 0
    endloop
  endfacet
  facet normal -0.300295 0.953846 0
    outer loop
      vertex 22.7182 -25.9734 0
      vertex 22.5435 -26.0284 5
      vertex 22.7182 -25.9734 5
    endloop
  endfacet
  facet normal -0.300295 0.953846 0
    outer loop
      vertex 22.5435 -26.0284 5
      vertex 22.7182 -25.9734 0
      vertex 22.5435 -26.0284 0
    endloop
  endfacet
  facet normal 0.999046 0.0436741 0
    outer loop
      vertex 19.908 -24.183 5
      vertex 19.9 -24 0
      vertex 19.9 -24 5
    endloop
  endfacet
  facet normal 0.999046 0.0436741 0
    outer loop
      vertex 19.9 -24 0
      vertex 19.908 -24.183 5
      vertex 19.908 -24.183 0
    endloop
  endfacet
  facet normal -0.999046 -0.0436741 0
    outer loop
      vertex 24.1 24 0
      vertex 24.092 24.183 5
      vertex 24.092 24.183 0
    endloop
  endfacet
  facet normal -0.999046 -0.0436741 0
    outer loop
      vertex 24.092 24.183 5
      vertex 24.1 24 0
      vertex 24.1 24 5
    endloop
  endfacet
  facet normal 0.953846 -0.300295 0
    outer loop
      vertex 19.9716 24.5435 6
      vertex 20.0266 24.7182 0
      vertex 20.0266 24.7182 6
    endloop
  endfacet
  facet normal 0.953846 -0.300295 0
    outer loop
      vertex 20.0266 24.7182 0
      vertex 19.9716 24.5435 6
      vertex 19.9716 24.5435 0
    endloop
  endfacet
  facet normal 0.793536 0.608523 0
    outer loop
      vertex 20.3913 -25.3499 5
      vertex 20.2798 -25.2045 0
      vertex 20.2798 -25.2045 5
    endloop
  endfacet
  facet normal 0.793536 0.608523 0
    outer loop
      vertex 20.2798 -25.2045 0
      vertex 20.3913 -25.3499 5
      vertex 20.3913 -25.3499 0
    endloop
  endfacet
  facet normal 0.675873 -0.737018 0
    outer loop
      vertex 20.5151 25.4849 0
      vertex 20.6501 25.6087 6
      vertex 20.5151 25.4849 6
    endloop
  endfacet
  facet normal 0.675873 -0.737018 0
    outer loop
      vertex 20.6501 25.6087 6
      vertex 20.5151 25.4849 0
      vertex 20.6501 25.6087 0
    endloop
  endfacet
  facet normal -0.923737 0.383026 0
    outer loop
      vertex 23.9032 -24.8875 0
      vertex 23.9734 -24.7182 5
      vertex 23.9734 -24.7182 0
    endloop
  endfacet
  facet normal -0.923737 0.383026 0
    outer loop
      vertex 23.9734 -24.7182 5
      vertex 23.9032 -24.8875 0
      vertex 23.9032 -24.8875 5
    endloop
  endfacet
  facet normal 0.675873 0.737018 -0
    outer loop
      vertex 20.6501 -25.6087 0
      vertex 20.5151 -25.4849 5
      vertex 20.6501 -25.6087 5
    endloop
  endfacet
  facet normal 0.675873 0.737018 0
    outer loop
      vertex 20.5151 -25.4849 5
      vertex 20.6501 -25.6087 0
      vertex 20.5151 -25.4849 0
    endloop
  endfacet
  facet normal 0.608523 0.793536 -0
    outer loop
      vertex 20.7955 -25.7202 0
      vertex 20.6501 -25.6087 5
      vertex 20.7955 -25.7202 5
    endloop
  endfacet
  facet normal 0.608523 0.793536 0
    outer loop
      vertex 20.6501 -25.6087 5
      vertex 20.7955 -25.7202 0
      vertex 20.6501 -25.6087 0
    endloop
  endfacet
  facet normal 0.383026 -0.923737 0
    outer loop
      vertex 21.1125 25.9032 0
      vertex 21.2818 25.9734 6
      vertex 21.1125 25.9032 6
    endloop
  endfacet
  facet normal 0.383026 -0.923737 0
    outer loop
      vertex 21.2818 25.9734 6
      vertex 21.1125 25.9032 0
      vertex 21.2818 25.9734 0
    endloop
  endfacet
  facet normal -0.300295 -0.953846 0
    outer loop
      vertex 22.5435 26.0284 0
      vertex 22.7182 25.9734 6
      vertex 22.5435 26.0284 6
    endloop
  endfacet
  facet normal -0.300295 -0.953846 -0
    outer loop
      vertex 22.7182 25.9734 6
      vertex 22.5435 26.0284 0
      vertex 22.7182 25.9734 0
    endloop
  endfacet
  facet normal 0.923737 -0.383026 0
    outer loop
      vertex 20.0266 24.7182 6
      vertex 20.0968 24.8875 0
      vertex 20.0968 24.8875 6
    endloop
  endfacet
  facet normal 0.923737 -0.383026 0
    outer loop
      vertex 20.0968 24.8875 0
      vertex 20.0266 24.7182 6
      vertex 20.0266 24.7182 0
    endloop
  endfacet
  facet normal 0.843212 -0.537582 0
    outer loop
      vertex 20.1813 25.05 6
      vertex 20.2798 25.2045 0
      vertex 20.2798 25.2045 6
    endloop
  endfacet
  facet normal 0.843212 -0.537582 0
    outer loop
      vertex 20.2798 25.2045 0
      vertex 20.1813 25.05 6
      vertex 20.1813 25.05 0
    endloop
  endfacet
  facet normal -0.737018 -0.675873 0
    outer loop
      vertex 23.6087 25.3499 0
      vertex 23.4849 25.4849 6
      vertex 23.4849 25.4849 0
    endloop
  endfacet
  facet normal -0.737018 -0.675873 0
    outer loop
      vertex 23.4849 25.4849 6
      vertex 23.6087 25.3499 0
      vertex 23.6087 25.3499 6
    endloop
  endfacet
  facet normal 0.976226 -0.216757 0
    outer loop
      vertex 19.9319 24.3647 6
      vertex 19.9716 24.5435 0
      vertex 19.9716 24.5435 6
    endloop
  endfacet
  facet normal 0.976226 -0.216757 0
    outer loop
      vertex 19.9716 24.5435 0
      vertex 19.9319 24.3647 6
      vertex 19.9319 24.3647 0
    endloop
  endfacet
  facet normal -0.843212 0.537582 0
    outer loop
      vertex 23.7202 -25.2045 0
      vertex 23.8187 -25.05 5
      vertex 23.8187 -25.05 0
    endloop
  endfacet
  facet normal -0.843212 0.537582 0
    outer loop
      vertex 23.8187 -25.05 5
      vertex 23.7202 -25.2045 0
      vertex 23.7202 -25.2045 5
    endloop
  endfacet
  facet normal -0.537582 0.843212 0
    outer loop
      vertex 23.2045 -25.7202 0
      vertex 23.05 -25.8187 5
      vertex 23.2045 -25.7202 5
    endloop
  endfacet
  facet normal -0.537582 0.843212 0
    outer loop
      vertex 23.05 -25.8187 5
      vertex 23.2045 -25.7202 0
      vertex 23.05 -25.8187 0
    endloop
  endfacet
  facet normal -0.608523 0.793536 0
    outer loop
      vertex 23.3499 -25.6087 0
      vertex 23.2045 -25.7202 5
      vertex 23.3499 -25.6087 5
    endloop
  endfacet
  facet normal -0.608523 0.793536 0
    outer loop
      vertex 23.2045 -25.7202 5
      vertex 23.3499 -25.6087 0
      vertex 23.2045 -25.7202 0
    endloop
  endfacet
  facet normal -0.537582 -0.843212 0
    outer loop
      vertex 23.05 25.8187 0
      vertex 23.2045 25.7202 6
      vertex 23.05 25.8187 6
    endloop
  endfacet
  facet normal -0.537582 -0.843212 -0
    outer loop
      vertex 23.2045 25.7202 6
      vertex 23.05 25.8187 0
      vertex 23.2045 25.7202 0
    endloop
  endfacet
  facet normal 0.537582 0.843212 -0
    outer loop
      vertex 20.95 -25.8187 0
      vertex 20.7955 -25.7202 5
      vertex 20.95 -25.8187 5
    endloop
  endfacet
  facet normal 0.537582 0.843212 0
    outer loop
      vertex 20.7955 -25.7202 5
      vertex 20.95 -25.8187 0
      vertex 20.7955 -25.7202 0
    endloop
  endfacet
  facet normal -0.130412 0.99146 0
    outer loop
      vertex 22.3647 -26.0681 0
      vertex 22.183 -26.092 5
      vertex 22.3647 -26.0681 5
    endloop
  endfacet
  facet normal -0.130412 0.99146 0
    outer loop
      vertex 22.183 -26.092 5
      vertex 22.3647 -26.0681 0
      vertex 22.183 -26.092 0
    endloop
  endfacet
  facet normal -0.953855 -0.300267 0
    outer loop
      vertex 23.9734 24.7182 0
      vertex 24 24.6337 5
      vertex 23.9734 24.7182 6
    endloop
  endfacet
  facet normal -0.953846 -0.300295 -5.24151e-07
    outer loop
      vertex 24.0284 24.5435 0
      vertex 24 24.6337 5
      vertex 23.9734 24.7182 0
    endloop
  endfacet
  facet normal -0.953838 -0.300322 0
    outer loop
      vertex 24 24.6337 5
      vertex 24.0284 24.5435 0
      vertex 24.0284 24.5435 5
    endloop
  endfacet
  facet normal -0.953855 -0.300267 0
    outer loop
      vertex 23.9734 24.7182 6
      vertex 24 24.6337 5
      vertex 24 24.6337 6
    endloop
  endfacet
  facet normal -0.976226 -0.216757 0
    outer loop
      vertex 24.0681 24.3647 0
      vertex 24.0284 24.5435 5
      vertex 24.0284 24.5435 0
    endloop
  endfacet
  facet normal -0.976226 -0.216757 0
    outer loop
      vertex 24.0284 24.5435 5
      vertex 24.0681 24.3647 0
      vertex 24.0681 24.3647 5
    endloop
  endfacet
  facet normal -0.793536 0.608523 0
    outer loop
      vertex 23.6087 -25.3499 0
      vertex 23.7202 -25.2045 5
      vertex 23.7202 -25.2045 0
    endloop
  endfacet
  facet normal -0.793536 0.608523 0
    outer loop
      vertex 23.7202 -25.2045 5
      vertex 23.6087 -25.3499 0
      vertex 23.6087 -25.3499 5
    endloop
  endfacet
  facet normal 0.0436741 0.999046 -0
    outer loop
      vertex 22 -26.1 0
      vertex 21.817 -26.092 5
      vertex 22 -26.1 5
    endloop
  endfacet
  facet normal 0.0436741 0.999046 0
    outer loop
      vertex 21.817 -26.092 5
      vertex 22 -26.1 0
      vertex 21.817 -26.092 0
    endloop
  endfacet
  facet normal -0.953846 0.300295 0
    outer loop
      vertex 23.9734 -24.7182 0
      vertex 24.0284 -24.5435 5
      vertex 24.0284 -24.5435 0
    endloop
  endfacet
  facet normal -0.953846 0.300295 0
    outer loop
      vertex 24.0284 -24.5435 5
      vertex 23.9734 -24.7182 0
      vertex 23.9734 -24.7182 5
    endloop
  endfacet
  facet normal 0.99146 -0.130412 0
    outer loop
      vertex 19.908 24.183 6
      vertex 19.9319 24.3647 0
      vertex 19.9319 24.3647 6
    endloop
  endfacet
  facet normal 0.99146 -0.130412 0
    outer loop
      vertex 19.9319 24.3647 0
      vertex 19.908 24.183 6
      vertex 19.908 24.183 0
    endloop
  endfacet
  facet normal 0 0 -1
    outer loop
      vertex 19.9 24 6
      vertex 24 24.6337 6
      vertex 24 8 6
    endloop
  endfacet
  facet normal 0 -0 -1
    outer loop
      vertex 23.9032 24.8875 6
      vertex 24 24.6337 6
      vertex 19.9 24 6
    endloop
  endfacet
  facet normal 0 0 -1
    outer loop
      vertex 24 24.6337 6
      vertex 23.9032 24.8875 6
      vertex 23.9734 24.7182 6
    endloop
  endfacet
  facet normal -0 0 -1
    outer loop
      vertex 23.9032 24.8875 6
      vertex 19.9 24 6
      vertex 23.8187 25.05 6
    endloop
  endfacet
  facet normal -0 0 -1
    outer loop
      vertex 23.8187 25.05 6
      vertex 19.9 24 6
      vertex 23.7202 25.2045 6
    endloop
  endfacet
  facet normal -0 0 -1
    outer loop
      vertex 23.7202 25.2045 6
      vertex 19.9 24 6
      vertex 23.6087 25.3499 6
    endloop
  endfacet
  facet normal -0 0 -1
    outer loop
      vertex 23.6087 25.3499 6
      vertex 19.9 24 6
      vertex 23.4849 25.4849 6
    endloop
  endfacet
  facet normal -0 0 -1
    outer loop
      vertex 23.4849 25.4849 6
      vertex 19.9 24 6
      vertex 23.3499 25.6087 6
    endloop
  endfacet
  facet normal -0 0 -1
    outer loop
      vertex 23.3499 25.6087 6
      vertex 19.9 24 6
      vertex 23.2045 25.7202 6
    endloop
  endfacet
  facet normal -0 0 -1
    outer loop
      vertex 23.2045 25.7202 6
      vertex 19.9 24 6
      vertex 23.05 25.8187 6
    endloop
  endfacet
  facet normal -0 0 -1
    outer loop
      vertex 23.05 25.8187 6
      vertex 19.9 24 6
      vertex 22.8875 25.9032 6
    endloop
  endfacet
  facet normal -0 0 -1
    outer loop
      vertex 22.8875 25.9032 6
      vertex 19.9 24 6
      vertex 22.7182 25.9734 6
    endloop
  endfacet
  facet normal -0 0 -1
    outer loop
      vertex 22.7182 25.9734 6
      vertex 19.9 24 6
      vertex 22.5435 26.0284 6
    endloop
  endfacet
  facet normal -0 0 -1
    outer loop
      vertex 22.5435 26.0284 6
      vertex 19.9 24 6
      vertex 22.3647 26.0681 6
    endloop
  endfacet
  facet normal -0 0 -1
    outer loop
      vertex 22.3647 26.0681 6
      vertex 19.9 24 6
      vertex 22.183 26.092 6
    endloop
  endfacet
  facet normal -0 0 -1
    outer loop
      vertex 22.183 26.092 6
      vertex 19.9 24 6
      vertex 22 26.1 6
    endloop
  endfacet
  facet normal 0 0 -1
    outer loop
      vertex 22 26.1 6
      vertex 19.9 24 6
      vertex 21.817 26.092 6
    endloop
  endfacet
  facet normal 0 0 -1
    outer loop
      vertex 21.817 26.092 6
      vertex 19.9 24 6
      vertex 21.6353 26.0681 6
    endloop
  endfacet
  facet normal 0 0 -1
    outer loop
      vertex 21.6353 26.0681 6
      vertex 19.9 24 6
      vertex 21.4565 26.0284 6
    endloop
  endfacet
  facet normal 0 0 -1
    outer loop
      vertex 21.4565 26.0284 6
      vertex 19.9 24 6
      vertex 21.2818 25.9734 6
    endloop
  endfacet
  facet normal 0 0 -1
    outer loop
      vertex 21.2818 25.9734 6
      vertex 19.9 24 6
      vertex 21.1125 25.9032 6
    endloop
  endfacet
  facet normal 0 0 -1
    outer loop
      vertex 21.1125 25.9032 6
      vertex 19.9 24 6
      vertex 20.95 25.8187 6
    endloop
  endfacet
  facet normal 0 0 -1
    outer loop
      vertex 20.95 25.8187 6
      vertex 19.9 24 6
      vertex 20.7955 25.7202 6
    endloop
  endfacet
  facet normal 0 0 -1
    outer loop
      vertex 20.7955 25.7202 6
      vertex 19.9 24 6
      vertex 20.6501 25.6087 6
    endloop
  endfacet
  facet normal 0 0 -1
    outer loop
      vertex 20.6501 25.6087 6
      vertex 19.9 24 6
      vertex 20.5151 25.4849 6
    endloop
  endfacet
  facet normal 0 0 -1
    outer loop
      vertex 20.5151 25.4849 6
      vertex 19.9 24 6
      vertex 20.3913 25.3499 6
    endloop
  endfacet
  facet normal 0 0 -1
    outer loop
      vertex 20.3913 25.3499 6
      vertex 19.9 24 6
      vertex 20.2798 25.2045 6
    endloop
  endfacet
  facet normal 0 0 -1
    outer loop
      vertex 20.2798 25.2045 6
      vertex 19.9 24 6
      vertex 20.1813 25.05 6
    endloop
  endfacet
  facet normal 0 0 -1
    outer loop
      vertex 20.1813 25.05 6
      vertex 19.9 24 6
      vertex 20.0968 24.8875 6
    endloop
  endfacet
  facet normal 0 0 -1
    outer loop
      vertex 20.0968 24.8875 6
      vertex 19.9 24 6
      vertex 20.0266 24.7182 6
    endloop
  endfacet
  facet normal 0 0 -1
    outer loop
      vertex 20.0266 24.7182 6
      vertex 19.9 24 6
      vertex 19.9716 24.5435 6
    endloop
  endfacet
  facet normal 0 0 -1
    outer loop
      vertex 19.9716 24.5435 6
      vertex 19.9 24 6
      vertex 19.9319 24.3647 6
    endloop
  endfacet
  facet normal 0 0 -1
    outer loop
      vertex 19.9 24 6
      vertex 24 8 6
      vertex 19.9 8 6
    endloop
  endfacet
  facet normal 0 0 -1
    outer loop
      vertex 19.9319 24.3647 6
      vertex 19.9 24 6
      vertex 19.908 24.183 6
    endloop
  endfacet
  facet normal 0.976226 0.216757 0
    outer loop
      vertex 19.9716 -24.5435 5
      vertex 19.9319 -24.3647 0
      vertex 19.9319 -24.3647 5
    endloop
  endfacet
  facet normal 0.976226 0.216757 0
    outer loop
      vertex 19.9319 -24.3647 0
      vertex 19.9716 -24.5435 5
      vertex 19.9716 -24.5435 0
    endloop
  endfacet
  facet normal -0.0436741 -0.999046 0
    outer loop
      vertex 22 26.1 0
      vertex 22.183 26.092 6
      vertex 22 26.1 6
    endloop
  endfacet
  facet normal -0.0436741 -0.999046 -0
    outer loop
      vertex 22.183 26.092 6
      vertex 22 26.1 0
      vertex 22.183 26.092 0
    endloop
  endfacet
  facet normal 0.130412 -0.99146 0
    outer loop
      vertex 21.6353 26.0681 0
      vertex 21.817 26.092 6
      vertex 21.6353 26.0681 6
    endloop
  endfacet
  facet normal 0.130412 -0.99146 0
    outer loop
      vertex 21.817 26.092 6
      vertex 21.6353 26.0681 0
      vertex 21.817 26.092 0
    endloop
  endfacet
  facet normal 0.843212 0.537582 0
    outer loop
      vertex 20.2798 -25.2045 5
      vertex 20.1813 -25.05 0
      vertex 20.1813 -25.05 5
    endloop
  endfacet
  facet normal 0.843212 0.537582 0
    outer loop
      vertex 20.1813 -25.05 0
      vertex 20.2798 -25.2045 5
      vertex 20.2798 -25.2045 0
    endloop
  endfacet
  facet normal -0.976226 0.216757 0
    outer loop
      vertex 24.0284 -24.5435 0
      vertex 24.0681 -24.3647 5
      vertex 24.0681 -24.3647 0
    endloop
  endfacet
  facet normal -0.976226 0.216757 0
    outer loop
      vertex 24.0681 -24.3647 5
      vertex 24.0284 -24.5435 0
      vertex 24.0284 -24.5435 5
    endloop
  endfacet
  facet normal 0.383026 0.923737 -0
    outer loop
      vertex 21.2818 -25.9734 0
      vertex 21.1125 -25.9032 5
      vertex 21.2818 -25.9734 5
    endloop
  endfacet
  facet normal 0.383026 0.923737 0
    outer loop
      vertex 21.1125 -25.9032 5
      vertex 21.2818 -25.9734 0
      vertex 21.1125 -25.9032 0
    endloop
  endfacet
  facet normal -0.99146 0.130412 0
    outer loop
      vertex 24.0681 -24.3647 0
      vertex 24.092 -24.183 5
      vertex 24.092 -24.183 0
    endloop
  endfacet
  facet normal -0.99146 0.130412 0
    outer loop
      vertex 24.092 -24.183 5
      vertex 24.0681 -24.3647 0
      vertex 24.0681 -24.3647 5
    endloop
  endfacet
  facet normal 0.0436741 -0.999046 0
    outer loop
      vertex 21.817 26.092 0
      vertex 22 26.1 6
      vertex 21.817 26.092 6
    endloop
  endfacet
  facet normal 0.0436741 -0.999046 0
    outer loop
      vertex 22 26.1 6
      vertex 21.817 26.092 0
      vertex 22 26.1 0
    endloop
  endfacet
  facet normal 0 -0.887092 -0.461593
    outer loop
      vertex 30 1.08757 43.0071
      vertex 35 1.03923 43.1
      vertex 30 1.03923 43.1
    endloop
  endfacet
  facet normal 0 -0.887092 -0.461593
    outer loop
      vertex 35 1.03923 43.1
      vertex 30 1.08757 43.0071
      vertex 35 1.08757 43.0071
    endloop
  endfacet
  facet normal 0 -0.999047 0.0436486
    outer loop
      vertex 30 1.19543 35.8954
      vertex 35 1.2 36
      vertex 30 1.2 36
    endloop
  endfacet
  facet normal 0 -0.999047 0.0436486
    outer loop
      vertex 35 1.2 36
      vertex 30 1.19543 35.8954
      vertex 35 1.19543 35.8954
    endloop
  endfacet
  facet normal 0 0.737357 -0.675503
    outer loop
      vertex 35 -0.919252 43.2713
      vertex 30 -0.848528 43.3485
      vertex 35 -0.848528 43.3485
    endloop
  endfacet
  facet normal 0 0.737357 -0.675503
    outer loop
      vertex 30 -0.848528 43.3485
      vertex 35 -0.919252 43.2713
      vertex 30 -0.919252 43.2713
    endloop
  endfacet
  facet normal 0 0.462208 -0.886771
    outer loop
      vertex 30 -0.599999 43.5392
      vertex 35 -0.507141 43.5876
      vertex 35 -0.599999 43.5392
    endloop
  endfacet
  facet normal 0 0.462208 -0.886771
    outer loop
      vertex 35 -0.507141 43.5876
      vertex 30 -0.599999 43.5392
      vertex 30 -0.507141 43.5876
    endloop
  endfacet
  facet normal 0 -0.843414 -0.537264
    outer loop
      vertex 30 1.03923 43.1
      vertex 35 0.982982 43.1883
      vertex 30 0.982982 43.1883
    endloop
  endfacet
  facet normal 0 -0.843414 -0.537264
    outer loop
      vertex 35 0.982982 43.1883
      vertex 30 1.03923 43.1
      vertex 35 1.03923 43.1
    endloop
  endfacet
  facet normal 0 -0.843739 0.536754
    outer loop
      vertex 30 1.02498 35.3776
      vertex 35 1.03923 35.4
      vertex 30 1.03923 35.4
    endloop
  endfacet
  facet normal 0 -0.843739 0.536754
    outer loop
      vertex 35 1.03923 35.4
      vertex 30 1.02498 35.3776
      vertex 35 1.02498 35.3776
    endloop
  endfacet
  facet normal 0 0.953681 -0.30082
    outer loop
      vertex 35 -1.15911 42.8106
      vertex 30 -1.12763 42.9104
      vertex 35 -1.12763 42.9104
    endloop
  endfacet
  facet normal 0 0.953681 -0.30082
    outer loop
      vertex 30 -1.12763 42.9104
      vertex 35 -1.15911 42.8106
      vertex 30 -1.15911 42.8106
    endloop
  endfacet
  facet normal 0 0.79316 -0.609013
    outer loop
      vertex 35 -0.982982 43.1883
      vertex 30 -0.919252 43.2713
      vertex 35 -0.919252 43.2713
    endloop
  endfacet
  facet normal 0 0.79316 -0.609013
    outer loop
      vertex 30 -0.919252 43.2713
      vertex 35 -0.982982 43.1883
      vertex 30 -0.982982 43.1883
    endloop
  endfacet
  facet normal 0 -0.536968 -0.843603
    outer loop
      vertex 30 0.599999 43.5392
      vertex 35 0.688292 43.483
      vertex 35 0.599999 43.5392
    endloop
  endfacet
  facet normal -0 -0.536968 -0.843603
    outer loop
      vertex 35 0.688292 43.483
      vertex 30 0.599999 43.5392
      vertex 30 0.688292 43.483
    endloop
  endfacet
  facet normal 0 -0.737357 -0.675503
    outer loop
      vertex 30 0.919252 43.2713
      vertex 35 0.848528 43.3485
      vertex 30 0.848528 43.3485
    endloop
  endfacet
  facet normal 0 -0.737357 -0.675503
    outer loop
      vertex 35 0.848528 43.3485
      vertex 30 0.919252 43.2713
      vertex 35 0.919252 43.2713
    endloop
  endfacet
  facet normal 0 -1 0
    outer loop
      vertex 30 1.2 36
      vertex 35 1.2 42.5
      vertex 30 1.2 42.5
    endloop
  endfacet
  facet normal 0 -1 -0
    outer loop
      vertex 35 1.2 42.5
      vertex 30 1.2 36
      vertex 35 1.2 36
    endloop
  endfacet
  facet normal 0 -0.129923 -0.991524
    outer loop
      vertex 30 0.104587 43.6954
      vertex 35 0.208377 43.6818
      vertex 35 0.104587 43.6954
    endloop
  endfacet
  facet normal -0 -0.129923 -0.991524
    outer loop
      vertex 35 0.208377 43.6818
      vertex 30 0.104587 43.6954
      vertex 30 0.208377 43.6818
    endloop
  endfacet
  facet normal 0 0.953681 0.30082
    outer loop
      vertex 35 -1.12763 35.5896
      vertex 30 -1.15911 35.6894
      vertex 35 -1.15911 35.6894
    endloop
  endfacet
  facet normal 0 0.953681 0.30082
    outer loop
      vertex 30 -1.15911 35.6894
      vertex 35 -1.12763 35.5896
      vertex 30 -1.12763 35.5896
    endloop
  endfacet
  facet normal 0 0.991452 0.130474
    outer loop
      vertex 35 -1.18177 35.7916
      vertex 30 -1.19543 35.8954
      vertex 35 -1.19543 35.8954
    endloop
  endfacet
  facet normal 0 0.991452 0.130474
    outer loop
      vertex 30 -1.19543 35.8954
      vertex 35 -1.18177 35.7916
      vertex 30 -1.18177 35.7916
    endloop
  endfacet
  facet normal 0 0.843414 -0.537264
    outer loop
      vertex 35 -1.03923 43.1
      vertex 30 -0.982982 43.1883
      vertex 35 -0.982982 43.1883
    endloop
  endfacet
  facet normal 0 0.843414 -0.537264
    outer loop
      vertex 30 -0.982982 43.1883
      vertex 35 -1.03923 43.1
      vertex 30 -1.03923 43.1
    endloop
  endfacet
  facet normal 0 0.129923 -0.991524
    outer loop
      vertex 30 -0.208377 43.6818
      vertex 35 -0.104587 43.6954
      vertex 35 -0.208377 43.6818
    endloop
  endfacet
  facet normal 0 0.129923 -0.991524
    outer loop
      vertex 35 -0.104587 43.6954
      vertex 30 -0.208377 43.6818
      vertex 30 -0.104587 43.6954
    endloop
  endfacet
  facet normal 0 1 -0
    outer loop
      vertex 35 -1.2 36
      vertex 30 -1.2 42.5
      vertex 35 -1.2 42.5
    endloop
  endfacet
  facet normal 0 1 0
    outer loop
      vertex 30 -1.2 42.5
      vertex 35 -1.2 36
      vertex 30 -1.2 36
    endloop
  endfacet
  facet normal 0 -0.953681 -0.30082
    outer loop
      vertex 30 1.15911 42.8106
      vertex 35 1.12763 42.9104
      vertex 30 1.12763 42.9104
    endloop
  endfacet
  facet normal 0 -0.953681 -0.30082
    outer loop
      vertex 35 1.12763 42.9104
      vertex 30 1.15911 42.8106
      vertex 35 1.15911 42.8106
    endloop
  endfacet
  facet normal 0 -0.300882 -0.953661
    outer loop
      vertex 30 0.310582 43.6591
      vertex 35 0.410423 43.6276
      vertex 35 0.310582 43.6591
    endloop
  endfacet
  facet normal -0 -0.300882 -0.953661
    outer loop
      vertex 35 0.410423 43.6276
      vertex 30 0.310582 43.6591
      vertex 30 0.410423 43.6276
    endloop
  endfacet
  facet normal 0 -0.991452 -0.130474
    outer loop
      vertex 30 1.19543 42.6046
      vertex 35 1.18177 42.7084
      vertex 30 1.18177 42.7084
    endloop
  endfacet
  facet normal 0 -0.991452 -0.130474
    outer loop
      vertex 35 1.18177 42.7084
      vertex 30 1.19543 42.6046
      vertex 35 1.19543 42.6046
    endloop
  endfacet
  facet normal 0 -0.79316 -0.609013
    outer loop
      vertex 30 0.982982 43.1883
      vertex 35 0.919252 43.2713
      vertex 30 0.919252 43.2713
    endloop
  endfacet
  facet normal 0 -0.79316 -0.609013
    outer loop
      vertex 35 0.919252 43.2713
      vertex 30 0.982982 43.1883
      vertex 35 0.982982 43.1883
    endloop
  endfacet
  facet normal 0 -0.923861 -0.382729
    outer loop
      vertex 30 1.12763 42.9104
      vertex 35 1.08757 43.0071
      vertex 30 1.08757 43.0071
    endloop
  endfacet
  facet normal 0 -0.923861 -0.382729
    outer loop
      vertex 35 1.08757 43.0071
      vertex 30 1.12763 42.9104
      vertex 35 1.12763 42.9104
    endloop
  endfacet
  facet normal 0 0.97629 -0.216465
    outer loop
      vertex 35 -1.18177 42.7084
      vertex 30 -1.15911 42.8106
      vertex 35 -1.15911 42.8106
    endloop
  endfacet
  facet normal 0 0.97629 -0.216465
    outer loop
      vertex 30 -1.15911 42.8106
      vertex 35 -1.18177 42.7084
      vertex 30 -1.18177 42.7084
    endloop
  endfacet
  facet normal 0 -0.953681 0.30082
    outer loop
      vertex 30 1.12763 35.5896
      vertex 35 1.15911 35.6894
      vertex 30 1.15911 35.6894
    endloop
  endfacet
  facet normal 0 -0.953681 0.30082
    outer loop
      vertex 35 1.15911 35.6894
      vertex 30 1.12763 35.5896
      vertex 35 1.12763 35.5896
    endloop
  endfacet
  facet normal 0 -0.608593 -0.793483
    outer loop
      vertex 30 0.688292 43.483
      vertex 35 0.771344 43.4193
      vertex 35 0.688292 43.483
    endloop
  endfacet
  facet normal -0 -0.608593 -0.793483
    outer loop
      vertex 35 0.771344 43.4193
      vertex 30 0.688292 43.483
      vertex 30 0.771344 43.4193
    endloop
  endfacet
  facet normal 0 -0.887092 0.461593
    outer loop
      vertex 30 1.03923 35.4
      vertex 35 1.08757 35.4929
      vertex 30 1.08757 35.4929
    endloop
  endfacet
  facet normal 0 -0.887092 0.461593
    outer loop
      vertex 35 1.08757 35.4929
      vertex 30 1.03923 35.4
      vertex 35 1.03923 35.4
    endloop
  endfacet
  facet normal 0 0.887092 0.461593
    outer loop
      vertex 35 -1.03923 35.4
      vertex 30 -1.08757 35.4929
      vertex 35 -1.08757 35.4929
    endloop
  endfacet
  facet normal 0 0.887092 0.461593
    outer loop
      vertex 30 -1.08757 35.4929
      vertex 35 -1.03923 35.4
      vertex 30 -1.03923 35.4
    endloop
  endfacet
  facet normal 0 0.999047 -0.0436486
    outer loop
      vertex 35 -1.2 42.5
      vertex 30 -1.19543 42.6046
      vertex 35 -1.19543 42.6046
    endloop
  endfacet
  facet normal 0 0.999047 -0.0436486
    outer loop
      vertex 30 -1.19543 42.6046
      vertex 35 -1.2 42.5
      vertex 30 -1.2 42.5
    endloop
  endfacet
  facet normal 0 0.923861 0.382729
    outer loop
      vertex 35 -1.08757 35.4929
      vertex 30 -1.12763 35.5896
      vertex 35 -1.12763 35.5896
    endloop
  endfacet
  facet normal 0 0.923861 0.382729
    outer loop
      vertex 30 -1.12763 35.5896
      vertex 35 -1.08757 35.4929
      vertex 30 -1.08757 35.4929
    endloop
  endfacet
  facet normal 0 -0.382179 -0.924089
    outer loop
      vertex 30 0.410423 43.6276
      vertex 35 0.507141 43.5876
      vertex 35 0.410423 43.6276
    endloop
  endfacet
  facet normal -0 -0.382179 -0.924089
    outer loop
      vertex 35 0.507141 43.5876
      vertex 30 0.410423 43.6276
      vertex 30 0.507141 43.5876
    endloop
  endfacet
  facet normal 0 -0.923861 0.382729
    outer loop
      vertex 30 1.08757 35.4929
      vertex 35 1.12763 35.5896
      vertex 30 1.12763 35.5896
    endloop
  endfacet
  facet normal 0 -0.923861 0.382729
    outer loop
      vertex 35 1.12763 35.5896
      vertex 30 1.08757 35.4929
      vertex 35 1.08757 35.4929
    endloop
  endfacet
  facet normal 0 -0.97629 0.216465
    outer loop
      vertex 30 1.15911 35.6894
      vertex 35 1.18177 35.7916
      vertex 30 1.18177 35.7916
    endloop
  endfacet
  facet normal 0 -0.97629 0.216465
    outer loop
      vertex 35 1.18177 35.7916
      vertex 30 1.15911 35.6894
      vertex 35 1.15911 35.6894
    endloop
  endfacet
  facet normal 0 -0.999047 -0.0436486
    outer loop
      vertex 30 1.2 42.5
      vertex 35 1.19543 42.6046
      vertex 30 1.19543 42.6046
    endloop
  endfacet
  facet normal 0 -0.999047 -0.0436486
    outer loop
      vertex 35 1.19543 42.6046
      vertex 30 1.2 42.5
      vertex 35 1.2 42.5
    endloop
  endfacet
  facet normal 0 -0.97629 -0.216465
    outer loop
      vertex 30 1.18177 42.7084
      vertex 35 1.15911 42.8106
      vertex 30 1.15911 42.8106
    endloop
  endfacet
  facet normal 0 -0.97629 -0.216465
    outer loop
      vertex 35 1.15911 42.8106
      vertex 30 1.18177 42.7084
      vertex 35 1.18177 42.7084
    endloop
  endfacet
  facet normal 0 0.216819 -0.976212
    outer loop
      vertex 30 -0.310582 43.6591
      vertex 35 -0.208377 43.6818
      vertex 35 -0.310582 43.6591
    endloop
  endfacet
  facet normal 0 0.216819 -0.976212
    outer loop
      vertex 35 -0.208377 43.6818
      vertex 30 -0.310582 43.6591
      vertex 30 -0.208377 43.6818
    endloop
  endfacet
  facet normal 0 -0.216819 -0.976212
    outer loop
      vertex 30 0.208377 43.6818
      vertex 35 0.310582 43.6591
      vertex 35 0.208377 43.6818
    endloop
  endfacet
  facet normal -0 -0.216819 -0.976212
    outer loop
      vertex 35 0.310582 43.6591
      vertex 30 0.208377 43.6818
      vertex 30 0.310582 43.6591
    endloop
  endfacet
  facet normal 0 0.382179 -0.924089
    outer loop
      vertex 30 -0.507141 43.5876
      vertex 35 -0.410423 43.6276
      vertex 35 -0.507141 43.5876
    endloop
  endfacet
  facet normal 0 0.382179 -0.924089
    outer loop
      vertex 35 -0.410423 43.6276
      vertex 30 -0.507141 43.5876
      vertex 30 -0.410423 43.6276
    endloop
  endfacet
  facet normal 0 0.991452 -0.130474
    outer loop
      vertex 35 -1.19543 42.6046
      vertex 30 -1.18177 42.7084
      vertex 35 -1.18177 42.7084
    endloop
  endfacet
  facet normal 0 0.991452 -0.130474
    outer loop
      vertex 30 -1.18177 42.7084
      vertex 35 -1.19543 42.6046
      vertex 30 -1.19543 42.6046
    endloop
  endfacet
  facet normal 0 0.675974 -0.736926
    outer loop
      vertex 30 -0.848528 43.3485
      vertex 35 -0.771344 43.4193
      vertex 35 -0.848528 43.3485
    endloop
  endfacet
  facet normal 0 0.675974 -0.736926
    outer loop
      vertex 35 -0.771344 43.4193
      vertex 30 -0.848528 43.3485
      vertex 30 -0.771344 43.4193
    endloop
  endfacet
  facet normal 0 0.300882 -0.953661
    outer loop
      vertex 30 -0.410423 43.6276
      vertex 35 -0.310582 43.6591
      vertex 35 -0.410423 43.6276
    endloop
  endfacet
  facet normal 0 0.300882 -0.953661
    outer loop
      vertex 35 -0.310582 43.6591
      vertex 30 -0.410423 43.6276
      vertex 30 -0.310582 43.6591
    endloop
  endfacet
  facet normal 0 -0.462208 -0.886771
    outer loop
      vertex 30 0.507141 43.5876
      vertex 35 0.599999 43.5392
      vertex 35 0.507141 43.5876
    endloop
  endfacet
  facet normal -0 -0.462208 -0.886771
    outer loop
      vertex 35 0.599999 43.5392
      vertex 30 0.507141 43.5876
      vertex 30 0.599999 43.5392
    endloop
  endfacet
  facet normal 0 -0.04394 -0.999034
    outer loop
      vertex 30 0 43.7
      vertex 35 0.104587 43.6954
      vertex 35 0 43.7
    endloop
  endfacet
  facet normal -0 -0.04394 -0.999034
    outer loop
      vertex 35 0.104587 43.6954
      vertex 30 0 43.7
      vertex 30 0.104587 43.6954
    endloop
  endfacet
  facet normal 0 0.887092 -0.461593
    outer loop
      vertex 35 -1.08757 43.0071
      vertex 30 -1.03923 43.1
      vertex 35 -1.03923 43.1
    endloop
  endfacet
  facet normal 0 0.887092 -0.461593
    outer loop
      vertex 30 -1.03923 43.1
      vertex 35 -1.08757 43.0071
      vertex 30 -1.08757 43.0071
    endloop
  endfacet
  facet normal 0 0.999047 0.0436486
    outer loop
      vertex 35 -1.19543 35.8954
      vertex 30 -1.2 36
      vertex 35 -1.2 36
    endloop
  endfacet
  facet normal 0 0.999047 0.0436486
    outer loop
      vertex 30 -1.2 36
      vertex 35 -1.19543 35.8954
      vertex 30 -1.19543 35.8954
    endloop
  endfacet
  facet normal 0 -0.675974 -0.736926
    outer loop
      vertex 30 0.771344 43.4193
      vertex 35 0.848528 43.3485
      vertex 35 0.771344 43.4193
    endloop
  endfacet
  facet normal -0 -0.675974 -0.736926
    outer loop
      vertex 35 0.848528 43.3485
      vertex 30 0.771344 43.4193
      vertex 30 0.848528 43.3485
    endloop
  endfacet
  facet normal 0 0.843739 0.536754
    outer loop
      vertex 35 -1.02498 35.3776
      vertex 30 -1.03923 35.4
      vertex 35 -1.03923 35.4
    endloop
  endfacet
  facet normal 0 0.843739 0.536754
    outer loop
      vertex 30 -1.03923 35.4
      vertex 35 -1.02498 35.3776
      vertex 30 -1.02498 35.3776
    endloop
  endfacet
  facet normal 0 0.608593 -0.793483
    outer loop
      vertex 30 -0.771344 43.4193
      vertex 35 -0.688292 43.483
      vertex 35 -0.771344 43.4193
    endloop
  endfacet
  facet normal 0 0.608593 -0.793483
    outer loop
      vertex 35 -0.688292 43.483
      vertex 30 -0.771344 43.4193
      vertex 30 -0.688292 43.483
    endloop
  endfacet
  facet normal 0 -0.991452 0.130474
    outer loop
      vertex 30 1.18177 35.7916
      vertex 35 1.19543 35.8954
      vertex 30 1.19543 35.8954
    endloop
  endfacet
  facet normal 0 -0.991452 0.130474
    outer loop
      vertex 35 1.19543 35.8954
      vertex 30 1.18177 35.7916
      vertex 35 1.18177 35.7916
    endloop
  endfacet
  facet normal 0 0.97629 0.216465
    outer loop
      vertex 35 -1.15911 35.6894
      vertex 30 -1.18177 35.7916
      vertex 35 -1.18177 35.7916
    endloop
  endfacet
  facet normal 0 0.97629 0.216465
    outer loop
      vertex 30 -1.18177 35.7916
      vertex 35 -1.15911 35.6894
      vertex 30 -1.15911 35.6894
    endloop
  endfacet
  facet normal 0 0.536968 -0.843603
    outer loop
      vertex 30 -0.688292 43.483
      vertex 35 -0.599999 43.5392
      vertex 35 -0.688292 43.483
    endloop
  endfacet
  facet normal 0 0.536968 -0.843603
    outer loop
      vertex 35 -0.599999 43.5392
      vertex 30 -0.688292 43.483
      vertex 30 -0.599999 43.5392
    endloop
  endfacet
  facet normal 0 0.04394 -0.999034
    outer loop
      vertex 30 -0.104587 43.6954
      vertex 35 0 43.7
      vertex 35 -0.104587 43.6954
    endloop
  endfacet
  facet normal 0 0.04394 -0.999034
    outer loop
      vertex 35 0 43.7
      vertex 30 -0.104587 43.6954
      vertex 30 0 43.7
    endloop
  endfacet
  facet normal 0 0.923861 -0.382729
    outer loop
      vertex 35 -1.12763 42.9104
      vertex 30 -1.08757 43.0071
      vertex 35 -1.08757 43.0071
    endloop
  endfacet
  facet normal 0 0.923861 -0.382729
    outer loop
      vertex 30 -1.08757 43.0071
      vertex 35 -1.12763 42.9104
      vertex 30 -1.12763 42.9104
    endloop
  endfacet
  facet normal 0 -0.299988 -0.953943
    outer loop
      vertex 30 -7.82115 40.2908
      vertex 35 -7.7213 40.2594
      vertex 35 -7.82115 40.2908
    endloop
  endfacet
  facet normal -0 -0.299988 -0.953943
    outer loop
      vertex 35 -7.7213 40.2594
      vertex 30 -7.82115 40.2908
      vertex 30 -7.7213 40.2594
    endloop
  endfacet
  facet normal 0 -0.0429854 -0.999076
    outer loop
      vertex 30 -8.13173 40.3317
      vertex 35 -8.02714 40.3272
      vertex 35 -8.13173 40.3317
    endloop
  endfacet
  facet normal -0 -0.0429854 -0.999076
    outer loop
      vertex 35 -8.02714 40.3272
      vertex 30 -8.13173 40.3317
      vertex 30 -8.02714 40.3272
    endloop
  endfacet
  facet normal 0 -0.608556 -0.793511
    outer loop
      vertex 30 -7.44344 40.1147
      vertex 35 -7.36038 40.051
      vertex 35 -7.44344 40.1147
    endloop
  endfacet
  facet normal -0 -0.608556 -0.793511
    outer loop
      vertex 35 -7.36038 40.051
      vertex 30 -7.44344 40.1147
      vertex 30 -7.36038 40.051
    endloop
  endfacet
  facet normal 0 0.0429895 -0.999076
    outer loop
      vertex 30 -8.23631 40.3272
      vertex 35 -8.13173 40.3317
      vertex 35 -8.23631 40.3272
    endloop
  endfacet
  facet normal 0 0.0429895 -0.999076
    outer loop
      vertex 35 -8.13173 40.3317
      vertex 30 -8.23631 40.3272
      vertex 30 -8.13173 40.3317
    endloop
  endfacet
  facet normal 0 -0.216829 -0.97621
    outer loop
      vertex 30 -7.92335 40.3135
      vertex 35 -7.82115 40.2908
      vertex 35 -7.92335 40.3135
    endloop
  endfacet
  facet normal -0 -0.216829 -0.97621
    outer loop
      vertex 35 -7.82115 40.2908
      vertex 30 -7.92335 40.3135
      vertex 30 -7.82115 40.2908
    endloop
  endfacet
  facet normal 0 0.13085 -0.991402
    outer loop
      vertex 30 -8.34011 40.3135
      vertex 35 -8.23631 40.3272
      vertex 35 -8.34011 40.3135
    endloop
  endfacet
  facet normal 0 0.13085 -0.991402
    outer loop
      vertex 35 -8.23631 40.3272
      vertex 30 -8.34011 40.3135
      vertex 30 -8.23631 40.3272
    endloop
  endfacet
  facet normal 0 -0.886888 -0.461985
    outer loop
      vertex 30 -2.44796 35.0427
      vertex 35 -2.4963 35.1355
      vertex 30 -2.4963 35.1355
    endloop
  endfacet
  facet normal 0 -0.886888 -0.461985
    outer loop
      vertex 35 -2.4963 35.1355
      vertex 30 -2.44796 35.0427
      vertex 35 -2.44796 35.0427
    endloop
  endfacet
  facet normal 0 -0.461449 -0.887167
    outer loop
      vertex 30 -7.62459 40.2193
      vertex 35 -7.53173 40.171
      vertex 35 -7.62459 40.2193
    endloop
  endfacet
  facet normal -0 -0.461449 -0.887167
    outer loop
      vertex 35 -7.53173 40.171
      vertex 30 -7.62459 40.2193
      vertex 30 -7.53173 40.171
    endloop
  endfacet
  facet normal 0 0.793514 -0.608552
    outer loop
      vertex 35 -9.11471 39.82
      vertex 30 -9.05098 39.9031
      vertex 35 -9.05098 39.9031
    endloop
  endfacet
  facet normal 0 0.793514 -0.608552
    outer loop
      vertex 30 -9.05098 39.9031
      vertex 35 -9.11471 39.82
      vertex 30 -9.11471 39.82
    endloop
  endfacet
  facet normal 0 0.843406 -0.537277
    outer loop
      vertex 35 -9.17096 39.7317
      vertex 30 -9.11471 39.82
      vertex 35 -9.11471 39.82
    endloop
  endfacet
  facet normal 0 0.843406 -0.537277
    outer loop
      vertex 30 -9.11471 39.82
      vertex 35 -9.17096 39.7317
      vertex 30 -9.17096 39.7317
    endloop
  endfacet
  facet normal 0 -0.843406 -0.537277
    outer loop
      vertex 30 -2.4963 35.1355
      vertex 35 -2.55255 35.2238
      vertex 30 -2.55255 35.2238
    endloop
  endfacet
  facet normal 0 -0.843406 -0.537277
    outer loop
      vertex 35 -2.55255 35.2238
      vertex 30 -2.4963 35.1355
      vertex 35 -2.4963 35.1355
    endloop
  endfacet
  facet normal 0 0.737376 -0.675482
    outer loop
      vertex 35 -9.05098 39.9031
      vertex 30 -8.98026 39.9803
      vertex 35 -8.98026 39.9803
    endloop
  endfacet
  facet normal 0 0.737376 -0.675482
    outer loop
      vertex 30 -8.98026 39.9803
      vertex 35 -9.05098 39.9031
      vertex 30 -9.05098 39.9031
    endloop
  endfacet
  facet normal 0 0.97629 0.216465
    outer loop
      vertex 35 -9.29084 38.8211
      vertex 30 -9.3135 38.9233
      vertex 35 -9.3135 38.9233
    endloop
  endfacet
  facet normal 0 0.97629 0.216465
    outer loop
      vertex 30 -9.3135 38.9233
      vertex 35 -9.29084 38.8211
      vertex 30 -9.29084 38.8211
    endloop
  endfacet
  facet normal 0 -0.707108 -0.707106
    outer loop
      vertex 30 -7.2832 39.9803
      vertex 35 -2.68701 35.3841
      vertex 35 -7.2832 39.9803
    endloop
  endfacet
  facet normal -0 -0.707108 -0.707106
    outer loop
      vertex 35 -2.68701 35.3841
      vertex 30 -7.2832 39.9803
      vertex 30 -2.68701 35.3841
    endloop
  endfacet
  facet normal -0 0.675474 0.737384
    outer loop
      vertex 30 -4.30688 33.6163
      vertex 35 -4.38406 33.687
      vertex 35 -4.30688 33.6163
    endloop
  endfacet
  facet normal 0 0.675474 0.737384
    outer loop
      vertex 35 -4.38406 33.687
      vertex 30 -4.30688 33.6163
      vertex 30 -4.38406 33.687
    endloop
  endfacet
  facet normal 0 0.707107 0.707107
    outer loop
      vertex 35 -4.38406 33.687
      vertex 30 -8.98026 38.2832
      vertex 35 -8.98026 38.2832
    endloop
  endfacet
  facet normal 0 0.707107 0.707107
    outer loop
      vertex 30 -8.98026 38.2832
      vertex 35 -4.38406 33.687
      vertex 30 -4.38406 33.687
    endloop
  endfacet
  facet normal 0 -0.130862 -0.991401
    outer loop
      vertex 30 -8.02714 40.3272
      vertex 35 -7.92335 40.3135
      vertex 35 -8.02714 40.3272
    endloop
  endfacet
  facet normal -0 -0.130862 -0.991401
    outer loop
      vertex 35 -7.92335 40.3135
      vertex 30 -8.02714 40.3272
      vertex 30 -7.92335 40.3135
    endloop
  endfacet
  facet normal 0 -0.383021 -0.92374
    outer loop
      vertex 30 -7.7213 40.2594
      vertex 35 -7.62459 40.2193
      vertex 35 -7.7213 40.2594
    endloop
  endfacet
  facet normal -0 -0.383021 -0.92374
    outer loop
      vertex 35 -7.62459 40.2193
      vertex 30 -7.7213 40.2594
      vertex 30 -7.62459 40.2193
    endloop
  endfacet
  facet normal 0 0.737376 0.675482
    outer loop
      vertex 35 -8.98026 38.2832
      vertex 30 -9.05098 38.3604
      vertex 35 -9.05098 38.3604
    endloop
  endfacet
  facet normal 0 0.737376 0.675482
    outer loop
      vertex 30 -9.05098 38.3604
      vertex 35 -8.98026 38.2832
      vertex 30 -8.98026 38.2832
    endloop
  endfacet
  facet normal 0 0.300015 -0.953934
    outer loop
      vertex 30 -8.54215 40.2594
      vertex 35 -8.44231 40.2908
      vertex 35 -8.54215 40.2594
    endloop
  endfacet
  facet normal 0 0.300015 -0.953934
    outer loop
      vertex 35 -8.44231 40.2908
      vertex 30 -8.54215 40.2594
      vertex 30 -8.44231 40.2908
    endloop
  endfacet
  facet normal 0 0.843406 0.537277
    outer loop
      vertex 35 -9.11471 38.4434
      vertex 30 -9.17096 38.5317
      vertex 35 -9.17096 38.5317
    endloop
  endfacet
  facet normal 0 0.843406 0.537277
    outer loop
      vertex 30 -9.17096 38.5317
      vertex 35 -9.11471 38.4434
      vertex 30 -9.11471 38.4434
    endloop
  endfacet
  facet normal 0 0.999047 -0.0436486
    outer loop
      vertex 35 -9.33173 39.1317
      vertex 30 -9.32716 39.2363
      vertex 35 -9.32716 39.2363
    endloop
  endfacet
  facet normal 0 0.999047 -0.0436486
    outer loop
      vertex 30 -9.32716 39.2363
      vertex 35 -9.33173 39.1317
      vertex 30 -9.33173 39.1317
    endloop
  endfacet
  facet normal 0 0.608602 -0.793476
    outer loop
      vertex 30 -8.90307 40.051
      vertex 35 -8.82002 40.1147
      vertex 35 -8.90307 40.051
    endloop
  endfacet
  facet normal 0 0.608602 -0.793476
    outer loop
      vertex 35 -8.82002 40.1147
      vertex 30 -8.90307 40.051
      vertex 30 -8.82002 40.1147
    endloop
  endfacet
  facet normal 0 0.953681 0.30082
    outer loop
      vertex 35 -9.25936 38.7213
      vertex 30 -9.29084 38.8211
      vertex 35 -9.29084 38.8211
    endloop
  endfacet
  facet normal 0 0.953681 0.30082
    outer loop
      vertex 30 -9.29084 38.8211
      vertex 35 -9.25936 38.7213
      vertex 30 -9.25936 38.7213
    endloop
  endfacet
  facet normal 0 -0.923861 -0.382729
    outer loop
      vertex 30 -2.4079 34.946
      vertex 35 -2.44796 35.0427
      vertex 30 -2.44796 35.0427
    endloop
  endfacet
  facet normal 0 -0.923861 -0.382729
    outer loop
      vertex 35 -2.44796 35.0427
      vertex 30 -2.4079 34.946
      vertex 35 -2.4079 34.946
    endloop
  endfacet
  facet normal 0 0.886888 -0.461985
    outer loop
      vertex 35 -9.2193 39.6389
      vertex 30 -9.17096 39.7317
      vertex 35 -9.17096 39.7317
    endloop
  endfacet
  facet normal 0 0.886888 -0.461985
    outer loop
      vertex 30 -9.17096 39.7317
      vertex 35 -9.2193 39.6389
      vertex 30 -9.2193 39.6389
    endloop
  endfacet
  facet normal 0 0.999047 0.0436486
    outer loop
      vertex 35 -9.32716 39.0271
      vertex 30 -9.33173 39.1317
      vertex 35 -9.33173 39.1317
    endloop
  endfacet
  facet normal 0 0.999047 0.0436486
    outer loop
      vertex 30 -9.33173 39.1317
      vertex 35 -9.32716 39.0271
      vertex 30 -9.32716 39.0271
    endloop
  endfacet
  facet normal 0 -0.53766 -0.843162
    outer loop
      vertex 30 -7.53173 40.171
      vertex 35 -7.44344 40.1147
      vertex 35 -7.53173 40.171
    endloop
  endfacet
  facet normal -0 -0.53766 -0.843162
    outer loop
      vertex 35 -7.44344 40.1147
      vertex 30 -7.53173 40.171
      vertex 30 -7.44344 40.1147
    endloop
  endfacet
  facet normal 0 0.991452 -0.130474
    outer loop
      vertex 35 -9.32716 39.2363
      vertex 30 -9.3135 39.3401
      vertex 35 -9.3135 39.3401
    endloop
  endfacet
  facet normal 0 0.991452 -0.130474
    outer loop
      vertex 30 -9.3135 39.3401
      vertex 35 -9.32716 39.2363
      vertex 30 -9.32716 39.2363
    endloop
  endfacet
  facet normal 0 0.675426 -0.737428
    outer loop
      vertex 30 -8.98026 39.9803
      vertex 35 -8.90307 40.051
      vertex 35 -8.98026 39.9803
    endloop
  endfacet
  facet normal 0 0.675426 -0.737428
    outer loop
      vertex 35 -8.90307 40.051
      vertex 30 -8.98026 39.9803
      vertex 30 -8.90307 40.051
    endloop
  endfacet
  facet normal 0 -0.953767 -0.300546
    outer loop
      vertex 30 -2.37642 34.8461
      vertex 35 -2.4079 34.946
      vertex 30 -2.4079 34.946
    endloop
  endfacet
  facet normal 0 -0.953767 -0.300546
    outer loop
      vertex 35 -2.4079 34.946
      vertex 30 -2.37642 34.8461
      vertex 35 -2.37642 34.8461
    endloop
  endfacet
  facet normal 0 0.53766 -0.843162
    outer loop
      vertex 30 -8.82002 40.1147
      vertex 35 -8.73173 40.171
      vertex 35 -8.82002 40.1147
    endloop
  endfacet
  facet normal 0 0.53766 -0.843162
    outer loop
      vertex 35 -8.73173 40.171
      vertex 30 -8.82002 40.1147
      vertex 30 -8.73173 40.171
    endloop
  endfacet
  facet normal 0 0.991452 0.130474
    outer loop
      vertex 35 -9.3135 38.9233
      vertex 30 -9.32716 39.0271
      vertex 35 -9.32716 39.0271
    endloop
  endfacet
  facet normal 0 0.991452 0.130474
    outer loop
      vertex 30 -9.32716 39.0271
      vertex 35 -9.3135 38.9233
      vertex 30 -9.3135 38.9233
    endloop
  endfacet
  facet normal 0 0.216829 -0.97621
    outer loop
      vertex 30 -8.44231 40.2908
      vertex 35 -8.34011 40.3135
      vertex 35 -8.44231 40.2908
    endloop
  endfacet
  facet normal 0 0.216829 -0.97621
    outer loop
      vertex 35 -8.34011 40.3135
      vertex 30 -8.44231 40.2908
      vertex 30 -8.34011 40.3135
    endloop
  endfacet
  facet normal 0 0.79316 0.609013
    outer loop
      vertex 35 -9.05098 38.3604
      vertex 30 -9.11471 38.4434
      vertex 35 -9.11471 38.4434
    endloop
  endfacet
  facet normal 0 0.79316 0.609013
    outer loop
      vertex 30 -9.11471 38.4434
      vertex 35 -9.05098 38.3604
      vertex 30 -9.05098 38.3604
    endloop
  endfacet
  facet normal 0 0.382987 -0.923754
    outer loop
      vertex 30 -8.63887 40.2193
      vertex 35 -8.54215 40.2594
      vertex 35 -8.63887 40.2193
    endloop
  endfacet
  facet normal 0 0.382987 -0.923754
    outer loop
      vertex 35 -8.54215 40.2594
      vertex 30 -8.63887 40.2193
      vertex 30 -8.54215 40.2594
    endloop
  endfacet
  facet normal 0 -0.976311 -0.216372
    outer loop
      vertex 30 -2.37068 34.8202
      vertex 35 -2.37642 34.8461
      vertex 30 -2.37642 34.8461
    endloop
  endfacet
  facet normal 0 -0.976311 -0.216372
    outer loop
      vertex 35 -2.37642 34.8461
      vertex 30 -2.37068 34.8202
      vertex 35 -2.37068 34.8202
    endloop
  endfacet
  facet normal -0 0.300885 0.953661
    outer loop
      vertex 30 -3.84612 33.3764
      vertex 35 -3.94596 33.4079
      vertex 35 -3.84612 33.3764
    endloop
  endfacet
  facet normal 0 0.300885 0.953661
    outer loop
      vertex 35 -3.94596 33.4079
      vertex 30 -3.84612 33.3764
      vertex 30 -3.94596 33.4079
    endloop
  endfacet
  facet normal 0 0.887092 0.461593
    outer loop
      vertex 35 -9.17096 38.5317
      vertex 30 -9.2193 38.6246
      vertex 35 -9.2193 38.6246
    endloop
  endfacet
  facet normal 0 0.887092 0.461593
    outer loop
      vertex 30 -9.2193 38.6246
      vertex 35 -9.17096 38.5317
      vertex 30 -9.17096 38.5317
    endloop
  endfacet
  facet normal 0 -0.675474 -0.737384
    outer loop
      vertex 30 -7.36038 40.051
      vertex 35 -7.2832 39.9803
      vertex 35 -7.36038 40.051
    endloop
  endfacet
  facet normal -0 -0.675474 -0.737384
    outer loop
      vertex 35 -7.2832 39.9803
      vertex 30 -7.36038 40.051
      vertex 30 -7.2832 39.9803
    endloop
  endfacet
  facet normal 0 0.461449 -0.887167
    outer loop
      vertex 30 -8.73173 40.171
      vertex 35 -8.63887 40.2193
      vertex 35 -8.73173 40.171
    endloop
  endfacet
  facet normal 0 0.461449 -0.887167
    outer loop
      vertex 35 -8.63887 40.2193
      vertex 30 -8.73173 40.171
      vertex 30 -8.63887 40.2193
    endloop
  endfacet
  facet normal -0 0.382987 0.923754
    outer loop
      vertex 30 -3.94596 33.4079
      vertex 35 -4.04268 33.448
      vertex 35 -3.94596 33.4079
    endloop
  endfacet
  facet normal 0 0.382987 0.923754
    outer loop
      vertex 35 -4.04268 33.448
      vertex 30 -3.94596 33.4079
      vertex 30 -4.04268 33.448
    endloop
  endfacet
  facet normal -0 0.461488 0.887146
    outer loop
      vertex 30 -4.04268 33.448
      vertex 35 -4.13553 33.4963
      vertex 35 -4.04268 33.448
    endloop
  endfacet
  facet normal 0 0.461488 0.887146
    outer loop
      vertex 35 -4.13553 33.4963
      vertex 30 -4.04268 33.448
      vertex 30 -4.13553 33.4963
    endloop
  endfacet
  facet normal -0 0.215013 0.976611
    outer loop
      vertex 30 -3.82023 33.3707
      vertex 35 -3.84612 33.3764
      vertex 35 -3.82023 33.3707
    endloop
  endfacet
  facet normal 0 0.215013 0.976611
    outer loop
      vertex 35 -3.84612 33.3764
      vertex 30 -3.82023 33.3707
      vertex 30 -3.84612 33.3764
    endloop
  endfacet
  facet normal -0 0.608602 0.793476
    outer loop
      vertex 30 -4.22383 33.5526
      vertex 35 -4.30688 33.6163
      vertex 35 -4.22383 33.5526
    endloop
  endfacet
  facet normal 0 0.608602 0.793476
    outer loop
      vertex 35 -4.30688 33.6163
      vertex 30 -4.22383 33.5526
      vertex 30 -4.30688 33.6163
    endloop
  endfacet
  facet normal 0 0.923861 -0.382729
    outer loop
      vertex 35 -9.25936 39.5422
      vertex 30 -9.2193 39.6389
      vertex 35 -9.2193 39.6389
    endloop
  endfacet
  facet normal 0 0.923861 -0.382729
    outer loop
      vertex 30 -9.2193 39.6389
      vertex 35 -9.25936 39.5422
      vertex 30 -9.25936 39.5422
    endloop
  endfacet
  facet normal -0 0.537617 0.843189
    outer loop
      vertex 30 -4.13553 33.4963
      vertex 35 -4.22383 33.5526
      vertex 35 -4.13553 33.4963
    endloop
  endfacet
  facet normal 0 0.537617 0.843189
    outer loop
      vertex 35 -4.22383 33.5526
      vertex 30 -4.13553 33.4963
      vertex 30 -4.22383 33.5526
    endloop
  endfacet
  facet normal 0 0.97629 -0.216465
    outer loop
      vertex 35 -9.3135 39.3401
      vertex 30 -9.29084 39.4423
      vertex 35 -9.29084 39.4423
    endloop
  endfacet
  facet normal 0 0.97629 -0.216465
    outer loop
      vertex 30 -9.29084 39.4423
      vertex 35 -9.3135 39.3401
      vertex 30 -9.3135 39.3401
    endloop
  endfacet
  facet normal 0 0.953767 -0.300546
    outer loop
      vertex 35 -9.29084 39.4423
      vertex 30 -9.25936 39.5422
      vertex 35 -9.25936 39.5422
    endloop
  endfacet
  facet normal 0 0.953767 -0.300546
    outer loop
      vertex 30 -9.25936 39.5422
      vertex 35 -9.29084 39.4423
      vertex 30 -9.29084 39.4423
    endloop
  endfacet
  facet normal 0 -0.793514 -0.608552
    outer loop
      vertex 30 -2.55255 35.2238
      vertex 35 -2.61628 35.3069
      vertex 30 -2.61628 35.3069
    endloop
  endfacet
  facet normal 0 -0.793514 -0.608552
    outer loop
      vertex 35 -2.61628 35.3069
      vertex 30 -2.55255 35.2238
      vertex 35 -2.55255 35.2238
    endloop
  endfacet
  facet normal 0 0.923861 0.382729
    outer loop
      vertex 35 -9.2193 38.6246
      vertex 30 -9.25936 38.7213
      vertex 35 -9.25936 38.7213
    endloop
  endfacet
  facet normal 0 0.923861 0.382729
    outer loop
      vertex 30 -9.25936 38.7213
      vertex 35 -9.2193 38.6246
      vertex 30 -9.2193 38.6246
    endloop
  endfacet
  facet normal 0 -0.737329 -0.675534
    outer loop
      vertex 30 -2.61628 35.3069
      vertex 35 -2.68701 35.3841
      vertex 30 -2.68701 35.3841
    endloop
  endfacet
  facet normal 0 -0.737329 -0.675534
    outer loop
      vertex 35 -2.68701 35.3841
      vertex 30 -2.61628 35.3069
      vertex 35 -2.61628 35.3069
    endloop
  endfacet
  facet normal 0 0.462044 -0.886857
    outer loop
      vertex 30 -12.1 32.0392
      vertex 35 -12.0071 32.0876
      vertex 35 -12.1 32.0392
    endloop
  endfacet
  facet normal 0 0.462044 -0.886857
    outer loop
      vertex 35 -12.0071 32.0876
      vertex 30 -12.1 32.0392
      vertex 30 -12.0071 32.0876
    endloop
  endfacet
  facet normal 0 -0.0439388 -0.999034
    outer loop
      vertex 30 -5 32.2
      vertex 35 -4.89541 32.1954
      vertex 35 -5 32.2
    endloop
  endfacet
  facet normal -0 -0.0439388 -0.999034
    outer loop
      vertex 35 -4.89541 32.1954
      vertex 30 -5 32.2
      vertex 30 -4.89541 32.1954
    endloop
  endfacet
  facet normal 0 0.675898 -0.736996
    outer loop
      vertex 30 -12.3485 31.8485
      vertex 35 -12.2713 31.9193
      vertex 35 -12.3485 31.8485
    endloop
  endfacet
  facet normal 0 0.675898 -0.736996
    outer loop
      vertex 35 -12.2713 31.9193
      vertex 30 -12.3485 31.8485
      vertex 30 -12.2713 31.9193
    endloop
  endfacet
  facet normal -0 0.675898 0.736996
    outer loop
      vertex 30 -12.2713 30.0807
      vertex 35 -12.3485 30.1515
      vertex 35 -12.2713 30.0807
    endloop
  endfacet
  facet normal 0 0.675898 0.736996
    outer loop
      vertex 35 -12.3485 30.1515
      vertex 30 -12.2713 30.0807
      vertex 30 -12.3485 30.1515
    endloop
  endfacet
  facet normal 0 0.536937 -0.843622
    outer loop
      vertex 30 -12.1883 31.983
      vertex 35 -12.1 32.0392
      vertex 35 -12.1883 31.983
    endloop
  endfacet
  facet normal 0 0.536937 -0.843622
    outer loop
      vertex 35 -12.1 32.0392
      vertex 30 -12.1883 31.983
      vertex 30 -12.1 32.0392
    endloop
  endfacet
  facet normal 0 0.886857 0.462044
    outer loop
      vertex 35 -12.5392 30.4
      vertex 30 -12.5876 30.4929
      vertex 35 -12.5876 30.4929
    endloop
  endfacet
  facet normal 0 0.886857 0.462044
    outer loop
      vertex 30 -12.5876 30.4929
      vertex 35 -12.5392 30.4
      vertex 30 -12.5392 30.4
    endloop
  endfacet
  facet normal 0 0.736996 -0.675898
    outer loop
      vertex 35 -12.4193 31.7713
      vertex 30 -12.3485 31.8485
      vertex 35 -12.3485 31.8485
    endloop
  endfacet
  facet normal 0 0.736996 -0.675898
    outer loop
      vertex 30 -12.3485 31.8485
      vertex 35 -12.4193 31.7713
      vertex 30 -12.4193 31.7713
    endloop
  endfacet
  facet normal 0 -0.536094 -0.844159
    outer loop
      vertex 30 -4.4 32.0392
      vertex 35 -4.37764 32.025
      vertex 35 -4.4 32.0392
    endloop
  endfacet
  facet normal -0 -0.536094 -0.844159
    outer loop
      vertex 35 -4.37764 32.025
      vertex 30 -4.4 32.0392
      vertex 30 -4.37764 32.025
    endloop
  endfacet
  facet normal -0 0.300994 0.953626
    outer loop
      vertex 30 -11.8106 29.8409
      vertex 35 -11.9104 29.8724
      vertex 35 -11.8106 29.8409
    endloop
  endfacet
  facet normal 0 0.300994 0.953626
    outer loop
      vertex 35 -11.9104 29.8724
      vertex 30 -11.8106 29.8409
      vertex 30 -11.9104 29.8724
    endloop
  endfacet
  facet normal 0 -0.300885 0.953661
    outer loop
      vertex 30 -4.58958 29.8724
      vertex 35 -4.68942 29.8409
      vertex 35 -4.58958 29.8724
    endloop
  endfacet
  facet normal 0 -0.300885 0.953661
    outer loop
      vertex 35 -4.68942 29.8409
      vertex 30 -4.58958 29.8724
      vertex 30 -4.68942 29.8409
    endloop
  endfacet
  facet normal -0 0.608833 0.793299
    outer loop
      vertex 30 -12.1883 30.017
      vertex 35 -12.2713 30.0807
      vertex 35 -12.1883 30.017
    endloop
  endfacet
  facet normal 0 0.608833 0.793299
    outer loop
      vertex 35 -12.2713 30.0807
      vertex 30 -12.1883 30.017
      vertex 30 -12.2713 30.0807
    endloop
  endfacet
  facet normal 0 0 -1
    outer loop
      vertex 30 -11.5 32.2
      vertex 35 -5 32.2
      vertex 35 -11.5 32.2
    endloop
  endfacet
  facet normal -0 0 -1
    outer loop
      vertex 35 -5 32.2
      vertex 30 -11.5 32.2
      vertex 30 -5 32.2
    endloop
  endfacet
  facet normal 0 0.843622 -0.536937
    outer loop
      vertex 35 -12.5392 31.6
      vertex 30 -12.483 31.6883
      vertex 35 -12.483 31.6883
    endloop
  endfacet
  facet normal 0 0.843622 -0.536937
    outer loop
      vertex 30 -12.483 31.6883
      vertex 35 -12.5392 31.6
      vertex 30 -12.5392 31.6
    endloop
  endfacet
  facet normal -0 0.536937 0.843622
    outer loop
      vertex 30 -12.1 29.9608
      vertex 35 -12.1883 30.017
      vertex 35 -12.1 29.9608
    endloop
  endfacet
  facet normal 0 0.536937 0.843622
    outer loop
      vertex 35 -12.1883 30.017
      vertex 30 -12.1 29.9608
      vertex 30 -12.1883 30.017
    endloop
  endfacet
  facet normal 0 0.991526 0.129911
    outer loop
      vertex 35 -12.6818 30.7916
      vertex 30 -12.6954 30.8954
      vertex 35 -12.6954 30.8954
    endloop
  endfacet
  facet normal 0 0.991526 0.129911
    outer loop
      vertex 30 -12.6954 30.8954
      vertex 35 -12.6818 30.7916
      vertex 30 -12.6818 30.7916
    endloop
  endfacet
  facet normal 0 0.216829 -0.97621
    outer loop
      vertex 30 -11.8106 32.1591
      vertex 35 -11.7084 32.1818
      vertex 35 -11.8106 32.1591
    endloop
  endfacet
  facet normal 0 0.216829 -0.97621
    outer loop
      vertex 35 -11.7084 32.1818
      vertex 30 -11.8106 32.1591
      vertex 30 -11.7084 32.1818
    endloop
  endfacet
  facet normal -0 0 1
    outer loop
      vertex 30 -5 29.8
      vertex 35 -11.5 29.8
      vertex 35 -5 29.8
    endloop
  endfacet
  facet normal 0 0 1
    outer loop
      vertex 35 -11.5 29.8
      vertex 30 -5 29.8
      vertex 30 -11.5 29.8
    endloop
  endfacet
  facet normal 0 0.991526 -0.129911
    outer loop
      vertex 35 -12.6954 31.1046
      vertex 30 -12.6818 31.2084
      vertex 35 -12.6818 31.2084
    endloop
  endfacet
  facet normal 0 0.991526 -0.129911
    outer loop
      vertex 30 -12.6818 31.2084
      vertex 35 -12.6954 31.1046
      vertex 30 -12.6954 31.1046
    endloop
  endfacet
  facet normal 0 0.300994 -0.953626
    outer loop
      vertex 30 -11.9104 32.1276
      vertex 35 -11.8106 32.1591
      vertex 35 -11.9104 32.1276
    endloop
  endfacet
  facet normal 0 0.300994 -0.953626
    outer loop
      vertex 35 -11.8106 32.1591
      vertex 30 -11.9104 32.1276
      vertex 30 -11.8106 32.1591
    endloop
  endfacet
  facet normal 0 0.953626 -0.300994
    outer loop
      vertex 35 -12.6591 31.3106
      vertex 30 -12.6276 31.4104
      vertex 35 -12.6276 31.4104
    endloop
  endfacet
  facet normal 0 0.953626 -0.300994
    outer loop
      vertex 30 -12.6276 31.4104
      vertex 35 -12.6591 31.3106
      vertex 30 -12.6591 31.3106
    endloop
  endfacet
  facet normal 0 0.608833 -0.793299
    outer loop
      vertex 30 -12.2713 31.9193
      vertex 35 -12.1883 31.983
      vertex 35 -12.2713 31.9193
    endloop
  endfacet
  facet normal 0 0.608833 -0.793299
    outer loop
      vertex 35 -12.1883 31.983
      vertex 30 -12.2713 31.9193
      vertex 30 -12.1883 31.983
    endloop
  endfacet
  facet normal 0 0.382239 -0.924063
    outer loop
      vertex 30 -12.0071 32.0876
      vertex 35 -11.9104 32.1276
      vertex 35 -12.0071 32.0876
    endloop
  endfacet
  facet normal 0 0.382239 -0.924063
    outer loop
      vertex 35 -11.9104 32.1276
      vertex 30 -12.0071 32.0876
      vertex 30 -11.9104 32.1276
    endloop
  endfacet
  facet normal -0 0.216829 0.97621
    outer loop
      vertex 30 -11.7084 29.8182
      vertex 35 -11.8106 29.8409
      vertex 35 -11.7084 29.8182
    endloop
  endfacet
  facet normal 0 0.216829 0.97621
    outer loop
      vertex 35 -11.8106 29.8409
      vertex 30 -11.7084 29.8182
      vertex 30 -11.8106 29.8409
    endloop
  endfacet
  facet normal 0 -0.300885 -0.953661
    outer loop
      vertex 30 -4.68942 32.1591
      vertex 35 -4.58958 32.1276
      vertex 35 -4.68942 32.1591
    endloop
  endfacet
  facet normal -0 -0.300885 -0.953661
    outer loop
      vertex 35 -4.58958 32.1276
      vertex 30 -4.68942 32.1591
      vertex 30 -4.58958 32.1276
    endloop
  endfacet
  facet normal 0 0.793299 -0.608833
    outer loop
      vertex 35 -12.483 31.6883
      vertex 30 -12.4193 31.7713
      vertex 35 -12.4193 31.7713
    endloop
  endfacet
  facet normal 0 0.793299 -0.608833
    outer loop
      vertex 30 -12.4193 31.7713
      vertex 35 -12.483 31.6883
      vertex 30 -12.483 31.6883
    endloop
  endfacet
  facet normal 0 -0.4622 0.886775
    outer loop
      vertex 30 -4.4 29.9608
      vertex 35 -4.49286 29.9124
      vertex 35 -4.4 29.9608
    endloop
  endfacet
  facet normal 0 -0.4622 0.886775
    outer loop
      vertex 35 -4.49286 29.9124
      vertex 30 -4.4 29.9608
      vertex 30 -4.49286 29.9124
    endloop
  endfacet
  facet normal 0 -0.4622 -0.886775
    outer loop
      vertex 30 -4.49286 32.0876
      vertex 35 -4.4 32.0392
      vertex 35 -4.49286 32.0876
    endloop
  endfacet
  facet normal -0 -0.4622 -0.886775
    outer loop
      vertex 35 -4.4 32.0392
      vertex 30 -4.49286 32.0876
      vertex 30 -4.4 32.0392
    endloop
  endfacet
  facet normal -0 0.0439346 0.999034
    outer loop
      vertex 30 -11.5 29.8
      vertex 35 -11.6046 29.8046
      vertex 35 -11.5 29.8
    endloop
  endfacet
  facet normal 0 0.0439346 0.999034
    outer loop
      vertex 35 -11.6046 29.8046
      vertex 30 -11.5 29.8
      vertex 30 -11.6046 29.8046
    endloop
  endfacet
  facet normal 0 -0.382172 0.924091
    outer loop
      vertex 30 -4.49286 29.9124
      vertex 35 -4.58958 29.8724
      vertex 35 -4.49286 29.9124
    endloop
  endfacet
  facet normal 0 -0.382172 0.924091
    outer loop
      vertex 35 -4.58958 29.8724
      vertex 30 -4.49286 29.9124
      vertex 30 -4.58958 29.8724
    endloop
  endfacet
  facet normal 0 -0.382172 -0.924091
    outer loop
      vertex 30 -4.58958 32.1276
      vertex 35 -4.49286 32.0876
      vertex 35 -4.58958 32.1276
    endloop
  endfacet
  facet normal -0 -0.382172 -0.924091
    outer loop
      vertex 35 -4.49286 32.0876
      vertex 30 -4.58958 32.1276
      vertex 30 -4.49286 32.0876
    endloop
  endfacet
  facet normal 0 0.924063 -0.382239
    outer loop
      vertex 35 -12.6276 31.4104
      vertex 30 -12.5876 31.5071
      vertex 35 -12.5876 31.5071
    endloop
  endfacet
  facet normal 0 0.924063 -0.382239
    outer loop
      vertex 30 -12.5876 31.5071
      vertex 35 -12.6276 31.4104
      vertex 30 -12.6276 31.4104
    endloop
  endfacet
  facet normal 0 -0.216829 -0.97621
    outer loop
      vertex 30 -4.79162 32.1818
      vertex 35 -4.68942 32.1591
      vertex 35 -4.79162 32.1818
    endloop
  endfacet
  facet normal -0 -0.216829 -0.97621
    outer loop
      vertex 35 -4.68942 32.1591
      vertex 30 -4.79162 32.1818
      vertex 30 -4.68942 32.1591
    endloop
  endfacet
  facet normal 0 0.0439346 -0.999034
    outer loop
      vertex 30 -11.6046 32.1954
      vertex 35 -11.5 32.2
      vertex 35 -11.6046 32.1954
    endloop
  endfacet
  facet normal 0 0.0439346 -0.999034
    outer loop
      vertex 35 -11.5 32.2
      vertex 30 -11.6046 32.1954
      vertex 30 -11.5 32.2
    endloop
  endfacet
  facet normal 0 0.97621 0.216829
    outer loop
      vertex 35 -12.6591 30.6894
      vertex 30 -12.6818 30.7916
      vertex 35 -12.6818 30.7916
    endloop
  endfacet
  facet normal 0 0.97621 0.216829
    outer loop
      vertex 30 -12.6818 30.7916
      vertex 35 -12.6591 30.6894
      vertex 30 -12.6591 30.6894
    endloop
  endfacet
  facet normal 0 0.129911 -0.991526
    outer loop
      vertex 30 -11.7084 32.1818
      vertex 35 -11.6046 32.1954
      vertex 35 -11.7084 32.1818
    endloop
  endfacet
  facet normal 0 0.129911 -0.991526
    outer loop
      vertex 35 -11.6046 32.1954
      vertex 30 -11.7084 32.1818
      vertex 30 -11.6046 32.1954
    endloop
  endfacet
  facet normal 0 0.886857 -0.462044
    outer loop
      vertex 35 -12.5876 31.5071
      vertex 30 -12.5392 31.6
      vertex 35 -12.5392 31.6
    endloop
  endfacet
  facet normal 0 0.886857 -0.462044
    outer loop
      vertex 30 -12.5392 31.6
      vertex 35 -12.5876 31.5071
      vertex 30 -12.5876 31.5071
    endloop
  endfacet
  facet normal 0 0.999034 -0.0439346
    outer loop
      vertex 35 -12.7 31
      vertex 30 -12.6954 31.1046
      vertex 35 -12.6954 31.1046
    endloop
  endfacet
  facet normal 0 0.999034 -0.0439346
    outer loop
      vertex 30 -12.6954 31.1046
      vertex 35 -12.7 31
      vertex 30 -12.7 31
    endloop
  endfacet
  facet normal 0 0.97621 -0.216829
    outer loop
      vertex 35 -12.6818 31.2084
      vertex 30 -12.6591 31.3106
      vertex 35 -12.6591 31.3106
    endloop
  endfacet
  facet normal 0 0.97621 -0.216829
    outer loop
      vertex 30 -12.6591 31.3106
      vertex 35 -12.6818 31.2084
      vertex 30 -12.6818 31.2084
    endloop
  endfacet
  facet normal 0 0.793299 0.608833
    outer loop
      vertex 35 -12.4193 30.2287
      vertex 30 -12.483 30.3117
      vertex 35 -12.483 30.3117
    endloop
  endfacet
  facet normal 0 0.793299 0.608833
    outer loop
      vertex 30 -12.483 30.3117
      vertex 35 -12.4193 30.2287
      vertex 30 -12.4193 30.2287
    endloop
  endfacet
  facet normal 0 0.924063 0.382239
    outer loop
      vertex 35 -12.5876 30.4929
      vertex 30 -12.6276 30.5896
      vertex 35 -12.6276 30.5896
    endloop
  endfacet
  facet normal 0 0.924063 0.382239
    outer loop
      vertex 30 -12.6276 30.5896
      vertex 35 -12.5876 30.4929
      vertex 30 -12.5876 30.4929
    endloop
  endfacet
  facet normal -0 0.129911 0.991526
    outer loop
      vertex 30 -11.6046 29.8046
      vertex 35 -11.7084 29.8182
      vertex 35 -11.6046 29.8046
    endloop
  endfacet
  facet normal 0 0.129911 0.991526
    outer loop
      vertex 35 -11.7084 29.8182
      vertex 30 -11.6046 29.8046
      vertex 30 -11.7084 29.8182
    endloop
  endfacet
  facet normal 0 0.736996 0.675898
    outer loop
      vertex 35 -12.3485 30.1515
      vertex 30 -12.4193 30.2287
      vertex 35 -12.4193 30.2287
    endloop
  endfacet
  facet normal 0 0.736996 0.675898
    outer loop
      vertex 30 -12.4193 30.2287
      vertex 35 -12.3485 30.1515
      vertex 30 -12.3485 30.1515
    endloop
  endfacet
  facet normal 0 0.953626 0.300994
    outer loop
      vertex 35 -12.6276 30.5896
      vertex 30 -12.6591 30.6894
      vertex 35 -12.6591 30.6894
    endloop
  endfacet
  facet normal 0 0.953626 0.300994
    outer loop
      vertex 30 -12.6591 30.6894
      vertex 35 -12.6276 30.5896
      vertex 30 -12.6276 30.5896
    endloop
  endfacet
  facet normal -0 0.462044 0.886857
    outer loop
      vertex 30 -12.0071 29.9124
      vertex 35 -12.1 29.9608
      vertex 35 -12.0071 29.9124
    endloop
  endfacet
  facet normal 0 0.462044 0.886857
    outer loop
      vertex 35 -12.1 29.9608
      vertex 30 -12.0071 29.9124
      vertex 30 -12.1 29.9608
    endloop
  endfacet
  facet normal 0 -0.0439388 0.999034
    outer loop
      vertex 30 -4.89541 29.8046
      vertex 35 -5 29.8
      vertex 35 -4.89541 29.8046
    endloop
  endfacet
  facet normal 0 -0.0439388 0.999034
    outer loop
      vertex 35 -5 29.8
      vertex 30 -4.89541 29.8046
      vertex 30 -5 29.8
    endloop
  endfacet
  facet normal 0 -0.536094 0.844159
    outer loop
      vertex 30 -4.37764 29.975
      vertex 35 -4.4 29.9608
      vertex 35 -4.37764 29.975
    endloop
  endfacet
  facet normal 0 -0.536094 0.844159
    outer loop
      vertex 35 -4.4 29.9608
      vertex 30 -4.37764 29.975
      vertex 30 -4.4 29.9608
    endloop
  endfacet
  facet normal 0 -0.129923 -0.991524
    outer loop
      vertex 30 -4.89541 32.1954
      vertex 35 -4.79162 32.1818
      vertex 35 -4.89541 32.1954
    endloop
  endfacet
  facet normal -0 -0.129923 -0.991524
    outer loop
      vertex 35 -4.79162 32.1818
      vertex 30 -4.89541 32.1954
      vertex 30 -4.79162 32.1818
    endloop
  endfacet
  facet normal 0 -0.216829 0.97621
    outer loop
      vertex 30 -4.68942 29.8409
      vertex 35 -4.79162 29.8182
      vertex 35 -4.68942 29.8409
    endloop
  endfacet
  facet normal 0 -0.216829 0.97621
    outer loop
      vertex 35 -4.79162 29.8182
      vertex 30 -4.68942 29.8409
      vertex 30 -4.79162 29.8182
    endloop
  endfacet
  facet normal 0 0.843622 0.536937
    outer loop
      vertex 35 -12.483 30.3117
      vertex 30 -12.5392 30.4
      vertex 35 -12.5392 30.4
    endloop
  endfacet
  facet normal 0 0.843622 0.536937
    outer loop
      vertex 30 -12.5392 30.4
      vertex 35 -12.483 30.3117
      vertex 30 -12.483 30.3117
    endloop
  endfacet
  facet normal 0 0.999034 0.0439346
    outer loop
      vertex 35 -12.6954 30.8954
      vertex 30 -12.7 31
      vertex 35 -12.7 31
    endloop
  endfacet
  facet normal 0 0.999034 0.0439346
    outer loop
      vertex 30 -12.7 31
      vertex 35 -12.6954 30.8954
      vertex 30 -12.6954 30.8954
    endloop
  endfacet
  facet normal 0 -0.129923 0.991524
    outer loop
      vertex 30 -4.79162 29.8182
      vertex 35 -4.89541 29.8046
      vertex 35 -4.79162 29.8182
    endloop
  endfacet
  facet normal 0 -0.129923 0.991524
    outer loop
      vertex 35 -4.89541 29.8046
      vertex 30 -4.79162 29.8182
      vertex 30 -4.89541 29.8046
    endloop
  endfacet
  facet normal -0 0.382239 0.924063
    outer loop
      vertex 30 -11.9104 29.8724
      vertex 35 -12.0071 29.9124
      vertex 35 -11.9104 29.8724
    endloop
  endfacet
  facet normal 0 0.382239 0.924063
    outer loop
      vertex 35 -12.0071 29.9124
      vertex 30 -11.9104 29.8724
      vertex 30 -12.0071 29.9124
    endloop
  endfacet
  facet normal 0 0.953681 -0.30082
    outer loop
      vertex 35 -9.29084 23.1789
      vertex 30 -9.25936 23.2787
      vertex 35 -9.25936 23.2787
    endloop
  endfacet
  facet normal 0 0.953681 -0.30082
    outer loop
      vertex 30 -9.25936 23.2787
      vertex 35 -9.29084 23.1789
      vertex 30 -9.29084 23.1789
    endloop
  endfacet
  facet normal 0 0.999047 0.0436486
    outer loop
      vertex 35 -9.32716 22.7637
      vertex 30 -9.33173 22.8683
      vertex 35 -9.33173 22.8683
    endloop
  endfacet
  facet normal 0 0.999047 0.0436486
    outer loop
      vertex 30 -9.33173 22.8683
      vertex 35 -9.32716 22.7637
      vertex 30 -9.32716 22.7637
    endloop
  endfacet
  facet normal 0 0.97629 -0.216465
    outer loop
      vertex 35 -9.3135 23.0767
      vertex 30 -9.29084 23.1789
      vertex 35 -9.29084 23.1789
    endloop
  endfacet
  facet normal 0 0.97629 -0.216465
    outer loop
      vertex 30 -9.29084 23.1789
      vertex 35 -9.3135 23.0767
      vertex 30 -9.3135 23.0767
    endloop
  endfacet
  facet normal 0 0.999047 -0.0436486
    outer loop
      vertex 35 -9.33173 22.8683
      vertex 30 -9.32716 22.9729
      vertex 35 -9.32716 22.9729
    endloop
  endfacet
  facet normal 0 0.999047 -0.0436486
    outer loop
      vertex 30 -9.32716 22.9729
      vertex 35 -9.33173 22.8683
      vertex 30 -9.33173 22.8683
    endloop
  endfacet
  facet normal 0 0.991452 0.130474
    outer loop
      vertex 35 -9.3135 22.6599
      vertex 30 -9.32716 22.7637
      vertex 35 -9.32716 22.7637
    endloop
  endfacet
  facet normal 0 0.991452 0.130474
    outer loop
      vertex 30 -9.32716 22.7637
      vertex 35 -9.3135 22.6599
      vertex 30 -9.3135 22.6599
    endloop
  endfacet
  facet normal 0 0.887092 -0.461593
    outer loop
      vertex 35 -9.2193 23.3754
      vertex 30 -9.17096 23.4683
      vertex 35 -9.17096 23.4683
    endloop
  endfacet
  facet normal 0 0.887092 -0.461593
    outer loop
      vertex 30 -9.17096 23.4683
      vertex 35 -9.2193 23.3754
      vertex 30 -9.2193 23.3754
    endloop
  endfacet
  facet normal -0 0.608602 0.793476
    outer loop
      vertex 30 -8.82002 21.8853
      vertex 35 -8.90307 21.949
      vertex 35 -8.82002 21.8853
    endloop
  endfacet
  facet normal 0 0.608602 0.793476
    outer loop
      vertex 35 -8.90307 21.949
      vertex 30 -8.82002 21.8853
      vertex 30 -8.90307 21.949
    endloop
  endfacet
  facet normal 0 0.461488 -0.887146
    outer loop
      vertex 30 -4.13553 28.5037
      vertex 35 -4.04268 28.552
      vertex 35 -4.13553 28.5037
    endloop
  endfacet
  facet normal 0 0.461488 -0.887146
    outer loop
      vertex 35 -4.04268 28.552
      vertex 30 -4.13553 28.5037
      vertex 30 -4.04268 28.552
    endloop
  endfacet
  facet normal -0 0.53766 0.843162
    outer loop
      vertex 30 -8.73173 21.829
      vertex 35 -8.82002 21.8853
      vertex 35 -8.73173 21.829
    endloop
  endfacet
  facet normal 0 0.53766 0.843162
    outer loop
      vertex 35 -8.82002 21.8853
      vertex 30 -8.73173 21.829
      vertex 30 -8.82002 21.8853
    endloop
  endfacet
  facet normal 0 0.537617 -0.843189
    outer loop
      vertex 30 -4.22383 28.4474
      vertex 35 -4.13553 28.5037
      vertex 35 -4.22383 28.4474
    endloop
  endfacet
  facet normal 0 0.537617 -0.843189
    outer loop
      vertex 35 -4.13553 28.5037
      vertex 30 -4.22383 28.4474
      vertex 30 -4.13553 28.5037
    endloop
  endfacet
  facet normal -0 0.675426 0.737428
    outer loop
      vertex 30 -8.90307 21.949
      vertex 35 -8.98026 22.0197
      vertex 35 -8.90307 21.949
    endloop
  endfacet
  facet normal 0 0.675426 0.737428
    outer loop
      vertex 35 -8.98026 22.0197
      vertex 30 -8.90307 21.949
      vertex 30 -8.98026 22.0197
    endloop
  endfacet
  facet normal 0 -0.923861 0.382729
    outer loop
      vertex 30 -2.44796 26.9573
      vertex 35 -2.4079 27.054
      vertex 30 -2.4079 27.054
    endloop
  endfacet
  facet normal 0 -0.923861 0.382729
    outer loop
      vertex 35 -2.4079 27.054
      vertex 30 -2.44796 26.9573
      vertex 35 -2.44796 26.9573
    endloop
  endfacet
  facet normal 0 0.707107 -0.707107
    outer loop
      vertex 35 -8.98026 23.7168
      vertex 30 -4.38406 28.313
      vertex 35 -4.38406 28.313
    endloop
  endfacet
  facet normal 0 0.707107 -0.707107
    outer loop
      vertex 30 -4.38406 28.313
      vertex 35 -8.98026 23.7168
      vertex 30 -8.98026 23.7168
    endloop
  endfacet
  facet normal 0 -0.737329 0.675534
    outer loop
      vertex 30 -2.68701 26.6159
      vertex 35 -2.61628 26.6931
      vertex 30 -2.61628 26.6931
    endloop
  endfacet
  facet normal 0 -0.737329 0.675534
    outer loop
      vertex 35 -2.61628 26.6931
      vertex 30 -2.68701 26.6159
      vertex 35 -2.68701 26.6159
    endloop
  endfacet
  facet normal 0 -0.707108 0.707106
    outer loop
      vertex 30 -2.68701 26.6159
      vertex 35 -7.2832 22.0197
      vertex 35 -2.68701 26.6159
    endloop
  endfacet
  facet normal 0 -0.707108 0.707106
    outer loop
      vertex 35 -7.2832 22.0197
      vertex 30 -2.68701 26.6159
      vertex 30 -7.2832 22.0197
    endloop
  endfacet
  facet normal 0 0.991452 -0.130474
    outer loop
      vertex 35 -9.32716 22.9729
      vertex 30 -9.3135 23.0767
      vertex 35 -9.3135 23.0767
    endloop
  endfacet
  facet normal 0 0.991452 -0.130474
    outer loop
      vertex 30 -9.3135 23.0767
      vertex 35 -9.32716 22.9729
      vertex 30 -9.32716 22.9729
    endloop
  endfacet
  facet normal 0 0.923861 -0.382729
    outer loop
      vertex 35 -9.25936 23.2787
      vertex 30 -9.2193 23.3754
      vertex 35 -9.2193 23.3754
    endloop
  endfacet
  facet normal 0 0.923861 -0.382729
    outer loop
      vertex 30 -9.2193 23.3754
      vertex 35 -9.25936 23.2787
      vertex 30 -9.25936 23.2787
    endloop
  endfacet
  facet normal 0 -0.216829 0.97621
    outer loop
      vertex 30 -7.82115 21.7092
      vertex 35 -7.92335 21.6865
      vertex 35 -7.82115 21.7092
    endloop
  endfacet
  facet normal 0 -0.216829 0.97621
    outer loop
      vertex 35 -7.92335 21.6865
      vertex 30 -7.82115 21.7092
      vertex 30 -7.92335 21.6865
    endloop
  endfacet
  facet normal 0 -0.675474 0.737384
    outer loop
      vertex 30 -7.2832 22.0197
      vertex 35 -7.36038 21.949
      vertex 35 -7.2832 22.0197
    endloop
  endfacet
  facet normal 0 -0.675474 0.737384
    outer loop
      vertex 35 -7.36038 21.949
      vertex 30 -7.2832 22.0197
      vertex 30 -7.36038 21.949
    endloop
  endfacet
  facet normal 0 0.953767 0.300546
    outer loop
      vertex 35 -9.25936 22.4578
      vertex 30 -9.29084 22.5577
      vertex 35 -9.29084 22.5577
    endloop
  endfacet
  facet normal 0 0.953767 0.300546
    outer loop
      vertex 30 -9.29084 22.5577
      vertex 35 -9.25936 22.4578
      vertex 30 -9.25936 22.4578
    endloop
  endfacet
  facet normal 0 -0.53766 0.843162
    outer loop
      vertex 30 -7.44344 21.8853
      vertex 35 -7.53173 21.829
      vertex 35 -7.44344 21.8853
    endloop
  endfacet
  facet normal 0 -0.53766 0.843162
    outer loop
      vertex 35 -7.53173 21.829
      vertex 30 -7.44344 21.8853
      vertex 30 -7.53173 21.829
    endloop
  endfacet
  facet normal -0 0.0429895 0.999076
    outer loop
      vertex 30 -8.13173 21.6683
      vertex 35 -8.23631 21.6728
      vertex 35 -8.13173 21.6683
    endloop
  endfacet
  facet normal 0 0.0429895 0.999076
    outer loop
      vertex 35 -8.23631 21.6728
      vertex 30 -8.13173 21.6683
      vertex 30 -8.23631 21.6728
    endloop
  endfacet
  facet normal 0 0.793514 0.608552
    outer loop
      vertex 35 -9.05098 22.0969
      vertex 30 -9.11471 22.18
      vertex 35 -9.11471 22.18
    endloop
  endfacet
  facet normal 0 0.793514 0.608552
    outer loop
      vertex 30 -9.11471 22.18
      vertex 35 -9.05098 22.0969
      vertex 30 -9.05098 22.0969
    endloop
  endfacet
  facet normal 0 0.382987 -0.923754
    outer loop
      vertex 30 -4.04268 28.552
      vertex 35 -3.94596 28.5921
      vertex 35 -4.04268 28.552
    endloop
  endfacet
  facet normal 0 0.382987 -0.923754
    outer loop
      vertex 35 -3.94596 28.5921
      vertex 30 -4.04268 28.552
      vertex 30 -3.94596 28.5921
    endloop
  endfacet
  facet normal -0 0.461449 0.887167
    outer loop
      vertex 30 -8.63887 21.7807
      vertex 35 -8.73173 21.829
      vertex 35 -8.63887 21.7807
    endloop
  endfacet
  facet normal 0 0.461449 0.887167
    outer loop
      vertex 35 -8.73173 21.829
      vertex 30 -8.63887 21.7807
      vertex 30 -8.73173 21.829
    endloop
  endfacet
  facet normal 0 -0.0429854 0.999076
    outer loop
      vertex 30 -8.02714 21.6728
      vertex 35 -8.13173 21.6683
      vertex 35 -8.02714 21.6728
    endloop
  endfacet
  facet normal 0 -0.0429854 0.999076
    outer loop
      vertex 35 -8.13173 21.6683
      vertex 30 -8.02714 21.6728
      vertex 30 -8.13173 21.6683
    endloop
  endfacet
  facet normal -0 0.13085 0.991402
    outer loop
      vertex 30 -8.23631 21.6728
      vertex 35 -8.34011 21.6865
      vertex 35 -8.23631 21.6728
    endloop
  endfacet
  facet normal 0 0.13085 0.991402
    outer loop
      vertex 35 -8.34011 21.6865
      vertex 30 -8.23631 21.6728
      vertex 30 -8.34011 21.6865
    endloop
  endfacet
  facet normal 0 0.737376 0.675482
    outer loop
      vertex 35 -8.98026 22.0197
      vertex 30 -9.05098 22.0969
      vertex 35 -9.05098 22.0969
    endloop
  endfacet
  facet normal 0 0.737376 0.675482
    outer loop
      vertex 30 -9.05098 22.0969
      vertex 35 -8.98026 22.0197
      vertex 30 -8.98026 22.0197
    endloop
  endfacet
  facet normal 0 0.843406 0.537277
    outer loop
      vertex 35 -9.11471 22.18
      vertex 30 -9.17096 22.2683
      vertex 35 -9.17096 22.2683
    endloop
  endfacet
  facet normal 0 0.843406 0.537277
    outer loop
      vertex 30 -9.17096 22.2683
      vertex 35 -9.11471 22.18
      vertex 30 -9.11471 22.18
    endloop
  endfacet
  facet normal 0 -0.843406 0.537277
    outer loop
      vertex 30 -2.55255 26.7762
      vertex 35 -2.4963 26.8645
      vertex 30 -2.4963 26.8645
    endloop
  endfacet
  facet normal 0 -0.843406 0.537277
    outer loop
      vertex 35 -2.4963 26.8645
      vertex 30 -2.55255 26.7762
      vertex 35 -2.55255 26.7762
    endloop
  endfacet
  facet normal 0 0.97629 0.216465
    outer loop
      vertex 35 -9.29084 22.5577
      vertex 30 -9.3135 22.6599
      vertex 35 -9.3135 22.6599
    endloop
  endfacet
  facet normal 0 0.97629 0.216465
    outer loop
      vertex 30 -9.3135 22.6599
      vertex 35 -9.29084 22.5577
      vertex 30 -9.29084 22.5577
    endloop
  endfacet
  facet normal 0 -0.793514 0.608552
    outer loop
      vertex 30 -2.61628 26.6931
      vertex 35 -2.55255 26.7762
      vertex 30 -2.55255 26.7762
    endloop
  endfacet
  facet normal 0 -0.793514 0.608552
    outer loop
      vertex 35 -2.55255 26.7762
      vertex 30 -2.61628 26.6931
      vertex 35 -2.61628 26.6931
    endloop
  endfacet
  facet normal 0 -0.608556 0.793511
    outer loop
      vertex 30 -7.36038 21.949
      vertex 35 -7.44344 21.8853
      vertex 35 -7.36038 21.949
    endloop
  endfacet
  facet normal 0 -0.608556 0.793511
    outer loop
      vertex 35 -7.44344 21.8853
      vertex 30 -7.36038 21.949
      vertex 30 -7.44344 21.8853
    endloop
  endfacet
  facet normal 0 0.843406 -0.537277
    outer loop
      vertex 35 -9.17096 23.4683
      vertex 30 -9.11471 23.5566
      vertex 35 -9.11471 23.5566
    endloop
  endfacet
  facet normal 0 0.843406 -0.537277
    outer loop
      vertex 30 -9.11471 23.5566
      vertex 35 -9.17096 23.4683
      vertex 30 -9.17096 23.4683
    endloop
  endfacet
  facet normal 0 0.923861 0.382729
    outer loop
      vertex 35 -9.2193 22.3611
      vertex 30 -9.25936 22.4578
      vertex 35 -9.25936 22.4578
    endloop
  endfacet
  facet normal 0 0.923861 0.382729
    outer loop
      vertex 30 -9.25936 22.4578
      vertex 35 -9.2193 22.3611
      vertex 30 -9.2193 22.3611
    endloop
  endfacet
  facet normal 0 0.215013 -0.976611
    outer loop
      vertex 30 -3.84612 28.6236
      vertex 35 -3.82023 28.6293
      vertex 35 -3.84612 28.6236
    endloop
  endfacet
  facet normal 0 0.215013 -0.976611
    outer loop
      vertex 35 -3.82023 28.6293
      vertex 30 -3.84612 28.6236
      vertex 30 -3.82023 28.6293
    endloop
  endfacet
  facet normal 0 -0.299988 0.953943
    outer loop
      vertex 30 -7.7213 21.7406
      vertex 35 -7.82115 21.7092
      vertex 35 -7.7213 21.7406
    endloop
  endfacet
  facet normal 0 -0.299988 0.953943
    outer loop
      vertex 35 -7.82115 21.7092
      vertex 30 -7.7213 21.7406
      vertex 30 -7.82115 21.7092
    endloop
  endfacet
  facet normal 0 -0.461449 0.887167
    outer loop
      vertex 30 -7.53173 21.829
      vertex 35 -7.62459 21.7807
      vertex 35 -7.53173 21.829
    endloop
  endfacet
  facet normal 0 -0.461449 0.887167
    outer loop
      vertex 35 -7.62459 21.7807
      vertex 30 -7.53173 21.829
      vertex 30 -7.62459 21.7807
    endloop
  endfacet
  facet normal 0 -0.130862 0.991401
    outer loop
      vertex 30 -7.92335 21.6865
      vertex 35 -8.02714 21.6728
      vertex 35 -7.92335 21.6865
    endloop
  endfacet
  facet normal 0 -0.130862 0.991401
    outer loop
      vertex 35 -8.02714 21.6728
      vertex 30 -7.92335 21.6865
      vertex 30 -8.02714 21.6728
    endloop
  endfacet
  facet normal 0 0.300885 -0.953661
    outer loop
      vertex 30 -3.94596 28.5921
      vertex 35 -3.84612 28.6236
      vertex 35 -3.94596 28.5921
    endloop
  endfacet
  facet normal 0 0.300885 -0.953661
    outer loop
      vertex 35 -3.84612 28.6236
      vertex 30 -3.94596 28.5921
      vertex 30 -3.84612 28.6236
    endloop
  endfacet
  facet normal 0 0.79316 -0.609013
    outer loop
      vertex 35 -9.11471 23.5566
      vertex 30 -9.05098 23.6396
      vertex 35 -9.05098 23.6396
    endloop
  endfacet
  facet normal 0 0.79316 -0.609013
    outer loop
      vertex 30 -9.05098 23.6396
      vertex 35 -9.11471 23.5566
      vertex 30 -9.11471 23.5566
    endloop
  endfacet
  facet normal 0 0.737376 -0.675482
    outer loop
      vertex 35 -9.05098 23.6396
      vertex 30 -8.98026 23.7168
      vertex 35 -8.98026 23.7168
    endloop
  endfacet
  facet normal 0 0.737376 -0.675482
    outer loop
      vertex 30 -8.98026 23.7168
      vertex 35 -9.05098 23.6396
      vertex 30 -9.05098 23.6396
    endloop
  endfacet
  facet normal 0 0.886888 0.461985
    outer loop
      vertex 35 -9.17096 22.2683
      vertex 30 -9.2193 22.3611
      vertex 35 -9.2193 22.3611
    endloop
  endfacet
  facet normal 0 0.886888 0.461985
    outer loop
      vertex 30 -9.2193 22.3611
      vertex 35 -9.17096 22.2683
      vertex 30 -9.17096 22.2683
    endloop
  endfacet
  facet normal 0 -0.953767 0.300546
    outer loop
      vertex 30 -2.4079 27.054
      vertex 35 -2.37642 27.1539
      vertex 30 -2.37642 27.1539
    endloop
  endfacet
  facet normal 0 -0.953767 0.300546
    outer loop
      vertex 35 -2.37642 27.1539
      vertex 30 -2.4079 27.054
      vertex 35 -2.4079 27.054
    endloop
  endfacet
  facet normal 0 -0.886888 0.461985
    outer loop
      vertex 30 -2.4963 26.8645
      vertex 35 -2.44796 26.9573
      vertex 30 -2.44796 26.9573
    endloop
  endfacet
  facet normal 0 -0.886888 0.461985
    outer loop
      vertex 35 -2.44796 26.9573
      vertex 30 -2.4963 26.8645
      vertex 35 -2.4963 26.8645
    endloop
  endfacet
  facet normal 0 -0.976311 0.216372
    outer loop
      vertex 30 -2.37642 27.1539
      vertex 35 -2.37068 27.1798
      vertex 30 -2.37068 27.1798
    endloop
  endfacet
  facet normal 0 -0.976311 0.216372
    outer loop
      vertex 35 -2.37068 27.1798
      vertex 30 -2.37642 27.1539
      vertex 35 -2.37642 27.1539
    endloop
  endfacet
  facet normal -0 0.382987 0.923754
    outer loop
      vertex 30 -8.54215 21.7406
      vertex 35 -8.63887 21.7807
      vertex 35 -8.54215 21.7406
    endloop
  endfacet
  facet normal 0 0.382987 0.923754
    outer loop
      vertex 35 -8.63887 21.7807
      vertex 30 -8.54215 21.7406
      vertex 30 -8.63887 21.7807
    endloop
  endfacet
  facet normal -0 0.216829 0.97621
    outer loop
      vertex 30 -8.34011 21.6865
      vertex 35 -8.44231 21.7092
      vertex 35 -8.34011 21.6865
    endloop
  endfacet
  facet normal 0 0.216829 0.97621
    outer loop
      vertex 35 -8.44231 21.7092
      vertex 30 -8.34011 21.6865
      vertex 30 -8.44231 21.7092
    endloop
  endfacet
  facet normal -0 0.300015 0.953934
    outer loop
      vertex 30 -8.44231 21.7092
      vertex 35 -8.54215 21.7406
      vertex 35 -8.44231 21.7092
    endloop
  endfacet
  facet normal 0 0.300015 0.953934
    outer loop
      vertex 35 -8.54215 21.7406
      vertex 30 -8.44231 21.7092
      vertex 30 -8.54215 21.7406
    endloop
  endfacet
  facet normal 0 0.608602 -0.793476
    outer loop
      vertex 30 -4.30688 28.3837
      vertex 35 -4.22383 28.4474
      vertex 35 -4.30688 28.3837
    endloop
  endfacet
  facet normal 0 0.608602 -0.793476
    outer loop
      vertex 35 -4.22383 28.4474
      vertex 30 -4.30688 28.3837
      vertex 30 -4.22383 28.4474
    endloop
  endfacet
  facet normal 0 -0.383021 0.92374
    outer loop
      vertex 30 -7.62459 21.7807
      vertex 35 -7.7213 21.7406
      vertex 35 -7.62459 21.7807
    endloop
  endfacet
  facet normal 0 -0.383021 0.92374
    outer loop
      vertex 35 -7.7213 21.7406
      vertex 30 -7.62459 21.7807
      vertex 30 -7.7213 21.7406
    endloop
  endfacet
  facet normal 0 0.675474 -0.737384
    outer loop
      vertex 30 -4.38406 28.313
      vertex 35 -4.30688 28.3837
      vertex 35 -4.38406 28.313
    endloop
  endfacet
  facet normal 0 0.675474 -0.737384
    outer loop
      vertex 35 -4.30688 28.3837
      vertex 30 -4.38406 28.313
      vertex 30 -4.30688 28.3837
    endloop
  endfacet
  facet normal 0 0.887092 0.461593
    outer loop
      vertex 35 -1.03923 18.9
      vertex 30 -1.08757 18.9929
      vertex 35 -1.08757 18.9929
    endloop
  endfacet
  facet normal 0 0.887092 0.461593
    outer loop
      vertex 30 -1.08757 18.9929
      vertex 35 -1.03923 18.9
      vertex 30 -1.03923 18.9
    endloop
  endfacet
  facet normal 0 0.737357 0.675503
    outer loop
      vertex 35 -0.848528 18.6515
      vertex 30 -0.919252 18.7287
      vertex 35 -0.919252 18.7287
    endloop
  endfacet
  facet normal 0 0.737357 0.675503
    outer loop
      vertex 30 -0.919252 18.7287
      vertex 35 -0.848528 18.6515
      vertex 30 -0.848528 18.6515
    endloop
  endfacet
  facet normal 0 -0.737357 0.675503
    outer loop
      vertex 30 0.848528 18.6515
      vertex 35 0.919252 18.7287
      vertex 30 0.919252 18.7287
    endloop
  endfacet
  facet normal 0 -0.737357 0.675503
    outer loop
      vertex 35 0.919252 18.7287
      vertex 30 0.848528 18.6515
      vertex 35 0.848528 18.6515
    endloop
  endfacet
  facet normal 0 0.843414 0.537264
    outer loop
      vertex 35 -0.982982 18.8117
      vertex 30 -1.03923 18.9
      vertex 35 -1.03923 18.9
    endloop
  endfacet
  facet normal 0 0.843414 0.537264
    outer loop
      vertex 30 -1.03923 18.9
      vertex 35 -0.982982 18.8117
      vertex 30 -0.982982 18.8117
    endloop
  endfacet
  facet normal 0 -0.462208 0.886771
    outer loop
      vertex 30 0.599999 18.4608
      vertex 35 0.507141 18.4124
      vertex 35 0.599999 18.4608
    endloop
  endfacet
  facet normal 0 -0.462208 0.886771
    outer loop
      vertex 35 0.507141 18.4124
      vertex 30 0.599999 18.4608
      vertex 30 0.507141 18.4124
    endloop
  endfacet
  facet normal -0 0.675974 0.736926
    outer loop
      vertex 30 -0.771344 18.5807
      vertex 35 -0.848528 18.6515
      vertex 35 -0.771344 18.5807
    endloop
  endfacet
  facet normal 0 0.675974 0.736926
    outer loop
      vertex 35 -0.848528 18.6515
      vertex 30 -0.771344 18.5807
      vertex 30 -0.848528 18.6515
    endloop
  endfacet
  facet normal 0 0.843739 -0.536754
    outer loop
      vertex 35 -1.03923 26.6
      vertex 30 -1.02498 26.6224
      vertex 35 -1.02498 26.6224
    endloop
  endfacet
  facet normal 0 0.843739 -0.536754
    outer loop
      vertex 30 -1.02498 26.6224
      vertex 35 -1.03923 26.6
      vertex 30 -1.03923 26.6
    endloop
  endfacet
  facet normal 0 -0.953681 0.30082
    outer loop
      vertex 30 1.12763 19.0896
      vertex 35 1.15911 19.1894
      vertex 30 1.15911 19.1894
    endloop
  endfacet
  facet normal 0 -0.953681 0.30082
    outer loop
      vertex 35 1.15911 19.1894
      vertex 30 1.12763 19.0896
      vertex 35 1.12763 19.0896
    endloop
  endfacet
  facet normal 0 -0.953681 -0.30082
    outer loop
      vertex 30 1.15911 26.3106
      vertex 35 1.12763 26.4104
      vertex 30 1.12763 26.4104
    endloop
  endfacet
  facet normal 0 -0.953681 -0.30082
    outer loop
      vertex 35 1.12763 26.4104
      vertex 30 1.15911 26.3106
      vertex 35 1.15911 26.3106
    endloop
  endfacet
  facet normal 0 -0.129923 0.991524
    outer loop
      vertex 30 0.208377 18.3182
      vertex 35 0.104587 18.3046
      vertex 35 0.208377 18.3182
    endloop
  endfacet
  facet normal 0 -0.129923 0.991524
    outer loop
      vertex 35 0.104587 18.3046
      vertex 30 0.208377 18.3182
      vertex 30 0.104587 18.3046
    endloop
  endfacet
  facet normal 0 1 -0
    outer loop
      vertex 35 -1.2 19.5
      vertex 30 -1.2 26
      vertex 35 -1.2 26
    endloop
  endfacet
  facet normal 0 1 0
    outer loop
      vertex 30 -1.2 26
      vertex 35 -1.2 19.5
      vertex 30 -1.2 19.5
    endloop
  endfacet
  facet normal -0 0.536968 0.843603
    outer loop
      vertex 30 -0.599999 18.4608
      vertex 35 -0.688292 18.517
      vertex 35 -0.599999 18.4608
    endloop
  endfacet
  facet normal 0 0.536968 0.843603
    outer loop
      vertex 35 -0.688292 18.517
      vertex 30 -0.599999 18.4608
      vertex 30 -0.688292 18.517
    endloop
  endfacet
  facet normal 0 0.97629 0.216465
    outer loop
      vertex 35 -1.15911 19.1894
      vertex 30 -1.18177 19.2916
      vertex 35 -1.18177 19.2916
    endloop
  endfacet
  facet normal 0 0.97629 0.216465
    outer loop
      vertex 30 -1.18177 19.2916
      vertex 35 -1.15911 19.1894
      vertex 30 -1.15911 19.1894
    endloop
  endfacet
  facet normal 0 -0.999047 0.0436486
    outer loop
      vertex 30 1.19543 19.3954
      vertex 35 1.2 19.5
      vertex 30 1.2 19.5
    endloop
  endfacet
  facet normal 0 -0.999047 0.0436486
    outer loop
      vertex 35 1.2 19.5
      vertex 30 1.19543 19.3954
      vertex 35 1.19543 19.3954
    endloop
  endfacet
  facet normal 0 0.953681 -0.30082
    outer loop
      vertex 35 -1.15911 26.3106
      vertex 30 -1.12763 26.4104
      vertex 35 -1.12763 26.4104
    endloop
  endfacet
  facet normal 0 0.953681 -0.30082
    outer loop
      vertex 30 -1.12763 26.4104
      vertex 35 -1.15911 26.3106
      vertex 30 -1.15911 26.3106
    endloop
  endfacet
  facet normal -0 0.129923 0.991524
    outer loop
      vertex 30 -0.104587 18.3046
      vertex 35 -0.208377 18.3182
      vertex 35 -0.104587 18.3046
    endloop
  endfacet
  facet normal 0 0.129923 0.991524
    outer loop
      vertex 35 -0.208377 18.3182
      vertex 30 -0.104587 18.3046
      vertex 30 -0.208377 18.3182
    endloop
  endfacet
  facet normal 0 0.953681 0.30082
    outer loop
      vertex 35 -1.12763 19.0896
      vertex 30 -1.15911 19.1894
      vertex 35 -1.15911 19.1894
    endloop
  endfacet
  facet normal 0 0.953681 0.30082
    outer loop
      vertex 30 -1.15911 19.1894
      vertex 35 -1.12763 19.0896
      vertex 30 -1.12763 19.0896
    endloop
  endfacet
  facet normal 0 -1 0
    outer loop
      vertex 30 1.2 19.5
      vertex 35 1.2 26
      vertex 30 1.2 26
    endloop
  endfacet
  facet normal 0 -1 -0
    outer loop
      vertex 35 1.2 26
      vertex 30 1.2 19.5
      vertex 35 1.2 19.5
    endloop
  endfacet
  facet normal -0 0.300882 0.953661
    outer loop
      vertex 30 -0.310582 18.3409
      vertex 35 -0.410423 18.3724
      vertex 35 -0.310582 18.3409
    endloop
  endfacet
  facet normal 0 0.300882 0.953661
    outer loop
      vertex 35 -0.410423 18.3724
      vertex 30 -0.310582 18.3409
      vertex 30 -0.410423 18.3724
    endloop
  endfacet
  facet normal 0 0.79316 0.609013
    outer loop
      vertex 35 -0.919252 18.7287
      vertex 30 -0.982982 18.8117
      vertex 35 -0.982982 18.8117
    endloop
  endfacet
  facet normal 0 0.79316 0.609013
    outer loop
      vertex 30 -0.982982 18.8117
      vertex 35 -0.919252 18.7287
      vertex 30 -0.919252 18.7287
    endloop
  endfacet
  facet normal 0 0.923861 0.382729
    outer loop
      vertex 35 -1.08757 18.9929
      vertex 30 -1.12763 19.0896
      vertex 35 -1.12763 19.0896
    endloop
  endfacet
  facet normal 0 0.923861 0.382729
    outer loop
      vertex 30 -1.12763 19.0896
      vertex 35 -1.08757 18.9929
      vertex 30 -1.08757 18.9929
    endloop
  endfacet
  facet normal 0 -0.97629 0.216465
    outer loop
      vertex 30 1.15911 19.1894
      vertex 35 1.18177 19.2916
      vertex 30 1.18177 19.2916
    endloop
  endfacet
  facet normal 0 -0.97629 0.216465
    outer loop
      vertex 35 1.18177 19.2916
      vertex 30 1.15911 19.1894
      vertex 35 1.15911 19.1894
    endloop
  endfacet
  facet normal -0 0.608593 0.793483
    outer loop
      vertex 30 -0.688292 18.517
      vertex 35 -0.771344 18.5807
      vertex 35 -0.688292 18.517
    endloop
  endfacet
  facet normal 0 0.608593 0.793483
    outer loop
      vertex 35 -0.771344 18.5807
      vertex 30 -0.688292 18.517
      vertex 30 -0.771344 18.5807
    endloop
  endfacet
  facet normal 0 -0.382179 0.924089
    outer loop
      vertex 30 0.507141 18.4124
      vertex 35 0.410423 18.3724
      vertex 35 0.507141 18.4124
    endloop
  endfacet
  facet normal 0 -0.382179 0.924089
    outer loop
      vertex 35 0.410423 18.3724
      vertex 30 0.507141 18.4124
      vertex 30 0.410423 18.3724
    endloop
  endfacet
  facet normal 0 -0.887092 -0.461593
    outer loop
      vertex 30 1.08757 26.5071
      vertex 35 1.03923 26.6
      vertex 30 1.03923 26.6
    endloop
  endfacet
  facet normal 0 -0.887092 -0.461593
    outer loop
      vertex 35 1.03923 26.6
      vertex 30 1.08757 26.5071
      vertex 35 1.08757 26.5071
    endloop
  endfacet
  facet normal 0 0.887092 -0.461593
    outer loop
      vertex 35 -1.08757 26.5071
      vertex 30 -1.03923 26.6
      vertex 35 -1.03923 26.6
    endloop
  endfacet
  facet normal 0 0.887092 -0.461593
    outer loop
      vertex 30 -1.03923 26.6
      vertex 35 -1.08757 26.5071
      vertex 30 -1.08757 26.5071
    endloop
  endfacet
  facet normal 0 -0.923861 -0.382729
    outer loop
      vertex 30 1.12763 26.4104
      vertex 35 1.08757 26.5071
      vertex 30 1.08757 26.5071
    endloop
  endfacet
  facet normal 0 -0.923861 -0.382729
    outer loop
      vertex 35 1.08757 26.5071
      vertex 30 1.12763 26.4104
      vertex 35 1.12763 26.4104
    endloop
  endfacet
  facet normal 0 0.923861 -0.382729
    outer loop
      vertex 35 -1.12763 26.4104
      vertex 30 -1.08757 26.5071
      vertex 35 -1.08757 26.5071
    endloop
  endfacet
  facet normal 0 0.923861 -0.382729
    outer loop
      vertex 30 -1.08757 26.5071
      vertex 35 -1.12763 26.4104
      vertex 30 -1.12763 26.4104
    endloop
  endfacet
  facet normal -0 0.382179 0.924089
    outer loop
      vertex 30 -0.410423 18.3724
      vertex 35 -0.507141 18.4124
      vertex 35 -0.410423 18.3724
    endloop
  endfacet
  facet normal 0 0.382179 0.924089
    outer loop
      vertex 35 -0.507141 18.4124
      vertex 30 -0.410423 18.3724
      vertex 30 -0.507141 18.4124
    endloop
  endfacet
  facet normal 0 0.97629 -0.216465
    outer loop
      vertex 35 -1.18177 26.2084
      vertex 30 -1.15911 26.3106
      vertex 35 -1.15911 26.3106
    endloop
  endfacet
  facet normal 0 0.97629 -0.216465
    outer loop
      vertex 30 -1.15911 26.3106
      vertex 35 -1.18177 26.2084
      vertex 30 -1.18177 26.2084
    endloop
  endfacet
  facet normal 0 0.999047 0.0436486
    outer loop
      vertex 35 -1.19543 19.3954
      vertex 30 -1.2 19.5
      vertex 35 -1.2 19.5
    endloop
  endfacet
  facet normal 0 0.999047 0.0436486
    outer loop
      vertex 30 -1.2 19.5
      vertex 35 -1.19543 19.3954
      vertex 30 -1.19543 19.3954
    endloop
  endfacet
  facet normal 0 -0.216819 0.976212
    outer loop
      vertex 30 0.310582 18.3409
      vertex 35 0.208377 18.3182
      vertex 35 0.310582 18.3409
    endloop
  endfacet
  facet normal 0 -0.216819 0.976212
    outer loop
      vertex 35 0.208377 18.3182
      vertex 30 0.310582 18.3409
      vertex 30 0.208377 18.3182
    endloop
  endfacet
  facet normal 0 0.991452 0.130474
    outer loop
      vertex 35 -1.18177 19.2916
      vertex 30 -1.19543 19.3954
      vertex 35 -1.19543 19.3954
    endloop
  endfacet
  facet normal 0 0.991452 0.130474
    outer loop
      vertex 30 -1.19543 19.3954
      vertex 35 -1.18177 19.2916
      vertex 30 -1.18177 19.2916
    endloop
  endfacet
  facet normal 0 -0.675974 0.736926
    outer loop
      vertex 30 0.848528 18.6515
      vertex 35 0.771344 18.5807
      vertex 35 0.848528 18.6515
    endloop
  endfacet
  facet normal 0 -0.675974 0.736926
    outer loop
      vertex 35 0.771344 18.5807
      vertex 30 0.848528 18.6515
      vertex 30 0.771344 18.5807
    endloop
  endfacet
  facet normal -0 0.04394 0.999034
    outer loop
      vertex 30 0 18.3
      vertex 35 -0.104587 18.3046
      vertex 35 0 18.3
    endloop
  endfacet
  facet normal 0 0.04394 0.999034
    outer loop
      vertex 35 -0.104587 18.3046
      vertex 30 0 18.3
      vertex 30 -0.104587 18.3046
    endloop
  endfacet
  facet normal -0 0.216819 0.976212
    outer loop
      vertex 30 -0.208377 18.3182
      vertex 35 -0.310582 18.3409
      vertex 35 -0.208377 18.3182
    endloop
  endfacet
  facet normal 0 0.216819 0.976212
    outer loop
      vertex 35 -0.310582 18.3409
      vertex 30 -0.208377 18.3182
      vertex 30 -0.310582 18.3409
    endloop
  endfacet
  facet normal 0 -0.608593 0.793483
    outer loop
      vertex 30 0.771344 18.5807
      vertex 35 0.688292 18.517
      vertex 35 0.771344 18.5807
    endloop
  endfacet
  facet normal 0 -0.608593 0.793483
    outer loop
      vertex 35 0.688292 18.517
      vertex 30 0.771344 18.5807
      vertex 30 0.688292 18.517
    endloop
  endfacet
  facet normal 0 -0.991452 0.130474
    outer loop
      vertex 30 1.18177 19.2916
      vertex 35 1.19543 19.3954
      vertex 30 1.19543 19.3954
    endloop
  endfacet
  facet normal 0 -0.991452 0.130474
    outer loop
      vertex 35 1.19543 19.3954
      vertex 30 1.18177 19.2916
      vertex 35 1.18177 19.2916
    endloop
  endfacet
  facet normal 0 0.999047 -0.0436486
    outer loop
      vertex 35 -1.2 26
      vertex 30 -1.19543 26.1046
      vertex 35 -1.19543 26.1046
    endloop
  endfacet
  facet normal 0 0.999047 -0.0436486
    outer loop
      vertex 30 -1.19543 26.1046
      vertex 35 -1.2 26
      vertex 30 -1.2 26
    endloop
  endfacet
  facet normal 0 -0.300882 0.953661
    outer loop
      vertex 30 0.410423 18.3724
      vertex 35 0.310582 18.3409
      vertex 35 0.410423 18.3724
    endloop
  endfacet
  facet normal 0 -0.300882 0.953661
    outer loop
      vertex 35 0.310582 18.3409
      vertex 30 0.410423 18.3724
      vertex 30 0.310582 18.3409
    endloop
  endfacet
  facet normal -0 0.462208 0.886771
    outer loop
      vertex 30 -0.507141 18.4124
      vertex 35 -0.599999 18.4608
      vertex 35 -0.507141 18.4124
    endloop
  endfacet
  facet normal 0 0.462208 0.886771
    outer loop
      vertex 35 -0.599999 18.4608
      vertex 30 -0.507141 18.4124
      vertex 30 -0.599999 18.4608
    endloop
  endfacet
  facet normal 0 -0.843414 0.537264
    outer loop
      vertex 30 0.982982 18.8117
      vertex 35 1.03923 18.9
      vertex 30 1.03923 18.9
    endloop
  endfacet
  facet normal 0 -0.843414 0.537264
    outer loop
      vertex 35 1.03923 18.9
      vertex 30 0.982982 18.8117
      vertex 35 0.982982 18.8117
    endloop
  endfacet
  facet normal 0 -0.999047 -0.0436486
    outer loop
      vertex 30 1.2 26
      vertex 35 1.19543 26.1046
      vertex 30 1.19543 26.1046
    endloop
  endfacet
  facet normal 0 -0.999047 -0.0436486
    outer loop
      vertex 35 1.19543 26.1046
      vertex 30 1.2 26
      vertex 35 1.2 26
    endloop
  endfacet
  facet normal 0 -0.887092 0.461593
    outer loop
      vertex 30 1.03923 18.9
      vertex 35 1.08757 18.9929
      vertex 30 1.08757 18.9929
    endloop
  endfacet
  facet normal 0 -0.887092 0.461593
    outer loop
      vertex 35 1.08757 18.9929
      vertex 30 1.03923 18.9
      vertex 35 1.03923 18.9
    endloop
  endfacet
  facet normal 0 -0.843739 -0.536754
    outer loop
      vertex 30 1.03923 26.6
      vertex 35 1.02498 26.6224
      vertex 30 1.02498 26.6224
    endloop
  endfacet
  facet normal 0 -0.843739 -0.536754
    outer loop
      vertex 35 1.02498 26.6224
      vertex 30 1.03923 26.6
      vertex 35 1.03923 26.6
    endloop
  endfacet
  facet normal 0 -0.97629 -0.216465
    outer loop
      vertex 30 1.18177 26.2084
      vertex 35 1.15911 26.3106
      vertex 30 1.15911 26.3106
    endloop
  endfacet
  facet normal 0 -0.97629 -0.216465
    outer loop
      vertex 35 1.15911 26.3106
      vertex 30 1.18177 26.2084
      vertex 35 1.18177 26.2084
    endloop
  endfacet
  facet normal 0 -0.536968 0.843603
    outer loop
      vertex 30 0.688292 18.517
      vertex 35 0.599999 18.4608
      vertex 35 0.688292 18.517
    endloop
  endfacet
  facet normal 0 -0.536968 0.843603
    outer loop
      vertex 35 0.599999 18.4608
      vertex 30 0.688292 18.517
      vertex 30 0.599999 18.4608
    endloop
  endfacet
  facet normal 0 0.991452 -0.130474
    outer loop
      vertex 35 -1.19543 26.1046
      vertex 30 -1.18177 26.2084
      vertex 35 -1.18177 26.2084
    endloop
  endfacet
  facet normal 0 0.991452 -0.130474
    outer loop
      vertex 30 -1.18177 26.2084
      vertex 35 -1.19543 26.1046
      vertex 30 -1.19543 26.1046
    endloop
  endfacet
  facet normal 0 -0.04394 0.999034
    outer loop
      vertex 30 0.104587 18.3046
      vertex 35 0 18.3
      vertex 35 0.104587 18.3046
    endloop
  endfacet
  facet normal 0 -0.04394 0.999034
    outer loop
      vertex 35 0 18.3
      vertex 30 0.104587 18.3046
      vertex 30 0 18.3
    endloop
  endfacet
  facet normal 0 -0.991452 -0.130474
    outer loop
      vertex 30 1.19543 26.1046
      vertex 35 1.18177 26.2084
      vertex 30 1.18177 26.2084
    endloop
  endfacet
  facet normal 0 -0.991452 -0.130474
    outer loop
      vertex 35 1.18177 26.2084
      vertex 30 1.19543 26.1046
      vertex 35 1.19543 26.1046
    endloop
  endfacet
  facet normal 0 -0.79316 0.609013
    outer loop
      vertex 30 0.919252 18.7287
      vertex 35 0.982982 18.8117
      vertex 30 0.982982 18.8117
    endloop
  endfacet
  facet normal 0 -0.79316 0.609013
    outer loop
      vertex 35 0.982982 18.8117
      vertex 30 0.919252 18.7287
      vertex 35 0.919252 18.7287
    endloop
  endfacet
  facet normal 0 -0.923861 0.382729
    outer loop
      vertex 30 1.08757 18.9929
      vertex 35 1.12763 19.0896
      vertex 30 1.12763 19.0896
    endloop
  endfacet
  facet normal 0 -0.923861 0.382729
    outer loop
      vertex 35 1.12763 19.0896
      vertex 30 1.08757 18.9929
      vertex 35 1.08757 18.9929
    endloop
  endfacet
  facet normal -0 0.299988 0.953943
    outer loop
      vertex 30 7.82115 21.7092
      vertex 35 7.7213 21.7406
      vertex 35 7.82115 21.7092
    endloop
  endfacet
  facet normal 0 0.299988 0.953943
    outer loop
      vertex 35 7.7213 21.7406
      vertex 30 7.82115 21.7092
      vertex 30 7.7213 21.7406
    endloop
  endfacet
  facet normal 0 -0.300015 0.953934
    outer loop
      vertex 30 8.54215 21.7406
      vertex 35 8.44231 21.7092
      vertex 35 8.54215 21.7406
    endloop
  endfacet
  facet normal 0 -0.300015 0.953934
    outer loop
      vertex 35 8.44231 21.7092
      vertex 30 8.54215 21.7406
      vertex 30 8.44231 21.7092
    endloop
  endfacet
  facet normal 0 -0.0429895 0.999076
    outer loop
      vertex 30 8.23631 21.6728
      vertex 35 8.13173 21.6683
      vertex 35 8.23631 21.6728
    endloop
  endfacet
  facet normal 0 -0.0429895 0.999076
    outer loop
      vertex 35 8.13173 21.6683
      vertex 30 8.23631 21.6728
      vertex 30 8.13173 21.6683
    endloop
  endfacet
  facet normal -0 0.216829 0.97621
    outer loop
      vertex 30 7.92335 21.6865
      vertex 35 7.82115 21.7092
      vertex 35 7.92335 21.6865
    endloop
  endfacet
  facet normal 0 0.216829 0.97621
    outer loop
      vertex 35 7.82115 21.7092
      vertex 30 7.92335 21.6865
      vertex 30 7.82115 21.7092
    endloop
  endfacet
  facet normal -0 0.0429854 0.999076
    outer loop
      vertex 30 8.13173 21.6683
      vertex 35 8.02714 21.6728
      vertex 35 8.13173 21.6683
    endloop
  endfacet
  facet normal 0 0.0429854 0.999076
    outer loop
      vertex 35 8.02714 21.6728
      vertex 30 8.13173 21.6683
      vertex 30 8.02714 21.6728
    endloop
  endfacet
  facet normal 0 -0.953767 0.300546
    outer loop
      vertex 30 9.25936 22.4578
      vertex 35 9.29084 22.5577
      vertex 30 9.29084 22.5577
    endloop
  endfacet
  facet normal 0 -0.953767 0.300546
    outer loop
      vertex 35 9.29084 22.5577
      vertex 30 9.25936 22.4578
      vertex 35 9.25936 22.4578
    endloop
  endfacet
  facet normal -0 0.461449 0.887167
    outer loop
      vertex 30 7.62459 21.7807
      vertex 35 7.53173 21.829
      vertex 35 7.62459 21.7807
    endloop
  endfacet
  facet normal 0 0.461449 0.887167
    outer loop
      vertex 35 7.53173 21.829
      vertex 30 7.62459 21.7807
      vertex 30 7.53173 21.829
    endloop
  endfacet
  facet normal 0 -0.793514 0.608552
    outer loop
      vertex 30 9.05098 22.0969
      vertex 35 9.11471 22.18
      vertex 30 9.11471 22.18
    endloop
  endfacet
  facet normal 0 -0.793514 0.608552
    outer loop
      vertex 35 9.11471 22.18
      vertex 30 9.05098 22.0969
      vertex 35 9.05098 22.0969
    endloop
  endfacet
  facet normal 0 0.886888 0.461985
    outer loop
      vertex 35 2.4963 26.8645
      vertex 30 2.44796 26.9573
      vertex 35 2.44796 26.9573
    endloop
  endfacet
  facet normal 0 0.886888 0.461985
    outer loop
      vertex 30 2.44796 26.9573
      vertex 35 2.4963 26.8645
      vertex 30 2.4963 26.8645
    endloop
  endfacet
  facet normal 0 -0.843406 0.537277
    outer loop
      vertex 30 9.11471 22.18
      vertex 35 9.17096 22.2683
      vertex 30 9.17096 22.2683
    endloop
  endfacet
  facet normal 0 -0.843406 0.537277
    outer loop
      vertex 35 9.17096 22.2683
      vertex 30 9.11471 22.18
      vertex 35 9.11471 22.18
    endloop
  endfacet
  facet normal 0 0.843406 0.537277
    outer loop
      vertex 35 2.55255 26.7762
      vertex 30 2.4963 26.8645
      vertex 35 2.4963 26.8645
    endloop
  endfacet
  facet normal 0 0.843406 0.537277
    outer loop
      vertex 30 2.4963 26.8645
      vertex 35 2.55255 26.7762
      vertex 30 2.55255 26.7762
    endloop
  endfacet
  facet normal 0 -0.13085 0.991402
    outer loop
      vertex 30 8.34011 21.6865
      vertex 35 8.23631 21.6728
      vertex 35 8.34011 21.6865
    endloop
  endfacet
  facet normal 0 -0.13085 0.991402
    outer loop
      vertex 35 8.23631 21.6728
      vertex 30 8.34011 21.6865
      vertex 30 8.23631 21.6728
    endloop
  endfacet
  facet normal 0 -0.737376 0.675482
    outer loop
      vertex 30 8.98026 22.0197
      vertex 35 9.05098 22.0969
      vertex 30 9.05098 22.0969
    endloop
  endfacet
  facet normal 0 -0.737376 0.675482
    outer loop
      vertex 35 9.05098 22.0969
      vertex 30 8.98026 22.0197
      vertex 35 8.98026 22.0197
    endloop
  endfacet
  facet normal 0 -0.382987 -0.923754
    outer loop
      vertex 30 3.94596 28.5921
      vertex 35 4.04268 28.552
      vertex 35 3.94596 28.5921
    endloop
  endfacet
  facet normal -0 -0.382987 -0.923754
    outer loop
      vertex 35 4.04268 28.552
      vertex 30 3.94596 28.5921
      vertex 30 4.04268 28.552
    endloop
  endfacet
  facet normal -0 0.707108 0.707106
    outer loop
      vertex 30 7.2832 22.0197
      vertex 35 2.68701 26.6159
      vertex 35 7.2832 22.0197
    endloop
  endfacet
  facet normal 0 0.707108 0.707106
    outer loop
      vertex 35 2.68701 26.6159
      vertex 30 7.2832 22.0197
      vertex 30 2.68701 26.6159
    endloop
  endfacet
  facet normal 0 -0.999047 0.0436486
    outer loop
      vertex 30 9.32716 22.7637
      vertex 35 9.33173 22.8683
      vertex 30 9.33173 22.8683
    endloop
  endfacet
  facet normal 0 -0.999047 0.0436486
    outer loop
      vertex 35 9.33173 22.8683
      vertex 30 9.32716 22.7637
      vertex 35 9.32716 22.7637
    endloop
  endfacet
  facet normal 0 -0.675474 -0.737384
    outer loop
      vertex 30 4.30688 28.3837
      vertex 35 4.38406 28.313
      vertex 35 4.30688 28.3837
    endloop
  endfacet
  facet normal -0 -0.675474 -0.737384
    outer loop
      vertex 35 4.38406 28.313
      vertex 30 4.30688 28.3837
      vertex 30 4.38406 28.313
    endloop
  endfacet
  facet normal 0 -0.707107 -0.707107
    outer loop
      vertex 30 8.98026 23.7168
      vertex 35 4.38406 28.313
      vertex 30 4.38406 28.313
    endloop
  endfacet
  facet normal 0 -0.707107 -0.707107
    outer loop
      vertex 35 4.38406 28.313
      vertex 30 8.98026 23.7168
      vertex 35 8.98026 23.7168
    endloop
  endfacet
  facet normal -0 0.130862 0.991401
    outer loop
      vertex 30 8.02714 21.6728
      vertex 35 7.92335 21.6865
      vertex 35 8.02714 21.6728
    endloop
  endfacet
  facet normal 0 0.130862 0.991401
    outer loop
      vertex 35 7.92335 21.6865
      vertex 30 8.02714 21.6728
      vertex 30 7.92335 21.6865
    endloop
  endfacet
  facet normal -0 0.383021 0.92374
    outer loop
      vertex 30 7.7213 21.7406
      vertex 35 7.62459 21.7807
      vertex 35 7.7213 21.7406
    endloop
  endfacet
  facet normal 0 0.383021 0.92374
    outer loop
      vertex 35 7.62459 21.7807
      vertex 30 7.7213 21.7406
      vertex 30 7.62459 21.7807
    endloop
  endfacet
  facet normal 0 -0.608602 0.793476
    outer loop
      vertex 30 8.90307 21.949
      vertex 35 8.82002 21.8853
      vertex 35 8.90307 21.949
    endloop
  endfacet
  facet normal 0 -0.608602 0.793476
    outer loop
      vertex 35 8.82002 21.8853
      vertex 30 8.90307 21.949
      vertex 30 8.82002 21.8853
    endloop
  endfacet
  facet normal 0 -0.97629 -0.216465
    outer loop
      vertex 30 9.3135 23.0767
      vertex 35 9.29084 23.1789
      vertex 30 9.29084 23.1789
    endloop
  endfacet
  facet normal 0 -0.97629 -0.216465
    outer loop
      vertex 35 9.29084 23.1789
      vertex 30 9.3135 23.0767
      vertex 35 9.3135 23.0767
    endloop
  endfacet
  facet normal 0 -0.737376 -0.675482
    outer loop
      vertex 30 9.05098 23.6396
      vertex 35 8.98026 23.7168
      vertex 30 8.98026 23.7168
    endloop
  endfacet
  facet normal 0 -0.737376 -0.675482
    outer loop
      vertex 35 8.98026 23.7168
      vertex 30 9.05098 23.6396
      vertex 35 9.05098 23.6396
    endloop
  endfacet
  facet normal 0 -0.843406 -0.537277
    outer loop
      vertex 30 9.17096 23.4683
      vertex 35 9.11471 23.5566
      vertex 30 9.11471 23.5566
    endloop
  endfacet
  facet normal 0 -0.843406 -0.537277
    outer loop
      vertex 35 9.11471 23.5566
      vertex 30 9.17096 23.4683
      vertex 35 9.17096 23.4683
    endloop
  endfacet
  facet normal 0 -0.53766 0.843162
    outer loop
      vertex 30 8.82002 21.8853
      vertex 35 8.73173 21.829
      vertex 35 8.82002 21.8853
    endloop
  endfacet
  facet normal 0 -0.53766 0.843162
    outer loop
      vertex 35 8.73173 21.829
      vertex 30 8.82002 21.8853
      vertex 30 8.73173 21.829
    endloop
  endfacet
  facet normal 0 0.923861 0.382729
    outer loop
      vertex 35 2.44796 26.9573
      vertex 30 2.4079 27.054
      vertex 35 2.4079 27.054
    endloop
  endfacet
  facet normal 0 0.923861 0.382729
    outer loop
      vertex 30 2.4079 27.054
      vertex 35 2.44796 26.9573
      vertex 30 2.44796 26.9573
    endloop
  endfacet
  facet normal 0 -0.999047 -0.0436486
    outer loop
      vertex 30 9.33173 22.8683
      vertex 35 9.32716 22.9729
      vertex 30 9.32716 22.9729
    endloop
  endfacet
  facet normal 0 -0.999047 -0.0436486
    outer loop
      vertex 35 9.32716 22.9729
      vertex 30 9.33173 22.8683
      vertex 35 9.33173 22.8683
    endloop
  endfacet
  facet normal 0 -0.991452 0.130474
    outer loop
      vertex 30 9.3135 22.6599
      vertex 35 9.32716 22.7637
      vertex 30 9.32716 22.7637
    endloop
  endfacet
  facet normal 0 -0.991452 0.130474
    outer loop
      vertex 35 9.32716 22.7637
      vertex 30 9.3135 22.6599
      vertex 35 9.3135 22.6599
    endloop
  endfacet
  facet normal 0 -0.675426 0.737428
    outer loop
      vertex 30 8.98026 22.0197
      vertex 35 8.90307 21.949
      vertex 35 8.98026 22.0197
    endloop
  endfacet
  facet normal 0 -0.675426 0.737428
    outer loop
      vertex 35 8.90307 21.949
      vertex 30 8.98026 22.0197
      vertex 30 8.90307 21.949
    endloop
  endfacet
  facet normal 0 -0.537617 -0.843189
    outer loop
      vertex 30 4.13553 28.5037
      vertex 35 4.22383 28.4474
      vertex 35 4.13553 28.5037
    endloop
  endfacet
  facet normal -0 -0.537617 -0.843189
    outer loop
      vertex 35 4.22383 28.4474
      vertex 30 4.13553 28.5037
      vertex 30 4.22383 28.4474
    endloop
  endfacet
  facet normal 0 -0.216829 0.97621
    outer loop
      vertex 30 8.44231 21.7092
      vertex 35 8.34011 21.6865
      vertex 35 8.44231 21.7092
    endloop
  endfacet
  facet normal 0 -0.216829 0.97621
    outer loop
      vertex 35 8.34011 21.6865
      vertex 30 8.44231 21.7092
      vertex 30 8.34011 21.6865
    endloop
  endfacet
  facet normal 0 -0.608602 -0.793476
    outer loop
      vertex 30 4.22383 28.4474
      vertex 35 4.30688 28.3837
      vertex 35 4.22383 28.4474
    endloop
  endfacet
  facet normal -0 -0.608602 -0.793476
    outer loop
      vertex 35 4.30688 28.3837
      vertex 30 4.22383 28.4474
      vertex 30 4.30688 28.3837
    endloop
  endfacet
  facet normal 0 -0.79316 -0.609013
    outer loop
      vertex 30 9.11471 23.5566
      vertex 35 9.05098 23.6396
      vertex 30 9.05098 23.6396
    endloop
  endfacet
  facet normal 0 -0.79316 -0.609013
    outer loop
      vertex 35 9.05098 23.6396
      vertex 30 9.11471 23.5566
      vertex 35 9.11471 23.5566
    endloop
  endfacet
  facet normal -0 0.53766 0.843162
    outer loop
      vertex 30 7.53173 21.829
      vertex 35 7.44344 21.8853
      vertex 35 7.53173 21.829
    endloop
  endfacet
  facet normal 0 0.53766 0.843162
    outer loop
      vertex 35 7.44344 21.8853
      vertex 30 7.53173 21.829
      vertex 30 7.44344 21.8853
    endloop
  endfacet
  facet normal 0 -0.886888 0.461985
    outer loop
      vertex 30 9.17096 22.2683
      vertex 35 9.2193 22.3611
      vertex 30 9.2193 22.3611
    endloop
  endfacet
  facet normal 0 -0.886888 0.461985
    outer loop
      vertex 35 9.2193 22.3611
      vertex 30 9.17096 22.2683
      vertex 35 9.17096 22.2683
    endloop
  endfacet
  facet normal 0 0.976311 0.216372
    outer loop
      vertex 35 2.37642 27.1539
      vertex 30 2.37068 27.1798
      vertex 35 2.37068 27.1798
    endloop
  endfacet
  facet normal 0 0.976311 0.216372
    outer loop
      vertex 30 2.37068 27.1798
      vertex 35 2.37642 27.1539
      vertex 30 2.37642 27.1539
    endloop
  endfacet
  facet normal 0 -0.953681 -0.30082
    outer loop
      vertex 30 9.29084 23.1789
      vertex 35 9.25936 23.2787
      vertex 30 9.25936 23.2787
    endloop
  endfacet
  facet normal 0 -0.953681 -0.30082
    outer loop
      vertex 35 9.25936 23.2787
      vertex 30 9.29084 23.1789
      vertex 35 9.29084 23.1789
    endloop
  endfacet
  facet normal 0 -0.887092 -0.461593
    outer loop
      vertex 30 9.2193 23.3754
      vertex 35 9.17096 23.4683
      vertex 30 9.17096 23.4683
    endloop
  endfacet
  facet normal 0 -0.887092 -0.461593
    outer loop
      vertex 35 9.17096 23.4683
      vertex 30 9.2193 23.3754
      vertex 35 9.2193 23.3754
    endloop
  endfacet
  facet normal 0 -0.991452 -0.130474
    outer loop
      vertex 30 9.32716 22.9729
      vertex 35 9.3135 23.0767
      vertex 30 9.3135 23.0767
    endloop
  endfacet
  facet normal 0 -0.991452 -0.130474
    outer loop
      vertex 35 9.3135 23.0767
      vertex 30 9.32716 22.9729
      vertex 35 9.32716 22.9729
    endloop
  endfacet
  facet normal 0 0.953767 0.300546
    outer loop
      vertex 35 2.4079 27.054
      vertex 30 2.37642 27.1539
      vertex 35 2.37642 27.1539
    endloop
  endfacet
  facet normal 0 0.953767 0.300546
    outer loop
      vertex 30 2.37642 27.1539
      vertex 35 2.4079 27.054
      vertex 30 2.4079 27.054
    endloop
  endfacet
  facet normal -0 0.608556 0.793511
    outer loop
      vertex 30 7.44344 21.8853
      vertex 35 7.36038 21.949
      vertex 35 7.44344 21.8853
    endloop
  endfacet
  facet normal 0 0.608556 0.793511
    outer loop
      vertex 35 7.36038 21.949
      vertex 30 7.44344 21.8853
      vertex 30 7.36038 21.949
    endloop
  endfacet
  facet normal -0 0.675474 0.737384
    outer loop
      vertex 30 7.36038 21.949
      vertex 35 7.2832 22.0197
      vertex 35 7.36038 21.949
    endloop
  endfacet
  facet normal 0 0.675474 0.737384
    outer loop
      vertex 35 7.2832 22.0197
      vertex 30 7.36038 21.949
      vertex 30 7.2832 22.0197
    endloop
  endfacet
  facet normal 0 -0.461449 0.887167
    outer loop
      vertex 30 8.73173 21.829
      vertex 35 8.63887 21.7807
      vertex 35 8.73173 21.829
    endloop
  endfacet
  facet normal 0 -0.461449 0.887167
    outer loop
      vertex 35 8.63887 21.7807
      vertex 30 8.73173 21.829
      vertex 30 8.63887 21.7807
    endloop
  endfacet
  facet normal 0 -0.382987 0.923754
    outer loop
      vertex 30 8.63887 21.7807
      vertex 35 8.54215 21.7406
      vertex 35 8.63887 21.7807
    endloop
  endfacet
  facet normal 0 -0.382987 0.923754
    outer loop
      vertex 35 8.54215 21.7406
      vertex 30 8.63887 21.7807
      vertex 30 8.54215 21.7406
    endloop
  endfacet
  facet normal 0 -0.300885 -0.953661
    outer loop
      vertex 30 3.84612 28.6236
      vertex 35 3.94596 28.5921
      vertex 35 3.84612 28.6236
    endloop
  endfacet
  facet normal -0 -0.300885 -0.953661
    outer loop
      vertex 35 3.94596 28.5921
      vertex 30 3.84612 28.6236
      vertex 30 3.94596 28.5921
    endloop
  endfacet
  facet normal 0 -0.461488 -0.887146
    outer loop
      vertex 30 4.04268 28.552
      vertex 35 4.13553 28.5037
      vertex 35 4.04268 28.552
    endloop
  endfacet
  facet normal -0 -0.461488 -0.887146
    outer loop
      vertex 35 4.13553 28.5037
      vertex 30 4.04268 28.552
      vertex 30 4.13553 28.5037
    endloop
  endfacet
  facet normal 0 -0.215013 -0.976611
    outer loop
      vertex 30 3.82023 28.6293
      vertex 35 3.84612 28.6236
      vertex 35 3.82023 28.6293
    endloop
  endfacet
  facet normal -0 -0.215013 -0.976611
    outer loop
      vertex 35 3.84612 28.6236
      vertex 30 3.82023 28.6293
      vertex 30 3.84612 28.6236
    endloop
  endfacet
  facet normal 0 -0.97629 0.216465
    outer loop
      vertex 30 9.29084 22.5577
      vertex 35 9.3135 22.6599
      vertex 30 9.3135 22.6599
    endloop
  endfacet
  facet normal 0 -0.97629 0.216465
    outer loop
      vertex 35 9.3135 22.6599
      vertex 30 9.29084 22.5577
      vertex 35 9.29084 22.5577
    endloop
  endfacet
  facet normal 0 -0.923861 0.382729
    outer loop
      vertex 30 9.2193 22.3611
      vertex 35 9.25936 22.4578
      vertex 30 9.25936 22.4578
    endloop
  endfacet
  facet normal 0 -0.923861 0.382729
    outer loop
      vertex 35 9.25936 22.4578
      vertex 30 9.2193 22.3611
      vertex 35 9.2193 22.3611
    endloop
  endfacet
  facet normal 0 0.793514 0.608552
    outer loop
      vertex 35 2.61628 26.6931
      vertex 30 2.55255 26.7762
      vertex 35 2.55255 26.7762
    endloop
  endfacet
  facet normal 0 0.793514 0.608552
    outer loop
      vertex 30 2.55255 26.7762
      vertex 35 2.61628 26.6931
      vertex 30 2.61628 26.6931
    endloop
  endfacet
  facet normal 0 -0.923861 -0.382729
    outer loop
      vertex 30 9.25936 23.2787
      vertex 35 9.2193 23.3754
      vertex 30 9.2193 23.3754
    endloop
  endfacet
  facet normal 0 -0.923861 -0.382729
    outer loop
      vertex 35 9.2193 23.3754
      vertex 30 9.25936 23.2787
      vertex 35 9.25936 23.2787
    endloop
  endfacet
  facet normal 0 0.737329 0.675534
    outer loop
      vertex 35 2.68701 26.6159
      vertex 30 2.61628 26.6931
      vertex 35 2.61628 26.6931
    endloop
  endfacet
  facet normal 0 0.737329 0.675534
    outer loop
      vertex 30 2.61628 26.6931
      vertex 35 2.68701 26.6159
      vertex 30 2.68701 26.6159
    endloop
  endfacet
  facet normal 0 -0.462044 0.886857
    outer loop
      vertex 30 12.1 29.9608
      vertex 35 12.0071 29.9124
      vertex 35 12.1 29.9608
    endloop
  endfacet
  facet normal 0 -0.462044 0.886857
    outer loop
      vertex 35 12.0071 29.9124
      vertex 30 12.1 29.9608
      vertex 30 12.0071 29.9124
    endloop
  endfacet
  facet normal 0 -0.675898 -0.736996
    outer loop
      vertex 30 12.2713 31.9193
      vertex 35 12.3485 31.8485
      vertex 35 12.2713 31.9193
    endloop
  endfacet
  facet normal -0 -0.675898 -0.736996
    outer loop
      vertex 35 12.3485 31.8485
      vertex 30 12.2713 31.9193
      vertex 30 12.3485 31.8485
    endloop
  endfacet
  facet normal 0 -0.536937 0.843622
    outer loop
      vertex 30 12.1883 30.017
      vertex 35 12.1 29.9608
      vertex 35 12.1883 30.017
    endloop
  endfacet
  facet normal 0 -0.536937 0.843622
    outer loop
      vertex 35 12.1 29.9608
      vertex 30 12.1883 30.017
      vertex 30 12.1 29.9608
    endloop
  endfacet
  facet normal -0 0.536094 0.844159
    outer loop
      vertex 30 4.4 29.9608
      vertex 35 4.37764 29.975
      vertex 35 4.4 29.9608
    endloop
  endfacet
  facet normal 0 0.536094 0.844159
    outer loop
      vertex 35 4.37764 29.975
      vertex 30 4.4 29.9608
      vertex 30 4.37764 29.975
    endloop
  endfacet
  facet normal 0 -0.300994 -0.953626
    outer loop
      vertex 30 11.8106 32.1591
      vertex 35 11.9104 32.1276
      vertex 35 11.8106 32.1591
    endloop
  endfacet
  facet normal -0 -0.300994 -0.953626
    outer loop
      vertex 35 11.9104 32.1276
      vertex 30 11.8106 32.1591
      vertex 30 11.9104 32.1276
    endloop
  endfacet
  facet normal 0 -0.843622 0.536937
    outer loop
      vertex 30 12.483 30.3117
      vertex 35 12.5392 30.4
      vertex 30 12.5392 30.4
    endloop
  endfacet
  facet normal 0 -0.843622 0.536937
    outer loop
      vertex 35 12.5392 30.4
      vertex 30 12.483 30.3117
      vertex 35 12.483 30.3117
    endloop
  endfacet
  facet normal 0 -0.991526 -0.129911
    outer loop
      vertex 30 12.6954 31.1046
      vertex 35 12.6818 31.2084
      vertex 30 12.6818 31.2084
    endloop
  endfacet
  facet normal 0 -0.991526 -0.129911
    outer loop
      vertex 35 12.6818 31.2084
      vertex 30 12.6954 31.1046
      vertex 35 12.6954 31.1046
    endloop
  endfacet
  facet normal 0 -0.675898 0.736996
    outer loop
      vertex 30 12.3485 30.1515
      vertex 35 12.2713 30.0807
      vertex 35 12.3485 30.1515
    endloop
  endfacet
  facet normal 0 -0.675898 0.736996
    outer loop
      vertex 35 12.2713 30.0807
      vertex 30 12.3485 30.1515
      vertex 30 12.2713 30.0807
    endloop
  endfacet
  facet normal -0 0 1
    outer loop
      vertex 30 11.5 29.8
      vertex 35 5 29.8
      vertex 35 11.5 29.8
    endloop
  endfacet
  facet normal 0 0 1
    outer loop
      vertex 35 5 29.8
      vertex 30 11.5 29.8
      vertex 30 5 29.8
    endloop
  endfacet
  facet normal 0 -0.991526 0.129911
    outer loop
      vertex 30 12.6818 30.7916
      vertex 35 12.6954 30.8954
      vertex 30 12.6954 30.8954
    endloop
  endfacet
  facet normal 0 -0.991526 0.129911
    outer loop
      vertex 35 12.6954 30.8954
      vertex 30 12.6818 30.7916
      vertex 35 12.6818 30.7916
    endloop
  endfacet
  facet normal 0 0.300885 -0.953661
    outer loop
      vertex 30 4.58958 32.1276
      vertex 35 4.68942 32.1591
      vertex 35 4.58958 32.1276
    endloop
  endfacet
  facet normal 0 0.300885 -0.953661
    outer loop
      vertex 35 4.68942 32.1591
      vertex 30 4.58958 32.1276
      vertex 30 4.68942 32.1591
    endloop
  endfacet
  facet normal 0 0.129923 -0.991524
    outer loop
      vertex 30 4.79162 32.1818
      vertex 35 4.89541 32.1954
      vertex 35 4.79162 32.1818
    endloop
  endfacet
  facet normal 0 0.129923 -0.991524
    outer loop
      vertex 35 4.89541 32.1954
      vertex 30 4.79162 32.1818
      vertex 30 4.89541 32.1954
    endloop
  endfacet
  facet normal 0 -0.0439346 -0.999034
    outer loop
      vertex 30 11.5 32.2
      vertex 35 11.6046 32.1954
      vertex 35 11.5 32.2
    endloop
  endfacet
  facet normal -0 -0.0439346 -0.999034
    outer loop
      vertex 35 11.6046 32.1954
      vertex 30 11.5 32.2
      vertex 30 11.6046 32.1954
    endloop
  endfacet
  facet normal -0 0.300885 0.953661
    outer loop
      vertex 30 4.68942 29.8409
      vertex 35 4.58958 29.8724
      vertex 35 4.68942 29.8409
    endloop
  endfacet
  facet normal 0 0.300885 0.953661
    outer loop
      vertex 35 4.58958 29.8724
      vertex 30 4.68942 29.8409
      vertex 30 4.58958 29.8724
    endloop
  endfacet
  facet normal 0 -0.300994 0.953626
    outer loop
      vertex 30 11.9104 29.8724
      vertex 35 11.8106 29.8409
      vertex 35 11.9104 29.8724
    endloop
  endfacet
  facet normal 0 -0.300994 0.953626
    outer loop
      vertex 35 11.8106 29.8409
      vertex 30 11.9104 29.8724
      vertex 30 11.8106 29.8409
    endloop
  endfacet
  facet normal 0 0 -1
    outer loop
      vertex 30 5 32.2
      vertex 35 11.5 32.2
      vertex 35 5 32.2
    endloop
  endfacet
  facet normal -0 0 -1
    outer loop
      vertex 35 11.5 32.2
      vertex 30 5 32.2
      vertex 30 11.5 32.2
    endloop
  endfacet
  facet normal 0 -0.953626 0.300994
    outer loop
      vertex 30 12.6276 30.5896
      vertex 35 12.6591 30.6894
      vertex 30 12.6591 30.6894
    endloop
  endfacet
  facet normal 0 -0.953626 0.300994
    outer loop
      vertex 35 12.6591 30.6894
      vertex 30 12.6276 30.5896
      vertex 35 12.6276 30.5896
    endloop
  endfacet
  facet normal 0 -0.129911 0.991526
    outer loop
      vertex 30 11.7084 29.8182
      vertex 35 11.6046 29.8046
      vertex 35 11.7084 29.8182
    endloop
  endfacet
  facet normal 0 -0.129911 0.991526
    outer loop
      vertex 35 11.6046 29.8046
      vertex 30 11.7084 29.8182
      vertex 30 11.6046 29.8046
    endloop
  endfacet
  facet normal 0 -0.608833 0.793299
    outer loop
      vertex 30 12.2713 30.0807
      vertex 35 12.1883 30.017
      vertex 35 12.2713 30.0807
    endloop
  endfacet
  facet normal 0 -0.608833 0.793299
    outer loop
      vertex 35 12.1883 30.017
      vertex 30 12.2713 30.0807
      vertex 30 12.1883 30.017
    endloop
  endfacet
  facet normal 0 -0.382239 0.924063
    outer loop
      vertex 30 12.0071 29.9124
      vertex 35 11.9104 29.8724
      vertex 35 12.0071 29.9124
    endloop
  endfacet
  facet normal 0 -0.382239 0.924063
    outer loop
      vertex 35 11.9104 29.8724
      vertex 30 12.0071 29.9124
      vertex 30 11.9104 29.8724
    endloop
  endfacet
  facet normal 0 -0.216829 -0.97621
    outer loop
      vertex 30 11.7084 32.1818
      vertex 35 11.8106 32.1591
      vertex 35 11.7084 32.1818
    endloop
  endfacet
  facet normal -0 -0.216829 -0.97621
    outer loop
      vertex 35 11.8106 32.1591
      vertex 30 11.7084 32.1818
      vertex 30 11.8106 32.1591
    endloop
  endfacet
  facet normal 0 -0.793299 0.608833
    outer loop
      vertex 30 12.4193 30.2287
      vertex 35 12.483 30.3117
      vertex 30 12.483 30.3117
    endloop
  endfacet
  facet normal 0 -0.793299 0.608833
    outer loop
      vertex 35 12.483 30.3117
      vertex 30 12.4193 30.2287
      vertex 35 12.4193 30.2287
    endloop
  endfacet
  facet normal 0 -0.924063 -0.382239
    outer loop
      vertex 30 12.6276 31.4104
      vertex 35 12.5876 31.5071
      vertex 30 12.5876 31.5071
    endloop
  endfacet
  facet normal 0 -0.924063 -0.382239
    outer loop
      vertex 35 12.5876 31.5071
      vertex 30 12.6276 31.4104
      vertex 35 12.6276 31.4104
    endloop
  endfacet
  facet normal -0 0.4622 0.886775
    outer loop
      vertex 30 4.49286 29.9124
      vertex 35 4.4 29.9608
      vertex 35 4.49286 29.9124
    endloop
  endfacet
  facet normal 0 0.4622 0.886775
    outer loop
      vertex 35 4.4 29.9608
      vertex 30 4.49286 29.9124
      vertex 30 4.4 29.9608
    endloop
  endfacet
  facet normal 0 0.4622 -0.886775
    outer loop
      vertex 30 4.4 32.0392
      vertex 35 4.49286 32.0876
      vertex 35 4.4 32.0392
    endloop
  endfacet
  facet normal 0 0.4622 -0.886775
    outer loop
      vertex 35 4.49286 32.0876
      vertex 30 4.4 32.0392
      vertex 30 4.49286 32.0876
    endloop
  endfacet
  facet normal 0 0.382172 -0.924091
    outer loop
      vertex 30 4.49286 32.0876
      vertex 35 4.58958 32.1276
      vertex 35 4.49286 32.0876
    endloop
  endfacet
  facet normal 0 0.382172 -0.924091
    outer loop
      vertex 35 4.58958 32.1276
      vertex 30 4.49286 32.0876
      vertex 30 4.58958 32.1276
    endloop
  endfacet
  facet normal 0 -0.924063 0.382239
    outer loop
      vertex 30 12.5876 30.4929
      vertex 35 12.6276 30.5896
      vertex 30 12.6276 30.5896
    endloop
  endfacet
  facet normal 0 -0.924063 0.382239
    outer loop
      vertex 35 12.6276 30.5896
      vertex 30 12.5876 30.4929
      vertex 35 12.5876 30.4929
    endloop
  endfacet
  facet normal -0 0.382172 0.924091
    outer loop
      vertex 30 4.58958 29.8724
      vertex 35 4.49286 29.9124
      vertex 35 4.58958 29.8724
    endloop
  endfacet
  facet normal 0 0.382172 0.924091
    outer loop
      vertex 35 4.49286 29.9124
      vertex 30 4.58958 29.8724
      vertex 30 4.49286 29.9124
    endloop
  endfacet
  facet normal -0 0.216829 0.97621
    outer loop
      vertex 30 4.79162 29.8182
      vertex 35 4.68942 29.8409
      vertex 35 4.79162 29.8182
    endloop
  endfacet
  facet normal 0 0.216829 0.97621
    outer loop
      vertex 35 4.68942 29.8409
      vertex 30 4.79162 29.8182
      vertex 30 4.68942 29.8409
    endloop
  endfacet
  facet normal 0 -0.0439346 0.999034
    outer loop
      vertex 30 11.6046 29.8046
      vertex 35 11.5 29.8
      vertex 35 11.6046 29.8046
    endloop
  endfacet
  facet normal 0 -0.0439346 0.999034
    outer loop
      vertex 35 11.5 29.8
      vertex 30 11.6046 29.8046
      vertex 30 11.5 29.8
    endloop
  endfacet
  facet normal 0 -0.216829 0.97621
    outer loop
      vertex 30 11.8106 29.8409
      vertex 35 11.7084 29.8182
      vertex 35 11.8106 29.8409
    endloop
  endfacet
  facet normal 0 -0.216829 0.97621
    outer loop
      vertex 35 11.7084 29.8182
      vertex 30 11.8106 29.8409
      vertex 30 11.7084 29.8182
    endloop
  endfacet
  facet normal 0 -0.97621 -0.216829
    outer loop
      vertex 30 12.6818 31.2084
      vertex 35 12.6591 31.3106
      vertex 30 12.6591 31.3106
    endloop
  endfacet
  facet normal 0 -0.97621 -0.216829
    outer loop
      vertex 35 12.6591 31.3106
      vertex 30 12.6818 31.2084
      vertex 35 12.6818 31.2084
    endloop
  endfacet
  facet normal 0 -0.736996 -0.675898
    outer loop
      vertex 30 12.4193 31.7713
      vertex 35 12.3485 31.8485
      vertex 30 12.3485 31.8485
    endloop
  endfacet
  facet normal 0 -0.736996 -0.675898
    outer loop
      vertex 35 12.3485 31.8485
      vertex 30 12.4193 31.7713
      vertex 35 12.4193 31.7713
    endloop
  endfacet
  facet normal 0 -0.97621 0.216829
    outer loop
      vertex 30 12.6591 30.6894
      vertex 35 12.6818 30.7916
      vertex 30 12.6818 30.7916
    endloop
  endfacet
  facet normal 0 -0.97621 0.216829
    outer loop
      vertex 35 12.6818 30.7916
      vertex 30 12.6591 30.6894
      vertex 35 12.6591 30.6894
    endloop
  endfacet
  facet normal 0 -0.793299 -0.608833
    outer loop
      vertex 30 12.483 31.6883
      vertex 35 12.4193 31.7713
      vertex 30 12.4193 31.7713
    endloop
  endfacet
  facet normal 0 -0.793299 -0.608833
    outer loop
      vertex 35 12.4193 31.7713
      vertex 30 12.483 31.6883
      vertex 35 12.483 31.6883
    endloop
  endfacet
  facet normal 0 -0.129911 -0.991526
    outer loop
      vertex 30 11.6046 32.1954
      vertex 35 11.7084 32.1818
      vertex 35 11.6046 32.1954
    endloop
  endfacet
  facet normal -0 -0.129911 -0.991526
    outer loop
      vertex 35 11.7084 32.1818
      vertex 30 11.6046 32.1954
      vertex 30 11.7084 32.1818
    endloop
  endfacet
  facet normal -0 0.0439388 0.999034
    outer loop
      vertex 30 5 29.8
      vertex 35 4.89541 29.8046
      vertex 35 5 29.8
    endloop
  endfacet
  facet normal 0 0.0439388 0.999034
    outer loop
      vertex 35 4.89541 29.8046
      vertex 30 5 29.8
      vertex 30 4.89541 29.8046
    endloop
  endfacet
  facet normal 0 -0.953626 -0.300994
    outer loop
      vertex 30 12.6591 31.3106
      vertex 35 12.6276 31.4104
      vertex 30 12.6276 31.4104
    endloop
  endfacet
  facet normal 0 -0.953626 -0.300994
    outer loop
      vertex 35 12.6276 31.4104
      vertex 30 12.6591 31.3106
      vertex 35 12.6591 31.3106
    endloop
  endfacet
  facet normal 0 -0.886857 0.462044
    outer loop
      vertex 30 12.5392 30.4
      vertex 35 12.5876 30.4929
      vertex 30 12.5876 30.4929
    endloop
  endfacet
  facet normal 0 -0.886857 0.462044
    outer loop
      vertex 35 12.5876 30.4929
      vertex 30 12.5392 30.4
      vertex 35 12.5392 30.4
    endloop
  endfacet
  facet normal 0 -0.999034 0.0439346
    outer loop
      vertex 30 12.6954 30.8954
      vertex 35 12.7 31
      vertex 30 12.7 31
    endloop
  endfacet
  facet normal 0 -0.999034 0.0439346
    outer loop
      vertex 35 12.7 31
      vertex 30 12.6954 30.8954
      vertex 35 12.6954 30.8954
    endloop
  endfacet
  facet normal 0 -0.536937 -0.843622
    outer loop
      vertex 30 12.1 32.0392
      vertex 35 12.1883 31.983
      vertex 35 12.1 32.0392
    endloop
  endfacet
  facet normal -0 -0.536937 -0.843622
    outer loop
      vertex 35 12.1883 31.983
      vertex 30 12.1 32.0392
      vertex 30 12.1883 31.983
    endloop
  endfacet
  facet normal 0 0.0439388 -0.999034
    outer loop
      vertex 30 4.89541 32.1954
      vertex 35 5 32.2
      vertex 35 4.89541 32.1954
    endloop
  endfacet
  facet normal 0 0.0439388 -0.999034
    outer loop
      vertex 35 5 32.2
      vertex 30 4.89541 32.1954
      vertex 30 5 32.2
    endloop
  endfacet
  facet normal 0 -0.736996 0.675898
    outer loop
      vertex 30 12.3485 30.1515
      vertex 35 12.4193 30.2287
      vertex 30 12.4193 30.2287
    endloop
  endfacet
  facet normal 0 -0.736996 0.675898
    outer loop
      vertex 35 12.4193 30.2287
      vertex 30 12.3485 30.1515
      vertex 35 12.3485 30.1515
    endloop
  endfacet
  facet normal 0 -0.462044 -0.886857
    outer loop
      vertex 30 12.0071 32.0876
      vertex 35 12.1 32.0392
      vertex 35 12.0071 32.0876
    endloop
  endfacet
  facet normal -0 -0.462044 -0.886857
    outer loop
      vertex 35 12.1 32.0392
      vertex 30 12.0071 32.0876
      vertex 30 12.1 32.0392
    endloop
  endfacet
  facet normal 0 0.536094 -0.844159
    outer loop
      vertex 30 4.37764 32.025
      vertex 35 4.4 32.0392
      vertex 35 4.37764 32.025
    endloop
  endfacet
  facet normal 0 0.536094 -0.844159
    outer loop
      vertex 35 4.4 32.0392
      vertex 30 4.37764 32.025
      vertex 30 4.4 32.0392
    endloop
  endfacet
  facet normal 0 0.216829 -0.97621
    outer loop
      vertex 30 4.68942 32.1591
      vertex 35 4.79162 32.1818
      vertex 35 4.68942 32.1591
    endloop
  endfacet
  facet normal 0 0.216829 -0.97621
    outer loop
      vertex 35 4.79162 32.1818
      vertex 30 4.68942 32.1591
      vertex 30 4.79162 32.1818
    endloop
  endfacet
  facet normal 0 -0.843622 -0.536937
    outer loop
      vertex 30 12.5392 31.6
      vertex 35 12.483 31.6883
      vertex 30 12.483 31.6883
    endloop
  endfacet
  facet normal 0 -0.843622 -0.536937
    outer loop
      vertex 35 12.483 31.6883
      vertex 30 12.5392 31.6
      vertex 35 12.5392 31.6
    endloop
  endfacet
  facet normal -0 0.129923 0.991524
    outer loop
      vertex 30 4.89541 29.8046
      vertex 35 4.79162 29.8182
      vertex 35 4.89541 29.8046
    endloop
  endfacet
  facet normal 0 0.129923 0.991524
    outer loop
      vertex 35 4.79162 29.8182
      vertex 30 4.89541 29.8046
      vertex 30 4.79162 29.8182
    endloop
  endfacet
  facet normal 0 -0.999034 -0.0439346
    outer loop
      vertex 30 12.7 31
      vertex 35 12.6954 31.1046
      vertex 30 12.6954 31.1046
    endloop
  endfacet
  facet normal 0 -0.999034 -0.0439346
    outer loop
      vertex 35 12.6954 31.1046
      vertex 30 12.7 31
      vertex 35 12.7 31
    endloop
  endfacet
  facet normal 0 -0.886857 -0.462044
    outer loop
      vertex 30 12.5876 31.5071
      vertex 35 12.5392 31.6
      vertex 30 12.5392 31.6
    endloop
  endfacet
  facet normal 0 -0.886857 -0.462044
    outer loop
      vertex 35 12.5392 31.6
      vertex 30 12.5876 31.5071
      vertex 35 12.5876 31.5071
    endloop
  endfacet
  facet normal 0 -0.608833 -0.793299
    outer loop
      vertex 30 12.1883 31.983
      vertex 35 12.2713 31.9193
      vertex 35 12.1883 31.983
    endloop
  endfacet
  facet normal -0 -0.608833 -0.793299
    outer loop
      vertex 35 12.2713 31.9193
      vertex 30 12.1883 31.983
      vertex 30 12.2713 31.9193
    endloop
  endfacet
  facet normal 0 -0.382239 -0.924063
    outer loop
      vertex 30 11.9104 32.1276
      vertex 35 12.0071 32.0876
      vertex 35 11.9104 32.1276
    endloop
  endfacet
  facet normal -0 -0.382239 -0.924063
    outer loop
      vertex 35 12.0071 32.0876
      vertex 30 11.9104 32.1276
      vertex 30 12.0071 32.0876
    endloop
  endfacet
  facet normal 0 -0.953681 0.30082
    outer loop
      vertex 30 9.25936 38.7213
      vertex 35 9.29084 38.8211
      vertex 30 9.29084 38.8211
    endloop
  endfacet
  facet normal 0 -0.953681 0.30082
    outer loop
      vertex 35 9.29084 38.8211
      vertex 30 9.25936 38.7213
      vertex 35 9.25936 38.7213
    endloop
  endfacet
  facet normal 0 -0.999047 0.0436486
    outer loop
      vertex 30 9.32716 39.0271
      vertex 35 9.33173 39.1317
      vertex 30 9.33173 39.1317
    endloop
  endfacet
  facet normal 0 -0.999047 0.0436486
    outer loop
      vertex 35 9.33173 39.1317
      vertex 30 9.32716 39.0271
      vertex 35 9.32716 39.0271
    endloop
  endfacet
  facet normal 0 -0.953767 -0.300546
    outer loop
      vertex 30 9.29084 39.4423
      vertex 35 9.25936 39.5422
      vertex 30 9.25936 39.5422
    endloop
  endfacet
  facet normal 0 -0.953767 -0.300546
    outer loop
      vertex 35 9.25936 39.5422
      vertex 30 9.29084 39.4423
      vertex 35 9.29084 39.4423
    endloop
  endfacet
  facet normal 0 -0.79316 0.609013
    outer loop
      vertex 30 9.05098 38.3604
      vertex 35 9.11471 38.4434
      vertex 30 9.11471 38.4434
    endloop
  endfacet
  facet normal 0 -0.79316 0.609013
    outer loop
      vertex 35 9.11471 38.4434
      vertex 30 9.05098 38.3604
      vertex 35 9.05098 38.3604
    endloop
  endfacet
  facet normal 0 -0.999047 -0.0436486
    outer loop
      vertex 30 9.33173 39.1317
      vertex 35 9.32716 39.2363
      vertex 30 9.32716 39.2363
    endloop
  endfacet
  facet normal 0 -0.999047 -0.0436486
    outer loop
      vertex 35 9.32716 39.2363
      vertex 30 9.33173 39.1317
      vertex 35 9.33173 39.1317
    endloop
  endfacet
  facet normal 0 -0.97629 0.216465
    outer loop
      vertex 30 9.29084 38.8211
      vertex 35 9.3135 38.9233
      vertex 30 9.3135 38.9233
    endloop
  endfacet
  facet normal 0 -0.97629 0.216465
    outer loop
      vertex 35 9.3135 38.9233
      vertex 30 9.29084 38.8211
      vertex 35 9.29084 38.8211
    endloop
  endfacet
  facet normal 0 -0.300015 -0.953934
    outer loop
      vertex 30 8.44231 40.2908
      vertex 35 8.54215 40.2594
      vertex 35 8.44231 40.2908
    endloop
  endfacet
  facet normal -0 -0.300015 -0.953934
    outer loop
      vertex 35 8.54215 40.2594
      vertex 30 8.44231 40.2908
      vertex 30 8.54215 40.2594
    endloop
  endfacet
  facet normal 0 -0.461488 0.887146
    outer loop
      vertex 30 4.13553 33.4963
      vertex 35 4.04268 33.448
      vertex 35 4.13553 33.4963
    endloop
  endfacet
  facet normal 0 -0.461488 0.887146
    outer loop
      vertex 35 4.04268 33.448
      vertex 30 4.13553 33.4963
      vertex 30 4.04268 33.448
    endloop
  endfacet
  facet normal 0 -0.887092 0.461593
    outer loop
      vertex 30 9.17096 38.5317
      vertex 35 9.2193 38.6246
      vertex 30 9.2193 38.6246
    endloop
  endfacet
  facet normal 0 -0.887092 0.461593
    outer loop
      vertex 35 9.2193 38.6246
      vertex 30 9.17096 38.5317
      vertex 35 9.17096 38.5317
    endloop
  endfacet
  facet normal 0 -0.608602 -0.793476
    outer loop
      vertex 30 8.82002 40.1147
      vertex 35 8.90307 40.051
      vertex 35 8.82002 40.1147
    endloop
  endfacet
  facet normal -0 -0.608602 -0.793476
    outer loop
      vertex 35 8.90307 40.051
      vertex 30 8.82002 40.1147
      vertex 30 8.90307 40.051
    endloop
  endfacet
  facet normal 0 -0.53766 -0.843162
    outer loop
      vertex 30 8.73173 40.171
      vertex 35 8.82002 40.1147
      vertex 35 8.73173 40.171
    endloop
  endfacet
  facet normal -0 -0.53766 -0.843162
    outer loop
      vertex 35 8.82002 40.1147
      vertex 30 8.73173 40.171
      vertex 30 8.82002 40.1147
    endloop
  endfacet
  facet normal 0 -0.537617 0.843189
    outer loop
      vertex 30 4.22383 33.5526
      vertex 35 4.13553 33.4963
      vertex 35 4.22383 33.5526
    endloop
  endfacet
  facet normal 0 -0.537617 0.843189
    outer loop
      vertex 35 4.13553 33.4963
      vertex 30 4.22383 33.5526
      vertex 30 4.13553 33.4963
    endloop
  endfacet
  facet normal 0 -0.991452 -0.130474
    outer loop
      vertex 30 9.32716 39.2363
      vertex 35 9.3135 39.3401
      vertex 30 9.3135 39.3401
    endloop
  endfacet
  facet normal 0 -0.991452 -0.130474
    outer loop
      vertex 35 9.3135 39.3401
      vertex 30 9.32716 39.2363
      vertex 35 9.32716 39.2363
    endloop
  endfacet
  facet normal 0 -0.675426 -0.737428
    outer loop
      vertex 30 8.90307 40.051
      vertex 35 8.98026 39.9803
      vertex 35 8.90307 40.051
    endloop
  endfacet
  facet normal -0 -0.675426 -0.737428
    outer loop
      vertex 35 8.98026 39.9803
      vertex 30 8.90307 40.051
      vertex 30 8.98026 39.9803
    endloop
  endfacet
  facet normal 0 0.216829 -0.97621
    outer loop
      vertex 30 7.82115 40.2908
      vertex 35 7.92335 40.3135
      vertex 35 7.82115 40.2908
    endloop
  endfacet
  facet normal 0 0.216829 -0.97621
    outer loop
      vertex 35 7.92335 40.3135
      vertex 30 7.82115 40.2908
      vertex 30 7.92335 40.3135
    endloop
  endfacet
  facet normal 0 -0.707107 0.707107
    outer loop
      vertex 30 4.38406 33.687
      vertex 35 8.98026 38.2832
      vertex 30 8.98026 38.2832
    endloop
  endfacet
  facet normal 0 -0.707107 0.707107
    outer loop
      vertex 35 8.98026 38.2832
      vertex 30 4.38406 33.687
      vertex 35 4.38406 33.687
    endloop
  endfacet
  facet normal 0 -0.0429895 -0.999076
    outer loop
      vertex 30 8.13173 40.3317
      vertex 35 8.23631 40.3272
      vertex 35 8.13173 40.3317
    endloop
  endfacet
  facet normal -0 -0.0429895 -0.999076
    outer loop
      vertex 35 8.23631 40.3272
      vertex 30 8.13173 40.3317
      vertex 30 8.23631 40.3272
    endloop
  endfacet
  facet normal 0 0.737329 -0.675534
    outer loop
      vertex 35 2.61628 35.3069
      vertex 30 2.68701 35.3841
      vertex 35 2.68701 35.3841
    endloop
  endfacet
  facet normal 0 0.737329 -0.675534
    outer loop
      vertex 30 2.68701 35.3841
      vertex 35 2.61628 35.3069
      vertex 30 2.61628 35.3069
    endloop
  endfacet
  facet normal 0 0.707108 -0.707106
    outer loop
      vertex 30 2.68701 35.3841
      vertex 35 7.2832 39.9803
      vertex 35 2.68701 35.3841
    endloop
  endfacet
  facet normal 0 0.707108 -0.707106
    outer loop
      vertex 35 7.2832 39.9803
      vertex 30 2.68701 35.3841
      vertex 30 7.2832 39.9803
    endloop
  endfacet
  facet normal 0 -0.991452 0.130474
    outer loop
      vertex 30 9.3135 38.9233
      vertex 35 9.32716 39.0271
      vertex 30 9.32716 39.0271
    endloop
  endfacet
  facet normal 0 -0.991452 0.130474
    outer loop
      vertex 35 9.32716 39.0271
      vertex 30 9.3135 38.9233
      vertex 35 9.3135 38.9233
    endloop
  endfacet
  facet normal 0 -0.923861 0.382729
    outer loop
      vertex 30 9.2193 38.6246
      vertex 35 9.25936 38.7213
      vertex 30 9.25936 38.7213
    endloop
  endfacet
  facet normal 0 -0.923861 0.382729
    outer loop
      vertex 35 9.25936 38.7213
      vertex 30 9.2193 38.6246
      vertex 35 9.2193 38.6246
    endloop
  endfacet
  facet normal 0 -0.793514 -0.608552
    outer loop
      vertex 30 9.11471 39.82
      vertex 35 9.05098 39.9031
      vertex 30 9.05098 39.9031
    endloop
  endfacet
  facet normal 0 -0.793514 -0.608552
    outer loop
      vertex 35 9.05098 39.9031
      vertex 30 9.11471 39.82
      vertex 35 9.11471 39.82
    endloop
  endfacet
  facet normal 0 0.675474 -0.737384
    outer loop
      vertex 30 7.2832 39.9803
      vertex 35 7.36038 40.051
      vertex 35 7.2832 39.9803
    endloop
  endfacet
  facet normal 0 0.675474 -0.737384
    outer loop
      vertex 35 7.36038 40.051
      vertex 30 7.2832 39.9803
      vertex 30 7.36038 40.051
    endloop
  endfacet
  facet normal 0 0.53766 -0.843162
    outer loop
      vertex 30 7.44344 40.1147
      vertex 35 7.53173 40.171
      vertex 35 7.44344 40.1147
    endloop
  endfacet
  facet normal 0 0.53766 -0.843162
    outer loop
      vertex 35 7.53173 40.171
      vertex 30 7.44344 40.1147
      vertex 30 7.53173 40.171
    endloop
  endfacet
  facet normal 0 -0.843406 -0.537277
    outer loop
      vertex 30 9.17096 39.7317
      vertex 35 9.11471 39.82
      vertex 30 9.11471 39.82
    endloop
  endfacet
  facet normal 0 -0.843406 -0.537277
    outer loop
      vertex 35 9.11471 39.82
      vertex 30 9.17096 39.7317
      vertex 35 9.17096 39.7317
    endloop
  endfacet
  facet normal 0 0.299988 -0.953943
    outer loop
      vertex 30 7.7213 40.2594
      vertex 35 7.82115 40.2908
      vertex 35 7.7213 40.2594
    endloop
  endfacet
  facet normal 0 0.299988 -0.953943
    outer loop
      vertex 35 7.82115 40.2908
      vertex 30 7.7213 40.2594
      vertex 30 7.82115 40.2908
    endloop
  endfacet
  facet normal 0 -0.382987 0.923754
    outer loop
      vertex 30 4.04268 33.448
      vertex 35 3.94596 33.4079
      vertex 35 4.04268 33.448
    endloop
  endfacet
  facet normal 0 -0.382987 0.923754
    outer loop
      vertex 35 3.94596 33.4079
      vertex 30 4.04268 33.448
      vertex 30 3.94596 33.4079
    endloop
  endfacet
  facet normal 0 0.0429854 -0.999076
    outer loop
      vertex 30 8.02714 40.3272
      vertex 35 8.13173 40.3317
      vertex 35 8.02714 40.3272
    endloop
  endfacet
  facet normal 0 0.0429854 -0.999076
    outer loop
      vertex 35 8.13173 40.3317
      vertex 30 8.02714 40.3272
      vertex 30 8.13173 40.3317
    endloop
  endfacet
  facet normal 0 -0.843406 0.537277
    outer loop
      vertex 30 9.11471 38.4434
      vertex 35 9.17096 38.5317
      vertex 30 9.17096 38.5317
    endloop
  endfacet
  facet normal 0 -0.843406 0.537277
    outer loop
      vertex 35 9.17096 38.5317
      vertex 30 9.11471 38.4434
      vertex 35 9.11471 38.4434
    endloop
  endfacet
  facet normal 0 -0.13085 -0.991402
    outer loop
      vertex 30 8.23631 40.3272
      vertex 35 8.34011 40.3135
      vertex 35 8.23631 40.3272
    endloop
  endfacet
  facet normal -0 -0.13085 -0.991402
    outer loop
      vertex 35 8.34011 40.3135
      vertex 30 8.23631 40.3272
      vertex 30 8.34011 40.3135
    endloop
  endfacet
  facet normal 0 -0.737376 -0.675482
    outer loop
      vertex 30 9.05098 39.9031
      vertex 35 8.98026 39.9803
      vertex 30 8.98026 39.9803
    endloop
  endfacet
  facet normal 0 -0.737376 -0.675482
    outer loop
      vertex 35 8.98026 39.9803
      vertex 30 9.05098 39.9031
      vertex 35 9.05098 39.9031
    endloop
  endfacet
  facet normal 0 -0.300885 0.953661
    outer loop
      vertex 30 3.94596 33.4079
      vertex 35 3.84612 33.3764
      vertex 35 3.94596 33.4079
    endloop
  endfacet
  facet normal 0 -0.300885 0.953661
    outer loop
      vertex 35 3.84612 33.3764
      vertex 30 3.94596 33.4079
      vertex 30 3.84612 33.3764
    endloop
  endfacet
  facet normal 0 0.130862 -0.991401
    outer loop
      vertex 30 7.92335 40.3135
      vertex 35 8.02714 40.3272
      vertex 35 7.92335 40.3135
    endloop
  endfacet
  facet normal 0 0.130862 -0.991401
    outer loop
      vertex 35 8.02714 40.3272
      vertex 30 7.92335 40.3135
      vertex 30 8.02714 40.3272
    endloop
  endfacet
  facet normal 0 -0.97629 -0.216465
    outer loop
      vertex 30 9.3135 39.3401
      vertex 35 9.29084 39.4423
      vertex 30 9.29084 39.4423
    endloop
  endfacet
  facet normal 0 -0.97629 -0.216465
    outer loop
      vertex 35 9.29084 39.4423
      vertex 30 9.3135 39.3401
      vertex 35 9.3135 39.3401
    endloop
  endfacet
  facet normal 0 0.608556 -0.793511
    outer loop
      vertex 30 7.36038 40.051
      vertex 35 7.44344 40.1147
      vertex 35 7.36038 40.051
    endloop
  endfacet
  facet normal 0 0.608556 -0.793511
    outer loop
      vertex 35 7.44344 40.1147
      vertex 30 7.36038 40.051
      vertex 30 7.44344 40.1147
    endloop
  endfacet
  facet normal 0 -0.461449 -0.887167
    outer loop
      vertex 30 8.63887 40.2193
      vertex 35 8.73173 40.171
      vertex 35 8.63887 40.2193
    endloop
  endfacet
  facet normal -0 -0.461449 -0.887167
    outer loop
      vertex 35 8.73173 40.171
      vertex 30 8.63887 40.2193
      vertex 30 8.73173 40.171
    endloop
  endfacet
  facet normal 0 -0.215013 0.976611
    outer loop
      vertex 30 3.84612 33.3764
      vertex 35 3.82023 33.3707
      vertex 35 3.84612 33.3764
    endloop
  endfacet
  facet normal 0 -0.215013 0.976611
    outer loop
      vertex 35 3.82023 33.3707
      vertex 30 3.84612 33.3764
      vertex 30 3.82023 33.3707
    endloop
  endfacet
  facet normal 0 0.461449 -0.887167
    outer loop
      vertex 30 7.53173 40.171
      vertex 35 7.62459 40.2193
      vertex 35 7.53173 40.171
    endloop
  endfacet
  facet normal 0 0.461449 -0.887167
    outer loop
      vertex 35 7.62459 40.2193
      vertex 30 7.53173 40.171
      vertex 30 7.62459 40.2193
    endloop
  endfacet
  facet normal 0 -0.737376 0.675482
    outer loop
      vertex 30 8.98026 38.2832
      vertex 35 9.05098 38.3604
      vertex 30 9.05098 38.3604
    endloop
  endfacet
  facet normal 0 -0.737376 0.675482
    outer loop
      vertex 35 9.05098 38.3604
      vertex 30 8.98026 38.2832
      vertex 35 8.98026 38.2832
    endloop
  endfacet
  facet normal 0 -0.886888 -0.461985
    outer loop
      vertex 30 9.2193 39.6389
      vertex 35 9.17096 39.7317
      vertex 30 9.17096 39.7317
    endloop
  endfacet
  facet normal 0 -0.886888 -0.461985
    outer loop
      vertex 35 9.17096 39.7317
      vertex 30 9.2193 39.6389
      vertex 35 9.2193 39.6389
    endloop
  endfacet
  facet normal 0 -0.923861 -0.382729
    outer loop
      vertex 30 9.25936 39.5422
      vertex 35 9.2193 39.6389
      vertex 30 9.2193 39.6389
    endloop
  endfacet
  facet normal 0 -0.923861 -0.382729
    outer loop
      vertex 35 9.2193 39.6389
      vertex 30 9.25936 39.5422
      vertex 35 9.25936 39.5422
    endloop
  endfacet
  facet normal 0 0.923861 -0.382729
    outer loop
      vertex 35 2.4079 34.946
      vertex 30 2.44796 35.0427
      vertex 35 2.44796 35.0427
    endloop
  endfacet
  facet normal 0 0.923861 -0.382729
    outer loop
      vertex 30 2.44796 35.0427
      vertex 35 2.4079 34.946
      vertex 30 2.4079 34.946
    endloop
  endfacet
  facet normal 0 0.953767 -0.300546
    outer loop
      vertex 35 2.37642 34.8461
      vertex 30 2.4079 34.946
      vertex 35 2.4079 34.946
    endloop
  endfacet
  facet normal 0 0.953767 -0.300546
    outer loop
      vertex 30 2.4079 34.946
      vertex 35 2.37642 34.8461
      vertex 30 2.37642 34.8461
    endloop
  endfacet
  facet normal 0 0.886888 -0.461985
    outer loop
      vertex 35 2.44796 35.0427
      vertex 30 2.4963 35.1355
      vertex 35 2.4963 35.1355
    endloop
  endfacet
  facet normal 0 0.886888 -0.461985
    outer loop
      vertex 30 2.4963 35.1355
      vertex 35 2.44796 35.0427
      vertex 30 2.44796 35.0427
    endloop
  endfacet
  facet normal 0 0.976311 -0.216372
    outer loop
      vertex 35 2.37068 34.8202
      vertex 30 2.37642 34.8461
      vertex 35 2.37642 34.8461
    endloop
  endfacet
  facet normal 0 0.976311 -0.216372
    outer loop
      vertex 30 2.37642 34.8461
      vertex 35 2.37068 34.8202
      vertex 30 2.37068 34.8202
    endloop
  endfacet
  facet normal 0 -0.216829 -0.97621
    outer loop
      vertex 30 8.34011 40.3135
      vertex 35 8.44231 40.2908
      vertex 35 8.34011 40.3135
    endloop
  endfacet
  facet normal -0 -0.216829 -0.97621
    outer loop
      vertex 35 8.44231 40.2908
      vertex 30 8.34011 40.3135
      vertex 30 8.44231 40.2908
    endloop
  endfacet
  facet normal 0 0.793514 -0.608552
    outer loop
      vertex 35 2.55255 35.2238
      vertex 30 2.61628 35.3069
      vertex 35 2.61628 35.3069
    endloop
  endfacet
  facet normal 0 0.793514 -0.608552
    outer loop
      vertex 30 2.61628 35.3069
      vertex 35 2.55255 35.2238
      vertex 30 2.55255 35.2238
    endloop
  endfacet
  facet normal 0 -0.382987 -0.923754
    outer loop
      vertex 30 8.54215 40.2594
      vertex 35 8.63887 40.2193
      vertex 35 8.54215 40.2594
    endloop
  endfacet
  facet normal -0 -0.382987 -0.923754
    outer loop
      vertex 35 8.63887 40.2193
      vertex 30 8.54215 40.2594
      vertex 30 8.63887 40.2193
    endloop
  endfacet
  facet normal 0 0.843406 -0.537277
    outer loop
      vertex 35 2.4963 35.1355
      vertex 30 2.55255 35.2238
      vertex 35 2.55255 35.2238
    endloop
  endfacet
  facet normal 0 0.843406 -0.537277
    outer loop
      vertex 30 2.55255 35.2238
      vertex 35 2.4963 35.1355
      vertex 30 2.4963 35.1355
    endloop
  endfacet
  facet normal 0 -0.608602 0.793476
    outer loop
      vertex 30 4.30688 33.6163
      vertex 35 4.22383 33.5526
      vertex 35 4.30688 33.6163
    endloop
  endfacet
  facet normal 0 -0.608602 0.793476
    outer loop
      vertex 35 4.22383 33.5526
      vertex 30 4.30688 33.6163
      vertex 30 4.22383 33.5526
    endloop
  endfacet
  facet normal 0 0.383021 -0.92374
    outer loop
      vertex 30 7.62459 40.2193
      vertex 35 7.7213 40.2594
      vertex 35 7.62459 40.2193
    endloop
  endfacet
  facet normal 0 0.383021 -0.92374
    outer loop
      vertex 35 7.7213 40.2594
      vertex 30 7.62459 40.2193
      vertex 30 7.7213 40.2594
    endloop
  endfacet
  facet normal 0 -0.675474 0.737384
    outer loop
      vertex 30 4.38406 33.687
      vertex 35 4.30688 33.6163
      vertex 35 4.38406 33.687
    endloop
  endfacet
  facet normal 0 -0.675474 0.737384
    outer loop
      vertex 35 4.30688 33.6163
      vertex 30 4.38406 33.687
      vertex 30 4.30688 33.6163
    endloop
  endfacet
  facet normal 0 0.215954 -0.976404
    outer loop
      vertex 30 -1.16469 35.3467
      vertex 35 -1.02498 35.3776
      vertex 35 -1.16469 35.3467
    endloop
  endfacet
  facet normal 0 0.215954 -0.976404
    outer loop
      vertex 35 -1.02498 35.3776
      vertex 30 -1.16469 35.3467
      vertex 30 -1.02498 35.3776
    endloop
  endfacet
  facet normal 0 0.300827 -0.953679
    outer loop
      vertex 30 -1.53909 35.2286
      vertex 35 -1.16469 35.3467
      vertex 35 -1.53909 35.2286
    endloop
  endfacet
  facet normal 0 0.300827 -0.953679
    outer loop
      vertex 35 -1.16469 35.3467
      vertex 30 -1.53909 35.2286
      vertex 30 -1.16469 35.3467
    endloop
  endfacet
  facet normal 0 0.887002 -0.461766
    outer loop
      vertex 35 -4.07838 32.9018
      vertex 30 -3.89711 33.25
      vertex 35 -3.89711 33.25
    endloop
  endfacet
  facet normal 0 0.887002 -0.461766
    outer loop
      vertex 30 -3.89711 33.25
      vertex 35 -4.07838 32.9018
      vertex 30 -4.07838 32.9018
    endloop
  endfacet
  facet normal 0 0.382616 -0.923908
    outer loop
      vertex 30 -1.90178 35.0784
      vertex 35 -1.53909 35.2286
      vertex 35 -1.90178 35.0784
    endloop
  endfacet
  facet normal 0 0.382616 -0.923908
    outer loop
      vertex 35 -1.53909 35.2286
      vertex 30 -1.90178 35.0784
      vertex 30 -1.53909 35.2286
    endloop
  endfacet
  facet normal 0 -0.382616 0.923908
    outer loop
      vertex 30 1.90178 26.9216
      vertex 35 1.53909 26.7714
      vertex 35 1.90178 26.9216
    endloop
  endfacet
  facet normal 0 -0.382616 0.923908
    outer loop
      vertex 35 1.53909 26.7714
      vertex 30 1.90178 26.9216
      vertex 30 1.53909 26.7714
    endloop
  endfacet
  facet normal 0 -0.215954 -0.976404
    outer loop
      vertex 30 1.02498 35.3776
      vertex 35 1.16469 35.3467
      vertex 35 1.02498 35.3776
    endloop
  endfacet
  facet normal -0 -0.215954 -0.976404
    outer loop
      vertex 35 1.16469 35.3467
      vertex 30 1.02498 35.3776
      vertex 30 1.16469 35.3467
    endloop
  endfacet
  facet normal 0 -0.923875 -0.382694
    outer loop
      vertex 30 4.22862 32.5391
      vertex 35 4.07838 32.9018
      vertex 30 4.07838 32.9018
    endloop
  endfacet
  facet normal 0 -0.923875 -0.382694
    outer loop
      vertex 35 4.07838 32.9018
      vertex 30 4.22862 32.5391
      vertex 35 4.22862 32.5391
    endloop
  endfacet
  facet normal 0 -0.976297 -0.216435
    outer loop
      vertex 30 4.37764 32.025
      vertex 35 4.34667 32.1647
      vertex 30 4.34667 32.1647
    endloop
  endfacet
  facet normal 0 -0.976297 -0.216435
    outer loop
      vertex 35 4.34667 32.1647
      vertex 30 4.37764 32.025
      vertex 35 4.37764 32.025
    endloop
  endfacet
  facet normal 0 0.953715 0.300711
    outer loop
      vertex 35 -4.22862 29.4609
      vertex 30 -4.34667 29.8353
      vertex 35 -4.34667 29.8353
    endloop
  endfacet
  facet normal 0 0.953715 0.300711
    outer loop
      vertex 30 -4.34667 29.8353
      vertex 35 -4.22862 29.4609
      vertex 30 -4.22862 29.4609
    endloop
  endfacet
  facet normal 0 -0.461805 -0.886981
    outer loop
      vertex 30 1.90178 35.0784
      vertex 35 2.25 34.8971
      vertex 35 1.90178 35.0784
    endloop
  endfacet
  facet normal -0 -0.461805 -0.886981
    outer loop
      vertex 35 2.25 34.8971
      vertex 30 1.90178 35.0784
      vertex 30 2.25 34.8971
    endloop
  endfacet
  facet normal 0 -0.300827 0.953679
    outer loop
      vertex 30 1.53909 26.7714
      vertex 35 1.16469 26.6533
      vertex 35 1.53909 26.7714
    endloop
  endfacet
  facet normal 0 -0.300827 0.953679
    outer loop
      vertex 35 1.16469 26.6533
      vertex 30 1.53909 26.7714
      vertex 30 1.16469 26.6533
    endloop
  endfacet
  facet normal 0 -0.300827 -0.953679
    outer loop
      vertex 30 1.16469 35.3467
      vertex 35 1.53909 35.2286
      vertex 35 1.16469 35.3467
    endloop
  endfacet
  facet normal -0 -0.300827 -0.953679
    outer loop
      vertex 35 1.53909 35.2286
      vertex 30 1.16469 35.3467
      vertex 30 1.53909 35.2286
    endloop
  endfacet
  facet normal 0 0.923875 -0.382694
    outer loop
      vertex 35 -4.22862 32.5391
      vertex 30 -4.07838 32.9018
      vertex 35 -4.07838 32.9018
    endloop
  endfacet
  facet normal 0 0.923875 -0.382694
    outer loop
      vertex 30 -4.07838 32.9018
      vertex 35 -4.22862 32.5391
      vertex 30 -4.22862 32.5391
    endloop
  endfacet
  facet normal -0 0.300827 0.953679
    outer loop
      vertex 30 -1.16469 26.6533
      vertex 35 -1.53909 26.7714
      vertex 35 -1.16469 26.6533
    endloop
  endfacet
  facet normal 0 0.300827 0.953679
    outer loop
      vertex 35 -1.53909 26.7714
      vertex 30 -1.16469 26.6533
      vertex 30 -1.53909 26.7714
    endloop
  endfacet
  facet normal -0 0.537391 0.843333
    outer loop
      vertex 30 -2.25 27.1029
      vertex 35 -2.37068 27.1798
      vertex 35 -2.25 27.1029
    endloop
  endfacet
  facet normal 0 0.537391 0.843333
    outer loop
      vertex 35 -2.37068 27.1798
      vertex 30 -2.25 27.1029
      vertex 30 -2.37068 27.1798
    endloop
  endfacet
  facet normal -0 0.215954 0.976404
    outer loop
      vertex 30 -1.02498 26.6224
      vertex 35 -1.16469 26.6533
      vertex 35 -1.02498 26.6224
    endloop
  endfacet
  facet normal 0 0.215954 0.976404
    outer loop
      vertex 35 -1.16469 26.6533
      vertex 30 -1.02498 26.6224
      vertex 30 -1.16469 26.6533
    endloop
  endfacet
  facet normal 0 -0.887002 -0.461766
    outer loop
      vertex 30 4.07838 32.9018
      vertex 35 3.89711 33.25
      vertex 30 3.89711 33.25
    endloop
  endfacet
  facet normal 0 -0.887002 -0.461766
    outer loop
      vertex 35 3.89711 33.25
      vertex 30 4.07838 32.9018
      vertex 35 4.07838 32.9018
    endloop
  endfacet
  facet normal 0 0.843437 -0.537228
    outer loop
      vertex 35 -3.89711 33.25
      vertex 30 -3.82023 33.3707
      vertex 35 -3.82023 33.3707
    endloop
  endfacet
  facet normal 0 0.843437 -0.537228
    outer loop
      vertex 30 -3.82023 33.3707
      vertex 35 -3.89711 33.25
      vertex 30 -3.89711 33.25
    endloop
  endfacet
  facet normal 0 -0.537391 -0.843333
    outer loop
      vertex 30 2.25 34.8971
      vertex 35 2.37068 34.8202
      vertex 35 2.25 34.8971
    endloop
  endfacet
  facet normal -0 -0.537391 -0.843333
    outer loop
      vertex 35 2.37068 34.8202
      vertex 30 2.25 34.8971
      vertex 30 2.37068 34.8202
    endloop
  endfacet
  facet normal 0 -0.215954 0.976404
    outer loop
      vertex 30 1.16469 26.6533
      vertex 35 1.02498 26.6224
      vertex 35 1.16469 26.6533
    endloop
  endfacet
  facet normal 0 -0.215954 0.976404
    outer loop
      vertex 35 1.02498 26.6224
      vertex 30 1.16469 26.6533
      vertex 30 1.02498 26.6224
    endloop
  endfacet
  facet normal 0 0.887002 0.461766
    outer loop
      vertex 35 -3.89711 28.75
      vertex 30 -4.07838 29.0982
      vertex 35 -4.07838 29.0982
    endloop
  endfacet
  facet normal 0 0.887002 0.461766
    outer loop
      vertex 30 -4.07838 29.0982
      vertex 35 -3.89711 28.75
      vertex 30 -3.89711 28.75
    endloop
  endfacet
  facet normal 0 0.461805 -0.886981
    outer loop
      vertex 30 -2.25 34.8971
      vertex 35 -1.90178 35.0784
      vertex 35 -2.25 34.8971
    endloop
  endfacet
  facet normal 0 0.461805 -0.886981
    outer loop
      vertex 35 -1.90178 35.0784
      vertex 30 -2.25 34.8971
      vertex 30 -1.90178 35.0784
    endloop
  endfacet
  facet normal 0 0.843437 0.537228
    outer loop
      vertex 35 -3.82023 28.6293
      vertex 30 -3.89711 28.75
      vertex 35 -3.89711 28.75
    endloop
  endfacet
  facet normal 0 0.843437 0.537228
    outer loop
      vertex 30 -3.89711 28.75
      vertex 35 -3.82023 28.6293
      vertex 30 -3.82023 28.6293
    endloop
  endfacet
  facet normal 0 -0.537391 0.843333
    outer loop
      vertex 30 2.37068 27.1798
      vertex 35 2.25 27.1029
      vertex 35 2.37068 27.1798
    endloop
  endfacet
  facet normal 0 -0.537391 0.843333
    outer loop
      vertex 35 2.25 27.1029
      vertex 30 2.37068 27.1798
      vertex 30 2.25 27.1029
    endloop
  endfacet
  facet normal 0 0.537391 -0.843333
    outer loop
      vertex 30 -2.37068 34.8202
      vertex 35 -2.25 34.8971
      vertex 35 -2.37068 34.8202
    endloop
  endfacet
  facet normal 0 0.537391 -0.843333
    outer loop
      vertex 35 -2.25 34.8971
      vertex 30 -2.37068 34.8202
      vertex 30 -2.25 34.8971
    endloop
  endfacet
  facet normal -0 0.382616 0.923908
    outer loop
      vertex 30 -1.53909 26.7714
      vertex 35 -1.90178 26.9216
      vertex 35 -1.53909 26.7714
    endloop
  endfacet
  facet normal 0 0.382616 0.923908
    outer loop
      vertex 35 -1.90178 26.9216
      vertex 30 -1.53909 26.7714
      vertex 30 -1.90178 26.9216
    endloop
  endfacet
  facet normal 0 -0.843437 0.537228
    outer loop
      vertex 30 3.82023 28.6293
      vertex 35 3.89711 28.75
      vertex 30 3.89711 28.75
    endloop
  endfacet
  facet normal 0 -0.843437 0.537228
    outer loop
      vertex 35 3.89711 28.75
      vertex 30 3.82023 28.6293
      vertex 35 3.82023 28.6293
    endloop
  endfacet
  facet normal 0 0.976297 0.216435
    outer loop
      vertex 35 -4.34667 29.8353
      vertex 30 -4.37764 29.975
      vertex 35 -4.37764 29.975
    endloop
  endfacet
  facet normal 0 0.976297 0.216435
    outer loop
      vertex 30 -4.37764 29.975
      vertex 35 -4.34667 29.8353
      vertex 30 -4.34667 29.8353
    endloop
  endfacet
  facet normal 0 -0.976297 0.216435
    outer loop
      vertex 30 4.34667 29.8353
      vertex 35 4.37764 29.975
      vertex 30 4.37764 29.975
    endloop
  endfacet
  facet normal 0 -0.976297 0.216435
    outer loop
      vertex 35 4.37764 29.975
      vertex 30 4.34667 29.8353
      vertex 35 4.34667 29.8353
    endloop
  endfacet
  facet normal 0 0.976297 -0.216435
    outer loop
      vertex 35 -4.37764 32.025
      vertex 30 -4.34667 32.1647
      vertex 35 -4.34667 32.1647
    endloop
  endfacet
  facet normal 0 0.976297 -0.216435
    outer loop
      vertex 30 -4.34667 32.1647
      vertex 35 -4.37764 32.025
      vertex 30 -4.37764 32.025
    endloop
  endfacet
  facet normal 0 -0.953715 -0.300711
    outer loop
      vertex 30 4.34667 32.1647
      vertex 35 4.22862 32.5391
      vertex 30 4.22862 32.5391
    endloop
  endfacet
  facet normal 0 -0.953715 -0.300711
    outer loop
      vertex 35 4.22862 32.5391
      vertex 30 4.34667 32.1647
      vertex 35 4.34667 32.1647
    endloop
  endfacet
  facet normal 0 -0.843437 -0.537228
    outer loop
      vertex 30 3.89711 33.25
      vertex 35 3.82023 33.3707
      vertex 30 3.82023 33.3707
    endloop
  endfacet
  facet normal 0 -0.843437 -0.537228
    outer loop
      vertex 35 3.82023 33.3707
      vertex 30 3.89711 33.25
      vertex 35 3.89711 33.25
    endloop
  endfacet
  facet normal -0 0.461805 0.886981
    outer loop
      vertex 30 -1.90178 26.9216
      vertex 35 -2.25 27.1029
      vertex 35 -1.90178 26.9216
    endloop
  endfacet
  facet normal 0 0.461805 0.886981
    outer loop
      vertex 35 -2.25 27.1029
      vertex 30 -1.90178 26.9216
      vertex 30 -2.25 27.1029
    endloop
  endfacet
  facet normal 0 -0.382616 -0.923908
    outer loop
      vertex 30 1.53909 35.2286
      vertex 35 1.90178 35.0784
      vertex 35 1.53909 35.2286
    endloop
  endfacet
  facet normal -0 -0.382616 -0.923908
    outer loop
      vertex 35 1.90178 35.0784
      vertex 30 1.53909 35.2286
      vertex 30 1.90178 35.0784
    endloop
  endfacet
  facet normal 0 -0.461805 0.886981
    outer loop
      vertex 30 2.25 27.1029
      vertex 35 1.90178 26.9216
      vertex 35 2.25 27.1029
    endloop
  endfacet
  facet normal 0 -0.461805 0.886981
    outer loop
      vertex 35 1.90178 26.9216
      vertex 30 2.25 27.1029
      vertex 30 1.90178 26.9216
    endloop
  endfacet
  facet normal 0 -0.953715 0.300711
    outer loop
      vertex 30 4.22862 29.4609
      vertex 35 4.34667 29.8353
      vertex 30 4.34667 29.8353
    endloop
  endfacet
  facet normal 0 -0.953715 0.300711
    outer loop
      vertex 35 4.34667 29.8353
      vertex 30 4.22862 29.4609
      vertex 35 4.22862 29.4609
    endloop
  endfacet
  facet normal 0 0.953715 -0.300711
    outer loop
      vertex 35 -4.34667 32.1647
      vertex 30 -4.22862 32.5391
      vertex 35 -4.22862 32.5391
    endloop
  endfacet
  facet normal 0 0.953715 -0.300711
    outer loop
      vertex 30 -4.22862 32.5391
      vertex 35 -4.34667 32.1647
      vertex 30 -4.34667 32.1647
    endloop
  endfacet
  facet normal 0 -0.923875 0.382694
    outer loop
      vertex 30 4.07838 29.0982
      vertex 35 4.22862 29.4609
      vertex 30 4.22862 29.4609
    endloop
  endfacet
  facet normal 0 -0.923875 0.382694
    outer loop
      vertex 35 4.22862 29.4609
      vertex 30 4.07838 29.0982
      vertex 35 4.07838 29.0982
    endloop
  endfacet
  facet normal 0 0.923875 0.382694
    outer loop
      vertex 35 -4.07838 29.0982
      vertex 30 -4.22862 29.4609
      vertex 35 -4.22862 29.4609
    endloop
  endfacet
  facet normal 0 0.923875 0.382694
    outer loop
      vertex 30 -4.22862 29.4609
      vertex 35 -4.07838 29.0982
      vertex 30 -4.07838 29.0982
    endloop
  endfacet
  facet normal 0 -0.887002 0.461766
    outer loop
      vertex 30 3.89711 28.75
      vertex 35 4.07838 29.0982
      vertex 30 4.07838 29.0982
    endloop
  endfacet
  facet normal 0 -0.887002 0.461766
    outer loop
      vertex 35 4.07838 29.0982
      vertex 30 3.89711 28.75
      vertex 35 3.89711 28.75
    endloop
  endfacet
  facet normal 0 -0.976247 -0.216661
    outer loop
      vertex 10 40.3863 27.1563
      vertex 14 40.3693 27.2329
      vertex 10 40.3693 27.2329
    endloop
  endfacet
  facet normal 0 -0.976247 -0.216661
    outer loop
      vertex 14 40.3693 27.2329
      vertex 10 40.3863 27.1563
      vertex 14 40.3863 27.1563
    endloop
  endfacet
  facet normal 0 0.73763 0.675205
    outer loop
      vertex 14 38.8636 26.3636
      vertex 10 38.8106 26.4215
      vertex 14 38.8106 26.4215
    endloop
  endfacet
  facet normal 0 0.73763 0.675205
    outer loop
      vertex 10 38.8106 26.4215
      vertex 14 38.8636 26.3636
      vertex 10 38.8636 26.3636
    endloop
  endfacet
  facet normal 0 -0.991372 -0.13108
    outer loop
      vertex 10 40.3966 27.0784
      vertex 14 40.3863 27.1563
      vertex 10 40.3863 27.1563
    endloop
  endfacet
  facet normal 0 -0.991372 -0.13108
    outer loop
      vertex 14 40.3863 27.1563
      vertex 10 40.3966 27.0784
      vertex 14 40.3966 27.0784
    endloop
  endfacet
  facet normal 0 -0.886653 0.462435
    outer loop
      vertex 10 40.2794 26.55
      vertex 14 40.3157 26.6196
      vertex 10 40.3157 26.6196
    endloop
  endfacet
  facet normal 0 -0.886653 0.462435
    outer loop
      vertex 14 40.3157 26.6196
      vertex 10 40.2794 26.55
      vertex 14 40.2794 26.55
    endloop
  endfacet
  facet normal 0 0.0433266 -0.999061
    outer loop
      vertex 10 39.4216 27.8966
      vertex 14 39.5 27.9
      vertex 14 39.4216 27.8966
    endloop
  endfacet
  facet normal 0 0.0433266 -0.999061
    outer loop
      vertex 14 39.5 27.9
      vertex 10 39.4216 27.8966
      vertex 10 39.5 27.9
    endloop
  endfacet
  facet normal 0 -0.381902 -0.924203
    outer loop
      vertex 10 39.8078 27.8457
      vertex 14 39.8804 27.8157
      vertex 14 39.8078 27.8457
    endloop
  endfacet
  facet normal -0 -0.381902 -0.924203
    outer loop
      vertex 14 39.8804 27.8157
      vertex 10 39.8078 27.8457
      vertex 10 39.8804 27.8157
    endloop
  endfacet
  facet normal 0 -0.976247 0.216661
    outer loop
      vertex 10 40.3693 26.7671
      vertex 14 40.3863 26.8437
      vertex 10 40.3863 26.8437
    endloop
  endfacet
  facet normal 0 -0.976247 0.216661
    outer loop
      vertex 14 40.3863 26.8437
      vertex 10 40.3693 26.7671
      vertex 14 40.3693 26.7671
    endloop
  endfacet
  facet normal 0 -0.675205 0.73763
    outer loop
      vertex 10 40.1364 26.3636
      vertex 14 40.0785 26.3106
      vertex 14 40.1364 26.3636
    endloop
  endfacet
  facet normal 0 -0.675205 0.73763
    outer loop
      vertex 14 40.0785 26.3106
      vertex 10 40.1364 26.3636
      vertex 10 40.0785 26.3106
    endloop
  endfacet
  facet normal 0 0.793381 -0.608726
    outer loop
      vertex 14 38.7628 27.5162
      vertex 10 38.8106 27.5785
      vertex 14 38.8106 27.5785
    endloop
  endfacet
  facet normal 0 0.793381 -0.608726
    outer loop
      vertex 10 38.8106 27.5785
      vertex 14 38.7628 27.5162
      vertex 10 38.7628 27.5162
    endloop
  endfacet
  facet normal 0 -0.216661 0.976247
    outer loop
      vertex 10 39.7329 26.1307
      vertex 14 39.6563 26.1137
      vertex 14 39.7329 26.1307
    endloop
  endfacet
  facet normal 0 -0.216661 0.976247
    outer loop
      vertex 14 39.6563 26.1137
      vertex 10 39.7329 26.1307
      vertex 10 39.6563 26.1137
    endloop
  endfacet
  facet normal 0 0.886653 0.462435
    outer loop
      vertex 14 38.7206 26.55
      vertex 10 38.6843 26.6196
      vertex 14 38.6843 26.6196
    endloop
  endfacet
  facet normal 0 0.886653 0.462435
    outer loop
      vertex 10 38.6843 26.6196
      vertex 14 38.7206 26.55
      vertex 10 38.7206 26.55
    endloop
  endfacet
  facet normal 0 0.608726 -0.793381
    outer loop
      vertex 10 38.9215 27.6894
      vertex 14 38.9838 27.7372
      vertex 14 38.9215 27.6894
    endloop
  endfacet
  facet normal 0 0.608726 -0.793381
    outer loop
      vertex 14 38.9838 27.7372
      vertex 10 38.9215 27.6894
      vertex 10 38.9838 27.7372
    endloop
  endfacet
  facet normal 0 -0.843242 -0.537535
    outer loop
      vertex 10 40.2794 27.45
      vertex 14 40.2372 27.5162
      vertex 10 40.2372 27.5162
    endloop
  endfacet
  facet normal 0 -0.843242 -0.537535
    outer loop
      vertex 14 40.2372 27.5162
      vertex 10 40.2794 27.45
      vertex 14 40.2794 27.45
    endloop
  endfacet
  facet normal 0 -0.924203 0.381902
    outer loop
      vertex 10 40.3157 26.6196
      vertex 14 40.3457 26.6922
      vertex 10 40.3457 26.6922
    endloop
  endfacet
  facet normal 0 -0.924203 0.381902
    outer loop
      vertex 14 40.3457 26.6922
      vertex 10 40.3157 26.6196
      vertex 14 40.3157 26.6196
    endloop
  endfacet
  facet normal 0 -0.73763 0.675205
    outer loop
      vertex 10 40.1364 26.3636
      vertex 14 40.1894 26.4215
      vertex 10 40.1894 26.4215
    endloop
  endfacet
  facet normal 0 -0.73763 0.675205
    outer loop
      vertex 14 40.1894 26.4215
      vertex 10 40.1364 26.3636
      vertex 14 40.1364 26.3636
    endloop
  endfacet
  facet normal 0 0.924203 -0.381902
    outer loop
      vertex 14 38.6543 27.3078
      vertex 10 38.6843 27.3804
      vertex 14 38.6843 27.3804
    endloop
  endfacet
  facet normal 0 0.924203 -0.381902
    outer loop
      vertex 10 38.6843 27.3804
      vertex 14 38.6543 27.3078
      vertex 10 38.6543 27.3078
    endloop
  endfacet
  facet normal 0 -0.0433266 -0.999061
    outer loop
      vertex 10 39.5 27.9
      vertex 14 39.5784 27.8966
      vertex 14 39.5 27.9
    endloop
  endfacet
  facet normal -0 -0.0433266 -0.999061
    outer loop
      vertex 14 39.5784 27.8966
      vertex 10 39.5 27.9
      vertex 10 39.5784 27.8966
    endloop
  endfacet
  facet normal 0 0.924203 0.381902
    outer loop
      vertex 14 38.6843 26.6196
      vertex 10 38.6543 26.6922
      vertex 14 38.6543 26.6922
    endloop
  endfacet
  facet normal 0 0.924203 0.381902
    outer loop
      vertex 10 38.6543 26.6922
      vertex 14 38.6843 26.6196
      vertex 10 38.6843 26.6196
    endloop
  endfacet
  facet normal 0 0.999061 -0.0433266
    outer loop
      vertex 14 38.6 27
      vertex 10 38.6034 27.0784
      vertex 14 38.6034 27.0784
    endloop
  endfacet
  facet normal 0 0.999061 -0.0433266
    outer loop
      vertex 10 38.6034 27.0784
      vertex 14 38.6 27
      vertex 10 38.6 27
    endloop
  endfacet
  facet normal 0 -0.216661 -0.976247
    outer loop
      vertex 10 39.6563 27.8863
      vertex 14 39.7329 27.8693
      vertex 14 39.6563 27.8863
    endloop
  endfacet
  facet normal -0 -0.216661 -0.976247
    outer loop
      vertex 14 39.7329 27.8693
      vertex 10 39.6563 27.8863
      vertex 10 39.7329 27.8693
    endloop
  endfacet
  facet normal 0 -0.300522 -0.953775
    outer loop
      vertex 10 39.7329 27.8693
      vertex 14 39.8078 27.8457
      vertex 14 39.7329 27.8693
    endloop
  endfacet
  facet normal -0 -0.300522 -0.953775
    outer loop
      vertex 14 39.8078 27.8457
      vertex 10 39.7329 27.8693
      vertex 10 39.8078 27.8457
    endloop
  endfacet
  facet normal 0 -0.13108 0.991372
    outer loop
      vertex 10 39.6563 26.1137
      vertex 14 39.5784 26.1034
      vertex 14 39.6563 26.1137
    endloop
  endfacet
  facet normal 0 -0.13108 0.991372
    outer loop
      vertex 14 39.5784 26.1034
      vertex 10 39.6563 26.1137
      vertex 10 39.5784 26.1034
    endloop
  endfacet
  facet normal 0 -0.793381 -0.608726
    outer loop
      vertex 10 40.2372 27.5162
      vertex 14 40.1894 27.5785
      vertex 10 40.1894 27.5785
    endloop
  endfacet
  facet normal 0 -0.793381 -0.608726
    outer loop
      vertex 14 40.1894 27.5785
      vertex 10 40.2372 27.5162
      vertex 14 40.2372 27.5162
    endloop
  endfacet
  facet normal 0 -0.999061 0.0433266
    outer loop
      vertex 10 40.3966 26.9216
      vertex 14 40.4 27
      vertex 10 40.4 27
    endloop
  endfacet
  facet normal 0 -0.999061 0.0433266
    outer loop
      vertex 14 40.4 27
      vertex 10 40.3966 26.9216
      vertex 14 40.3966 26.9216
    endloop
  endfacet
  facet normal 0 0.999061 0.0433266
    outer loop
      vertex 14 38.6034 26.9216
      vertex 10 38.6 27
      vertex 14 38.6 27
    endloop
  endfacet
  facet normal 0 0.999061 0.0433266
    outer loop
      vertex 10 38.6 27
      vertex 14 38.6034 26.9216
      vertex 10 38.6034 26.9216
    endloop
  endfacet
  facet normal 0 0.991372 0.13108
    outer loop
      vertex 14 38.6137 26.8437
      vertex 10 38.6034 26.9216
      vertex 14 38.6034 26.9216
    endloop
  endfacet
  facet normal 0 0.991372 0.13108
    outer loop
      vertex 10 38.6034 26.9216
      vertex 14 38.6137 26.8437
      vertex 10 38.6137 26.8437
    endloop
  endfacet
  facet normal 0 0.300522 -0.953775
    outer loop
      vertex 10 39.1922 27.8457
      vertex 14 39.2671 27.8693
      vertex 14 39.1922 27.8457
    endloop
  endfacet
  facet normal 0 0.300522 -0.953775
    outer loop
      vertex 14 39.2671 27.8693
      vertex 10 39.1922 27.8457
      vertex 10 39.2671 27.8693
    endloop
  endfacet
  facet normal 0 -0.991372 0.13108
    outer loop
      vertex 10 40.3863 26.8437
      vertex 14 40.3966 26.9216
      vertex 10 40.3966 26.9216
    endloop
  endfacet
  facet normal 0 -0.991372 0.13108
    outer loop
      vertex 14 40.3966 26.9216
      vertex 10 40.3863 26.8437
      vertex 14 40.3863 26.8437
    endloop
  endfacet
  facet normal 0 -0.953775 -0.300522
    outer loop
      vertex 10 40.3693 27.2329
      vertex 14 40.3457 27.3078
      vertex 10 40.3457 27.3078
    endloop
  endfacet
  facet normal 0 -0.953775 -0.300522
    outer loop
      vertex 14 40.3457 27.3078
      vertex 10 40.3693 27.2329
      vertex 14 40.3693 27.2329
    endloop
  endfacet
  facet normal 0 0.13108 -0.991372
    outer loop
      vertex 10 39.3437 27.8863
      vertex 14 39.4216 27.8966
      vertex 14 39.3437 27.8863
    endloop
  endfacet
  facet normal 0 0.13108 -0.991372
    outer loop
      vertex 14 39.4216 27.8966
      vertex 10 39.3437 27.8863
      vertex 10 39.4216 27.8966
    endloop
  endfacet
  facet normal 0 0.991372 -0.13108
    outer loop
      vertex 14 38.6034 27.0784
      vertex 10 38.6137 27.1563
      vertex 14 38.6137 27.1563
    endloop
  endfacet
  facet normal 0 0.991372 -0.13108
    outer loop
      vertex 10 38.6137 27.1563
      vertex 14 38.6034 27.0784
      vertex 10 38.6034 27.0784
    endloop
  endfacet
  facet normal 0 0.381902 -0.924203
    outer loop
      vertex 10 39.1196 27.8157
      vertex 14 39.1922 27.8457
      vertex 14 39.1196 27.8157
    endloop
  endfacet
  facet normal 0 0.381902 -0.924203
    outer loop
      vertex 14 39.1922 27.8457
      vertex 10 39.1196 27.8157
      vertex 10 39.1922 27.8457
    endloop
  endfacet
  facet normal -0 0.675205 0.73763
    outer loop
      vertex 10 38.9215 26.3106
      vertex 14 38.8636 26.3636
      vertex 14 38.9215 26.3106
    endloop
  endfacet
  facet normal 0 0.675205 0.73763
    outer loop
      vertex 14 38.8636 26.3636
      vertex 10 38.9215 26.3106
      vertex 10 38.8636 26.3636
    endloop
  endfacet
  facet normal -0 0.537535 0.843242
    outer loop
      vertex 10 39.05 26.2206
      vertex 14 38.9838 26.2628
      vertex 14 39.05 26.2206
    endloop
  endfacet
  facet normal 0 0.537535 0.843242
    outer loop
      vertex 14 38.9838 26.2628
      vertex 10 39.05 26.2206
      vertex 10 38.9838 26.2628
    endloop
  endfacet
  facet normal -0 0.381902 0.924203
    outer loop
      vertex 10 39.1922 26.1543
      vertex 14 39.1196 26.1843
      vertex 14 39.1922 26.1543
    endloop
  endfacet
  facet normal 0 0.381902 0.924203
    outer loop
      vertex 14 39.1196 26.1843
      vertex 10 39.1922 26.1543
      vertex 10 39.1196 26.1843
    endloop
  endfacet
  facet normal 0 -0.953775 0.300522
    outer loop
      vertex 10 40.3457 26.6922
      vertex 14 40.3693 26.7671
      vertex 10 40.3693 26.7671
    endloop
  endfacet
  facet normal 0 -0.953775 0.300522
    outer loop
      vertex 14 40.3693 26.7671
      vertex 10 40.3457 26.6922
      vertex 14 40.3457 26.6922
    endloop
  endfacet
  facet normal -0 0.462435 0.886653
    outer loop
      vertex 10 39.1196 26.1843
      vertex 14 39.05 26.2206
      vertex 14 39.1196 26.1843
    endloop
  endfacet
  facet normal 0 0.462435 0.886653
    outer loop
      vertex 14 39.05 26.2206
      vertex 10 39.1196 26.1843
      vertex 10 39.05 26.2206
    endloop
  endfacet
  facet normal 0 -0.608726 0.793381
    outer loop
      vertex 10 40.0785 26.3106
      vertex 14 40.0162 26.2628
      vertex 14 40.0785 26.3106
    endloop
  endfacet
  facet normal 0 -0.608726 0.793381
    outer loop
      vertex 14 40.0162 26.2628
      vertex 10 40.0785 26.3106
      vertex 10 40.0162 26.2628
    endloop
  endfacet
  facet normal 0 0.793381 0.608726
    outer loop
      vertex 14 38.8106 26.4215
      vertex 10 38.7628 26.4838
      vertex 14 38.7628 26.4838
    endloop
  endfacet
  facet normal 0 0.793381 0.608726
    outer loop
      vertex 10 38.7628 26.4838
      vertex 14 38.8106 26.4215
      vertex 10 38.8106 26.4215
    endloop
  endfacet
  facet normal -0 0.216661 0.976247
    outer loop
      vertex 10 39.3437 26.1137
      vertex 14 39.2671 26.1307
      vertex 14 39.3437 26.1137
    endloop
  endfacet
  facet normal 0 0.216661 0.976247
    outer loop
      vertex 14 39.2671 26.1307
      vertex 10 39.3437 26.1137
      vertex 10 39.2671 26.1307
    endloop
  endfacet
  facet normal 0 -0.843242 0.537535
    outer loop
      vertex 10 40.2372 26.4838
      vertex 14 40.2794 26.55
      vertex 10 40.2794 26.55
    endloop
  endfacet
  facet normal 0 -0.843242 0.537535
    outer loop
      vertex 14 40.2794 26.55
      vertex 10 40.2372 26.4838
      vertex 14 40.2372 26.4838
    endloop
  endfacet
  facet normal 0 -0.886653 -0.462435
    outer loop
      vertex 10 40.3157 27.3804
      vertex 14 40.2794 27.45
      vertex 10 40.2794 27.45
    endloop
  endfacet
  facet normal 0 -0.886653 -0.462435
    outer loop
      vertex 14 40.2794 27.45
      vertex 10 40.3157 27.3804
      vertex 14 40.3157 27.3804
    endloop
  endfacet
  facet normal 0 -0.924203 -0.381902
    outer loop
      vertex 10 40.3457 27.3078
      vertex 14 40.3157 27.3804
      vertex 10 40.3157 27.3804
    endloop
  endfacet
  facet normal 0 -0.924203 -0.381902
    outer loop
      vertex 14 40.3157 27.3804
      vertex 10 40.3457 27.3078
      vertex 14 40.3457 27.3078
    endloop
  endfacet
  facet normal 0 -0.462435 -0.886653
    outer loop
      vertex 10 39.8804 27.8157
      vertex 14 39.95 27.7794
      vertex 14 39.8804 27.8157
    endloop
  endfacet
  facet normal -0 -0.462435 -0.886653
    outer loop
      vertex 14 39.95 27.7794
      vertex 10 39.8804 27.8157
      vertex 10 39.95 27.7794
    endloop
  endfacet
  facet normal 0 -0.675205 -0.73763
    outer loop
      vertex 10 40.0785 27.6894
      vertex 14 40.1364 27.6364
      vertex 14 40.0785 27.6894
    endloop
  endfacet
  facet normal -0 -0.675205 -0.73763
    outer loop
      vertex 14 40.1364 27.6364
      vertex 10 40.0785 27.6894
      vertex 10 40.1364 27.6364
    endloop
  endfacet
  facet normal 0 0.953775 -0.300522
    outer loop
      vertex 14 38.6307 27.2329
      vertex 10 38.6543 27.3078
      vertex 14 38.6543 27.3078
    endloop
  endfacet
  facet normal 0 0.953775 -0.300522
    outer loop
      vertex 10 38.6543 27.3078
      vertex 14 38.6307 27.2329
      vertex 10 38.6307 27.2329
    endloop
  endfacet
  facet normal 0 0.843242 -0.537535
    outer loop
      vertex 14 38.7206 27.45
      vertex 10 38.7628 27.5162
      vertex 14 38.7628 27.5162
    endloop
  endfacet
  facet normal 0 0.843242 -0.537535
    outer loop
      vertex 10 38.7628 27.5162
      vertex 14 38.7206 27.45
      vertex 10 38.7206 27.45
    endloop
  endfacet
  facet normal 0 -0.73763 -0.675205
    outer loop
      vertex 10 40.1894 27.5785
      vertex 14 40.1364 27.6364
      vertex 10 40.1364 27.6364
    endloop
  endfacet
  facet normal 0 -0.73763 -0.675205
    outer loop
      vertex 14 40.1364 27.6364
      vertex 10 40.1894 27.5785
      vertex 14 40.1894 27.5785
    endloop
  endfacet
  facet normal 0 0.462435 -0.886653
    outer loop
      vertex 10 39.05 27.7794
      vertex 14 39.1196 27.8157
      vertex 14 39.05 27.7794
    endloop
  endfacet
  facet normal 0 0.462435 -0.886653
    outer loop
      vertex 14 39.1196 27.8157
      vertex 10 39.05 27.7794
      vertex 10 39.1196 27.8157
    endloop
  endfacet
  facet normal 0 -0.381902 0.924203
    outer loop
      vertex 10 39.8804 26.1843
      vertex 14 39.8078 26.1543
      vertex 14 39.8804 26.1843
    endloop
  endfacet
  facet normal 0 -0.381902 0.924203
    outer loop
      vertex 14 39.8078 26.1543
      vertex 10 39.8804 26.1843
      vertex 10 39.8078 26.1543
    endloop
  endfacet
  facet normal 0 0.537535 -0.843242
    outer loop
      vertex 10 38.9838 27.7372
      vertex 14 39.05 27.7794
      vertex 14 38.9838 27.7372
    endloop
  endfacet
  facet normal 0 0.537535 -0.843242
    outer loop
      vertex 14 39.05 27.7794
      vertex 10 38.9838 27.7372
      vertex 10 39.05 27.7794
    endloop
  endfacet
  facet normal 0 0.675205 -0.73763
    outer loop
      vertex 10 38.8636 27.6364
      vertex 14 38.9215 27.6894
      vertex 14 38.8636 27.6364
    endloop
  endfacet
  facet normal 0 0.675205 -0.73763
    outer loop
      vertex 14 38.9215 27.6894
      vertex 10 38.8636 27.6364
      vertex 10 38.9215 27.6894
    endloop
  endfacet
  facet normal 0 -0.537535 -0.843242
    outer loop
      vertex 10 39.95 27.7794
      vertex 14 40.0162 27.7372
      vertex 14 39.95 27.7794
    endloop
  endfacet
  facet normal -0 -0.537535 -0.843242
    outer loop
      vertex 14 40.0162 27.7372
      vertex 10 39.95 27.7794
      vertex 10 40.0162 27.7372
    endloop
  endfacet
  facet normal 0 0.976247 0.216661
    outer loop
      vertex 14 38.6307 26.7671
      vertex 10 38.6137 26.8437
      vertex 14 38.6137 26.8437
    endloop
  endfacet
  facet normal 0 0.976247 0.216661
    outer loop
      vertex 10 38.6137 26.8437
      vertex 14 38.6307 26.7671
      vertex 10 38.6307 26.7671
    endloop
  endfacet
  facet normal 0 -0.13108 -0.991372
    outer loop
      vertex 10 39.5784 27.8966
      vertex 14 39.6563 27.8863
      vertex 14 39.5784 27.8966
    endloop
  endfacet
  facet normal -0 -0.13108 -0.991372
    outer loop
      vertex 14 39.6563 27.8863
      vertex 10 39.5784 27.8966
      vertex 10 39.6563 27.8863
    endloop
  endfacet
  facet normal 0 0.953775 0.300522
    outer loop
      vertex 14 38.6543 26.6922
      vertex 10 38.6307 26.7671
      vertex 14 38.6307 26.7671
    endloop
  endfacet
  facet normal 0 0.953775 0.300522
    outer loop
      vertex 10 38.6307 26.7671
      vertex 14 38.6543 26.6922
      vertex 10 38.6543 26.6922
    endloop
  endfacet
  facet normal -0 0.0433266 0.999061
    outer loop
      vertex 10 39.5 26.1
      vertex 14 39.4216 26.1034
      vertex 14 39.5 26.1
    endloop
  endfacet
  facet normal 0 0.0433266 0.999061
    outer loop
      vertex 14 39.4216 26.1034
      vertex 10 39.5 26.1
      vertex 10 39.4216 26.1034
    endloop
  endfacet
  facet normal 0 0.976247 -0.216661
    outer loop
      vertex 14 38.6137 27.1563
      vertex 10 38.6307 27.2329
      vertex 14 38.6307 27.2329
    endloop
  endfacet
  facet normal 0 0.976247 -0.216661
    outer loop
      vertex 10 38.6307 27.2329
      vertex 14 38.6137 27.1563
      vertex 10 38.6137 27.1563
    endloop
  endfacet
  facet normal 0 0.73763 -0.675205
    outer loop
      vertex 14 38.8106 27.5785
      vertex 10 38.8636 27.6364
      vertex 14 38.8636 27.6364
    endloop
  endfacet
  facet normal 0 0.73763 -0.675205
    outer loop
      vertex 10 38.8636 27.6364
      vertex 14 38.8106 27.5785
      vertex 10 38.8106 27.5785
    endloop
  endfacet
  facet normal 0 -0.300522 0.953775
    outer loop
      vertex 10 39.8078 26.1543
      vertex 14 39.7329 26.1307
      vertex 14 39.8078 26.1543
    endloop
  endfacet
  facet normal 0 -0.300522 0.953775
    outer loop
      vertex 14 39.7329 26.1307
      vertex 10 39.8078 26.1543
      vertex 10 39.7329 26.1307
    endloop
  endfacet
  facet normal 0 0.843242 0.537535
    outer loop
      vertex 14 38.7628 26.4838
      vertex 10 38.7206 26.55
      vertex 14 38.7206 26.55
    endloop
  endfacet
  facet normal 0 0.843242 0.537535
    outer loop
      vertex 10 38.7206 26.55
      vertex 14 38.7628 26.4838
      vertex 10 38.7628 26.4838
    endloop
  endfacet
  facet normal -0 0.300522 0.953775
    outer loop
      vertex 10 39.2671 26.1307
      vertex 14 39.1922 26.1543
      vertex 14 39.2671 26.1307
    endloop
  endfacet
  facet normal 0 0.300522 0.953775
    outer loop
      vertex 14 39.1922 26.1543
      vertex 10 39.2671 26.1307
      vertex 10 39.1922 26.1543
    endloop
  endfacet
  facet normal -0 0.608726 0.793381
    outer loop
      vertex 10 38.9838 26.2628
      vertex 14 38.9215 26.3106
      vertex 14 38.9838 26.2628
    endloop
  endfacet
  facet normal 0 0.608726 0.793381
    outer loop
      vertex 14 38.9215 26.3106
      vertex 10 38.9838 26.2628
      vertex 10 38.9215 26.3106
    endloop
  endfacet
  facet normal 0 -0.0433266 0.999061
    outer loop
      vertex 10 39.5784 26.1034
      vertex 14 39.5 26.1
      vertex 14 39.5784 26.1034
    endloop
  endfacet
  facet normal 0 -0.0433266 0.999061
    outer loop
      vertex 14 39.5 26.1
      vertex 10 39.5784 26.1034
      vertex 10 39.5 26.1
    endloop
  endfacet
  facet normal 0 0.216661 -0.976247
    outer loop
      vertex 10 39.2671 27.8693
      vertex 14 39.3437 27.8863
      vertex 14 39.2671 27.8693
    endloop
  endfacet
  facet normal 0 0.216661 -0.976247
    outer loop
      vertex 14 39.3437 27.8863
      vertex 10 39.2671 27.8693
      vertex 10 39.3437 27.8863
    endloop
  endfacet
  facet normal 0 -0.462435 0.886653
    outer loop
      vertex 10 39.95 26.2206
      vertex 14 39.8804 26.1843
      vertex 14 39.95 26.2206
    endloop
  endfacet
  facet normal 0 -0.462435 0.886653
    outer loop
      vertex 14 39.8804 26.1843
      vertex 10 39.95 26.2206
      vertex 10 39.8804 26.1843
    endloop
  endfacet
  facet normal 0 -0.999061 -0.0433266
    outer loop
      vertex 10 40.4 27
      vertex 14 40.3966 27.0784
      vertex 10 40.3966 27.0784
    endloop
  endfacet
  facet normal 0 -0.999061 -0.0433266
    outer loop
      vertex 14 40.3966 27.0784
      vertex 10 40.4 27
      vertex 14 40.4 27
    endloop
  endfacet
  facet normal -0 0.13108 0.991372
    outer loop
      vertex 10 39.4216 26.1034
      vertex 14 39.3437 26.1137
      vertex 14 39.4216 26.1034
    endloop
  endfacet
  facet normal 0 0.13108 0.991372
    outer loop
      vertex 14 39.3437 26.1137
      vertex 10 39.4216 26.1034
      vertex 10 39.3437 26.1137
    endloop
  endfacet
  facet normal 0 -0.793381 0.608726
    outer loop
      vertex 10 40.1894 26.4215
      vertex 14 40.2372 26.4838
      vertex 10 40.2372 26.4838
    endloop
  endfacet
  facet normal 0 -0.793381 0.608726
    outer loop
      vertex 14 40.2372 26.4838
      vertex 10 40.1894 26.4215
      vertex 14 40.1894 26.4215
    endloop
  endfacet
  facet normal 0 0.886653 -0.462435
    outer loop
      vertex 14 38.6843 27.3804
      vertex 10 38.7206 27.45
      vertex 14 38.7206 27.45
    endloop
  endfacet
  facet normal 0 0.886653 -0.462435
    outer loop
      vertex 10 38.7206 27.45
      vertex 14 38.6843 27.3804
      vertex 10 38.6843 27.3804
    endloop
  endfacet
  facet normal 0 -0.608726 -0.793381
    outer loop
      vertex 10 40.0162 27.7372
      vertex 14 40.0785 27.6894
      vertex 14 40.0162 27.7372
    endloop
  endfacet
  facet normal -0 -0.608726 -0.793381
    outer loop
      vertex 14 40.0785 27.6894
      vertex 10 40.0162 27.7372
      vertex 10 40.0785 27.6894
    endloop
  endfacet
  facet normal 0 -0.537535 0.843242
    outer loop
      vertex 10 40.0162 26.2628
      vertex 14 39.95 26.2206
      vertex 14 40.0162 26.2628
    endloop
  endfacet
  facet normal 0 -0.537535 0.843242
    outer loop
      vertex 14 39.95 26.2206
      vertex 10 40.0162 26.2628
      vertex 10 39.95 26.2206
    endloop
  endfacet
  facet normal 0 0.216661 -0.976247
    outer loop
      vertex 10 11.4671 27.8693
      vertex 14 11.5437 27.8863
      vertex 14 11.4671 27.8693
    endloop
  endfacet
  facet normal 0 0.216661 -0.976247
    outer loop
      vertex 14 11.5437 27.8863
      vertex 10 11.4671 27.8693
      vertex 10 11.5437 27.8863
    endloop
  endfacet
  facet normal 0 0.976247 0.216661
    outer loop
      vertex 14 10.8307 26.7671
      vertex 10 10.8137 26.8437
      vertex 14 10.8137 26.8437
    endloop
  endfacet
  facet normal 0 0.976247 0.216661
    outer loop
      vertex 10 10.8137 26.8437
      vertex 14 10.8307 26.7671
      vertex 10 10.8307 26.7671
    endloop
  endfacet
  facet normal 0 0.537535 -0.843242
    outer loop
      vertex 10 11.1838 27.7372
      vertex 14 11.25 27.7794
      vertex 14 11.1838 27.7372
    endloop
  endfacet
  facet normal 0 0.537535 -0.843242
    outer loop
      vertex 14 11.25 27.7794
      vertex 10 11.1838 27.7372
      vertex 10 11.25 27.7794
    endloop
  endfacet
  facet normal 0 0.843242 0.537535
    outer loop
      vertex 14 10.9628 26.4838
      vertex 10 10.9206 26.55
      vertex 14 10.9206 26.55
    endloop
  endfacet
  facet normal 0 0.843242 0.537535
    outer loop
      vertex 10 10.9206 26.55
      vertex 14 10.9628 26.4838
      vertex 10 10.9628 26.4838
    endloop
  endfacet
  facet normal 0 0.0433266 -0.999061
    outer loop
      vertex 10 11.6216 27.8966
      vertex 14 11.7 27.9
      vertex 14 11.6216 27.8966
    endloop
  endfacet
  facet normal 0 0.0433266 -0.999061
    outer loop
      vertex 14 11.7 27.9
      vertex 10 11.6216 27.8966
      vertex 10 11.7 27.9
    endloop
  endfacet
  facet normal 0 -0.843242 -0.537535
    outer loop
      vertex 10 12.4794 27.45
      vertex 14 12.4372 27.5162
      vertex 10 12.4372 27.5162
    endloop
  endfacet
  facet normal 0 -0.843242 -0.537535
    outer loop
      vertex 14 12.4372 27.5162
      vertex 10 12.4794 27.45
      vertex 14 12.4794 27.45
    endloop
  endfacet
  facet normal 0 -0.13108 -0.991372
    outer loop
      vertex 10 11.7784 27.8966
      vertex 14 11.8563 27.8863
      vertex 14 11.7784 27.8966
    endloop
  endfacet
  facet normal -0 -0.13108 -0.991372
    outer loop
      vertex 14 11.8563 27.8863
      vertex 10 11.7784 27.8966
      vertex 10 11.8563 27.8863
    endloop
  endfacet
  facet normal 0 -0.953775 -0.300522
    outer loop
      vertex 10 12.5693 27.2329
      vertex 14 12.5457 27.3078
      vertex 10 12.5457 27.3078
    endloop
  endfacet
  facet normal 0 -0.953775 -0.300522
    outer loop
      vertex 14 12.5457 27.3078
      vertex 10 12.5693 27.2329
      vertex 14 12.5693 27.2329
    endloop
  endfacet
  facet normal 0 -0.216661 -0.976247
    outer loop
      vertex 10 11.8563 27.8863
      vertex 14 11.9329 27.8693
      vertex 14 11.8563 27.8863
    endloop
  endfacet
  facet normal -0 -0.216661 -0.976247
    outer loop
      vertex 14 11.9329 27.8693
      vertex 10 11.8563 27.8863
      vertex 10 11.9329 27.8693
    endloop
  endfacet
  facet normal 0 0.999061 0.0433266
    outer loop
      vertex 14 10.8034 26.9216
      vertex 10 10.8 27
      vertex 14 10.8 27
    endloop
  endfacet
  facet normal 0 0.999061 0.0433266
    outer loop
      vertex 10 10.8 27
      vertex 14 10.8034 26.9216
      vertex 10 10.8034 26.9216
    endloop
  endfacet
  facet normal 0 0.991372 -0.13108
    outer loop
      vertex 14 10.8034 27.0784
      vertex 10 10.8137 27.1563
      vertex 14 10.8137 27.1563
    endloop
  endfacet
  facet normal 0 0.991372 -0.13108
    outer loop
      vertex 10 10.8137 27.1563
      vertex 14 10.8034 27.0784
      vertex 10 10.8034 27.0784
    endloop
  endfacet
  facet normal 0 -0.537535 0.843242
    outer loop
      vertex 10 12.2162 26.2628
      vertex 14 12.15 26.2206
      vertex 14 12.2162 26.2628
    endloop
  endfacet
  facet normal 0 -0.537535 0.843242
    outer loop
      vertex 14 12.15 26.2206
      vertex 10 12.2162 26.2628
      vertex 10 12.15 26.2206
    endloop
  endfacet
  facet normal 0 0.73763 0.675205
    outer loop
      vertex 14 11.0636 26.3636
      vertex 10 11.0106 26.4215
      vertex 14 11.0106 26.4215
    endloop
  endfacet
  facet normal 0 0.73763 0.675205
    outer loop
      vertex 10 11.0106 26.4215
      vertex 14 11.0636 26.3636
      vertex 10 11.0636 26.3636
    endloop
  endfacet
  facet normal 0 -0.991372 -0.13108
    outer loop
      vertex 10 12.5966 27.0784
      vertex 14 12.5863 27.1563
      vertex 10 12.5863 27.1563
    endloop
  endfacet
  facet normal 0 -0.991372 -0.13108
    outer loop
      vertex 14 12.5863 27.1563
      vertex 10 12.5966 27.0784
      vertex 14 12.5966 27.0784
    endloop
  endfacet
  facet normal -0 0.381902 0.924203
    outer loop
      vertex 10 11.3922 26.1543
      vertex 14 11.3196 26.1843
      vertex 14 11.3922 26.1543
    endloop
  endfacet
  facet normal 0 0.381902 0.924203
    outer loop
      vertex 14 11.3196 26.1843
      vertex 10 11.3922 26.1543
      vertex 10 11.3196 26.1843
    endloop
  endfacet
  facet normal 0 0.843242 -0.537535
    outer loop
      vertex 14 10.9206 27.45
      vertex 10 10.9628 27.5162
      vertex 14 10.9628 27.5162
    endloop
  endfacet
  facet normal 0 0.843242 -0.537535
    outer loop
      vertex 10 10.9628 27.5162
      vertex 14 10.9206 27.45
      vertex 10 10.9206 27.45
    endloop
  endfacet
  facet normal -0 0.462435 0.886653
    outer loop
      vertex 10 11.3196 26.1843
      vertex 14 11.25 26.2206
      vertex 14 11.3196 26.1843
    endloop
  endfacet
  facet normal 0 0.462435 0.886653
    outer loop
      vertex 14 11.25 26.2206
      vertex 10 11.3196 26.1843
      vertex 10 11.25 26.2206
    endloop
  endfacet
  facet normal -0 0.216661 0.976247
    outer loop
      vertex 10 11.5437 26.1137
      vertex 14 11.4671 26.1307
      vertex 14 11.5437 26.1137
    endloop
  endfacet
  facet normal 0 0.216661 0.976247
    outer loop
      vertex 14 11.4671 26.1307
      vertex 10 11.5437 26.1137
      vertex 10 11.4671 26.1307
    endloop
  endfacet
  facet normal 0 0.953775 -0.300522
    outer loop
      vertex 14 10.8307 27.2329
      vertex 10 10.8543 27.3078
      vertex 14 10.8543 27.3078
    endloop
  endfacet
  facet normal 0 0.953775 -0.300522
    outer loop
      vertex 10 10.8543 27.3078
      vertex 14 10.8307 27.2329
      vertex 10 10.8307 27.2329
    endloop
  endfacet
  facet normal 0 -0.0433266 -0.999061
    outer loop
      vertex 10 11.7 27.9
      vertex 14 11.7784 27.8966
      vertex 14 11.7 27.9
    endloop
  endfacet
  facet normal -0 -0.0433266 -0.999061
    outer loop
      vertex 14 11.7784 27.8966
      vertex 10 11.7 27.9
      vertex 10 11.7784 27.8966
    endloop
  endfacet
  facet normal 0 0.793381 -0.608726
    outer loop
      vertex 14 10.9628 27.5162
      vertex 10 11.0106 27.5785
      vertex 14 11.0106 27.5785
    endloop
  endfacet
  facet normal 0 0.793381 -0.608726
    outer loop
      vertex 10 11.0106 27.5785
      vertex 14 10.9628 27.5162
      vertex 10 10.9628 27.5162
    endloop
  endfacet
  facet normal 0 0.886653 -0.462435
    outer loop
      vertex 14 10.8843 27.3804
      vertex 10 10.9206 27.45
      vertex 14 10.9206 27.45
    endloop
  endfacet
  facet normal 0 0.886653 -0.462435
    outer loop
      vertex 10 10.9206 27.45
      vertex 14 10.8843 27.3804
      vertex 10 10.8843 27.3804
    endloop
  endfacet
  facet normal 0 -0.608726 -0.793381
    outer loop
      vertex 10 12.2162 27.7372
      vertex 14 12.2785 27.6894
      vertex 14 12.2162 27.7372
    endloop
  endfacet
  facet normal -0 -0.608726 -0.793381
    outer loop
      vertex 14 12.2785 27.6894
      vertex 10 12.2162 27.7372
      vertex 10 12.2785 27.6894
    endloop
  endfacet
  facet normal 0 -0.216661 0.976247
    outer loop
      vertex 10 11.9329 26.1307
      vertex 14 11.8563 26.1137
      vertex 14 11.9329 26.1307
    endloop
  endfacet
  facet normal 0 -0.216661 0.976247
    outer loop
      vertex 14 11.8563 26.1137
      vertex 10 11.9329 26.1307
      vertex 10 11.8563 26.1137
    endloop
  endfacet
  facet normal -0 0.608726 0.793381
    outer loop
      vertex 10 11.1838 26.2628
      vertex 14 11.1215 26.3106
      vertex 14 11.1838 26.2628
    endloop
  endfacet
  facet normal 0 0.608726 0.793381
    outer loop
      vertex 14 11.1215 26.3106
      vertex 10 11.1838 26.2628
      vertex 10 11.1215 26.3106
    endloop
  endfacet
  facet normal 0 0.999061 -0.0433266
    outer loop
      vertex 14 10.8 27
      vertex 10 10.8034 27.0784
      vertex 14 10.8034 27.0784
    endloop
  endfacet
  facet normal 0 0.999061 -0.0433266
    outer loop
      vertex 10 10.8034 27.0784
      vertex 14 10.8 27
      vertex 10 10.8 27
    endloop
  endfacet
  facet normal 0 -0.924203 0.381902
    outer loop
      vertex 10 12.5157 26.6196
      vertex 14 12.5457 26.6922
      vertex 10 12.5457 26.6922
    endloop
  endfacet
  facet normal 0 -0.924203 0.381902
    outer loop
      vertex 14 12.5457 26.6922
      vertex 10 12.5157 26.6196
      vertex 14 12.5157 26.6196
    endloop
  endfacet
  facet normal 0 0.991372 0.13108
    outer loop
      vertex 14 10.8137 26.8437
      vertex 10 10.8034 26.9216
      vertex 14 10.8034 26.9216
    endloop
  endfacet
  facet normal 0 0.991372 0.13108
    outer loop
      vertex 10 10.8034 26.9216
      vertex 14 10.8137 26.8437
      vertex 10 10.8137 26.8437
    endloop
  endfacet
  facet normal 0 -0.381902 0.924203
    outer loop
      vertex 10 12.0804 26.1843
      vertex 14 12.0078 26.1543
      vertex 14 12.0804 26.1843
    endloop
  endfacet
  facet normal 0 -0.381902 0.924203
    outer loop
      vertex 14 12.0078 26.1543
      vertex 10 12.0804 26.1843
      vertex 10 12.0078 26.1543
    endloop
  endfacet
  facet normal 0 -0.13108 0.991372
    outer loop
      vertex 10 11.8563 26.1137
      vertex 14 11.7784 26.1034
      vertex 14 11.8563 26.1137
    endloop
  endfacet
  facet normal 0 -0.13108 0.991372
    outer loop
      vertex 14 11.7784 26.1034
      vertex 10 11.8563 26.1137
      vertex 10 11.7784 26.1034
    endloop
  endfacet
  facet normal 0 -0.462435 -0.886653
    outer loop
      vertex 10 12.0804 27.8157
      vertex 14 12.15 27.7794
      vertex 14 12.0804 27.8157
    endloop
  endfacet
  facet normal -0 -0.462435 -0.886653
    outer loop
      vertex 14 12.15 27.7794
      vertex 10 12.0804 27.8157
      vertex 10 12.15 27.7794
    endloop
  endfacet
  facet normal 0 -0.300522 -0.953775
    outer loop
      vertex 10 11.9329 27.8693
      vertex 14 12.0078 27.8457
      vertex 14 11.9329 27.8693
    endloop
  endfacet
  facet normal -0 -0.300522 -0.953775
    outer loop
      vertex 14 12.0078 27.8457
      vertex 10 11.9329 27.8693
      vertex 10 12.0078 27.8457
    endloop
  endfacet
  facet normal -0 0.537535 0.843242
    outer loop
      vertex 10 11.25 26.2206
      vertex 14 11.1838 26.2628
      vertex 14 11.25 26.2206
    endloop
  endfacet
  facet normal 0 0.537535 0.843242
    outer loop
      vertex 14 11.1838 26.2628
      vertex 10 11.25 26.2206
      vertex 10 11.1838 26.2628
    endloop
  endfacet
  facet normal 0 -0.462435 0.886653
    outer loop
      vertex 10 12.15 26.2206
      vertex 14 12.0804 26.1843
      vertex 14 12.15 26.2206
    endloop
  endfacet
  facet normal 0 -0.462435 0.886653
    outer loop
      vertex 14 12.0804 26.1843
      vertex 10 12.15 26.2206
      vertex 10 12.0804 26.1843
    endloop
  endfacet
  facet normal 0 0.13108 -0.991372
    outer loop
      vertex 10 11.5437 27.8863
      vertex 14 11.6216 27.8966
      vertex 14 11.5437 27.8863
    endloop
  endfacet
  facet normal 0 0.13108 -0.991372
    outer loop
      vertex 14 11.6216 27.8966
      vertex 10 11.5437 27.8863
      vertex 10 11.6216 27.8966
    endloop
  endfacet
  facet normal 0 -0.381902 -0.924203
    outer loop
      vertex 10 12.0078 27.8457
      vertex 14 12.0804 27.8157
      vertex 14 12.0078 27.8457
    endloop
  endfacet
  facet normal -0 -0.381902 -0.924203
    outer loop
      vertex 14 12.0804 27.8157
      vertex 10 12.0078 27.8457
      vertex 10 12.0804 27.8157
    endloop
  endfacet
  facet normal 0 -0.976247 -0.216661
    outer loop
      vertex 10 12.5863 27.1563
      vertex 14 12.5693 27.2329
      vertex 10 12.5693 27.2329
    endloop
  endfacet
  facet normal 0 -0.976247 -0.216661
    outer loop
      vertex 14 12.5693 27.2329
      vertex 10 12.5863 27.1563
      vertex 14 12.5863 27.1563
    endloop
  endfacet
  facet normal 0 0.793381 0.608726
    outer loop
      vertex 14 11.0106 26.4215
      vertex 10 10.9628 26.4838
      vertex 14 10.9628 26.4838
    endloop
  endfacet
  facet normal 0 0.793381 0.608726
    outer loop
      vertex 10 10.9628 26.4838
      vertex 14 11.0106 26.4215
      vertex 10 11.0106 26.4215
    endloop
  endfacet
  facet normal 0 0.976247 -0.216661
    outer loop
      vertex 14 10.8137 27.1563
      vertex 10 10.8307 27.2329
      vertex 14 10.8307 27.2329
    endloop
  endfacet
  facet normal 0 0.976247 -0.216661
    outer loop
      vertex 10 10.8307 27.2329
      vertex 14 10.8137 27.1563
      vertex 10 10.8137 27.1563
    endloop
  endfacet
  facet normal 0 0.300522 -0.953775
    outer loop
      vertex 10 11.3922 27.8457
      vertex 14 11.4671 27.8693
      vertex 14 11.3922 27.8457
    endloop
  endfacet
  facet normal 0 0.300522 -0.953775
    outer loop
      vertex 14 11.4671 27.8693
      vertex 10 11.3922 27.8457
      vertex 10 11.4671 27.8693
    endloop
  endfacet
  facet normal 0 -0.73763 0.675205
    outer loop
      vertex 10 12.3364 26.3636
      vertex 14 12.3894 26.4215
      vertex 10 12.3894 26.4215
    endloop
  endfacet
  facet normal 0 -0.73763 0.675205
    outer loop
      vertex 14 12.3894 26.4215
      vertex 10 12.3364 26.3636
      vertex 14 12.3364 26.3636
    endloop
  endfacet
  facet normal -0 0.300522 0.953775
    outer loop
      vertex 10 11.4671 26.1307
      vertex 14 11.3922 26.1543
      vertex 14 11.4671 26.1307
    endloop
  endfacet
  facet normal 0 0.300522 0.953775
    outer loop
      vertex 14 11.3922 26.1543
      vertex 10 11.4671 26.1307
      vertex 10 11.3922 26.1543
    endloop
  endfacet
  facet normal 0 0.381902 -0.924203
    outer loop
      vertex 10 11.3196 27.8157
      vertex 14 11.3922 27.8457
      vertex 14 11.3196 27.8157
    endloop
  endfacet
  facet normal 0 0.381902 -0.924203
    outer loop
      vertex 14 11.3922 27.8457
      vertex 10 11.3196 27.8157
      vertex 10 11.3922 27.8457
    endloop
  endfacet
  facet normal 0 0.953775 0.300522
    outer loop
      vertex 14 10.8543 26.6922
      vertex 10 10.8307 26.7671
      vertex 14 10.8307 26.7671
    endloop
  endfacet
  facet normal 0 0.953775 0.300522
    outer loop
      vertex 10 10.8307 26.7671
      vertex 14 10.8543 26.6922
      vertex 10 10.8543 26.6922
    endloop
  endfacet
  facet normal 0 -0.999061 0.0433266
    outer loop
      vertex 10 12.5966 26.9216
      vertex 14 12.6 27
      vertex 10 12.6 27
    endloop
  endfacet
  facet normal 0 -0.999061 0.0433266
    outer loop
      vertex 14 12.6 27
      vertex 10 12.5966 26.9216
      vertex 14 12.5966 26.9216
    endloop
  endfacet
  facet normal 0 0.924203 0.381902
    outer loop
      vertex 14 10.8843 26.6196
      vertex 10 10.8543 26.6922
      vertex 14 10.8543 26.6922
    endloop
  endfacet
  facet normal 0 0.924203 0.381902
    outer loop
      vertex 10 10.8543 26.6922
      vertex 14 10.8843 26.6196
      vertex 10 10.8843 26.6196
    endloop
  endfacet
  facet normal 0 -0.886653 0.462435
    outer loop
      vertex 10 12.4794 26.55
      vertex 14 12.5157 26.6196
      vertex 10 12.5157 26.6196
    endloop
  endfacet
  facet normal 0 -0.886653 0.462435
    outer loop
      vertex 14 12.5157 26.6196
      vertex 10 12.4794 26.55
      vertex 14 12.4794 26.55
    endloop
  endfacet
  facet normal 0 -0.537535 -0.843242
    outer loop
      vertex 10 12.15 27.7794
      vertex 14 12.2162 27.7372
      vertex 14 12.15 27.7794
    endloop
  endfacet
  facet normal -0 -0.537535 -0.843242
    outer loop
      vertex 14 12.2162 27.7372
      vertex 10 12.15 27.7794
      vertex 10 12.2162 27.7372
    endloop
  endfacet
  facet normal 0 0.924203 -0.381902
    outer loop
      vertex 14 10.8543 27.3078
      vertex 10 10.8843 27.3804
      vertex 14 10.8843 27.3804
    endloop
  endfacet
  facet normal 0 0.924203 -0.381902
    outer loop
      vertex 10 10.8843 27.3804
      vertex 14 10.8543 27.3078
      vertex 10 10.8543 27.3078
    endloop
  endfacet
  facet normal 0 0.462435 -0.886653
    outer loop
      vertex 10 11.25 27.7794
      vertex 14 11.3196 27.8157
      vertex 14 11.25 27.7794
    endloop
  endfacet
  facet normal 0 0.462435 -0.886653
    outer loop
      vertex 14 11.3196 27.8157
      vertex 10 11.25 27.7794
      vertex 10 11.3196 27.8157
    endloop
  endfacet
  facet normal 0 -0.300522 0.953775
    outer loop
      vertex 10 12.0078 26.1543
      vertex 14 11.9329 26.1307
      vertex 14 12.0078 26.1543
    endloop
  endfacet
  facet normal 0 -0.300522 0.953775
    outer loop
      vertex 14 11.9329 26.1307
      vertex 10 12.0078 26.1543
      vertex 10 11.9329 26.1307
    endloop
  endfacet
  facet normal 0 -0.991372 0.13108
    outer loop
      vertex 10 12.5863 26.8437
      vertex 14 12.5966 26.9216
      vertex 10 12.5966 26.9216
    endloop
  endfacet
  facet normal 0 -0.991372 0.13108
    outer loop
      vertex 14 12.5966 26.9216
      vertex 10 12.5863 26.8437
      vertex 14 12.5863 26.8437
    endloop
  endfacet
  facet normal -0 0.675205 0.73763
    outer loop
      vertex 10 11.1215 26.3106
      vertex 14 11.0636 26.3636
      vertex 14 11.1215 26.3106
    endloop
  endfacet
  facet normal 0 0.675205 0.73763
    outer loop
      vertex 14 11.0636 26.3636
      vertex 10 11.1215 26.3106
      vertex 10 11.0636 26.3636
    endloop
  endfacet
  facet normal 0 -0.843242 0.537535
    outer loop
      vertex 10 12.4372 26.4838
      vertex 14 12.4794 26.55
      vertex 10 12.4794 26.55
    endloop
  endfacet
  facet normal 0 -0.843242 0.537535
    outer loop
      vertex 14 12.4794 26.55
      vertex 10 12.4372 26.4838
      vertex 14 12.4372 26.4838
    endloop
  endfacet
  facet normal 0 -0.976247 0.216661
    outer loop
      vertex 10 12.5693 26.7671
      vertex 14 12.5863 26.8437
      vertex 10 12.5863 26.8437
    endloop
  endfacet
  facet normal 0 -0.976247 0.216661
    outer loop
      vertex 14 12.5863 26.8437
      vertex 10 12.5693 26.7671
      vertex 14 12.5693 26.7671
    endloop
  endfacet
  facet normal 0 -0.73763 -0.675205
    outer loop
      vertex 10 12.3894 27.5785
      vertex 14 12.3364 27.6364
      vertex 10 12.3364 27.6364
    endloop
  endfacet
  facet normal 0 -0.73763 -0.675205
    outer loop
      vertex 14 12.3364 27.6364
      vertex 10 12.3894 27.5785
      vertex 14 12.3894 27.5785
    endloop
  endfacet
  facet normal 0 -0.0433266 0.999061
    outer loop
      vertex 10 11.7784 26.1034
      vertex 14 11.7 26.1
      vertex 14 11.7784 26.1034
    endloop
  endfacet
  facet normal 0 -0.0433266 0.999061
    outer loop
      vertex 14 11.7 26.1
      vertex 10 11.7784 26.1034
      vertex 10 11.7 26.1
    endloop
  endfacet
  facet normal 0 -0.675205 0.73763
    outer loop
      vertex 10 12.3364 26.3636
      vertex 14 12.2785 26.3106
      vertex 14 12.3364 26.3636
    endloop
  endfacet
  facet normal 0 -0.675205 0.73763
    outer loop
      vertex 14 12.2785 26.3106
      vertex 10 12.3364 26.3636
      vertex 10 12.2785 26.3106
    endloop
  endfacet
  facet normal 0 -0.886653 -0.462435
    outer loop
      vertex 10 12.5157 27.3804
      vertex 14 12.4794 27.45
      vertex 10 12.4794 27.45
    endloop
  endfacet
  facet normal 0 -0.886653 -0.462435
    outer loop
      vertex 14 12.4794 27.45
      vertex 10 12.5157 27.3804
      vertex 14 12.5157 27.3804
    endloop
  endfacet
  facet normal 0 -0.793381 0.608726
    outer loop
      vertex 10 12.3894 26.4215
      vertex 14 12.4372 26.4838
      vertex 10 12.4372 26.4838
    endloop
  endfacet
  facet normal 0 -0.793381 0.608726
    outer loop
      vertex 14 12.4372 26.4838
      vertex 10 12.3894 26.4215
      vertex 14 12.3894 26.4215
    endloop
  endfacet
  facet normal 0 -0.793381 -0.608726
    outer loop
      vertex 10 12.4372 27.5162
      vertex 14 12.3894 27.5785
      vertex 10 12.3894 27.5785
    endloop
  endfacet
  facet normal 0 -0.793381 -0.608726
    outer loop
      vertex 14 12.3894 27.5785
      vertex 10 12.4372 27.5162
      vertex 14 12.4372 27.5162
    endloop
  endfacet
  facet normal 0 0.675205 -0.73763
    outer loop
      vertex 10 11.0636 27.6364
      vertex 14 11.1215 27.6894
      vertex 14 11.0636 27.6364
    endloop
  endfacet
  facet normal 0 0.675205 -0.73763
    outer loop
      vertex 14 11.1215 27.6894
      vertex 10 11.0636 27.6364
      vertex 10 11.1215 27.6894
    endloop
  endfacet
  facet normal 0 0.886653 0.462435
    outer loop
      vertex 14 10.9206 26.55
      vertex 10 10.8843 26.6196
      vertex 14 10.8843 26.6196
    endloop
  endfacet
  facet normal 0 0.886653 0.462435
    outer loop
      vertex 10 10.8843 26.6196
      vertex 14 10.9206 26.55
      vertex 10 10.9206 26.55
    endloop
  endfacet
  facet normal 0 0.608726 -0.793381
    outer loop
      vertex 10 11.1215 27.6894
      vertex 14 11.1838 27.7372
      vertex 14 11.1215 27.6894
    endloop
  endfacet
  facet normal 0 0.608726 -0.793381
    outer loop
      vertex 14 11.1838 27.7372
      vertex 10 11.1215 27.6894
      vertex 10 11.1838 27.7372
    endloop
  endfacet
  facet normal 0 0.73763 -0.675205
    outer loop
      vertex 14 11.0106 27.5785
      vertex 10 11.0636 27.6364
      vertex 14 11.0636 27.6364
    endloop
  endfacet
  facet normal 0 0.73763 -0.675205
    outer loop
      vertex 10 11.0636 27.6364
      vertex 14 11.0106 27.5785
      vertex 10 11.0106 27.5785
    endloop
  endfacet
  facet normal -0 0.0433266 0.999061
    outer loop
      vertex 10 11.7 26.1
      vertex 14 11.6216 26.1034
      vertex 14 11.7 26.1
    endloop
  endfacet
  facet normal 0 0.0433266 0.999061
    outer loop
      vertex 14 11.6216 26.1034
      vertex 10 11.7 26.1
      vertex 10 11.6216 26.1034
    endloop
  endfacet
  facet normal 0 -0.999061 -0.0433266
    outer loop
      vertex 10 12.6 27
      vertex 14 12.5966 27.0784
      vertex 10 12.5966 27.0784
    endloop
  endfacet
  facet normal 0 -0.999061 -0.0433266
    outer loop
      vertex 14 12.5966 27.0784
      vertex 10 12.6 27
      vertex 14 12.6 27
    endloop
  endfacet
  facet normal 0 -0.608726 0.793381
    outer loop
      vertex 10 12.2785 26.3106
      vertex 14 12.2162 26.2628
      vertex 14 12.2785 26.3106
    endloop
  endfacet
  facet normal 0 -0.608726 0.793381
    outer loop
      vertex 14 12.2162 26.2628
      vertex 10 12.2785 26.3106
      vertex 10 12.2162 26.2628
    endloop
  endfacet
  facet normal -0 0.13108 0.991372
    outer loop
      vertex 10 11.6216 26.1034
      vertex 14 11.5437 26.1137
      vertex 14 11.6216 26.1034
    endloop
  endfacet
  facet normal 0 0.13108 0.991372
    outer loop
      vertex 14 11.5437 26.1137
      vertex 10 11.6216 26.1034
      vertex 10 11.5437 26.1137
    endloop
  endfacet
  facet normal 0 -0.953775 0.300522
    outer loop
      vertex 10 12.5457 26.6922
      vertex 14 12.5693 26.7671
      vertex 10 12.5693 26.7671
    endloop
  endfacet
  facet normal 0 -0.953775 0.300522
    outer loop
      vertex 14 12.5693 26.7671
      vertex 10 12.5457 26.6922
      vertex 14 12.5457 26.6922
    endloop
  endfacet
  facet normal 0 -0.675205 -0.73763
    outer loop
      vertex 10 12.2785 27.6894
      vertex 14 12.3364 27.6364
      vertex 14 12.2785 27.6894
    endloop
  endfacet
  facet normal -0 -0.675205 -0.73763
    outer loop
      vertex 14 12.3364 27.6364
      vertex 10 12.2785 27.6894
      vertex 10 12.3364 27.6364
    endloop
  endfacet
  facet normal 0 -0.924203 -0.381902
    outer loop
      vertex 10 12.5457 27.3078
      vertex 14 12.5157 27.3804
      vertex 10 12.5157 27.3804
    endloop
  endfacet
  facet normal 0 -0.924203 -0.381902
    outer loop
      vertex 14 12.5157 27.3804
      vertex 10 12.5457 27.3078
      vertex 14 12.5457 27.3078
    endloop
  endfacet
  facet normal -0 0 1
    outer loop
      vertex 10 37.3 20.6
      vertex 14 13.9 20.6
      vertex 14 37.3 20.6
    endloop
  endfacet
  facet normal 0 0 1
    outer loop
      vertex 14 13.9 20.6
      vertex 10 37.3 20.6
      vertex 10 13.9 20.6
    endloop
  endfacet
  facet normal 0 0 -1
    outer loop
      vertex 10 13.9 33.4
      vertex 14 37.3 33.4
      vertex 14 13.9 33.4
    endloop
  endfacet
  facet normal -0 0 -1
    outer loop
      vertex 14 37.3 33.4
      vertex 10 13.9 33.4
      vertex 10 37.3 33.4
    endloop
  endfacet
  facet normal 0 1 -0
    outer loop
      vertex 14 13.9 20.6
      vertex 10 13.9 33.4
      vertex 14 13.9 33.4
    endloop
  endfacet
  facet normal 0 1 0
    outer loop
      vertex 10 13.9 33.4
      vertex 14 13.9 20.6
      vertex 10 13.9 20.6
    endloop
  endfacet
  facet normal 0 -1 0
    outer loop
      vertex 10 37.3 20.6
      vertex 14 37.3 33.4
      vertex 10 37.3 33.4
    endloop
  endfacet
  facet normal 0 -1 -0
    outer loop
      vertex 14 37.3 33.4
      vertex 10 37.3 20.6
      vertex 14 37.3 20.6
    endloop
  endfacet
  facet normal -0.991383 0 -0.130995
    outer loop
      vertex -24.6053 33 2.62202
      vertex -24.6213 42 2.74311
      vertex -24.6053 42 2.62202
    endloop
  endfacet
  facet normal -0.991383 -0 -0.130995
    outer loop
      vertex -24.6213 42 2.74311
      vertex -24.6053 33 2.62202
      vertex -24.6213 33 2.74311
    endloop
  endfacet
  facet normal -0.999058 0 -0.0433946
    outer loop
      vertex -24.6 33 2.5
      vertex -24.6053 42 2.62202
      vertex -24.6 42 2.5
    endloop
  endfacet
  facet normal -0.999058 -0 -0.0433946
    outer loop
      vertex -24.6053 42 2.62202
      vertex -24.6 33 2.5
      vertex -24.6053 33 2.62202
    endloop
  endfacet
  facet normal -0.976356 0 -0.216167
    outer loop
      vertex -24.6213 33 2.74311
      vertex -24.6477 42 2.86235
      vertex -24.6213 42 2.74311
    endloop
  endfacet
  facet normal -0.976356 -0 -0.216167
    outer loop
      vertex -24.6477 42 2.86235
      vertex -24.6213 33 2.74311
      vertex -24.6477 33 2.86235
    endloop
  endfacet
  facet normal -0.999058 0 0.0433946
    outer loop
      vertex -24.6053 33 2.37798
      vertex -24.6 42 2.5
      vertex -24.6053 42 2.37798
    endloop
  endfacet
  facet normal -0.999058 0 0.0433946
    outer loop
      vertex -24.6 42 2.5
      vertex -24.6053 33 2.37798
      vertex -24.6 33 2.5
    endloop
  endfacet
  facet normal 0.953778 0 -0.300512
    outer loop
      vertex -27.3156 33 2.97883
      vertex -27.3523 42 2.86235
      vertex -27.3156 42 2.97883
    endloop
  endfacet
  facet normal 0.953778 0 -0.300512
    outer loop
      vertex -27.3523 42 2.86235
      vertex -27.3156 33 2.97883
      vertex -27.3523 33 2.86235
    endloop
  endfacet
  facet normal 0.976356 -0 0.216167
    outer loop
      vertex -27.3787 33 2.25689
      vertex -27.3523 42 2.13765
      vertex -27.3787 42 2.25689
    endloop
  endfacet
  facet normal 0.976356 0 0.216167
    outer loop
      vertex -27.3523 42 2.13765
      vertex -27.3787 33 2.25689
      vertex -27.3523 33 2.13765
    endloop
  endfacet
  facet normal 0.793536 0 -0.608523
    outer loop
      vertex -27.0725 33 3.3999
      vertex -27.1468 42 3.30301
      vertex -27.0725 42 3.3999
    endloop
  endfacet
  facet normal 0.793536 0 -0.608523
    outer loop
      vertex -27.1468 42 3.30301
      vertex -27.0725 33 3.3999
      vertex -27.1468 33 3.30301
    endloop
  endfacet
  facet normal -0.737341 0 -0.675521
    outer loop
      vertex -24.9275 33 3.3999
      vertex -25.01 42 3.48995
      vertex -24.9275 42 3.3999
    endloop
  endfacet
  facet normal -0.737341 -0 -0.675521
    outer loop
      vertex -25.01 42 3.48995
      vertex -24.9275 33 3.3999
      vertex -25.01 33 3.48995
    endloop
  endfacet
  facet normal 0.923705 0 -0.383104
    outer loop
      vertex -27.2688 33 3.09167
      vertex -27.3156 42 2.97883
      vertex -27.2688 42 3.09167
    endloop
  endfacet
  facet normal 0.923705 0 -0.383104
    outer loop
      vertex -27.3156 42 2.97883
      vertex -27.2688 33 3.09167
      vertex -27.3156 33 2.97883
    endloop
  endfacet
  facet normal -0.53731 0 0.843385
    outer loop
      vertex -25.3 42 1.28757
      vertex -25.197 33 1.35319
      vertex -25.197 42 1.35319
    endloop
  endfacet
  facet normal -0.53731 0 0.843385
    outer loop
      vertex -25.197 33 1.35319
      vertex -25.3 42 1.28757
      vertex -25.3 33 1.28757
    endloop
  endfacet
  facet normal -0.675361 0 -0.737487
    outer loop
      vertex -25.1001 33 3.57246
      vertex -25.01 42 3.48995
      vertex -25.01 33 3.48995
    endloop
  endfacet
  facet normal -0.675361 0 -0.737487
    outer loop
      vertex -25.01 42 3.48995
      vertex -25.1001 33 3.57246
      vertex -25.1001 42 3.57246
    endloop
  endfacet
  facet normal -0.300689 0 0.953722
    outer loop
      vertex -25.6377 42 1.1477
      vertex -25.5212 33 1.18443
      vertex -25.5212 42 1.18443
    endloop
  endfacet
  facet normal -0.300689 0 0.953722
    outer loop
      vertex -25.5212 33 1.18443
      vertex -25.6377 42 1.1477
      vertex -25.6377 33 1.1477
    endloop
  endfacet
  facet normal -0.991383 0 0.130995
    outer loop
      vertex -24.6213 33 2.25689
      vertex -24.6053 42 2.37798
      vertex -24.6213 42 2.25689
    endloop
  endfacet
  facet normal -0.991383 0 0.130995
    outer loop
      vertex -24.6053 42 2.37798
      vertex -24.6213 33 2.25689
      vertex -24.6053 33 2.37798
    endloop
  endfacet
  facet normal 0.300689 0 0.953722
    outer loop
      vertex -26.4788 42 1.18443
      vertex -26.3623 33 1.1477
      vertex -26.3623 42 1.1477
    endloop
  endfacet
  facet normal 0.300689 0 0.953722
    outer loop
      vertex -26.3623 33 1.1477
      vertex -26.4788 42 1.18443
      vertex -26.4788 33 1.18443
    endloop
  endfacet
  facet normal 0.736933 0 -0.675965
    outer loop
      vertex -26.9899 33 3.48995
      vertex -27.0725 42 3.3999
      vertex -26.9899 42 3.48995
    endloop
  endfacet
  facet normal 0.736933 0 -0.675965
    outer loop
      vertex -27.0725 42 3.3999
      vertex -26.9899 33 3.48995
      vertex -27.0725 33 3.3999
    endloop
  endfacet
  facet normal -0.130501 0 -0.991448
    outer loop
      vertex -25.878 33 3.89467
      vertex -25.7569 42 3.87873
      vertex -25.7569 33 3.87873
    endloop
  endfacet
  facet normal -0.130501 0 -0.991448
    outer loop
      vertex -25.7569 42 3.87873
      vertex -25.878 33 3.89467
      vertex -25.878 42 3.89467
    endloop
  endfacet
  facet normal -0.793536 0 0.608523
    outer loop
      vertex -24.9275 33 1.6001
      vertex -24.8532 42 1.69699
      vertex -24.9275 42 1.6001
    endloop
  endfacet
  facet normal -0.793536 0 0.608523
    outer loop
      vertex -24.8532 42 1.69699
      vertex -24.9275 33 1.6001
      vertex -24.8532 33 1.69699
    endloop
  endfacet
  facet normal -0.953778 0 -0.300512
    outer loop
      vertex -24.6477 33 2.86235
      vertex -24.6844 42 2.97883
      vertex -24.6477 42 2.86235
    endloop
  endfacet
  facet normal -0.953778 -0 -0.300512
    outer loop
      vertex -24.6844 42 2.97883
      vertex -24.6477 33 2.86235
      vertex -24.6844 33 2.97883
    endloop
  endfacet
  facet normal 0.843483 0 -0.537156
    outer loop
      vertex -27.1468 33 3.30301
      vertex -27.2124 42 3.2
      vertex -27.1468 42 3.30301
    endloop
  endfacet
  facet normal 0.843483 0 -0.537156
    outer loop
      vertex -27.2124 42 3.2
      vertex -27.1468 33 3.30301
      vertex -27.2124 33 3.2
    endloop
  endfacet
  facet normal 0.216471 0 0.976289
    outer loop
      vertex -26.3623 42 1.1477
      vertex -26.2431 33 1.12127
      vertex -26.2431 42 1.12127
    endloop
  endfacet
  facet normal 0.216471 0 0.976289
    outer loop
      vertex -26.2431 33 1.12127
      vertex -26.3623 42 1.1477
      vertex -26.3623 33 1.1477
    endloop
  endfacet
  facet normal -0.976356 0 0.216167
    outer loop
      vertex -24.6477 33 2.13765
      vertex -24.6213 42 2.25689
      vertex -24.6477 42 2.13765
    endloop
  endfacet
  facet normal -0.976356 0 0.216167
    outer loop
      vertex -24.6213 42 2.25689
      vertex -24.6477 33 2.13765
      vertex -24.6213 33 2.25689
    endloop
  endfacet
  facet normal 0.46183 0 -0.886969
    outer loop
      vertex -26.7 33 3.71244
      vertex -26.5917 42 3.76883
      vertex -26.5917 33 3.76883
    endloop
  endfacet
  facet normal 0.46183 0 -0.886969
    outer loop
      vertex -26.5917 42 3.76883
      vertex -26.7 33 3.71244
      vertex -26.7 42 3.71244
    endloop
  endfacet
  facet normal -0.923705 0 -0.383104
    outer loop
      vertex -24.6844 33 2.97883
      vertex -24.7312 42 3.09167
      vertex -24.6844 42 2.97883
    endloop
  endfacet
  facet normal -0.923705 -0 -0.383104
    outer loop
      vertex -24.7312 42 3.09167
      vertex -24.6844 33 2.97883
      vertex -24.7312 33 3.09167
    endloop
  endfacet
  facet normal -0.382511 0 -0.923951
    outer loop
      vertex -25.5212 33 3.81557
      vertex -25.4083 42 3.76883
      vertex -25.4083 33 3.76883
    endloop
  endfacet
  facet normal -0.382511 0 -0.923951
    outer loop
      vertex -25.4083 42 3.76883
      vertex -25.5212 33 3.81557
      vertex -25.5212 42 3.81557
    endloop
  endfacet
  facet normal 0.382511 0 -0.923951
    outer loop
      vertex -26.5917 33 3.76883
      vertex -26.4788 42 3.81557
      vertex -26.4788 33 3.81557
    endloop
  endfacet
  facet normal 0.382511 0 -0.923951
    outer loop
      vertex -26.4788 42 3.81557
      vertex -26.5917 33 3.76883
      vertex -26.5917 42 3.76883
    endloop
  endfacet
  facet normal -0.0436469 0 0.999047
    outer loop
      vertex -26 42 1.1
      vertex -25.878 33 1.10533
      vertex -25.878 42 1.10533
    endloop
  endfacet
  facet normal -0.0436469 0 0.999047
    outer loop
      vertex -25.878 33 1.10533
      vertex -26 42 1.1
      vertex -26 33 1.1
    endloop
  endfacet
  facet normal -0.382511 0 0.923951
    outer loop
      vertex -25.5212 42 1.18443
      vertex -25.4083 33 1.23117
      vertex -25.4083 42 1.23117
    endloop
  endfacet
  facet normal -0.382511 0 0.923951
    outer loop
      vertex -25.4083 33 1.23117
      vertex -25.5212 42 1.18443
      vertex -25.5212 33 1.18443
    endloop
  endfacet
  facet normal 0.886987 -0 0.461794
    outer loop
      vertex -27.2688 33 1.90833
      vertex -27.2124 42 1.8
      vertex -27.2688 42 1.90833
    endloop
  endfacet
  facet normal 0.886987 0 0.461794
    outer loop
      vertex -27.2124 42 1.8
      vertex -27.2688 33 1.90833
      vertex -27.2124 33 1.8
    endloop
  endfacet
  facet normal 0.991383 -0 0.130995
    outer loop
      vertex -27.3947 33 2.37798
      vertex -27.3787 42 2.25689
      vertex -27.3947 42 2.37798
    endloop
  endfacet
  facet normal 0.991383 0 0.130995
    outer loop
      vertex -27.3787 42 2.25689
      vertex -27.3947 33 2.37798
      vertex -27.3787 33 2.25689
    endloop
  endfacet
  facet normal -0.130501 0 0.991448
    outer loop
      vertex -25.878 42 1.10533
      vertex -25.7569 33 1.12127
      vertex -25.7569 42 1.12127
    endloop
  endfacet
  facet normal -0.130501 0 0.991448
    outer loop
      vertex -25.7569 33 1.12127
      vertex -25.878 42 1.10533
      vertex -25.878 33 1.10533
    endloop
  endfacet
  facet normal 0.999058 0 -0.0433946
    outer loop
      vertex -27.3947 33 2.62202
      vertex -27.4 42 2.5
      vertex -27.3947 42 2.62202
    endloop
  endfacet
  facet normal 0.999058 0 -0.0433946
    outer loop
      vertex -27.4 42 2.5
      vertex -27.3947 33 2.62202
      vertex -27.4 33 2.5
    endloop
  endfacet
  facet normal 0.675769 0 -0.737113
    outer loop
      vertex -26.9899 33 3.48995
      vertex -26.8999 42 3.57246
      vertex -26.8999 33 3.57246
    endloop
  endfacet
  facet normal 0.675769 0 -0.737113
    outer loop
      vertex -26.8999 42 3.57246
      vertex -26.9899 33 3.48995
      vertex -26.9899 42 3.48995
    endloop
  endfacet
  facet normal -0.843483 0 0.537156
    outer loop
      vertex -24.8532 33 1.69699
      vertex -24.7876 42 1.8
      vertex -24.8532 42 1.69699
    endloop
  endfacet
  facet normal -0.843483 0 0.537156
    outer loop
      vertex -24.7876 42 1.8
      vertex -24.8532 33 1.69699
      vertex -24.7876 33 1.8
    endloop
  endfacet
  facet normal -0.886987 0 0.461794
    outer loop
      vertex -24.7876 33 1.8
      vertex -24.7312 42 1.90833
      vertex -24.7876 42 1.8
    endloop
  endfacet
  facet normal -0.886987 0 0.461794
    outer loop
      vertex -24.7312 42 1.90833
      vertex -24.7876 33 1.8
      vertex -24.7312 33 1.90833
    endloop
  endfacet
  facet normal -0.843483 0 -0.537156
    outer loop
      vertex -24.7876 33 3.2
      vertex -24.8532 42 3.30301
      vertex -24.7876 42 3.2
    endloop
  endfacet
  facet normal -0.843483 -0 -0.537156
    outer loop
      vertex -24.8532 42 3.30301
      vertex -24.7876 33 3.2
      vertex -24.8532 33 3.30301
    endloop
  endfacet
  facet normal -0.793536 0 -0.608523
    outer loop
      vertex -24.8532 33 3.30301
      vertex -24.9275 42 3.3999
      vertex -24.8532 42 3.30301
    endloop
  endfacet
  facet normal -0.793536 -0 -0.608523
    outer loop
      vertex -24.9275 42 3.3999
      vertex -24.8532 33 3.30301
      vertex -24.9275 33 3.3999
    endloop
  endfacet
  facet normal -0.46183 0 -0.886969
    outer loop
      vertex -25.4083 33 3.76883
      vertex -25.3 42 3.71244
      vertex -25.3 33 3.71244
    endloop
  endfacet
  facet normal -0.46183 0 -0.886969
    outer loop
      vertex -25.3 42 3.71244
      vertex -25.4083 33 3.76883
      vertex -25.4083 42 3.76883
    endloop
  endfacet
  facet normal -0.737341 0 0.675521
    outer loop
      vertex -25.01 33 1.51005
      vertex -24.9275 42 1.6001
      vertex -25.01 42 1.51005
    endloop
  endfacet
  facet normal -0.737341 0 0.675521
    outer loop
      vertex -24.9275 42 1.6001
      vertex -25.01 33 1.51005
      vertex -24.9275 33 1.6001
    endloop
  endfacet
  facet normal -0.300689 0 -0.953722
    outer loop
      vertex -25.6377 33 3.8523
      vertex -25.5212 42 3.81557
      vertex -25.5212 33 3.81557
    endloop
  endfacet
  facet normal -0.300689 0 -0.953722
    outer loop
      vertex -25.5212 42 3.81557
      vertex -25.6377 33 3.8523
      vertex -25.6377 42 3.8523
    endloop
  endfacet
  facet normal 0.886987 0 -0.461794
    outer loop
      vertex -27.2124 33 3.2
      vertex -27.2688 42 3.09167
      vertex -27.2124 42 3.2
    endloop
  endfacet
  facet normal 0.886987 0 -0.461794
    outer loop
      vertex -27.2688 42 3.09167
      vertex -27.2124 33 3.2
      vertex -27.2688 33 3.09167
    endloop
  endfacet
  facet normal -0.216471 0 0.976289
    outer loop
      vertex -25.7569 42 1.12127
      vertex -25.6377 33 1.1477
      vertex -25.6377 42 1.1477
    endloop
  endfacet
  facet normal -0.216471 0 0.976289
    outer loop
      vertex -25.6377 33 1.1477
      vertex -25.7569 42 1.12127
      vertex -25.7569 33 1.12127
    endloop
  endfacet
  facet normal 0.843483 -0 0.537156
    outer loop
      vertex -27.2124 33 1.8
      vertex -27.1468 42 1.69699
      vertex -27.2124 42 1.8
    endloop
  endfacet
  facet normal 0.843483 0 0.537156
    outer loop
      vertex -27.1468 42 1.69699
      vertex -27.2124 33 1.8
      vertex -27.1468 33 1.69699
    endloop
  endfacet
  facet normal 0.736933 -0 0.675965
    outer loop
      vertex -27.0725 33 1.6001
      vertex -26.9899 42 1.51005
      vertex -27.0725 42 1.6001
    endloop
  endfacet
  facet normal 0.736933 0 0.675965
    outer loop
      vertex -26.9899 42 1.51005
      vertex -27.0725 33 1.6001
      vertex -26.9899 33 1.51005
    endloop
  endfacet
  facet normal -0.886987 0 -0.461794
    outer loop
      vertex -24.7312 33 3.09167
      vertex -24.7876 42 3.2
      vertex -24.7312 42 3.09167
    endloop
  endfacet
  facet normal -0.886987 -0 -0.461794
    outer loop
      vertex -24.7876 42 3.2
      vertex -24.7312 33 3.09167
      vertex -24.7876 33 3.2
    endloop
  endfacet
  facet normal 0.0436469 0 0.999047
    outer loop
      vertex -26.122 42 1.10533
      vertex -26 33 1.1
      vertex -26 42 1.1
    endloop
  endfacet
  facet normal 0.0436469 0 0.999047
    outer loop
      vertex -26 33 1.1
      vertex -26.122 42 1.10533
      vertex -26.122 33 1.10533
    endloop
  endfacet
  facet normal 0.537368 0 -0.843348
    outer loop
      vertex -26.803 33 3.64681
      vertex -26.7 42 3.71244
      vertex -26.7 33 3.71244
    endloop
  endfacet
  facet normal 0.537368 0 -0.843348
    outer loop
      vertex -26.7 42 3.71244
      vertex -26.803 33 3.64681
      vertex -26.803 42 3.64681
    endloop
  endfacet
  facet normal 0.793536 -0 0.608523
    outer loop
      vertex -27.1468 33 1.69699
      vertex -27.0725 42 1.6001
      vertex -27.1468 42 1.69699
    endloop
  endfacet
  facet normal 0.793536 0 0.608523
    outer loop
      vertex -27.0725 42 1.6001
      vertex -27.1468 33 1.69699
      vertex -27.0725 33 1.6001
    endloop
  endfacet
  facet normal 0.216471 0 -0.976289
    outer loop
      vertex -26.3623 33 3.8523
      vertex -26.2431 42 3.87873
      vertex -26.2431 33 3.87873
    endloop
  endfacet
  facet normal 0.216471 0 -0.976289
    outer loop
      vertex -26.2431 42 3.87873
      vertex -26.3623 33 3.8523
      vertex -26.3623 42 3.8523
    endloop
  endfacet
  facet normal 0.130501 0 -0.991448
    outer loop
      vertex -26.2431 33 3.87873
      vertex -26.122 42 3.89467
      vertex -26.122 33 3.89467
    endloop
  endfacet
  facet normal 0.130501 0 -0.991448
    outer loop
      vertex -26.122 42 3.89467
      vertex -26.2431 33 3.87873
      vertex -26.2431 42 3.87873
    endloop
  endfacet
  facet normal 0.300689 0 -0.953722
    outer loop
      vertex -26.4788 33 3.81557
      vertex -26.3623 42 3.8523
      vertex -26.3623 33 3.8523
    endloop
  endfacet
  facet normal 0.300689 0 -0.953722
    outer loop
      vertex -26.3623 42 3.8523
      vertex -26.4788 33 3.81557
      vertex -26.4788 42 3.81557
    endloop
  endfacet
  facet normal -0.537368 0 -0.843348
    outer loop
      vertex -25.3 33 3.71244
      vertex -25.197 42 3.64681
      vertex -25.197 33 3.64681
    endloop
  endfacet
  facet normal -0.537368 0 -0.843348
    outer loop
      vertex -25.197 42 3.64681
      vertex -25.3 33 3.71244
      vertex -25.3 42 3.71244
    endloop
  endfacet
  facet normal 0.999058 -0 0.0433946
    outer loop
      vertex -27.4 33 2.5
      vertex -27.3947 42 2.37798
      vertex -27.4 42 2.5
    endloop
  endfacet
  facet normal 0.999058 0 0.0433946
    outer loop
      vertex -27.3947 42 2.37798
      vertex -27.4 33 2.5
      vertex -27.3947 33 2.37798
    endloop
  endfacet
  facet normal -0.608741 0 -0.793369
    outer loop
      vertex -25.197 33 3.64681
      vertex -25.1001 42 3.57246
      vertex -25.1001 33 3.57246
    endloop
  endfacet
  facet normal -0.608741 0 -0.793369
    outer loop
      vertex -25.1001 42 3.57246
      vertex -25.197 33 3.64681
      vertex -25.197 42 3.64681
    endloop
  endfacet
  facet normal 0.0436469 0 -0.999047
    outer loop
      vertex -26.122 33 3.89467
      vertex -26 42 3.9
      vertex -26 33 3.9
    endloop
  endfacet
  facet normal 0.0436469 0 -0.999047
    outer loop
      vertex -26 42 3.9
      vertex -26.122 33 3.89467
      vertex -26.122 42 3.89467
    endloop
  endfacet
  facet normal -0.953778 0 0.300512
    outer loop
      vertex -24.6844 33 2.02117
      vertex -24.6477 42 2.13765
      vertex -24.6844 42 2.02117
    endloop
  endfacet
  facet normal -0.953778 0 0.300512
    outer loop
      vertex -24.6477 42 2.13765
      vertex -24.6844 33 2.02117
      vertex -24.6477 33 2.13765
    endloop
  endfacet
  facet normal -0.923705 0 0.383104
    outer loop
      vertex -24.7312 33 1.90833
      vertex -24.6844 42 2.02117
      vertex -24.7312 42 1.90833
    endloop
  endfacet
  facet normal -0.923705 0 0.383104
    outer loop
      vertex -24.6844 42 2.02117
      vertex -24.7312 33 1.90833
      vertex -24.6844 33 2.02117
    endloop
  endfacet
  facet normal 0 1 0
    outer loop
      vertex -25.878 33 3.89467
      vertex -26.122 33 3.89467
      vertex -26 33 3.9
    endloop
  endfacet
  facet normal 0 1 0
    outer loop
      vertex -25.7569 33 3.87873
      vertex -26.122 33 3.89467
      vertex -25.878 33 3.89467
    endloop
  endfacet
  facet normal 0 1 0
    outer loop
      vertex -25.7569 33 3.87873
      vertex -26.2431 33 3.87873
      vertex -26.122 33 3.89467
    endloop
  endfacet
  facet normal 0 1 0
    outer loop
      vertex -25.6377 33 3.8523
      vertex -26.2431 33 3.87873
      vertex -25.7569 33 3.87873
    endloop
  endfacet
  facet normal 0 1 0
    outer loop
      vertex -25.6377 33 3.8523
      vertex -26.3623 33 3.8523
      vertex -26.2431 33 3.87873
    endloop
  endfacet
  facet normal 0 1 0
    outer loop
      vertex -25.5212 33 3.81557
      vertex -26.3623 33 3.8523
      vertex -25.6377 33 3.8523
    endloop
  endfacet
  facet normal 0 1 0
    outer loop
      vertex -25.5212 33 3.81557
      vertex -26.4788 33 3.81557
      vertex -26.3623 33 3.8523
    endloop
  endfacet
  facet normal 0 1 0
    outer loop
      vertex -25.4083 33 3.76883
      vertex -26.4788 33 3.81557
      vertex -25.5212 33 3.81557
    endloop
  endfacet
  facet normal 0 1 0
    outer loop
      vertex -25.4083 33 3.76883
      vertex -26.5917 33 3.76883
      vertex -26.4788 33 3.81557
    endloop
  endfacet
  facet normal 0 1 0
    outer loop
      vertex -25.3 33 3.71244
      vertex -26.5917 33 3.76883
      vertex -25.4083 33 3.76883
    endloop
  endfacet
  facet normal 0 1 0
    outer loop
      vertex -25.3 33 3.71244
      vertex -26.7 33 3.71244
      vertex -26.5917 33 3.76883
    endloop
  endfacet
  facet normal 0 1 0
    outer loop
      vertex -25.197 33 3.64681
      vertex -26.7 33 3.71244
      vertex -25.3 33 3.71244
    endloop
  endfacet
  facet normal 0 1 0
    outer loop
      vertex -25.197 33 3.64681
      vertex -26.803 33 3.64681
      vertex -26.7 33 3.71244
    endloop
  endfacet
  facet normal 0 1 0
    outer loop
      vertex -25.1001 33 3.57246
      vertex -26.803 33 3.64681
      vertex -25.197 33 3.64681
    endloop
  endfacet
  facet normal 0 1 0
    outer loop
      vertex -25.1001 33 3.57246
      vertex -26.8999 33 3.57246
      vertex -26.803 33 3.64681
    endloop
  endfacet
  facet normal 0 1 0
    outer loop
      vertex -25.01 33 3.48995
      vertex -26.8999 33 3.57246
      vertex -25.1001 33 3.57246
    endloop
  endfacet
  facet normal 0 1 0
    outer loop
      vertex -25.01 33 3.48995
      vertex -26.9899 33 3.48995
      vertex -26.8999 33 3.57246
    endloop
  endfacet
  facet normal 0 1 0
    outer loop
      vertex -24.9275 33 3.3999
      vertex -26.9899 33 3.48995
      vertex -25.01 33 3.48995
    endloop
  endfacet
  facet normal 0 1 0
    outer loop
      vertex -24.9275 33 3.3999
      vertex -27.0725 33 3.3999
      vertex -26.9899 33 3.48995
    endloop
  endfacet
  facet normal 0 1 0
    outer loop
      vertex -24.8532 33 3.30301
      vertex -27.0725 33 3.3999
      vertex -24.9275 33 3.3999
    endloop
  endfacet
  facet normal 0 1 0
    outer loop
      vertex -24.8532 33 3.30301
      vertex -27.1468 33 3.30301
      vertex -27.0725 33 3.3999
    endloop
  endfacet
  facet normal 0 1 0
    outer loop
      vertex -24.7876 33 3.2
      vertex -27.1468 33 3.30301
      vertex -24.8532 33 3.30301
    endloop
  endfacet
  facet normal 0 1 0
    outer loop
      vertex -24.7876 33 3.2
      vertex -27.2124 33 3.2
      vertex -27.1468 33 3.30301
    endloop
  endfacet
  facet normal 0 1 0
    outer loop
      vertex -24.7312 33 3.09167
      vertex -27.2124 33 3.2
      vertex -24.7876 33 3.2
    endloop
  endfacet
  facet normal 0 1 0
    outer loop
      vertex -24.7312 33 3.09167
      vertex -27.2688 33 3.09167
      vertex -27.2124 33 3.2
    endloop
  endfacet
  facet normal 0 1 0
    outer loop
      vertex -24.6844 33 2.97883
      vertex -27.2688 33 3.09167
      vertex -24.7312 33 3.09167
    endloop
  endfacet
  facet normal 0 1 0
    outer loop
      vertex -24.6844 33 2.97883
      vertex -27.3156 33 2.97883
      vertex -27.2688 33 3.09167
    endloop
  endfacet
  facet normal 0 1 0
    outer loop
      vertex -24.6477 33 2.86235
      vertex -27.3156 33 2.97883
      vertex -24.6844 33 2.97883
    endloop
  endfacet
  facet normal 0 1 0
    outer loop
      vertex -24.6477 33 2.86235
      vertex -27.3523 33 2.86235
      vertex -27.3156 33 2.97883
    endloop
  endfacet
  facet normal 0 1 0
    outer loop
      vertex -24.6213 33 2.74311
      vertex -27.3523 33 2.86235
      vertex -24.6477 33 2.86235
    endloop
  endfacet
  facet normal 0 1 0
    outer loop
      vertex -24.6213 33 2.74311
      vertex -27.3787 33 2.74311
      vertex -27.3523 33 2.86235
    endloop
  endfacet
  facet normal 0 1 0
    outer loop
      vertex -24.6053 33 2.62202
      vertex -27.3787 33 2.74311
      vertex -24.6213 33 2.74311
    endloop
  endfacet
  facet normal 0 1 0
    outer loop
      vertex -24.6053 33 2.62202
      vertex -27.3947 33 2.62202
      vertex -27.3787 33 2.74311
    endloop
  endfacet
  facet normal 0 1 0
    outer loop
      vertex -24.6 33 2.5
      vertex -27.3947 33 2.62202
      vertex -24.6053 33 2.62202
    endloop
  endfacet
  facet normal 0 1 0
    outer loop
      vertex -24.6 33 2.5
      vertex -27.4 33 2.5
      vertex -27.3947 33 2.62202
    endloop
  endfacet
  facet normal 0 1 -0
    outer loop
      vertex -24.6053 33 2.37798
      vertex -27.4 33 2.5
      vertex -24.6 33 2.5
    endloop
  endfacet
  facet normal 0 1 0
    outer loop
      vertex -24.6053 33 2.37798
      vertex -27.3947 33 2.37798
      vertex -27.4 33 2.5
    endloop
  endfacet
  facet normal 0 1 -0
    outer loop
      vertex -24.6213 33 2.25689
      vertex -27.3947 33 2.37798
      vertex -24.6053 33 2.37798
    endloop
  endfacet
  facet normal 0 1 0
    outer loop
      vertex -24.6213 33 2.25689
      vertex -27.3787 33 2.25689
      vertex -27.3947 33 2.37798
    endloop
  endfacet
  facet normal 0 1 -0
    outer loop
      vertex -24.6477 33 2.13765
      vertex -27.3787 33 2.25689
      vertex -24.6213 33 2.25689
    endloop
  endfacet
  facet normal 0 1 0
    outer loop
      vertex -24.6477 33 2.13765
      vertex -27.3523 33 2.13765
      vertex -27.3787 33 2.25689
    endloop
  endfacet
  facet normal 0 1 -0
    outer loop
      vertex -24.6844 33 2.02117
      vertex -27.3523 33 2.13765
      vertex -24.6477 33 2.13765
    endloop
  endfacet
  facet normal 0 1 0
    outer loop
      vertex -24.6844 33 2.02117
      vertex -27.3156 33 2.02117
      vertex -27.3523 33 2.13765
    endloop
  endfacet
  facet normal 0 1 -0
    outer loop
      vertex -24.7312 33 1.90833
      vertex -27.3156 33 2.02117
      vertex -24.6844 33 2.02117
    endloop
  endfacet
  facet normal 0 1 0
    outer loop
      vertex -24.7312 33 1.90833
      vertex -27.2688 33 1.90833
      vertex -27.3156 33 2.02117
    endloop
  endfacet
  facet normal 0 1 -0
    outer loop
      vertex -24.7876 33 1.8
      vertex -27.2688 33 1.90833
      vertex -24.7312 33 1.90833
    endloop
  endfacet
  facet normal 0 1 0
    outer loop
      vertex -24.7876 33 1.8
      vertex -27.2124 33 1.8
      vertex -27.2688 33 1.90833
    endloop
  endfacet
  facet normal 0 1 -0
    outer loop
      vertex -24.8532 33 1.69699
      vertex -27.2124 33 1.8
      vertex -24.7876 33 1.8
    endloop
  endfacet
  facet normal 0 1 0
    outer loop
      vertex -24.8532 33 1.69699
      vertex -27.1468 33 1.69699
      vertex -27.2124 33 1.8
    endloop
  endfacet
  facet normal 0 1 -0
    outer loop
      vertex -24.9275 33 1.6001
      vertex -27.1468 33 1.69699
      vertex -24.8532 33 1.69699
    endloop
  endfacet
  facet normal 0 1 0
    outer loop
      vertex -24.9275 33 1.6001
      vertex -27.0725 33 1.6001
      vertex -27.1468 33 1.69699
    endloop
  endfacet
  facet normal 0 1 -0
    outer loop
      vertex -25.01 33 1.51005
      vertex -27.0725 33 1.6001
      vertex -24.9275 33 1.6001
    endloop
  endfacet
  facet normal 0 1 0
    outer loop
      vertex -25.01 33 1.51005
      vertex -26.9899 33 1.51005
      vertex -27.0725 33 1.6001
    endloop
  endfacet
  facet normal 0 1 -0
    outer loop
      vertex -25.1001 33 1.42754
      vertex -26.9899 33 1.51005
      vertex -25.01 33 1.51005
    endloop
  endfacet
  facet normal 0 1 0
    outer loop
      vertex -25.1001 33 1.42754
      vertex -26.8999 33 1.42754
      vertex -26.9899 33 1.51005
    endloop
  endfacet
  facet normal 0 1 -0
    outer loop
      vertex -25.197 33 1.35319
      vertex -26.8999 33 1.42754
      vertex -25.1001 33 1.42754
    endloop
  endfacet
  facet normal 0 1 0
    outer loop
      vertex -25.197 33 1.35319
      vertex -26.803 33 1.35319
      vertex -26.8999 33 1.42754
    endloop
  endfacet
  facet normal 0 1 -0
    outer loop
      vertex -25.3 33 1.28757
      vertex -26.803 33 1.35319
      vertex -25.197 33 1.35319
    endloop
  endfacet
  facet normal 0 1 0
    outer loop
      vertex -25.3 33 1.28757
      vertex -26.7 33 1.28757
      vertex -26.803 33 1.35319
    endloop
  endfacet
  facet normal 0 1 -0
    outer loop
      vertex -25.4083 33 1.23117
      vertex -26.7 33 1.28757
      vertex -25.3 33 1.28757
    endloop
  endfacet
  facet normal 0 1 0
    outer loop
      vertex -25.4083 33 1.23117
      vertex -26.5917 33 1.23117
      vertex -26.7 33 1.28757
    endloop
  endfacet
  facet normal 0 1 -0
    outer loop
      vertex -25.5212 33 1.18443
      vertex -26.5917 33 1.23117
      vertex -25.4083 33 1.23117
    endloop
  endfacet
  facet normal 0 1 0
    outer loop
      vertex -25.5212 33 1.18443
      vertex -26.4788 33 1.18443
      vertex -26.5917 33 1.23117
    endloop
  endfacet
  facet normal 0 1 -0
    outer loop
      vertex -25.6377 33 1.1477
      vertex -26.4788 33 1.18443
      vertex -25.5212 33 1.18443
    endloop
  endfacet
  facet normal 0 1 0
    outer loop
      vertex -25.6377 33 1.1477
      vertex -26.3623 33 1.1477
      vertex -26.4788 33 1.18443
    endloop
  endfacet
  facet normal 0 1 -0
    outer loop
      vertex -25.7569 33 1.12127
      vertex -26.3623 33 1.1477
      vertex -25.6377 33 1.1477
    endloop
  endfacet
  facet normal 0 1 0
    outer loop
      vertex -25.7569 33 1.12127
      vertex -26.2431 33 1.12127
      vertex -26.3623 33 1.1477
    endloop
  endfacet
  facet normal 0 1 -0
    outer loop
      vertex -25.878 33 1.10533
      vertex -26.2431 33 1.12127
      vertex -25.7569 33 1.12127
    endloop
  endfacet
  facet normal 0 1 0
    outer loop
      vertex -25.878 33 1.10533
      vertex -26.122 33 1.10533
      vertex -26.2431 33 1.12127
    endloop
  endfacet
  facet normal -0 1 0
    outer loop
      vertex -26.122 33 1.10533
      vertex -25.878 33 1.10533
      vertex -26 33 1.1
    endloop
  endfacet
  facet normal 0.953778 -0 0.300512
    outer loop
      vertex -27.3523 33 2.13765
      vertex -27.3156 42 2.02117
      vertex -27.3523 42 2.13765
    endloop
  endfacet
  facet normal 0.953778 0 0.300512
    outer loop
      vertex -27.3156 42 2.02117
      vertex -27.3523 33 2.13765
      vertex -27.3156 33 2.02117
    endloop
  endfacet
  facet normal -0.461894 0 0.886935
    outer loop
      vertex -25.4083 42 1.23117
      vertex -25.3 33 1.28757
      vertex -25.3 42 1.28757
    endloop
  endfacet
  facet normal -0.461894 0 0.886935
    outer loop
      vertex -25.3 33 1.28757
      vertex -25.4083 42 1.23117
      vertex -25.4083 33 1.23117
    endloop
  endfacet
  facet normal 0.608741 0 0.793369
    outer loop
      vertex -26.8999 42 1.42754
      vertex -26.803 33 1.35319
      vertex -26.803 42 1.35319
    endloop
  endfacet
  facet normal 0.608741 0 0.793369
    outer loop
      vertex -26.803 33 1.35319
      vertex -26.8999 42 1.42754
      vertex -26.8999 33 1.42754
    endloop
  endfacet
  facet normal 0.976356 0 -0.216167
    outer loop
      vertex -27.3523 33 2.86235
      vertex -27.3787 42 2.74311
      vertex -27.3523 42 2.86235
    endloop
  endfacet
  facet normal 0.976356 0 -0.216167
    outer loop
      vertex -27.3787 42 2.74311
      vertex -27.3523 33 2.86235
      vertex -27.3787 33 2.74311
    endloop
  endfacet
  facet normal -0.0436469 0 -0.999047
    outer loop
      vertex -26 33 3.9
      vertex -25.878 42 3.89467
      vertex -25.878 33 3.89467
    endloop
  endfacet
  facet normal -0.0436469 0 -0.999047
    outer loop
      vertex -25.878 42 3.89467
      vertex -26 33 3.9
      vertex -26 42 3.9
    endloop
  endfacet
  facet normal 0.461894 0 0.886935
    outer loop
      vertex -26.7 42 1.28757
      vertex -26.5917 33 1.23117
      vertex -26.5917 42 1.23117
    endloop
  endfacet
  facet normal 0.461894 0 0.886935
    outer loop
      vertex -26.5917 33 1.23117
      vertex -26.7 42 1.28757
      vertex -26.7 33 1.28757
    endloop
  endfacet
  facet normal 0.130501 0 0.991448
    outer loop
      vertex -26.2431 42 1.12127
      vertex -26.122 33 1.10533
      vertex -26.122 42 1.10533
    endloop
  endfacet
  facet normal 0.130501 0 0.991448
    outer loop
      vertex -26.122 33 1.10533
      vertex -26.2431 42 1.12127
      vertex -26.2431 33 1.12127
    endloop
  endfacet
  facet normal -0.675361 0 0.737487
    outer loop
      vertex -25.1001 42 1.42754
      vertex -25.01 33 1.51005
      vertex -25.01 42 1.51005
    endloop
  endfacet
  facet normal -0.675361 0 0.737487
    outer loop
      vertex -25.01 33 1.51005
      vertex -25.1001 42 1.42754
      vertex -25.1001 33 1.42754
    endloop
  endfacet
  facet normal -0.608741 0 0.793369
    outer loop
      vertex -25.197 42 1.35319
      vertex -25.1001 33 1.42754
      vertex -25.1001 42 1.42754
    endloop
  endfacet
  facet normal -0.608741 0 0.793369
    outer loop
      vertex -25.1001 33 1.42754
      vertex -25.197 42 1.35319
      vertex -25.197 33 1.35319
    endloop
  endfacet
  facet normal -0.216471 0 -0.976289
    outer loop
      vertex -25.7569 33 3.87873
      vertex -25.6377 42 3.8523
      vertex -25.6377 33 3.8523
    endloop
  endfacet
  facet normal -0.216471 0 -0.976289
    outer loop
      vertex -25.6377 42 3.8523
      vertex -25.7569 33 3.87873
      vertex -25.7569 42 3.87873
    endloop
  endfacet
  facet normal 0.991383 0 -0.130995
    outer loop
      vertex -27.3787 33 2.74311
      vertex -27.3947 42 2.62202
      vertex -27.3787 42 2.74311
    endloop
  endfacet
  facet normal 0.991383 0 -0.130995
    outer loop
      vertex -27.3947 42 2.62202
      vertex -27.3787 33 2.74311
      vertex -27.3947 33 2.62202
    endloop
  endfacet
  facet normal 0.608741 0 -0.793369
    outer loop
      vertex -26.8999 33 3.57246
      vertex -26.803 42 3.64681
      vertex -26.803 33 3.64681
    endloop
  endfacet
  facet normal 0.608741 0 -0.793369
    outer loop
      vertex -26.803 42 3.64681
      vertex -26.8999 33 3.57246
      vertex -26.8999 42 3.57246
    endloop
  endfacet
  facet normal 0.675769 0 0.737113
    outer loop
      vertex -26.9899 42 1.51005
      vertex -26.8999 33 1.42754
      vertex -26.8999 42 1.42754
    endloop
  endfacet
  facet normal 0.675769 0 0.737113
    outer loop
      vertex -26.8999 33 1.42754
      vertex -26.9899 42 1.51005
      vertex -26.9899 33 1.51005
    endloop
  endfacet
  facet normal 0.382511 0 0.923951
    outer loop
      vertex -26.5917 42 1.23117
      vertex -26.4788 33 1.18443
      vertex -26.4788 42 1.18443
    endloop
  endfacet
  facet normal 0.382511 0 0.923951
    outer loop
      vertex -26.4788 33 1.18443
      vertex -26.5917 42 1.23117
      vertex -26.5917 33 1.23117
    endloop
  endfacet
  facet normal 0.53731 0 0.843385
    outer loop
      vertex -26.803 42 1.35319
      vertex -26.7 33 1.28757
      vertex -26.7 42 1.28757
    endloop
  endfacet
  facet normal 0.53731 0 0.843385
    outer loop
      vertex -26.7 33 1.28757
      vertex -26.803 42 1.35319
      vertex -26.803 33 1.35319
    endloop
  endfacet
  facet normal 0.923705 -0 0.383104
    outer loop
      vertex -27.3156 33 2.02117
      vertex -27.2688 42 1.90833
      vertex -27.3156 42 2.02117
    endloop
  endfacet
  facet normal 0.923705 0 0.383104
    outer loop
      vertex -27.2688 42 1.90833
      vertex -27.3156 33 2.02117
      vertex -27.2688 33 1.90833
    endloop
  endfacet
  facet normal -0.60878 0 0.793339
    outer loop
      vertex -5.19699 42 1.35319
      vertex -5.1001 33 1.42754
      vertex -5.1001 42 1.42754
    endloop
  endfacet
  facet normal -0.60878 0 0.793339
    outer loop
      vertex -5.1001 33 1.42754
      vertex -5.19699 42 1.35319
      vertex -5.19699 33 1.35319
    endloop
  endfacet
  facet normal -0.991447 0 -0.130512
    outer loop
      vertex -4.60533 33 2.62202
      vertex -4.62127 42 2.74311
      vertex -4.60533 42 2.62202
    endloop
  endfacet
  facet normal -0.991447 -0 -0.130512
    outer loop
      vertex -4.62127 42 2.74311
      vertex -4.60533 33 2.62202
      vertex -4.62127 33 2.74311
    endloop
  endfacet
  facet normal -0.999047 0 -0.0436397
    outer loop
      vertex -4.6 33 2.5
      vertex -4.60533 42 2.62202
      vertex -4.6 42 2.5
    endloop
  endfacet
  facet normal -0.999047 -0 -0.0436397
    outer loop
      vertex -4.60533 42 2.62202
      vertex -4.6 33 2.5
      vertex -4.60533 33 2.62202
    endloop
  endfacet
  facet normal -0.976304 0 -0.216402
    outer loop
      vertex -4.62127 33 2.74311
      vertex -4.6477 42 2.86235
      vertex -4.62127 42 2.74311
    endloop
  endfacet
  facet normal -0.976304 -0 -0.216402
    outer loop
      vertex -4.6477 42 2.86235
      vertex -4.62127 33 2.74311
      vertex -4.6477 33 2.86235
    endloop
  endfacet
  facet normal -0.999047 0 0.0436397
    outer loop
      vertex -4.60533 33 2.37798
      vertex -4.6 42 2.5
      vertex -4.60533 42 2.37798
    endloop
  endfacet
  facet normal -0.999047 0 0.0436397
    outer loop
      vertex -4.6 42 2.5
      vertex -4.60533 33 2.37798
      vertex -4.6 33 2.5
    endloop
  endfacet
  facet normal 0.953708 0 -0.300736
    outer loop
      vertex -7.31557 33 2.97883
      vertex -7.3523 42 2.86235
      vertex -7.31557 42 2.97883
    endloop
  endfacet
  facet normal 0.953708 0 -0.300736
    outer loop
      vertex -7.3523 42 2.86235
      vertex -7.31557 33 2.97883
      vertex -7.3523 33 2.86235
    endloop
  endfacet
  facet normal 0.976304 -0 0.216402
    outer loop
      vertex -7.37873 33 2.25689
      vertex -7.3523 42 2.13765
      vertex -7.37873 42 2.25689
    endloop
  endfacet
  facet normal 0.976304 0 0.216402
    outer loop
      vertex -7.3523 42 2.13765
      vertex -7.37873 33 2.25689
      vertex -7.3523 33 2.13765
    endloop
  endfacet
  facet normal 0.793339 0 -0.60878
    outer loop
      vertex -7.07246 33 3.3999
      vertex -7.14681 42 3.30301
      vertex -7.07246 42 3.3999
    endloop
  endfacet
  facet normal 0.793339 0 -0.60878
    outer loop
      vertex -7.14681 42 3.30301
      vertex -7.07246 33 3.3999
      vertex -7.14681 33 3.30301
    endloop
  endfacet
  facet normal -0.7373 0 -0.675565
    outer loop
      vertex -4.92754 33 3.3999
      vertex -5.01005 42 3.48995
      vertex -4.92754 42 3.3999
    endloop
  endfacet
  facet normal -0.7373 -0 -0.675565
    outer loop
      vertex -5.01005 42 3.48995
      vertex -4.92754 33 3.3999
      vertex -5.01005 33 3.48995
    endloop
  endfacet
  facet normal 0.923879 0 -0.382684
    outer loop
      vertex -7.26883 33 3.09167
      vertex -7.31557 42 2.97883
      vertex -7.26883 42 3.09167
    endloop
  endfacet
  facet normal 0.923879 0 -0.382684
    outer loop
      vertex -7.31557 42 2.97883
      vertex -7.26883 33 3.09167
      vertex -7.31557 33 2.97883
    endloop
  endfacet
  facet normal -0.537273 0 0.843409
    outer loop
      vertex -5.3 42 1.28757
      vertex -5.19699 33 1.35319
      vertex -5.19699 42 1.35319
    endloop
  endfacet
  facet normal -0.537273 0 0.843409
    outer loop
      vertex -5.19699 33 1.35319
      vertex -5.3 42 1.28757
      vertex -5.3 33 1.28757
    endloop
  endfacet
  facet normal -0.675565 0 -0.7373
    outer loop
      vertex -5.1001 33 3.57246
      vertex -5.01005 42 3.48995
      vertex -5.01005 33 3.48995
    endloop
  endfacet
  facet normal -0.675565 0 -0.7373
    outer loop
      vertex -5.01005 42 3.48995
      vertex -5.1001 33 3.57246
      vertex -5.1001 42 3.57246
    endloop
  endfacet
  facet normal -0.300736 0 0.953708
    outer loop
      vertex -5.63765 42 1.1477
      vertex -5.52117 33 1.18443
      vertex -5.52117 42 1.18443
    endloop
  endfacet
  facet normal -0.300736 0 0.953708
    outer loop
      vertex -5.52117 33 1.18443
      vertex -5.63765 42 1.1477
      vertex -5.63765 33 1.1477
    endloop
  endfacet
  facet normal -0.991447 0 0.130512
    outer loop
      vertex -4.62127 33 2.25689
      vertex -4.60533 42 2.37798
      vertex -4.62127 42 2.25689
    endloop
  endfacet
  facet normal -0.991447 0 0.130512
    outer loop
      vertex -4.60533 42 2.37798
      vertex -4.62127 33 2.25689
      vertex -4.60533 33 2.37798
    endloop
  endfacet
  facet normal 0.300736 0 0.953708
    outer loop
      vertex -6.47883 42 1.18443
      vertex -6.36235 33 1.1477
      vertex -6.36235 42 1.1477
    endloop
  endfacet
  facet normal 0.300736 0 0.953708
    outer loop
      vertex -6.36235 33 1.1477
      vertex -6.47883 42 1.18443
      vertex -6.47883 33 1.18443
    endloop
  endfacet
  facet normal 0.7373 0 -0.675565
    outer loop
      vertex -6.98995 33 3.48995
      vertex -7.07246 42 3.3999
      vertex -6.98995 42 3.48995
    endloop
  endfacet
  facet normal 0.7373 0 -0.675565
    outer loop
      vertex -7.07246 42 3.3999
      vertex -6.98995 33 3.48995
      vertex -7.07246 33 3.3999
    endloop
  endfacet
  facet normal -0.130512 0 -0.991447
    outer loop
      vertex -5.87798 33 3.89467
      vertex -5.75689 42 3.87873
      vertex -5.75689 33 3.87873
    endloop
  endfacet
  facet normal -0.130512 0 -0.991447
    outer loop
      vertex -5.75689 42 3.87873
      vertex -5.87798 33 3.89467
      vertex -5.87798 42 3.89467
    endloop
  endfacet
  facet normal -0.793339 0 0.60878
    outer loop
      vertex -4.92754 33 1.6001
      vertex -4.85319 42 1.69699
      vertex -4.92754 42 1.6001
    endloop
  endfacet
  facet normal -0.793339 0 0.60878
    outer loop
      vertex -4.85319 42 1.69699
      vertex -4.92754 33 1.6001
      vertex -4.85319 33 1.69699
    endloop
  endfacet
  facet normal -0.953708 0 -0.300736
    outer loop
      vertex -4.6477 33 2.86235
      vertex -4.68443 42 2.97883
      vertex -4.6477 42 2.86235
    endloop
  endfacet
  facet normal -0.953708 -0 -0.300736
    outer loop
      vertex -4.68443 42 2.97883
      vertex -4.6477 33 2.86235
      vertex -4.68443 33 2.97883
    endloop
  endfacet
  facet normal 0.843409 0 -0.537273
    outer loop
      vertex -7.14681 33 3.30301
      vertex -7.21243 42 3.2
      vertex -7.14681 42 3.30301
    endloop
  endfacet
  facet normal 0.843409 0 -0.537273
    outer loop
      vertex -7.21243 42 3.2
      vertex -7.14681 33 3.30301
      vertex -7.21243 33 3.2
    endloop
  endfacet
  facet normal 0.216402 0 0.976304
    outer loop
      vertex -6.36235 42 1.1477
      vertex -6.24311 33 1.12127
      vertex -6.24311 42 1.12127
    endloop
  endfacet
  facet normal 0.216402 0 0.976304
    outer loop
      vertex -6.24311 33 1.12127
      vertex -6.36235 42 1.1477
      vertex -6.36235 33 1.1477
    endloop
  endfacet
  facet normal -0.976304 0 0.216402
    outer loop
      vertex -4.6477 33 2.13765
      vertex -4.62127 42 2.25689
      vertex -4.6477 42 2.13765
    endloop
  endfacet
  facet normal -0.976304 0 0.216402
    outer loop
      vertex -4.62127 42 2.25689
      vertex -4.6477 33 2.13765
      vertex -4.62127 33 2.25689
    endloop
  endfacet
  facet normal 0.461729 0 -0.887021
    outer loop
      vertex -6.7 33 3.71244
      vertex -6.59167 42 3.76883
      vertex -6.59167 33 3.76883
    endloop
  endfacet
  facet normal 0.461729 0 -0.887021
    outer loop
      vertex -6.59167 42 3.76883
      vertex -6.7 33 3.71244
      vertex -6.7 42 3.71244
    endloop
  endfacet
  facet normal -0.923879 0 -0.382684
    outer loop
      vertex -4.68443 33 2.97883
      vertex -4.73117 42 3.09167
      vertex -4.68443 42 2.97883
    endloop
  endfacet
  facet normal -0.923879 -0 -0.382684
    outer loop
      vertex -4.73117 42 3.09167
      vertex -4.68443 33 2.97883
      vertex -4.73117 33 3.09167
    endloop
  endfacet
  facet normal -0.382684 0 -0.923879
    outer loop
      vertex -5.52117 33 3.81557
      vertex -5.40833 42 3.76883
      vertex -5.40833 33 3.76883
    endloop
  endfacet
  facet normal -0.382684 0 -0.923879
    outer loop
      vertex -5.40833 42 3.76883
      vertex -5.52117 33 3.81557
      vertex -5.52117 42 3.81557
    endloop
  endfacet
  facet normal 0.382684 0 -0.923879
    outer loop
      vertex -6.59167 33 3.76883
      vertex -6.47883 42 3.81557
      vertex -6.47883 33 3.81557
    endloop
  endfacet
  facet normal 0.382684 0 -0.923879
    outer loop
      vertex -6.47883 42 3.81557
      vertex -6.59167 33 3.76883
      vertex -6.59167 42 3.76883
    endloop
  endfacet
  facet normal -0.0436397 0 0.999047
    outer loop
      vertex -6 42 1.1
      vertex -5.87798 33 1.10533
      vertex -5.87798 42 1.10533
    endloop
  endfacet
  facet normal -0.0436397 0 0.999047
    outer loop
      vertex -5.87798 33 1.10533
      vertex -6 42 1.1
      vertex -6 33 1.1
    endloop
  endfacet
  facet normal -0.382684 0 0.923879
    outer loop
      vertex -5.52117 42 1.18443
      vertex -5.40833 33 1.23117
      vertex -5.40833 42 1.23117
    endloop
  endfacet
  facet normal -0.382684 0 0.923879
    outer loop
      vertex -5.40833 33 1.23117
      vertex -5.52117 42 1.18443
      vertex -5.52117 33 1.18443
    endloop
  endfacet
  facet normal 0.886987 -0 0.461794
    outer loop
      vertex -7.26883 33 1.90833
      vertex -7.21243 42 1.8
      vertex -7.26883 42 1.90833
    endloop
  endfacet
  facet normal 0.886987 0 0.461794
    outer loop
      vertex -7.21243 42 1.8
      vertex -7.26883 33 1.90833
      vertex -7.21243 33 1.8
    endloop
  endfacet
  facet normal 0.991447 -0 0.130512
    outer loop
      vertex -7.39467 33 2.37798
      vertex -7.37873 42 2.25689
      vertex -7.39467 42 2.37798
    endloop
  endfacet
  facet normal 0.991447 0 0.130512
    outer loop
      vertex -7.37873 42 2.25689
      vertex -7.39467 33 2.37798
      vertex -7.37873 33 2.25689
    endloop
  endfacet
  facet normal -0.130512 0 0.991447
    outer loop
      vertex -5.87798 42 1.10533
      vertex -5.75689 33 1.12127
      vertex -5.75689 42 1.12127
    endloop
  endfacet
  facet normal -0.130512 0 0.991447
    outer loop
      vertex -5.75689 33 1.12127
      vertex -5.87798 42 1.10533
      vertex -5.87798 33 1.10533
    endloop
  endfacet
  facet normal 0.999047 0 -0.0436397
    outer loop
      vertex -7.39467 33 2.62202
      vertex -7.4 42 2.5
      vertex -7.39467 42 2.62202
    endloop
  endfacet
  facet normal 0.999047 0 -0.0436397
    outer loop
      vertex -7.4 42 2.5
      vertex -7.39467 33 2.62202
      vertex -7.4 33 2.5
    endloop
  endfacet
  facet normal 0.675565 0 -0.7373
    outer loop
      vertex -6.98995 33 3.48995
      vertex -6.8999 42 3.57246
      vertex -6.8999 33 3.57246
    endloop
  endfacet
  facet normal 0.675565 0 -0.7373
    outer loop
      vertex -6.8999 42 3.57246
      vertex -6.98995 33 3.48995
      vertex -6.98995 42 3.48995
    endloop
  endfacet
  facet normal -0.843371 0 0.537331
    outer loop
      vertex -4.85319 33 1.69699
      vertex -4.78756 42 1.8
      vertex -4.85319 42 1.69699
    endloop
  endfacet
  facet normal -0.843371 0 0.537331
    outer loop
      vertex -4.78756 42 1.8
      vertex -4.85319 33 1.69699
      vertex -4.78756 33 1.8
    endloop
  endfacet
  facet normal -0.887021 0 0.461729
    outer loop
      vertex -4.78756 33 1.8
      vertex -4.73117 42 1.90833
      vertex -4.78756 42 1.8
    endloop
  endfacet
  facet normal -0.887021 0 0.461729
    outer loop
      vertex -4.73117 42 1.90833
      vertex -4.78756 33 1.8
      vertex -4.73117 33 1.90833
    endloop
  endfacet
  facet normal -0.843371 0 -0.537331
    outer loop
      vertex -4.78756 33 3.2
      vertex -4.85319 42 3.30301
      vertex -4.78756 42 3.2
    endloop
  endfacet
  facet normal -0.843371 -0 -0.537331
    outer loop
      vertex -4.85319 42 3.30301
      vertex -4.78756 33 3.2
      vertex -4.85319 33 3.30301
    endloop
  endfacet
  facet normal -0.793339 0 -0.60878
    outer loop
      vertex -4.85319 33 3.30301
      vertex -4.92754 42 3.3999
      vertex -4.85319 42 3.30301
    endloop
  endfacet
  facet normal -0.793339 -0 -0.60878
    outer loop
      vertex -4.92754 42 3.3999
      vertex -4.85319 33 3.30301
      vertex -4.92754 33 3.3999
    endloop
  endfacet
  facet normal -0.461729 0 -0.887021
    outer loop
      vertex -5.40833 33 3.76883
      vertex -5.3 42 3.71244
      vertex -5.3 33 3.71244
    endloop
  endfacet
  facet normal -0.461729 0 -0.887021
    outer loop
      vertex -5.3 42 3.71244
      vertex -5.40833 33 3.76883
      vertex -5.40833 42 3.76883
    endloop
  endfacet
  facet normal -0.7373 0 0.675565
    outer loop
      vertex -5.01005 33 1.51005
      vertex -4.92754 42 1.6001
      vertex -5.01005 42 1.51005
    endloop
  endfacet
  facet normal -0.7373 0 0.675565
    outer loop
      vertex -4.92754 42 1.6001
      vertex -5.01005 33 1.51005
      vertex -4.92754 33 1.6001
    endloop
  endfacet
  facet normal -0.300736 0 -0.953708
    outer loop
      vertex -5.63765 33 3.8523
      vertex -5.52117 42 3.81557
      vertex -5.52117 33 3.81557
    endloop
  endfacet
  facet normal -0.300736 0 -0.953708
    outer loop
      vertex -5.52117 42 3.81557
      vertex -5.63765 33 3.8523
      vertex -5.63765 42 3.8523
    endloop
  endfacet
  facet normal 0.886987 0 -0.461794
    outer loop
      vertex -7.21243 33 3.2
      vertex -7.26883 42 3.09167
      vertex -7.21243 42 3.2
    endloop
  endfacet
  facet normal 0.886987 0 -0.461794
    outer loop
      vertex -7.26883 42 3.09167
      vertex -7.21243 33 3.2
      vertex -7.26883 33 3.09167
    endloop
  endfacet
  facet normal -0.216402 0 0.976304
    outer loop
      vertex -5.75689 42 1.12127
      vertex -5.63765 33 1.1477
      vertex -5.63765 42 1.1477
    endloop
  endfacet
  facet normal -0.216402 0 0.976304
    outer loop
      vertex -5.63765 33 1.1477
      vertex -5.75689 42 1.12127
      vertex -5.75689 33 1.12127
    endloop
  endfacet
  facet normal 0.843409 -0 0.537273
    outer loop
      vertex -7.21243 33 1.8
      vertex -7.14681 42 1.69699
      vertex -7.21243 42 1.8
    endloop
  endfacet
  facet normal 0.843409 0 0.537273
    outer loop
      vertex -7.14681 42 1.69699
      vertex -7.21243 33 1.8
      vertex -7.14681 33 1.69699
    endloop
  endfacet
  facet normal 0.7373 -0 0.675565
    outer loop
      vertex -7.07246 33 1.6001
      vertex -6.98995 42 1.51005
      vertex -7.07246 42 1.6001
    endloop
  endfacet
  facet normal 0.7373 0 0.675565
    outer loop
      vertex -6.98995 42 1.51005
      vertex -7.07246 33 1.6001
      vertex -6.98995 33 1.51005
    endloop
  endfacet
  facet normal -0.887021 0 -0.461729
    outer loop
      vertex -4.73117 33 3.09167
      vertex -4.78756 42 3.2
      vertex -4.73117 42 3.09167
    endloop
  endfacet
  facet normal -0.887021 -0 -0.461729
    outer loop
      vertex -4.78756 42 3.2
      vertex -4.73117 33 3.09167
      vertex -4.78756 33 3.2
    endloop
  endfacet
  facet normal 0.0436397 0 0.999047
    outer loop
      vertex -6.12202 42 1.10533
      vertex -6 33 1.1
      vertex -6 42 1.1
    endloop
  endfacet
  facet normal 0.0436397 0 0.999047
    outer loop
      vertex -6 33 1.1
      vertex -6.12202 42 1.10533
      vertex -6.12202 33 1.10533
    endloop
  endfacet
  facet normal 0.537331 0 -0.843371
    outer loop
      vertex -6.80301 33 3.64681
      vertex -6.7 42 3.71244
      vertex -6.7 33 3.71244
    endloop
  endfacet
  facet normal 0.537331 0 -0.843371
    outer loop
      vertex -6.7 42 3.71244
      vertex -6.80301 33 3.64681
      vertex -6.80301 42 3.64681
    endloop
  endfacet
  facet normal 0.793339 -0 0.60878
    outer loop
      vertex -7.14681 33 1.69699
      vertex -7.07246 42 1.6001
      vertex -7.14681 42 1.69699
    endloop
  endfacet
  facet normal 0.793339 0 0.60878
    outer loop
      vertex -7.07246 42 1.6001
      vertex -7.14681 33 1.69699
      vertex -7.07246 33 1.6001
    endloop
  endfacet
  facet normal 0.216402 0 -0.976304
    outer loop
      vertex -6.36235 33 3.8523
      vertex -6.24311 42 3.87873
      vertex -6.24311 33 3.87873
    endloop
  endfacet
  facet normal 0.216402 0 -0.976304
    outer loop
      vertex -6.24311 42 3.87873
      vertex -6.36235 33 3.8523
      vertex -6.36235 42 3.8523
    endloop
  endfacet
  facet normal 0.130512 0 -0.991447
    outer loop
      vertex -6.24311 33 3.87873
      vertex -6.12202 42 3.89467
      vertex -6.12202 33 3.89467
    endloop
  endfacet
  facet normal 0.130512 0 -0.991447
    outer loop
      vertex -6.12202 42 3.89467
      vertex -6.24311 33 3.87873
      vertex -6.24311 42 3.87873
    endloop
  endfacet
  facet normal 0.300736 0 -0.953708
    outer loop
      vertex -6.47883 33 3.81557
      vertex -6.36235 42 3.8523
      vertex -6.36235 33 3.8523
    endloop
  endfacet
  facet normal 0.300736 0 -0.953708
    outer loop
      vertex -6.36235 42 3.8523
      vertex -6.47883 33 3.81557
      vertex -6.47883 42 3.81557
    endloop
  endfacet
  facet normal -0.537331 0 -0.843371
    outer loop
      vertex -5.3 33 3.71244
      vertex -5.19699 42 3.64681
      vertex -5.19699 33 3.64681
    endloop
  endfacet
  facet normal -0.537331 0 -0.843371
    outer loop
      vertex -5.19699 42 3.64681
      vertex -5.3 33 3.71244
      vertex -5.3 42 3.71244
    endloop
  endfacet
  facet normal 0.999047 -0 0.0436397
    outer loop
      vertex -7.4 33 2.5
      vertex -7.39467 42 2.37798
      vertex -7.4 42 2.5
    endloop
  endfacet
  facet normal 0.999047 0 0.0436397
    outer loop
      vertex -7.39467 42 2.37798
      vertex -7.4 33 2.5
      vertex -7.39467 33 2.37798
    endloop
  endfacet
  facet normal -0.60878 0 -0.793339
    outer loop
      vertex -5.19699 33 3.64681
      vertex -5.1001 42 3.57246
      vertex -5.1001 33 3.57246
    endloop
  endfacet
  facet normal -0.60878 0 -0.793339
    outer loop
      vertex -5.1001 42 3.57246
      vertex -5.19699 33 3.64681
      vertex -5.19699 42 3.64681
    endloop
  endfacet
  facet normal 0.0436397 0 -0.999047
    outer loop
      vertex -6.12202 33 3.89467
      vertex -6 42 3.9
      vertex -6 33 3.9
    endloop
  endfacet
  facet normal 0.0436397 0 -0.999047
    outer loop
      vertex -6 42 3.9
      vertex -6.12202 33 3.89467
      vertex -6.12202 42 3.89467
    endloop
  endfacet
  facet normal -0.953708 0 0.300736
    outer loop
      vertex -4.68443 33 2.02117
      vertex -4.6477 42 2.13765
      vertex -4.68443 42 2.02117
    endloop
  endfacet
  facet normal -0.953708 0 0.300736
    outer loop
      vertex -4.6477 42 2.13765
      vertex -4.68443 33 2.02117
      vertex -4.6477 33 2.13765
    endloop
  endfacet
  facet normal -0.923879 0 0.382684
    outer loop
      vertex -4.73117 33 1.90833
      vertex -4.68443 42 2.02117
      vertex -4.73117 42 1.90833
    endloop
  endfacet
  facet normal -0.923879 0 0.382684
    outer loop
      vertex -4.68443 42 2.02117
      vertex -4.73117 33 1.90833
      vertex -4.68443 33 2.02117
    endloop
  endfacet
  facet normal 0 1 0
    outer loop
      vertex -5.87798 33 3.89467
      vertex -6.12202 33 3.89467
      vertex -6 33 3.9
    endloop
  endfacet
  facet normal 0 1 0
    outer loop
      vertex -5.75689 33 3.87873
      vertex -6.12202 33 3.89467
      vertex -5.87798 33 3.89467
    endloop
  endfacet
  facet normal 0 1 0
    outer loop
      vertex -5.75689 33 3.87873
      vertex -6.24311 33 3.87873
      vertex -6.12202 33 3.89467
    endloop
  endfacet
  facet normal 0 1 0
    outer loop
      vertex -5.63765 33 3.8523
      vertex -6.24311 33 3.87873
      vertex -5.75689 33 3.87873
    endloop
  endfacet
  facet normal 0 1 0
    outer loop
      vertex -5.63765 33 3.8523
      vertex -6.36235 33 3.8523
      vertex -6.24311 33 3.87873
    endloop
  endfacet
  facet normal 0 1 0
    outer loop
      vertex -5.52117 33 3.81557
      vertex -6.36235 33 3.8523
      vertex -5.63765 33 3.8523
    endloop
  endfacet
  facet normal 0 1 0
    outer loop
      vertex -5.52117 33 3.81557
      vertex -6.47883 33 3.81557
      vertex -6.36235 33 3.8523
    endloop
  endfacet
  facet normal 0 1 0
    outer loop
      vertex -5.40833 33 3.76883
      vertex -6.47883 33 3.81557
      vertex -5.52117 33 3.81557
    endloop
  endfacet
  facet normal 0 1 0
    outer loop
      vertex -5.40833 33 3.76883
      vertex -6.59167 33 3.76883
      vertex -6.47883 33 3.81557
    endloop
  endfacet
  facet normal 0 1 0
    outer loop
      vertex -5.3 33 3.71244
      vertex -6.59167 33 3.76883
      vertex -5.40833 33 3.76883
    endloop
  endfacet
  facet normal 0 1 0
    outer loop
      vertex -5.3 33 3.71244
      vertex -6.7 33 3.71244
      vertex -6.59167 33 3.76883
    endloop
  endfacet
  facet normal 0 1 0
    outer loop
      vertex -5.19699 33 3.64681
      vertex -6.7 33 3.71244
      vertex -5.3 33 3.71244
    endloop
  endfacet
  facet normal 0 1 0
    outer loop
      vertex -5.19699 33 3.64681
      vertex -6.80301 33 3.64681
      vertex -6.7 33 3.71244
    endloop
  endfacet
  facet normal 0 1 0
    outer loop
      vertex -5.1001 33 3.57246
      vertex -6.80301 33 3.64681
      vertex -5.19699 33 3.64681
    endloop
  endfacet
  facet normal 0 1 0
    outer loop
      vertex -5.1001 33 3.57246
      vertex -6.8999 33 3.57246
      vertex -6.80301 33 3.64681
    endloop
  endfacet
  facet normal 0 1 0
    outer loop
      vertex -5.01005 33 3.48995
      vertex -6.8999 33 3.57246
      vertex -5.1001 33 3.57246
    endloop
  endfacet
  facet normal 0 1 0
    outer loop
      vertex -5.01005 33 3.48995
      vertex -6.98995 33 3.48995
      vertex -6.8999 33 3.57246
    endloop
  endfacet
  facet normal 0 1 0
    outer loop
      vertex -4.92754 33 3.3999
      vertex -6.98995 33 3.48995
      vertex -5.01005 33 3.48995
    endloop
  endfacet
  facet normal 0 1 0
    outer loop
      vertex -4.92754 33 3.3999
      vertex -7.07246 33 3.3999
      vertex -6.98995 33 3.48995
    endloop
  endfacet
  facet normal 0 1 0
    outer loop
      vertex -4.85319 33 3.30301
      vertex -7.07246 33 3.3999
      vertex -4.92754 33 3.3999
    endloop
  endfacet
  facet normal 0 1 0
    outer loop
      vertex -4.85319 33 3.30301
      vertex -7.14681 33 3.30301
      vertex -7.07246 33 3.3999
    endloop
  endfacet
  facet normal 0 1 0
    outer loop
      vertex -4.78756 33 3.2
      vertex -7.14681 33 3.30301
      vertex -4.85319 33 3.30301
    endloop
  endfacet
  facet normal 0 1 0
    outer loop
      vertex -4.78756 33 3.2
      vertex -7.21243 33 3.2
      vertex -7.14681 33 3.30301
    endloop
  endfacet
  facet normal 0 1 0
    outer loop
      vertex -4.73117 33 3.09167
      vertex -7.21243 33 3.2
      vertex -4.78756 33 3.2
    endloop
  endfacet
  facet normal 0 1 0
    outer loop
      vertex -4.73117 33 3.09167
      vertex -7.26883 33 3.09167
      vertex -7.21243 33 3.2
    endloop
  endfacet
  facet normal 0 1 0
    outer loop
      vertex -4.68443 33 2.97883
      vertex -7.26883 33 3.09167
      vertex -4.73117 33 3.09167
    endloop
  endfacet
  facet normal 0 1 0
    outer loop
      vertex -4.68443 33 2.97883
      vertex -7.31557 33 2.97883
      vertex -7.26883 33 3.09167
    endloop
  endfacet
  facet normal 0 1 0
    outer loop
      vertex -4.6477 33 2.86235
      vertex -7.31557 33 2.97883
      vertex -4.68443 33 2.97883
    endloop
  endfacet
  facet normal 0 1 0
    outer loop
      vertex -4.6477 33 2.86235
      vertex -7.3523 33 2.86235
      vertex -7.31557 33 2.97883
    endloop
  endfacet
  facet normal 0 1 0
    outer loop
      vertex -4.62127 33 2.74311
      vertex -7.3523 33 2.86235
      vertex -4.6477 33 2.86235
    endloop
  endfacet
  facet normal 0 1 0
    outer loop
      vertex -4.62127 33 2.74311
      vertex -7.37873 33 2.74311
      vertex -7.3523 33 2.86235
    endloop
  endfacet
  facet normal 0 1 0
    outer loop
      vertex -4.60533 33 2.62202
      vertex -7.37873 33 2.74311
      vertex -4.62127 33 2.74311
    endloop
  endfacet
  facet normal 0 1 0
    outer loop
      vertex -4.60533 33 2.62202
      vertex -7.39467 33 2.62202
      vertex -7.37873 33 2.74311
    endloop
  endfacet
  facet normal 0 1 0
    outer loop
      vertex -4.6 33 2.5
      vertex -7.39467 33 2.62202
      vertex -4.60533 33 2.62202
    endloop
  endfacet
  facet normal 0 1 0
    outer loop
      vertex -4.6 33 2.5
      vertex -7.4 33 2.5
      vertex -7.39467 33 2.62202
    endloop
  endfacet
  facet normal 0 1 -0
    outer loop
      vertex -4.60533 33 2.37798
      vertex -7.4 33 2.5
      vertex -4.6 33 2.5
    endloop
  endfacet
  facet normal 0 1 0
    outer loop
      vertex -4.60533 33 2.37798
      vertex -7.39467 33 2.37798
      vertex -7.4 33 2.5
    endloop
  endfacet
  facet normal 0 1 -0
    outer loop
      vertex -4.62127 33 2.25689
      vertex -7.39467 33 2.37798
      vertex -4.60533 33 2.37798
    endloop
  endfacet
  facet normal 0 1 0
    outer loop
      vertex -4.62127 33 2.25689
      vertex -7.37873 33 2.25689
      vertex -7.39467 33 2.37798
    endloop
  endfacet
  facet normal 0 1 -0
    outer loop
      vertex -4.6477 33 2.13765
      vertex -7.37873 33 2.25689
      vertex -4.62127 33 2.25689
    endloop
  endfacet
  facet normal 0 1 0
    outer loop
      vertex -4.6477 33 2.13765
      vertex -7.3523 33 2.13765
      vertex -7.37873 33 2.25689
    endloop
  endfacet
  facet normal 0 1 -0
    outer loop
      vertex -4.68443 33 2.02117
      vertex -7.3523 33 2.13765
      vertex -4.6477 33 2.13765
    endloop
  endfacet
  facet normal 0 1 0
    outer loop
      vertex -4.68443 33 2.02117
      vertex -7.31557 33 2.02117
      vertex -7.3523 33 2.13765
    endloop
  endfacet
  facet normal 0 1 -0
    outer loop
      vertex -4.73117 33 1.90833
      vertex -7.31557 33 2.02117
      vertex -4.68443 33 2.02117
    endloop
  endfacet
  facet normal 0 1 0
    outer loop
      vertex -4.73117 33 1.90833
      vertex -7.26883 33 1.90833
      vertex -7.31557 33 2.02117
    endloop
  endfacet
  facet normal 0 1 -0
    outer loop
      vertex -4.78756 33 1.8
      vertex -7.26883 33 1.90833
      vertex -4.73117 33 1.90833
    endloop
  endfacet
  facet normal 0 1 0
    outer loop
      vertex -4.78756 33 1.8
      vertex -7.21243 33 1.8
      vertex -7.26883 33 1.90833
    endloop
  endfacet
  facet normal 0 1 -0
    outer loop
      vertex -4.85319 33 1.69699
      vertex -7.21243 33 1.8
      vertex -4.78756 33 1.8
    endloop
  endfacet
  facet normal 0 1 0
    outer loop
      vertex -4.85319 33 1.69699
      vertex -7.14681 33 1.69699
      vertex -7.21243 33 1.8
    endloop
  endfacet
  facet normal 0 1 -0
    outer loop
      vertex -4.92754 33 1.6001
      vertex -7.14681 33 1.69699
      vertex -4.85319 33 1.69699
    endloop
  endfacet
  facet normal 0 1 0
    outer loop
      vertex -4.92754 33 1.6001
      vertex -7.07246 33 1.6001
      vertex -7.14681 33 1.69699
    endloop
  endfacet
  facet normal 0 1 -0
    outer loop
      vertex -5.01005 33 1.51005
      vertex -7.07246 33 1.6001
      vertex -4.92754 33 1.6001
    endloop
  endfacet
  facet normal 0 1 0
    outer loop
      vertex -5.01005 33 1.51005
      vertex -6.98995 33 1.51005
      vertex -7.07246 33 1.6001
    endloop
  endfacet
  facet normal 0 1 -0
    outer loop
      vertex -5.1001 33 1.42754
      vertex -6.98995 33 1.51005
      vertex -5.01005 33 1.51005
    endloop
  endfacet
  facet normal 0 1 0
    outer loop
      vertex -5.1001 33 1.42754
      vertex -6.8999 33 1.42754
      vertex -6.98995 33 1.51005
    endloop
  endfacet
  facet normal 0 1 -0
    outer loop
      vertex -5.19699 33 1.35319
      vertex -6.8999 33 1.42754
      vertex -5.1001 33 1.42754
    endloop
  endfacet
  facet normal 0 1 0
    outer loop
      vertex -5.19699 33 1.35319
      vertex -6.80301 33 1.35319
      vertex -6.8999 33 1.42754
    endloop
  endfacet
  facet normal 0 1 -0
    outer loop
      vertex -5.3 33 1.28757
      vertex -6.80301 33 1.35319
      vertex -5.19699 33 1.35319
    endloop
  endfacet
  facet normal 0 1 0
    outer loop
      vertex -5.3 33 1.28757
      vertex -6.7 33 1.28757
      vertex -6.80301 33 1.35319
    endloop
  endfacet
  facet normal 0 1 -0
    outer loop
      vertex -5.40833 33 1.23117
      vertex -6.7 33 1.28757
      vertex -5.3 33 1.28757
    endloop
  endfacet
  facet normal 0 1 0
    outer loop
      vertex -5.40833 33 1.23117
      vertex -6.59167 33 1.23117
      vertex -6.7 33 1.28757
    endloop
  endfacet
  facet normal 0 1 -0
    outer loop
      vertex -5.52117 33 1.18443
      vertex -6.59167 33 1.23117
      vertex -5.40833 33 1.23117
    endloop
  endfacet
  facet normal 0 1 0
    outer loop
      vertex -5.52117 33 1.18443
      vertex -6.47883 33 1.18443
      vertex -6.59167 33 1.23117
    endloop
  endfacet
  facet normal 0 1 -0
    outer loop
      vertex -5.63765 33 1.1477
      vertex -6.47883 33 1.18443
      vertex -5.52117 33 1.18443
    endloop
  endfacet
  facet normal 0 1 0
    outer loop
      vertex -5.63765 33 1.1477
      vertex -6.36235 33 1.1477
      vertex -6.47883 33 1.18443
    endloop
  endfacet
  facet normal 0 1 -0
    outer loop
      vertex -5.75689 33 1.12127
      vertex -6.36235 33 1.1477
      vertex -5.63765 33 1.1477
    endloop
  endfacet
  facet normal 0 1 0
    outer loop
      vertex -5.75689 33 1.12127
      vertex -6.24311 33 1.12127
      vertex -6.36235 33 1.1477
    endloop
  endfacet
  facet normal 0 1 -0
    outer loop
      vertex -5.87798 33 1.10533
      vertex -6.24311 33 1.12127
      vertex -5.75689 33 1.12127
    endloop
  endfacet
  facet normal 0 1 0
    outer loop
      vertex -5.87798 33 1.10533
      vertex -6.12202 33 1.10533
      vertex -6.24311 33 1.12127
    endloop
  endfacet
  facet normal -0 1 0
    outer loop
      vertex -6.12202 33 1.10533
      vertex -5.87798 33 1.10533
      vertex -6 33 1.1
    endloop
  endfacet
  facet normal 0.953708 -0 0.300736
    outer loop
      vertex -7.3523 33 2.13765
      vertex -7.31557 42 2.02117
      vertex -7.3523 42 2.13765
    endloop
  endfacet
  facet normal 0.953708 0 0.300736
    outer loop
      vertex -7.31557 42 2.02117
      vertex -7.3523 33 2.13765
      vertex -7.31557 33 2.02117
    endloop
  endfacet
  facet normal -0.461794 0 0.886987
    outer loop
      vertex -5.40833 42 1.23117
      vertex -5.3 33 1.28757
      vertex -5.3 42 1.28757
    endloop
  endfacet
  facet normal -0.461794 0 0.886987
    outer loop
      vertex -5.3 33 1.28757
      vertex -5.40833 42 1.23117
      vertex -5.40833 33 1.23117
    endloop
  endfacet
  facet normal 0.60878 0 0.793339
    outer loop
      vertex -6.8999 42 1.42754
      vertex -6.80301 33 1.35319
      vertex -6.80301 42 1.35319
    endloop
  endfacet
  facet normal 0.60878 0 0.793339
    outer loop
      vertex -6.80301 33 1.35319
      vertex -6.8999 42 1.42754
      vertex -6.8999 33 1.42754
    endloop
  endfacet
  facet normal 0.130512 0 0.991447
    outer loop
      vertex -6.24311 42 1.12127
      vertex -6.12202 33 1.10533
      vertex -6.12202 42 1.10533
    endloop
  endfacet
  facet normal 0.130512 0 0.991447
    outer loop
      vertex -6.12202 33 1.10533
      vertex -6.24311 42 1.12127
      vertex -6.24311 33 1.12127
    endloop
  endfacet
  facet normal 0.976304 0 -0.216402
    outer loop
      vertex -7.3523 33 2.86235
      vertex -7.37873 42 2.74311
      vertex -7.3523 42 2.86235
    endloop
  endfacet
  facet normal 0.976304 0 -0.216402
    outer loop
      vertex -7.37873 42 2.74311
      vertex -7.3523 33 2.86235
      vertex -7.37873 33 2.74311
    endloop
  endfacet
  facet normal -0.0436397 0 -0.999047
    outer loop
      vertex -6 33 3.9
      vertex -5.87798 42 3.89467
      vertex -5.87798 33 3.89467
    endloop
  endfacet
  facet normal -0.0436397 0 -0.999047
    outer loop
      vertex -5.87798 42 3.89467
      vertex -6 33 3.9
      vertex -6 42 3.9
    endloop
  endfacet
  facet normal 0.461794 0 0.886987
    outer loop
      vertex -6.7 42 1.28757
      vertex -6.59167 33 1.23117
      vertex -6.59167 42 1.23117
    endloop
  endfacet
  facet normal 0.461794 0 0.886987
    outer loop
      vertex -6.59167 33 1.23117
      vertex -6.7 42 1.28757
      vertex -6.7 33 1.28757
    endloop
  endfacet
  facet normal -0.675565 0 0.7373
    outer loop
      vertex -5.1001 42 1.42754
      vertex -5.01005 33 1.51005
      vertex -5.01005 42 1.51005
    endloop
  endfacet
  facet normal -0.675565 0 0.7373
    outer loop
      vertex -5.01005 33 1.51005
      vertex -5.1001 42 1.42754
      vertex -5.1001 33 1.42754
    endloop
  endfacet
  facet normal -0.216402 0 -0.976304
    outer loop
      vertex -5.75689 33 3.87873
      vertex -5.63765 42 3.8523
      vertex -5.63765 33 3.8523
    endloop
  endfacet
  facet normal -0.216402 0 -0.976304
    outer loop
      vertex -5.63765 42 3.8523
      vertex -5.75689 33 3.87873
      vertex -5.75689 42 3.87873
    endloop
  endfacet
  facet normal 0.991447 0 -0.130512
    outer loop
      vertex -7.37873 33 2.74311
      vertex -7.39467 42 2.62202
      vertex -7.37873 42 2.74311
    endloop
  endfacet
  facet normal 0.991447 0 -0.130512
    outer loop
      vertex -7.39467 42 2.62202
      vertex -7.37873 33 2.74311
      vertex -7.39467 33 2.62202
    endloop
  endfacet
  facet normal 0.60878 0 -0.793339
    outer loop
      vertex -6.8999 33 3.57246
      vertex -6.80301 42 3.64681
      vertex -6.80301 33 3.64681
    endloop
  endfacet
  facet normal 0.60878 0 -0.793339
    outer loop
      vertex -6.80301 42 3.64681
      vertex -6.8999 33 3.57246
      vertex -6.8999 42 3.57246
    endloop
  endfacet
  facet normal 0.675565 0 0.7373
    outer loop
      vertex -6.98995 42 1.51005
      vertex -6.8999 33 1.42754
      vertex -6.8999 42 1.42754
    endloop
  endfacet
  facet normal 0.675565 0 0.7373
    outer loop
      vertex -6.8999 33 1.42754
      vertex -6.98995 42 1.51005
      vertex -6.98995 33 1.51005
    endloop
  endfacet
  facet normal 0.382684 0 0.923879
    outer loop
      vertex -6.59167 42 1.23117
      vertex -6.47883 33 1.18443
      vertex -6.47883 42 1.18443
    endloop
  endfacet
  facet normal 0.382684 0 0.923879
    outer loop
      vertex -6.47883 33 1.18443
      vertex -6.59167 42 1.23117
      vertex -6.59167 33 1.23117
    endloop
  endfacet
  facet normal 0.537273 0 0.843409
    outer loop
      vertex -6.80301 42 1.35319
      vertex -6.7 33 1.28757
      vertex -6.7 42 1.28757
    endloop
  endfacet
  facet normal 0.537273 0 0.843409
    outer loop
      vertex -6.7 33 1.28757
      vertex -6.80301 42 1.35319
      vertex -6.80301 33 1.35319
    endloop
  endfacet
  facet normal 0.923879 -0 0.382684
    outer loop
      vertex -7.31557 33 2.02117
      vertex -7.26883 42 1.90833
      vertex -7.31557 42 2.02117
    endloop
  endfacet
  facet normal 0.923879 0 0.382684
    outer loop
      vertex -7.26883 42 1.90833
      vertex -7.31557 33 2.02117
      vertex -7.26883 33 1.90833
    endloop
  endfacet
  facet normal -0.991445 0.130524 0
    outer loop
      vertex 14.7721 -8.60472 0
      vertex 14.9429 -7.30734 5
      vertex 14.9429 -7.30734 0
    endloop
  endfacet
  facet normal -0.991445 0.130524 0
    outer loop
      vertex 14.9429 -7.30734 5
      vertex 14.7721 -8.60472 0
      vertex 14.7721 -8.60472 5
    endloop
  endfacet
  facet normal -0.999048 0.0436349 0
    outer loop
      vertex 14.9429 -7.30734 0
      vertex 15 -6 5
      vertex 15 -6 0
    endloop
  endfacet
  facet normal -0.999048 0.0436349 0
    outer loop
      vertex 15 -6 5
      vertex 14.9429 -7.30734 0
      vertex 14.9429 -7.30734 5
    endloop
  endfacet
  facet normal -0.976301 0.216417 0
    outer loop
      vertex 14.4889 -9.88229 0
      vertex 14.7721 -8.60472 5
      vertex 14.7721 -8.60472 0
    endloop
  endfacet
  facet normal -0.976301 0.216417 0
    outer loop
      vertex 14.7721 -8.60472 5
      vertex 14.4889 -9.88229 0
      vertex 14.4889 -9.88229 5
    endloop
  endfacet
  facet normal -0.737265 -0.675604 0
    outer loop
      vertex 11.4907 3.64181 0
      vertex 10.6066 4.6066 5
      vertex 10.6066 4.6066 0
    endloop
  endfacet
  facet normal -0.737265 -0.675604 0
    outer loop
      vertex 10.6066 4.6066 5
      vertex 11.4907 3.64181 0
      vertex 11.4907 3.64181 5
    endloop
  endfacet
  facet normal -0.793368 0.608743 0
    outer loop
      vertex 11.4907 -15.6418 0
      vertex 12.2873 -14.6036 5
      vertex 12.2873 -14.6036 0
    endloop
  endfacet
  facet normal -0.793368 0.608743 0
    outer loop
      vertex 12.2873 -14.6036 5
      vertex 11.4907 -15.6418 0
      vertex 11.4907 -15.6418 5
    endloop
  endfacet
  facet normal 0.976301 0.216417 0
    outer loop
      vertex -14.4889 -9.88229 5
      vertex -14.7721 -8.60472 0
      vertex -14.7721 -8.60472 5
    endloop
  endfacet
  facet normal 0.976301 0.216417 0
    outer loop
      vertex -14.7721 -8.60472 0
      vertex -14.4889 -9.88229 5
      vertex -14.4889 -9.88229 0
    endloop
  endfacet
  facet normal -0.999048 -0.0436349 0
    outer loop
      vertex 15 -6 0
      vertex 14.9429 -4.69266 5
      vertex 14.9429 -4.69266 0
    endloop
  endfacet
  facet normal -0.999048 -0.0436349 0
    outer loop
      vertex 14.9429 -4.69266 5
      vertex 15 -6 0
      vertex 15 -6 5
    endloop
  endfacet
  facet normal -0.130524 -0.991445 0
    outer loop
      vertex 1.30734 8.94292 0
      vertex 2.60472 8.77212 5
      vertex 1.30734 8.94292 5
    endloop
  endfacet
  facet normal -0.130524 -0.991445 -0
    outer loop
      vertex 2.60472 8.77212 5
      vertex 1.30734 8.94292 0
      vertex 2.60472 8.77212 0
    endloop
  endfacet
  facet normal 0.537298 0.843392 -0
    outer loop
      vertex -7.5 -18.9904 0
      vertex -8.60365 -18.2873 5
      vertex -7.5 -18.9904 5
    endloop
  endfacet
  facet normal 0.537298 0.843392 0
    outer loop
      vertex -8.60365 -18.2873 5
      vertex -7.5 -18.9904 0
      vertex -8.60365 -18.2873 0
    endloop
  endfacet
  facet normal -0.923872 -0.382702 0
    outer loop
      vertex 14.0954 -0.869698 0
      vertex 13.5946 0.339273 5
      vertex 13.5946 0.339273 0
    endloop
  endfacet
  facet normal -0.923872 -0.382702 0
    outer loop
      vertex 13.5946 0.339273 5
      vertex 14.0954 -0.869698 0
      vertex 14.0954 -0.869698 5
    endloop
  endfacet
  facet normal -0.537298 -0.843392 0
    outer loop
      vertex 7.5 6.99038 0
      vertex 8.60365 6.28728 5
      vertex 7.5 6.99038 5
    endloop
  endfacet
  facet normal -0.537298 -0.843392 -0
    outer loop
      vertex 8.60365 6.28728 5
      vertex 7.5 6.99038 0
      vertex 8.60365 6.28728 0
    endloop
  endfacet
  facet normal 0.793368 0.608743 0
    outer loop
      vertex -11.4907 -15.6418 5
      vertex -12.2873 -14.6036 0
      vertex -12.2873 -14.6036 5
    endloop
  endfacet
  facet normal 0.793368 0.608743 0
    outer loop
      vertex -12.2873 -14.6036 0
      vertex -11.4907 -15.6418 5
      vertex -11.4907 -15.6418 0
    endloop
  endfacet
  facet normal -0.382682 -0.92388 0
    outer loop
      vertex 5.1303 8.09539 0
      vertex 6.33927 7.59462 5
      vertex 5.1303 8.09539 5
    endloop
  endfacet
  facet normal -0.382682 -0.92388 -0
    outer loop
      vertex 6.33927 7.59462 5
      vertex 5.1303 8.09539 0
      vertex 6.33927 7.59462 0
    endloop
  endfacet
  facet normal -0.953716 -0.300708 0
    outer loop
      vertex 14.4889 -2.11771 0
      vertex 14.0954 -0.869698 5
      vertex 14.0954 -0.869698 0
    endloop
  endfacet
  facet normal -0.953716 -0.300708 0
    outer loop
      vertex 14.0954 -0.869698 5
      vertex 14.4889 -2.11771 0
      vertex 14.4889 -2.11771 5
    endloop
  endfacet
  facet normal -0.675604 0.737265 0
    outer loop
      vertex 10.6066 -16.6066 0
      vertex 9.64181 -17.4907 5
      vertex 10.6066 -16.6066 5
    endloop
  endfacet
  facet normal -0.675604 0.737265 0
    outer loop
      vertex 9.64181 -17.4907 5
      vertex 10.6066 -16.6066 0
      vertex 9.64181 -17.4907 0
    endloop
  endfacet
  facet normal -0.793356 -0.608757 0
    outer loop
      vertex 12.2873 2.60365 0
      vertex 11.4907 3.64181 5
      vertex 11.4907 3.64181 0
    endloop
  endfacet
  facet normal -0.793356 -0.608757 0
    outer loop
      vertex 11.4907 3.64181 5
      vertex 12.2873 2.60365 0
      vertex 12.2873 2.60365 5
    endloop
  endfacet
  facet normal 0.216417 0.976301 -0
    outer loop
      vertex -2.60472 -20.7721 0
      vertex -3.88229 -20.4889 5
      vertex -2.60472 -20.7721 5
    endloop
  endfacet
  facet normal 0.216417 0.976301 0
    outer loop
      vertex -3.88229 -20.4889 5
      vertex -2.60472 -20.7721 0
      vertex -3.88229 -20.4889 0
    endloop
  endfacet
  facet normal -0.675591 -0.737276 0
    outer loop
      vertex 9.64181 5.49067 0
      vertex 10.6066 4.6066 5
      vertex 9.64181 5.49067 5
    endloop
  endfacet
  facet normal -0.675591 -0.737276 -0
    outer loop
      vertex 10.6066 4.6066 5
      vertex 9.64181 5.49067 0
      vertex 10.6066 4.6066 0
    endloop
  endfacet
  facet normal -0.382702 0.923872 0
    outer loop
      vertex 6.33927 -19.5946 0
      vertex 5.1303 -20.0954 5
      vertex 6.33927 -19.5946 5
    endloop
  endfacet
  facet normal -0.382702 0.923872 0
    outer loop
      vertex 5.1303 -20.0954 5
      vertex 6.33927 -19.5946 0
      vertex 5.1303 -20.0954 0
    endloop
  endfacet
  facet normal -0.608757 0.793356 0
    outer loop
      vertex 9.64181 -17.4907 0
      vertex 8.60365 -18.2873 5
      vertex 9.64181 -17.4907 5
    endloop
  endfacet
  facet normal -0.608757 0.793356 0
    outer loop
      vertex 8.60365 -18.2873 5
      vertex 9.64181 -17.4907 0
      vertex 8.60365 -18.2873 0
    endloop
  endfacet
  facet normal 0.991445 0.130524 0
    outer loop
      vertex -14.7721 -8.60472 5
      vertex -14.9429 -7.30734 0
      vertex -14.9429 -7.30734 5
    endloop
  endfacet
  facet normal 0.991445 0.130524 0
    outer loop
      vertex -14.9429 -7.30734 0
      vertex -14.7721 -8.60472 5
      vertex -14.7721 -8.60472 0
    endloop
  endfacet
  facet normal -0.608762 -0.793353 0
    outer loop
      vertex 8.60365 6.28728 0
      vertex 9.64181 5.49067 5
      vertex 8.60365 6.28728 5
    endloop
  endfacet
  facet normal -0.608762 -0.793353 -0
    outer loop
      vertex 9.64181 5.49067 5
      vertex 8.60365 6.28728 0
      vertex 9.64181 5.49067 0
    endloop
  endfacet
  facet normal 0.737265 -0.675604 0
    outer loop
      vertex -11.4907 3.64181 5
      vertex -10.6066 4.6066 0
      vertex -10.6066 4.6066 5
    endloop
  endfacet
  facet normal 0.737265 -0.675604 0
    outer loop
      vertex -10.6066 4.6066 0
      vertex -11.4907 3.64181 5
      vertex -11.4907 3.64181 0
    endloop
  endfacet
  facet normal 0.382682 -0.92388 0
    outer loop
      vertex -6.33927 7.59462 0
      vertex -5.1303 8.09539 5
      vertex -6.33927 7.59462 5
    endloop
  endfacet
  facet normal 0.382682 -0.92388 0
    outer loop
      vertex -5.1303 8.09539 5
      vertex -6.33927 7.59462 0
      vertex -5.1303 8.09539 0
    endloop
  endfacet
  facet normal -0.537298 0.843392 0
    outer loop
      vertex 8.60365 -18.2873 0
      vertex 7.5 -18.9904 5
      vertex 8.60365 -18.2873 5
    endloop
  endfacet
  facet normal -0.537298 0.843392 0
    outer loop
      vertex 7.5 -18.9904 5
      vertex 8.60365 -18.2873 0
      vertex 7.5 -18.9904 0
    endloop
  endfacet
  facet normal 0.0436349 0.999048 -0
    outer loop
      vertex 0 -21 0
      vertex -1.30734 -20.9429 5
      vertex 0 -21 5
    endloop
  endfacet
  facet normal 0.0436349 0.999048 0
    outer loop
      vertex -1.30734 -20.9429 5
      vertex 0 -21 0
      vertex -1.30734 -20.9429 0
    endloop
  endfacet
  facet normal 0.675604 0.737265 -0
    outer loop
      vertex -9.64181 -17.4907 0
      vertex -10.6066 -16.6066 5
      vertex -9.64181 -17.4907 5
    endloop
  endfacet
  facet normal 0.675604 0.737265 0
    outer loop
      vertex -10.6066 -16.6066 5
      vertex -9.64181 -17.4907 0
      vertex -10.6066 -16.6066 0
    endloop
  endfacet
  facet normal -0.887018 0.461735 0
    outer loop
      vertex 12.9904 -13.5 0
      vertex 13.5946 -12.3393 5
      vertex 13.5946 -12.3393 0
    endloop
  endfacet
  facet normal -0.887018 0.461735 0
    outer loop
      vertex 13.5946 -12.3393 5
      vertex 12.9904 -13.5 0
      vertex 12.9904 -13.5 5
    endloop
  endfacet
  facet normal -0.0436196 -0.999048 0
    outer loop
      vertex 0 9 0
      vertex 1.30734 8.94292 5
      vertex 0 9 5
    endloop
  endfacet
  facet normal -0.0436196 -0.999048 -0
    outer loop
      vertex 1.30734 8.94292 5
      vertex 0 9 0
      vertex 1.30734 8.94292 0
    endloop
  endfacet
  facet normal -0.923875 0.382694 0
    outer loop
      vertex 13.5946 -12.3393 0
      vertex 14.0954 -11.1303 5
      vertex 14.0954 -11.1303 0
    endloop
  endfacet
  facet normal -0.923875 0.382694 0
    outer loop
      vertex 14.0954 -11.1303 5
      vertex 13.5946 -12.3393 0
      vertex 13.5946 -12.3393 5
    endloop
  endfacet
  facet normal -0.46175 -0.88701 0
    outer loop
      vertex 6.33927 7.59462 0
      vertex 7.5 6.99038 5
      vertex 6.33927 7.59462 5
    endloop
  endfacet
  facet normal -0.46175 -0.88701 -0
    outer loop
      vertex 7.5 6.99038 5
      vertex 6.33927 7.59462 0
      vertex 7.5 6.99038 0
    endloop
  endfacet
  facet normal -0.461726 0.887023 0
    outer loop
      vertex 7.5 -18.9904 0
      vertex 6.33927 -19.5946 5
      vertex 7.5 -18.9904 5
    endloop
  endfacet
  facet normal -0.461726 0.887023 0
    outer loop
      vertex 6.33927 -19.5946 5
      vertex 7.5 -18.9904 0
      vertex 6.33927 -19.5946 0
    endloop
  endfacet
  facet normal 0.887018 0.461735 0
    outer loop
      vertex -12.9904 -13.5 5
      vertex -13.5946 -12.3393 0
      vertex -13.5946 -12.3393 5
    endloop
  endfacet
  facet normal 0.887018 0.461735 0
    outer loop
      vertex -13.5946 -12.3393 0
      vertex -12.9904 -13.5 5
      vertex -12.9904 -13.5 0
    endloop
  endfacet
  facet normal 0.675591 -0.737276 0
    outer loop
      vertex -10.6066 4.6066 0
      vertex -9.64181 5.49067 5
      vertex -10.6066 4.6066 5
    endloop
  endfacet
  facet normal 0.675591 -0.737276 0
    outer loop
      vertex -9.64181 5.49067 5
      vertex -10.6066 4.6066 0
      vertex -9.64181 5.49067 0
    endloop
  endfacet
  facet normal -0.843392 -0.537298 0
    outer loop
      vertex 12.9904 1.5 0
      vertex 12.2873 2.60365 5
      vertex 12.2873 2.60365 0
    endloop
  endfacet
  facet normal -0.843392 -0.537298 0
    outer loop
      vertex 12.2873 2.60365 5
      vertex 12.9904 1.5 0
      vertex 12.9904 1.5 5
    endloop
  endfacet
  facet normal -0.953716 0.300709 0
    outer loop
      vertex 14.0954 -11.1303 0
      vertex 14.4889 -9.88229 5
      vertex 14.4889 -9.88229 0
    endloop
  endfacet
  facet normal -0.953716 0.300709 0
    outer loop
      vertex 14.4889 -9.88229 5
      vertex 14.0954 -11.1303 0
      vertex 14.0954 -11.1303 5
    endloop
  endfacet
  facet normal 0.46175 -0.88701 0
    outer loop
      vertex -7.5 6.99038 0
      vertex -6.33927 7.59462 5
      vertex -7.5 6.99038 5
    endloop
  endfacet
  facet normal 0.46175 -0.88701 0
    outer loop
      vertex -6.33927 7.59462 5
      vertex -7.5 6.99038 0
      vertex -6.33927 7.59462 0
    endloop
  endfacet
  facet normal 0.537298 -0.843392 0
    outer loop
      vertex -8.60365 6.28728 0
      vertex -7.5 6.99038 5
      vertex -8.60365 6.28728 5
    endloop
  endfacet
  facet normal 0.537298 -0.843392 0
    outer loop
      vertex -7.5 6.99038 5
      vertex -8.60365 6.28728 0
      vertex -7.5 6.99038 0
    endloop
  endfacet
  facet normal -0.130524 0.991445 0
    outer loop
      vertex 2.60472 -20.7721 0
      vertex 1.30734 -20.9429 5
      vertex 2.60472 -20.7721 5
    endloop
  endfacet
  facet normal -0.130524 0.991445 0
    outer loop
      vertex 1.30734 -20.9429 5
      vertex 2.60472 -20.7721 0
      vertex 1.30734 -20.9429 0
    endloop
  endfacet
  facet normal 0.843392 -0.537298 0
    outer loop
      vertex -12.9904 1.5 5
      vertex -12.2873 2.60365 0
      vertex -12.2873 2.60365 5
    endloop
  endfacet
  facet normal 0.843392 -0.537298 0
    outer loop
      vertex -12.2873 2.60365 0
      vertex -12.9904 1.5 5
      vertex -12.9904 1.5 0
    endloop
  endfacet
  facet normal 0.130524 0.991445 -0
    outer loop
      vertex -1.30734 -20.9429 0
      vertex -2.60472 -20.7721 5
      vertex -1.30734 -20.9429 5
    endloop
  endfacet
  facet normal 0.130524 0.991445 0
    outer loop
      vertex -2.60472 -20.7721 5
      vertex -1.30734 -20.9429 0
      vertex -2.60472 -20.7721 0
    endloop
  endfacet
  facet normal 0.608757 0.793356 -0
    outer loop
      vertex -8.60365 -18.2873 0
      vertex -9.64181 -17.4907 5
      vertex -8.60365 -18.2873 5
    endloop
  endfacet
  facet normal 0.608757 0.793356 0
    outer loop
      vertex -9.64181 -17.4907 5
      vertex -8.60365 -18.2873 0
      vertex -9.64181 -17.4907 0
    endloop
  endfacet
  facet normal 0.461726 0.887023 -0
    outer loop
      vertex -6.33927 -19.5946 0
      vertex -7.5 -18.9904 5
      vertex -6.33927 -19.5946 5
    endloop
  endfacet
  facet normal 0.461726 0.887023 0
    outer loop
      vertex -7.5 -18.9904 5
      vertex -6.33927 -19.5946 0
      vertex -7.5 -18.9904 0
    endloop
  endfacet
  facet normal -0.843381 0.537316 0
    outer loop
      vertex 12.2873 -14.6036 0
      vertex 12.9904 -13.5 5
      vertex 12.9904 -13.5 0
    endloop
  endfacet
  facet normal -0.843381 0.537316 0
    outer loop
      vertex 12.9904 -13.5 5
      vertex 12.2873 -14.6036 0
      vertex 12.2873 -14.6036 5
    endloop
  endfacet
  facet normal 0.793356 -0.608757 0
    outer loop
      vertex -12.2873 2.60365 5
      vertex -11.4907 3.64181 0
      vertex -11.4907 3.64181 5
    endloop
  endfacet
  facet normal 0.793356 -0.608757 0
    outer loop
      vertex -11.4907 3.64181 0
      vertex -12.2873 2.60365 5
      vertex -12.2873 2.60365 0
    endloop
  endfacet
  facet normal -0.976301 -0.216417 0
    outer loop
      vertex 14.7721 -3.39528 0
      vertex 14.4889 -2.11771 5
      vertex 14.4889 -2.11771 0
    endloop
  endfacet
  facet normal -0.976301 -0.216417 0
    outer loop
      vertex 14.4889 -2.11771 5
      vertex 14.7721 -3.39528 0
      vertex 14.7721 -3.39528 5
    endloop
  endfacet
  facet normal -0.991445 -0.130524 0
    outer loop
      vertex 14.9429 -4.69266 0
      vertex 14.7721 -3.39528 5
      vertex 14.7721 -3.39528 0
    endloop
  endfacet
  facet normal -0.991445 -0.130524 0
    outer loop
      vertex 14.7721 -3.39528 5
      vertex 14.9429 -4.69266 0
      vertex 14.9429 -4.69266 5
    endloop
  endfacet
  facet normal 0.608762 -0.793353 0
    outer loop
      vertex -9.64181 5.49067 0
      vertex -8.60365 6.28728 5
      vertex -9.64181 5.49067 5
    endloop
  endfacet
  facet normal 0.608762 -0.793353 0
    outer loop
      vertex -8.60365 6.28728 5
      vertex -9.64181 5.49067 0
      vertex -8.60365 6.28728 0
    endloop
  endfacet
  facet normal 0.843381 0.537316 0
    outer loop
      vertex -12.2873 -14.6036 5
      vertex -12.9904 -13.5 0
      vertex -12.9904 -13.5 5
    endloop
  endfacet
  facet normal 0.843381 0.537316 0
    outer loop
      vertex -12.9904 -13.5 0
      vertex -12.2873 -14.6036 5
      vertex -12.2873 -14.6036 0
    endloop
  endfacet
  facet normal 0.991445 -0.130524 0
    outer loop
      vertex -14.9429 -4.69266 5
      vertex -14.7721 -3.39528 0
      vertex -14.7721 -3.39528 5
    endloop
  endfacet
  facet normal 0.991445 -0.130524 0
    outer loop
      vertex -14.7721 -3.39528 0
      vertex -14.9429 -4.69266 5
      vertex -14.9429 -4.69266 0
    endloop
  endfacet
  facet normal 0.737268 0.6756 0
    outer loop
      vertex -10.6066 -16.6066 5
      vertex -11.4907 -15.6418 0
      vertex -11.4907 -15.6418 5
    endloop
  endfacet
  facet normal 0.737268 0.6756 0
    outer loop
      vertex -11.4907 -15.6418 0
      vertex -10.6066 -16.6066 5
      vertex -10.6066 -16.6066 0
    endloop
  endfacet
  facet normal -0.216439 -0.976296 0
    outer loop
      vertex 2.60472 8.77212 0
      vertex 3.88229 8.48889 5
      vertex 2.60472 8.77212 5
    endloop
  endfacet
  facet normal -0.216439 -0.976296 -0
    outer loop
      vertex 3.88229 8.48889 5
      vertex 2.60472 8.77212 0
      vertex 3.88229 8.48889 0
    endloop
  endfacet
  facet normal 0.953716 -0.300708 0
    outer loop
      vertex -14.4889 -2.11771 5
      vertex -14.0954 -0.869698 0
      vertex -14.0954 -0.869698 5
    endloop
  endfacet
  facet normal 0.953716 -0.300708 0
    outer loop
      vertex -14.0954 -0.869698 0
      vertex -14.4889 -2.11771 5
      vertex -14.4889 -2.11771 0
    endloop
  endfacet
  facet normal -0.300709 0.953716 0
    outer loop
      vertex 5.1303 -20.0954 0
      vertex 3.88229 -20.4889 5
      vertex 5.1303 -20.0954 5
    endloop
  endfacet
  facet normal -0.300709 0.953716 0
    outer loop
      vertex 3.88229 -20.4889 5
      vertex 5.1303 -20.0954 0
      vertex 3.88229 -20.4889 0
    endloop
  endfacet
  facet normal -0.0436349 0.999048 0
    outer loop
      vertex 1.30734 -20.9429 0
      vertex 0 -21 5
      vertex 1.30734 -20.9429 5
    endloop
  endfacet
  facet normal -0.0436349 0.999048 0
    outer loop
      vertex 0 -21 5
      vertex 1.30734 -20.9429 0
      vertex 0 -21 0
    endloop
  endfacet
  facet normal 0.923875 0.382694 0
    outer loop
      vertex -13.5946 -12.3393 5
      vertex -14.0954 -11.1303 0
      vertex -14.0954 -11.1303 5
    endloop
  endfacet
  facet normal 0.923875 0.382694 0
    outer loop
      vertex -14.0954 -11.1303 0
      vertex -13.5946 -12.3393 5
      vertex -13.5946 -12.3393 0
    endloop
  endfacet
  facet normal 0.0436196 -0.999048 0
    outer loop
      vertex -1.30734 8.94292 0
      vertex 0 9 5
      vertex -1.30734 8.94292 5
    endloop
  endfacet
  facet normal 0.0436196 -0.999048 0
    outer loop
      vertex 0 9 5
      vertex -1.30734 8.94292 0
      vertex 0 9 0
    endloop
  endfacet
  facet normal 0.130524 -0.991445 0
    outer loop
      vertex -2.60472 8.77212 0
      vertex -1.30734 8.94292 5
      vertex -2.60472 8.77212 5
    endloop
  endfacet
  facet normal 0.130524 -0.991445 0
    outer loop
      vertex -1.30734 8.94292 5
      vertex -2.60472 8.77212 0
      vertex -1.30734 8.94292 0
    endloop
  endfacet
  facet normal 0.887022 -0.461727 0
    outer loop
      vertex -13.5946 0.339273 5
      vertex -12.9904 1.5 0
      vertex -12.9904 1.5 5
    endloop
  endfacet
  facet normal 0.887022 -0.461727 0
    outer loop
      vertex -12.9904 1.5 0
      vertex -13.5946 0.339273 5
      vertex -13.5946 0.339273 0
    endloop
  endfacet
  facet normal -0.737268 0.6756 0
    outer loop
      vertex 10.6066 -16.6066 0
      vertex 11.4907 -15.6418 5
      vertex 11.4907 -15.6418 0
    endloop
  endfacet
  facet normal -0.737268 0.6756 0
    outer loop
      vertex 11.4907 -15.6418 5
      vertex 10.6066 -16.6066 0
      vertex 10.6066 -16.6066 5
    endloop
  endfacet
  facet normal -0.887022 -0.461727 0
    outer loop
      vertex 13.5946 0.339273 0
      vertex 12.9904 1.5 5
      vertex 12.9904 1.5 0
    endloop
  endfacet
  facet normal -0.887022 -0.461727 0
    outer loop
      vertex 12.9904 1.5 5
      vertex 13.5946 0.339273 0
      vertex 13.5946 0.339273 5
    endloop
  endfacet
  facet normal 0.953716 0.300709 0
    outer loop
      vertex -14.0954 -11.1303 5
      vertex -14.4889 -9.88229 0
      vertex -14.4889 -9.88229 5
    endloop
  endfacet
  facet normal 0.953716 0.300709 0
    outer loop
      vertex -14.4889 -9.88229 0
      vertex -14.0954 -11.1303 5
      vertex -14.0954 -11.1303 0
    endloop
  endfacet
  facet normal -0.300709 -0.953716 0
    outer loop
      vertex 3.88229 8.48889 0
      vertex 5.1303 8.09539 5
      vertex 3.88229 8.48889 5
    endloop
  endfacet
  facet normal -0.300709 -0.953716 -0
    outer loop
      vertex 5.1303 8.09539 5
      vertex 3.88229 8.48889 0
      vertex 5.1303 8.09539 0
    endloop
  endfacet
  facet normal 0.216439 -0.976296 0
    outer loop
      vertex -3.88229 8.48889 0
      vertex -2.60472 8.77212 5
      vertex -3.88229 8.48889 5
    endloop
  endfacet
  facet normal 0.216439 -0.976296 0
    outer loop
      vertex -2.60472 8.77212 5
      vertex -3.88229 8.48889 0
      vertex -2.60472 8.77212 0
    endloop
  endfacet
  facet normal 0.300709 0.953716 -0
    outer loop
      vertex -3.88229 -20.4889 0
      vertex -5.1303 -20.0954 5
      vertex -3.88229 -20.4889 5
    endloop
  endfacet
  facet normal 0.300709 0.953716 0
    outer loop
      vertex -5.1303 -20.0954 5
      vertex -3.88229 -20.4889 0
      vertex -5.1303 -20.0954 0
    endloop
  endfacet
  facet normal 0.976301 -0.216417 0
    outer loop
      vertex -14.7721 -3.39528 5
      vertex -14.4889 -2.11771 0
      vertex -14.4889 -2.11771 5
    endloop
  endfacet
  facet normal 0.976301 -0.216417 0
    outer loop
      vertex -14.4889 -2.11771 0
      vertex -14.7721 -3.39528 5
      vertex -14.7721 -3.39528 0
    endloop
  endfacet
  facet normal 0.999048 0.0436349 0
    outer loop
      vertex -14.9429 -7.30734 5
      vertex -15 -6 0
      vertex -15 -6 5
    endloop
  endfacet
  facet normal 0.999048 0.0436349 0
    outer loop
      vertex -15 -6 0
      vertex -14.9429 -7.30734 5
      vertex -14.9429 -7.30734 0
    endloop
  endfacet
  facet normal 0.999048 -0.0436349 0
    outer loop
      vertex -15 -6 5
      vertex -14.9429 -4.69266 0
      vertex -14.9429 -4.69266 5
    endloop
  endfacet
  facet normal 0.999048 -0.0436349 0
    outer loop
      vertex -14.9429 -4.69266 0
      vertex -15 -6 5
      vertex -15 -6 0
    endloop
  endfacet
  facet normal 0.382702 0.923872 -0
    outer loop
      vertex -5.1303 -20.0954 0
      vertex -6.33927 -19.5946 5
      vertex -5.1303 -20.0954 5
    endloop
  endfacet
  facet normal 0.382702 0.923872 0
    outer loop
      vertex -6.33927 -19.5946 5
      vertex -5.1303 -20.0954 0
      vertex -6.33927 -19.5946 0
    endloop
  endfacet
  facet normal 0.923872 -0.382702 0
    outer loop
      vertex -14.0954 -0.869698 5
      vertex -13.5946 0.339273 0
      vertex -13.5946 0.339273 5
    endloop
  endfacet
  facet normal 0.923872 -0.382702 0
    outer loop
      vertex -13.5946 0.339273 0
      vertex -14.0954 -0.869698 5
      vertex -14.0954 -0.869698 0
    endloop
  endfacet
  facet normal 0.300709 -0.953716 0
    outer loop
      vertex -5.1303 8.09539 0
      vertex -3.88229 8.48889 5
      vertex -5.1303 8.09539 5
    endloop
  endfacet
  facet normal 0.300709 -0.953716 0
    outer loop
      vertex -3.88229 8.48889 5
      vertex -5.1303 8.09539 0
      vertex -3.88229 8.48889 0
    endloop
  endfacet
  facet normal -0.216417 0.976301 0
    outer loop
      vertex 3.88229 -20.4889 0
      vertex 2.60472 -20.7721 5
      vertex 3.88229 -20.4889 5
    endloop
  endfacet
  facet normal -0.216417 0.976301 0
    outer loop
      vertex 2.60472 -20.7721 5
      vertex 3.88229 -20.4889 0
      vertex 2.60472 -20.7721 0
    endloop
  endfacet
  facet normal 0 -0.608937 -0.793218
    outer loop
      vertex -35 1.51998 33.1708
      vertex -30 1.70339 33.03
      vertex -30 1.51998 33.1708
    endloop
  endfacet
  facet normal -0 -0.608937 -0.793218
    outer loop
      vertex -30 1.70339 33.03
      vertex -35 1.51998 33.1708
      vertex -35 1.70339 33.03
    endloop
  endfacet
  facet normal 0 0.216286 -0.97633
    outer loop
      vertex -35 -0.68587 33.5597
      vertex -30 -0.460167 33.6097
      vertex -30 -0.68587 33.5597
    endloop
  endfacet
  facet normal 0 0.216286 -0.97633
    outer loop
      vertex -30 -0.460167 33.6097
      vertex -35 -0.68587 33.5597
      vertex -35 -0.460167 33.6097
    endloop
  endfacet
  facet normal 0 0.976293 0.216454
    outer loop
      vertex -30 -2.5597 30.3141
      vertex -35 -2.60974 30.5398
      vertex -30 -2.60974 30.5398
    endloop
  endfacet
  facet normal 0 0.976293 0.216454
    outer loop
      vertex -35 -2.60974 30.5398
      vertex -30 -2.5597 30.3141
      vertex -35 -2.5597 30.3141
    endloop
  endfacet
  facet normal 0 -0.976293 0.216454
    outer loop
      vertex -35 2.5597 30.3141
      vertex -30 2.60974 30.5398
      vertex -35 2.60974 30.5398
    endloop
  endfacet
  facet normal 0 -0.976293 0.216454
    outer loop
      vertex -30 2.60974 30.5398
      vertex -35 2.5597 30.3141
      vertex -30 2.5597 30.3141
    endloop
  endfacet
  facet normal 0 0.0436884 -0.999045
    outer loop
      vertex -35 -0.230962 33.6399
      vertex -30 0 33.65
      vertex -30 -0.230962 33.6399
    endloop
  endfacet
  facet normal 0 0.0436884 -0.999045
    outer loop
      vertex -30 0 33.65
      vertex -35 -0.230962 33.6399
      vertex -35 0 33.65
    endloop
  endfacet
  facet normal 0 -0.887043 0.461686
    outer loop
      vertex -35 2.29497 29.675
      vertex -30 2.40172 29.8801
      vertex -35 2.40172 29.8801
    endloop
  endfacet
  facet normal 0 -0.887043 0.461686
    outer loop
      vertex -30 2.40172 29.8801
      vertex -35 2.29497 29.675
      vertex -30 2.29497 29.675
    endloop
  endfacet
  facet normal 0 -0.976293 -0.216454
    outer loop
      vertex -35 2.60974 31.4602
      vertex -30 2.5597 31.6859
      vertex -35 2.5597 31.6859
    endloop
  endfacet
  facet normal 0 -0.976293 -0.216454
    outer loop
      vertex -30 2.5597 31.6859
      vertex -35 2.60974 31.4602
      vertex -30 2.60974 31.4602
    endloop
  endfacet
  facet normal 0 -0.991442 -0.130549
    outer loop
      vertex -35 2.63992 31.231
      vertex -30 2.60974 31.4602
      vertex -35 2.60974 31.4602
    endloop
  endfacet
  facet normal 0 -0.991442 -0.130549
    outer loop
      vertex -30 2.60974 31.4602
      vertex -35 2.63992 31.231
      vertex -30 2.63992 31.231
    endloop
  endfacet
  facet normal 0 0.737176 0.675701
    outer loop
      vertex -30 -1.87383 29.1262
      vertex -35 -2.03002 29.2966
      vertex -30 -2.03002 29.2966
    endloop
  endfacet
  facet normal 0 0.737176 0.675701
    outer loop
      vertex -35 -2.03002 29.2966
      vertex -30 -1.87383 29.1262
      vertex -35 -1.87383 29.1262
    endloop
  endfacet
  facet normal 0 0.976293 -0.216454
    outer loop
      vertex -30 -2.60974 31.4602
      vertex -35 -2.5597 31.6859
      vertex -30 -2.5597 31.6859
    endloop
  endfacet
  facet normal 0 0.976293 -0.216454
    outer loop
      vertex -35 -2.5597 31.6859
      vertex -30 -2.60974 31.4602
      vertex -35 -2.60974 31.4602
    endloop
  endfacet
  facet normal 0 0.953721 -0.300692
    outer loop
      vertex -30 -2.5597 31.6859
      vertex -35 -2.49018 31.9064
      vertex -30 -2.49018 31.9064
    endloop
  endfacet
  facet normal 0 0.953721 -0.300692
    outer loop
      vertex -35 -2.49018 31.9064
      vertex -30 -2.5597 31.6859
      vertex -35 -2.5597 31.6859
    endloop
  endfacet
  facet normal -0 0.130631 0.991431
    outer loop
      vertex -35 -0.230962 28.3601
      vertex -30 -0.460167 28.3903
      vertex -30 -0.230962 28.3601
    endloop
  endfacet
  facet normal 0 0.130631 0.991431
    outer loop
      vertex -30 -0.460167 28.3903
      vertex -35 -0.230962 28.3601
      vertex -35 -0.460167 28.3903
    endloop
  endfacet
  facet normal 0 -0.216286 0.97633
    outer loop
      vertex -35 0.68587 28.4403
      vertex -30 0.460167 28.3903
      vertex -30 0.68587 28.4403
    endloop
  endfacet
  facet normal 0 -0.216286 0.97633
    outer loop
      vertex -30 0.460167 28.3903
      vertex -35 0.68587 28.4403
      vertex -35 0.460167 28.3903
    endloop
  endfacet
  facet normal 0 0.923841 0.382777
    outer loop
      vertex -30 -2.40172 29.8801
      vertex -35 -2.49018 30.0936
      vertex -30 -2.49018 30.0936
    endloop
  endfacet
  facet normal 0 0.923841 0.382777
    outer loop
      vertex -35 -2.49018 30.0936
      vertex -30 -2.40172 29.8801
      vertex -35 -2.40172 29.8801
    endloop
  endfacet
  facet normal 0 -0.216286 -0.97633
    outer loop
      vertex -35 0.460167 33.6097
      vertex -30 0.68587 33.5597
      vertex -30 0.460167 33.6097
    endloop
  endfacet
  facet normal -0 -0.216286 -0.97633
    outer loop
      vertex -30 0.68587 33.5597
      vertex -35 0.460167 33.6097
      vertex -35 0.68587 33.5597
    endloop
  endfacet
  facet normal 0 0.300635 -0.953739
    outer loop
      vertex -35 -0.906353 33.4902
      vertex -30 -0.68587 33.5597
      vertex -30 -0.906353 33.4902
    endloop
  endfacet
  facet normal 0 0.300635 -0.953739
    outer loop
      vertex -30 -0.68587 33.5597
      vertex -35 -0.906353 33.4902
      vertex -35 -0.68587 33.5597
    endloop
  endfacet
  facet normal 0 0.991442 -0.130549
    outer loop
      vertex -30 -2.63992 31.231
      vertex -35 -2.60974 31.4602
      vertex -30 -2.60974 31.4602
    endloop
  endfacet
  facet normal 0 0.991442 -0.130549
    outer loop
      vertex -35 -2.60974 31.4602
      vertex -30 -2.63992 31.231
      vertex -35 -2.63992 31.231
    endloop
  endfacet
  facet normal 0 -0.923841 -0.382777
    outer loop
      vertex -35 2.49018 31.9064
      vertex -30 2.40172 32.1199
      vertex -35 2.40172 32.1199
    endloop
  endfacet
  facet normal 0 -0.923841 -0.382777
    outer loop
      vertex -30 2.40172 32.1199
      vertex -35 2.49018 31.9064
      vertex -30 2.49018 31.9064
    endloop
  endfacet
  facet normal 0 -0.999049 0.0435949
    outer loop
      vertex -35 2.63992 30.769
      vertex -30 2.65 31
      vertex -35 2.65 31
    endloop
  endfacet
  facet normal 0 -0.999049 0.0435949
    outer loop
      vertex -30 2.65 31
      vertex -35 2.63992 30.769
      vertex -30 2.63992 30.769
    endloop
  endfacet
  facet normal 0 -0.300635 -0.953739
    outer loop
      vertex -35 0.68587 33.5597
      vertex -30 0.906353 33.4902
      vertex -30 0.68587 33.5597
    endloop
  endfacet
  facet normal -0 -0.300635 -0.953739
    outer loop
      vertex -30 0.906353 33.4902
      vertex -35 0.68587 33.5597
      vertex -35 0.906353 33.4902
    endloop
  endfacet
  facet normal 0 0.887043 -0.461686
    outer loop
      vertex -30 -2.40172 32.1199
      vertex -35 -2.29497 32.325
      vertex -30 -2.29497 32.325
    endloop
  endfacet
  facet normal 0 0.887043 -0.461686
    outer loop
      vertex -35 -2.29497 32.325
      vertex -30 -2.40172 32.1199
      vertex -35 -2.40172 32.1199
    endloop
  endfacet
  facet normal 0 0.737176 -0.675701
    outer loop
      vertex -30 -2.03002 32.7034
      vertex -35 -1.87383 32.8738
      vertex -30 -1.87383 32.8738
    endloop
  endfacet
  facet normal 0 0.737176 -0.675701
    outer loop
      vertex -35 -1.87383 32.8738
      vertex -30 -2.03002 32.7034
      vertex -35 -2.03002 32.7034
    endloop
  endfacet
  facet normal 0 0.537251 -0.843423
    outer loop
      vertex -35 -1.51998 33.1708
      vertex -30 -1.325 33.295
      vertex -30 -1.51998 33.1708
    endloop
  endfacet
  facet normal 0 0.537251 -0.843423
    outer loop
      vertex -30 -1.325 33.295
      vertex -35 -1.51998 33.1708
      vertex -35 -1.325 33.295
    endloop
  endfacet
  facet normal 0 -0.887043 -0.461686
    outer loop
      vertex -35 2.40172 32.1199
      vertex -30 2.29497 32.325
      vertex -35 2.29497 32.325
    endloop
  endfacet
  facet normal 0 -0.887043 -0.461686
    outer loop
      vertex -30 2.29497 32.325
      vertex -35 2.40172 32.1199
      vertex -30 2.40172 32.1199
    endloop
  endfacet
  facet normal 0 -0.843408 0.537273
    outer loop
      vertex -35 2.17075 29.48
      vertex -30 2.29497 29.675
      vertex -35 2.29497 29.675
    endloop
  endfacet
  facet normal 0 -0.843408 0.537273
    outer loop
      vertex -30 2.29497 29.675
      vertex -35 2.17075 29.48
      vertex -30 2.17075 29.48
    endloop
  endfacet
  facet normal 0 0.130631 -0.991431
    outer loop
      vertex -35 -0.460167 33.6097
      vertex -30 -0.230962 33.6399
      vertex -30 -0.460167 33.6097
    endloop
  endfacet
  facet normal 0 0.130631 -0.991431
    outer loop
      vertex -30 -0.230962 33.6399
      vertex -35 -0.460167 33.6097
      vertex -35 -0.230962 33.6399
    endloop
  endfacet
  facet normal 0 -0.461587 0.887095
    outer loop
      vertex -35 1.325 28.705
      vertex -30 1.11994 28.5983
      vertex -30 1.325 28.705
    endloop
  endfacet
  facet normal 0 -0.461587 0.887095
    outer loop
      vertex -30 1.11994 28.5983
      vertex -35 1.325 28.705
      vertex -35 1.11994 28.5983
    endloop
  endfacet
  facet normal 0 -0.130631 0.991431
    outer loop
      vertex -35 0.460167 28.3903
      vertex -30 0.230962 28.3601
      vertex -30 0.460167 28.3903
    endloop
  endfacet
  facet normal 0 -0.130631 0.991431
    outer loop
      vertex -30 0.230962 28.3601
      vertex -35 0.460167 28.3903
      vertex -35 0.230962 28.3601
    endloop
  endfacet
  facet normal 0 0.793349 0.608768
    outer loop
      vertex -30 -2.03002 29.2966
      vertex -35 -2.17075 29.48
      vertex -30 -2.17075 29.48
    endloop
  endfacet
  facet normal 0 0.793349 0.608768
    outer loop
      vertex -35 -2.17075 29.48
      vertex -30 -2.03002 29.2966
      vertex -35 -2.03002 29.2966
    endloop
  endfacet
  facet normal -0 0.675638 0.737233
    outer loop
      vertex -35 -1.70339 28.97
      vertex -30 -1.87383 29.1262
      vertex -30 -1.70339 28.97
    endloop
  endfacet
  facet normal 0 0.675638 0.737233
    outer loop
      vertex -30 -1.87383 29.1262
      vertex -35 -1.70339 28.97
      vertex -35 -1.87383 29.1262
    endloop
  endfacet
  facet normal 0 0.793349 -0.608768
    outer loop
      vertex -30 -2.17075 32.52
      vertex -35 -2.03002 32.7034
      vertex -30 -2.03002 32.7034
    endloop
  endfacet
  facet normal 0 0.793349 -0.608768
    outer loop
      vertex -35 -2.03002 32.7034
      vertex -30 -2.17075 32.52
      vertex -35 -2.17075 32.52
    endloop
  endfacet
  facet normal 0 -0.300635 0.953739
    outer loop
      vertex -35 0.906353 28.5098
      vertex -30 0.68587 28.4403
      vertex -30 0.906353 28.5098
    endloop
  endfacet
  facet normal 0 -0.300635 0.953739
    outer loop
      vertex -30 0.68587 28.4403
      vertex -35 0.906353 28.5098
      vertex -35 0.68587 28.4403
    endloop
  endfacet
  facet normal 0 0.843408 0.537273
    outer loop
      vertex -30 -2.17075 29.48
      vertex -35 -2.29497 29.675
      vertex -30 -2.29497 29.675
    endloop
  endfacet
  facet normal 0 0.843408 0.537273
    outer loop
      vertex -35 -2.29497 29.675
      vertex -30 -2.17075 29.48
      vertex -35 -2.17075 29.48
    endloop
  endfacet
  facet normal -0 0.461587 0.887095
    outer loop
      vertex -35 -1.11994 28.5983
      vertex -30 -1.325 28.705
      vertex -30 -1.11994 28.5983
    endloop
  endfacet
  facet normal 0 0.461587 0.887095
    outer loop
      vertex -30 -1.325 28.705
      vertex -35 -1.11994 28.5983
      vertex -35 -1.325 28.705
    endloop
  endfacet
  facet normal -0 0.300635 0.953739
    outer loop
      vertex -35 -0.68587 28.4403
      vertex -30 -0.906353 28.5098
      vertex -30 -0.68587 28.4403
    endloop
  endfacet
  facet normal 0 0.300635 0.953739
    outer loop
      vertex -30 -0.906353 28.5098
      vertex -35 -0.68587 28.4403
      vertex -35 -0.906353 28.5098
    endloop
  endfacet
  facet normal 0 -0.0436884 -0.999045
    outer loop
      vertex -35 0 33.65
      vertex -30 0.230962 33.6399
      vertex -30 0 33.65
    endloop
  endfacet
  facet normal -0 -0.0436884 -0.999045
    outer loop
      vertex -30 0.230962 33.6399
      vertex -35 0 33.65
      vertex -35 0.230962 33.6399
    endloop
  endfacet
  facet normal 0 0.843408 -0.537273
    outer loop
      vertex -30 -2.29497 32.325
      vertex -35 -2.17075 32.52
      vertex -30 -2.17075 32.52
    endloop
  endfacet
  facet normal 0 0.843408 -0.537273
    outer loop
      vertex -35 -2.17075 32.52
      vertex -30 -2.29497 32.325
      vertex -35 -2.29497 32.325
    endloop
  endfacet
  facet normal 0 -0.999049 -0.0435949
    outer loop
      vertex -35 2.65 31
      vertex -30 2.63992 31.231
      vertex -35 2.63992 31.231
    endloop
  endfacet
  facet normal 0 -0.999049 -0.0435949
    outer loop
      vertex -30 2.63992 31.231
      vertex -35 2.65 31
      vertex -30 2.65 31
    endloop
  endfacet
  facet normal 0 -0.537251 -0.843423
    outer loop
      vertex -35 1.325 33.295
      vertex -30 1.51998 33.1708
      vertex -30 1.325 33.295
    endloop
  endfacet
  facet normal -0 -0.537251 -0.843423
    outer loop
      vertex -30 1.51998 33.1708
      vertex -35 1.325 33.295
      vertex -35 1.51998 33.1708
    endloop
  endfacet
  facet normal 0 0.999049 -0.0435949
    outer loop
      vertex -30 -2.65 31
      vertex -35 -2.63992 31.231
      vertex -30 -2.63992 31.231
    endloop
  endfacet
  facet normal 0 0.999049 -0.0435949
    outer loop
      vertex -35 -2.63992 31.231
      vertex -30 -2.65 31
      vertex -35 -2.65 31
    endloop
  endfacet
  facet normal 0 0.608937 -0.793218
    outer loop
      vertex -35 -1.70339 33.03
      vertex -30 -1.51998 33.1708
      vertex -30 -1.70339 33.03
    endloop
  endfacet
  facet normal 0 0.608937 -0.793218
    outer loop
      vertex -30 -1.51998 33.1708
      vertex -35 -1.70339 33.03
      vertex -35 -1.51998 33.1708
    endloop
  endfacet
  facet normal 0 -0.675638 -0.737233
    outer loop
      vertex -35 1.70339 33.03
      vertex -30 1.87383 32.8738
      vertex -30 1.70339 33.03
    endloop
  endfacet
  facet normal -0 -0.675638 -0.737233
    outer loop
      vertex -30 1.87383 32.8738
      vertex -35 1.70339 33.03
      vertex -35 1.87383 32.8738
    endloop
  endfacet
  facet normal 0 -0.793349 -0.608768
    outer loop
      vertex -35 2.17075 32.52
      vertex -30 2.03002 32.7034
      vertex -35 2.03002 32.7034
    endloop
  endfacet
  facet normal 0 -0.793349 -0.608768
    outer loop
      vertex -30 2.03002 32.7034
      vertex -35 2.17075 32.52
      vertex -30 2.17075 32.52
    endloop
  endfacet
  facet normal 0 0.887043 0.461686
    outer loop
      vertex -30 -2.29497 29.675
      vertex -35 -2.40172 29.8801
      vertex -30 -2.40172 29.8801
    endloop
  endfacet
  facet normal 0 0.887043 0.461686
    outer loop
      vertex -35 -2.40172 29.8801
      vertex -30 -2.29497 29.675
      vertex -35 -2.29497 29.675
    endloop
  endfacet
  facet normal 0 0.382792 -0.923835
    outer loop
      vertex -35 -1.11994 33.4017
      vertex -30 -0.906353 33.4902
      vertex -30 -1.11994 33.4017
    endloop
  endfacet
  facet normal 0 0.382792 -0.923835
    outer loop
      vertex -30 -0.906353 33.4902
      vertex -35 -1.11994 33.4017
      vertex -35 -0.906353 33.4902
    endloop
  endfacet
  facet normal 0 0.675638 -0.737233
    outer loop
      vertex -35 -1.87383 32.8738
      vertex -30 -1.70339 33.03
      vertex -30 -1.87383 32.8738
    endloop
  endfacet
  facet normal 0 0.675638 -0.737233
    outer loop
      vertex -30 -1.70339 33.03
      vertex -35 -1.87383 32.8738
      vertex -35 -1.70339 33.03
    endloop
  endfacet
  facet normal 0 0.461587 -0.887095
    outer loop
      vertex -35 -1.325 33.295
      vertex -30 -1.11994 33.4017
      vertex -30 -1.325 33.295
    endloop
  endfacet
  facet normal 0 0.461587 -0.887095
    outer loop
      vertex -30 -1.11994 33.4017
      vertex -35 -1.325 33.295
      vertex -35 -1.11994 33.4017
    endloop
  endfacet
  facet normal 0 -0.382792 0.923835
    outer loop
      vertex -35 1.11994 28.5983
      vertex -30 0.906353 28.5098
      vertex -30 1.11994 28.5983
    endloop
  endfacet
  facet normal 0 -0.382792 0.923835
    outer loop
      vertex -30 0.906353 28.5098
      vertex -35 1.11994 28.5983
      vertex -35 0.906353 28.5098
    endloop
  endfacet
  facet normal 0 -0.608937 0.793218
    outer loop
      vertex -35 1.70339 28.97
      vertex -30 1.51998 28.8292
      vertex -30 1.70339 28.97
    endloop
  endfacet
  facet normal 0 -0.608937 0.793218
    outer loop
      vertex -30 1.51998 28.8292
      vertex -35 1.70339 28.97
      vertex -35 1.51998 28.8292
    endloop
  endfacet
  facet normal 0 -0.843408 -0.537273
    outer loop
      vertex -35 2.29497 32.325
      vertex -30 2.17075 32.52
      vertex -35 2.17075 32.52
    endloop
  endfacet
  facet normal 0 -0.843408 -0.537273
    outer loop
      vertex -30 2.17075 32.52
      vertex -35 2.29497 32.325
      vertex -30 2.29497 32.325
    endloop
  endfacet
  facet normal 0 0.999049 0.0435949
    outer loop
      vertex -30 -2.63992 30.769
      vertex -35 -2.65 31
      vertex -30 -2.65 31
    endloop
  endfacet
  facet normal 0 0.999049 0.0435949
    outer loop
      vertex -35 -2.65 31
      vertex -30 -2.63992 30.769
      vertex -35 -2.63992 30.769
    endloop
  endfacet
  facet normal 0 -0.537251 0.843423
    outer loop
      vertex -35 1.51998 28.8292
      vertex -30 1.325 28.705
      vertex -30 1.51998 28.8292
    endloop
  endfacet
  facet normal 0 -0.537251 0.843423
    outer loop
      vertex -30 1.325 28.705
      vertex -35 1.51998 28.8292
      vertex -35 1.325 28.705
    endloop
  endfacet
  facet normal 0 -0.953721 0.300692
    outer loop
      vertex -35 2.49018 30.0936
      vertex -30 2.5597 30.3141
      vertex -35 2.5597 30.3141
    endloop
  endfacet
  facet normal 0 -0.953721 0.300692
    outer loop
      vertex -30 2.5597 30.3141
      vertex -35 2.49018 30.0936
      vertex -30 2.49018 30.0936
    endloop
  endfacet
  facet normal 0 -0.0436884 0.999045
    outer loop
      vertex -35 0.230962 28.3601
      vertex -30 0 28.35
      vertex -30 0.230962 28.3601
    endloop
  endfacet
  facet normal 0 -0.0436884 0.999045
    outer loop
      vertex -30 0 28.35
      vertex -35 0.230962 28.3601
      vertex -35 0 28.35
    endloop
  endfacet
  facet normal 0 0.991442 0.130549
    outer loop
      vertex -30 -2.60974 30.5398
      vertex -35 -2.63992 30.769
      vertex -30 -2.63992 30.769
    endloop
  endfacet
  facet normal 0 0.991442 0.130549
    outer loop
      vertex -35 -2.63992 30.769
      vertex -30 -2.60974 30.5398
      vertex -35 -2.60974 30.5398
    endloop
  endfacet
  facet normal 0 0.953721 0.300692
    outer loop
      vertex -30 -2.49018 30.0936
      vertex -35 -2.5597 30.3141
      vertex -30 -2.5597 30.3141
    endloop
  endfacet
  facet normal 0 0.953721 0.300692
    outer loop
      vertex -35 -2.5597 30.3141
      vertex -30 -2.49018 30.0936
      vertex -35 -2.49018 30.0936
    endloop
  endfacet
  facet normal 0 -0.675638 0.737233
    outer loop
      vertex -35 1.87383 29.1262
      vertex -30 1.70339 28.97
      vertex -30 1.87383 29.1262
    endloop
  endfacet
  facet normal 0 -0.675638 0.737233
    outer loop
      vertex -30 1.70339 28.97
      vertex -35 1.87383 29.1262
      vertex -35 1.70339 28.97
    endloop
  endfacet
  facet normal 0 -0.130631 -0.991431
    outer loop
      vertex -35 0.230962 33.6399
      vertex -30 0.460167 33.6097
      vertex -30 0.230962 33.6399
    endloop
  endfacet
  facet normal -0 -0.130631 -0.991431
    outer loop
      vertex -30 0.460167 33.6097
      vertex -35 0.230962 33.6399
      vertex -35 0.460167 33.6097
    endloop
  endfacet
  facet normal -0 0.608937 0.793218
    outer loop
      vertex -35 -1.51998 28.8292
      vertex -30 -1.70339 28.97
      vertex -30 -1.51998 28.8292
    endloop
  endfacet
  facet normal 0 0.608937 0.793218
    outer loop
      vertex -30 -1.70339 28.97
      vertex -35 -1.51998 28.8292
      vertex -35 -1.70339 28.97
    endloop
  endfacet
  facet normal -0 0.216286 0.97633
    outer loop
      vertex -35 -0.460167 28.3903
      vertex -30 -0.68587 28.4403
      vertex -30 -0.460167 28.3903
    endloop
  endfacet
  facet normal 0 0.216286 0.97633
    outer loop
      vertex -30 -0.68587 28.4403
      vertex -35 -0.460167 28.3903
      vertex -35 -0.68587 28.4403
    endloop
  endfacet
  facet normal 0 -0.382792 -0.923835
    outer loop
      vertex -35 0.906353 33.4902
      vertex -30 1.11994 33.4017
      vertex -30 0.906353 33.4902
    endloop
  endfacet
  facet normal -0 -0.382792 -0.923835
    outer loop
      vertex -30 1.11994 33.4017
      vertex -35 0.906353 33.4902
      vertex -35 1.11994 33.4017
    endloop
  endfacet
  facet normal 0 -0.461587 -0.887095
    outer loop
      vertex -35 1.11994 33.4017
      vertex -30 1.325 33.295
      vertex -30 1.11994 33.4017
    endloop
  endfacet
  facet normal -0 -0.461587 -0.887095
    outer loop
      vertex -30 1.325 33.295
      vertex -35 1.11994 33.4017
      vertex -35 1.325 33.295
    endloop
  endfacet
  facet normal 0 -0.737176 0.675701
    outer loop
      vertex -35 1.87383 29.1262
      vertex -30 2.03002 29.2966
      vertex -35 2.03002 29.2966
    endloop
  endfacet
  facet normal 0 -0.737176 0.675701
    outer loop
      vertex -30 2.03002 29.2966
      vertex -35 1.87383 29.1262
      vertex -30 1.87383 29.1262
    endloop
  endfacet
  facet normal 0 -0.793349 0.608768
    outer loop
      vertex -35 2.03002 29.2966
      vertex -30 2.17075 29.48
      vertex -35 2.17075 29.48
    endloop
  endfacet
  facet normal 0 -0.793349 0.608768
    outer loop
      vertex -30 2.17075 29.48
      vertex -35 2.03002 29.2966
      vertex -30 2.03002 29.2966
    endloop
  endfacet
  facet normal 0 -0.991442 0.130549
    outer loop
      vertex -35 2.60974 30.5398
      vertex -30 2.63992 30.769
      vertex -35 2.63992 30.769
    endloop
  endfacet
  facet normal 0 -0.991442 0.130549
    outer loop
      vertex -30 2.63992 30.769
      vertex -35 2.60974 30.5398
      vertex -30 2.60974 30.5398
    endloop
  endfacet
  facet normal -0 0.537251 0.843423
    outer loop
      vertex -35 -1.325 28.705
      vertex -30 -1.51998 28.8292
      vertex -30 -1.325 28.705
    endloop
  endfacet
  facet normal 0 0.537251 0.843423
    outer loop
      vertex -30 -1.51998 28.8292
      vertex -35 -1.325 28.705
      vertex -35 -1.51998 28.8292
    endloop
  endfacet
  facet normal -0 0.0436884 0.999045
    outer loop
      vertex -35 0 28.35
      vertex -30 -0.230962 28.3601
      vertex -30 0 28.35
    endloop
  endfacet
  facet normal 0 0.0436884 0.999045
    outer loop
      vertex -30 -0.230962 28.3601
      vertex -35 0 28.35
      vertex -35 -0.230962 28.3601
    endloop
  endfacet
  facet normal 0 -0.953721 -0.300692
    outer loop
      vertex -35 2.5597 31.6859
      vertex -30 2.49018 31.9064
      vertex -35 2.49018 31.9064
    endloop
  endfacet
  facet normal 0 -0.953721 -0.300692
    outer loop
      vertex -30 2.49018 31.9064
      vertex -35 2.5597 31.6859
      vertex -30 2.5597 31.6859
    endloop
  endfacet
  facet normal -0 0.382792 0.923835
    outer loop
      vertex -35 -0.906353 28.5098
      vertex -30 -1.11994 28.5983
      vertex -30 -0.906353 28.5098
    endloop
  endfacet
  facet normal 0 0.382792 0.923835
    outer loop
      vertex -30 -1.11994 28.5983
      vertex -35 -0.906353 28.5098
      vertex -35 -1.11994 28.5983
    endloop
  endfacet
  facet normal 0 -0.737176 -0.675701
    outer loop
      vertex -35 2.03002 32.7034
      vertex -30 1.87383 32.8738
      vertex -35 1.87383 32.8738
    endloop
  endfacet
  facet normal 0 -0.737176 -0.675701
    outer loop
      vertex -30 1.87383 32.8738
      vertex -35 2.03002 32.7034
      vertex -30 2.03002 32.7034
    endloop
  endfacet
  facet normal 0 0.923841 -0.382777
    outer loop
      vertex -30 -2.49018 31.9064
      vertex -35 -2.40172 32.1199
      vertex -30 -2.40172 32.1199
    endloop
  endfacet
  facet normal 0 0.923841 -0.382777
    outer loop
      vertex -35 -2.40172 32.1199
      vertex -30 -2.49018 31.9064
      vertex -35 -2.49018 31.9064
    endloop
  endfacet
  facet normal 0 -0.923841 0.382777
    outer loop
      vertex -35 2.40172 29.8801
      vertex -30 2.49018 30.0936
      vertex -35 2.49018 30.0936
    endloop
  endfacet
  facet normal 0 -0.923841 0.382777
    outer loop
      vertex -30 2.49018 30.0936
      vertex -35 2.40172 29.8801
      vertex -30 2.40172 29.8801
    endloop
  endfacet
endsolid OpenSCAD_Model
