solid OpenSCAD_Model
  facet normal 0 0 1
    outer loop
      vertex -10.868618817494703 -6.2749999999999995 5
      vertex -12.081054382792917 -6.975 5
      vertex -11.427171017831435 -8.001391287097093 5
    endloop
  endfacet
  facet normal 0 0 1
    outer loop
      vertex -9.613857761143173 -8.066984501566067 5
      vertex -11.427171017831435 -8.001391287097093 5
      vertex -10.686319981509742 -8.966887155127221 5
    endloop
  endfacet
  facet normal 0 0 1
    outer loop
      vertex -10.868618817494703 -6.2749999999999995 5
      vertex -11.427171017831435 -8.001391287097093 5
      vertex -10.280358155826846 -7.198384276205627 5
    endloop
  endfacet
  facet normal 0 0 1
    outer loop
      vertex -7.198384276205627 -10.280358155826846 5
      vertex -8.966887155127223 -10.686319981509742 5
      vertex -8.001391287097093 -11.427171017831435 5
    endloop
  endfacet
  facet normal 0 0 1
    outer loop
      vertex -6.2749999999999995 -10.868618817494703 5
      vertex -8.001391287097093 -11.427171017831435 5
      vertex -6.975 -12.081054382792917 5
    endloop
  endfacet
  facet normal 0 0 1
    outer loop
      vertex -6.2749999999999995 -10.868618817494703 5
      vertex -7.198384276205627 -10.280358155826846 5
      vertex -8.001391287097093 -11.427171017831435 5
    endloop
  endfacet
  facet normal 0 0 1
    outer loop
      vertex -8.874190103891172 -8.874190103891172 5
      vertex -10.686319981509742 -8.966887155127221 5
      vertex -9.864139597552338 -9.864139597552338 5
    endloop
  endfacet
  facet normal 0 0 1
    outer loop
      vertex -8.066984501566067 -9.613857761143173 5
      vertex -9.864139597552338 -9.864139597552338 5
      vertex -8.966887155127223 -10.686319981509742 5
    endloop
  endfacet
  facet normal 0 0 1
    outer loop
      vertex -8.066984501566067 -9.613857761143173 5
      vertex -8.874190103891172 -8.874190103891172 5
      vertex -9.864139597552338 -9.864139597552338 5
    endloop
  endfacet
  facet normal 0 0 1
    outer loop
      vertex -9.613857761143173 -8.066984501566067 5
      vertex -10.686319981509742 -8.966887155127221 5
      vertex -8.874190103891172 -8.874190103891172 5
    endloop
  endfacet
  facet normal 0 0 1
    outer loop
      vertex -9.613857761143173 -8.066984501566067 5
      vertex -10.280358155826846 -7.198384276205627 5
      vertex -11.427171017831435 -8.001391287097093 5
    endloop
  endfacet
  facet normal 0 0 1
    outer loop
      vertex -8.066984501566067 -9.613857761143173 5
      vertex -8.966887155127223 -10.686319981509742 5
      vertex -7.198384276205627 -10.280358155826846 5
    endloop
  endfacet
  facet normal 0 0 1
    outer loop
      vertex -12.502243461051405 -1.09380457148311 5
      vertex -13.108712059963421 -4.771180999393079 5
      vertex -12.642993629161266 -5.895524751282757 5
    endloop
  endfacet
  facet normal 0 0 1
    outer loop
      vertex -12.122369119927805 -3.248179016036635 5
      vertex -12.35933730030321 -2.1792846297199753 5
      vertex -12.642993629161266 -5.895524751282757 5
    endloop
  endfacet
  facet normal 0 0 1
    outer loop
      vertex -10.868618817494703 -6.2749999999999995 5
      vertex -11.374162727309956 -5.303859184845778 5
      vertex -12.081054382792917 -6.975 5
    endloop
  endfacet
  facet normal 0 0 1
    outer loop
      vertex -11.79314239086315 -4.292352798737142 5
      vertex -12.642993629161266 -5.895524751282757 5
      vertex -12.081054382792917 -6.975 5
    endloop
  endfacet
  facet normal 0 0 1
    outer loop
      vertex -11.79314239086315 -4.292352798737142 5
      vertex -12.081054382792917 -6.975 5
      vertex -11.374162727309956 -5.303859184845778 5
    endloop
  endfacet
  facet normal 0 0 1
    outer loop
      vertex -11.79314239086315 -4.292352798737142 5
      vertex -12.122369119927805 -3.248179016036635 5
      vertex -12.642993629161266 -5.895524751282757 5
    endloop
  endfacet
  facet normal 0 0 1
    outer loop
      vertex -12.35933730030321 -2.1792846297199753 5
      vertex -12.502243461051405 -1.09380457148311 5
      vertex -12.642993629161266 -5.895524751282757 5
    endloop
  endfacet
  facet normal 0 0 1
    outer loop
      vertex -12.502243461051405 -1.09380457148311 5
      vertex -12.549999999999999 0 5
      vertex -13.108712059963421 -4.771180999393079 5
    endloop
  endfacet
  facet normal 0 0 1
    outer loop
      vertex -13.7380681545203 -2.422392078453678 5
      vertex -13.474665276732502 3.610525679180164 5
      vertex -13.89691603837985 -1.2158226113298314 5
    endloop
  endfacet
  facet normal 0 0 1
    outer loop
      vertex -13.474665276732502 -3.610525679180164 5
      vertex -13.108712059963421 4.771180999393079 5
      vertex -13.7380681545203 -2.422392078453678 5
    endloop
  endfacet
  facet normal 0 0 1
    outer loop
      vertex -13.474665276732502 -3.610525679180164 5
      vertex -13.108712059963421 -4.771180999393079 5
      vertex -12.642993629161266 5.895524751282757 5
    endloop
  endfacet
  facet normal 0 0 1
    outer loop
      vertex -6.2749999999999995 -10.868618817494703 5
      vertex -6.975 -12.081054382792917 5
      vertex -5.303859184845778 -11.374162727309956 5
    endloop
  endfacet
  facet normal 0 0 1
    outer loop
      vertex -5.303859184845778 -11.374162727309956 5
      vertex -6.975 -12.081054382792917 5
      vertex -5.895524751282758 -12.642993629161266 5
    endloop
  endfacet
  facet normal 0 0 1
    outer loop
      vertex -4.292352798737142 -11.79314239086315 5
      vertex -5.895524751282758 -12.642993629161266 5
      vertex -4.771180999393079 -13.108712059963421 5
    endloop
  endfacet
  facet normal 0 0 1
    outer loop
      vertex -4.292352798737142 -11.79314239086315 5
      vertex -4.771180999393079 -13.108712059963421 5
      vertex -3.248179016036635 -12.122369119927805 5
    endloop
  endfacet
  facet normal 0 0 1
    outer loop
      vertex -3.248179016036635 -12.122369119927805 5
      vertex -4.771180999393079 -13.108712059963421 5
      vertex -3.610525679180164 -13.474665276732502 5
    endloop
  endfacet
  facet normal 0 0 1
    outer loop
      vertex -5.303859184845778 -11.374162727309956 5
      vertex -5.895524751282758 -12.642993629161266 5
      vertex -4.292352798737142 -11.79314239086315 5
    endloop
  endfacet
  facet normal 0 0 1
    outer loop
      vertex -2.1792846297199753 -12.35933730030321 5
      vertex -3.610525679180164 -13.474665276732502 5
      vertex -2.422392078453678 -13.7380681545203 5
    endloop
  endfacet
  facet normal 0 0 1
    outer loop
      vertex -3.248179016036635 -12.122369119927805 5
      vertex -3.610525679180164 -13.474665276732502 5
      vertex -2.1792846297199753 -12.35933730030321 5
    endloop
  endfacet
  facet normal 0 0 1
    outer loop
      vertex -2.1792846297199753 -12.35933730030321 5
      vertex -2.422392078453678 -13.7380681545203 5
      vertex -1.09380457148311 -12.502243461051405 5
    endloop
  endfacet
  facet normal 0 0 1
    outer loop
      vertex -1.09380457148311 -12.502243461051405 5
      vertex -2.422392078453678 -13.7380681545203 5
      vertex -1.2158226113298314 -13.89691603837985 5
    endloop
  endfacet
  facet normal 0 0 1
    outer loop
      vertex 0 -12.549999999999999 5
      vertex -1.2158226113298314 -13.89691603837985 5
      vertex 0 -13.95 5
    endloop
  endfacet
  facet normal 0 0 1
    outer loop
      vertex -1.09380457148311 -12.502243461051405 5
      vertex -1.2158226113298314 -13.89691603837985 5
      vertex 0 -12.549999999999999 5
    endloop
  endfacet
  facet normal 0 0 1
    outer loop
      vertex -13.95 0 5
      vertex -13.89691603837985 -1.2158226113298314 5
      vertex -13.89691603837985 1.2158226113298314 5
    endloop
  endfacet
  facet normal 0 0 1
    outer loop
      vertex -13.89691603837985 -1.2158226113298314 5
      vertex -13.7380681545203 2.422392078453678 5
      vertex -13.89691603837985 1.2158226113298314 5
    endloop
  endfacet
  facet normal 0 0 1
    outer loop
      vertex -13.7380681545203 2.422392078453678 5
      vertex -13.89691603837985 -1.2158226113298314 5
      vertex -13.474665276732502 3.610525679180164 5
    endloop
  endfacet
  facet normal 0 0 1
    outer loop
      vertex -12.549999999999999 0 5
      vertex -12.642993629161266 5.895524751282757 5
      vertex -13.108712059963421 -4.771180999393079 5
    endloop
  endfacet
  facet normal 0 0 1
    outer loop
      vertex -13.108712059963421 4.771180999393079 5
      vertex -13.474665276732502 3.610525679180164 5
      vertex -13.7380681545203 -2.422392078453678 5
    endloop
  endfacet
  facet normal 0 0 1
    outer loop
      vertex -13.474665276732502 -3.610525679180164 5
      vertex -12.642993629161266 5.895524751282757 5
      vertex -13.108712059963421 4.771180999393079 5
    endloop
  endfacet
  facet normal 0 0 1
    outer loop
      vertex -12.549999999999999 0 5
      vertex -12.502243461051405 1.09380457148311 5
      vertex -12.642993629161266 5.895524751282757 5
    endloop
  endfacet
  facet normal 0 0 1
    outer loop
      vertex -12.502243461051405 1.09380457148311 5
      vertex -12.35933730030321 2.1792846297199753 5
      vertex -12.081054382792917 6.975 5
    endloop
  endfacet
  facet normal 0 0 1
    outer loop
      vertex -12.502243461051405 1.09380457148311 5
      vertex -12.081054382792917 6.975 5
      vertex -12.642993629161266 5.895524751282757 5
    endloop
  endfacet
  facet normal 0 0 1
    outer loop
      vertex -12.35933730030321 2.1792846297199753 5
      vertex -12.122369119927805 3.248179016036635 5
      vertex -12.081054382792917 6.975 5
    endloop
  endfacet
  facet normal 0 0 1
    outer loop
      vertex -12.122369119927805 3.248179016036635 5
      vertex -11.79314239086315 4.292352798737142 5
      vertex -11.427171017831435 8.001391287097093 5
    endloop
  endfacet
  facet normal 0 0 1
    outer loop
      vertex -12.122369119927805 3.248179016036635 5
      vertex -11.427171017831435 8.001391287097093 5
      vertex -12.081054382792917 6.975 5
    endloop
  endfacet
  facet normal 0 0 1
    outer loop
      vertex -11.79314239086315 4.292352798737142 5
      vertex -11.374162727309956 5.303859184845778 5
      vertex -11.427171017831435 8.001391287097093 5
    endloop
  endfacet
  facet normal 0 0 1
    outer loop
      vertex -11.374162727309956 5.303859184845778 5
      vertex -10.868618817494703 6.2749999999999995 5
      vertex -10.686319981509742 8.966887155127223 5
    endloop
  endfacet
  facet normal 0 0 1
    outer loop
      vertex -11.374162727309956 5.303859184845778 5
      vertex -10.686319981509742 8.966887155127223 5
      vertex -11.427171017831435 8.001391287097093 5
    endloop
  endfacet
  facet normal 0 0 1
    outer loop
      vertex -10.868618817494703 6.2749999999999995 5
      vertex -9.864139597552338 9.864139597552338 5
      vertex -10.686319981509742 8.966887155127223 5
    endloop
  endfacet
  facet normal 0 0 1
    outer loop
      vertex -10.868618817494703 6.2749999999999995 5
      vertex -10.280358155826846 7.198384276205627 5
      vertex -9.864139597552338 9.864139597552338 5
    endloop
  endfacet
  facet normal 0 0 1
    outer loop
      vertex -10.280358155826846 7.198384276205627 5
      vertex -9.613857761143173 8.066984501566067 5
      vertex -9.864139597552338 9.864139597552338 5
    endloop
  endfacet
  facet normal 0 0 1
    outer loop
      vertex -9.613857761143173 8.066984501566067 5
      vertex -8.966887155127223 10.686319981509742 5
      vertex -9.864139597552338 9.864139597552338 5
    endloop
  endfacet
  facet normal 0 0 1
    outer loop
      vertex -9.613857761143173 8.066984501566067 5
      vertex -8.874190103891172 8.874190103891172 5
      vertex -8.966887155127223 10.686319981509742 5
    endloop
  endfacet
  facet normal 0 0 1
    outer loop
      vertex -8.874190103891172 8.874190103891172 5
      vertex -8.066984501566067 9.613857761143173 5
      vertex -8.001391287097093 11.427171017831435 5
    endloop
  endfacet
  facet normal 0 0 1
    outer loop
      vertex -8.874190103891172 8.874190103891172 5
      vertex -8.001391287097093 11.427171017831435 5
      vertex -8.966887155127223 10.686319981509742 5
    endloop
  endfacet
  facet normal 0 0 1
    outer loop
      vertex -8.066984501566067 9.613857761143173 5
      vertex -7.198384276205627 10.280358155826846 5
      vertex -6.975 12.081054382792917 5
    endloop
  endfacet
  facet normal 0 0 1
    outer loop
      vertex -8.066984501566067 9.613857761143173 5
      vertex -6.975 12.081054382792917 5
      vertex -8.001391287097093 11.427171017831435 5
    endloop
  endfacet
  facet normal 0 0 1
    outer loop
      vertex -7.198384276205627 10.280358155826846 5
      vertex -6.2749999999999995 10.868618817494703 5
      vertex -6.975 12.081054382792917 5
    endloop
  endfacet
  facet normal 0 0 1
    outer loop
      vertex -6.2749999999999995 10.868618817494703 5
      vertex -5.895524751282757 12.642993629161266 5
      vertex -6.975 12.081054382792917 5
    endloop
  endfacet
  facet normal 0 0 1
    outer loop
      vertex -6.2749999999999995 10.868618817494703 5
      vertex -5.303859184845778 11.374162727309956 5
      vertex -5.895524751282757 12.642993629161266 5
    endloop
  endfacet
  facet normal 0 0 1
    outer loop
      vertex -5.303859184845778 11.374162727309956 5
      vertex -4.771180999393078 13.108712059963421 5
      vertex -5.895524751282757 12.642993629161266 5
    endloop
  endfacet
  facet normal 0 0 1
    outer loop
      vertex -5.303859184845778 11.374162727309956 5
      vertex -4.292352798737142 11.79314239086315 5
      vertex -4.771180999393078 13.108712059963421 5
    endloop
  endfacet
  facet normal 0 0 1
    outer loop
      vertex -4.292352798737142 11.79314239086315 5
      vertex -3.610525679180164 13.474665276732502 5
      vertex -4.771180999393078 13.108712059963421 5
    endloop
  endfacet
  facet normal 0 0 1
    outer loop
      vertex -4.292352798737142 11.79314239086315 5
      vertex -3.248179016036635 12.122369119927805 5
      vertex -3.610525679180164 13.474665276732502 5
    endloop
  endfacet
  facet normal 0 0 1
    outer loop
      vertex -3.248179016036635 12.122369119927805 5
      vertex -2.1792846297199753 12.35933730030321 5
      vertex -2.4223920784536777 13.7380681545203 5
    endloop
  endfacet
  facet normal 0 0 1
    outer loop
      vertex -3.248179016036635 12.122369119927805 5
      vertex -2.4223920784536777 13.7380681545203 5
      vertex -3.610525679180164 13.474665276732502 5
    endloop
  endfacet
  facet normal 0 0 1
    outer loop
      vertex -2.1792846297199753 12.35933730030321 5
      vertex -1.2158226113298314 13.89691603837985 5
      vertex -2.4223920784536777 13.7380681545203 5
    endloop
  endfacet
  facet normal 0 0 1
    outer loop
      vertex -2.1792846297199753 12.35933730030321 5
      vertex -1.09380457148311 12.502243461051405 5
      vertex -1.2158226113298314 13.89691603837985 5
    endloop
  endfacet
  facet normal 0 0 1
    outer loop
      vertex -1.09380457148311 12.502243461051405 5
      vertex 0 12.549999999999999 5
      vertex 0 13.95 5
    endloop
  endfacet
  facet normal 0 0 1
    outer loop
      vertex -1.09380457148311 12.502243461051405 5
      vertex 0 13.95 5
      vertex -1.2158226113298314 13.89691603837985 5
    endloop
  endfacet
  facet normal 0 0 1
    outer loop
      vertex 1.09380457148311 -12.502243461051405 5
      vertex 0 -13.95 5
      vertex 1.2158226113298314 -13.89691603837985 5
    endloop
  endfacet
  facet normal 0 0 1
    outer loop
      vertex 0 -12.549999999999999 5
      vertex 0 -13.95 5
      vertex 1.09380457148311 -12.502243461051405 5
    endloop
  endfacet
  facet normal 0 0 1
    outer loop
      vertex 1.09380457148311 -12.502243461051405 5
      vertex 1.2158226113298314 -13.89691603837985 5
      vertex 2.1792846297199753 -12.35933730030321 5
    endloop
  endfacet
  facet normal 0 0 1
    outer loop
      vertex 2.1792846297199753 -12.35933730030321 5
      vertex 1.2158226113298314 -13.89691603837985 5
      vertex 2.4223920784536777 -13.7380681545203 5
    endloop
  endfacet
  facet normal 0 0 1
    outer loop
      vertex 3.248179016036635 -12.122369119927805 5
      vertex 2.4223920784536777 -13.7380681545203 5
      vertex 3.610525679180164 -13.474665276732502 5
    endloop
  endfacet
  facet normal 0 0 1
    outer loop
      vertex 2.1792846297199753 -12.35933730030321 5
      vertex 2.4223920784536777 -13.7380681545203 5
      vertex 3.248179016036635 -12.122369119927805 5
    endloop
  endfacet
  facet normal 0 0 1
    outer loop
      vertex 3.248179016036635 -12.122369119927805 5
      vertex 3.610525679180164 -13.474665276732502 5
      vertex 4.292352798737142 -11.79314239086315 5
    endloop
  endfacet
  facet normal 0 0 1
    outer loop
      vertex 4.292352798737142 -11.79314239086315 5
      vertex 3.610525679180164 -13.474665276732502 5
      vertex 4.771180999393078 -13.108712059963421 5
    endloop
  endfacet
  facet normal 0 0 1
    outer loop
      vertex 4.292352798737142 -11.79314239086315 5
      vertex 4.771180999393078 -13.108712059963421 5
      vertex 5.303859184845778 -11.374162727309956 5
    endloop
  endfacet
  facet normal 0 0 1
    outer loop
      vertex 5.303859184845778 -11.374162727309956 5
      vertex 4.771180999393078 -13.108712059963421 5
      vertex 5.895524751282757 -12.642993629161266 5
    endloop
  endfacet
  facet normal 0 0 1
    outer loop
      vertex 5.303859184845778 -11.374162727309956 5
      vertex 5.895524751282757 -12.642993629161266 5
      vertex 6.2749999999999995 -10.868618817494703 5
    endloop
  endfacet
  facet normal 0 0 1
    outer loop
      vertex 6.2749999999999995 -10.868618817494703 5
      vertex 5.895524751282757 -12.642993629161266 5
      vertex 6.975 -12.081054382792917 5
    endloop
  endfacet
  facet normal 0 0 1
    outer loop
      vertex 6.2749999999999995 -10.868618817494703 5
      vertex 6.975 -12.081054382792917 5
      vertex 7.198384276205627 -10.280358155826846 5
    endloop
  endfacet
  facet normal 0 0 1
    outer loop
      vertex 8.066984501566067 -9.613857761143173 5
      vertex 6.975 -12.081054382792917 5
      vertex 8.001391287097093 -11.427171017831435 5
    endloop
  endfacet
  facet normal 0 0 1
    outer loop
      vertex 7.198384276205627 -10.280358155826846 5
      vertex 6.975 -12.081054382792917 5
      vertex 8.066984501566067 -9.613857761143173 5
    endloop
  endfacet
  facet normal 0 0 1
    outer loop
      vertex 8.874190103891172 -8.874190103891172 5
      vertex 8.001391287097093 -11.427171017831435 5
      vertex 8.966887155127223 -10.686319981509742 5
    endloop
  endfacet
  facet normal 0 0 1
    outer loop
      vertex 8.066984501566067 -9.613857761143173 5
      vertex 8.001391287097093 -11.427171017831435 5
      vertex 8.874190103891172 -8.874190103891172 5
    endloop
  endfacet
  facet normal 0 0 1
    outer loop
      vertex 8.874190103891172 -8.874190103891172 5
      vertex 8.966887155127223 -10.686319981509742 5
      vertex 9.613857761143173 -8.066984501566067 5
    endloop
  endfacet
  facet normal 0 0 1
    outer loop
      vertex 9.613857761143173 -8.066984501566067 5
      vertex 8.966887155127223 -10.686319981509742 5
      vertex 9.864139597552338 -9.864139597552338 5
    endloop
  endfacet
  facet normal 0 0 1
    outer loop
      vertex 9.613857761143173 -8.066984501566067 5
      vertex 9.864139597552338 -9.864139597552338 5
      vertex 10.280358155826846 -7.198384276205627 5
    endloop
  endfacet
  facet normal 0 0 1
    outer loop
      vertex 10.280358155826846 -7.198384276205627 5
      vertex 9.864139597552338 -9.864139597552338 5
      vertex 10.868618817494703 -6.2749999999999995 5
    endloop
  endfacet
  facet normal 0 0 1
    outer loop
      vertex 10.868618817494703 -6.2749999999999995 5
      vertex 9.864139597552338 -9.864139597552338 5
      vertex 10.686319981509742 -8.966887155127223 5
    endloop
  endfacet
  facet normal 0 0 1
    outer loop
      vertex 11.374162727309956 -5.303859184845778 5
      vertex 10.686319981509742 -8.966887155127223 5
      vertex 11.427171017831435 -8.001391287097093 5
    endloop
  endfacet
  facet normal 0 0 1
    outer loop
      vertex 10.868618817494703 -6.2749999999999995 5
      vertex 10.686319981509742 -8.966887155127223 5
      vertex 11.374162727309956 -5.303859184845778 5
    endloop
  endfacet
  facet normal 0 0 1
    outer loop
      vertex 11.374162727309956 -5.303859184845778 5
      vertex 11.427171017831435 -8.001391287097093 5
      vertex 11.79314239086315 -4.292352798737142 5
    endloop
  endfacet
  facet normal 0 0 1
    outer loop
      vertex 12.122369119927805 -3.248179016036635 5
      vertex 11.427171017831435 -8.001391287097093 5
      vertex 12.081054382792917 -6.975 5
    endloop
  endfacet
  facet normal 0 0 1
    outer loop
      vertex 11.79314239086315 -4.292352798737142 5
      vertex 11.427171017831435 -8.001391287097093 5
      vertex 12.122369119927805 -3.248179016036635 5
    endloop
  endfacet
  facet normal 0 0 1
    outer loop
      vertex 12.122369119927805 -3.248179016036635 5
      vertex 12.081054382792917 -6.975 5
      vertex 12.35933730030321 -2.1792846297199753 5
    endloop
  endfacet
  facet normal 0 0 1
    outer loop
      vertex 12.502243461051405 -1.09380457148311 5
      vertex 12.081054382792917 -6.975 5
      vertex 12.642993629161266 -5.895524751282757 5
    endloop
  endfacet
  facet normal 0 0 1
    outer loop
      vertex 12.35933730030321 -2.1792846297199753 5
      vertex 12.081054382792917 -6.975 5
      vertex 12.502243461051405 -1.09380457148311 5
    endloop
  endfacet
  facet normal 0 0 1
    outer loop
      vertex 12.502243461051405 -1.09380457148311 5
      vertex 12.642993629161266 -5.895524751282757 5
      vertex 12.549999999999999 0 5
    endloop
  endfacet
  facet normal 0 0 1
    outer loop
      vertex 13.108712059963421 -4.771180999393079 5
      vertex 13.474665276732502 3.610525679180164 5
      vertex 12.642993629161266 -5.895524751282757 5
    endloop
  endfacet
  facet normal 0 0 1
    outer loop
      vertex 13.108712059963421 -4.771180999393079 5
      vertex 13.474665276732502 -3.610525679180164 5
      vertex 13.7380681545203 2.422392078453678 5
    endloop
  endfacet
  facet normal 0 0 1
    outer loop
      vertex 12.549999999999999 0 5
      vertex 12.642993629161266 -5.895524751282757 5
      vertex 13.108712059963421 4.771180999393079 5
    endloop
  endfacet
  facet normal 0 0 1
    outer loop
      vertex 13.7380681545203 -2.422392078453678 5
      vertex 13.89691603837985 1.2158226113298314 5
      vertex 13.474665276732502 -3.610525679180164 5
    endloop
  endfacet
  facet normal 0 0 1
    outer loop
      vertex 13.7380681545203 -2.422392078453678 5
      vertex 13.89691603837985 -1.2158226113298314 5
      vertex 13.89691603837985 1.2158226113298314 5
    endloop
  endfacet
  facet normal 0 0 1
    outer loop
      vertex 0 12.549999999999999 5
      vertex 1.09380457148311 12.502243461051405 5
      vertex 1.2158226113298314 13.89691603837985 5
    endloop
  endfacet
  facet normal 0 0 1
    outer loop
      vertex 0 12.549999999999999 5
      vertex 1.2158226113298314 13.89691603837985 5
      vertex 0 13.95 5
    endloop
  endfacet
  facet normal 0 0 1
    outer loop
      vertex 1.09380457148311 12.502243461051405 5
      vertex 2.422392078453678 13.7380681545203 5
      vertex 1.2158226113298314 13.89691603837985 5
    endloop
  endfacet
  facet normal 0 0 1
    outer loop
      vertex 1.09380457148311 12.502243461051405 5
      vertex 2.1792846297199753 12.35933730030321 5
      vertex 2.422392078453678 13.7380681545203 5
    endloop
  endfacet
  facet normal 0 0 1
    outer loop
      vertex 2.1792846297199753 12.35933730030321 5
      vertex 3.248179016036635 12.122369119927805 5
      vertex 3.610525679180164 13.474665276732502 5
    endloop
  endfacet
  facet normal 0 0 1
    outer loop
      vertex 2.1792846297199753 12.35933730030321 5
      vertex 3.610525679180164 13.474665276732502 5
      vertex 2.422392078453678 13.7380681545203 5
    endloop
  endfacet
  facet normal 0 0 1
    outer loop
      vertex 4.292352798737142 11.79314239086315 5
      vertex 5.303859184845778 11.374162727309956 5
      vertex 5.895524751282758 12.642993629161266 5
    endloop
  endfacet
  facet normal 0 0 1
    outer loop
      vertex 3.248179016036635 12.122369119927805 5
      vertex 4.771180999393079 13.108712059963421 5
      vertex 3.610525679180164 13.474665276732502 5
    endloop
  endfacet
  facet normal 0 0 1
    outer loop
      vertex 3.248179016036635 12.122369119927805 5
      vertex 4.292352798737142 11.79314239086315 5
      vertex 4.771180999393079 13.108712059963421 5
    endloop
  endfacet
  facet normal 0 0 1
    outer loop
      vertex 4.292352798737142 11.79314239086315 5
      vertex 5.895524751282758 12.642993629161266 5
      vertex 4.771180999393079 13.108712059963421 5
    endloop
  endfacet
  facet normal 0 0 1
    outer loop
      vertex 5.303859184845778 11.374162727309956 5
      vertex 6.975 12.081054382792917 5
      vertex 5.895524751282758 12.642993629161266 5
    endloop
  endfacet
  facet normal 0 0 1
    outer loop
      vertex 5.303859184845778 11.374162727309956 5
      vertex 6.2749999999999995 10.868618817494703 5
      vertex 6.975 12.081054382792917 5
    endloop
  endfacet
  facet normal 0 0 1
    outer loop
      vertex 13.474665276732502 3.610525679180164 5
      vertex 13.108712059963421 4.771180999393079 5
      vertex 12.642993629161266 -5.895524751282757 5
    endloop
  endfacet
  facet normal 0 0 1
    outer loop
      vertex 13.108712059963421 -4.771180999393079 5
      vertex 13.7380681545203 2.422392078453678 5
      vertex 13.474665276732502 3.610525679180164 5
    endloop
  endfacet
  facet normal 0 0 1
    outer loop
      vertex 13.7380681545203 2.422392078453678 5
      vertex 13.474665276732502 -3.610525679180164 5
      vertex 13.89691603837985 1.2158226113298314 5
    endloop
  endfacet
  facet normal 0 0 1
    outer loop
      vertex 13.89691603837985 -1.2158226113298314 5
      vertex 13.95 0 5
      vertex 13.89691603837985 1.2158226113298314 5
    endloop
  endfacet
  facet normal 0 0 1
    outer loop
      vertex 12.549999999999999 0 5
      vertex 13.108712059963421 4.771180999393079 5
      vertex 12.502243461051405 1.09380457148311 5
    endloop
  endfacet
  facet normal 0 0 1
    outer loop
      vertex 12.502243461051405 1.09380457148311 5
      vertex 12.642993629161266 5.895524751282757 5
      vertex 12.35933730030321 2.1792846297199753 5
    endloop
  endfacet
  facet normal 0 0 1
    outer loop
      vertex 12.122369119927805 3.248179016036635 5
      vertex 12.642993629161266 5.895524751282757 5
      vertex 11.79314239086315 4.292352798737142 5
    endloop
  endfacet
  facet normal 0 0 1
    outer loop
      vertex 11.374162727309956 5.303859184845778 5
      vertex 11.79314239086315 4.292352798737142 5
      vertex 12.081054382792917 6.975 5
    endloop
  endfacet
  facet normal 0 0 1
    outer loop
      vertex 11.79314239086315 4.292352798737142 5
      vertex 12.642993629161266 5.895524751282757 5
      vertex 12.081054382792917 6.975 5
    endloop
  endfacet
  facet normal 0 0 1
    outer loop
      vertex 11.374162727309956 5.303859184845778 5
      vertex 12.081054382792917 6.975 5
      vertex 10.868618817494703 6.2749999999999995 5
    endloop
  endfacet
  facet normal 0 0 1
    outer loop
      vertex 12.35933730030321 2.1792846297199753 5
      vertex 12.642993629161266 5.895524751282757 5
      vertex 12.122369119927805 3.248179016036635 5
    endloop
  endfacet
  facet normal 0 0 1
    outer loop
      vertex 12.502243461051405 1.09380457148311 5
      vertex 13.108712059963421 4.771180999393079 5
      vertex 12.642993629161266 5.895524751282757 5
    endloop
  endfacet
  facet normal 0 0 1
    outer loop
      vertex 7.198384276205627 10.280358155826846 5
      vertex 8.066984501566067 9.613857761143173 5
      vertex 8.966887155127223 10.686319981509742 5
    endloop
  endfacet
  facet normal 0 0 1
    outer loop
      vertex 10.280358155826846 7.198384276205627 5
      vertex 11.427171017831435 8.001391287097093 5
      vertex 9.613857761143173 8.066984501566067 5
    endloop
  endfacet
  facet normal 0 0 1
    outer loop
      vertex 8.874190103891172 8.874190103891172 5
      vertex 9.613857761143173 8.066984501566067 5
      vertex 10.686319981509742 8.966887155127221 5
    endloop
  endfacet
  facet normal 0 0 1
    outer loop
      vertex 8.874190103891172 8.874190103891172 5
      vertex 9.864139597552338 9.864139597552338 5
      vertex 8.066984501566067 9.613857761143173 5
    endloop
  endfacet
  facet normal 0 0 1
    outer loop
      vertex 8.066984501566067 9.613857761143173 5
      vertex 9.864139597552338 9.864139597552338 5
      vertex 8.966887155127223 10.686319981509742 5
    endloop
  endfacet
  facet normal 0 0 1
    outer loop
      vertex 8.874190103891172 8.874190103891172 5
      vertex 10.686319981509742 8.966887155127221 5
      vertex 9.864139597552338 9.864139597552338 5
    endloop
  endfacet
  facet normal 0 0 1
    outer loop
      vertex 7.198384276205627 10.280358155826846 5
      vertex 8.001391287097093 11.427171017831435 5
      vertex 6.2749999999999995 10.868618817494703 5
    endloop
  endfacet
  facet normal 0 0 1
    outer loop
      vertex 6.2749999999999995 10.868618817494703 5
      vertex 8.001391287097093 11.427171017831435 5
      vertex 6.975 12.081054382792917 5
    endloop
  endfacet
  facet normal 0 0 1
    outer loop
      vertex 7.198384276205627 10.280358155826846 5
      vertex 8.966887155127223 10.686319981509742 5
      vertex 8.001391287097093 11.427171017831435 5
    endloop
  endfacet
  facet normal 0 0 1
    outer loop
      vertex 10.280358155826846 7.198384276205627 5
      vertex 10.868618817494703 6.2749999999999995 5
      vertex 11.427171017831435 8.001391287097093 5
    endloop
  endfacet
  facet normal 0 0 1
    outer loop
      vertex 9.613857761143173 8.066984501566067 5
      vertex 11.427171017831435 8.001391287097093 5
      vertex 10.686319981509742 8.966887155127221 5
    endloop
  endfacet
  facet normal 0 0 1
    outer loop
      vertex 10.868618817494703 6.2749999999999995 5
      vertex 12.081054382792917 6.975 5
      vertex 11.427171017831435 8.001391287097093 5
    endloop
  endfacet
  facet normal -0.7933533402912346 -0.6087614290087213 0
    outer loop
      vertex -9.613857761143173 -8.066984501566067 5
      vertex -9.613857761143173 -8.066984501566067 6
      vertex -10.280358155826846 -7.198384276205627 5
    endloop
  endfacet
  facet normal -0.7372773368101257 -0.6755902076156584 6.336681340325046e-18
    outer loop
      vertex -9.613857761143173 -8.066984501566067 5
      vertex -8.874190103891172 -8.874190103891172 5
      vertex -8.874190103891172 -8.874190103891172 6
    endloop
  endfacet
  facet normal -0.7933533402912346 -0.6087614290087213 0
    outer loop
      vertex -10.280358155826846 -7.198384276205627 5
      vertex -9.613857761143173 -8.066984501566067 6
      vertex -10.280358155826846 -7.198384276205627 6
    endloop
  endfacet
  facet normal -0.7372773368101257 -0.6755902076156584 0
    outer loop
      vertex -9.613857761143173 -8.066984501566067 5
      vertex -8.874190103891172 -8.874190103891172 6
      vertex -9.613857761143173 -8.066984501566067 6
    endloop
  endfacet
  facet normal -0.6755902076156584 -0.7372773368101257 0
    outer loop
      vertex -8.066984501566067 -9.613857761143173 5
      vertex -8.066984501566067 -9.613857761143173 6
      vertex -8.874190103891172 -8.874190103891172 5
    endloop
  endfacet
  facet normal -0.6087614290087213 -0.7933533402912346 -8.781165634912432e-18
    outer loop
      vertex -8.066984501566067 -9.613857761143173 5
      vertex -7.198384276205627 -10.280358155826846 5
      vertex -7.198384276205627 -10.280358155826846 6
    endloop
  endfacet
  facet normal -0.6755902076156584 -0.7372773368101257 0
    outer loop
      vertex -8.874190103891172 -8.874190103891172 5
      vertex -8.066984501566067 -9.613857761143173 6
      vertex -8.874190103891172 -8.874190103891172 6
    endloop
  endfacet
  facet normal -0.6087614290087213 -0.7933533402912346 0
    outer loop
      vertex -8.066984501566067 -9.613857761143173 5
      vertex -7.198384276205627 -10.280358155826846 6
      vertex -8.066984501566067 -9.613857761143173 6
    endloop
  endfacet
  facet normal -0.8433914458128862 -0.5372996083468232 -1.7091306772816428e-17
    outer loop
      vertex -10.868618817494703 -6.2749999999999995 5
      vertex -10.280358155826846 -7.198384276205627 5
      vertex -10.280358155826846 -7.198384276205627 6
    endloop
  endfacet
  facet normal -0.887010833178221 -0.4617486132350353 0
    outer loop
      vertex -10.868618817494703 -6.2749999999999995 5
      vertex -10.868618817494703 -6.2749999999999995 6
      vertex -11.374162727309956 -5.303859184845778 5
    endloop
  endfacet
  facet normal -0.8433914458128862 -0.5372996083468232 0
    outer loop
      vertex -10.868618817494703 -6.2749999999999995 5
      vertex -10.280358155826846 -7.198384276205627 6
      vertex -10.868618817494703 -6.2749999999999995 6
    endloop
  endfacet
  facet normal -0.887010833178221 -0.4617486132350353 0
    outer loop
      vertex -11.374162727309956 -5.303859184845778 5
      vertex -10.868618817494703 -6.2749999999999995 6
      vertex -11.374162727309956 -5.303859184845778 6
    endloop
  endfacet
  facet normal -0.9238795325112867 -0.38268343236508956 -9.556947286319308e-18
    outer loop
      vertex -11.79314239086315 -4.292352798737142 5
      vertex -11.374162727309956 -5.303859184845778 5
      vertex -11.374162727309956 -5.303859184845778 6
    endloop
  endfacet
  facet normal -0.9537169507482272 -0.3007057995042724 0
    outer loop
      vertex -11.79314239086315 -4.292352798737142 5
      vertex -11.79314239086315 -4.292352798737142 6
      vertex -12.122369119927805 -3.248179016036635 5
    endloop
  endfacet
  facet normal -0.9238795325112867 -0.38268343236508956 0
    outer loop
      vertex -11.79314239086315 -4.292352798737142 5
      vertex -11.374162727309956 -5.303859184845778 6
      vertex -11.79314239086315 -4.292352798737142 6
    endloop
  endfacet
  facet normal -0.9537169507482272 -0.3007057995042724 0
    outer loop
      vertex -12.122369119927805 -3.248179016036635 5
      vertex -11.79314239086315 -4.292352798737142 6
      vertex -12.122369119927805 -3.248179016036635 6
    endloop
  endfacet
  facet normal -0.9914448613738106 -0.13052619222005157 0
    outer loop
      vertex -12.35933730030321 -2.1792846297199753 5
      vertex -12.35933730030321 -2.1792846297199753 6
      vertex -12.502243461051405 -1.09380457148311 5
    endloop
  endfacet
  facet normal -0.9762960071199333 -0.21643961393810313 0
    outer loop
      vertex -12.35933730030321 -2.1792846297199753 5
      vertex -12.122369119927805 -3.248179016036635 6
      vertex -12.35933730030321 -2.1792846297199753 6
    endloop
  endfacet
  facet normal -0.9990482215818576 -0.043619387365336285 0
    outer loop
      vertex -12.502243461051405 -1.09380457148311 5
      vertex -12.502243461051405 -1.09380457148311 6
      vertex -12.549999999999999 0 5
    endloop
  endfacet
  facet normal -0.9914448613738106 -0.13052619222005157 0
    outer loop
      vertex -12.502243461051405 -1.09380457148311 5
      vertex -12.35933730030321 -2.1792846297199753 6
      vertex -12.502243461051405 -1.09380457148311 6
    endloop
  endfacet
  facet normal -0.9990482215818576 -0.043619387365336285 0
    outer loop
      vertex -12.549999999999999 0 5
      vertex -12.502243461051405 -1.09380457148311 6
      vertex -12.549999999999999 0 6
    endloop
  endfacet
  facet normal -0.9762960071199333 -0.21643961393810313 0
    outer loop
      vertex -12.122369119927805 -3.248179016036635 5
      vertex -12.122369119927805 -3.248179016036635 6
      vertex -12.35933730030321 -2.1792846297199753 5
    endloop
  endfacet
  facet normal -0.5372996083468232 -0.8433914458128862 0
    outer loop
      vertex -6.2749999999999995 -10.868618817494703 5
      vertex -6.2749999999999995 -10.868618817494703 6
      vertex -7.198384276205627 -10.280358155826846 5
    endloop
  endfacet
  facet normal -0.4617486132350353 -0.887010833178221 7.448189840288676e-18
    outer loop
      vertex -6.2749999999999995 -10.868618817494703 5
      vertex -5.303859184845778 -11.374162727309956 5
      vertex -5.303859184845778 -11.374162727309956 6
    endloop
  endfacet
  facet normal -0.5372996083468232 -0.8433914458128862 0
    outer loop
      vertex -7.198384276205627 -10.280358155826846 5
      vertex -6.2749999999999995 -10.868618817494703 6
      vertex -7.198384276205627 -10.280358155826846 6
    endloop
  endfacet
  facet normal -0.4617486132350353 -0.887010833178221 0
    outer loop
      vertex -6.2749999999999995 -10.868618817494703 5
      vertex -5.303859184845778 -11.374162727309956 6
      vertex -6.2749999999999995 -10.868618817494703 6
    endloop
  endfacet
  facet normal -0.38268343236508956 -0.9238795325112867 -9.556947286319308e-18
    outer loop
      vertex -5.303859184845778 -11.374162727309956 5
      vertex -4.292352798737142 -11.79314239086315 5
      vertex -4.292352798737142 -11.79314239086315 6
    endloop
  endfacet
  facet normal -0.3007057995042724 -0.9537169507482272 7.30384433678703e-18
    outer loop
      vertex -4.292352798737142 -11.79314239086315 5
      vertex -3.248179016036635 -12.122369119927805 5
      vertex -3.248179016036635 -12.122369119927805 6
    endloop
  endfacet
  facet normal -0.38268343236508956 -0.9238795325112867 0
    outer loop
      vertex -5.303859184845778 -11.374162727309956 5
      vertex -4.292352798737142 -11.79314239086315 6
      vertex -5.303859184845778 -11.374162727309956 6
    endloop
  endfacet
  facet normal -0.3007057995042724 -0.9537169507482272 0
    outer loop
      vertex -4.292352798737142 -11.79314239086315 5
      vertex -3.248179016036635 -12.122369119927805 6
      vertex -4.292352798737142 -11.79314239086315 6
    endloop
  endfacet
  facet normal -0.21643961393810313 -0.9762960071199333 -1.3132114682178636e-17
    outer loop
      vertex -3.248179016036635 -12.122369119927805 5
      vertex -2.1792846297199753 -12.35933730030321 5
      vertex -2.1792846297199753 -12.35933730030321 6
    endloop
  endfacet
  facet normal -0.13052619222005157 -0.9914448613738106 0
    outer loop
      vertex -2.1792846297199753 -12.35933730030321 5
      vertex -1.09380457148311 -12.502243461051405 6
      vertex -2.1792846297199753 -12.35933730030321 6
    endloop
  endfacet
  facet normal -0.21643961393810313 -0.9762960071199333 0
    outer loop
      vertex -3.248179016036635 -12.122369119927805 5
      vertex -2.1792846297199753 -12.35933730030321 6
      vertex -3.248179016036635 -12.122369119927805 6
    endloop
  endfacet
  facet normal -0.13052619222005157 -0.9914448613738106 -6.254962703313792e-18
    outer loop
      vertex -2.1792846297199753 -12.35933730030321 5
      vertex -1.09380457148311 -12.502243461051405 5
      vertex -1.09380457148311 -12.502243461051405 6
    endloop
  endfacet
  facet normal -0.043619387365336285 -0.9990482215818576 7.932420595867996e-19
    outer loop
      vertex -1.09380457148311 -12.502243461051405 5
      vertex 0 -12.549999999999999 5
      vertex 0 -12.549999999999999 6
    endloop
  endfacet
  facet normal -0.043619387365336285 -0.9990482215818576 0
    outer loop
      vertex -1.09380457148311 -12.502243461051405 5
      vertex 0 -12.549999999999999 6
      vertex -1.09380457148311 -12.502243461051405 6
    endloop
  endfacet
  facet normal -0.9990482215818576 0.043619387365336285 0
    outer loop
      vertex -12.549999999999999 0 5
      vertex -12.549999999999999 0 6
      vertex -12.502243461051405 1.09380457148311 5
    endloop
  endfacet
  facet normal -0.9914448613738106 0.13052619222005157 0
    outer loop
      vertex -12.502243461051405 1.09380457148311 5
      vertex -12.502243461051405 1.09380457148311 6
      vertex -12.35933730030321 2.1792846297199753 5
    endloop
  endfacet
  facet normal -0.9990482215818576 0.043619387365336285 0
    outer loop
      vertex -12.502243461051405 1.09380457148311 5
      vertex -12.549999999999999 0 6
      vertex -12.502243461051405 1.09380457148311 6
    endloop
  endfacet
  facet normal -0.9762960071199333 0.21643961393810313 0
    outer loop
      vertex -12.35933730030321 2.1792846297199753 5
      vertex -12.35933730030321 2.1792846297199753 6
      vertex -12.122369119927805 3.248179016036635 5
    endloop
  endfacet
  facet normal -0.9914448613738106 0.13052619222005157 0
    outer loop
      vertex -12.35933730030321 2.1792846297199753 5
      vertex -12.502243461051405 1.09380457148311 6
      vertex -12.35933730030321 2.1792846297199753 6
    endloop
  endfacet
  facet normal -0.9762960071199333 0.21643961393810313 0
    outer loop
      vertex -12.122369119927805 3.248179016036635 5
      vertex -12.35933730030321 2.1792846297199753 6
      vertex -12.122369119927805 3.248179016036635 6
    endloop
  endfacet
  facet normal -0.9537169507482272 0.3007057995042724 0
    outer loop
      vertex -12.122369119927805 3.248179016036635 5
      vertex -12.122369119927805 3.248179016036635 6
      vertex -11.79314239086315 4.292352798737142 5
    endloop
  endfacet
  facet normal -0.9238795325112867 0.38268343236508956 0
    outer loop
      vertex -11.79314239086315 4.292352798737142 5
      vertex -11.79314239086315 4.292352798737142 6
      vertex -11.374162727309956 5.303859184845778 5
    endloop
  endfacet
  facet normal -0.9537169507482272 0.3007057995042724 0
    outer loop
      vertex -11.79314239086315 4.292352798737142 5
      vertex -12.122369119927805 3.248179016036635 6
      vertex -11.79314239086315 4.292352798737142 6
    endloop
  endfacet
  facet normal -0.9238795325112867 0.38268343236508956 0
    outer loop
      vertex -11.374162727309956 5.303859184845778 5
      vertex -11.79314239086315 4.292352798737142 6
      vertex -11.374162727309956 5.303859184845778 6
    endloop
  endfacet
  facet normal -0.887010833178221 0.4617486132350353 0
    outer loop
      vertex -11.374162727309956 5.303859184845778 5
      vertex -11.374162727309956 5.303859184845778 6
      vertex -10.868618817494703 6.2749999999999995 5
    endloop
  endfacet
  facet normal -0.8433914458128862 0.5372996083468232 0
    outer loop
      vertex -10.868618817494703 6.2749999999999995 5
      vertex -10.868618817494703 6.2749999999999995 6
      vertex -10.280358155826846 7.198384276205627 5
    endloop
  endfacet
  facet normal -0.887010833178221 0.4617486132350353 0
    outer loop
      vertex -10.868618817494703 6.2749999999999995 5
      vertex -11.374162727309956 5.303859184845778 6
      vertex -10.868618817494703 6.2749999999999995 6
    endloop
  endfacet
  facet normal -0.8433914458128862 0.5372996083468232 0
    outer loop
      vertex -10.280358155826846 7.198384276205627 5
      vertex -10.868618817494703 6.2749999999999995 6
      vertex -10.280358155826846 7.198384276205627 6
    endloop
  endfacet
  facet normal -0.7933533402912346 0.6087614290087213 0
    outer loop
      vertex -10.280358155826846 7.198384276205627 5
      vertex -10.280358155826846 7.198384276205627 6
      vertex -9.613857761143173 8.066984501566067 5
    endloop
  endfacet
  facet normal -0.7372773368101257 0.6755902076156584 0
    outer loop
      vertex -9.613857761143173 8.066984501566067 5
      vertex -9.613857761143173 8.066984501566067 6
      vertex -8.874190103891172 8.874190103891172 5
    endloop
  endfacet
  facet normal -0.7933533402912346 0.6087614290087213 0
    outer loop
      vertex -9.613857761143173 8.066984501566067 5
      vertex -10.280358155826846 7.198384276205627 6
      vertex -9.613857761143173 8.066984501566067 6
    endloop
  endfacet
  facet normal -0.7372773368101257 0.6755902076156584 0
    outer loop
      vertex -8.874190103891172 8.874190103891172 5
      vertex -9.613857761143173 8.066984501566067 6
      vertex -8.874190103891172 8.874190103891172 6
    endloop
  endfacet
  facet normal -0.6755902076156584 0.7372773368101257 0
    outer loop
      vertex -8.874190103891172 8.874190103891172 5
      vertex -8.874190103891172 8.874190103891172 6
      vertex -8.066984501566067 9.613857761143173 5
    endloop
  endfacet
  facet normal -0.6087614290087213 0.7933533402912346 0
    outer loop
      vertex -8.066984501566067 9.613857761143173 5
      vertex -8.066984501566067 9.613857761143173 6
      vertex -7.198384276205627 10.280358155826846 5
    endloop
  endfacet
  facet normal -0.6755902076156584 0.7372773368101257 0
    outer loop
      vertex -8.066984501566067 9.613857761143173 5
      vertex -8.874190103891172 8.874190103891172 6
      vertex -8.066984501566067 9.613857761143173 6
    endloop
  endfacet
  facet normal -0.6087614290087213 0.7933533402912346 0
    outer loop
      vertex -7.198384276205627 10.280358155826846 5
      vertex -8.066984501566067 9.613857761143173 6
      vertex -7.198384276205627 10.280358155826846 6
    endloop
  endfacet
  facet normal -0.5372996083468232 0.8433914458128862 0
    outer loop
      vertex -7.198384276205627 10.280358155826846 5
      vertex -7.198384276205627 10.280358155826846 6
      vertex -6.2749999999999995 10.868618817494703 5
    endloop
  endfacet
  facet normal -0.4617486132350353 0.887010833178221 0
    outer loop
      vertex -6.2749999999999995 10.868618817494703 5
      vertex -6.2749999999999995 10.868618817494703 6
      vertex -5.303859184845778 11.374162727309956 5
    endloop
  endfacet
  facet normal -0.5372996083468232 0.8433914458128862 0
    outer loop
      vertex -6.2749999999999995 10.868618817494703 5
      vertex -7.198384276205627 10.280358155826846 6
      vertex -6.2749999999999995 10.868618817494703 6
    endloop
  endfacet
  facet normal -0.4617486132350353 0.887010833178221 0
    outer loop
      vertex -5.303859184845778 11.374162727309956 5
      vertex -6.2749999999999995 10.868618817494703 6
      vertex -5.303859184845778 11.374162727309956 6
    endloop
  endfacet
  facet normal -0.38268343236508956 0.9238795325112867 0
    outer loop
      vertex -5.303859184845778 11.374162727309956 5
      vertex -5.303859184845778 11.374162727309956 6
      vertex -4.292352798737142 11.79314239086315 5
    endloop
  endfacet
  facet normal -0.3007057995042724 0.9537169507482272 0
    outer loop
      vertex -4.292352798737142 11.79314239086315 5
      vertex -4.292352798737142 11.79314239086315 6
      vertex -3.248179016036635 12.122369119927805 5
    endloop
  endfacet
  facet normal -0.38268343236508956 0.9238795325112867 0
    outer loop
      vertex -4.292352798737142 11.79314239086315 5
      vertex -5.303859184845778 11.374162727309956 6
      vertex -4.292352798737142 11.79314239086315 6
    endloop
  endfacet
  facet normal -0.3007057995042724 0.9537169507482272 0
    outer loop
      vertex -3.248179016036635 12.122369119927805 5
      vertex -4.292352798737142 11.79314239086315 6
      vertex -3.248179016036635 12.122369119927805 6
    endloop
  endfacet
  facet normal -0.21643961393810313 0.9762960071199333 0
    outer loop
      vertex -3.248179016036635 12.122369119927805 5
      vertex -3.248179016036635 12.122369119927805 6
      vertex -2.1792846297199753 12.35933730030321 5
    endloop
  endfacet
  facet normal -0.13052619222005157 0.9914448613738106 0
    outer loop
      vertex -2.1792846297199753 12.35933730030321 5
      vertex -2.1792846297199753 12.35933730030321 6
      vertex -1.09380457148311 12.502243461051405 5
    endloop
  endfacet
  facet normal -0.21643961393810313 0.9762960071199333 0
    outer loop
      vertex -2.1792846297199753 12.35933730030321 5
      vertex -3.248179016036635 12.122369119927805 6
      vertex -2.1792846297199753 12.35933730030321 6
    endloop
  endfacet
  facet normal -0.043619387365336285 0.9990482215818576 0
    outer loop
      vertex -1.09380457148311 12.502243461051405 5
      vertex -1.09380457148311 12.502243461051405 6
      vertex 0 12.549999999999999 5
    endloop
  endfacet
  facet normal -0.13052619222005157 0.9914448613738106 0
    outer loop
      vertex -1.09380457148311 12.502243461051405 5
      vertex -2.1792846297199753 12.35933730030321 6
      vertex -1.09380457148311 12.502243461051405 6
    endloop
  endfacet
  facet normal -0.043619387365336285 0.9990482215818576 0
    outer loop
      vertex 0 12.549999999999999 5
      vertex -1.09380457148311 12.502243461051405 6
      vertex 0 12.549999999999999 6
    endloop
  endfacet
  facet normal 0.043619387365336285 -0.9990482215818576 -7.932420595867996e-19
    outer loop
      vertex 0 -12.549999999999999 5
      vertex 1.09380457148311 -12.502243461051405 5
      vertex 1.09380457148311 -12.502243461051405 6
    endloop
  endfacet
  facet normal 0.043619387365336285 -0.9990482215818576 0
    outer loop
      vertex 0 -12.549999999999999 5
      vertex 1.09380457148311 -12.502243461051405 6
      vertex 0 -12.549999999999999 6
    endloop
  endfacet
  facet normal 0.13052619222005157 -0.9914448613738106 0
    outer loop
      vertex 1.09380457148311 -12.502243461051405 5
      vertex 2.1792846297199753 -12.35933730030321 6
      vertex 1.09380457148311 -12.502243461051405 6
    endloop
  endfacet
  facet normal 0.13052619222005157 -0.9914448613738106 6.254962703313792e-18
    outer loop
      vertex 1.09380457148311 -12.502243461051405 5
      vertex 2.1792846297199753 -12.35933730030321 5
      vertex 2.1792846297199753 -12.35933730030321 6
    endloop
  endfacet
  facet normal 0.21643961393810313 -0.9762960071199333 0
    outer loop
      vertex 2.1792846297199753 -12.35933730030321 5
      vertex 3.248179016036635 -12.122369119927805 6
      vertex 2.1792846297199753 -12.35933730030321 6
    endloop
  endfacet
  facet normal 0.21643961393810313 -0.9762960071199333 1.3132114682178636e-17
    outer loop
      vertex 2.1792846297199753 -12.35933730030321 5
      vertex 3.248179016036635 -12.122369119927805 5
      vertex 3.248179016036635 -12.122369119927805 6
    endloop
  endfacet
  facet normal 0.3007057995042724 -0.9537169507482272 -7.30384433678703e-18
    outer loop
      vertex 3.248179016036635 -12.122369119927805 5
      vertex 4.292352798737142 -11.79314239086315 5
      vertex 4.292352798737142 -11.79314239086315 6
    endloop
  endfacet
  facet normal 0.38268343236508956 -0.9238795325112867 9.556947286319308e-18
    outer loop
      vertex 4.292352798737142 -11.79314239086315 5
      vertex 5.303859184845778 -11.374162727309956 5
      vertex 5.303859184845778 -11.374162727309956 6
    endloop
  endfacet
  facet normal 0.3007057995042724 -0.9537169507482272 0
    outer loop
      vertex 3.248179016036635 -12.122369119927805 5
      vertex 4.292352798737142 -11.79314239086315 6
      vertex 3.248179016036635 -12.122369119927805 6
    endloop
  endfacet
  facet normal 0.38268343236508956 -0.9238795325112867 0
    outer loop
      vertex 4.292352798737142 -11.79314239086315 5
      vertex 5.303859184845778 -11.374162727309956 6
      vertex 4.292352798737142 -11.79314239086315 6
    endloop
  endfacet
  facet normal 0.4617486132350353 -0.887010833178221 -7.448189840288676e-18
    outer loop
      vertex 5.303859184845778 -11.374162727309956 5
      vertex 6.2749999999999995 -10.868618817494703 5
      vertex 6.2749999999999995 -10.868618817494703 6
    endloop
  endfacet
  facet normal 0.5372996083468232 -0.8433914458128862 1.7091306772816428e-17
    outer loop
      vertex 6.2749999999999995 -10.868618817494703 5
      vertex 7.198384276205627 -10.280358155826846 5
      vertex 7.198384276205627 -10.280358155826846 6
    endloop
  endfacet
  facet normal 0.4617486132350353 -0.887010833178221 0
    outer loop
      vertex 5.303859184845778 -11.374162727309956 5
      vertex 6.2749999999999995 -10.868618817494703 6
      vertex 5.303859184845778 -11.374162727309956 6
    endloop
  endfacet
  facet normal 0.5372996083468232 -0.8433914458128862 0
    outer loop
      vertex 6.2749999999999995 -10.868618817494703 5
      vertex 7.198384276205627 -10.280358155826846 6
      vertex 6.2749999999999995 -10.868618817494703 6
    endloop
  endfacet
  facet normal 0.6087614290087213 -0.7933533402912346 8.781165634912432e-18
    outer loop
      vertex 7.198384276205627 -10.280358155826846 5
      vertex 8.066984501566067 -9.613857761143173 5
      vertex 8.066984501566067 -9.613857761143173 6
    endloop
  endfacet
  facet normal 0.6755902076156584 -0.7372773368101257 -6.336681340325046e-18
    outer loop
      vertex 8.066984501566067 -9.613857761143173 5
      vertex 8.874190103891172 -8.874190103891172 5
      vertex 8.874190103891172 -8.874190103891172 6
    endloop
  endfacet
  facet normal 0.6087614290087213 -0.7933533402912346 0
    outer loop
      vertex 7.198384276205627 -10.280358155826846 5
      vertex 8.066984501566067 -9.613857761143173 6
      vertex 7.198384276205627 -10.280358155826846 6
    endloop
  endfacet
  facet normal 0.6755902076156584 -0.7372773368101257 0
    outer loop
      vertex 8.066984501566067 -9.613857761143173 5
      vertex 8.874190103891172 -8.874190103891172 6
      vertex 8.066984501566067 -9.613857761143173 6
    endloop
  endfacet
  facet normal 0.7372773368101257 -0.6755902076156584 -6.336681340325046e-18
    outer loop
      vertex 8.874190103891172 -8.874190103891172 5
      vertex 9.613857761143173 -8.066984501566067 5
      vertex 9.613857761143173 -8.066984501566067 6
    endloop
  endfacet
  facet normal 0.7933533402912346 -0.6087614290087213 8.781165634912432e-18
    outer loop
      vertex 9.613857761143173 -8.066984501566067 5
      vertex 10.280358155826846 -7.198384276205627 5
      vertex 10.280358155826846 -7.198384276205627 6
    endloop
  endfacet
  facet normal 0.7372773368101257 -0.6755902076156584 0
    outer loop
      vertex 8.874190103891172 -8.874190103891172 5
      vertex 9.613857761143173 -8.066984501566067 6
      vertex 8.874190103891172 -8.874190103891172 6
    endloop
  endfacet
  facet normal 0.7933533402912346 -0.6087614290087213 0
    outer loop
      vertex 9.613857761143173 -8.066984501566067 5
      vertex 10.280358155826846 -7.198384276205627 6
      vertex 9.613857761143173 -8.066984501566067 6
    endloop
  endfacet
  facet normal 0.8433914458128862 -0.5372996083468232 1.7091306772816428e-17
    outer loop
      vertex 10.280358155826846 -7.198384276205627 5
      vertex 10.868618817494703 -6.2749999999999995 5
      vertex 10.868618817494703 -6.2749999999999995 6
    endloop
  endfacet
  facet normal 0.887010833178221 -0.4617486132350353 -7.448189840288676e-18
    outer loop
      vertex 10.868618817494703 -6.2749999999999995 5
      vertex 11.374162727309956 -5.303859184845778 5
      vertex 11.374162727309956 -5.303859184845778 6
    endloop
  endfacet
  facet normal 0.8433914458128862 -0.5372996083468232 0
    outer loop
      vertex 10.280358155826846 -7.198384276205627 5
      vertex 10.868618817494703 -6.2749999999999995 6
      vertex 10.280358155826846 -7.198384276205627 6
    endloop
  endfacet
  facet normal 0.887010833178221 -0.4617486132350353 0
    outer loop
      vertex 10.868618817494703 -6.2749999999999995 5
      vertex 11.374162727309956 -5.303859184845778 6
      vertex 10.868618817494703 -6.2749999999999995 6
    endloop
  endfacet
  facet normal 0.9238795325112867 -0.38268343236508956 9.556947286319308e-18
    outer loop
      vertex 11.374162727309956 -5.303859184845778 5
      vertex 11.79314239086315 -4.292352798737142 5
      vertex 11.79314239086315 -4.292352798737142 6
    endloop
  endfacet
  facet normal 0.9537169507482272 -0.3007057995042724 -7.30384433678703e-18
    outer loop
      vertex 11.79314239086315 -4.292352798737142 5
      vertex 12.122369119927805 -3.248179016036635 5
      vertex 12.122369119927805 -3.248179016036635 6
    endloop
  endfacet
  facet normal 0.9238795325112867 -0.38268343236508956 0
    outer loop
      vertex 11.374162727309956 -5.303859184845778 5
      vertex 11.79314239086315 -4.292352798737142 6
      vertex 11.374162727309956 -5.303859184845778 6
    endloop
  endfacet
  facet normal 0.9537169507482272 -0.3007057995042724 0
    outer loop
      vertex 11.79314239086315 -4.292352798737142 5
      vertex 12.122369119927805 -3.248179016036635 6
      vertex 11.79314239086315 -4.292352798737142 6
    endloop
  endfacet
  facet normal 0.9762960071199333 -0.21643961393810313 0
    outer loop
      vertex 12.122369119927805 -3.248179016036635 5
      vertex 12.35933730030321 -2.1792846297199753 6
      vertex 12.122369119927805 -3.248179016036635 6
    endloop
  endfacet
  facet normal 0.9762960071199333 -0.21643961393810313 1.3132114682178636e-17
    outer loop
      vertex 12.122369119927805 -3.248179016036635 5
      vertex 12.35933730030321 -2.1792846297199753 5
      vertex 12.35933730030321 -2.1792846297199753 6
    endloop
  endfacet
  facet normal 0.9914448613738106 -0.13052619222005157 0
    outer loop
      vertex 12.35933730030321 -2.1792846297199753 5
      vertex 12.502243461051405 -1.09380457148311 6
      vertex 12.35933730030321 -2.1792846297199753 6
    endloop
  endfacet
  facet normal 0.9914448613738106 -0.13052619222005157 6.254962703313792e-18
    outer loop
      vertex 12.35933730030321 -2.1792846297199753 5
      vertex 12.502243461051405 -1.09380457148311 5
      vertex 12.502243461051405 -1.09380457148311 6
    endloop
  endfacet
  facet normal 0.9990482215818576 -0.043619387365336285 -7.932420595867996e-19
    outer loop
      vertex 12.502243461051405 -1.09380457148311 5
      vertex 12.549999999999999 0 5
      vertex 12.549999999999999 0 6
    endloop
  endfacet
  facet normal 0.9990482215818576 -0.043619387365336285 0
    outer loop
      vertex 12.502243461051405 -1.09380457148311 5
      vertex 12.549999999999999 0 6
      vertex 12.502243461051405 -1.09380457148311 6
    endloop
  endfacet
  facet normal 0.043619387365336285 0.9990482215818576 0
    outer loop
      vertex 0 12.549999999999999 5
      vertex 0 12.549999999999999 6
      vertex 1.09380457148311 12.502243461051405 5
    endloop
  endfacet
  facet normal 0.13052619222005157 0.9914448613738106 0
    outer loop
      vertex 1.09380457148311 12.502243461051405 5
      vertex 1.09380457148311 12.502243461051405 6
      vertex 2.1792846297199753 12.35933730030321 5
    endloop
  endfacet
  facet normal 0.043619387365336285 0.9990482215818576 0
    outer loop
      vertex 1.09380457148311 12.502243461051405 5
      vertex 0 12.549999999999999 6
      vertex 1.09380457148311 12.502243461051405 6
    endloop
  endfacet
  facet normal 0.21643961393810313 0.9762960071199333 0
    outer loop
      vertex 3.248179016036635 12.122369119927805 5
      vertex 2.1792846297199753 12.35933730030321 6
      vertex 3.248179016036635 12.122369119927805 6
    endloop
  endfacet
  facet normal 0.21643961393810313 0.9762960071199333 0
    outer loop
      vertex 2.1792846297199753 12.35933730030321 5
      vertex 2.1792846297199753 12.35933730030321 6
      vertex 3.248179016036635 12.122369119927805 5
    endloop
  endfacet
  facet normal 0.13052619222005157 0.9914448613738106 0
    outer loop
      vertex 2.1792846297199753 12.35933730030321 5
      vertex 1.09380457148311 12.502243461051405 6
      vertex 2.1792846297199753 12.35933730030321 6
    endloop
  endfacet
  facet normal 0.3007057995042724 0.9537169507482272 0
    outer loop
      vertex 3.248179016036635 12.122369119927805 5
      vertex 3.248179016036635 12.122369119927805 6
      vertex 4.292352798737142 11.79314239086315 5
    endloop
  endfacet
  facet normal 0.38268343236508956 0.9238795325112867 0
    outer loop
      vertex 4.292352798737142 11.79314239086315 5
      vertex 4.292352798737142 11.79314239086315 6
      vertex 5.303859184845778 11.374162727309956 5
    endloop
  endfacet
  facet normal 0.3007057995042724 0.9537169507482272 0
    outer loop
      vertex 4.292352798737142 11.79314239086315 5
      vertex 3.248179016036635 12.122369119927805 6
      vertex 4.292352798737142 11.79314239086315 6
    endloop
  endfacet
  facet normal 0.38268343236508956 0.9238795325112867 0
    outer loop
      vertex 5.303859184845778 11.374162727309956 5
      vertex 4.292352798737142 11.79314239086315 6
      vertex 5.303859184845778 11.374162727309956 6
    endloop
  endfacet
  facet normal 0.4617486132350353 0.887010833178221 0
    outer loop
      vertex 5.303859184845778 11.374162727309956 5
      vertex 5.303859184845778 11.374162727309956 6
      vertex 6.2749999999999995 10.868618817494703 5
    endloop
  endfacet
  facet normal 0.5372996083468232 0.8433914458128862 -1.7091306772816428e-17
    outer loop
      vertex 7.198384276205627 10.280358155826846 5
      vertex 6.2749999999999995 10.868618817494703 5
      vertex 6.2749999999999995 10.868618817494703 6
    endloop
  endfacet
  facet normal 0.4617486132350353 0.887010833178221 0
    outer loop
      vertex 6.2749999999999995 10.868618817494703 5
      vertex 5.303859184845778 11.374162727309956 6
      vertex 6.2749999999999995 10.868618817494703 6
    endloop
  endfacet
  facet normal 0.5372996083468232 0.8433914458128862 0
    outer loop
      vertex 7.198384276205627 10.280358155826846 5
      vertex 6.2749999999999995 10.868618817494703 6
      vertex 7.198384276205627 10.280358155826846 6
    endloop
  endfacet
  facet normal 0.9762960071199333 0.21643961393810313 -1.3132114682178636e-17
    outer loop
      vertex 12.35933730030321 2.1792846297199753 5
      vertex 12.122369119927805 3.248179016036635 5
      vertex 12.122369119927805 3.248179016036635 6
    endloop
  endfacet
  facet normal 0.9990482215818576 0.043619387365336285 7.932420595867996e-19
    outer loop
      vertex 12.549999999999999 0 5
      vertex 12.502243461051405 1.09380457148311 5
      vertex 12.502243461051405 1.09380457148311 6
    endloop
  endfacet
  facet normal 0.9990482215818576 0.043619387365336285 0
    outer loop
      vertex 12.549999999999999 0 5
      vertex 12.502243461051405 1.09380457148311 6
      vertex 12.549999999999999 0 6
    endloop
  endfacet
  facet normal 0.9914448613738106 0.13052619222005157 0
    outer loop
      vertex 12.502243461051405 1.09380457148311 5
      vertex 12.35933730030321 2.1792846297199753 6
      vertex 12.502243461051405 1.09380457148311 6
    endloop
  endfacet
  facet normal 0.9914448613738106 0.13052619222005157 -6.254962703313792e-18
    outer loop
      vertex 12.502243461051405 1.09380457148311 5
      vertex 12.35933730030321 2.1792846297199753 5
      vertex 12.35933730030321 2.1792846297199753 6
    endloop
  endfacet
  facet normal 0.9762960071199333 0.21643961393810313 0
    outer loop
      vertex 12.35933730030321 2.1792846297199753 5
      vertex 12.122369119927805 3.248179016036635 6
      vertex 12.35933730030321 2.1792846297199753 6
    endloop
  endfacet
  facet normal 0.9537169507482272 0.3007057995042724 7.30384433678703e-18
    outer loop
      vertex 12.122369119927805 3.248179016036635 5
      vertex 11.79314239086315 4.292352798737142 5
      vertex 11.79314239086315 4.292352798737142 6
    endloop
  endfacet
  facet normal 0.9238795325112867 0.38268343236508956 0
    outer loop
      vertex 11.374162727309956 5.303859184845778 5
      vertex 11.374162727309956 5.303859184845778 6
      vertex 11.79314239086315 4.292352798737142 5
    endloop
  endfacet
  facet normal 0.9537169507482272 0.3007057995042724 0
    outer loop
      vertex 12.122369119927805 3.248179016036635 5
      vertex 11.79314239086315 4.292352798737142 6
      vertex 12.122369119927805 3.248179016036635 6
    endloop
  endfacet
  facet normal 0.9238795325112867 0.38268343236508956 0
    outer loop
      vertex 11.79314239086315 4.292352798737142 5
      vertex 11.374162727309956 5.303859184845778 6
      vertex 11.79314239086315 4.292352798737142 6
    endloop
  endfacet
  facet normal 0.887010833178221 0.4617486132350353 7.448189840288676e-18
    outer loop
      vertex 11.374162727309956 5.303859184845778 5
      vertex 10.868618817494703 6.2749999999999995 5
      vertex 10.868618817494703 6.2749999999999995 6
    endloop
  endfacet
  facet normal 0.8433914458128862 0.5372996083468232 0
    outer loop
      vertex 10.280358155826846 7.198384276205627 5
      vertex 10.280358155826846 7.198384276205627 6
      vertex 10.868618817494703 6.2749999999999995 5
    endloop
  endfacet
  facet normal 0.887010833178221 0.4617486132350353 0
    outer loop
      vertex 11.374162727309956 5.303859184845778 5
      vertex 10.868618817494703 6.2749999999999995 6
      vertex 11.374162727309956 5.303859184845778 6
    endloop
  endfacet
  facet normal 0.8433914458128862 0.5372996083468232 0
    outer loop
      vertex 10.868618817494703 6.2749999999999995 5
      vertex 10.280358155826846 7.198384276205627 6
      vertex 10.868618817494703 6.2749999999999995 6
    endloop
  endfacet
  facet normal 0.6087614290087213 0.7933533402912346 0
    outer loop
      vertex 7.198384276205627 10.280358155826846 5
      vertex 7.198384276205627 10.280358155826846 6
      vertex 8.066984501566067 9.613857761143173 5
    endloop
  endfacet
  facet normal 0.6755902076156584 0.7372773368101257 6.336681340325046e-18
    outer loop
      vertex 8.874190103891172 8.874190103891172 5
      vertex 8.066984501566067 9.613857761143173 5
      vertex 8.066984501566067 9.613857761143173 6
    endloop
  endfacet
  facet normal 0.6087614290087213 0.7933533402912346 0
    outer loop
      vertex 8.066984501566067 9.613857761143173 5
      vertex 7.198384276205627 10.280358155826846 6
      vertex 8.066984501566067 9.613857761143173 6
    endloop
  endfacet
  facet normal 0.6755902076156584 0.7372773368101257 0
    outer loop
      vertex 8.874190103891172 8.874190103891172 5
      vertex 8.066984501566067 9.613857761143173 6
      vertex 8.874190103891172 8.874190103891172 6
    endloop
  endfacet
  facet normal 0.7372773368101257 0.6755902076156584 0
    outer loop
      vertex 8.874190103891172 8.874190103891172 5
      vertex 8.874190103891172 8.874190103891172 6
      vertex 9.613857761143173 8.066984501566067 5
    endloop
  endfacet
  facet normal 0.7933533402912346 0.6087614290087213 -8.781165634912432e-18
    outer loop
      vertex 10.280358155826846 7.198384276205627 5
      vertex 9.613857761143173 8.066984501566067 5
      vertex 9.613857761143173 8.066984501566067 6
    endloop
  endfacet
  facet normal 0.7372773368101257 0.6755902076156584 0
    outer loop
      vertex 9.613857761143173 8.066984501566067 5
      vertex 8.874190103891172 8.874190103891172 6
      vertex 9.613857761143173 8.066984501566067 6
    endloop
  endfacet
  facet normal 0.7933533402912346 0.6087614290087213 0
    outer loop
      vertex 10.280358155826846 7.198384276205627 5
      vertex 9.613857761143173 8.066984501566067 6
      vertex 10.280358155826846 7.198384276205627 6
    endloop
  endfacet
  facet normal -0.8433914458128864 -0.5372996083468228 1.5015384048028457e-18
    outer loop
      vertex -11.427171017831435 -8.001391287097093 0
      vertex -12.081054382792917 -6.975 5
      vertex -12.081054382792917 -6.975 0
    endloop
  endfacet
  facet normal -0.7933533402912345 -0.6087614290087215 -7.481949745616109e-18
    outer loop
      vertex -10.686319981509742 -8.966887155127223 0
      vertex -11.427171017831435 -8.001391287097093 5
      vertex -11.427171017831435 -8.001391287097093 0
    endloop
  endfacet
  facet normal -0.6087614290087215 -0.7933533402912345 0
    outer loop
      vertex -8.966887155127223 -10.686319981509742 0
      vertex -8.001391287097093 -11.427171017831435 0
      vertex -8.966887155127223 -10.686319981509742 5
    endloop
  endfacet
  facet normal -0.5372996083468228 -0.8433914458128864 0
    outer loop
      vertex -8.001391287097093 -11.427171017831435 0
      vertex -6.975 -12.081054382792917 0
      vertex -8.001391287097093 -11.427171017831435 5
    endloop
  endfacet
  facet normal -0.7372773368101251 -0.6755902076156592 2.400178571859823e-16
    outer loop
      vertex -10.686319981509742 -8.966887155127223 0
      vertex -9.864139597552338 -9.864139597552338 0
      vertex -10.686319981509742 -8.966887155127221 5
    endloop
  endfacet
  facet normal -0.6755902076156592 -0.7372773368101251 -7.022562078936008e-18
    outer loop
      vertex -8.966887155127223 -10.686319981509742 0
      vertex -9.864139597552338 -9.864139597552338 5
      vertex -9.864139597552338 -9.864139597552338 0
    endloop
  endfacet
  facet normal 0 0 -1
    outer loop
      vertex -12.642993629161266 -5.895524751282757 0
      vertex -12.081054382792917 6.975 0
      vertex -12.081054382792917 -6.975 0
    endloop
  endfacet
  facet normal 0 0 -1
    outer loop
      vertex -13.108712059963421 -4.771180999393079 0
      vertex -13.474665276732502 -3.610525679180164 0
      vertex -13.108712059963421 4.771180999393079 0
    endloop
  endfacet
  facet normal 0 0 -1
    outer loop
      vertex -13.474665276732502 -3.610525679180164 0
      vertex -13.7380681545203 -2.422392078453678 0
      vertex -13.474665276732502 3.610525679180164 0
    endloop
  endfacet
  facet normal 0 0 -1
    outer loop
      vertex -13.7380681545203 -2.422392078453678 0
      vertex -13.89691603837985 -1.2158226113298314 0
      vertex -13.7380681545203 2.422392078453678 0
    endloop
  endfacet
  facet normal 0 0 -1
    outer loop
      vertex -12.642993629161266 -5.895524751282757 0
      vertex -13.108712059963421 -4.771180999393079 0
      vertex -12.642993629161266 5.895524751282757 0
    endloop
  endfacet
  facet normal 0 0 -1
    outer loop
      vertex -11.427171017831435 -8.001391287097093 0
      vertex -12.081054382792917 -6.975 0
      vertex -11.427171017831435 8.001391287097093 0
    endloop
  endfacet
  facet normal 0 0 -1
    outer loop
      vertex -10.686319981509742 -8.966887155127223 0
      vertex -11.427171017831435 -8.001391287097093 0
      vertex -10.686319981509742 8.966887155127223 0
    endloop
  endfacet
  facet normal 0 0 -1
    outer loop
      vertex -8.966887155127223 -10.686319981509742 0
      vertex -8.001391287097093 11.427171017831435 0
      vertex -8.001391287097093 -11.427171017831435 0
    endloop
  endfacet
  facet normal 0 0 -1
    outer loop
      vertex -8.001391287097093 -11.427171017831435 0
      vertex -6.975 12.081054382792917 0
      vertex -6.975 -12.081054382792917 0
    endloop
  endfacet
  facet normal 0 0 -1
    outer loop
      vertex -10.686319981509742 -8.966887155127223 0
      vertex -9.864139597552338 9.864139597552338 0
      vertex -9.864139597552338 -9.864139597552338 0
    endloop
  endfacet
  facet normal 0 0 -1
    outer loop
      vertex -8.966887155127223 -10.686319981509742 0
      vertex -9.864139597552338 -9.864139597552338 0
      vertex -8.966887155127223 10.686319981509742 0
    endloop
  endfacet
  facet normal -0.8870108331782214 -0.4617486132350344 0
    outer loop
      vertex -12.642993629161266 -5.895524751282757 0
      vertex -12.081054382792917 -6.975 0
      vertex -12.642993629161266 -5.895524751282757 5
    endloop
  endfacet
  facet normal -0.953716950748227 -0.3007057995042727 -3.1863340208634956e-18
    outer loop
      vertex -13.108712059963421 -4.771180999393079 0
      vertex -13.474665276732502 -3.610525679180164 5
      vertex -13.474665276732502 -3.610525679180164 0
    endloop
  endfacet
  facet normal -0.9238795325112865 -0.3826834323650902 -6.506004747988738e-18
    outer loop
      vertex -12.642993629161266 -5.895524751282757 0
      vertex -13.108712059963421 -4.771180999393079 5
      vertex -13.108712059963421 -4.771180999393079 0
    endloop
  endfacet
  facet normal -0.9762960071199335 -0.2164396139381023 -4.056290259661495e-18
    outer loop
      vertex -13.474665276732502 -3.610525679180164 0
      vertex -13.7380681545203 -2.422392078453678 5
      vertex -13.7380681545203 -2.422392078453678 0
    endloop
  endfacet
  facet normal -0.9914448613738103 -0.1305261922200525 -1.3975833281135747e-18
    outer loop
      vertex -13.7380681545203 -2.422392078453678 0
      vertex -13.89691603837985 -1.2158226113298314 5
      vertex -13.89691603837985 -1.2158226113298314 0
    endloop
  endfacet
  facet normal -0.9990482215818577 -0.04361938736533592 2.6890064073949424e-19
    outer loop
      vertex -13.89691603837985 -1.2158226113298314 0
      vertex -13.95 0 5
      vertex -13.95 0 0
    endloop
  endfacet
  facet normal 0 0 -1
    outer loop
      vertex -4.771180999393079 -13.108712059963421 0
      vertex 4 -2 0
      vertex -3.610525679180164 -13.474665276732502 0
    endloop
  endfacet
  facet normal 0 0 -1
    outer loop
      vertex -3.610525679180164 -13.474665276732502 0
      vertex 4 -2 0
      vertex -2.422392078453678 -13.7380681545203 0
    endloop
  endfacet
  facet normal -0.4617486132350344 -0.8870108331782214 7.08226681466688e-18
    outer loop
      vertex -5.895524751282757 -12.642993629161266 0
      vertex -6.975 -12.081054382792917 5
      vertex -6.975 -12.081054382792917 0
    endloop
  endfacet
  facet normal -0.3826834323650902 -0.9238795325112865 -6.797823324068912e-17
    outer loop
      vertex -5.895524751282757 -12.642993629161266 0
      vertex -4.771180999393079 -13.108712059963421 0
      vertex -5.895524751282758 -12.642993629161266 5
    endloop
  endfacet
  facet normal -0.3007057995042727 -0.953716950748227 0
    outer loop
      vertex -4.771180999393079 -13.108712059963421 0
      vertex -3.610525679180164 -13.474665276732502 0
      vertex -4.771180999393079 -13.108712059963421 5
    endloop
  endfacet
  facet normal -0.2164396139381023 -0.9762960071199335 0
    outer loop
      vertex -3.610525679180164 -13.474665276732502 0
      vertex -2.422392078453678 -13.7380681545203 0
      vertex -3.610525679180164 -13.474665276732502 5
    endloop
  endfacet
  facet normal -0.1305261922200525 -0.9914448613738103 0
    outer loop
      vertex -2.422392078453678 -13.7380681545203 0
      vertex -1.2158226113298314 -13.89691603837985 0
      vertex -2.422392078453678 -13.7380681545203 5
    endloop
  endfacet
  facet normal -0.04361938736533592 -0.9990482215818577 0
    outer loop
      vertex -1.2158226113298314 -13.89691603837985 0
      vertex 0 -13.95 0
      vertex -1.2158226113298314 -13.89691603837985 5
    endloop
  endfacet
  facet normal 0 0 -1
    outer loop
      vertex -5.895524751282757 -12.642993629161266 0
      vertex -6.975 -12.081054382792917 0
      vertex -5.895524751282757 12.642993629161266 0
    endloop
  endfacet
  facet normal 0 0 -1
    outer loop
      vertex -5.895524751282757 -12.642993629161266 0
      vertex -4.771180999393079 13.108712059963421 0
      vertex -4.771180999393079 -13.108712059963421 0
    endloop
  endfacet
  facet normal 0 0 -1
    outer loop
      vertex -4.771180999393079 -13.108712059963421 0
      vertex -4 2 0
      vertex -4 -2 0
    endloop
  endfacet
  facet normal 0 0 -1
    outer loop
      vertex -4.771180999393079 -13.108712059963421 0
      vertex -4 -2 0
      vertex 4 -2 0
    endloop
  endfacet
  facet normal -0.8433914458128864 -0.5372996083468228 0
    outer loop
      vertex -11.427171017831435 -8.001391287097093 0
      vertex -11.427171017831435 -8.001391287097093 5
      vertex -12.081054382792917 -6.975 5
    endloop
  endfacet
  facet normal -0.7933533402912339 -0.6087614290087222 2.1627550559654276e-16
    outer loop
      vertex -10.686319981509742 -8.966887155127223 0
      vertex -10.686319981509742 -8.966887155127221 5
      vertex -11.427171017831435 -8.001391287097093 5
    endloop
  endfacet
  facet normal -0.6087614290087215 -0.7933533402912345 0
    outer loop
      vertex -8.001391287097093 -11.427171017831435 0
      vertex -8.001391287097093 -11.427171017831435 5
      vertex -8.966887155127223 -10.686319981509742 5
    endloop
  endfacet
  facet normal -0.5372996083468228 -0.8433914458128864 0
    outer loop
      vertex -6.975 -12.081054382792917 0
      vertex -6.975 -12.081054382792917 5
      vertex -8.001391287097093 -11.427171017831435 5
    endloop
  endfacet
  facet normal -0.7372773368101256 -0.6755902076156585 0
    outer loop
      vertex -9.864139597552338 -9.864139597552338 0
      vertex -9.864139597552338 -9.864139597552338 5
      vertex -10.686319981509742 -8.966887155127221 5
    endloop
  endfacet
  facet normal -0.6755902076156592 -0.7372773368101251 0
    outer loop
      vertex -8.966887155127223 -10.686319981509742 0
      vertex -8.966887155127223 -10.686319981509742 5
      vertex -9.864139597552338 -9.864139597552338 5
    endloop
  endfacet
  facet normal 0 0 1
    outer loop
      vertex -10.045894683899487 -5.8 6
      vertex -10.280358155826846 -7.198384276205627 6
      vertex -9.613857761143173 -8.066984501566067 6
    endloop
  endfacet
  facet normal 0 0 1
    outer loop
      vertex -9.502163713752305 -6.653486661672134 6
      vertex -9.613857761143173 -8.066984501566067 6
      vertex -8.874190103891172 -8.874190103891172 6
    endloop
  endfacet
  facet normal 0 0 1
    outer loop
      vertex -8.874190103891172 -8.874190103891172 6
      vertex -8.886115540180144 -7.456336272363855 6
      vertex -9.502163713752305 -6.653486661672134 6
    endloop
  endfacet
  facet normal 0 0 1
    outer loop
      vertex -8.202438661763951 -8.202438661763951 6
      vertex -8.874190103891172 -8.874190103891172 6
      vertex -8.066984501566067 -9.613857761143173 6
    endloop
  endfacet
  facet normal 0 0 1
    outer loop
      vertex -7.456336272363855 -8.886115540180144 6
      vertex -7.198384276205627 -10.280358155826846 6
      vertex -6.2749999999999995 -10.868618817494703 6
    endloop
  endfacet
  facet normal 0 0 1
    outer loop
      vertex -8.202438661763951 -8.202438661763951 6
      vertex -8.066984501566067 -9.613857761143173 6
      vertex -7.198384276205627 -10.280358155826846 6
    endloop
  endfacet
  facet normal 0 0 1
    outer loop
      vertex -7.198384276205627 -10.280358155826846 6
      vertex -7.456336272363855 -8.886115540180144 6
      vertex -8.202438661763951 -8.202438661763951 6
    endloop
  endfacet
  facet normal 0 0 1
    outer loop
      vertex -8.874190103891172 -8.874190103891172 6
      vertex -8.202438661763951 -8.202438661763951 6
      vertex -8.886115540180144 -7.456336272363855 6
    endloop
  endfacet
  facet normal -0.8870108331782214 -0.4617486132350344 0
    outer loop
      vertex -12.081054382792917 -6.975 0
      vertex -12.081054382792917 -6.975 5
      vertex -12.642993629161266 -5.895524751282757 5
    endloop
  endfacet
  facet normal -0.9238795325112865 -0.3826834323650902 0
    outer loop
      vertex -12.642993629161266 -5.895524751282757 0
      vertex -12.642993629161266 -5.895524751282757 5
      vertex -13.108712059963421 -4.771180999393079 5
    endloop
  endfacet
  facet normal -0.953716950748227 -0.3007057995042727 0
    outer loop
      vertex -13.108712059963421 -4.771180999393079 0
      vertex -13.108712059963421 -4.771180999393079 5
      vertex -13.474665276732502 -3.610525679180164 5
    endloop
  endfacet
  facet normal -0.9762960071199335 -0.2164396139381023 0
    outer loop
      vertex -13.474665276732502 -3.610525679180164 0
      vertex -13.474665276732502 -3.610525679180164 5
      vertex -13.7380681545203 -2.422392078453678 5
    endloop
  endfacet
  facet normal -0.9914448613738103 -0.1305261922200525 0
    outer loop
      vertex -13.7380681545203 -2.422392078453678 0
      vertex -13.7380681545203 -2.422392078453678 5
      vertex -13.89691603837985 -1.2158226113298314 5
    endloop
  endfacet
  facet normal -0.9990482215818577 -0.04361938736533592 0
    outer loop
      vertex -13.89691603837985 -1.2158226113298314 0
      vertex -13.89691603837985 -1.2158226113298314 5
      vertex -13.95 0 5
    endloop
  endfacet
  facet normal 0 0 1
    outer loop
      vertex -11.204739584953192 -3.0023009231892406 6
      vertex -10.868618817494703 -6.2749999999999995 6
      vertex -10.280358155826846 -7.198384276205627 6
    endloop
  endfacet
  facet normal 0 0 1
    outer loop
      vertex -10.280358155826846 -7.198384276205627 6
      vertex -10.513170329625138 -4.902371836192113 6
      vertex -10.900434401116538 -3.967433662577757 6
    endloop
  endfacet
  facet normal 0 0 1
    outer loop
      vertex -11.204739584953192 -3.0023009231892406 6
      vertex -11.374162727309956 -5.303859184845778 6
      vertex -10.868618817494703 -6.2749999999999995 6
    endloop
  endfacet
  facet normal 0 0 1
    outer loop
      vertex -11.204739584953192 -3.0023009231892406 6
      vertex -10.280358155826846 -7.198384276205627 6
      vertex -10.900434401116538 -3.967433662577757 6
    endloop
  endfacet
  facet normal 0 0 1
    outer loop
      vertex -12.122369119927805 -3.248179016036635 6
      vertex -12.549999999999999 0 6
      vertex -12.35933730030321 -2.1792846297199753 6
    endloop
  endfacet
  facet normal 0 0 1
    outer loop
      vertex -12.35933730030321 -2.1792846297199753 6
      vertex -12.549999999999999 0 6
      vertex -12.502243461051405 -1.09380457148311 6
    endloop
  endfacet
  facet normal 0 0 1
    outer loop
      vertex -12.122369119927805 -3.248179016036635 6
      vertex -12.502243461051405 1.09380457148311 6
      vertex -12.549999999999999 0 6
    endloop
  endfacet
  facet normal 0 0 1
    outer loop
      vertex -11.555858497864248 -1.0110066158728348 6
      vertex -11.374162727309956 -5.303859184845778 6
      vertex -11.423769934941612 -2.014318860936392 6
    endloop
  endfacet
  facet normal 0 0 1
    outer loop
      vertex -11.79314239086315 -4.292352798737142 6
      vertex -12.35933730030321 2.1792846297199753 6
      vertex -12.122369119927805 -3.248179016036635 6
    endloop
  endfacet
  facet normal 0 0 1
    outer loop
      vertex -12.122369119927805 3.248179016036635 6
      vertex -11.79314239086315 -4.292352798737142 6
      vertex -11.374162727309956 -5.303859184845778 6
    endloop
  endfacet
  facet normal 0 0 1
    outer loop
      vertex -11.374162727309956 -5.303859184845778 6
      vertex -11.555858497864248 -1.0110066158728348 6
      vertex -11.6 0 6
    endloop
  endfacet
  facet normal 0 0 1
    outer loop
      vertex -11.374162727309956 -5.303859184845778 6
      vertex -11.204739584953192 -3.0023009231892406 6
      vertex -11.423769934941612 -2.014318860936392 6
    endloop
  endfacet
  facet normal 0 0 1
    outer loop
      vertex -11.374162727309956 -5.303859184845778 6
      vertex -11.6 0 6
      vertex -12.122369119927805 3.248179016036635 6
    endloop
  endfacet
  facet normal 0 0 1
    outer loop
      vertex -9.613857761143173 -8.066984501566067 6
      vertex -9.502163713752305 -6.653486661672134 6
      vertex -10.045894683899487 -5.8 6
    endloop
  endfacet
  facet normal 0 0 1
    outer loop
      vertex -10.280358155826846 -7.198384276205627 6
      vertex -10.045894683899487 -5.8 6
      vertex -10.513170329625138 -4.902371836192113 6
    endloop
  endfacet
  facet normal -0.46174861323503474 -0.8870108331782214 -8.202303072036349e-17
    outer loop
      vertex -5.895524751282757 -12.642993629161266 0
      vertex -5.895524751282758 -12.642993629161266 5
      vertex -6.975 -12.081054382792917 5
    endloop
  endfacet
  facet normal -0.38268343236508995 -0.9238795325112866 0
    outer loop
      vertex -4.771180999393079 -13.108712059963421 0
      vertex -4.771180999393079 -13.108712059963421 5
      vertex -5.895524751282758 -12.642993629161266 5
    endloop
  endfacet
  facet normal -0.3007057995042727 -0.953716950748227 0
    outer loop
      vertex -3.610525679180164 -13.474665276732502 0
      vertex -3.610525679180164 -13.474665276732502 5
      vertex -4.771180999393079 -13.108712059963421 5
    endloop
  endfacet
  facet normal -0.2164396139381023 -0.9762960071199335 0
    outer loop
      vertex -2.422392078453678 -13.7380681545203 0
      vertex -2.422392078453678 -13.7380681545203 5
      vertex -3.610525679180164 -13.474665276732502 5
    endloop
  endfacet
  facet normal -0.1305261922200525 -0.9914448613738103 0
    outer loop
      vertex -1.2158226113298314 -13.89691603837985 0
      vertex -1.2158226113298314 -13.89691603837985 5
      vertex -2.422392078453678 -13.7380681545203 5
    endloop
  endfacet
  facet normal -0.04361938736533592 -0.9990482215818577 0
    outer loop
      vertex 0 -13.95 0
      vertex 0 -13.95 5
      vertex -1.2158226113298314 -13.89691603837985 5
    endloop
  endfacet
  facet normal 0 0 1
    outer loop
      vertex -6.653486661672134 -9.502163713752305 6
      vertex -6.2749999999999995 -10.868618817494703 6
      vertex -5.303859184845778 -11.374162727309956 6
    endloop
  endfacet
  facet normal 0 0 1
    outer loop
      vertex -4.902371836192113 -10.513170329625138 6
      vertex -5.8 -10.045894683899487 6
      vertex -5.303859184845778 -11.374162727309956 6
    endloop
  endfacet
  facet normal 0 0 1
    outer loop
      vertex -4.902371836192113 -10.513170329625138 6
      vertex -5.303859184845778 -11.374162727309956 6
      vertex -4.292352798737142 -11.79314239086315 6
    endloop
  endfacet
  facet normal 0 0 1
    outer loop
      vertex -3.967433662577757 -10.900434401116538 6
      vertex -4.902371836192113 -10.513170329625138 6
      vertex -4.292352798737142 -11.79314239086315 6
    endloop
  endfacet
  facet normal 0 0 1
    outer loop
      vertex -3.967433662577757 -10.900434401116538 6
      vertex -4.292352798737142 -11.79314239086315 6
      vertex -3.248179016036635 -12.122369119927805 6
    endloop
  endfacet
  facet normal 0 0 1
    outer loop
      vertex -6.2749999999999995 -10.868618817494703 6
      vertex -6.653486661672134 -9.502163713752305 6
      vertex -7.456336272363855 -8.886115540180144 6
    endloop
  endfacet
  facet normal 0 0 1
    outer loop
      vertex -6.653486661672134 -9.502163713752305 6
      vertex -5.303859184845778 -11.374162727309956 6
      vertex -5.8 -10.045894683899487 6
    endloop
  endfacet
  facet normal 0 0 1
    outer loop
      vertex -3.0023009231892406 -11.204739584953192 6
      vertex -3.967433662577757 -10.900434401116538 6
      vertex -3.248179016036635 -12.122369119927805 6
    endloop
  endfacet
  facet normal 0 0 1
    outer loop
      vertex -3.0023009231892406 -11.204739584953192 6
      vertex -3.248179016036635 -12.122369119927805 6
      vertex -2.1792846297199753 -12.35933730030321 6
    endloop
  endfacet
  facet normal 0 0 1
    outer loop
      vertex -2.1792846297199753 -12.35933730030321 6
      vertex -2.014318860936392 -11.423769934941612 6
      vertex -3.0023009231892406 -11.204739584953192 6
    endloop
  endfacet
  facet normal 0 0 1
    outer loop
      vertex -2.014318860936392 -11.423769934941612 6
      vertex -2.1792846297199753 -12.35933730030321 6
      vertex -1.09380457148311 -12.502243461051405 6
    endloop
  endfacet
  facet normal 0 0 1
    outer loop
      vertex -2.014318860936392 -11.423769934941612 6
      vertex -1.09380457148311 -12.502243461051405 6
      vertex -1.0110066158728348 -11.555858497864248 6
    endloop
  endfacet
  facet normal 0 0 1
    outer loop
      vertex -1.0110066158728348 -11.555858497864248 6
      vertex -1.09380457148311 -12.502243461051405 6
      vertex 0 -12.549999999999999 6
    endloop
  endfacet
  facet normal 0 0 1
    outer loop
      vertex -1.0110066158728348 -11.555858497864248 6
      vertex 0 -12.549999999999999 6
      vertex 0 -11.6 6
    endloop
  endfacet
  facet normal 0 0 -1
    outer loop
      vertex -13.89691603837985 -1.2158226113298314 0
      vertex -13.95 0 0
      vertex -13.89691603837985 1.2158226113298314 0
    endloop
  endfacet
  facet normal 0 0 -1
    outer loop
      vertex -13.89691603837985 -1.2158226113298314 0
      vertex -13.89691603837985 1.2158226113298314 0
      vertex -13.7380681545203 2.422392078453678 0
    endloop
  endfacet
  facet normal 0 0 -1
    outer loop
      vertex -13.7380681545203 -2.422392078453678 0
      vertex -13.7380681545203 2.422392078453678 0
      vertex -13.474665276732502 3.610525679180164 0
    endloop
  endfacet
  facet normal 0 0 -1
    outer loop
      vertex -13.474665276732502 -3.610525679180164 0
      vertex -13.474665276732502 3.610525679180164 0
      vertex -13.108712059963421 4.771180999393079 0
    endloop
  endfacet
  facet normal 0 0 -1
    outer loop
      vertex -13.108712059963421 -4.771180999393079 0
      vertex -13.108712059963421 4.771180999393079 0
      vertex -12.642993629161266 5.895524751282757 0
    endloop
  endfacet
  facet normal 0 0 -1
    outer loop
      vertex -12.642993629161266 -5.895524751282757 0
      vertex -12.642993629161266 5.895524751282757 0
      vertex -12.081054382792917 6.975 0
    endloop
  endfacet
  facet normal 0 0 -1
    outer loop
      vertex -12.081054382792917 -6.975 0
      vertex -12.081054382792917 6.975 0
      vertex -11.427171017831435 8.001391287097093 0
    endloop
  endfacet
  facet normal 0 0 -1
    outer loop
      vertex -11.427171017831435 -8.001391287097093 0
      vertex -11.427171017831435 8.001391287097093 0
      vertex -10.686319981509742 8.966887155127223 0
    endloop
  endfacet
  facet normal 0 0 -1
    outer loop
      vertex -10.686319981509742 -8.966887155127223 0
      vertex -10.686319981509742 8.966887155127223 0
      vertex -9.864139597552338 9.864139597552338 0
    endloop
  endfacet
  facet normal 0 0 -1
    outer loop
      vertex -9.864139597552338 -9.864139597552338 0
      vertex -9.864139597552338 9.864139597552338 0
      vertex -8.966887155127223 10.686319981509742 0
    endloop
  endfacet
  facet normal 0 0 -1
    outer loop
      vertex -8.966887155127223 -10.686319981509742 0
      vertex -8.966887155127223 10.686319981509742 0
      vertex -8.001391287097093 11.427171017831435 0
    endloop
  endfacet
  facet normal 0 0 -1
    outer loop
      vertex -8.001391287097093 -11.427171017831435 0
      vertex -8.001391287097093 11.427171017831435 0
      vertex -6.975 12.081054382792917 0
    endloop
  endfacet
  facet normal -0.9990482215818577 0.04361938736533592 -2.6890064073949424e-19
    outer loop
      vertex -13.95 0 0
      vertex -13.89691603837985 1.2158226113298314 5
      vertex -13.89691603837985 1.2158226113298314 0
    endloop
  endfacet
  facet normal -0.9914448613738103 0.1305261922200525 1.3975833281135747e-18
    outer loop
      vertex -13.89691603837985 1.2158226113298314 0
      vertex -13.7380681545203 2.422392078453678 5
      vertex -13.7380681545203 2.422392078453678 0
    endloop
  endfacet
  facet normal -0.9762960071199335 0.2164396139381023 4.056290259661495e-18
    outer loop
      vertex -13.7380681545203 2.422392078453678 0
      vertex -13.474665276732502 3.610525679180164 5
      vertex -13.474665276732502 3.610525679180164 0
    endloop
  endfacet
  facet normal -0.953716950748227 0.3007057995042727 3.1863340208634956e-18
    outer loop
      vertex -13.474665276732502 3.610525679180164 0
      vertex -13.108712059963421 4.771180999393079 5
      vertex -13.108712059963421 4.771180999393079 0
    endloop
  endfacet
  facet normal -0.9238795325112865 0.3826834323650902 6.506004747988738e-18
    outer loop
      vertex -13.108712059963421 4.771180999393079 0
      vertex -12.642993629161266 5.895524751282757 5
      vertex -12.642993629161266 5.895524751282757 0
    endloop
  endfacet
  facet normal -0.8870108331782214 0.4617486132350344 -7.08226681466688e-18
    outer loop
      vertex -12.642993629161266 5.895524751282757 0
      vertex -12.081054382792917 6.975 5
      vertex -12.081054382792917 6.975 0
    endloop
  endfacet
  facet normal -0.8433914458128864 0.5372996083468228 -1.5015384048028457e-18
    outer loop
      vertex -12.081054382792917 6.975 0
      vertex -11.427171017831435 8.001391287097093 5
      vertex -11.427171017831435 8.001391287097093 0
    endloop
  endfacet
  facet normal -0.7933533402912345 0.6087614290087215 7.481949745616109e-18
    outer loop
      vertex -11.427171017831435 8.001391287097093 0
      vertex -10.686319981509742 8.966887155127223 5
      vertex -10.686319981509742 8.966887155127223 0
    endloop
  endfacet
  facet normal -0.7372773368101251 0.6755902076156592 7.022562078936008e-18
    outer loop
      vertex -10.686319981509742 8.966887155127223 0
      vertex -9.864139597552338 9.864139597552338 5
      vertex -9.864139597552338 9.864139597552338 0
    endloop
  endfacet
  facet normal -0.6755902076156592 0.7372773368101251 7.022562078936008e-18
    outer loop
      vertex -9.864139597552338 9.864139597552338 0
      vertex -8.966887155127223 10.686319981509742 5
      vertex -8.966887155127223 10.686319981509742 0
    endloop
  endfacet
  facet normal -0.6087614290087215 0.7933533402912345 7.481949745616109e-18
    outer loop
      vertex -8.966887155127223 10.686319981509742 0
      vertex -8.001391287097093 11.427171017831435 5
      vertex -8.001391287097093 11.427171017831435 0
    endloop
  endfacet
  facet normal -0.5372996083468228 0.8433914458128864 -1.5015384048028457e-18
    outer loop
      vertex -8.001391287097093 11.427171017831435 0
      vertex -6.975 12.081054382792917 5
      vertex -6.975 12.081054382792917 0
    endloop
  endfacet
  facet normal 0 0 -1
    outer loop
      vertex -4.771180999393079 -13.108712059963421 0
      vertex -3.610525679180164 13.474665276732502 0
      vertex -4 2 0
    endloop
  endfacet
  facet normal 0 0 -1
    outer loop
      vertex -6.975 -12.081054382792917 0
      vertex -6.975 12.081054382792917 0
      vertex -5.895524751282757 12.642993629161266 0
    endloop
  endfacet
  facet normal 0 0 -1
    outer loop
      vertex -5.895524751282757 -12.642993629161266 0
      vertex -5.895524751282757 12.642993629161266 0
      vertex -4.771180999393079 13.108712059963421 0
    endloop
  endfacet
  facet normal 0 0 -1
    outer loop
      vertex -4.771180999393079 -13.108712059963421 0
      vertex -4.771180999393079 13.108712059963421 0
      vertex -3.610525679180164 13.474665276732502 0
    endloop
  endfacet
  facet normal 0 0 -1
    outer loop
      vertex -3.610525679180164 13.474665276732502 0
      vertex -2.422392078453678 13.7380681545203 0
      vertex -4 2 0
    endloop
  endfacet
  facet normal 0 0 -1
    outer loop
      vertex -2.422392078453678 13.7380681545203 0
      vertex -1.2158226113298314 13.89691603837985 0
      vertex -4 2 0
    endloop
  endfacet
  facet normal 0 0 -1
    outer loop
      vertex -1.2158226113298314 13.89691603837985 0
      vertex 0 13.95 0
      vertex -4 2 0
    endloop
  endfacet
  facet normal 0 0 -1
    outer loop
      vertex 0 13.95 0
      vertex 1.2158226113298314 13.89691603837985 0
      vertex -4 2 0
    endloop
  endfacet
  facet normal 0 0 -1
    outer loop
      vertex 1.2158226113298314 13.89691603837985 0
      vertex 2.422392078453678 13.7380681545203 0
      vertex -4 2 0
    endloop
  endfacet
  facet normal -0.4617486132350344 0.8870108331782214 -7.08226681466688e-18
    outer loop
      vertex -6.975 12.081054382792917 0
      vertex -5.895524751282757 12.642993629161266 5
      vertex -5.895524751282757 12.642993629161266 0
    endloop
  endfacet
  facet normal -0.3826834323650902 0.9238795325112865 7.448423798867786e-17
    outer loop
      vertex -5.895524751282757 12.642993629161266 0
      vertex -4.771180999393078 13.108712059963421 5
      vertex -4.771180999393079 13.108712059963421 0
    endloop
  endfacet
  facet normal -0.3007057995042727 0.953716950748227 3.1863340208634956e-18
    outer loop
      vertex -4.771180999393079 13.108712059963421 0
      vertex -3.610525679180164 13.474665276732502 5
      vertex -3.610525679180164 13.474665276732502 0
    endloop
  endfacet
  facet normal -0.2164396139381023 0.9762960071199335 2.3279989686466384e-17
    outer loop
      vertex -3.610525679180164 13.474665276732502 0
      vertex -2.4223920784536777 13.7380681545203 5
      vertex -2.422392078453678 13.7380681545203 0
    endloop
  endfacet
  facet normal -0.1305261922200525 0.9914448613738103 1.3975833281135747e-18
    outer loop
      vertex -2.422392078453678 13.7380681545203 0
      vertex -1.2158226113298314 13.89691603837985 5
      vertex -1.2158226113298314 13.89691603837985 0
    endloop
  endfacet
  facet normal -0.04361938736533592 0.9990482215818577 -2.6890064073949424e-19
    outer loop
      vertex -1.2158226113298314 13.89691603837985 0
      vertex 0 13.95 5
      vertex 0 13.95 0
    endloop
  endfacet
  facet normal -0.9990482215818577 0.04361938736533592 0
    outer loop
      vertex -13.95 0 0
      vertex -13.95 0 5
      vertex -13.89691603837985 1.2158226113298314 5
    endloop
  endfacet
  facet normal -0.9914448613738103 0.1305261922200525 0
    outer loop
      vertex -13.89691603837985 1.2158226113298314 0
      vertex -13.89691603837985 1.2158226113298314 5
      vertex -13.7380681545203 2.422392078453678 5
    endloop
  endfacet
  facet normal -0.9762960071199335 0.2164396139381023 0
    outer loop
      vertex -13.7380681545203 2.422392078453678 0
      vertex -13.7380681545203 2.422392078453678 5
      vertex -13.474665276732502 3.610525679180164 5
    endloop
  endfacet
  facet normal -0.953716950748227 0.3007057995042727 0
    outer loop
      vertex -13.474665276732502 3.610525679180164 0
      vertex -13.474665276732502 3.610525679180164 5
      vertex -13.108712059963421 4.771180999393079 5
    endloop
  endfacet
  facet normal -0.9238795325112865 0.3826834323650902 0
    outer loop
      vertex -13.108712059963421 4.771180999393079 0
      vertex -13.108712059963421 4.771180999393079 5
      vertex -12.642993629161266 5.895524751282757 5
    endloop
  endfacet
  facet normal -0.8870108331782214 0.4617486132350344 0
    outer loop
      vertex -12.642993629161266 5.895524751282757 0
      vertex -12.642993629161266 5.895524751282757 5
      vertex -12.081054382792917 6.975 5
    endloop
  endfacet
  facet normal 0 0 1
    outer loop
      vertex -12.122369119927805 -3.248179016036635 6
      vertex -12.35933730030321 2.1792846297199753 6
      vertex -12.502243461051405 1.09380457148311 6
    endloop
  endfacet
  facet normal 0 0 1
    outer loop
      vertex -11.79314239086315 -4.292352798737142 6
      vertex -12.122369119927805 3.248179016036635 6
      vertex -12.35933730030321 2.1792846297199753 6
    endloop
  endfacet
  facet normal 0 0 1
    outer loop
      vertex -12.122369119927805 3.248179016036635 6
      vertex -11.6 0 6
      vertex -11.555858497864248 1.0110066158728348 6
    endloop
  endfacet
  facet normal 0 0 1
    outer loop
      vertex -12.122369119927805 3.248179016036635 6
      vertex -11.555858497864248 1.0110066158728348 6
      vertex -11.423769934941612 2.014318860936392 6
    endloop
  endfacet
  facet normal 0 0 1
    outer loop
      vertex -12.122369119927805 3.248179016036635 6
      vertex -11.423769934941612 2.014318860936392 6
      vertex -11.79314239086315 4.292352798737142 6
    endloop
  endfacet
  facet normal 0 0 1
    outer loop
      vertex -11.79314239086315 4.292352798737142 6
      vertex -11.423769934941612 2.014318860936392 6
      vertex -11.204739584953192 3.0023009231892406 6
    endloop
  endfacet
  facet normal 0 0 1
    outer loop
      vertex -11.204739584953192 3.0023009231892406 6
      vertex -11.374162727309956 5.303859184845778 6
      vertex -11.79314239086315 4.292352798737142 6
    endloop
  endfacet
  facet normal 0 0 1
    outer loop
      vertex -11.374162727309956 5.303859184845778 6
      vertex -11.204739584953192 3.0023009231892406 6
      vertex -10.900434401116538 3.967433662577757 6
    endloop
  endfacet
  facet normal 0 0 1
    outer loop
      vertex -11.374162727309956 5.303859184845778 6
      vertex -10.900434401116538 3.967433662577757 6
      vertex -10.513170329625138 4.902371836192113 6
    endloop
  endfacet
  facet normal 0 0 1
    outer loop
      vertex -10.513170329625138 4.902371836192113 6
      vertex -10.868618817494703 6.2749999999999995 6
      vertex -11.374162727309956 5.303859184845778 6
    endloop
  endfacet
  facet normal 0 0 1
    outer loop
      vertex -10.045894683899487 5.8 6
      vertex -10.868618817494703 6.2749999999999995 6
      vertex -10.513170329625138 4.902371836192113 6
    endloop
  endfacet
  facet normal 0 0 1
    outer loop
      vertex -10.868618817494703 6.2749999999999995 6
      vertex -10.045894683899487 5.8 6
      vertex -9.502163713752305 6.653486661672134 6
    endloop
  endfacet
  facet normal 0 0 1
    outer loop
      vertex -9.502163713752305 6.653486661672134 6
      vertex -10.280358155826846 7.198384276205627 6
      vertex -10.868618817494703 6.2749999999999995 6
    endloop
  endfacet
  facet normal -0.8433914458128864 0.5372996083468228 0
    outer loop
      vertex -12.081054382792917 6.975 0
      vertex -12.081054382792917 6.975 5
      vertex -11.427171017831435 8.001391287097093 5
    endloop
  endfacet
  facet normal -0.7933533402912345 0.6087614290087215 0
    outer loop
      vertex -11.427171017831435 8.001391287097093 0
      vertex -11.427171017831435 8.001391287097093 5
      vertex -10.686319981509742 8.966887155127223 5
    endloop
  endfacet
  facet normal -0.7372773368101251 0.6755902076156592 0
    outer loop
      vertex -10.686319981509742 8.966887155127223 0
      vertex -10.686319981509742 8.966887155127223 5
      vertex -9.864139597552338 9.864139597552338 5
    endloop
  endfacet
  facet normal -0.6755902076156592 0.7372773368101251 0
    outer loop
      vertex -9.864139597552338 9.864139597552338 0
      vertex -9.864139597552338 9.864139597552338 5
      vertex -8.966887155127223 10.686319981509742 5
    endloop
  endfacet
  facet normal -0.6087614290087215 0.7933533402912345 0
    outer loop
      vertex -8.966887155127223 10.686319981509742 0
      vertex -8.966887155127223 10.686319981509742 5
      vertex -8.001391287097093 11.427171017831435 5
    endloop
  endfacet
  facet normal -0.5372996083468228 0.8433914458128864 0
    outer loop
      vertex -8.001391287097093 11.427171017831435 0
      vertex -8.001391287097093 11.427171017831435 5
      vertex -6.975 12.081054382792917 5
    endloop
  endfacet
  facet normal 0 0 1
    outer loop
      vertex -10.280358155826846 7.198384276205627 6
      vertex -8.886115540180144 7.456336272363855 6
      vertex -9.613857761143173 8.066984501566067 6
    endloop
  endfacet
  facet normal 0 0 1
    outer loop
      vertex -10.280358155826846 7.198384276205627 6
      vertex -9.502163713752305 6.653486661672134 6
      vertex -8.886115540180144 7.456336272363855 6
    endloop
  endfacet
  facet normal 0 0 1
    outer loop
      vertex -8.202438661763951 8.202438661763951 6
      vertex -9.613857761143173 8.066984501566067 6
      vertex -8.886115540180144 7.456336272363855 6
    endloop
  endfacet
  facet normal 0 0 1
    outer loop
      vertex -9.613857761143173 8.066984501566067 6
      vertex -8.202438661763951 8.202438661763951 6
      vertex -8.874190103891172 8.874190103891172 6
    endloop
  endfacet
  facet normal 0 0 1
    outer loop
      vertex -8.202438661763951 8.202438661763951 6
      vertex -7.456336272363855 8.886115540180144 6
      vertex -8.874190103891172 8.874190103891172 6
    endloop
  endfacet
  facet normal 0 0 1
    outer loop
      vertex -7.456336272363855 8.886115540180144 6
      vertex -8.066984501566067 9.613857761143173 6
      vertex -8.874190103891172 8.874190103891172 6
    endloop
  endfacet
  facet normal 0 0 1
    outer loop
      vertex -8.066984501566067 9.613857761143173 6
      vertex -7.456336272363855 8.886115540180144 6
      vertex -6.653486661672134 9.502163713752305 6
    endloop
  endfacet
  facet normal 0 0 1
    outer loop
      vertex -6.653486661672134 9.502163713752305 6
      vertex -7.198384276205627 10.280358155826846 6
      vertex -8.066984501566067 9.613857761143173 6
    endloop
  endfacet
  facet normal -0.4617486132350344 0.8870108331782214 0
    outer loop
      vertex -6.975 12.081054382792917 0
      vertex -6.975 12.081054382792917 5
      vertex -5.895524751282757 12.642993629161266 5
    endloop
  endfacet
  facet normal -0.38268343236508995 0.9238795325112866 0
    outer loop
      vertex -5.895524751282757 12.642993629161266 0
      vertex -5.895524751282757 12.642993629161266 5
      vertex -4.771180999393078 13.108712059963421 5
    endloop
  endfacet
  facet normal -0.3007057995042729 0.9537169507482269 5.341608035967356e-17
    outer loop
      vertex -4.771180999393079 13.108712059963421 0
      vertex -4.771180999393078 13.108712059963421 5
      vertex -3.610525679180164 13.474665276732502 5
    endloop
  endfacet
  facet normal -0.21643961393810224 0.9762960071199335 0
    outer loop
      vertex -3.610525679180164 13.474665276732502 0
      vertex -3.610525679180164 13.474665276732502 5
      vertex -2.4223920784536777 13.7380681545203 5
    endloop
  endfacet
  facet normal -0.13052619222005254 0.9914448613738103 1.1593054713548105e-17
    outer loop
      vertex -2.422392078453678 13.7380681545203 0
      vertex -2.4223920784536777 13.7380681545203 5
      vertex -1.2158226113298314 13.89691603837985 5
    endloop
  endfacet
  facet normal -0.04361938736533592 0.9990482215818577 0
    outer loop
      vertex -1.2158226113298314 13.89691603837985 0
      vertex -1.2158226113298314 13.89691603837985 5
      vertex 0 13.95 5
    endloop
  endfacet
  facet normal 0 0 1
    outer loop
      vertex -7.198384276205627 10.280358155826846 6
      vertex -6.653486661672134 9.502163713752305 6
      vertex -5.8 10.045894683899487 6
    endloop
  endfacet
  facet normal 0 0 1
    outer loop
      vertex -5.8 10.045894683899487 6
      vertex -6.2749999999999995 10.868618817494703 6
      vertex -7.198384276205627 10.280358155826846 6
    endloop
  endfacet
  facet normal 0 0 1
    outer loop
      vertex -4.902371836192113 10.513170329625138 6
      vertex -6.2749999999999995 10.868618817494703 6
      vertex -5.8 10.045894683899487 6
    endloop
  endfacet
  facet normal 0 0 1
    outer loop
      vertex -4.902371836192113 10.513170329625138 6
      vertex -5.303859184845778 11.374162727309956 6
      vertex -6.2749999999999995 10.868618817494703 6
    endloop
  endfacet
  facet normal 0 0 1
    outer loop
      vertex -3.967433662577757 10.900434401116538 6
      vertex -5.303859184845778 11.374162727309956 6
      vertex -4.902371836192113 10.513170329625138 6
    endloop
  endfacet
  facet normal 0 0 1
    outer loop
      vertex -5.303859184845778 11.374162727309956 6
      vertex -3.967433662577757 10.900434401116538 6
      vertex -4.292352798737142 11.79314239086315 6
    endloop
  endfacet
  facet normal 0 0 1
    outer loop
      vertex -3.967433662577757 10.900434401116538 6
      vertex -3.0023009231892406 11.204739584953192 6
      vertex -4.292352798737142 11.79314239086315 6
    endloop
  endfacet
  facet normal 0 0 1
    outer loop
      vertex -4.292352798737142 11.79314239086315 6
      vertex -3.0023009231892406 11.204739584953192 6
      vertex -3.248179016036635 12.122369119927805 6
    endloop
  endfacet
  facet normal 0 0 1
    outer loop
      vertex -3.0023009231892406 11.204739584953192 6
      vertex -2.014318860936392 11.423769934941612 6
      vertex -3.248179016036635 12.122369119927805 6
    endloop
  endfacet
  facet normal 0 0 1
    outer loop
      vertex -3.248179016036635 12.122369119927805 6
      vertex -2.014318860936392 11.423769934941612 6
      vertex -2.1792846297199753 12.35933730030321 6
    endloop
  endfacet
  facet normal 0 0 1
    outer loop
      vertex -2.014318860936392 11.423769934941612 6
      vertex -1.0110066158728348 11.555858497864248 6
      vertex -2.1792846297199753 12.35933730030321 6
    endloop
  endfacet
  facet normal 0 0 1
    outer loop
      vertex -2.1792846297199753 12.35933730030321 6
      vertex -1.0110066158728348 11.555858497864248 6
      vertex -1.09380457148311 12.502243461051405 6
    endloop
  endfacet
  facet normal 0 0 1
    outer loop
      vertex -1.0110066158728348 11.555858497864248 6
      vertex 0 11.6 6
      vertex -1.09380457148311 12.502243461051405 6
    endloop
  endfacet
  facet normal 0 0 1
    outer loop
      vertex 0 11.6 6
      vertex 0 12.549999999999999 6
      vertex -1.09380457148311 12.502243461051405 6
    endloop
  endfacet
  facet normal 0 0 -1
    outer loop
      vertex -2.422392078453678 -13.7380681545203 0
      vertex 4 -2 0
      vertex -1.2158226113298314 -13.89691603837985 0
    endloop
  endfacet
  facet normal 0 0 -1
    outer loop
      vertex -1.2158226113298314 -13.89691603837985 0
      vertex 4 -2 0
      vertex 0 -13.95 0
    endloop
  endfacet
  facet normal 0 0 -1
    outer loop
      vertex 0 -13.95 0
      vertex 4 -2 0
      vertex 1.2158226113298314 -13.89691603837985 0
    endloop
  endfacet
  facet normal 0 0 -1
    outer loop
      vertex 1.2158226113298314 -13.89691603837985 0
      vertex 4 -2 0
      vertex 2.422392078453678 -13.7380681545203 0
    endloop
  endfacet
  facet normal 0 0 -1
    outer loop
      vertex 2.422392078453678 -13.7380681545203 0
      vertex 4 -2 0
      vertex 3.610525679180164 -13.474665276732502 0
    endloop
  endfacet
  facet normal 0.04361938736533592 -0.9990482215818577 0
    outer loop
      vertex 0 -13.95 0
      vertex 1.2158226113298314 -13.89691603837985 0
      vertex 0 -13.95 5
    endloop
  endfacet
  facet normal 0.1305261922200525 -0.9914448613738103 0
    outer loop
      vertex 1.2158226113298314 -13.89691603837985 0
      vertex 2.422392078453678 -13.7380681545203 0
      vertex 1.2158226113298314 -13.89691603837985 5
    endloop
  endfacet
  facet normal 0.2164396139381023 -0.9762960071199335 1.922369942680489e-17
    outer loop
      vertex 2.422392078453678 -13.7380681545203 0
      vertex 3.610525679180164 -13.474665276732502 0
      vertex 2.4223920784536777 -13.7380681545203 5
    endloop
  endfacet
  facet normal 0.3007057995042727 -0.953716950748227 0
    outer loop
      vertex 3.610525679180164 -13.474665276732502 0
      vertex 4.771180999393079 -13.108712059963421 0
      vertex 3.610525679180164 -13.474665276732502 5
    endloop
  endfacet
  facet normal 0.3826834323650902 -0.9238795325112865 6.797823324068912e-17
    outer loop
      vertex 4.771180999393079 -13.108712059963421 0
      vertex 5.895524751282757 -12.642993629161266 0
      vertex 4.771180999393078 -13.108712059963421 5
    endloop
  endfacet
  facet normal 0.4617486132350344 -0.8870108331782214 0
    outer loop
      vertex 5.895524751282757 -12.642993629161266 0
      vertex 6.975 -12.081054382792917 0
      vertex 5.895524751282757 -12.642993629161266 5
    endloop
  endfacet
  facet normal 0 0 -1
    outer loop
      vertex 3.610525679180164 -13.474665276732502 0
      vertex 4.771180999393079 13.108712059963421 0
      vertex 4.771180999393079 -13.108712059963421 0
    endloop
  endfacet
  facet normal 0 0 -1
    outer loop
      vertex 4.771180999393079 -13.108712059963421 0
      vertex 5.895524751282757 12.642993629161266 0
      vertex 5.895524751282757 -12.642993629161266 0
    endloop
  endfacet
  facet normal 0 0 -1
    outer loop
      vertex 5.895524751282757 -12.642993629161266 0
      vertex 6.975 12.081054382792917 0
      vertex 6.975 -12.081054382792917 0
    endloop
  endfacet
  facet normal 0 0 -1
    outer loop
      vertex 3.610525679180164 -13.474665276732502 0
      vertex 4 -2 0
      vertex 4.771180999393079 13.108712059963421 0
    endloop
  endfacet
  facet normal 0.5372996083468228 -0.8433914458128864 0
    outer loop
      vertex 6.975 -12.081054382792917 0
      vertex 8.001391287097093 -11.427171017831435 0
      vertex 6.975 -12.081054382792917 5
    endloop
  endfacet
  facet normal 0.6087614290087215 -0.7933533402912345 0
    outer loop
      vertex 8.001391287097093 -11.427171017831435 0
      vertex 8.966887155127223 -10.686319981509742 0
      vertex 8.001391287097093 -11.427171017831435 5
    endloop
  endfacet
  facet normal 0.6755902076156592 -0.7372773368101251 0
    outer loop
      vertex 8.966887155127223 -10.686319981509742 0
      vertex 9.864139597552338 -9.864139597552338 0
      vertex 8.966887155127223 -10.686319981509742 5
    endloop
  endfacet
  facet normal 0.7372773368101251 -0.6755902076156592 0
    outer loop
      vertex 9.864139597552338 -9.864139597552338 0
      vertex 10.686319981509742 -8.966887155127223 0
      vertex 9.864139597552338 -9.864139597552338 5
    endloop
  endfacet
  facet normal 0.7933533402912345 -0.6087614290087215 0
    outer loop
      vertex 10.686319981509742 -8.966887155127223 0
      vertex 11.427171017831435 -8.001391287097093 0
      vertex 10.686319981509742 -8.966887155127223 5
    endloop
  endfacet
  facet normal 0.8433914458128864 -0.5372996083468228 0
    outer loop
      vertex 11.427171017831435 -8.001391287097093 0
      vertex 12.081054382792917 -6.975 0
      vertex 11.427171017831435 -8.001391287097093 5
    endloop
  endfacet
  facet normal 0 0 -1
    outer loop
      vertex 6.975 -12.081054382792917 0
      vertex 8.001391287097093 11.427171017831435 0
      vertex 8.001391287097093 -11.427171017831435 0
    endloop
  endfacet
  facet normal 0 0 -1
    outer loop
      vertex 8.001391287097093 -11.427171017831435 0
      vertex 8.966887155127223 10.686319981509742 0
      vertex 8.966887155127223 -10.686319981509742 0
    endloop
  endfacet
  facet normal 0 0 -1
    outer loop
      vertex 8.966887155127223 -10.686319981509742 0
      vertex 9.864139597552338 9.864139597552338 0
      vertex 9.864139597552338 -9.864139597552338 0
    endloop
  endfacet
  facet normal 0 0 -1
    outer loop
      vertex 9.864139597552338 -9.864139597552338 0
      vertex 10.686319981509742 8.966887155127223 0
      vertex 10.686319981509742 -8.966887155127223 0
    endloop
  endfacet
  facet normal 0 0 -1
    outer loop
      vertex 10.686319981509742 -8.966887155127223 0
      vertex 11.427171017831435 8.001391287097093 0
      vertex 11.427171017831435 -8.001391287097093 0
    endloop
  endfacet
  facet normal 0 0 -1
    outer loop
      vertex 11.427171017831435 -8.001391287097093 0
      vertex 12.081054382792917 6.975 0
      vertex 12.081054382792917 -6.975 0
    endloop
  endfacet
  facet normal 0 0 -1
    outer loop
      vertex 12.081054382792917 -6.975 0
      vertex 12.642993629161266 5.895524751282757 0
      vertex 12.642993629161266 -5.895524751282757 0
    endloop
  endfacet
  facet normal 0 0 -1
    outer loop
      vertex 12.642993629161266 -5.895524751282757 0
      vertex 13.108712059963421 4.771180999393079 0
      vertex 13.108712059963421 -4.771180999393079 0
    endloop
  endfacet
  facet normal 0 0 -1
    outer loop
      vertex 13.108712059963421 -4.771180999393079 0
      vertex 13.474665276732502 3.610525679180164 0
      vertex 13.474665276732502 -3.610525679180164 0
    endloop
  endfacet
  facet normal 0 0 -1
    outer loop
      vertex 13.474665276732502 -3.610525679180164 0
      vertex 13.7380681545203 2.422392078453678 0
      vertex 13.7380681545203 -2.422392078453678 0
    endloop
  endfacet
  facet normal 0 0 -1
    outer loop
      vertex 13.7380681545203 -2.422392078453678 0
      vertex 13.89691603837985 1.2158226113298314 0
      vertex 13.89691603837985 -1.2158226113298314 0
    endloop
  endfacet
  facet normal 0.8870108331782214 -0.4617486132350344 0
    outer loop
      vertex 12.081054382792917 -6.975 0
      vertex 12.642993629161266 -5.895524751282757 0
      vertex 12.081054382792917 -6.975 5
    endloop
  endfacet
  facet normal 0.9238795325112865 -0.3826834323650902 0
    outer loop
      vertex 12.642993629161266 -5.895524751282757 0
      vertex 13.108712059963421 -4.771180999393079 0
      vertex 12.642993629161266 -5.895524751282757 5
    endloop
  endfacet
  facet normal 0.953716950748227 -0.3007057995042727 0
    outer loop
      vertex 13.108712059963421 -4.771180999393079 0
      vertex 13.474665276732502 -3.610525679180164 0
      vertex 13.108712059963421 -4.771180999393079 5
    endloop
  endfacet
  facet normal 0.9762960071199335 -0.2164396139381023 0
    outer loop
      vertex 13.474665276732502 -3.610525679180164 0
      vertex 13.7380681545203 -2.422392078453678 0
      vertex 13.474665276732502 -3.610525679180164 5
    endloop
  endfacet
  facet normal 0.9914448613738103 -0.1305261922200525 0
    outer loop
      vertex 13.7380681545203 -2.422392078453678 0
      vertex 13.89691603837985 -1.2158226113298314 0
      vertex 13.7380681545203 -2.422392078453678 5
    endloop
  endfacet
  facet normal 0.9990482215818577 -0.04361938736533592 0
    outer loop
      vertex 13.89691603837985 -1.2158226113298314 0
      vertex 13.95 0 0
      vertex 13.89691603837985 -1.2158226113298314 5
    endloop
  endfacet
  facet normal 0.04361938736533592 -0.9990482215818577 0
    outer loop
      vertex 1.2158226113298314 -13.89691603837985 0
      vertex 1.2158226113298314 -13.89691603837985 5
      vertex 0 -13.95 5
    endloop
  endfacet
  facet normal 0.13052619222005254 -0.9914448613738103 1.1593054713548105e-17
    outer loop
      vertex 2.422392078453678 -13.7380681545203 0
      vertex 2.4223920784536777 -13.7380681545203 5
      vertex 1.2158226113298314 -13.89691603837985 5
    endloop
  endfacet
  facet normal 0.21643961393810224 -0.9762960071199335 0
    outer loop
      vertex 3.610525679180164 -13.474665276732502 0
      vertex 3.610525679180164 -13.474665276732502 5
      vertex 2.4223920784536777 -13.7380681545203 5
    endloop
  endfacet
  facet normal 0.3007057995042729 -0.9537169507482269 5.341608035967356e-17
    outer loop
      vertex 4.771180999393079 -13.108712059963421 0
      vertex 4.771180999393078 -13.108712059963421 5
      vertex 3.610525679180164 -13.474665276732502 5
    endloop
  endfacet
  facet normal 0.38268343236508995 -0.9238795325112866 0
    outer loop
      vertex 5.895524751282757 -12.642993629161266 0
      vertex 5.895524751282757 -12.642993629161266 5
      vertex 4.771180999393078 -13.108712059963421 5
    endloop
  endfacet
  facet normal 0.4617486132350344 -0.8870108331782214 0
    outer loop
      vertex 6.975 -12.081054382792917 0
      vertex 6.975 -12.081054382792917 5
      vertex 5.895524751282757 -12.642993629161266 5
    endloop
  endfacet
  facet normal 0 0 1
    outer loop
      vertex 0 -11.6 6
      vertex 0 -12.549999999999999 6
      vertex 1.09380457148311 -12.502243461051405 6
    endloop
  endfacet
  facet normal 0 0 1
    outer loop
      vertex 1.0110066158728348 -11.555858497864248 6
      vertex 0 -11.6 6
      vertex 1.09380457148311 -12.502243461051405 6
    endloop
  endfacet
  facet normal 0 0 1
    outer loop
      vertex 2.1792846297199753 -12.35933730030321 6
      vertex 1.0110066158728348 -11.555858497864248 6
      vertex 1.09380457148311 -12.502243461051405 6
    endloop
  endfacet
  facet normal 0 0 1
    outer loop
      vertex 2.014318860936392 -11.423769934941612 6
      vertex 1.0110066158728348 -11.555858497864248 6
      vertex 2.1792846297199753 -12.35933730030321 6
    endloop
  endfacet
  facet normal 0 0 1
    outer loop
      vertex 3.248179016036635 -12.122369119927805 6
      vertex 2.014318860936392 -11.423769934941612 6
      vertex 2.1792846297199753 -12.35933730030321 6
    endloop
  endfacet
  facet normal 0 0 1
    outer loop
      vertex 3.0023009231892406 -11.204739584953192 6
      vertex 2.014318860936392 -11.423769934941612 6
      vertex 3.248179016036635 -12.122369119927805 6
    endloop
  endfacet
  facet normal 0 0 1
    outer loop
      vertex 4.292352798737142 -11.79314239086315 6
      vertex 3.0023009231892406 -11.204739584953192 6
      vertex 3.248179016036635 -12.122369119927805 6
    endloop
  endfacet
  facet normal 0 0 1
    outer loop
      vertex 3.967433662577757 -10.900434401116538 6
      vertex 3.0023009231892406 -11.204739584953192 6
      vertex 4.292352798737142 -11.79314239086315 6
    endloop
  endfacet
  facet normal 0 0 1
    outer loop
      vertex 5.303859184845778 -11.374162727309956 6
      vertex 3.967433662577757 -10.900434401116538 6
      vertex 4.292352798737142 -11.79314239086315 6
    endloop
  endfacet
  facet normal 0 0 1
    outer loop
      vertex 3.967433662577757 -10.900434401116538 6
      vertex 5.303859184845778 -11.374162727309956 6
      vertex 4.902371836192113 -10.513170329625138 6
    endloop
  endfacet
  facet normal 0 0 1
    outer loop
      vertex 4.902371836192113 -10.513170329625138 6
      vertex 5.303859184845778 -11.374162727309956 6
      vertex 6.2749999999999995 -10.868618817494703 6
    endloop
  endfacet
  facet normal 0 0 1
    outer loop
      vertex 4.902371836192113 -10.513170329625138 6
      vertex 6.2749999999999995 -10.868618817494703 6
      vertex 5.8 -10.045894683899487 6
    endloop
  endfacet
  facet normal 0 0 1
    outer loop
      vertex 5.8 -10.045894683899487 6
      vertex 6.2749999999999995 -10.868618817494703 6
      vertex 7.198384276205627 -10.280358155826846 6
    endloop
  endfacet
  facet normal 0 0 1
    outer loop
      vertex 7.198384276205627 -10.280358155826846 6
      vertex 6.653486661672134 -9.502163713752305 6
      vertex 5.8 -10.045894683899487 6
    endloop
  endfacet
  facet normal 0.5372996083468228 -0.8433914458128864 0
    outer loop
      vertex 8.001391287097093 -11.427171017831435 0
      vertex 8.001391287097093 -11.427171017831435 5
      vertex 6.975 -12.081054382792917 5
    endloop
  endfacet
  facet normal 0.6087614290087215 -0.7933533402912345 0
    outer loop
      vertex 8.966887155127223 -10.686319981509742 0
      vertex 8.966887155127223 -10.686319981509742 5
      vertex 8.001391287097093 -11.427171017831435 5
    endloop
  endfacet
  facet normal 0.6755902076156592 -0.7372773368101251 0
    outer loop
      vertex 9.864139597552338 -9.864139597552338 0
      vertex 9.864139597552338 -9.864139597552338 5
      vertex 8.966887155127223 -10.686319981509742 5
    endloop
  endfacet
  facet normal 0.7372773368101251 -0.6755902076156592 0
    outer loop
      vertex 10.686319981509742 -8.966887155127223 0
      vertex 10.686319981509742 -8.966887155127223 5
      vertex 9.864139597552338 -9.864139597552338 5
    endloop
  endfacet
  facet normal 0.7933533402912345 -0.6087614290087215 0
    outer loop
      vertex 11.427171017831435 -8.001391287097093 0
      vertex 11.427171017831435 -8.001391287097093 5
      vertex 10.686319981509742 -8.966887155127223 5
    endloop
  endfacet
  facet normal 0.8433914458128864 -0.5372996083468228 0
    outer loop
      vertex 12.081054382792917 -6.975 0
      vertex 12.081054382792917 -6.975 5
      vertex 11.427171017831435 -8.001391287097093 5
    endloop
  endfacet
  facet normal 0 0 1
    outer loop
      vertex 6.653486661672134 -9.502163713752305 6
      vertex 7.198384276205627 -10.280358155826846 6
      vertex 8.066984501566067 -9.613857761143173 6
    endloop
  endfacet
  facet normal 0 0 1
    outer loop
      vertex 8.066984501566067 -9.613857761143173 6
      vertex 7.456336272363855 -8.886115540180144 6
      vertex 6.653486661672134 -9.502163713752305 6
    endloop
  endfacet
  facet normal 0 0 1
    outer loop
      vertex 7.456336272363855 -8.886115540180144 6
      vertex 8.066984501566067 -9.613857761143173 6
      vertex 8.874190103891172 -8.874190103891172 6
    endloop
  endfacet
  facet normal 0 0 1
    outer loop
      vertex 8.202438661763951 -8.202438661763951 6
      vertex 7.456336272363855 -8.886115540180144 6
      vertex 8.874190103891172 -8.874190103891172 6
    endloop
  endfacet
  facet normal 0 0 1
    outer loop
      vertex 9.613857761143173 -8.066984501566067 6
      vertex 8.202438661763951 -8.202438661763951 6
      vertex 8.874190103891172 -8.874190103891172 6
    endloop
  endfacet
  facet normal 0 0 1
    outer loop
      vertex 8.202438661763951 -8.202438661763951 6
      vertex 9.613857761143173 -8.066984501566067 6
      vertex 8.886115540180144 -7.456336272363855 6
    endloop
  endfacet
  facet normal 0 0 1
    outer loop
      vertex 10.280358155826846 -7.198384276205627 6
      vertex 9.502163713752305 -6.653486661672134 6
      vertex 8.886115540180144 -7.456336272363855 6
    endloop
  endfacet
  facet normal 0 0 1
    outer loop
      vertex 10.280358155826846 -7.198384276205627 6
      vertex 8.886115540180144 -7.456336272363855 6
      vertex 9.613857761143173 -8.066984501566067 6
    endloop
  endfacet
  facet normal 0.8870108331782214 -0.4617486132350344 0
    outer loop
      vertex 12.642993629161266 -5.895524751282757 0
      vertex 12.642993629161266 -5.895524751282757 5
      vertex 12.081054382792917 -6.975 5
    endloop
  endfacet
  facet normal 0.9238795325112865 -0.3826834323650902 0
    outer loop
      vertex 13.108712059963421 -4.771180999393079 0
      vertex 13.108712059963421 -4.771180999393079 5
      vertex 12.642993629161266 -5.895524751282757 5
    endloop
  endfacet
  facet normal 0.953716950748227 -0.3007057995042727 0
    outer loop
      vertex 13.474665276732502 -3.610525679180164 0
      vertex 13.474665276732502 -3.610525679180164 5
      vertex 13.108712059963421 -4.771180999393079 5
    endloop
  endfacet
  facet normal 0.9762960071199335 -0.2164396139381023 0
    outer loop
      vertex 13.7380681545203 -2.422392078453678 0
      vertex 13.7380681545203 -2.422392078453678 5
      vertex 13.474665276732502 -3.610525679180164 5
    endloop
  endfacet
  facet normal 0.9914448613738103 -0.1305261922200525 0
    outer loop
      vertex 13.89691603837985 -1.2158226113298314 0
      vertex 13.89691603837985 -1.2158226113298314 5
      vertex 13.7380681545203 -2.422392078453678 5
    endloop
  endfacet
  facet normal 0.9990482215818577 -0.04361938736533592 0
    outer loop
      vertex 13.95 0 0
      vertex 13.95 0 5
      vertex 13.89691603837985 -1.2158226113298314 5
    endloop
  endfacet
  facet normal 0 0 1
    outer loop
      vertex 9.502163713752305 -6.653486661672134 6
      vertex 10.280358155826846 -7.198384276205627 6
      vertex 10.868618817494703 -6.2749999999999995 6
    endloop
  endfacet
  facet normal 0 0 1
    outer loop
      vertex 10.868618817494703 -6.2749999999999995 6
      vertex 10.045894683899487 -5.8 6
      vertex 9.502163713752305 -6.653486661672134 6
    endloop
  endfacet
  facet normal 0 0 1
    outer loop
      vertex 10.045894683899487 -5.8 6
      vertex 10.868618817494703 -6.2749999999999995 6
      vertex 10.513170329625138 -4.902371836192113 6
    endloop
  endfacet
  facet normal 0 0 1
    outer loop
      vertex 10.513170329625138 -4.902371836192113 6
      vertex 10.868618817494703 -6.2749999999999995 6
      vertex 11.374162727309956 -5.303859184845778 6
    endloop
  endfacet
  facet normal 0 0 1
    outer loop
      vertex 11.374162727309956 -5.303859184845778 6
      vertex 10.900434401116538 -3.967433662577757 6
      vertex 10.513170329625138 -4.902371836192113 6
    endloop
  endfacet
  facet normal 0 0 1
    outer loop
      vertex 11.374162727309956 -5.303859184845778 6
      vertex 11.204739584953192 -3.0023009231892406 6
      vertex 10.900434401116538 -3.967433662577757 6
    endloop
  endfacet
  facet normal 0 0 1
    outer loop
      vertex 11.204739584953192 -3.0023009231892406 6
      vertex 11.374162727309956 -5.303859184845778 6
      vertex 11.79314239086315 -4.292352798737142 6
    endloop
  endfacet
  facet normal 0 0 1
    outer loop
      vertex 11.79314239086315 -4.292352798737142 6
      vertex 11.423769934941612 -2.014318860936392 6
      vertex 11.204739584953192 -3.0023009231892406 6
    endloop
  endfacet
  facet normal 0 0 1
    outer loop
      vertex 12.122369119927805 -3.248179016036635 6
      vertex 11.423769934941612 -2.014318860936392 6
      vertex 11.79314239086315 -4.292352798737142 6
    endloop
  endfacet
  facet normal 0 0 1
    outer loop
      vertex 12.122369119927805 -3.248179016036635 6
      vertex 11.555858497864248 -1.0110066158728348 6
      vertex 11.423769934941612 -2.014318860936392 6
    endloop
  endfacet
  facet normal 0 0 1
    outer loop
      vertex 12.122369119927805 -3.248179016036635 6
      vertex 11.6 0 6
      vertex 11.555858497864248 -1.0110066158728348 6
    endloop
  endfacet
  facet normal 0 0 1
    outer loop
      vertex 11.79314239086315 4.292352798737142 6
      vertex 12.122369119927805 -3.248179016036635 6
      vertex 12.35933730030321 -2.1792846297199753 6
    endloop
  endfacet
  facet normal 0 0 1
    outer loop
      vertex 12.35933730030321 -2.1792846297199753 6
      vertex 12.502243461051405 -1.09380457148311 6
      vertex 12.122369119927805 3.248179016036635 6
    endloop
  endfacet
  facet normal 0 0 -1
    outer loop
      vertex 4.771180999393079 13.108712059963421 0
      vertex 4 2 0
      vertex -4 2 0
    endloop
  endfacet
  facet normal 0 0 -1
    outer loop
      vertex 4.771180999393079 13.108712059963421 0
      vertex 4 -2 0
      vertex 4 2 0
    endloop
  endfacet
  facet normal 0 0 -1
    outer loop
      vertex 4.771180999393079 -13.108712059963421 0
      vertex 4.771180999393079 13.108712059963421 0
      vertex 5.895524751282757 12.642993629161266 0
    endloop
  endfacet
  facet normal 0 0 -1
    outer loop
      vertex 5.895524751282757 -12.642993629161266 0
      vertex 5.895524751282757 12.642993629161266 0
      vertex 6.975 12.081054382792917 0
    endloop
  endfacet
  facet normal 0 0 -1
    outer loop
      vertex 2.422392078453678 13.7380681545203 0
      vertex 3.610525679180164 13.474665276732502 0
      vertex -4 2 0
    endloop
  endfacet
  facet normal 0 0 -1
    outer loop
      vertex 3.610525679180164 13.474665276732502 0
      vertex 4.771180999393079 13.108712059963421 0
      vertex -4 2 0
    endloop
  endfacet
  facet normal 0.04361938736533592 0.9990482215818577 2.6890064073949424e-19
    outer loop
      vertex 0 13.95 0
      vertex 1.2158226113298314 13.89691603837985 5
      vertex 1.2158226113298314 13.89691603837985 0
    endloop
  endfacet
  facet normal 0.1305261922200525 0.9914448613738103 -1.3975833281135747e-18
    outer loop
      vertex 1.2158226113298314 13.89691603837985 0
      vertex 2.422392078453678 13.7380681545203 5
      vertex 2.422392078453678 13.7380681545203 0
    endloop
  endfacet
  facet normal 0.2164396139381023 0.9762960071199335 -4.056290259661495e-18
    outer loop
      vertex 2.422392078453678 13.7380681545203 0
      vertex 3.610525679180164 13.474665276732502 5
      vertex 3.610525679180164 13.474665276732502 0
    endloop
  endfacet
  facet normal 0.3007057995042727 0.953716950748227 -3.1863340208634956e-18
    outer loop
      vertex 3.610525679180164 13.474665276732502 0
      vertex 4.771180999393079 13.108712059963421 5
      vertex 4.771180999393079 13.108712059963421 0
    endloop
  endfacet
  facet normal 0.3826834323650902 0.9238795325112865 -7.448423798867786e-17
    outer loop
      vertex 4.771180999393079 13.108712059963421 0
      vertex 5.895524751282758 12.642993629161266 5
      vertex 5.895524751282757 12.642993629161266 0
    endloop
  endfacet
  facet normal 0.4617486132350344 0.8870108331782214 0
    outer loop
      vertex 6.975 12.081054382792917 0
      vertex 5.895524751282757 12.642993629161266 0
      vertex 6.975 12.081054382792917 5
    endloop
  endfacet
  facet normal 0 0 -1
    outer loop
      vertex 8.966887155127223 -10.686319981509742 0
      vertex 8.966887155127223 10.686319981509742 0
      vertex 9.864139597552338 9.864139597552338 0
    endloop
  endfacet
  facet normal 0 0 -1
    outer loop
      vertex 9.864139597552338 -9.864139597552338 0
      vertex 9.864139597552338 9.864139597552338 0
      vertex 10.686319981509742 8.966887155127223 0
    endloop
  endfacet
  facet normal 0 0 -1
    outer loop
      vertex 6.975 -12.081054382792917 0
      vertex 6.975 12.081054382792917 0
      vertex 8.001391287097093 11.427171017831435 0
    endloop
  endfacet
  facet normal 0 0 -1
    outer loop
      vertex 8.001391287097093 -11.427171017831435 0
      vertex 8.001391287097093 11.427171017831435 0
      vertex 8.966887155127223 10.686319981509742 0
    endloop
  endfacet
  facet normal 0 0 -1
    outer loop
      vertex 10.686319981509742 -8.966887155127223 0
      vertex 10.686319981509742 8.966887155127223 0
      vertex 11.427171017831435 8.001391287097093 0
    endloop
  endfacet
  facet normal 0 0 -1
    outer loop
      vertex 11.427171017831435 -8.001391287097093 0
      vertex 11.427171017831435 8.001391287097093 0
      vertex 12.081054382792917 6.975 0
    endloop
  endfacet
  facet normal 0 0 -1
    outer loop
      vertex 12.642993629161266 -5.895524751282757 0
      vertex 12.642993629161266 5.895524751282757 0
      vertex 13.108712059963421 4.771180999393079 0
    endloop
  endfacet
  facet normal 0 0 -1
    outer loop
      vertex 13.89691603837985 -1.2158226113298314 0
      vertex 13.89691603837985 1.2158226113298314 0
      vertex 13.95 0 0
    endloop
  endfacet
  facet normal 0 0 -1
    outer loop
      vertex 13.7380681545203 -2.422392078453678 0
      vertex 13.7380681545203 2.422392078453678 0
      vertex 13.89691603837985 1.2158226113298314 0
    endloop
  endfacet
  facet normal 0 0 -1
    outer loop
      vertex 13.474665276732502 -3.610525679180164 0
      vertex 13.474665276732502 3.610525679180164 0
      vertex 13.7380681545203 2.422392078453678 0
    endloop
  endfacet
  facet normal 0 0 -1
    outer loop
      vertex 13.108712059963421 -4.771180999393079 0
      vertex 13.108712059963421 4.771180999393079 0
      vertex 13.474665276732502 3.610525679180164 0
    endloop
  endfacet
  facet normal 0 0 -1
    outer loop
      vertex 12.081054382792917 -6.975 0
      vertex 12.081054382792917 6.975 0
      vertex 12.642993629161266 5.895524751282757 0
    endloop
  endfacet
  facet normal 0.9990482215818577 0.04361938736533592 0
    outer loop
      vertex 13.95 0 0
      vertex 13.89691603837985 1.2158226113298314 0
      vertex 13.95 0 5
    endloop
  endfacet
  facet normal 0.9914448613738103 0.1305261922200525 0
    outer loop
      vertex 13.89691603837985 1.2158226113298314 0
      vertex 13.7380681545203 2.422392078453678 0
      vertex 13.89691603837985 1.2158226113298314 5
    endloop
  endfacet
  facet normal 0.9762960071199335 0.2164396139381023 0
    outer loop
      vertex 13.7380681545203 2.422392078453678 0
      vertex 13.474665276732502 3.610525679180164 0
      vertex 13.7380681545203 2.422392078453678 5
    endloop
  endfacet
  facet normal 0.9238795325112865 0.3826834323650902 0
    outer loop
      vertex 13.108712059963421 4.771180999393079 0
      vertex 12.642993629161266 5.895524751282757 0
      vertex 13.108712059963421 4.771180999393079 5
    endloop
  endfacet
  facet normal 0.953716950748227 0.3007057995042727 0
    outer loop
      vertex 13.474665276732502 3.610525679180164 0
      vertex 13.108712059963421 4.771180999393079 0
      vertex 13.474665276732502 3.610525679180164 5
    endloop
  endfacet
  facet normal 0.8870108331782214 0.4617486132350344 7.08226681466688e-18
    outer loop
      vertex 12.081054382792917 6.975 0
      vertex 12.642993629161266 5.895524751282757 5
      vertex 12.642993629161266 5.895524751282757 0
    endloop
  endfacet
  facet normal 0.6755902076156592 0.7372773368101251 0
    outer loop
      vertex 9.864139597552338 9.864139597552338 0
      vertex 8.966887155127223 10.686319981509742 0
      vertex 9.864139597552338 9.864139597552338 5
    endloop
  endfacet
  facet normal 0.7372773368101251 0.6755902076156592 2.4841484452381643e-16
    outer loop
      vertex 9.864139597552338 9.864139597552338 0
      vertex 10.686319981509742 8.966887155127221 5
      vertex 10.686319981509742 8.966887155127223 0
    endloop
  endfacet
  facet normal 0.5372996083468228 0.8433914458128864 1.5015384048028457e-18
    outer loop
      vertex 6.975 12.081054382792917 0
      vertex 8.001391287097093 11.427171017831435 5
      vertex 8.001391287097093 11.427171017831435 0
    endloop
  endfacet
  facet normal 0.6087614290087215 0.7933533402912345 -7.481949745616109e-18
    outer loop
      vertex 8.001391287097093 11.427171017831435 0
      vertex 8.966887155127223 10.686319981509742 5
      vertex 8.966887155127223 10.686319981509742 0
    endloop
  endfacet
  facet normal 0.7933533402912345 0.6087614290087215 0
    outer loop
      vertex 11.427171017831435 8.001391287097093 0
      vertex 10.686319981509742 8.966887155127223 0
      vertex 11.427171017831435 8.001391287097093 5
    endloop
  endfacet
  facet normal 0.8433914458128864 0.5372996083468228 0
    outer loop
      vertex 12.081054382792917 6.975 0
      vertex 11.427171017831435 8.001391287097093 0
      vertex 12.081054382792917 6.975 5
    endloop
  endfacet
  facet normal 0.04361938736533592 0.9990482215818577 0
    outer loop
      vertex 0 13.95 0
      vertex 0 13.95 5
      vertex 1.2158226113298314 13.89691603837985 5
    endloop
  endfacet
  facet normal 0.1305261922200525 0.9914448613738103 0
    outer loop
      vertex 1.2158226113298314 13.89691603837985 0
      vertex 1.2158226113298314 13.89691603837985 5
      vertex 2.422392078453678 13.7380681545203 5
    endloop
  endfacet
  facet normal 0.2164396139381023 0.9762960071199335 0
    outer loop
      vertex 2.422392078453678 13.7380681545203 0
      vertex 2.422392078453678 13.7380681545203 5
      vertex 3.610525679180164 13.474665276732502 5
    endloop
  endfacet
  facet normal 0.3007057995042727 0.953716950748227 0
    outer loop
      vertex 3.610525679180164 13.474665276732502 0
      vertex 3.610525679180164 13.474665276732502 5
      vertex 4.771180999393079 13.108712059963421 5
    endloop
  endfacet
  facet normal 0.38268343236508995 0.9238795325112866 0
    outer loop
      vertex 4.771180999393079 13.108712059963421 0
      vertex 4.771180999393079 13.108712059963421 5
      vertex 5.895524751282758 12.642993629161266 5
    endloop
  endfacet
  facet normal 0.46174861323503474 0.8870108331782214 -8.202303072036349e-17
    outer loop
      vertex 5.895524751282757 12.642993629161266 0
      vertex 5.895524751282758 12.642993629161266 5
      vertex 6.975 12.081054382792917 5
    endloop
  endfacet
  facet normal 0 0 1
    outer loop
      vertex 0 11.6 6
      vertex 1.0110066158728348 11.555858497864248 6
      vertex 0 12.549999999999999 6
    endloop
  endfacet
  facet normal 0 0 1
    outer loop
      vertex 1.0110066158728348 11.555858497864248 6
      vertex 1.09380457148311 12.502243461051405 6
      vertex 0 12.549999999999999 6
    endloop
  endfacet
  facet normal 0 0 1
    outer loop
      vertex 2.014318860936392 11.423769934941612 6
      vertex 1.09380457148311 12.502243461051405 6
      vertex 1.0110066158728348 11.555858497864248 6
    endloop
  endfacet
  facet normal 0 0 1
    outer loop
      vertex 2.014318860936392 11.423769934941612 6
      vertex 2.1792846297199753 12.35933730030321 6
      vertex 1.09380457148311 12.502243461051405 6
    endloop
  endfacet
  facet normal 0 0 1
    outer loop
      vertex 2.1792846297199753 12.35933730030321 6
      vertex 2.014318860936392 11.423769934941612 6
      vertex 3.0023009231892406 11.204739584953192 6
    endloop
  endfacet
  facet normal 0 0 1
    outer loop
      vertex 3.0023009231892406 11.204739584953192 6
      vertex 3.248179016036635 12.122369119927805 6
      vertex 2.1792846297199753 12.35933730030321 6
    endloop
  endfacet
  facet normal 0 0 1
    outer loop
      vertex 3.0023009231892406 11.204739584953192 6
      vertex 3.967433662577757 10.900434401116538 6
      vertex 3.248179016036635 12.122369119927805 6
    endloop
  endfacet
  facet normal 0 0 1
    outer loop
      vertex 6.653486661672134 9.502163713752305 6
      vertex 5.303859184845778 11.374162727309956 6
      vertex 5.8 10.045894683899487 6
    endloop
  endfacet
  facet normal 0 0 1
    outer loop
      vertex 6.2749999999999995 10.868618817494703 6
      vertex 6.653486661672134 9.502163713752305 6
      vertex 7.456336272363855 8.886115540180144 6
    endloop
  endfacet
  facet normal 0 0 1
    outer loop
      vertex 3.967433662577757 10.900434401116538 6
      vertex 4.292352798737142 11.79314239086315 6
      vertex 3.248179016036635 12.122369119927805 6
    endloop
  endfacet
  facet normal 0 0 1
    outer loop
      vertex 3.967433662577757 10.900434401116538 6
      vertex 4.902371836192113 10.513170329625138 6
      vertex 4.292352798737142 11.79314239086315 6
    endloop
  endfacet
  facet normal 0 0 1
    outer loop
      vertex 4.902371836192113 10.513170329625138 6
      vertex 5.303859184845778 11.374162727309956 6
      vertex 4.292352798737142 11.79314239086315 6
    endloop
  endfacet
  facet normal 0 0 1
    outer loop
      vertex 4.902371836192113 10.513170329625138 6
      vertex 5.8 10.045894683899487 6
      vertex 5.303859184845778 11.374162727309956 6
    endloop
  endfacet
  facet normal 0 0 1
    outer loop
      vertex 6.653486661672134 9.502163713752305 6
      vertex 6.2749999999999995 10.868618817494703 6
      vertex 5.303859184845778 11.374162727309956 6
    endloop
  endfacet
  facet normal 0.9990482215818577 0.04361938736533592 0
    outer loop
      vertex 13.89691603837985 1.2158226113298314 0
      vertex 13.89691603837985 1.2158226113298314 5
      vertex 13.95 0 5
    endloop
  endfacet
  facet normal 0.9914448613738103 0.1305261922200525 0
    outer loop
      vertex 13.7380681545203 2.422392078453678 0
      vertex 13.7380681545203 2.422392078453678 5
      vertex 13.89691603837985 1.2158226113298314 5
    endloop
  endfacet
  facet normal 0.9762960071199335 0.2164396139381023 0
    outer loop
      vertex 13.474665276732502 3.610525679180164 0
      vertex 13.474665276732502 3.610525679180164 5
      vertex 13.7380681545203 2.422392078453678 5
    endloop
  endfacet
  facet normal 0.953716950748227 0.3007057995042727 0
    outer loop
      vertex 13.108712059963421 4.771180999393079 0
      vertex 13.108712059963421 4.771180999393079 5
      vertex 13.474665276732502 3.610525679180164 5
    endloop
  endfacet
  facet normal 0.9238795325112865 0.3826834323650902 0
    outer loop
      vertex 12.642993629161266 5.895524751282757 0
      vertex 12.642993629161266 5.895524751282757 5
      vertex 13.108712059963421 4.771180999393079 5
    endloop
  endfacet
  facet normal 0.8870108331782214 0.4617486132350344 0
    outer loop
      vertex 12.081054382792917 6.975 0
      vertex 12.081054382792917 6.975 5
      vertex 12.642993629161266 5.895524751282757 5
    endloop
  endfacet
  facet normal 0 0 1
    outer loop
      vertex 10.280358155826846 7.198384276205627 6
      vertex 10.045894683899487 5.8 6
      vertex 10.513170329625138 4.902371836192113 6
    endloop
  endfacet
  facet normal 0 0 1
    outer loop
      vertex 10.045894683899487 5.8 6
      vertex 9.613857761143173 8.066984501566067 6
      vertex 9.502163713752305 6.653486661672134 6
    endloop
  endfacet
  facet normal 0 0 1
    outer loop
      vertex 12.122369119927805 -3.248179016036635 6
      vertex 11.374162727309956 5.303859184845778 6
      vertex 11.6 0 6
    endloop
  endfacet
  facet normal 0 0 1
    outer loop
      vertex 11.374162727309956 5.303859184845778 6
      vertex 11.204739584953192 3.0023009231892406 6
      vertex 11.423769934941612 2.014318860936392 6
    endloop
  endfacet
  facet normal 0 0 1
    outer loop
      vertex 11.374162727309956 5.303859184845778 6
      vertex 11.555858497864248 1.0110066158728348 6
      vertex 11.6 0 6
    endloop
  endfacet
  facet normal 0 0 1
    outer loop
      vertex 12.122369119927805 -3.248179016036635 6
      vertex 11.79314239086315 4.292352798737142 6
      vertex 11.374162727309956 5.303859184845778 6
    endloop
  endfacet
  facet normal 0 0 1
    outer loop
      vertex 11.79314239086315 4.292352798737142 6
      vertex 12.35933730030321 -2.1792846297199753 6
      vertex 12.122369119927805 3.248179016036635 6
    endloop
  endfacet
  facet normal 0 0 1
    outer loop
      vertex 11.555858497864248 1.0110066158728348 6
      vertex 11.374162727309956 5.303859184845778 6
      vertex 11.423769934941612 2.014318860936392 6
    endloop
  endfacet
  facet normal 0 0 1
    outer loop
      vertex 12.122369119927805 3.248179016036635 6
      vertex 12.502243461051405 -1.09380457148311 6
      vertex 12.549999999999999 0 6
    endloop
  endfacet
  facet normal 0 0 1
    outer loop
      vertex 12.549999999999999 0 6
      vertex 12.502243461051405 1.09380457148311 6
      vertex 12.35933730030321 2.1792846297199753 6
    endloop
  endfacet
  facet normal 0 0 1
    outer loop
      vertex 12.122369119927805 3.248179016036635 6
      vertex 12.549999999999999 0 6
      vertex 12.35933730030321 2.1792846297199753 6
    endloop
  endfacet
  facet normal 0 0 1
    outer loop
      vertex 10.280358155826846 7.198384276205627 6
      vertex 10.900434401116538 3.967433662577757 6
      vertex 11.204739584953192 3.0023009231892406 6
    endloop
  endfacet
  facet normal 0 0 1
    outer loop
      vertex 11.204739584953192 3.0023009231892406 6
      vertex 11.374162727309956 5.303859184845778 6
      vertex 10.868618817494703 6.2749999999999995 6
    endloop
  endfacet
  facet normal 0 0 1
    outer loop
      vertex 10.900434401116538 3.967433662577757 6
      vertex 10.280358155826846 7.198384276205627 6
      vertex 10.513170329625138 4.902371836192113 6
    endloop
  endfacet
  facet normal 0 0 1
    outer loop
      vertex 10.280358155826846 7.198384276205627 6
      vertex 11.204739584953192 3.0023009231892406 6
      vertex 10.868618817494703 6.2749999999999995 6
    endloop
  endfacet
  facet normal 0.6755902076156592 0.7372773368101251 0
    outer loop
      vertex 8.966887155127223 10.686319981509742 0
      vertex 8.966887155127223 10.686319981509742 5
      vertex 9.864139597552338 9.864139597552338 5
    endloop
  endfacet
  facet normal 0.7372773368101256 0.6755902076156585 0
    outer loop
      vertex 9.864139597552338 9.864139597552338 0
      vertex 9.864139597552338 9.864139597552338 5
      vertex 10.686319981509742 8.966887155127221 5
    endloop
  endfacet
  facet normal 0.5372996083468228 0.8433914458128864 0
    outer loop
      vertex 6.975 12.081054382792917 0
      vertex 6.975 12.081054382792917 5
      vertex 8.001391287097093 11.427171017831435 5
    endloop
  endfacet
  facet normal 0.6087614290087215 0.7933533402912345 0
    outer loop
      vertex 8.001391287097093 11.427171017831435 0
      vertex 8.001391287097093 11.427171017831435 5
      vertex 8.966887155127223 10.686319981509742 5
    endloop
  endfacet
  facet normal 0.7933533402912339 0.6087614290087222 2.1627550559654276e-16
    outer loop
      vertex 10.686319981509742 8.966887155127223 0
      vertex 10.686319981509742 8.966887155127221 5
      vertex 11.427171017831435 8.001391287097093 5
    endloop
  endfacet
  facet normal 0.8433914458128864 0.5372996083468228 0
    outer loop
      vertex 11.427171017831435 8.001391287097093 0
      vertex 11.427171017831435 8.001391287097093 5
      vertex 12.081054382792917 6.975 5
    endloop
  endfacet
  facet normal 0 0 1
    outer loop
      vertex 8.874190103891172 8.874190103891172 6
      vertex 8.202438661763951 8.202438661763951 6
      vertex 8.886115540180144 7.456336272363855 6
    endloop
  endfacet
  facet normal 0 0 1
    outer loop
      vertex 7.198384276205627 10.280358155826846 6
      vertex 7.456336272363855 8.886115540180144 6
      vertex 8.202438661763951 8.202438661763951 6
    endloop
  endfacet
  facet normal 0 0 1
    outer loop
      vertex 8.202438661763951 8.202438661763951 6
      vertex 8.066984501566067 9.613857761143173 6
      vertex 7.198384276205627 10.280358155826846 6
    endloop
  endfacet
  facet normal 0 0 1
    outer loop
      vertex 7.456336272363855 8.886115540180144 6
      vertex 7.198384276205627 10.280358155826846 6
      vertex 6.2749999999999995 10.868618817494703 6
    endloop
  endfacet
  facet normal 0 0 1
    outer loop
      vertex 8.202438661763951 8.202438661763951 6
      vertex 8.874190103891172 8.874190103891172 6
      vertex 8.066984501566067 9.613857761143173 6
    endloop
  endfacet
  facet normal 0 0 1
    outer loop
      vertex 9.502163713752305 6.653486661672134 6
      vertex 8.874190103891172 8.874190103891172 6
      vertex 8.886115540180144 7.456336272363855 6
    endloop
  endfacet
  facet normal 0 0 1
    outer loop
      vertex 9.502163713752305 6.653486661672134 6
      vertex 9.613857761143173 8.066984501566067 6
      vertex 8.874190103891172 8.874190103891172 6
    endloop
  endfacet
  facet normal 0 0 1
    outer loop
      vertex 10.045894683899487 5.8 6
      vertex 10.280358155826846 7.198384276205627 6
      vertex 9.613857761143173 8.066984501566067 6
    endloop
  endfacet
  facet normal 0 0 1
    outer loop
      vertex -11.423769934941612 -2.014318860936392 1.6
      vertex -11.423769934941612 2.014318860936392 1.6
      vertex -11.555858497864248 -1.0110066158728348 1.6
    endloop
  endfacet
  facet normal 0 0 1
    outer loop
      vertex -10.900434401116538 -3.967433662577757 1.6
      vertex -10.900434401116538 3.967433662577757 1.6
      vertex -11.204739584953192 -3.0023009231892406 1.6
    endloop
  endfacet
  facet normal 0 0 1
    outer loop
      vertex -10.900434401116538 -3.967433662577757 1.6
      vertex -10.513170329625138 -4.902371836192113 1.6
      vertex -10.513170329625138 4.902371836192113 1.6
    endloop
  endfacet
  facet normal 0 0 1
    outer loop
      vertex -11.204739584953192 -3.0023009231892406 1.6
      vertex -11.204739584953192 3.0023009231892406 1.6
      vertex -11.423769934941612 -2.014318860936392 1.6
    endloop
  endfacet
  facet normal 0 0 1
    outer loop
      vertex -10.045894683899487 -5.8 1.6
      vertex -9.502163713752305 -6.653486661672134 1.6
      vertex -9.502163713752305 6.653486661672134 1.6
    endloop
  endfacet
  facet normal 0 0 1
    outer loop
      vertex -8.886115540180144 -7.456336272363855 1.6
      vertex -8.886115540180144 7.456336272363855 1.6
      vertex -9.502163713752305 -6.653486661672134 1.6
    endloop
  endfacet
  facet normal 0 0 1
    outer loop
      vertex -10.045894683899487 -5.8 1.6
      vertex -10.045894683899487 5.8 1.6
      vertex -10.513170329625138 -4.902371836192113 1.6
    endloop
  endfacet
  facet normal 0 0 1
    outer loop
      vertex -8.202438661763951 -8.202438661763951 1.6
      vertex -8.202438661763951 8.202438661763951 1.6
      vertex -8.886115540180144 -7.456336272363855 1.6
    endloop
  endfacet
  facet normal 0 0 1
    outer loop
      vertex -8.202438661763951 -8.202438661763951 1.6
      vertex -7.456336272363855 -8.886115540180144 1.6
      vertex -7.456336272363855 8.886115540180144 1.6
    endloop
  endfacet
  facet normal 0 0 1
    outer loop
      vertex -3.967433662577757 -10.900434401116538 1.6
      vertex -3.0023009231892406 -11.204739584953192 1.6
      vertex -4 -2 1.6
    endloop
  endfacet
  facet normal 0 0 1
    outer loop
      vertex -3.967433662577757 -10.900434401116538 1.6
      vertex -4 -2 1.6
      vertex -4.902371836192113 -10.513170329625138 1.6
    endloop
  endfacet
  facet normal 0 0 1
    outer loop
      vertex -3.0023009231892406 -11.204739584953192 1.6
      vertex -2.014318860936392 -11.423769934941612 1.6
      vertex -4 -2 1.6
    endloop
  endfacet
  facet normal 0 0 1
    outer loop
      vertex -2.014318860936392 -11.423769934941612 1.6
      vertex -1.0110066158728348 -11.555858497864248 1.6
      vertex -4 -2 1.6
    endloop
  endfacet
  facet normal 0 0 1
    outer loop
      vertex -1.0110066158728348 -11.555858497864248 1.6
      vertex 0 -11.6 1.6
      vertex -4 -2 1.6
    endloop
  endfacet
  facet normal 0 0 1
    outer loop
      vertex -4 -2 1.6
      vertex 0 -11.6 1.6
      vertex 1.0110066158728348 -11.555858497864248 1.6
    endloop
  endfacet
  facet normal 0 0 1
    outer loop
      vertex -4 -2 1.6
      vertex 1.0110066158728348 -11.555858497864248 1.6
      vertex 2.014318860936392 -11.423769934941612 1.6
    endloop
  endfacet
  facet normal 0 0 1
    outer loop
      vertex -4.902371836192113 -10.513170329625138 1.6
      vertex -4 -2 1.6
      vertex -4 2 1.6
    endloop
  endfacet
  facet normal 0 0 1
    outer loop
      vertex -7.456336272363855 -8.886115540180144 1.6
      vertex -6.653486661672134 -9.502163713752305 1.6
      vertex -6.653486661672134 9.502163713752305 1.6
    endloop
  endfacet
  facet normal 0 0 1
    outer loop
      vertex -6.653486661672134 -9.502163713752305 1.6
      vertex -5.8 -10.045894683899487 1.6
      vertex -5.8 10.045894683899487 1.6
    endloop
  endfacet
  facet normal 0 0 1
    outer loop
      vertex -5.8 -10.045894683899487 1.6
      vertex -4.902371836192113 -10.513170329625138 1.6
      vertex -4.902371836192113 10.513170329625138 1.6
    endloop
  endfacet
  facet normal 0.6087614290087212 0.7933533402912347 0
    outer loop
      vertex -7.456336272363855 -8.886115540180144 1.6
      vertex -7.456336272363855 -8.886115540180144 6
      vertex -6.653486661672134 -9.502163713752305 1.6
    endloop
  endfacet
  facet normal 0.6755902076156596 0.7372773368101246 0
    outer loop
      vertex -8.202438661763951 -8.202438661763951 1.6
      vertex -8.202438661763951 -8.202438661763951 6
      vertex -7.456336272363855 -8.886115540180144 1.6
    endloop
  endfacet
  facet normal 0.7372773368101246 0.6755902076156596 1.0325907845460798e-17
    outer loop
      vertex -8.202438661763951 -8.202438661763951 1.6
      vertex -8.886115540180144 -7.456336272363855 1.6
      vertex -8.886115540180144 -7.456336272363855 6
    endloop
  endfacet
  facet normal 0.7933533402912347 0.6087614290087212 0
    outer loop
      vertex -8.886115540180144 -7.456336272363855 1.6
      vertex -9.502163713752305 -6.653486661672134 6
      vertex -8.886115540180144 -7.456336272363855 6
    endloop
  endfacet
  facet normal 0.7372773368101246 0.6755902076156596 0
    outer loop
      vertex -8.202438661763951 -8.202438661763951 1.6
      vertex -8.886115540180144 -7.456336272363855 6
      vertex -8.202438661763951 -8.202438661763951 6
    endloop
  endfacet
  facet normal 0.6755902076156596 0.7372773368101246 0
    outer loop
      vertex -7.456336272363855 -8.886115540180144 1.6
      vertex -8.202438661763951 -8.202438661763951 6
      vertex -7.456336272363855 -8.886115540180144 6
    endloop
  endfacet
  facet normal 0.9238795325112862 0.3826834323650912 0
    outer loop
      vertex -10.900434401116538 -3.967433662577757 1.6
      vertex -10.900434401116538 -3.967433662577757 6
      vertex -10.513170329625138 -4.902371836192113 1.6
    endloop
  endfacet
  facet normal 0.9762960071199336 0.2164396139381021 5.803246012608415e-19
    outer loop
      vertex -11.204739584953192 -3.0023009231892406 1.6
      vertex -11.423769934941612 -2.014318860936392 1.6
      vertex -11.423769934941612 -2.014318860936392 6
    endloop
  endfacet
  facet normal 0.9537169507482273 0.3007057995042722 3.0680390132199787e-18
    outer loop
      vertex -10.900434401116538 -3.967433662577757 1.6
      vertex -11.204739584953192 -3.0023009231892406 1.6
      vertex -11.204739584953192 -3.0023009231892406 6
    endloop
  endfacet
  facet normal 0.9914448613738103 0.13052619222005293 -1.1658260814821805e-18
    outer loop
      vertex -11.423769934941612 -2.014318860936392 1.6
      vertex -11.555858497864248 -1.0110066158728348 1.6
      vertex -11.555858497864248 -1.0110066158728348 6
    endloop
  endfacet
  facet normal 0.9990482215818578 0.043619387365335584 -2.8741253632625734e-19
    outer loop
      vertex -11.555858497864248 -1.0110066158728348 1.6
      vertex -11.6 0 1.6
      vertex -11.6 0 6
    endloop
  endfacet
  facet normal 0.8433914458128862 0.5372996083468231 0
    outer loop
      vertex -10.045894683899487 -5.8 1.6
      vertex -10.045894683899487 -5.8 6
      vertex -9.502163713752305 -6.653486661672134 1.6
    endloop
  endfacet
  facet normal 0.7933533402912347 0.6087614290087212 -1.806753301779825e-18
    outer loop
      vertex -8.886115540180144 -7.456336272363855 1.6
      vertex -9.502163713752305 -6.653486661672134 1.6
      vertex -9.502163713752305 -6.653486661672134 6
    endloop
  endfacet
  facet normal 0.8870108331782215 0.4617486132350341 7.916017933696826e-19
    outer loop
      vertex -10.045894683899487 -5.8 1.6
      vertex -10.513170329625138 -4.902371836192113 1.6
      vertex -10.513170329625138 -4.902371836192113 6
    endloop
  endfacet
  facet normal 0.9238795325112862 0.3826834323650912 0
    outer loop
      vertex -10.513170329625138 -4.902371836192113 1.6
      vertex -10.900434401116538 -3.967433662577757 6
      vertex -10.513170329625138 -4.902371836192113 6
    endloop
  endfacet
  facet normal 0.9537169507482273 0.3007057995042722 0
    outer loop
      vertex -10.900434401116538 -3.967433662577757 1.6
      vertex -11.204739584953192 -3.0023009231892406 6
      vertex -10.900434401116538 -3.967433662577757 6
    endloop
  endfacet
  facet normal 0.9762960071199336 0.2164396139381021 0
    outer loop
      vertex -11.204739584953192 -3.0023009231892406 1.6
      vertex -11.423769934941612 -2.014318860936392 6
      vertex -11.204739584953192 -3.0023009231892406 6
    endloop
  endfacet
  facet normal 0.9914448613738103 0.13052619222005293 0
    outer loop
      vertex -11.423769934941612 -2.014318860936392 1.6
      vertex -11.555858497864248 -1.0110066158728348 6
      vertex -11.423769934941612 -2.014318860936392 6
    endloop
  endfacet
  facet normal 0.9990482215818578 0.043619387365335584 0
    outer loop
      vertex -11.555858497864248 -1.0110066158728348 1.6
      vertex -11.6 0 6
      vertex -11.555858497864248 -1.0110066158728348 6
    endloop
  endfacet
  facet normal 0.8433914458128862 0.5372996083468231 0
    outer loop
      vertex -9.502163713752305 -6.653486661672134 1.6
      vertex -10.045894683899487 -5.8 6
      vertex -9.502163713752305 -6.653486661672134 6
    endloop
  endfacet
  facet normal 0.8870108331782215 0.4617486132350341 0
    outer loop
      vertex -10.045894683899487 -5.8 1.6
      vertex -10.513170329625138 -4.902371836192113 6
      vertex -10.045894683899487 -5.8 6
    endloop
  endfacet
  facet normal 0.3826834323650912 0.9238795325112862 -2.7069699270331345e-18
    outer loop
      vertex -3.967433662577757 -10.900434401116538 1.6
      vertex -4.902371836192113 -10.513170329625138 1.6
      vertex -4.902371836192113 -10.513170329625138 6
    endloop
  endfacet
  facet normal 0.3007057995042722 0.9537169507482273 0
    outer loop
      vertex -3.967433662577757 -10.900434401116538 1.6
      vertex -3.967433662577757 -10.900434401116538 6
      vertex -3.0023009231892406 -11.204739584953192 1.6
    endloop
  endfacet
  facet normal 0.5372996083468231 0.8433914458128862 0
    outer loop
      vertex -6.653486661672134 -9.502163713752305 1.6
      vertex -6.653486661672134 -9.502163713752305 6
      vertex -5.8 -10.045894683899487 1.6
    endloop
  endfacet
  facet normal 0.4617486132350341 0.8870108331782215 0
    outer loop
      vertex -5.8 -10.045894683899487 1.6
      vertex -5.8 -10.045894683899487 6
      vertex -4.902371836192113 -10.513170329625138 1.6
    endloop
  endfacet
  facet normal 0.2164396139381021 0.9762960071199336 0
    outer loop
      vertex -3.0023009231892406 -11.204739584953192 1.6
      vertex -3.0023009231892406 -11.204739584953192 6
      vertex -2.014318860936392 -11.423769934941612 1.6
    endloop
  endfacet
  facet normal 0.13052619222005293 0.9914448613738103 0
    outer loop
      vertex -2.014318860936392 -11.423769934941612 1.6
      vertex -2.014318860936392 -11.423769934941612 6
      vertex -1.0110066158728348 -11.555858497864248 1.6
    endloop
  endfacet
  facet normal 0.043619387365335584 0.9990482215818578 0
    outer loop
      vertex -1.0110066158728348 -11.555858497864248 1.6
      vertex -1.0110066158728348 -11.555858497864248 6
      vertex 0 -11.6 1.6
    endloop
  endfacet
  facet normal 0.3826834323650912 0.9238795325112862 0
    outer loop
      vertex -3.967433662577757 -10.900434401116538 1.6
      vertex -4.902371836192113 -10.513170329625138 6
      vertex -3.967433662577757 -10.900434401116538 6
    endloop
  endfacet
  facet normal 0.6087614290087212 0.7933533402912347 0
    outer loop
      vertex -6.653486661672134 -9.502163713752305 1.6
      vertex -7.456336272363855 -8.886115540180144 6
      vertex -6.653486661672134 -9.502163713752305 6
    endloop
  endfacet
  facet normal 0.5372996083468231 0.8433914458128862 0
    outer loop
      vertex -5.8 -10.045894683899487 1.6
      vertex -6.653486661672134 -9.502163713752305 6
      vertex -5.8 -10.045894683899487 6
    endloop
  endfacet
  facet normal 0.4617486132350341 0.8870108331782215 0
    outer loop
      vertex -4.902371836192113 -10.513170329625138 1.6
      vertex -5.8 -10.045894683899487 6
      vertex -4.902371836192113 -10.513170329625138 6
    endloop
  endfacet
  facet normal 0.3007057995042722 0.9537169507482273 0
    outer loop
      vertex -3.0023009231892406 -11.204739584953192 1.6
      vertex -3.967433662577757 -10.900434401116538 6
      vertex -3.0023009231892406 -11.204739584953192 6
    endloop
  endfacet
  facet normal 0.2164396139381021 0.9762960071199336 0
    outer loop
      vertex -2.014318860936392 -11.423769934941612 1.6
      vertex -3.0023009231892406 -11.204739584953192 6
      vertex -2.014318860936392 -11.423769934941612 6
    endloop
  endfacet
  facet normal 0.13052619222005293 0.9914448613738103 0
    outer loop
      vertex -1.0110066158728348 -11.555858497864248 1.6
      vertex -2.014318860936392 -11.423769934941612 6
      vertex -1.0110066158728348 -11.555858497864248 6
    endloop
  endfacet
  facet normal 0.043619387365335584 0.9990482215818578 0
    outer loop
      vertex 0 -11.6 1.6
      vertex -1.0110066158728348 -11.555858497864248 6
      vertex 0 -11.6 6
    endloop
  endfacet
  facet normal 0 0 1
    outer loop
      vertex -11.555858497864248 -1.0110066158728348 1.6
      vertex -11.555858497864248 1.0110066158728348 1.6
      vertex -11.6 0 1.6
    endloop
  endfacet
  facet normal 0 0 1
    outer loop
      vertex -11.555858497864248 -1.0110066158728348 1.6
      vertex -11.423769934941612 2.014318860936392 1.6
      vertex -11.555858497864248 1.0110066158728348 1.6
    endloop
  endfacet
  facet normal 0 0 1
    outer loop
      vertex -11.423769934941612 -2.014318860936392 1.6
      vertex -11.204739584953192 3.0023009231892406 1.6
      vertex -11.423769934941612 2.014318860936392 1.6
    endloop
  endfacet
  facet normal 0 0 1
    outer loop
      vertex -11.204739584953192 -3.0023009231892406 1.6
      vertex -10.900434401116538 3.967433662577757 1.6
      vertex -11.204739584953192 3.0023009231892406 1.6
    endloop
  endfacet
  facet normal 0 0 1
    outer loop
      vertex -10.900434401116538 -3.967433662577757 1.6
      vertex -10.513170329625138 4.902371836192113 1.6
      vertex -10.900434401116538 3.967433662577757 1.6
    endloop
  endfacet
  facet normal 0 0 1
    outer loop
      vertex -10.513170329625138 -4.902371836192113 1.6
      vertex -10.045894683899487 5.8 1.6
      vertex -10.513170329625138 4.902371836192113 1.6
    endloop
  endfacet
  facet normal 0 0 1
    outer loop
      vertex -10.045894683899487 -5.8 1.6
      vertex -9.502163713752305 6.653486661672134 1.6
      vertex -10.045894683899487 5.8 1.6
    endloop
  endfacet
  facet normal 0 0 1
    outer loop
      vertex -9.502163713752305 -6.653486661672134 1.6
      vertex -8.886115540180144 7.456336272363855 1.6
      vertex -9.502163713752305 6.653486661672134 1.6
    endloop
  endfacet
  facet normal 0 0 1
    outer loop
      vertex -8.886115540180144 -7.456336272363855 1.6
      vertex -8.202438661763951 8.202438661763951 1.6
      vertex -8.886115540180144 7.456336272363855 1.6
    endloop
  endfacet
  facet normal 0 0 1
    outer loop
      vertex -8.202438661763951 -8.202438661763951 1.6
      vertex -7.456336272363855 8.886115540180144 1.6
      vertex -8.202438661763951 8.202438661763951 1.6
    endloop
  endfacet
  facet normal 0 0 1
    outer loop
      vertex -7.456336272363855 -8.886115540180144 1.6
      vertex -6.653486661672134 9.502163713752305 1.6
      vertex -7.456336272363855 8.886115540180144 1.6
    endloop
  endfacet
  facet normal 0 0 1
    outer loop
      vertex -6.653486661672134 -9.502163713752305 1.6
      vertex -5.8 10.045894683899487 1.6
      vertex -6.653486661672134 9.502163713752305 1.6
    endloop
  endfacet
  facet normal 0 0 1
    outer loop
      vertex -4.902371836192113 -10.513170329625138 1.6
      vertex -4 2 1.6
      vertex -3.967433662577757 10.900434401116538 1.6
    endloop
  endfacet
  facet normal 0 0 1
    outer loop
      vertex -5.8 -10.045894683899487 1.6
      vertex -4.902371836192113 10.513170329625138 1.6
      vertex -5.8 10.045894683899487 1.6
    endloop
  endfacet
  facet normal 0 0 1
    outer loop
      vertex -4.902371836192113 -10.513170329625138 1.6
      vertex -3.967433662577757 10.900434401116538 1.6
      vertex -4.902371836192113 10.513170329625138 1.6
    endloop
  endfacet
  facet normal 0 0 1
    outer loop
      vertex -4 2 1.6
      vertex 4 2 1.6
      vertex -3.967433662577757 10.900434401116538 1.6
    endloop
  endfacet
  facet normal 0 0 1
    outer loop
      vertex -3.967433662577757 10.900434401116538 1.6
      vertex 4 2 1.6
      vertex -3.0023009231892406 11.204739584953192 1.6
    endloop
  endfacet
  facet normal 0 0 1
    outer loop
      vertex -3.0023009231892406 11.204739584953192 1.6
      vertex 4 2 1.6
      vertex -2.014318860936392 11.423769934941612 1.6
    endloop
  endfacet
  facet normal 0.9990482215818578 -0.043619387365335584 2.8741253632625734e-19
    outer loop
      vertex -11.6 0 1.6
      vertex -11.555858497864248 1.0110066158728348 1.6
      vertex -11.555858497864248 1.0110066158728348 6
    endloop
  endfacet
  facet normal 0.9914448613738103 -0.13052619222005293 1.1658260814821805e-18
    outer loop
      vertex -11.555858497864248 1.0110066158728348 1.6
      vertex -11.423769934941612 2.014318860936392 1.6
      vertex -11.423769934941612 2.014318860936392 6
    endloop
  endfacet
  facet normal 0.9762960071199336 -0.2164396139381021 -5.803246012608415e-19
    outer loop
      vertex -11.423769934941612 2.014318860936392 1.6
      vertex -11.204739584953192 3.0023009231892406 1.6
      vertex -11.204739584953192 3.0023009231892406 6
    endloop
  endfacet
  facet normal 0.9537169507482273 -0.3007057995042722 -3.0680390132199787e-18
    outer loop
      vertex -11.204739584953192 3.0023009231892406 1.6
      vertex -10.900434401116538 3.967433662577757 1.6
      vertex -10.900434401116538 3.967433662577757 6
    endloop
  endfacet
  facet normal 0.9238795325112862 -0.3826834323650912 2.7069699270331345e-18
    outer loop
      vertex -10.900434401116538 3.967433662577757 1.6
      vertex -10.513170329625138 4.902371836192113 1.6
      vertex -10.513170329625138 4.902371836192113 6
    endloop
  endfacet
  facet normal 0.8870108331782215 -0.4617486132350341 -7.916017933696826e-19
    outer loop
      vertex -10.513170329625138 4.902371836192113 1.6
      vertex -10.045894683899487 5.8 1.6
      vertex -10.045894683899487 5.8 6
    endloop
  endfacet
  facet normal 0.8433914458128862 -0.5372996083468231 -3.696873987309211e-18
    outer loop
      vertex -10.045894683899487 5.8 1.6
      vertex -9.502163713752305 6.653486661672134 1.6
      vertex -9.502163713752305 6.653486661672134 6
    endloop
  endfacet
  facet normal 0.9990482215818578 -0.043619387365335584 0
    outer loop
      vertex -11.6 0 1.6
      vertex -11.555858497864248 1.0110066158728348 6
      vertex -11.6 0 6
    endloop
  endfacet
  facet normal 0.9914448613738103 -0.13052619222005293 0
    outer loop
      vertex -11.555858497864248 1.0110066158728348 1.6
      vertex -11.423769934941612 2.014318860936392 6
      vertex -11.555858497864248 1.0110066158728348 6
    endloop
  endfacet
  facet normal 0.9762960071199336 -0.2164396139381021 0
    outer loop
      vertex -11.423769934941612 2.014318860936392 1.6
      vertex -11.204739584953192 3.0023009231892406 6
      vertex -11.423769934941612 2.014318860936392 6
    endloop
  endfacet
  facet normal 0.9537169507482273 -0.3007057995042722 0
    outer loop
      vertex -11.204739584953192 3.0023009231892406 1.6
      vertex -10.900434401116538 3.967433662577757 6
      vertex -11.204739584953192 3.0023009231892406 6
    endloop
  endfacet
  facet normal 0.9238795325112862 -0.3826834323650912 0
    outer loop
      vertex -10.900434401116538 3.967433662577757 1.6
      vertex -10.513170329625138 4.902371836192113 6
      vertex -10.900434401116538 3.967433662577757 6
    endloop
  endfacet
  facet normal 0.8870108331782215 -0.4617486132350341 0
    outer loop
      vertex -10.513170329625138 4.902371836192113 1.6
      vertex -10.045894683899487 5.8 6
      vertex -10.513170329625138 4.902371836192113 6
    endloop
  endfacet
  facet normal 0.8433914458128862 -0.5372996083468231 0
    outer loop
      vertex -10.045894683899487 5.8 1.6
      vertex -9.502163713752305 6.653486661672134 6
      vertex -10.045894683899487 5.8 6
    endloop
  endfacet
  facet normal 0.7933533402912347 -0.6087614290087212 0
    outer loop
      vertex -9.502163713752305 6.653486661672134 1.6
      vertex -8.886115540180144 7.456336272363855 6
      vertex -9.502163713752305 6.653486661672134 6
    endloop
  endfacet
  facet normal 0.7933533402912347 -0.6087614290087212 1.806753301779825e-18
    outer loop
      vertex -9.502163713752305 6.653486661672134 1.6
      vertex -8.886115540180144 7.456336272363855 1.6
      vertex -8.886115540180144 7.456336272363855 6
    endloop
  endfacet
  facet normal 0.7372773368101246 -0.6755902076156596 -1.0325907845460798e-17
    outer loop
      vertex -8.886115540180144 7.456336272363855 1.6
      vertex -8.202438661763951 8.202438661763951 1.6
      vertex -8.202438661763951 8.202438661763951 6
    endloop
  endfacet
  facet normal 0.6755902076156596 -0.7372773368101246 -1.0325907845460798e-17
    outer loop
      vertex -8.202438661763951 8.202438661763951 1.6
      vertex -7.456336272363855 8.886115540180144 1.6
      vertex -7.456336272363855 8.886115540180144 6
    endloop
  endfacet
  facet normal 0.7372773368101246 -0.6755902076156596 0
    outer loop
      vertex -8.886115540180144 7.456336272363855 1.6
      vertex -8.202438661763951 8.202438661763951 6
      vertex -8.886115540180144 7.456336272363855 6
    endloop
  endfacet
  facet normal 0.6755902076156596 -0.7372773368101246 0
    outer loop
      vertex -8.202438661763951 8.202438661763951 1.6
      vertex -7.456336272363855 8.886115540180144 6
      vertex -8.202438661763951 8.202438661763951 6
    endloop
  endfacet
  facet normal 0.6087614290087212 -0.7933533402912347 0
    outer loop
      vertex -7.456336272363855 8.886115540180144 1.6
      vertex -6.653486661672134 9.502163713752305 6
      vertex -7.456336272363855 8.886115540180144 6
    endloop
  endfacet
  facet normal 0.6087614290087212 -0.7933533402912347 1.806753301779825e-18
    outer loop
      vertex -7.456336272363855 8.886115540180144 1.6
      vertex -6.653486661672134 9.502163713752305 1.6
      vertex -6.653486661672134 9.502163713752305 6
    endloop
  endfacet
  facet normal 0.5372996083468231 -0.8433914458128862 -3.696873987309211e-18
    outer loop
      vertex -6.653486661672134 9.502163713752305 1.6
      vertex -5.8 10.045894683899487 1.6
      vertex -5.8 10.045894683899487 6
    endloop
  endfacet
  facet normal 0.4617486132350341 -0.8870108331782215 -7.916017933696826e-19
    outer loop
      vertex -5.8 10.045894683899487 1.6
      vertex -4.902371836192113 10.513170329625138 1.6
      vertex -4.902371836192113 10.513170329625138 6
    endloop
  endfacet
  facet normal 0.3826834323650912 -0.9238795325112862 2.7069699270331345e-18
    outer loop
      vertex -4.902371836192113 10.513170329625138 1.6
      vertex -3.967433662577757 10.900434401116538 1.6
      vertex -3.967433662577757 10.900434401116538 6
    endloop
  endfacet
  facet normal 0.3007057995042722 -0.9537169507482273 -3.0680390132199787e-18
    outer loop
      vertex -3.967433662577757 10.900434401116538 1.6
      vertex -3.0023009231892406 11.204739584953192 1.6
      vertex -3.0023009231892406 11.204739584953192 6
    endloop
  endfacet
  facet normal 0.2164396139381021 -0.9762960071199336 -5.803246012608415e-19
    outer loop
      vertex -3.0023009231892406 11.204739584953192 1.6
      vertex -2.014318860936392 11.423769934941612 1.6
      vertex -2.014318860936392 11.423769934941612 6
    endloop
  endfacet
  facet normal 0.13052619222005293 -0.9914448613738103 1.1658260814821805e-18
    outer loop
      vertex -2.014318860936392 11.423769934941612 1.6
      vertex -1.0110066158728348 11.555858497864248 1.6
      vertex -1.0110066158728348 11.555858497864248 6
    endloop
  endfacet
  facet normal 0.043619387365335584 -0.9990482215818578 2.8741253632625734e-19
    outer loop
      vertex -1.0110066158728348 11.555858497864248 1.6
      vertex 0 11.6 1.6
      vertex 0 11.6 6
    endloop
  endfacet
  facet normal 0.5372996083468231 -0.8433914458128862 0
    outer loop
      vertex -6.653486661672134 9.502163713752305 1.6
      vertex -5.8 10.045894683899487 6
      vertex -6.653486661672134 9.502163713752305 6
    endloop
  endfacet
  facet normal 0.4617486132350341 -0.8870108331782215 0
    outer loop
      vertex -5.8 10.045894683899487 1.6
      vertex -4.902371836192113 10.513170329625138 6
      vertex -5.8 10.045894683899487 6
    endloop
  endfacet
  facet normal 0.3826834323650912 -0.9238795325112862 0
    outer loop
      vertex -4.902371836192113 10.513170329625138 1.6
      vertex -3.967433662577757 10.900434401116538 6
      vertex -4.902371836192113 10.513170329625138 6
    endloop
  endfacet
  facet normal 0.3007057995042722 -0.9537169507482273 0
    outer loop
      vertex -3.967433662577757 10.900434401116538 1.6
      vertex -3.0023009231892406 11.204739584953192 6
      vertex -3.967433662577757 10.900434401116538 6
    endloop
  endfacet
  facet normal 0.2164396139381021 -0.9762960071199336 0
    outer loop
      vertex -3.0023009231892406 11.204739584953192 1.6
      vertex -2.014318860936392 11.423769934941612 6
      vertex -3.0023009231892406 11.204739584953192 6
    endloop
  endfacet
  facet normal 0.13052619222005293 -0.9914448613738103 0
    outer loop
      vertex -2.014318860936392 11.423769934941612 1.6
      vertex -1.0110066158728348 11.555858497864248 6
      vertex -2.014318860936392 11.423769934941612 6
    endloop
  endfacet
  facet normal 0.043619387365335584 -0.9990482215818578 0
    outer loop
      vertex -1.0110066158728348 11.555858497864248 1.6
      vertex 0 11.6 6
      vertex -1.0110066158728348 11.555858497864248 6
    endloop
  endfacet
  facet normal 0 0 1
    outer loop
      vertex -4 -2 1.6
      vertex 2.014318860936392 -11.423769934941612 1.6
      vertex 3.0023009231892406 -11.204739584953192 1.6
    endloop
  endfacet
  facet normal 0 0 1
    outer loop
      vertex -4 -2 1.6
      vertex 3.0023009231892406 -11.204739584953192 1.6
      vertex 3.967433662577757 -10.900434401116538 1.6
    endloop
  endfacet
  facet normal 0 0 1
    outer loop
      vertex -4 -2 1.6
      vertex 3.967433662577757 -10.900434401116538 1.6
      vertex 4 -2 1.6
    endloop
  endfacet
  facet normal 0 0 1
    outer loop
      vertex 3.967433662577757 -10.900434401116538 1.6
      vertex 4.902371836192113 -10.513170329625138 1.6
      vertex 4.902371836192113 10.513170329625138 1.6
    endloop
  endfacet
  facet normal 0 0 1
    outer loop
      vertex 4.902371836192113 -10.513170329625138 1.6
      vertex 5.8 -10.045894683899487 1.6
      vertex 5.8 10.045894683899487 1.6
    endloop
  endfacet
  facet normal 0 0 1
    outer loop
      vertex 3.967433662577757 -10.900434401116538 1.6
      vertex 4.902371836192113 10.513170329625138 1.6
      vertex 4 -2 1.6
    endloop
  endfacet
  facet normal 0 0 1
    outer loop
      vertex 5.8 -10.045894683899487 1.6
      vertex 6.653486661672134 -9.502163713752305 1.6
      vertex 6.653486661672134 9.502163713752305 1.6
    endloop
  endfacet
  facet normal 0 0 1
    outer loop
      vertex 6.653486661672134 -9.502163713752305 1.6
      vertex 7.456336272363855 -8.886115540180144 1.6
      vertex 7.456336272363855 8.886115540180144 1.6
    endloop
  endfacet
  facet normal 0 0 1
    outer loop
      vertex 7.456336272363855 -8.886115540180144 1.6
      vertex 8.202438661763951 -8.202438661763951 1.6
      vertex 8.202438661763951 8.202438661763951 1.6
    endloop
  endfacet
  facet normal 0 0 1
    outer loop
      vertex 8.202438661763951 -8.202438661763951 1.6
      vertex 8.886115540180144 -7.456336272363855 1.6
      vertex 8.886115540180144 7.456336272363855 1.6
    endloop
  endfacet
  facet normal 0 0 1
    outer loop
      vertex 8.886115540180144 -7.456336272363855 1.6
      vertex 9.502163713752305 -6.653486661672134 1.6
      vertex 9.502163713752305 6.653486661672134 1.6
    endloop
  endfacet
  facet normal 0 0 1
    outer loop
      vertex 9.502163713752305 -6.653486661672134 1.6
      vertex 10.045894683899487 -5.8 1.6
      vertex 10.045894683899487 5.8 1.6
    endloop
  endfacet
  facet normal 0 0 1
    outer loop
      vertex 10.045894683899487 -5.8 1.6
      vertex 10.513170329625138 -4.902371836192113 1.6
      vertex 10.513170329625138 4.902371836192113 1.6
    endloop
  endfacet
  facet normal 0 0 1
    outer loop
      vertex 10.513170329625138 -4.902371836192113 1.6
      vertex 10.900434401116538 -3.967433662577757 1.6
      vertex 10.900434401116538 3.967433662577757 1.6
    endloop
  endfacet
  facet normal 0 0 1
    outer loop
      vertex 10.900434401116538 -3.967433662577757 1.6
      vertex 11.204739584953192 -3.0023009231892406 1.6
      vertex 11.204739584953192 3.0023009231892406 1.6
    endloop
  endfacet
  facet normal 0 0 1
    outer loop
      vertex 11.204739584953192 -3.0023009231892406 1.6
      vertex 11.423769934941612 -2.014318860936392 1.6
      vertex 11.423769934941612 2.014318860936392 1.6
    endloop
  endfacet
  facet normal 0 0 1
    outer loop
      vertex 11.423769934941612 -2.014318860936392 1.6
      vertex 11.555858497864248 -1.0110066158728348 1.6
      vertex 11.555858497864248 1.0110066158728348 1.6
    endloop
  endfacet
  facet normal -0.043619387365335584 0.9990482215818578 0
    outer loop
      vertex 0 -11.6 1.6
      vertex 0 -11.6 6
      vertex 1.0110066158728348 -11.555858497864248 1.6
    endloop
  endfacet
  facet normal -0.13052619222005293 0.9914448613738103 0
    outer loop
      vertex 1.0110066158728348 -11.555858497864248 1.6
      vertex 1.0110066158728348 -11.555858497864248 6
      vertex 2.014318860936392 -11.423769934941612 1.6
    endloop
  endfacet
  facet normal -0.2164396139381021 0.9762960071199336 0
    outer loop
      vertex 2.014318860936392 -11.423769934941612 1.6
      vertex 2.014318860936392 -11.423769934941612 6
      vertex 3.0023009231892406 -11.204739584953192 1.6
    endloop
  endfacet
  facet normal -0.3007057995042722 0.9537169507482273 0
    outer loop
      vertex 3.0023009231892406 -11.204739584953192 1.6
      vertex 3.0023009231892406 -11.204739584953192 6
      vertex 3.967433662577757 -10.900434401116538 1.6
    endloop
  endfacet
  facet normal -0.3826834323650912 0.9238795325112862 0
    outer loop
      vertex 3.967433662577757 -10.900434401116538 1.6
      vertex 3.967433662577757 -10.900434401116538 6
      vertex 4.902371836192113 -10.513170329625138 1.6
    endloop
  endfacet
  facet normal -0.4617486132350341 0.8870108331782215 0
    outer loop
      vertex 4.902371836192113 -10.513170329625138 1.6
      vertex 4.902371836192113 -10.513170329625138 6
      vertex 5.8 -10.045894683899487 1.6
    endloop
  endfacet
  facet normal -0.5372996083468231 0.8433914458128862 0
    outer loop
      vertex 5.8 -10.045894683899487 1.6
      vertex 5.8 -10.045894683899487 6
      vertex 6.653486661672134 -9.502163713752305 1.6
    endloop
  endfacet
  facet normal -0.6087614290087212 0.7933533402912347 0
    outer loop
      vertex 6.653486661672134 -9.502163713752305 1.6
      vertex 6.653486661672134 -9.502163713752305 6
      vertex 7.456336272363855 -8.886115540180144 1.6
    endloop
  endfacet
  facet normal -0.043619387365335584 0.9990482215818578 0
    outer loop
      vertex 1.0110066158728348 -11.555858497864248 1.6
      vertex 0 -11.6 6
      vertex 1.0110066158728348 -11.555858497864248 6
    endloop
  endfacet
  facet normal -0.13052619222005293 0.9914448613738103 0
    outer loop
      vertex 2.014318860936392 -11.423769934941612 1.6
      vertex 1.0110066158728348 -11.555858497864248 6
      vertex 2.014318860936392 -11.423769934941612 6
    endloop
  endfacet
  facet normal -0.2164396139381021 0.9762960071199336 0
    outer loop
      vertex 3.0023009231892406 -11.204739584953192 1.6
      vertex 2.014318860936392 -11.423769934941612 6
      vertex 3.0023009231892406 -11.204739584953192 6
    endloop
  endfacet
  facet normal -0.3007057995042722 0.9537169507482273 0
    outer loop
      vertex 3.967433662577757 -10.900434401116538 1.6
      vertex 3.0023009231892406 -11.204739584953192 6
      vertex 3.967433662577757 -10.900434401116538 6
    endloop
  endfacet
  facet normal -0.3826834323650912 0.9238795325112862 0
    outer loop
      vertex 4.902371836192113 -10.513170329625138 1.6
      vertex 3.967433662577757 -10.900434401116538 6
      vertex 4.902371836192113 -10.513170329625138 6
    endloop
  endfacet
  facet normal -0.4617486132350341 0.8870108331782215 0
    outer loop
      vertex 5.8 -10.045894683899487 1.6
      vertex 4.902371836192113 -10.513170329625138 6
      vertex 5.8 -10.045894683899487 6
    endloop
  endfacet
  facet normal -0.5372996083468231 0.8433914458128862 0
    outer loop
      vertex 6.653486661672134 -9.502163713752305 1.6
      vertex 5.8 -10.045894683899487 6
      vertex 6.653486661672134 -9.502163713752305 6
    endloop
  endfacet
  facet normal -0.6755902076156596 0.7372773368101246 0
    outer loop
      vertex 7.456336272363855 -8.886115540180144 1.6
      vertex 7.456336272363855 -8.886115540180144 6
      vertex 8.202438661763951 -8.202438661763951 1.6
    endloop
  endfacet
  facet normal -0.7372773368101246 0.6755902076156596 0
    outer loop
      vertex 8.202438661763951 -8.202438661763951 1.6
      vertex 8.202438661763951 -8.202438661763951 6
      vertex 8.886115540180144 -7.456336272363855 1.6
    endloop
  endfacet
  facet normal -0.7933533402912347 0.6087614290087212 0
    outer loop
      vertex 8.886115540180144 -7.456336272363855 1.6
      vertex 8.886115540180144 -7.456336272363855 6
      vertex 9.502163713752305 -6.653486661672134 1.6
    endloop
  endfacet
  facet normal -0.6087614290087212 0.7933533402912347 0
    outer loop
      vertex 7.456336272363855 -8.886115540180144 1.6
      vertex 6.653486661672134 -9.502163713752305 6
      vertex 7.456336272363855 -8.886115540180144 6
    endloop
  endfacet
  facet normal -0.6755902076156596 0.7372773368101246 0
    outer loop
      vertex 8.202438661763951 -8.202438661763951 1.6
      vertex 7.456336272363855 -8.886115540180144 6
      vertex 8.202438661763951 -8.202438661763951 6
    endloop
  endfacet
  facet normal -0.7372773368101246 0.6755902076156596 0
    outer loop
      vertex 8.886115540180144 -7.456336272363855 1.6
      vertex 8.202438661763951 -8.202438661763951 6
      vertex 8.886115540180144 -7.456336272363855 6
    endloop
  endfacet
  facet normal -0.8433914458128862 0.5372996083468231 0
    outer loop
      vertex 9.502163713752305 -6.653486661672134 1.6
      vertex 9.502163713752305 -6.653486661672134 6
      vertex 10.045894683899487 -5.8 1.6
    endloop
  endfacet
  facet normal -0.8870108331782215 0.4617486132350341 0
    outer loop
      vertex 10.045894683899487 -5.8 1.6
      vertex 10.045894683899487 -5.8 6
      vertex 10.513170329625138 -4.902371836192113 1.6
    endloop
  endfacet
  facet normal -0.9238795325112862 0.3826834323650912 0
    outer loop
      vertex 10.513170329625138 -4.902371836192113 1.6
      vertex 10.513170329625138 -4.902371836192113 6
      vertex 10.900434401116538 -3.967433662577757 1.6
    endloop
  endfacet
  facet normal -0.9537169507482273 0.3007057995042722 0
    outer loop
      vertex 10.900434401116538 -3.967433662577757 1.6
      vertex 10.900434401116538 -3.967433662577757 6
      vertex 11.204739584953192 -3.0023009231892406 1.6
    endloop
  endfacet
  facet normal -0.9762960071199336 0.2164396139381021 0
    outer loop
      vertex 11.204739584953192 -3.0023009231892406 1.6
      vertex 11.204739584953192 -3.0023009231892406 6
      vertex 11.423769934941612 -2.014318860936392 1.6
    endloop
  endfacet
  facet normal -0.9914448613738103 0.13052619222005293 0
    outer loop
      vertex 11.423769934941612 -2.014318860936392 1.6
      vertex 11.423769934941612 -2.014318860936392 6
      vertex 11.555858497864248 -1.0110066158728348 1.6
    endloop
  endfacet
  facet normal -0.9990482215818578 0.043619387365335584 0
    outer loop
      vertex 11.555858497864248 -1.0110066158728348 1.6
      vertex 11.555858497864248 -1.0110066158728348 6
      vertex 11.6 0 1.6
    endloop
  endfacet
  facet normal -0.7933533402912347 0.6087614290087212 0
    outer loop
      vertex 9.502163713752305 -6.653486661672134 1.6
      vertex 8.886115540180144 -7.456336272363855 6
      vertex 9.502163713752305 -6.653486661672134 6
    endloop
  endfacet
  facet normal -0.8433914458128862 0.5372996083468231 0
    outer loop
      vertex 10.045894683899487 -5.8 1.6
      vertex 9.502163713752305 -6.653486661672134 6
      vertex 10.045894683899487 -5.8 6
    endloop
  endfacet
  facet normal -0.8870108331782215 0.4617486132350341 0
    outer loop
      vertex 10.513170329625138 -4.902371836192113 1.6
      vertex 10.045894683899487 -5.8 6
      vertex 10.513170329625138 -4.902371836192113 6
    endloop
  endfacet
  facet normal -0.9238795325112862 0.3826834323650912 0
    outer loop
      vertex 10.900434401116538 -3.967433662577757 1.6
      vertex 10.513170329625138 -4.902371836192113 6
      vertex 10.900434401116538 -3.967433662577757 6
    endloop
  endfacet
  facet normal -0.9537169507482273 0.3007057995042722 0
    outer loop
      vertex 11.204739584953192 -3.0023009231892406 1.6
      vertex 10.900434401116538 -3.967433662577757 6
      vertex 11.204739584953192 -3.0023009231892406 6
    endloop
  endfacet
  facet normal -0.9762960071199336 0.2164396139381021 0
    outer loop
      vertex 11.423769934941612 -2.014318860936392 1.6
      vertex 11.204739584953192 -3.0023009231892406 6
      vertex 11.423769934941612 -2.014318860936392 6
    endloop
  endfacet
  facet normal -0.9914448613738103 0.13052619222005293 0
    outer loop
      vertex 11.555858497864248 -1.0110066158728348 1.6
      vertex 11.423769934941612 -2.014318860936392 6
      vertex 11.555858497864248 -1.0110066158728348 6
    endloop
  endfacet
  facet normal -0.9990482215818578 0.043619387365335584 0
    outer loop
      vertex 11.6 0 1.6
      vertex 11.555858497864248 -1.0110066158728348 6
      vertex 11.6 0 6
    endloop
  endfacet
  facet normal 0 0 1
    outer loop
      vertex 4.902371836192113 -10.513170329625138 1.6
      vertex 5.8 10.045894683899487 1.6
      vertex 4.902371836192113 10.513170329625138 1.6
    endloop
  endfacet
  facet normal 0 0 1
    outer loop
      vertex 5.8 -10.045894683899487 1.6
      vertex 6.653486661672134 9.502163713752305 1.6
      vertex 5.8 10.045894683899487 1.6
    endloop
  endfacet
  facet normal 0 0 1
    outer loop
      vertex 6.653486661672134 -9.502163713752305 1.6
      vertex 7.456336272363855 8.886115540180144 1.6
      vertex 6.653486661672134 9.502163713752305 1.6
    endloop
  endfacet
  facet normal 0 0 1
    outer loop
      vertex 4 -2 1.6
      vertex 4.902371836192113 10.513170329625138 1.6
      vertex 4 2 1.6
    endloop
  endfacet
  facet normal 0 0 1
    outer loop
      vertex -2.014318860936392 11.423769934941612 1.6
      vertex 4 2 1.6
      vertex -1.0110066158728348 11.555858497864248 1.6
    endloop
  endfacet
  facet normal 0 0 1
    outer loop
      vertex -1.0110066158728348 11.555858497864248 1.6
      vertex 4 2 1.6
      vertex 0 11.6 1.6
    endloop
  endfacet
  facet normal 0 0 1
    outer loop
      vertex 4 2 1.6
      vertex 1.0110066158728348 11.555858497864248 1.6
      vertex 0 11.6 1.6
    endloop
  endfacet
  facet normal 0 0 1
    outer loop
      vertex 4 2 1.6
      vertex 2.014318860936392 11.423769934941612 1.6
      vertex 1.0110066158728348 11.555858497864248 1.6
    endloop
  endfacet
  facet normal 0 0 1
    outer loop
      vertex 4 2 1.6
      vertex 3.0023009231892406 11.204739584953192 1.6
      vertex 2.014318860936392 11.423769934941612 1.6
    endloop
  endfacet
  facet normal 0 0 1
    outer loop
      vertex 4 2 1.6
      vertex 4.902371836192113 10.513170329625138 1.6
      vertex 3.967433662577757 10.900434401116538 1.6
    endloop
  endfacet
  facet normal 0 0 1
    outer loop
      vertex 4 2 1.6
      vertex 3.967433662577757 10.900434401116538 1.6
      vertex 3.0023009231892406 11.204739584953192 1.6
    endloop
  endfacet
  facet normal 0 0 1
    outer loop
      vertex 7.456336272363855 -8.886115540180144 1.6
      vertex 8.202438661763951 8.202438661763951 1.6
      vertex 7.456336272363855 8.886115540180144 1.6
    endloop
  endfacet
  facet normal 0 0 1
    outer loop
      vertex 8.202438661763951 -8.202438661763951 1.6
      vertex 8.886115540180144 7.456336272363855 1.6
      vertex 8.202438661763951 8.202438661763951 1.6
    endloop
  endfacet
  facet normal 0 0 1
    outer loop
      vertex 10.045894683899487 -5.8 1.6
      vertex 10.513170329625138 4.902371836192113 1.6
      vertex 10.045894683899487 5.8 1.6
    endloop
  endfacet
  facet normal 0 0 1
    outer loop
      vertex 8.886115540180144 -7.456336272363855 1.6
      vertex 9.502163713752305 6.653486661672134 1.6
      vertex 8.886115540180144 7.456336272363855 1.6
    endloop
  endfacet
  facet normal 0 0 1
    outer loop
      vertex 9.502163713752305 -6.653486661672134 1.6
      vertex 10.045894683899487 5.8 1.6
      vertex 9.502163713752305 6.653486661672134 1.6
    endloop
  endfacet
  facet normal 0 0 1
    outer loop
      vertex 11.204739584953192 -3.0023009231892406 1.6
      vertex 11.423769934941612 2.014318860936392 1.6
      vertex 11.204739584953192 3.0023009231892406 1.6
    endloop
  endfacet
  facet normal 0 0 1
    outer loop
      vertex 10.513170329625138 -4.902371836192113 1.6
      vertex 10.900434401116538 3.967433662577757 1.6
      vertex 10.513170329625138 4.902371836192113 1.6
    endloop
  endfacet
  facet normal 0 0 1
    outer loop
      vertex 10.900434401116538 -3.967433662577757 1.6
      vertex 11.204739584953192 3.0023009231892406 1.6
      vertex 10.900434401116538 3.967433662577757 1.6
    endloop
  endfacet
  facet normal 0 0 1
    outer loop
      vertex 11.423769934941612 -2.014318860936392 1.6
      vertex 11.555858497864248 1.0110066158728348 1.6
      vertex 11.423769934941612 2.014318860936392 1.6
    endloop
  endfacet
  facet normal 0 0 1
    outer loop
      vertex 11.555858497864248 -1.0110066158728348 1.6
      vertex 11.6 0 1.6
      vertex 11.555858497864248 1.0110066158728348 1.6
    endloop
  endfacet
  facet normal -0.043619387365335584 -0.9990482215818578 -2.8741253632625734e-19
    outer loop
      vertex 0 11.6 1.6
      vertex 1.0110066158728348 11.555858497864248 1.6
      vertex 1.0110066158728348 11.555858497864248 6
    endloop
  endfacet
  facet normal -0.13052619222005293 -0.9914448613738103 -1.1658260814821805e-18
    outer loop
      vertex 1.0110066158728348 11.555858497864248 1.6
      vertex 2.014318860936392 11.423769934941612 1.6
      vertex 2.014318860936392 11.423769934941612 6
    endloop
  endfacet
  facet normal -0.2164396139381021 -0.9762960071199336 5.803246012608415e-19
    outer loop
      vertex 2.014318860936392 11.423769934941612 1.6
      vertex 3.0023009231892406 11.204739584953192 1.6
      vertex 3.0023009231892406 11.204739584953192 6
    endloop
  endfacet
  facet normal -0.4617486132350341 -0.8870108331782215 7.916017933696826e-19
    outer loop
      vertex 4.902371836192113 10.513170329625138 1.6
      vertex 5.8 10.045894683899487 1.6
      vertex 5.8 10.045894683899487 6
    endloop
  endfacet
  facet normal -0.5372996083468231 -0.8433914458128862 3.696873987309211e-18
    outer loop
      vertex 5.8 10.045894683899487 1.6
      vertex 6.653486661672134 9.502163713752305 1.6
      vertex 6.653486661672134 9.502163713752305 6
    endloop
  endfacet
  facet normal -0.3007057995042722 -0.9537169507482273 3.0680390132199787e-18
    outer loop
      vertex 3.0023009231892406 11.204739584953192 1.6
      vertex 3.967433662577757 10.900434401116538 1.6
      vertex 3.967433662577757 10.900434401116538 6
    endloop
  endfacet
  facet normal -0.3826834323650912 -0.9238795325112862 0
    outer loop
      vertex 4.902371836192113 10.513170329625138 1.6
      vertex 4.902371836192113 10.513170329625138 6
      vertex 3.967433662577757 10.900434401116538 1.6
    endloop
  endfacet
  facet normal -0.043619387365335584 -0.9990482215818578 0
    outer loop
      vertex 0 11.6 1.6
      vertex 1.0110066158728348 11.555858497864248 6
      vertex 0 11.6 6
    endloop
  endfacet
  facet normal -0.13052619222005293 -0.9914448613738103 0
    outer loop
      vertex 1.0110066158728348 11.555858497864248 1.6
      vertex 2.014318860936392 11.423769934941612 6
      vertex 1.0110066158728348 11.555858497864248 6
    endloop
  endfacet
  facet normal -0.2164396139381021 -0.9762960071199336 0
    outer loop
      vertex 2.014318860936392 11.423769934941612 1.6
      vertex 3.0023009231892406 11.204739584953192 6
      vertex 2.014318860936392 11.423769934941612 6
    endloop
  endfacet
  facet normal -0.3007057995042722 -0.9537169507482273 0
    outer loop
      vertex 3.0023009231892406 11.204739584953192 1.6
      vertex 3.967433662577757 10.900434401116538 6
      vertex 3.0023009231892406 11.204739584953192 6
    endloop
  endfacet
  facet normal -0.4617486132350341 -0.8870108331782215 0
    outer loop
      vertex 4.902371836192113 10.513170329625138 1.6
      vertex 5.8 10.045894683899487 6
      vertex 4.902371836192113 10.513170329625138 6
    endloop
  endfacet
  facet normal -0.5372996083468231 -0.8433914458128862 0
    outer loop
      vertex 5.8 10.045894683899487 1.6
      vertex 6.653486661672134 9.502163713752305 6
      vertex 5.8 10.045894683899487 6
    endloop
  endfacet
  facet normal -0.6087614290087212 -0.7933533402912347 0
    outer loop
      vertex 6.653486661672134 9.502163713752305 1.6
      vertex 7.456336272363855 8.886115540180144 6
      vertex 6.653486661672134 9.502163713752305 6
    endloop
  endfacet
  facet normal -0.3826834323650912 -0.9238795325112862 0
    outer loop
      vertex 3.967433662577757 10.900434401116538 1.6
      vertex 4.902371836192113 10.513170329625138 6
      vertex 3.967433662577757 10.900434401116538 6
    endloop
  endfacet
  facet normal -0.8870108331782215 -0.4617486132350341 0
    outer loop
      vertex 10.513170329625138 4.902371836192113 1.6
      vertex 10.513170329625138 4.902371836192113 6
      vertex 10.045894683899487 5.8 1.6
    endloop
  endfacet
  facet normal -0.7933533402912347 -0.6087614290087212 0
    outer loop
      vertex 9.502163713752305 6.653486661672134 1.6
      vertex 9.502163713752305 6.653486661672134 6
      vertex 8.886115540180144 7.456336272363855 1.6
    endloop
  endfacet
  facet normal -0.8433914458128862 -0.5372996083468231 3.696873987309211e-18
    outer loop
      vertex 9.502163713752305 6.653486661672134 1.6
      vertex 10.045894683899487 5.8 1.6
      vertex 10.045894683899487 5.8 6
    endloop
  endfacet
  facet normal -0.9990482215818578 -0.043619387365335584 0
    outer loop
      vertex 11.6 0 1.6
      vertex 11.6 0 6
      vertex 11.555858497864248 1.0110066158728348 1.6
    endloop
  endfacet
  facet normal -0.9914448613738103 -0.13052619222005293 0
    outer loop
      vertex 11.555858497864248 1.0110066158728348 1.6
      vertex 11.555858497864248 1.0110066158728348 6
      vertex 11.423769934941612 2.014318860936392 1.6
    endloop
  endfacet
  facet normal -0.9537169507482273 -0.3007057995042722 0
    outer loop
      vertex 11.204739584953192 3.0023009231892406 1.6
      vertex 11.204739584953192 3.0023009231892406 6
      vertex 10.900434401116538 3.967433662577757 1.6
    endloop
  endfacet
  facet normal -0.9762960071199336 -0.2164396139381021 0
    outer loop
      vertex 11.423769934941612 2.014318860936392 1.6
      vertex 11.423769934941612 2.014318860936392 6
      vertex 11.204739584953192 3.0023009231892406 1.6
    endloop
  endfacet
  facet normal -0.9238795325112862 -0.3826834323650912 -2.7069699270331345e-18
    outer loop
      vertex 10.513170329625138 4.902371836192113 1.6
      vertex 10.900434401116538 3.967433662577757 1.6
      vertex 10.900434401116538 3.967433662577757 6
    endloop
  endfacet
  facet normal -0.8870108331782215 -0.4617486132350341 0
    outer loop
      vertex 10.045894683899487 5.8 1.6
      vertex 10.513170329625138 4.902371836192113 6
      vertex 10.045894683899487 5.8 6
    endloop
  endfacet
  facet normal -0.8433914458128862 -0.5372996083468231 0
    outer loop
      vertex 9.502163713752305 6.653486661672134 1.6
      vertex 10.045894683899487 5.8 6
      vertex 9.502163713752305 6.653486661672134 6
    endloop
  endfacet
  facet normal -0.9990482215818578 -0.043619387365335584 0
    outer loop
      vertex 11.555858497864248 1.0110066158728348 1.6
      vertex 11.6 0 6
      vertex 11.555858497864248 1.0110066158728348 6
    endloop
  endfacet
  facet normal -0.9914448613738103 -0.13052619222005293 0
    outer loop
      vertex 11.423769934941612 2.014318860936392 1.6
      vertex 11.555858497864248 1.0110066158728348 6
      vertex 11.423769934941612 2.014318860936392 6
    endloop
  endfacet
  facet normal -0.9762960071199336 -0.2164396139381021 0
    outer loop
      vertex 11.204739584953192 3.0023009231892406 1.6
      vertex 11.423769934941612 2.014318860936392 6
      vertex 11.204739584953192 3.0023009231892406 6
    endloop
  endfacet
  facet normal -0.9537169507482273 -0.3007057995042722 0
    outer loop
      vertex 10.900434401116538 3.967433662577757 1.6
      vertex 11.204739584953192 3.0023009231892406 6
      vertex 10.900434401116538 3.967433662577757 6
    endloop
  endfacet
  facet normal -0.9238795325112862 -0.3826834323650912 0
    outer loop
      vertex 10.513170329625138 4.902371836192113 1.6
      vertex 10.900434401116538 3.967433662577757 6
      vertex 10.513170329625138 4.902371836192113 6
    endloop
  endfacet
  facet normal -0.7372773368101246 -0.6755902076156596 0
    outer loop
      vertex 8.886115540180144 7.456336272363855 1.6
      vertex 8.886115540180144 7.456336272363855 6
      vertex 8.202438661763951 8.202438661763951 1.6
    endloop
  endfacet
  facet normal -0.6755902076156596 -0.7372773368101246 1.0325907845460798e-17
    outer loop
      vertex 7.456336272363855 8.886115540180144 1.6
      vertex 8.202438661763951 8.202438661763951 1.6
      vertex 8.202438661763951 8.202438661763951 6
    endloop
  endfacet
  facet normal -0.6087614290087212 -0.7933533402912347 -1.806753301779825e-18
    outer loop
      vertex 6.653486661672134 9.502163713752305 1.6
      vertex 7.456336272363855 8.886115540180144 1.6
      vertex 7.456336272363855 8.886115540180144 6
    endloop
  endfacet
  facet normal -0.6755902076156596 -0.7372773368101246 0
    outer loop
      vertex 7.456336272363855 8.886115540180144 1.6
      vertex 8.202438661763951 8.202438661763951 6
      vertex 7.456336272363855 8.886115540180144 6
    endloop
  endfacet
  facet normal -0.7372773368101246 -0.6755902076156596 0
    outer loop
      vertex 8.202438661763951 8.202438661763951 1.6
      vertex 8.886115540180144 7.456336272363855 6
      vertex 8.202438661763951 8.202438661763951 6
    endloop
  endfacet
  facet normal -0.7933533402912347 -0.6087614290087212 0
    outer loop
      vertex 8.886115540180144 7.456336272363855 1.6
      vertex 9.502163713752305 6.653486661672134 6
      vertex 8.886115540180144 7.456336272363855 6
    endloop
  endfacet
  facet normal 1 0 0
    outer loop
      vertex -4 -2 1.6
      vertex -4 -2 0
      vertex -4 2 1.6
    endloop
  endfacet
  facet normal 0 1 0
    outer loop
      vertex -4 -2 1.6
      vertex 4 -2 0
      vertex -4 -2 0
    endloop
  endfacet
  facet normal 1 0 0
    outer loop
      vertex -4 2 1.6
      vertex -4 -2 0
      vertex -4 2 0
    endloop
  endfacet
  facet normal 0 -1 0
    outer loop
      vertex -4 2 1.6
      vertex -4 2 0
      vertex 4 2 1.6
    endloop
  endfacet
  facet normal 0 1 0
    outer loop
      vertex -4 -2 1.6
      vertex 4 -2 1.6
      vertex 4 -2 0
    endloop
  endfacet
  facet normal -1 0 0
    outer loop
      vertex 4 -2 1.6
      vertex 4 2 0
      vertex 4 -2 0
    endloop
  endfacet
  facet normal 0 -1 0
    outer loop
      vertex 4 2 1.6
      vertex -4 2 0
      vertex 4 2 0
    endloop
  endfacet
  facet normal -1 0 0
    outer loop
      vertex 4 -2 1.6
      vertex 4 2 1.6
      vertex 4 2 0
    endloop
  endfacet
endsolid OpenSCAD_Model
