solid OpenSCAD_Model
  facet normal -0.130474 0.991452 0
    outer loop
      vertex 11.7084 -1.18177 0
      vertex 11.6046 -1.19543 7.99
      vertex 11.7084 -1.18177 7.99
    endloop
  endfacet
  facet normal -0.130474 0.991452 0
    outer loop
      vertex 11.6046 -1.19543 7.99
      vertex 11.7084 -1.18177 0
      vertex 11.6046 -1.19543 0
    endloop
  endfacet
  facet normal 0.976293 -0.216455 0
    outer loop
      vertex 3.81823 0.208377 7.99
      vertex 3.84089 0.310582 2.99
      vertex 3.84089 0.310582 7.99
    endloop
  endfacet
  facet normal 0.976293 -0.216455 0
    outer loop
      vertex 3.84089 0.310582 2.99
      vertex 3.81823 0.208377 7.99
      vertex 3.81823 0.208377 2.99
    endloop
  endfacet
  facet normal 0.300711 0.953715 -0
    outer loop
      vertex 4.68942 -1.15911 0
      vertex 4.58958 -1.12763 7.99
      vertex 4.68942 -1.15911 7.99
    endloop
  endfacet
  facet normal 0.300711 0.953715 0
    outer loop
      vertex 4.58958 -1.12763 7.99
      vertex 4.68942 -1.15911 0
      vertex 4.58958 -1.12763 0
    endloop
  endfacet
  facet normal -0.537264 -0.843414 0
    outer loop
      vertex 12.1 1.03923 0
      vertex 12.1883 0.982982 7.99
      vertex 12.1 1.03923 7.99
    endloop
  endfacet
  facet normal -0.537264 -0.843414 -0
    outer loop
      vertex 12.1883 0.982982 7.99
      vertex 12.1 1.03923 0
      vertex 12.1883 0.982982 0
    endloop
  endfacet
  facet normal -0.382729 0.923861 0
    outer loop
      vertex 12.0071 -1.08757 0
      vertex 11.9104 -1.12763 7.99
      vertex 12.0071 -1.08757 7.99
    endloop
  endfacet
  facet normal -0.382729 0.923861 0
    outer loop
      vertex 11.9104 -1.12763 7.99
      vertex 12.0071 -1.08757 0
      vertex 11.9104 -1.12763 0
    endloop
  endfacet
  facet normal -0.216465 0.97629 0
    outer loop
      vertex 11.8106 -1.15911 0
      vertex 11.7084 -1.18177 7.99
      vertex 11.8106 -1.15911 7.99
    endloop
  endfacet
  facet normal -0.216465 0.97629 0
    outer loop
      vertex 11.7084 -1.18177 7.99
      vertex 11.8106 -1.15911 0
      vertex 11.7084 -1.18177 0
    endloop
  endfacet
  facet normal -0.793483 0.608593 0
    outer loop
      vertex 12.4193 -0.771344 0
      vertex 12.483 -0.688292 7.99
      vertex 12.483 -0.688292 0
    endloop
  endfacet
  facet normal -0.793483 0.608593 0
    outer loop
      vertex 12.483 -0.688292 7.99
      vertex 12.4193 -0.771344 0
      vertex 12.4193 -0.771344 7.99
    endloop
  endfacet
  facet normal 0.0436528 -0.999047 0
    outer loop
      vertex 4.89541 1.19543 0
      vertex 5 1.2 7.99
      vertex 4.89541 1.19543 7.99
    endloop
  endfacet
  facet normal 0.0436528 -0.999047 0
    outer loop
      vertex 5 1.2 7.99
      vertex 4.89541 1.19543 0
      vertex 5 1.2 0
    endloop
  endfacet
  facet normal -0.0436486 0.999047 0
    outer loop
      vertex 11.6046 -1.19543 0
      vertex 11.5 -1.2 7.99
      vertex 11.6046 -1.19543 7.99
    endloop
  endfacet
  facet normal -0.0436486 0.999047 0
    outer loop
      vertex 11.5 -1.2 7.99
      vertex 11.6046 -1.19543 0
      vertex 11.5 -1.2 0
    endloop
  endfacet
  facet normal 0.216465 -0.97629 0
    outer loop
      vertex 4.68942 1.15911 0
      vertex 4.79162 1.18177 7.99
      vertex 4.68942 1.15911 7.99
    endloop
  endfacet
  facet normal 0.216465 -0.97629 0
    outer loop
      vertex 4.79162 1.18177 7.99
      vertex 4.68942 1.15911 0
      vertex 4.79162 1.18177 0
    endloop
  endfacet
  facet normal -0.30082 0.953681 0
    outer loop
      vertex 11.9104 -1.12763 0
      vertex 11.8106 -1.15911 7.99
      vertex 11.9104 -1.12763 7.99
    endloop
  endfacet
  facet normal -0.30082 0.953681 0
    outer loop
      vertex 11.8106 -1.15911 7.99
      vertex 11.9104 -1.12763 0
      vertex 11.8106 -1.15911 0
    endloop
  endfacet
  facet normal 0.382661 0.923889 -0
    outer loop
      vertex 4.58958 -1.12763 0
      vertex 4.49286 -1.08757 7.99
      vertex 4.58958 -1.12763 7.99
    endloop
  endfacet
  facet normal 0.382661 0.923889 0
    outer loop
      vertex 4.49286 -1.08757 7.99
      vertex 4.58958 -1.12763 0
      vertex 4.49286 -1.08757 0
    endloop
  endfacet
  facet normal -0 0 -1
    outer loop
      vertex 8.10533 -0.122018 7.99
      vertex 5 -1.2 7.99
      vertex 8.1 0 7.99
    endloop
  endfacet
  facet normal -0 0 -1
    outer loop
      vertex 8.12127 -0.243107 7.99
      vertex 5 -1.2 7.99
      vertex 8.10533 -0.122018 7.99
    endloop
  endfacet
  facet normal -0 0 -1
    outer loop
      vertex 8.1477 -0.362347 7.99
      vertex 5 -1.2 7.99
      vertex 8.12127 -0.243107 7.99
    endloop
  endfacet
  facet normal -0 0 -1
    outer loop
      vertex 8.18443 -0.478827 7.99
      vertex 5 -1.2 7.99
      vertex 8.1477 -0.362347 7.99
    endloop
  endfacet
  facet normal -0 0 -1
    outer loop
      vertex 8.23117 -0.591665 7.99
      vertex 5 -1.2 7.99
      vertex 8.18443 -0.478827 7.99
    endloop
  endfacet
  facet normal -0 0 -1
    outer loop
      vertex 8.28756 -0.7 7.99
      vertex 5 -1.2 7.99
      vertex 8.23117 -0.591665 7.99
    endloop
  endfacet
  facet normal -0 0 -1
    outer loop
      vertex 8.35319 -0.803006 7.99
      vertex 5 -1.2 7.99
      vertex 8.28756 -0.7 7.99
    endloop
  endfacet
  facet normal -0 0 -1
    outer loop
      vertex 8.42754 -0.899902 7.99
      vertex 5 -1.2 7.99
      vertex 8.35319 -0.803006 7.99
    endloop
  endfacet
  facet normal -0 0 -1
    outer loop
      vertex 8.51005 -0.989949 7.99
      vertex 5 -1.2 7.99
      vertex 8.42754 -0.899902 7.99
    endloop
  endfacet
  facet normal -0 0 -1
    outer loop
      vertex 8.6001 -1.07246 7.99
      vertex 5 -1.2 7.99
      vertex 8.51005 -0.989949 7.99
    endloop
  endfacet
  facet normal -0 0 -1
    outer loop
      vertex 8.69699 -1.14681 7.99
      vertex 5 -1.2 7.99
      vertex 8.6001 -1.07246 7.99
    endloop
  endfacet
  facet normal 0 0 -1
    outer loop
      vertex 5 -1.2 7.99
      vertex 8.69699 -1.14681 7.99
      vertex 8.78048 -1.2 7.99
    endloop
  endfacet
  facet normal 0 0 -1
    outer loop
      vertex 5 1.2 7.99
      vertex 8.1 0 7.99
      vertex 5 -1.2 7.99
    endloop
  endfacet
  facet normal 0 0 -1
    outer loop
      vertex 8.1 0 7.99
      vertex 5 1.2 7.99
      vertex 8.10533 0.122018 7.99
    endloop
  endfacet
  facet normal 0 0 -1
    outer loop
      vertex 8.10533 0.122018 7.99
      vertex 5 1.2 7.99
      vertex 8.12127 0.243107 7.99
    endloop
  endfacet
  facet normal 0 0 -1
    outer loop
      vertex 8.12127 0.243107 7.99
      vertex 5 1.2 7.99
      vertex 8.1477 0.362347 7.99
    endloop
  endfacet
  facet normal 0 0 -1
    outer loop
      vertex 8.1477 0.362347 7.99
      vertex 5 1.2 7.99
      vertex 8.18443 0.478827 7.99
    endloop
  endfacet
  facet normal 0 0 -1
    outer loop
      vertex 8.18443 0.478827 7.99
      vertex 5 1.2 7.99
      vertex 8.23117 0.591665 7.99
    endloop
  endfacet
  facet normal 0 0 -1
    outer loop
      vertex 8.23117 0.591665 7.99
      vertex 5 1.2 7.99
      vertex 8.28756 0.7 7.99
    endloop
  endfacet
  facet normal 0 0 -1
    outer loop
      vertex 8.28756 0.7 7.99
      vertex 5 1.2 7.99
      vertex 8.35319 0.803006 7.99
    endloop
  endfacet
  facet normal 0 0 -1
    outer loop
      vertex 8.35319 0.803006 7.99
      vertex 5 1.2 7.99
      vertex 8.42754 0.899902 7.99
    endloop
  endfacet
  facet normal 0 0 -1
    outer loop
      vertex 8.42754 0.899902 7.99
      vertex 5 1.2 7.99
      vertex 8.51005 0.989949 7.99
    endloop
  endfacet
  facet normal 0 0 -1
    outer loop
      vertex 8.51005 0.989949 7.99
      vertex 5 1.2 7.99
      vertex 8.6001 1.07246 7.99
    endloop
  endfacet
  facet normal 0 0 -1
    outer loop
      vertex 8.6001 1.07246 7.99
      vertex 5 1.2 7.99
      vertex 8.69699 1.14681 7.99
    endloop
  endfacet
  facet normal 0 0 -1
    outer loop
      vertex 8.69699 1.14681 7.99
      vertex 5 1.2 7.99
      vertex 8.78048 1.2 7.99
    endloop
  endfacet
  facet normal 0 0 -1
    outer loop
      vertex 4.89541 -1.19543 7.99
      vertex 5 1.2 7.99
      vertex 5 -1.2 7.99
    endloop
  endfacet
  facet normal 0 0 -1
    outer loop
      vertex 4.89541 -1.19543 7.99
      vertex 4.89541 1.19543 7.99
      vertex 5 1.2 7.99
    endloop
  endfacet
  facet normal 0 0 -1
    outer loop
      vertex 4.79162 -1.18177 7.99
      vertex 4.89541 1.19543 7.99
      vertex 4.89541 -1.19543 7.99
    endloop
  endfacet
  facet normal 0 0 -1
    outer loop
      vertex 4.79162 -1.18177 7.99
      vertex 4.79162 1.18177 7.99
      vertex 4.89541 1.19543 7.99
    endloop
  endfacet
  facet normal 0 0 -1
    outer loop
      vertex 4.68942 -1.15911 7.99
      vertex 4.79162 1.18177 7.99
      vertex 4.79162 -1.18177 7.99
    endloop
  endfacet
  facet normal 0 0 -1
    outer loop
      vertex 4.68942 -1.15911 7.99
      vertex 4.68942 1.15911 7.99
      vertex 4.79162 1.18177 7.99
    endloop
  endfacet
  facet normal 0 0 -1
    outer loop
      vertex 4.58958 -1.12763 7.99
      vertex 4.68942 1.15911 7.99
      vertex 4.68942 -1.15911 7.99
    endloop
  endfacet
  facet normal 0 0 -1
    outer loop
      vertex 4.58958 -1.12763 7.99
      vertex 4.58958 1.12763 7.99
      vertex 4.68942 1.15911 7.99
    endloop
  endfacet
  facet normal 0 0 -1
    outer loop
      vertex 4.49286 -1.08757 7.99
      vertex 4.58958 1.12763 7.99
      vertex 4.58958 -1.12763 7.99
    endloop
  endfacet
  facet normal 0 0 -1
    outer loop
      vertex 4.49286 -1.08757 7.99
      vertex 4.49286 1.08757 7.99
      vertex 4.58958 1.12763 7.99
    endloop
  endfacet
  facet normal 0 0 -1
    outer loop
      vertex 4.4 -1.03923 7.99
      vertex 4.49286 1.08757 7.99
      vertex 4.49286 -1.08757 7.99
    endloop
  endfacet
  facet normal 0 0 -1
    outer loop
      vertex 4.4 -1.03923 7.99
      vertex 4.4 1.03923 7.99
      vertex 4.49286 1.08757 7.99
    endloop
  endfacet
  facet normal 0 0 -1
    outer loop
      vertex 4.31171 -0.982982 7.99
      vertex 4.4 1.03923 7.99
      vertex 4.4 -1.03923 7.99
    endloop
  endfacet
  facet normal 0 0 -1
    outer loop
      vertex 4.31171 -0.982982 7.99
      vertex 4.31171 0.982982 7.99
      vertex 4.4 1.03923 7.99
    endloop
  endfacet
  facet normal 0 0 -1
    outer loop
      vertex 4.22865 -0.919252 7.99
      vertex 4.31171 0.982982 7.99
      vertex 4.31171 -0.982982 7.99
    endloop
  endfacet
  facet normal 0 0 -1
    outer loop
      vertex 4.22865 -0.919252 7.99
      vertex 4.22865 0.919252 7.99
      vertex 4.31171 0.982982 7.99
    endloop
  endfacet
  facet normal 0 0 -1
    outer loop
      vertex 4.15147 -0.848528 7.99
      vertex 4.22865 0.919252 7.99
      vertex 4.22865 -0.919252 7.99
    endloop
  endfacet
  facet normal 0 0 -1
    outer loop
      vertex 4.15147 -0.848528 7.99
      vertex 4.15147 0.848528 7.99
      vertex 4.22865 0.919252 7.99
    endloop
  endfacet
  facet normal 0 0 -1
    outer loop
      vertex 4.08075 -0.771344 7.99
      vertex 4.15147 0.848528 7.99
      vertex 4.15147 -0.848528 7.99
    endloop
  endfacet
  facet normal 0 0 -1
    outer loop
      vertex 4.08075 -0.771344 7.99
      vertex 4.08075 0.771344 7.99
      vertex 4.15147 0.848528 7.99
    endloop
  endfacet
  facet normal 0 0 -1
    outer loop
      vertex 4.01702 -0.688292 7.99
      vertex 4.08075 0.771344 7.99
      vertex 4.08075 -0.771344 7.99
    endloop
  endfacet
  facet normal 0 0 -1
    outer loop
      vertex 4.01702 -0.688292 7.99
      vertex 4.01702 0.688292 7.99
      vertex 4.08075 0.771344 7.99
    endloop
  endfacet
  facet normal 0 0 -1
    outer loop
      vertex 3.96077 -0.599999 7.99
      vertex 4.01702 0.688292 7.99
      vertex 4.01702 -0.688292 7.99
    endloop
  endfacet
  facet normal 0 0 -1
    outer loop
      vertex 3.96077 -0.599999 7.99
      vertex 3.96077 0.599999 7.99
      vertex 4.01702 0.688292 7.99
    endloop
  endfacet
  facet normal 0 0 -1
    outer loop
      vertex 3.91243 -0.507141 7.99
      vertex 3.96077 0.599999 7.99
      vertex 3.96077 -0.599999 7.99
    endloop
  endfacet
  facet normal 0 0 -1
    outer loop
      vertex 3.91243 -0.507141 7.99
      vertex 3.91243 0.507141 7.99
      vertex 3.96077 0.599999 7.99
    endloop
  endfacet
  facet normal 0 0 -1
    outer loop
      vertex 3.87237 -0.410423 7.99
      vertex 3.91243 0.507141 7.99
      vertex 3.91243 -0.507141 7.99
    endloop
  endfacet
  facet normal 0 0 -1
    outer loop
      vertex 3.87237 -0.410423 7.99
      vertex 3.87237 0.410423 7.99
      vertex 3.91243 0.507141 7.99
    endloop
  endfacet
  facet normal 0 0 -1
    outer loop
      vertex 3.84089 -0.310582 7.99
      vertex 3.87237 0.410423 7.99
      vertex 3.87237 -0.410423 7.99
    endloop
  endfacet
  facet normal 0 0 -1
    outer loop
      vertex 3.84089 -0.310582 7.99
      vertex 3.84089 0.310582 7.99
      vertex 3.87237 0.410423 7.99
    endloop
  endfacet
  facet normal 0 0 -1
    outer loop
      vertex 3.81823 -0.208377 7.99
      vertex 3.84089 0.310582 7.99
      vertex 3.84089 -0.310582 7.99
    endloop
  endfacet
  facet normal 0 0 -1
    outer loop
      vertex 3.81823 -0.208377 7.99
      vertex 3.81823 0.208377 7.99
      vertex 3.84089 0.310582 7.99
    endloop
  endfacet
  facet normal 0 0 -1
    outer loop
      vertex 3.80457 -0.104587 7.99
      vertex 3.81823 0.208377 7.99
      vertex 3.81823 -0.208377 7.99
    endloop
  endfacet
  facet normal 0 0 -1
    outer loop
      vertex 3.80457 -0.104587 7.99
      vertex 3.80457 0.104587 7.99
      vertex 3.81823 0.208377 7.99
    endloop
  endfacet
  facet normal 0 -0 -1
    outer loop
      vertex 3.80457 0.104587 7.99
      vertex 3.80457 -0.104587 7.99
      vertex 3.8 0 7.99
    endloop
  endfacet
  facet normal 0 0 -1
    outer loop
      vertex 10.9 0 7.99
      vertex 12.7 0 7.99
      vertex 12.6954 -0.104587 7.99
    endloop
  endfacet
  facet normal 0 0 -1
    outer loop
      vertex 10.9 0 7.99
      vertex 12.6954 -0.104587 7.99
      vertex 12.6818 -0.208377 7.99
    endloop
  endfacet
  facet normal 0 0 -1
    outer loop
      vertex 12.7 0 7.99
      vertex 10.9 0 7.99
      vertex 12.6954 0.104587 7.99
    endloop
  endfacet
  facet normal 0 0 -1
    outer loop
      vertex 10.9 0 7.99
      vertex 12.6818 -0.208377 7.99
      vertex 12.6591 -0.310582 7.99
    endloop
  endfacet
  facet normal -0 0 -1
    outer loop
      vertex 12.6954 0.104587 7.99
      vertex 10.9 0 7.99
      vertex 12.6818 0.208377 7.99
    endloop
  endfacet
  facet normal 0 0 -1
    outer loop
      vertex 10.9 0 7.99
      vertex 12.6591 -0.310582 7.99
      vertex 12.6276 -0.410423 7.99
    endloop
  endfacet
  facet normal -0 0 -1
    outer loop
      vertex 12.6818 0.208377 7.99
      vertex 10.9 0 7.99
      vertex 12.6591 0.310582 7.99
    endloop
  endfacet
  facet normal 0 0 -1
    outer loop
      vertex 10.8947 -0.122018 7.99
      vertex 12.6276 -0.410423 7.99
      vertex 12.5876 -0.507141 7.99
    endloop
  endfacet
  facet normal -0 0 -1
    outer loop
      vertex 12.6591 0.310582 7.99
      vertex 10.9 0 7.99
      vertex 12.6276 0.410423 7.99
    endloop
  endfacet
  facet normal 0 0 -1
    outer loop
      vertex 10.8947 -0.122018 7.99
      vertex 12.5876 -0.507141 7.99
      vertex 12.5392 -0.599999 7.99
    endloop
  endfacet
  facet normal 0 0 -1
    outer loop
      vertex 10.8947 0.122018 7.99
      vertex 12.6276 0.410423 7.99
      vertex 10.9 0 7.99
    endloop
  endfacet
  facet normal 0 0 -1
    outer loop
      vertex 10.8947 -0.122018 7.99
      vertex 12.5392 -0.599999 7.99
      vertex 12.483 -0.688292 7.99
    endloop
  endfacet
  facet normal -0 0 -1
    outer loop
      vertex 12.6276 0.410423 7.99
      vertex 10.8947 0.122018 7.99
      vertex 12.5876 0.507141 7.99
    endloop
  endfacet
  facet normal 0 0 -1
    outer loop
      vertex 10.8947 -0.122018 7.99
      vertex 12.483 -0.688292 7.99
      vertex 12.4193 -0.771344 7.99
    endloop
  endfacet
  facet normal -0 0 -1
    outer loop
      vertex 12.5876 0.507141 7.99
      vertex 10.8947 0.122018 7.99
      vertex 12.5392 0.599999 7.99
    endloop
  endfacet
  facet normal 0 0 -1
    outer loop
      vertex 10.8947 -0.122018 7.99
      vertex 12.4193 -0.771344 7.99
      vertex 12.3485 -0.848528 7.99
    endloop
  endfacet
  facet normal -0 0 -1
    outer loop
      vertex 12.5392 0.599999 7.99
      vertex 10.8947 0.122018 7.99
      vertex 12.483 0.688292 7.99
    endloop
  endfacet
  facet normal 0 0 -1
    outer loop
      vertex 10.8947 -0.122018 7.99
      vertex 12.3485 -0.848528 7.99
      vertex 12.2713 -0.919252 7.99
    endloop
  endfacet
  facet normal -0 0 -1
    outer loop
      vertex 12.483 0.688292 7.99
      vertex 10.8947 0.122018 7.99
      vertex 12.4193 0.771344 7.99
    endloop
  endfacet
  facet normal 0 0 -1
    outer loop
      vertex 10.8947 -0.122018 7.99
      vertex 12.2713 -0.919252 7.99
      vertex 12.1883 -0.982982 7.99
    endloop
  endfacet
  facet normal -0 0 -1
    outer loop
      vertex 12.4193 0.771344 7.99
      vertex 10.8947 0.122018 7.99
      vertex 12.3485 0.848528 7.99
    endloop
  endfacet
  facet normal 0 0 -1
    outer loop
      vertex 10.8787 -0.243107 7.99
      vertex 12.1883 -0.982982 7.99
      vertex 12.1 -1.03923 7.99
    endloop
  endfacet
  facet normal -0 0 -1
    outer loop
      vertex 12.3485 0.848528 7.99
      vertex 10.8947 0.122018 7.99
      vertex 12.2713 0.919252 7.99
    endloop
  endfacet
  facet normal 0 0 -1
    outer loop
      vertex 10.8787 -0.243107 7.99
      vertex 12.1 -1.03923 7.99
      vertex 12.0071 -1.08757 7.99
    endloop
  endfacet
  facet normal -0 0 -1
    outer loop
      vertex 12.2713 0.919252 7.99
      vertex 10.8947 0.122018 7.99
      vertex 12.1883 0.982982 7.99
    endloop
  endfacet
  facet normal 0 0 -1
    outer loop
      vertex 10.8787 -0.243107 7.99
      vertex 12.0071 -1.08757 7.99
      vertex 11.9104 -1.12763 7.99
    endloop
  endfacet
  facet normal 0 0 -1
    outer loop
      vertex 10.8787 0.243107 7.99
      vertex 12.1883 0.982982 7.99
      vertex 10.8947 0.122018 7.99
    endloop
  endfacet
  facet normal 0 0 -1
    outer loop
      vertex 10.8787 -0.243107 7.99
      vertex 11.9104 -1.12763 7.99
      vertex 11.8106 -1.15911 7.99
    endloop
  endfacet
  facet normal -0 0 -1
    outer loop
      vertex 12.1883 0.982982 7.99
      vertex 10.8787 0.243107 7.99
      vertex 12.1 1.03923 7.99
    endloop
  endfacet
  facet normal 0 0 -1
    outer loop
      vertex 10.8787 -0.243107 7.99
      vertex 11.8106 -1.15911 7.99
      vertex 11.7084 -1.18177 7.99
    endloop
  endfacet
  facet normal -0 0 -1
    outer loop
      vertex 12.1 1.03923 7.99
      vertex 10.8787 0.243107 7.99
      vertex 12.0071 1.08757 7.99
    endloop
  endfacet
  facet normal 0 0 -1
    outer loop
      vertex 10.8523 -0.362347 7.99
      vertex 11.7084 -1.18177 7.99
      vertex 11.6046 -1.19543 7.99
    endloop
  endfacet
  facet normal -0 0 -1
    outer loop
      vertex 12.0071 1.08757 7.99
      vertex 10.8787 0.243107 7.99
      vertex 11.9104 1.12763 7.99
    endloop
  endfacet
  facet normal 0 0 -1
    outer loop
      vertex 10.8523 -0.362347 7.99
      vertex 11.6046 -1.19543 7.99
      vertex 11.5 -1.2 7.99
    endloop
  endfacet
  facet normal -0 0 -1
    outer loop
      vertex 11.9104 1.12763 7.99
      vertex 10.8787 0.243107 7.99
      vertex 11.8106 1.15911 7.99
    endloop
  endfacet
  facet normal -0 0 -1
    outer loop
      vertex 11.8106 1.15911 7.99
      vertex 10.8787 0.243107 7.99
      vertex 11.7084 1.18177 7.99
    endloop
  endfacet
  facet normal 0 0 -1
    outer loop
      vertex 12.6276 -0.410423 7.99
      vertex 10.8947 -0.122018 7.99
      vertex 10.9 0 7.99
    endloop
  endfacet
  facet normal 0 0 -1
    outer loop
      vertex 12.1883 -0.982982 7.99
      vertex 10.8787 -0.243107 7.99
      vertex 10.8947 -0.122018 7.99
    endloop
  endfacet
  facet normal 0 0 -1
    outer loop
      vertex 11.7084 -1.18177 7.99
      vertex 10.8523 -0.362347 7.99
      vertex 10.8787 -0.243107 7.99
    endloop
  endfacet
  facet normal 0 0 -1
    outer loop
      vertex 11.5 -1.2 7.99
      vertex 10.8156 -0.478827 7.99
      vertex 10.8523 -0.362347 7.99
    endloop
  endfacet
  facet normal 0 0 -1
    outer loop
      vertex 11.5 -1.2 7.99
      vertex 10.7688 -0.591665 7.99
      vertex 10.8156 -0.478827 7.99
    endloop
  endfacet
  facet normal 0 0 -1
    outer loop
      vertex 11.5 -1.2 7.99
      vertex 10.7124 -0.7 7.99
      vertex 10.7688 -0.591665 7.99
    endloop
  endfacet
  facet normal 0 0 -1
    outer loop
      vertex 11.5 -1.2 7.99
      vertex 10.6468 -0.803006 7.99
      vertex 10.7124 -0.7 7.99
    endloop
  endfacet
  facet normal 0 0 -1
    outer loop
      vertex 11.5 -1.2 7.99
      vertex 10.5725 -0.899902 7.99
      vertex 10.6468 -0.803006 7.99
    endloop
  endfacet
  facet normal 0 0 -1
    outer loop
      vertex 11.5 -1.2 7.99
      vertex 10.4899 -0.989949 7.99
      vertex 10.5725 -0.899902 7.99
    endloop
  endfacet
  facet normal 0 0 -1
    outer loop
      vertex 11.5 -1.2 7.99
      vertex 10.3999 -1.07246 7.99
      vertex 10.4899 -0.989949 7.99
    endloop
  endfacet
  facet normal 0 0 -1
    outer loop
      vertex 11.5 -1.2 7.99
      vertex 10.303 -1.14681 7.99
      vertex 10.3999 -1.07246 7.99
    endloop
  endfacet
  facet normal 0 -0 -1
    outer loop
      vertex 10.303 -1.14681 7.99
      vertex 11.5 -1.2 7.99
      vertex 10.2195 -1.2 7.99
    endloop
  endfacet
  facet normal 0 0 -1
    outer loop
      vertex 10.8523 0.362347 7.99
      vertex 11.7084 1.18177 7.99
      vertex 10.8787 0.243107 7.99
    endloop
  endfacet
  facet normal -0 0 -1
    outer loop
      vertex 11.7084 1.18177 7.99
      vertex 10.8523 0.362347 7.99
      vertex 11.6046 1.19543 7.99
    endloop
  endfacet
  facet normal -0 0 -1
    outer loop
      vertex 11.6046 1.19543 7.99
      vertex 10.8523 0.362347 7.99
      vertex 11.5 1.2 7.99
    endloop
  endfacet
  facet normal 0 0 -1
    outer loop
      vertex 10.8156 0.478827 7.99
      vertex 11.5 1.2 7.99
      vertex 10.8523 0.362347 7.99
    endloop
  endfacet
  facet normal 0 0 -1
    outer loop
      vertex 10.7688 0.591665 7.99
      vertex 11.5 1.2 7.99
      vertex 10.8156 0.478827 7.99
    endloop
  endfacet
  facet normal 0 0 -1
    outer loop
      vertex 10.7124 0.7 7.99
      vertex 11.5 1.2 7.99
      vertex 10.7688 0.591665 7.99
    endloop
  endfacet
  facet normal 0 0 -1
    outer loop
      vertex 10.6468 0.803006 7.99
      vertex 11.5 1.2 7.99
      vertex 10.7124 0.7 7.99
    endloop
  endfacet
  facet normal 0 0 -1
    outer loop
      vertex 10.5725 0.899902 7.99
      vertex 11.5 1.2 7.99
      vertex 10.6468 0.803006 7.99
    endloop
  endfacet
  facet normal 0 0 -1
    outer loop
      vertex 10.4899 0.989949 7.99
      vertex 11.5 1.2 7.99
      vertex 10.5725 0.899902 7.99
    endloop
  endfacet
  facet normal 0 0 -1
    outer loop
      vertex 10.3999 1.07246 7.99
      vertex 11.5 1.2 7.99
      vertex 10.4899 0.989949 7.99
    endloop
  endfacet
  facet normal 0 0 -1
    outer loop
      vertex 10.303 1.14681 7.99
      vertex 11.5 1.2 7.99
      vertex 10.3999 1.07246 7.99
    endloop
  endfacet
  facet normal -0 0 -1
    outer loop
      vertex 11.5 1.2 7.99
      vertex 10.303 1.14681 7.99
      vertex 10.2195 1.2 7.99
    endloop
  endfacet
  facet normal 0.675598 0.73727 -0
    outer loop
      vertex 4.22865 -0.919252 2.99
      vertex 4.15147 -0.848528 7.99
      vertex 4.22865 -0.919252 7.99
    endloop
  endfacet
  facet normal 0.675598 0.73727 0
    outer loop
      vertex 4.15147 -0.848528 7.99
      vertex 4.22865 -0.919252 2.99
      vertex 4.15147 -0.848528 2.99
    endloop
  endfacet
  facet normal 0 1 0
    outer loop
      vertex 11.5 -1.2 7.99
      vertex 10.2195 -1.2 5
      vertex 10.2195 -1.2 7.99
    endloop
  endfacet
  facet normal 0 1 0
    outer loop
      vertex 10.2195 -1.2 5
      vertex 11.5 -1.2 0
      vertex 8.78048 -1.2 5
    endloop
  endfacet
  facet normal 0 1 -0
    outer loop
      vertex 11.5 -1.2 0
      vertex 10.2195 -1.2 5
      vertex 11.5 -1.2 7.99
    endloop
  endfacet
  facet normal 0 1 -0
    outer loop
      vertex 8.78048 -1.2 5
      vertex 5 -1.2 7.99
      vertex 8.78048 -1.2 7.99
    endloop
  endfacet
  facet normal 0 1 0
    outer loop
      vertex 5 -1.2 0
      vertex 8.78048 -1.2 5
      vertex 11.5 -1.2 0
    endloop
  endfacet
  facet normal 0 1 0
    outer loop
      vertex 8.78048 -1.2 5
      vertex 5 -1.2 0
      vertex 5 -1.2 7.99
    endloop
  endfacet
  facet normal -0.216465 -0.97629 0
    outer loop
      vertex 11.7084 1.18177 0
      vertex 11.8106 1.15911 7.99
      vertex 11.7084 1.18177 7.99
    endloop
  endfacet
  facet normal -0.216465 -0.97629 -0
    outer loop
      vertex 11.8106 1.15911 7.99
      vertex 11.7084 1.18177 0
      vertex 11.8106 1.15911 0
    endloop
  endfacet
  facet normal -0.953661 -0.300882 0
    outer loop
      vertex 12.6591 0.310582 0
      vertex 12.6276 0.410423 7.99
      vertex 12.6276 0.410423 0
    endloop
  endfacet
  facet normal -0.953661 -0.300882 0
    outer loop
      vertex 12.6276 0.410423 7.99
      vertex 12.6591 0.310582 0
      vertex 12.6591 0.310582 7.99
    endloop
  endfacet
  facet normal 0.216465 0.97629 -0
    outer loop
      vertex 4.79162 -1.18177 0
      vertex 4.68942 -1.15911 7.99
      vertex 4.79162 -1.18177 7.99
    endloop
  endfacet
  facet normal 0.216465 0.97629 0
    outer loop
      vertex 4.68942 -1.15911 7.99
      vertex 4.79162 -1.18177 0
      vertex 4.68942 -1.15911 0
    endloop
  endfacet
  facet normal 0 -1 0
    outer loop
      vertex 5 1.2 7.99
      vertex 8.78048 1.2 5
      vertex 8.78048 1.2 7.99
    endloop
  endfacet
  facet normal 0 -1 0
    outer loop
      vertex 11.5 1.2 0
      vertex 8.78048 1.2 5
      vertex 5 1.2 0
    endloop
  endfacet
  facet normal 0 -1 0
    outer loop
      vertex 5 1.2 0
      vertex 8.78048 1.2 5
      vertex 5 1.2 7.99
    endloop
  endfacet
  facet normal 0 -1 0
    outer loop
      vertex 10.2195 1.2 5
      vertex 11.5 1.2 7.99
      vertex 10.2195 1.2 7.99
    endloop
  endfacet
  facet normal 0 -1 0
    outer loop
      vertex 10.2195 1.2 5
      vertex 11.5 1.2 0
      vertex 11.5 1.2 7.99
    endloop
  endfacet
  facet normal 0 -1 0
    outer loop
      vertex 8.78048 1.2 5
      vertex 11.5 1.2 0
      vertex 10.2195 1.2 5
    endloop
  endfacet
  facet normal 0.0436528 0.999047 -0
    outer loop
      vertex 5 -1.2 0
      vertex 4.89541 -1.19543 7.99
      vertex 5 -1.2 7.99
    endloop
  endfacet
  facet normal 0.0436528 0.999047 0
    outer loop
      vertex 4.89541 -1.19543 7.99
      vertex 5 -1.2 0
      vertex 4.89541 -1.19543 0
    endloop
  endfacet
  facet normal -0.30082 -0.953681 0
    outer loop
      vertex 11.8106 1.15911 0
      vertex 11.9104 1.12763 7.99
      vertex 11.8106 1.15911 7.99
    endloop
  endfacet
  facet normal -0.30082 -0.953681 -0
    outer loop
      vertex 11.9104 1.12763 7.99
      vertex 11.8106 1.15911 0
      vertex 11.9104 1.12763 0
    endloop
  endfacet
  facet normal 0.537307 -0.843387 0
    outer loop
      vertex 4.31171 0.982982 2.99
      vertex 4.4 1.03923 7.99
      vertex 4.31171 0.982982 7.99
    endloop
  endfacet
  facet normal 0.537263 -0.843415 1.09305e-06
    outer loop
      vertex 4.37764 1.02498 2.99
      vertex 4.4 1.03923 7.99
      vertex 4.31171 0.982982 2.99
    endloop
  endfacet
  facet normal 0.537437 -0.843304 0
    outer loop
      vertex 4.4 1.03923 0
      vertex 4.37764 1.02498 2.99
      vertex 4.37764 1.02498 0
    endloop
  endfacet
  facet normal 0.537437 -0.843304 0
    outer loop
      vertex 4.37764 1.02498 2.99
      vertex 4.4 1.03923 0
      vertex 4.4 1.03923 7.99
    endloop
  endfacet
  facet normal -0.736926 -0.675974 0
    outer loop
      vertex 12.4193 0.771344 0
      vertex 12.3485 0.848528 7.99
      vertex 12.3485 0.848528 0
    endloop
  endfacet
  facet normal -0.736926 -0.675974 0
    outer loop
      vertex 12.3485 0.848528 7.99
      vertex 12.4193 0.771344 0
      vertex 12.4193 0.771344 7.99
    endloop
  endfacet
  facet normal 0.537307 0.843387 8.16201e-07
    outer loop
      vertex 4.4 -1.03923 7.99
      vertex 4.37764 -1.02498 2.99
      vertex 4.31171 -0.982982 7.99
    endloop
  endfacet
  facet normal 0.537437 0.843304 -0
    outer loop
      vertex 4.4 -1.03923 0
      vertex 4.37764 -1.02498 2.99
      vertex 4.4 -1.03923 7.99
    endloop
  endfacet
  facet normal 0.537437 0.843304 0
    outer loop
      vertex 4.37764 -1.02498 2.99
      vertex 4.4 -1.03923 0
      vertex 4.37764 -1.02498 0
    endloop
  endfacet
  facet normal 0.537263 0.843415 0
    outer loop
      vertex 4.31171 -0.982982 7.99
      vertex 4.37764 -1.02498 2.99
      vertex 4.31171 -0.982982 2.99
    endloop
  endfacet
  facet normal 0.99145 -0.130487 0
    outer loop
      vertex 3.80457 0.104587 7.99
      vertex 3.81823 0.208377 2.99
      vertex 3.81823 0.208377 7.99
    endloop
  endfacet
  facet normal 0.99145 -0.130487 0
    outer loop
      vertex 3.81823 0.208377 2.99
      vertex 3.80457 0.104587 7.99
      vertex 3.80457 0.104587 2.99
    endloop
  endfacet
  facet normal 0.843386 0.537307 0
    outer loop
      vertex 4.01702 -0.688292 7.99
      vertex 3.96077 -0.599999 2.99
      vertex 3.96077 -0.599999 7.99
    endloop
  endfacet
  facet normal 0.843386 0.537307 0
    outer loop
      vertex 3.96077 -0.599999 2.99
      vertex 4.01702 -0.688292 7.99
      vertex 4.01702 -0.688292 2.99
    endloop
  endfacet
  facet normal 0.130487 -0.99145 0
    outer loop
      vertex 4.79162 1.18177 0
      vertex 4.89541 1.19543 7.99
      vertex 4.79162 1.18177 7.99
    endloop
  endfacet
  facet normal 0.130487 -0.99145 0
    outer loop
      vertex 4.89541 1.19543 7.99
      vertex 4.79162 1.18177 0
      vertex 4.89541 1.19543 0
    endloop
  endfacet
  facet normal -0.924089 -0.382179 0
    outer loop
      vertex 12.6276 0.410423 0
      vertex 12.5876 0.507141 7.99
      vertex 12.5876 0.507141 0
    endloop
  endfacet
  facet normal -0.924089 -0.382179 0
    outer loop
      vertex 12.5876 0.507141 7.99
      vertex 12.6276 0.410423 0
      vertex 12.6276 0.410423 7.99
    endloop
  endfacet
  facet normal -0.886771 0.462208 0
    outer loop
      vertex 12.5392 -0.599999 0
      vertex 12.5876 -0.507141 7.99
      vertex 12.5876 -0.507141 0
    endloop
  endfacet
  facet normal -0.886771 0.462208 0
    outer loop
      vertex 12.5876 -0.507141 7.99
      vertex 12.5392 -0.599999 0
      vertex 12.5392 -0.599999 7.99
    endloop
  endfacet
  facet normal -0.924089 0.382179 0
    outer loop
      vertex 12.5876 -0.507141 0
      vertex 12.6276 -0.410423 7.99
      vertex 12.6276 -0.410423 0
    endloop
  endfacet
  facet normal -0.924089 0.382179 0
    outer loop
      vertex 12.6276 -0.410423 7.99
      vertex 12.5876 -0.507141 0
      vertex 12.5876 -0.507141 7.99
    endloop
  endfacet
  facet normal -0.461593 0.887092 0
    outer loop
      vertex 12.1 -1.03923 0
      vertex 12.0071 -1.08757 7.99
      vertex 12.1 -1.03923 7.99
    endloop
  endfacet
  facet normal -0.461593 0.887092 0
    outer loop
      vertex 12.0071 -1.08757 7.99
      vertex 12.1 -1.03923 0
      vertex 12.0071 -1.08757 0
    endloop
  endfacet
  facet normal -0.0436486 -0.999047 0
    outer loop
      vertex 11.5 1.2 0
      vertex 11.6046 1.19543 7.99
      vertex 11.5 1.2 7.99
    endloop
  endfacet
  facet normal -0.0436486 -0.999047 -0
    outer loop
      vertex 11.6046 1.19543 7.99
      vertex 11.5 1.2 0
      vertex 11.6046 1.19543 0
    endloop
  endfacet
  facet normal 0.608736 0.793373 -0
    outer loop
      vertex 4.31171 -0.982982 2.99
      vertex 4.22865 -0.919252 7.99
      vertex 4.31171 -0.982982 7.99
    endloop
  endfacet
  facet normal 0.608736 0.793373 0
    outer loop
      vertex 4.22865 -0.919252 7.99
      vertex 4.31171 -0.982982 2.99
      vertex 4.22865 -0.919252 2.99
    endloop
  endfacet
  facet normal 0.953716 -0.300708 0
    outer loop
      vertex 3.84089 0.310582 7.99
      vertex 3.87237 0.410423 2.99
      vertex 3.87237 0.410423 7.99
    endloop
  endfacet
  facet normal 0.953716 -0.300708 0
    outer loop
      vertex 3.87237 0.410423 2.99
      vertex 3.84089 0.310582 7.99
      vertex 3.84089 0.310582 2.99
    endloop
  endfacet
  facet normal 0.923886 -0.382668 0
    outer loop
      vertex 3.87237 0.410423 7.99
      vertex 3.91243 0.507141 2.99
      vertex 3.91243 0.507141 7.99
    endloop
  endfacet
  facet normal 0.923886 -0.382668 0
    outer loop
      vertex 3.91243 0.507141 2.99
      vertex 3.87237 0.410423 7.99
      vertex 3.87237 0.410423 2.99
    endloop
  endfacet
  facet normal -0.991524 0.129923 0
    outer loop
      vertex 12.6818 -0.208377 0
      vertex 12.6954 -0.104587 7.99
      vertex 12.6954 -0.104587 0
    endloop
  endfacet
  facet normal -0.991524 0.129923 0
    outer loop
      vertex 12.6954 -0.104587 7.99
      vertex 12.6818 -0.208377 0
      vertex 12.6818 -0.208377 7.99
    endloop
  endfacet
  facet normal -0.130474 -0.991452 0
    outer loop
      vertex 11.6046 1.19543 0
      vertex 11.7084 1.18177 7.99
      vertex 11.6046 1.19543 7.99
    endloop
  endfacet
  facet normal -0.130474 -0.991452 -0
    outer loop
      vertex 11.7084 1.18177 7.99
      vertex 11.6046 1.19543 0
      vertex 11.7084 1.18177 0
    endloop
  endfacet
  facet normal -0.953661 0.300882 0
    outer loop
      vertex 12.6276 -0.410423 0
      vertex 12.6591 -0.310582 7.99
      vertex 12.6591 -0.310582 0
    endloop
  endfacet
  facet normal -0.953661 0.300882 0
    outer loop
      vertex 12.6591 -0.310582 7.99
      vertex 12.6276 -0.410423 0
      vertex 12.6276 -0.410423 7.99
    endloop
  endfacet
  facet normal -0.999034 0.04394 0
    outer loop
      vertex 12.6954 -0.104587 0
      vertex 12.7 0 7.99
      vertex 12.7 0 0
    endloop
  endfacet
  facet normal -0.999034 0.04394 0
    outer loop
      vertex 12.7 0 7.99
      vertex 12.6954 -0.104587 0
      vertex 12.6954 -0.104587 7.99
    endloop
  endfacet
  facet normal -0.976212 0.216819 0
    outer loop
      vertex 12.6591 -0.310582 0
      vertex 12.6818 -0.208377 7.99
      vertex 12.6818 -0.208377 0
    endloop
  endfacet
  facet normal -0.976212 0.216819 0
    outer loop
      vertex 12.6818 -0.208377 7.99
      vertex 12.6591 -0.310582 0
      vertex 12.6591 -0.310582 7.99
    endloop
  endfacet
  facet normal 0.300711 -0.953715 0
    outer loop
      vertex 4.58958 1.12763 0
      vertex 4.68942 1.15911 7.99
      vertex 4.58958 1.12763 7.99
    endloop
  endfacet
  facet normal 0.300711 -0.953715 0
    outer loop
      vertex 4.68942 1.15911 7.99
      vertex 4.58958 1.12763 0
      vertex 4.68942 1.15911 0
    endloop
  endfacet
  facet normal -0.843603 -0.536968 0
    outer loop
      vertex 12.5392 0.599999 0
      vertex 12.483 0.688292 7.99
      vertex 12.483 0.688292 0
    endloop
  endfacet
  facet normal -0.843603 -0.536968 0
    outer loop
      vertex 12.483 0.688292 7.99
      vertex 12.5392 0.599999 0
      vertex 12.5392 0.599999 7.99
    endloop
  endfacet
  facet normal -0.843603 0.536968 0
    outer loop
      vertex 12.483 -0.688292 0
      vertex 12.5392 -0.599999 7.99
      vertex 12.5392 -0.599999 0
    endloop
  endfacet
  facet normal -0.843603 0.536968 0
    outer loop
      vertex 12.5392 -0.599999 7.99
      vertex 12.483 -0.688292 0
      vertex 12.483 -0.688292 7.99
    endloop
  endfacet
  facet normal -0.675503 0.737357 0
    outer loop
      vertex 12.3485 -0.848528 0
      vertex 12.2713 -0.919252 7.99
      vertex 12.3485 -0.848528 7.99
    endloop
  endfacet
  facet normal -0.675503 0.737357 0
    outer loop
      vertex 12.2713 -0.919252 7.99
      vertex 12.3485 -0.848528 0
      vertex 12.2713 -0.919252 0
    endloop
  endfacet
  facet normal -0.886771 -0.462208 0
    outer loop
      vertex 12.5876 0.507141 0
      vertex 12.5392 0.599999 7.99
      vertex 12.5392 0.599999 0
    endloop
  endfacet
  facet normal -0.886771 -0.462208 0
    outer loop
      vertex 12.5392 0.599999 7.99
      vertex 12.5876 0.507141 0
      vertex 12.5876 0.507141 7.99
    endloop
  endfacet
  facet normal 0.99145 0.130487 0
    outer loop
      vertex 3.81823 -0.208377 7.99
      vertex 3.80457 -0.104587 2.99
      vertex 3.80457 -0.104587 7.99
    endloop
  endfacet
  facet normal 0.99145 0.130487 0
    outer loop
      vertex 3.80457 -0.104587 2.99
      vertex 3.81823 -0.208377 7.99
      vertex 3.81823 -0.208377 2.99
    endloop
  endfacet
  facet normal 0.737306 -0.675559 0
    outer loop
      vertex 4.08075 0.771344 7.99
      vertex 4.15147 0.848528 2.99
      vertex 4.15147 0.848528 7.99
    endloop
  endfacet
  facet normal 0.737306 -0.675559 0
    outer loop
      vertex 4.15147 0.848528 2.99
      vertex 4.08075 0.771344 7.99
      vertex 4.08075 0.771344 2.99
    endloop
  endfacet
  facet normal -0.999034 -0.04394 0
    outer loop
      vertex 12.7 0 0
      vertex 12.6954 0.104587 7.99
      vertex 12.6954 0.104587 0
    endloop
  endfacet
  facet normal -0.999034 -0.04394 0
    outer loop
      vertex 12.6954 0.104587 7.99
      vertex 12.7 0 0
      vertex 12.7 0 7.99
    endloop
  endfacet
  facet normal -0.991524 -0.129923 0
    outer loop
      vertex 12.6954 0.104587 0
      vertex 12.6818 0.208377 7.99
      vertex 12.6818 0.208377 0
    endloop
  endfacet
  facet normal -0.991524 -0.129923 0
    outer loop
      vertex 12.6818 0.208377 7.99
      vertex 12.6954 0.104587 0
      vertex 12.6954 0.104587 7.99
    endloop
  endfacet
  facet normal 0.130487 0.99145 -0
    outer loop
      vertex 4.89541 -1.19543 0
      vertex 4.79162 -1.18177 7.99
      vertex 4.89541 -1.19543 7.99
    endloop
  endfacet
  facet normal 0.130487 0.99145 0
    outer loop
      vertex 4.79162 -1.18177 7.99
      vertex 4.89541 -1.19543 0
      vertex 4.79162 -1.18177 0
    endloop
  endfacet
  facet normal 0.46175 0.88701 -0
    outer loop
      vertex 4.49286 -1.08757 0
      vertex 4.4 -1.03923 7.99
      vertex 4.49286 -1.08757 7.99
    endloop
  endfacet
  facet normal 0.46175 0.88701 0
    outer loop
      vertex 4.4 -1.03923 7.99
      vertex 4.49286 -1.08757 0
      vertex 4.4 -1.03923 0
    endloop
  endfacet
  facet normal 0.382661 -0.923889 0
    outer loop
      vertex 4.49286 1.08757 0
      vertex 4.58958 1.12763 7.99
      vertex 4.49286 1.08757 7.99
    endloop
  endfacet
  facet normal 0.382661 -0.923889 0
    outer loop
      vertex 4.58958 1.12763 7.99
      vertex 4.49286 1.08757 0
      vertex 4.58958 1.12763 0
    endloop
  endfacet
  facet normal -0.976212 -0.216819 0
    outer loop
      vertex 12.6818 0.208377 0
      vertex 12.6591 0.310582 7.99
      vertex 12.6591 0.310582 0
    endloop
  endfacet
  facet normal -0.976212 -0.216819 0
    outer loop
      vertex 12.6591 0.310582 7.99
      vertex 12.6818 0.208377 0
      vertex 12.6818 0.208377 7.99
    endloop
  endfacet
  facet normal 0.793344 0.608773 0
    outer loop
      vertex 4.08075 -0.771344 7.99
      vertex 4.01702 -0.688292 2.99
      vertex 4.01702 -0.688292 7.99
    endloop
  endfacet
  facet normal 0.793344 0.608773 0
    outer loop
      vertex 4.01702 -0.688292 2.99
      vertex 4.08075 -0.771344 7.99
      vertex 4.08075 -0.771344 2.99
    endloop
  endfacet
  facet normal 0.46175 -0.88701 0
    outer loop
      vertex 4.4 1.03923 0
      vertex 4.49286 1.08757 7.99
      vertex 4.4 1.03923 7.99
    endloop
  endfacet
  facet normal 0.46175 -0.88701 0
    outer loop
      vertex 4.49286 1.08757 7.99
      vertex 4.4 1.03923 0
      vertex 4.49286 1.08757 0
    endloop
  endfacet
  facet normal 0.887006 0.461758 0
    outer loop
      vertex 3.96077 -0.599999 7.99
      vertex 3.91243 -0.507141 2.99
      vertex 3.91243 -0.507141 7.99
    endloop
  endfacet
  facet normal 0.887006 0.461758 0
    outer loop
      vertex 3.91243 -0.507141 2.99
      vertex 3.96077 -0.599999 7.99
      vertex 3.96077 -0.599999 2.99
    endloop
  endfacet
  facet normal 0.999047 -0.043654 0
    outer loop
      vertex 3.8 0 7.99
      vertex 3.80457 0.104587 2.99
      vertex 3.80457 0.104587 7.99
    endloop
  endfacet
  facet normal 0.999047 -0.043654 0
    outer loop
      vertex 3.80457 0.104587 2.99
      vertex 3.8 0 7.99
      vertex 3.8 0 2.99
    endloop
  endfacet
  facet normal 0.999047 0.043654 0
    outer loop
      vertex 3.80457 -0.104587 7.99
      vertex 3.8 0 2.99
      vertex 3.8 0 7.99
    endloop
  endfacet
  facet normal 0.999047 0.043654 0
    outer loop
      vertex 3.8 0 2.99
      vertex 3.80457 -0.104587 7.99
      vertex 3.80457 -0.104587 2.99
    endloop
  endfacet
  facet normal -0.537264 0.843414 0
    outer loop
      vertex 12.1883 -0.982982 0
      vertex 12.1 -1.03923 7.99
      vertex 12.1883 -0.982982 7.99
    endloop
  endfacet
  facet normal -0.537264 0.843414 0
    outer loop
      vertex 12.1 -1.03923 7.99
      vertex 12.1883 -0.982982 0
      vertex 12.1 -1.03923 0
    endloop
  endfacet
  facet normal 0.737306 0.675559 0
    outer loop
      vertex 4.15147 -0.848528 7.99
      vertex 4.08075 -0.771344 2.99
      vertex 4.08075 -0.771344 7.99
    endloop
  endfacet
  facet normal 0.737306 0.675559 0
    outer loop
      vertex 4.08075 -0.771344 2.99
      vertex 4.15147 -0.848528 7.99
      vertex 4.15147 -0.848528 2.99
    endloop
  endfacet
  facet normal 0.953716 0.300708 0
    outer loop
      vertex 3.87237 -0.410423 7.99
      vertex 3.84089 -0.310582 2.99
      vertex 3.84089 -0.310582 7.99
    endloop
  endfacet
  facet normal 0.953716 0.300708 0
    outer loop
      vertex 3.84089 -0.310582 2.99
      vertex 3.87237 -0.410423 7.99
      vertex 3.87237 -0.410423 2.99
    endloop
  endfacet
  facet normal -0.609013 0.79316 0
    outer loop
      vertex 12.2713 -0.919252 0
      vertex 12.1883 -0.982982 7.99
      vertex 12.2713 -0.919252 7.99
    endloop
  endfacet
  facet normal -0.609013 0.79316 0
    outer loop
      vertex 12.1883 -0.982982 7.99
      vertex 12.2713 -0.919252 0
      vertex 12.1883 -0.982982 0
    endloop
  endfacet
  facet normal -0.382729 -0.923861 0
    outer loop
      vertex 11.9104 1.12763 0
      vertex 12.0071 1.08757 7.99
      vertex 11.9104 1.12763 7.99
    endloop
  endfacet
  facet normal -0.382729 -0.923861 -0
    outer loop
      vertex 12.0071 1.08757 7.99
      vertex 11.9104 1.12763 0
      vertex 12.0071 1.08757 0
    endloop
  endfacet
  facet normal -0.461593 -0.887092 0
    outer loop
      vertex 12.0071 1.08757 0
      vertex 12.1 1.03923 7.99
      vertex 12.0071 1.08757 7.99
    endloop
  endfacet
  facet normal -0.461593 -0.887092 -0
    outer loop
      vertex 12.1 1.03923 7.99
      vertex 12.0071 1.08757 0
      vertex 12.1 1.03923 0
    endloop
  endfacet
  facet normal -0.609013 -0.79316 0
    outer loop
      vertex 12.1883 0.982982 0
      vertex 12.2713 0.919252 7.99
      vertex 12.1883 0.982982 7.99
    endloop
  endfacet
  facet normal -0.609013 -0.79316 -0
    outer loop
      vertex 12.2713 0.919252 7.99
      vertex 12.1883 0.982982 0
      vertex 12.2713 0.919252 0
    endloop
  endfacet
  facet normal 0.887006 -0.461758 0
    outer loop
      vertex 3.91243 0.507141 7.99
      vertex 3.96077 0.599999 2.99
      vertex 3.96077 0.599999 7.99
    endloop
  endfacet
  facet normal 0.887006 -0.461758 0
    outer loop
      vertex 3.96077 0.599999 2.99
      vertex 3.91243 0.507141 7.99
      vertex 3.91243 0.507141 2.99
    endloop
  endfacet
  facet normal 0.976293 0.216455 0
    outer loop
      vertex 3.84089 -0.310582 7.99
      vertex 3.81823 -0.208377 2.99
      vertex 3.81823 -0.208377 7.99
    endloop
  endfacet
  facet normal 0.976293 0.216455 0
    outer loop
      vertex 3.81823 -0.208377 2.99
      vertex 3.84089 -0.310582 7.99
      vertex 3.84089 -0.310582 2.99
    endloop
  endfacet
  facet normal 0.923886 0.382668 0
    outer loop
      vertex 3.91243 -0.507141 7.99
      vertex 3.87237 -0.410423 2.99
      vertex 3.87237 -0.410423 7.99
    endloop
  endfacet
  facet normal 0.923886 0.382668 0
    outer loop
      vertex 3.87237 -0.410423 2.99
      vertex 3.91243 -0.507141 7.99
      vertex 3.91243 -0.507141 2.99
    endloop
  endfacet
  facet normal -0.736926 0.675974 0
    outer loop
      vertex 12.3485 -0.848528 0
      vertex 12.4193 -0.771344 7.99
      vertex 12.4193 -0.771344 0
    endloop
  endfacet
  facet normal -0.736926 0.675974 0
    outer loop
      vertex 12.4193 -0.771344 7.99
      vertex 12.3485 -0.848528 0
      vertex 12.3485 -0.848528 7.99
    endloop
  endfacet
  facet normal 0.675598 -0.73727 0
    outer loop
      vertex 4.15147 0.848528 2.99
      vertex 4.22865 0.919252 7.99
      vertex 4.15147 0.848528 7.99
    endloop
  endfacet
  facet normal 0.675598 -0.73727 0
    outer loop
      vertex 4.22865 0.919252 7.99
      vertex 4.15147 0.848528 2.99
      vertex 4.22865 0.919252 2.99
    endloop
  endfacet
  facet normal -0.793483 -0.608593 0
    outer loop
      vertex 12.483 0.688292 0
      vertex 12.4193 0.771344 7.99
      vertex 12.4193 0.771344 0
    endloop
  endfacet
  facet normal -0.793483 -0.608593 0
    outer loop
      vertex 12.4193 0.771344 7.99
      vertex 12.483 0.688292 0
      vertex 12.483 0.688292 7.99
    endloop
  endfacet
  facet normal -0.675503 -0.737357 0
    outer loop
      vertex 12.2713 0.919252 0
      vertex 12.3485 0.848528 7.99
      vertex 12.2713 0.919252 7.99
    endloop
  endfacet
  facet normal -0.675503 -0.737357 -0
    outer loop
      vertex 12.3485 0.848528 7.99
      vertex 12.2713 0.919252 0
      vertex 12.3485 0.848528 0
    endloop
  endfacet
  facet normal 0.843386 -0.537307 0
    outer loop
      vertex 3.96077 0.599999 7.99
      vertex 4.01702 0.688292 2.99
      vertex 4.01702 0.688292 7.99
    endloop
  endfacet
  facet normal 0.843386 -0.537307 0
    outer loop
      vertex 4.01702 0.688292 2.99
      vertex 3.96077 0.599999 7.99
      vertex 3.96077 0.599999 2.99
    endloop
  endfacet
  facet normal 0.608736 -0.793373 0
    outer loop
      vertex 4.22865 0.919252 2.99
      vertex 4.31171 0.982982 7.99
      vertex 4.22865 0.919252 7.99
    endloop
  endfacet
  facet normal 0.608736 -0.793373 0
    outer loop
      vertex 4.31171 0.982982 7.99
      vertex 4.22865 0.919252 2.99
      vertex 4.31171 0.982982 2.99
    endloop
  endfacet
  facet normal 0.793344 -0.608773 0
    outer loop
      vertex 4.01702 0.688292 7.99
      vertex 4.08075 0.771344 2.99
      vertex 4.08075 0.771344 7.99
    endloop
  endfacet
  facet normal 0.793344 -0.608773 0
    outer loop
      vertex 4.08075 0.771344 2.99
      vertex 4.01702 0.688292 7.99
      vertex 4.01702 0.688292 2.99
    endloop
  endfacet
  facet normal -0.130474 -0.991452 0
    outer loop
      vertex 8.23631 9.32716 0
      vertex 8.34011 9.3135 7.99
      vertex 8.23631 9.32716 7.99
    endloop
  endfacet
  facet normal -0.130474 -0.991452 -0
    outer loop
      vertex 8.34011 9.3135 7.99
      vertex 8.23631 9.32716 0
      vertex 8.34011 9.3135 0
    endloop
  endfacet
  facet normal 0.737241 -0.675629 0
    outer loop
      vertex 2.61628 4.30688 7.99
      vertex 2.68701 4.38406 0
      vertex 2.68701 4.38406 7.99
    endloop
  endfacet
  facet normal 0.737241 -0.675629 0
    outer loop
      vertex 2.68701 4.38406 0
      vertex 2.61628 4.30688 7.99
      vertex 2.61628 4.30688 0
    endloop
  endfacet
  facet normal -0.793373 0.608736 0
    outer loop
      vertex 9.05098 7.36038 0
      vertex 9.11471 7.44344 7.99
      vertex 9.11471 7.44344 0
    endloop
  endfacet
  facet normal -0.793373 0.608736 0
    outer loop
      vertex 9.11471 7.44344 7.99
      vertex 9.05098 7.36038 0
      vertex 9.05098 7.36038 7.99
    endloop
  endfacet
  facet normal -0.923875 0.382695 0
    outer loop
      vertex 9.2193 7.62459 0
      vertex 9.25936 7.7213 7.99
      vertex 9.25936 7.7213 0
    endloop
  endfacet
  facet normal -0.923875 0.382695 0
    outer loop
      vertex 9.25936 7.7213 7.99
      vertex 9.2193 7.62459 0
      vertex 9.2193 7.62459 7.99
    endloop
  endfacet
  facet normal -0.67553 -0.737333 0
    outer loop
      vertex 8.90307 9.05098 0
      vertex 8.98026 8.98026 7.99
      vertex 8.90307 9.05098 7.99
    endloop
  endfacet
  facet normal -0.67553 -0.737333 -0
    outer loop
      vertex 8.98026 8.98026 7.99
      vertex 8.90307 9.05098 0
      vertex 8.98026 8.98026 0
    endloop
  endfacet
  facet normal -0.843378 0.53732 0
    outer loop
      vertex 9.11471 7.44344 0
      vertex 9.17096 7.53173 7.99
      vertex 9.17096 7.53173 0
    endloop
  endfacet
  facet normal -0.843378 0.53732 0
    outer loop
      vertex 9.17096 7.53173 7.99
      vertex 9.11471 7.44344 0
      vertex 9.11471 7.44344 7.99
    endloop
  endfacet
  facet normal -0.461789 0.88699 0
    outer loop
      vertex 4.13553 2.4963 0
      vertex 4.04268 2.44796 7.99
      vertex 4.13553 2.4963 7.99
    endloop
  endfacet
  facet normal -0.461789 0.88699 0
    outer loop
      vertex 4.04268 2.44796 7.99
      vertex 4.13553 2.4963 0
      vertex 4.04268 2.44796 0
    endloop
  endfacet
  facet normal 0.53732 0.843378 -0
    outer loop
      vertex 2.93553 2.4963 2.99
      vertex 2.84724 2.55255 7.99
      vertex 2.93553 2.4963 7.99
    endloop
  endfacet
  facet normal 0.53732 0.843378 0
    outer loop
      vertex 2.84724 2.55255 7.99
      vertex 2.93553 2.4963 2.99
      vertex 2.84724 2.55255 2.99
    endloop
  endfacet
  facet normal -0.88701 0.46175 0
    outer loop
      vertex 9.17096 7.53173 0
      vertex 9.2193 7.62459 7.99
      vertex 9.2193 7.62459 0
    endloop
  endfacet
  facet normal -0.88701 0.46175 0
    outer loop
      vertex 9.2193 7.62459 7.99
      vertex 9.17096 7.53173 0
      vertex 9.17096 7.53173 7.99
    endloop
  endfacet
  facet normal 0.923889 0.382661 0
    outer loop
      vertex 2.44796 3.02839 7.99
      vertex 2.4079 3.12511 2.99
      vertex 2.4079 3.12511 7.99
    endloop
  endfacet
  facet normal 0.923889 0.382661 0
    outer loop
      vertex 2.4079 3.12511 2.99
      vertex 2.44796 3.02839 7.99
      vertex 2.44796 3.02839 2.99
    endloop
  endfacet
  facet normal -0.53732 -0.843378 0
    outer loop
      vertex 8.73173 9.17096 0
      vertex 8.82002 9.11471 7.99
      vertex 8.73173 9.17096 7.99
    endloop
  endfacet
  facet normal -0.53732 -0.843378 -0
    outer loop
      vertex 8.82002 9.11471 7.99
      vertex 8.73173 9.17096 0
      vertex 8.82002 9.11471 0
    endloop
  endfacet
  facet normal -0.608782 -0.793337 0
    outer loop
      vertex 8.82002 9.11471 0
      vertex 8.90307 9.05098 7.99
      vertex 8.82002 9.11471 7.99
    endloop
  endfacet
  facet normal -0.608782 -0.793337 -0
    outer loop
      vertex 8.90307 9.05098 7.99
      vertex 8.82002 9.11471 0
      vertex 8.90307 9.05098 0
    endloop
  endfacet
  facet normal -0.707106 0.707108 0
    outer loop
      vertex 4.38406 2.68701 0
      vertex 8.98026 7.2832 7.99
      vertex 8.98026 7.2832 0
    endloop
  endfacet
  facet normal -0.707106 0.707108 0
    outer loop
      vertex 8.98026 7.2832 7.99
      vertex 4.38406 2.68701 0
      vertex 4.38406 2.68701 7.99
    endloop
  endfacet
  facet normal 0.53732 -0.843378 0
    outer loop
      vertex 7.44344 9.11471 0
      vertex 7.53173 9.17096 7.99
      vertex 7.44344 9.11471 7.99
    endloop
  endfacet
  facet normal 0.53732 -0.843378 0
    outer loop
      vertex 7.53173 9.17096 7.99
      vertex 7.44344 9.11471 0
      vertex 7.53173 9.17096 0
    endloop
  endfacet
  facet normal -0.382661 -0.923889 0
    outer loop
      vertex 8.54215 9.25936 0
      vertex 8.63887 9.2193 7.99
      vertex 8.54215 9.25936 7.99
    endloop
  endfacet
  facet normal -0.382661 -0.923889 -0
    outer loop
      vertex 8.63887 9.2193 7.99
      vertex 8.54215 9.25936 0
      vertex 8.63887 9.2193 0
    endloop
  endfacet
  facet normal -0.88701 -0.46175 0
    outer loop
      vertex 9.2193 8.63887 0
      vertex 9.17096 8.73173 7.99
      vertex 9.17096 8.73173 0
    endloop
  endfacet
  facet normal -0.88701 -0.46175 0
    outer loop
      vertex 9.17096 8.73173 7.99
      vertex 9.2193 8.63887 0
      vertex 9.2193 8.63887 7.99
    endloop
  endfacet
  facet normal 0.300711 0.953715 -0
    outer loop
      vertex 3.22495 2.37642 2.99
      vertex 3.12511 2.4079 7.99
      vertex 3.22495 2.37642 7.99
    endloop
  endfacet
  facet normal 0.300711 0.953715 0
    outer loop
      vertex 3.12511 2.4079 7.99
      vertex 3.22495 2.37642 2.99
      vertex 3.12511 2.4079 2.99
    endloop
  endfacet
  facet normal 0.953715 0.300711 0
    outer loop
      vertex 2.4079 3.12511 7.99
      vertex 2.37642 3.22495 2.99
      vertex 2.37642 3.22495 7.99
    endloop
  endfacet
  facet normal 0.953715 0.300711 0
    outer loop
      vertex 2.37642 3.22495 2.99
      vertex 2.4079 3.12511 7.99
      vertex 2.4079 3.12511 2.99
    endloop
  endfacet
  facet normal 0.99145 -0.130487 0
    outer loop
      vertex 2.3401 3.64012 7.99
      vertex 2.35376 3.74391 2.99
      vertex 2.35376 3.74391 7.99
    endloop
  endfacet
  facet normal 0.99145 -0.130487 0
    outer loop
      vertex 2.35376 3.74391 2.99
      vertex 2.3401 3.64012 7.99
      vertex 2.3401 3.64012 2.99
    endloop
  endfacet
  facet normal 0.707108 -0.707106 0
    outer loop
      vertex 2.68701 4.38406 7.99
      vertex 7.2832 8.98026 0
      vertex 7.2832 8.98026 7.99
    endloop
  endfacet
  facet normal 0.707108 -0.707106 0
    outer loop
      vertex 7.2832 8.98026 0
      vertex 2.68701 4.38406 7.99
      vertex 2.68701 4.38406 0
    endloop
  endfacet
  facet normal 0.46175 -0.88701 0
    outer loop
      vertex 7.53173 9.17096 0
      vertex 7.62459 9.2193 7.99
      vertex 7.53173 9.17096 7.99
    endloop
  endfacet
  facet normal 0.46175 -0.88701 0
    outer loop
      vertex 7.62459 9.2193 7.99
      vertex 7.53173 9.17096 0
      vertex 7.62459 9.2193 0
    endloop
  endfacet
  facet normal 0.382661 0.923889 -0
    outer loop
      vertex 3.12511 2.4079 2.99
      vertex 3.02839 2.44796 7.99
      vertex 3.12511 2.4079 7.99
    endloop
  endfacet
  facet normal 0.382661 0.923889 0
    outer loop
      vertex 3.02839 2.44796 7.99
      vertex 3.12511 2.4079 2.99
      vertex 3.02839 2.44796 2.99
    endloop
  endfacet
  facet normal -0.537277 0.843406 0
    outer loop
      vertex 4.22383 2.55255 0
      vertex 4.13553 2.4963 7.99
      vertex 4.22383 2.55255 7.99
    endloop
  endfacet
  facet normal -0.537277 0.843406 0
    outer loop
      vertex 4.13553 2.4963 7.99
      vertex 4.22383 2.55255 0
      vertex 4.13553 2.4963 0
    endloop
  endfacet
  facet normal -0.737289 0.675578 0
    outer loop
      vertex 8.98026 7.2832 0
      vertex 9.05098 7.36038 7.99
      vertex 9.05098 7.36038 0
    endloop
  endfacet
  facet normal -0.737289 0.675578 0
    outer loop
      vertex 9.05098 7.36038 7.99
      vertex 8.98026 7.2832 0
      vertex 8.98026 7.2832 7.99
    endloop
  endfacet
  facet normal -0.216465 -0.97629 0
    outer loop
      vertex 8.34011 9.3135 0
      vertex 8.44231 9.29084 7.99
      vertex 8.34011 9.3135 7.99
    endloop
  endfacet
  facet normal -0.216465 -0.97629 -0
    outer loop
      vertex 8.44231 9.29084 7.99
      vertex 8.34011 9.3135 0
      vertex 8.44231 9.29084 0
    endloop
  endfacet
  facet normal -0.675629 0.737241 0
    outer loop
      vertex 4.38406 2.68701 0
      vertex 4.30688 2.61628 7.99
      vertex 4.38406 2.68701 7.99
    endloop
  endfacet
  facet normal -0.675629 0.737241 0
    outer loop
      vertex 4.30688 2.61628 7.99
      vertex 4.38406 2.68701 0
      vertex 4.30688 2.61628 0
    endloop
  endfacet
  facet normal 0.793337 -0.608782 0
    outer loop
      vertex 2.55255 4.22383 7.99
      vertex 2.61628 4.30688 0
      vertex 2.61628 4.30688 7.99
    endloop
  endfacet
  facet normal 0.793337 -0.608782 0
    outer loop
      vertex 2.61628 4.30688 0
      vertex 2.55255 4.22383 7.99
      vertex 2.55255 4.22383 0
    endloop
  endfacet
  facet normal 0.382695 -0.923875 0
    outer loop
      vertex 7.62459 9.2193 0
      vertex 7.7213 9.25936 7.99
      vertex 7.62459 9.2193 7.99
    endloop
  endfacet
  facet normal 0.382695 -0.923875 0
    outer loop
      vertex 7.7213 9.25936 7.99
      vertex 7.62459 9.2193 0
      vertex 7.7213 9.25936 0
    endloop
  endfacet
  facet normal -0.300711 -0.953715 0
    outer loop
      vertex 8.44231 9.29084 0
      vertex 8.54215 9.25936 7.99
      vertex 8.44231 9.29084 7.99
    endloop
  endfacet
  facet normal -0.300711 -0.953715 -0
    outer loop
      vertex 8.54215 9.25936 7.99
      vertex 8.44231 9.29084 0
      vertex 8.54215 9.25936 0
    endloop
  endfacet
  facet normal 0.843406 -0.537277 0
    outer loop
      vertex 2.4963 4.13553 7.99
      vertex 2.55255 4.22383 0
      vertex 2.55255 4.22383 7.99
    endloop
  endfacet
  facet normal 0.843406 -0.537277 0
    outer loop
      vertex 2.55255 4.22383 0
      vertex 2.4963 4.13553 7.99
      vertex 2.4963 4.13553 0
    endloop
  endfacet
  facet normal -0.608782 0.793337 0
    outer loop
      vertex 4.30688 2.61628 0
      vertex 4.22383 2.55255 7.99
      vertex 4.30688 2.61628 7.99
    endloop
  endfacet
  facet normal -0.608782 0.793337 0
    outer loop
      vertex 4.22383 2.55255 7.99
      vertex 4.30688 2.61628 0
      vertex 4.22383 2.55255 0
    endloop
  endfacet
  facet normal 0.216445 0.976295 -0
    outer loop
      vertex 3.32716 2.35376 2.99
      vertex 3.22495 2.37642 7.99
      vertex 3.32716 2.35376 7.99
    endloop
  endfacet
  facet normal 0.216445 0.976295 0
    outer loop
      vertex 3.22495 2.37642 7.99
      vertex 3.32716 2.35376 2.99
      vertex 3.22495 2.37642 2.99
    endloop
  endfacet
  facet normal 0.793337 0.608782 0
    outer loop
      vertex 2.61628 2.76419 7.99
      vertex 2.55255 2.84724 2.99
      vertex 2.55255 2.84724 7.99
    endloop
  endfacet
  facet normal 0.793337 0.608782 0
    outer loop
      vertex 2.55255 2.84724 2.99
      vertex 2.61628 2.76419 7.99
      vertex 2.61628 2.76419 2.99
    endloop
  endfacet
  facet normal 0.675578 -0.737289 0
    outer loop
      vertex 7.2832 8.98026 0
      vertex 7.36038 9.05098 7.99
      vertex 7.2832 8.98026 7.99
    endloop
  endfacet
  facet normal 0.675578 -0.737289 0
    outer loop
      vertex 7.36038 9.05098 7.99
      vertex 7.2832 8.98026 0
      vertex 7.36038 9.05098 0
    endloop
  endfacet
  facet normal -0.46175 -0.88701 0
    outer loop
      vertex 8.63887 9.2193 0
      vertex 8.73173 9.17096 7.99
      vertex 8.63887 9.2193 7.99
    endloop
  endfacet
  facet normal -0.46175 -0.88701 -0
    outer loop
      vertex 8.73173 9.17096 7.99
      vertex 8.63887 9.2193 0
      vertex 8.73173 9.17096 0
    endloop
  endfacet
  facet normal -0.216445 0.976295 -3.43867e-08
    outer loop
      vertex 3.84612 2.37642 7.99
      vertex 3.82023 2.37068 2.99
      vertex 3.74391 2.35376 7.99
    endloop
  endfacet
  facet normal -0.216451 0.976293 0
    outer loop
      vertex 3.84612 2.37642 0
      vertex 3.82023 2.37068 2.99
      vertex 3.84612 2.37642 7.99
    endloop
  endfacet
  facet normal -0.216451 0.976293 0
    outer loop
      vertex 3.82023 2.37068 2.99
      vertex 3.84612 2.37642 0
      vertex 3.82023 2.37068 0
    endloop
  endfacet
  facet normal -0.216443 0.976295 0
    outer loop
      vertex 3.74391 2.35376 7.99
      vertex 3.82023 2.37068 2.99
      vertex 3.74391 2.35376 2.99
    endloop
  endfacet
  facet normal 0.675629 0.737241 -0
    outer loop
      vertex 2.76419 2.61628 2.99
      vertex 2.68701 2.68701 7.99
      vertex 2.76419 2.61628 7.99
    endloop
  endfacet
  facet normal 0.675629 0.737241 0
    outer loop
      vertex 2.68701 2.68701 7.99
      vertex 2.76419 2.61628 2.99
      vertex 2.68701 2.68701 2.99
    endloop
  endfacet
  facet normal 0.130487 0.99145 -0
    outer loop
      vertex 3.43095 2.3401 2.99
      vertex 3.32716 2.35376 7.99
      vertex 3.43095 2.3401 7.99
    endloop
  endfacet
  facet normal 0.130487 0.99145 0
    outer loop
      vertex 3.32716 2.35376 7.99
      vertex 3.43095 2.3401 2.99
      vertex 3.32716 2.35376 2.99
    endloop
  endfacet
  facet normal 0.608736 -0.793373 0
    outer loop
      vertex 7.36038 9.05098 0
      vertex 7.44344 9.11471 7.99
      vertex 7.36038 9.05098 7.99
    endloop
  endfacet
  facet normal 0.608736 -0.793373 0
    outer loop
      vertex 7.44344 9.11471 7.99
      vertex 7.36038 9.05098 0
      vertex 7.44344 9.11471 0
    endloop
  endfacet
  facet normal -0.0436528 0.999047 0
    outer loop
      vertex 3.64012 2.3401 2.99
      vertex 3.53553 2.33553 7.99
      vertex 3.64012 2.3401 7.99
    endloop
  endfacet
  facet normal -0.0436528 0.999047 0
    outer loop
      vertex 3.53553 2.33553 7.99
      vertex 3.64012 2.3401 2.99
      vertex 3.53553 2.33553 2.99
    endloop
  endfacet
  facet normal 0.843378 0.53732 0
    outer loop
      vertex 2.55255 2.84724 7.99
      vertex 2.4963 2.93553 2.99
      vertex 2.4963 2.93553 7.99
    endloop
  endfacet
  facet normal 0.843378 0.53732 0
    outer loop
      vertex 2.4963 2.93553 2.99
      vertex 2.55255 2.84724 7.99
      vertex 2.55255 2.84724 2.99
    endloop
  endfacet
  facet normal -0.97629 0.216465 0
    outer loop
      vertex 9.29084 7.82115 0
      vertex 9.3135 7.92335 7.99
      vertex 9.3135 7.92335 0
    endloop
  endfacet
  facet normal -0.97629 0.216465 0
    outer loop
      vertex 9.3135 7.92335 7.99
      vertex 9.29084 7.82115 0
      vertex 9.29084 7.82115 7.99
    endloop
  endfacet
  facet normal 0.999047 -0.0436528 0
    outer loop
      vertex 2.33553 3.53553 7.99
      vertex 2.3401 3.64012 2.99
      vertex 2.3401 3.64012 7.99
    endloop
  endfacet
  facet normal 0.999047 -0.0436528 0
    outer loop
      vertex 2.3401 3.64012 2.99
      vertex 2.33553 3.53553 7.99
      vertex 2.33553 3.53553 2.99
    endloop
  endfacet
  facet normal 0.976295 0.216445 0
    outer loop
      vertex 2.37642 3.22495 7.99
      vertex 2.35376 3.32716 2.99
      vertex 2.35376 3.32716 7.99
    endloop
  endfacet
  facet normal 0.976295 0.216445 0
    outer loop
      vertex 2.35376 3.32716 2.99
      vertex 2.37642 3.22495 7.99
      vertex 2.37642 3.22495 2.99
    endloop
  endfacet
  facet normal -0.382661 0.923889 0
    outer loop
      vertex 4.04268 2.44796 0
      vertex 3.94596 2.4079 7.99
      vertex 4.04268 2.44796 7.99
    endloop
  endfacet
  facet normal -0.382661 0.923889 0
    outer loop
      vertex 3.94596 2.4079 7.99
      vertex 4.04268 2.44796 0
      vertex 3.94596 2.4079 0
    endloop
  endfacet
  facet normal -0.999047 0.0436528 0
    outer loop
      vertex 9.32716 8.02714 0
      vertex 9.33173 8.13173 7.99
      vertex 9.33173 8.13173 0
    endloop
  endfacet
  facet normal -0.999047 0.0436528 0
    outer loop
      vertex 9.33173 8.13173 7.99
      vertex 9.32716 8.02714 0
      vertex 9.32716 8.02714 7.99
    endloop
  endfacet
  facet normal -0.97629 -0.216465 0
    outer loop
      vertex 9.3135 8.34011 0
      vertex 9.29084 8.44231 7.99
      vertex 9.29084 8.44231 0
    endloop
  endfacet
  facet normal -0.97629 -0.216465 0
    outer loop
      vertex 9.29084 8.44231 7.99
      vertex 9.3135 8.34011 0
      vertex 9.3135 8.34011 7.99
    endloop
  endfacet
  facet normal 0.608782 0.793337 -0
    outer loop
      vertex 2.84724 2.55255 2.99
      vertex 2.76419 2.61628 7.99
      vertex 2.84724 2.55255 7.99
    endloop
  endfacet
  facet normal 0.608782 0.793337 0
    outer loop
      vertex 2.76419 2.61628 7.99
      vertex 2.84724 2.55255 2.99
      vertex 2.76419 2.61628 2.99
    endloop
  endfacet
  facet normal -0.999047 -0.0436569 0
    outer loop
      vertex 9.33173 8.13173 0
      vertex 9.32716 8.23631 7.99
      vertex 9.32716 8.23631 0
    endloop
  endfacet
  facet normal -0.999047 -0.0436569 0
    outer loop
      vertex 9.32716 8.23631 7.99
      vertex 9.33173 8.13173 0
      vertex 9.33173 8.13173 7.99
    endloop
  endfacet
  facet normal 0.99145 0.130487 0
    outer loop
      vertex 2.35376 3.32716 7.99
      vertex 2.3401 3.43095 2.99
      vertex 2.3401 3.43095 7.99
    endloop
  endfacet
  facet normal 0.99145 0.130487 0
    outer loop
      vertex 2.3401 3.43095 2.99
      vertex 2.35376 3.32716 7.99
      vertex 2.35376 3.32716 2.99
    endloop
  endfacet
  facet normal -0.953724 0.300683 0
    outer loop
      vertex 9.25936 7.7213 0
      vertex 9.29084 7.82115 7.99
      vertex 9.29084 7.82115 0
    endloop
  endfacet
  facet normal -0.953724 0.300683 0
    outer loop
      vertex 9.29084 7.82115 7.99
      vertex 9.25936 7.7213 0
      vertex 9.25936 7.7213 7.99
    endloop
  endfacet
  facet normal -0.793337 -0.608782 0
    outer loop
      vertex 9.11471 8.82002 0
      vertex 9.05098 8.90307 7.99
      vertex 9.05098 8.90307 0
    endloop
  endfacet
  facet normal -0.793337 -0.608782 0
    outer loop
      vertex 9.05098 8.90307 7.99
      vertex 9.11471 8.82002 0
      vertex 9.11471 8.82002 7.99
    endloop
  endfacet
  facet normal -0.0436569 -0.999047 0
    outer loop
      vertex 8.13173 9.33173 0
      vertex 8.23631 9.32716 7.99
      vertex 8.13173 9.33173 7.99
    endloop
  endfacet
  facet normal -0.0436569 -0.999047 -0
    outer loop
      vertex 8.23631 9.32716 7.99
      vertex 8.13173 9.33173 0
      vertex 8.23631 9.32716 0
    endloop
  endfacet
  facet normal 0.88701 0.46175 0
    outer loop
      vertex 2.4963 2.93553 7.99
      vertex 2.44796 3.02839 2.99
      vertex 2.44796 3.02839 7.99
    endloop
  endfacet
  facet normal 0.88701 0.46175 0
    outer loop
      vertex 2.44796 3.02839 2.99
      vertex 2.4963 2.93553 7.99
      vertex 2.4963 2.93553 2.99
    endloop
  endfacet
  facet normal 0.300683 -0.953724 0
    outer loop
      vertex 7.7213 9.25936 0
      vertex 7.82115 9.29084 7.99
      vertex 7.7213 9.25936 7.99
    endloop
  endfacet
  facet normal 0.300683 -0.953724 0
    outer loop
      vertex 7.82115 9.29084 7.99
      vertex 7.7213 9.25936 0
      vertex 7.82115 9.29084 0
    endloop
  endfacet
  facet normal 0.0436569 0.999047 -0
    outer loop
      vertex 3.53553 2.33553 2.99
      vertex 3.43095 2.3401 7.99
      vertex 3.53553 2.33553 7.99
    endloop
  endfacet
  facet normal 0.0436569 0.999047 0
    outer loop
      vertex 3.43095 2.3401 7.99
      vertex 3.53553 2.33553 2.99
      vertex 3.43095 2.3401 2.99
    endloop
  endfacet
  facet normal 0.216465 -0.97629 0
    outer loop
      vertex 7.82115 9.29084 0
      vertex 7.92335 9.3135 7.99
      vertex 7.82115 9.29084 7.99
    endloop
  endfacet
  facet normal 0.216465 -0.97629 0
    outer loop
      vertex 7.92335 9.3135 7.99
      vertex 7.82115 9.29084 0
      vertex 7.92335 9.3135 0
    endloop
  endfacet
  facet normal 0.976293 -0.216451 0
    outer loop
      vertex 2.37642 3.84612 7.99
      vertex 2.37068 3.82023 2.99
      vertex 2.37642 3.84612 0
    endloop
  endfacet
  facet normal 0.976295 -0.216445 -3.43867e-08
    outer loop
      vertex 2.35376 3.74391 7.99
      vertex 2.37068 3.82023 2.99
      vertex 2.37642 3.84612 7.99
    endloop
  endfacet
  facet normal 0.976295 -0.216443 0
    outer loop
      vertex 2.37068 3.82023 2.99
      vertex 2.35376 3.74391 7.99
      vertex 2.35376 3.74391 2.99
    endloop
  endfacet
  facet normal 0.976293 -0.216451 0
    outer loop
      vertex 2.37642 3.84612 0
      vertex 2.37068 3.82023 2.99
      vertex 2.37068 3.82023 0
    endloop
  endfacet
  facet normal -0.923889 -0.382661 0
    outer loop
      vertex 9.25936 8.54215 0
      vertex 9.2193 8.63887 7.99
      vertex 9.2193 8.63887 0
    endloop
  endfacet
  facet normal -0.923889 -0.382661 0
    outer loop
      vertex 9.2193 8.63887 7.99
      vertex 9.25936 8.54215 0
      vertex 9.25936 8.54215 7.99
    endloop
  endfacet
  facet normal -0.737333 -0.67553 0
    outer loop
      vertex 9.05098 8.90307 0
      vertex 8.98026 8.98026 7.99
      vertex 8.98026 8.98026 0
    endloop
  endfacet
  facet normal -0.737333 -0.67553 0
    outer loop
      vertex 8.98026 8.98026 7.99
      vertex 9.05098 8.90307 0
      vertex 9.05098 8.90307 7.99
    endloop
  endfacet
  facet normal 0.88699 -0.461789 0
    outer loop
      vertex 2.44796 4.04268 7.99
      vertex 2.4963 4.13553 0
      vertex 2.4963 4.13553 7.99
    endloop
  endfacet
  facet normal 0.88699 -0.461789 0
    outer loop
      vertex 2.4963 4.13553 0
      vertex 2.44796 4.04268 7.99
      vertex 2.44796 4.04268 0
    endloop
  endfacet
  facet normal 0.130487 -0.99145 0
    outer loop
      vertex 7.92335 9.3135 0
      vertex 8.02714 9.32716 7.99
      vertex 7.92335 9.3135 7.99
    endloop
  endfacet
  facet normal 0.130487 -0.99145 0
    outer loop
      vertex 8.02714 9.32716 7.99
      vertex 7.92335 9.3135 0
      vertex 8.02714 9.32716 0
    endloop
  endfacet
  facet normal -0.300711 0.953715 0
    outer loop
      vertex 3.94596 2.4079 0
      vertex 3.84612 2.37642 7.99
      vertex 3.94596 2.4079 7.99
    endloop
  endfacet
  facet normal -0.300711 0.953715 0
    outer loop
      vertex 3.84612 2.37642 7.99
      vertex 3.94596 2.4079 0
      vertex 3.84612 2.37642 0
    endloop
  endfacet
  facet normal -0.953715 -0.300711 0
    outer loop
      vertex 9.29084 8.44231 0
      vertex 9.25936 8.54215 7.99
      vertex 9.25936 8.54215 0
    endloop
  endfacet
  facet normal -0.953715 -0.300711 0
    outer loop
      vertex 9.25936 8.54215 7.99
      vertex 9.29084 8.44231 0
      vertex 9.29084 8.44231 7.99
    endloop
  endfacet
  facet normal 0 0 -1
    outer loop
      vertex 9.32716 8.02714 7.99
      vertex 9.32716 8.23631 7.99
      vertex 9.33173 8.13173 7.99
    endloop
  endfacet
  facet normal 0 0 -1
    outer loop
      vertex 9.3135 7.92335 7.99
      vertex 9.32716 8.23631 7.99
      vertex 9.32716 8.02714 7.99
    endloop
  endfacet
  facet normal 0 0 -1
    outer loop
      vertex 9.3135 7.92335 7.99
      vertex 9.3135 8.34011 7.99
      vertex 9.32716 8.23631 7.99
    endloop
  endfacet
  facet normal 0 0 -1
    outer loop
      vertex 9.29084 7.82115 7.99
      vertex 9.3135 8.34011 7.99
      vertex 9.3135 7.92335 7.99
    endloop
  endfacet
  facet normal 0 0 -1
    outer loop
      vertex 9.29084 7.82115 7.99
      vertex 9.29084 8.44231 7.99
      vertex 9.3135 8.34011 7.99
    endloop
  endfacet
  facet normal 0 0 -1
    outer loop
      vertex 9.25936 7.7213 7.99
      vertex 9.29084 8.44231 7.99
      vertex 9.29084 7.82115 7.99
    endloop
  endfacet
  facet normal 0 0 -1
    outer loop
      vertex 9.25936 7.7213 7.99
      vertex 9.25936 8.54215 7.99
      vertex 9.29084 8.44231 7.99
    endloop
  endfacet
  facet normal 0 0 -1
    outer loop
      vertex 9.2193 7.62459 7.99
      vertex 9.25936 8.54215 7.99
      vertex 9.25936 7.7213 7.99
    endloop
  endfacet
  facet normal 0 0 -1
    outer loop
      vertex 9.2193 7.62459 7.99
      vertex 9.2193 8.63887 7.99
      vertex 9.25936 8.54215 7.99
    endloop
  endfacet
  facet normal 0 0 -1
    outer loop
      vertex 9.17096 7.53173 7.99
      vertex 9.2193 8.63887 7.99
      vertex 9.2193 7.62459 7.99
    endloop
  endfacet
  facet normal 0 0 -1
    outer loop
      vertex 9.17096 7.53173 7.99
      vertex 9.17096 8.73173 7.99
      vertex 9.2193 8.63887 7.99
    endloop
  endfacet
  facet normal 0 0 -1
    outer loop
      vertex 9.11471 7.44344 7.99
      vertex 9.17096 8.73173 7.99
      vertex 9.17096 7.53173 7.99
    endloop
  endfacet
  facet normal 0 0 -1
    outer loop
      vertex 9.11471 7.44344 7.99
      vertex 9.11471 8.82002 7.99
      vertex 9.17096 8.73173 7.99
    endloop
  endfacet
  facet normal 0 0 -1
    outer loop
      vertex 9.05098 7.36038 7.99
      vertex 9.11471 8.82002 7.99
      vertex 9.11471 7.44344 7.99
    endloop
  endfacet
  facet normal 0 0 -1
    outer loop
      vertex 9.05098 7.36038 7.99
      vertex 9.05098 8.90307 7.99
      vertex 9.11471 8.82002 7.99
    endloop
  endfacet
  facet normal 0 0 -1
    outer loop
      vertex 8.98026 7.2832 7.99
      vertex 9.05098 8.90307 7.99
      vertex 9.05098 7.36038 7.99
    endloop
  endfacet
  facet normal 0 0 -1
    outer loop
      vertex 8.98026 7.2832 7.99
      vertex 8.98026 8.98026 7.99
      vertex 9.05098 8.90307 7.99
    endloop
  endfacet
  facet normal 0 0 -1
    outer loop
      vertex 8.98026 7.2832 7.99
      vertex 8.90307 9.05098 7.99
      vertex 8.98026 8.98026 7.99
    endloop
  endfacet
  facet normal 0 0 -1
    outer loop
      vertex 8.98026 7.2832 7.99
      vertex 8.82002 9.11471 7.99
      vertex 8.90307 9.05098 7.99
    endloop
  endfacet
  facet normal 0 0 -1
    outer loop
      vertex 8.98026 7.2832 7.99
      vertex 8.73173 9.17096 7.99
      vertex 8.82002 9.11471 7.99
    endloop
  endfacet
  facet normal 0 0 -1
    outer loop
      vertex 8.98026 7.2832 7.99
      vertex 8.63887 9.2193 7.99
      vertex 8.73173 9.17096 7.99
    endloop
  endfacet
  facet normal 0 0 -1
    outer loop
      vertex 8.98026 7.2832 7.99
      vertex 8.54215 9.25936 7.99
      vertex 8.63887 9.2193 7.99
    endloop
  endfacet
  facet normal 0 0 -1
    outer loop
      vertex 8.98026 7.2832 7.99
      vertex 8.44231 9.29084 7.99
      vertex 8.54215 9.25936 7.99
    endloop
  endfacet
  facet normal 0 0 -1
    outer loop
      vertex 8.98026 7.2832 7.99
      vertex 8.34011 9.3135 7.99
      vertex 8.44231 9.29084 7.99
    endloop
  endfacet
  facet normal 0 0 -1
    outer loop
      vertex 8.98026 7.2832 7.99
      vertex 8.23631 9.32716 7.99
      vertex 8.34011 9.3135 7.99
    endloop
  endfacet
  facet normal 0 0 -1
    outer loop
      vertex 8.98026 7.2832 7.99
      vertex 8.13173 9.33173 7.99
      vertex 8.23631 9.32716 7.99
    endloop
  endfacet
  facet normal 0 0 -1
    outer loop
      vertex 8.98026 7.2832 7.99
      vertex 8.02714 9.32716 7.99
      vertex 8.13173 9.33173 7.99
    endloop
  endfacet
  facet normal 0 0 -1
    outer loop
      vertex 8.98026 7.2832 7.99
      vertex 7.92335 9.3135 7.99
      vertex 8.02714 9.32716 7.99
    endloop
  endfacet
  facet normal 0 0 -1
    outer loop
      vertex 8.98026 7.2832 7.99
      vertex 7.82115 9.29084 7.99
      vertex 7.92335 9.3135 7.99
    endloop
  endfacet
  facet normal 0 0 -1
    outer loop
      vertex 8.98026 7.2832 7.99
      vertex 7.7213 9.25936 7.99
      vertex 7.82115 9.29084 7.99
    endloop
  endfacet
  facet normal 0 0 -1
    outer loop
      vertex 8.98026 7.2832 7.99
      vertex 7.62459 9.2193 7.99
      vertex 7.7213 9.25936 7.99
    endloop
  endfacet
  facet normal 0 0 -1
    outer loop
      vertex 8.98026 7.2832 7.99
      vertex 7.53173 9.17096 7.99
      vertex 7.62459 9.2193 7.99
    endloop
  endfacet
  facet normal 0 0 -1
    outer loop
      vertex 8.98026 7.2832 7.99
      vertex 7.44344 9.11471 7.99
      vertex 7.53173 9.17096 7.99
    endloop
  endfacet
  facet normal 0 0 -1
    outer loop
      vertex 8.98026 7.2832 7.99
      vertex 7.36038 9.05098 7.99
      vertex 7.44344 9.11471 7.99
    endloop
  endfacet
  facet normal 0 0 -1
    outer loop
      vertex 8.98026 7.2832 7.99
      vertex 7.2832 8.98026 7.99
      vertex 7.36038 9.05098 7.99
    endloop
  endfacet
  facet normal 0 0 -1
    outer loop
      vertex 4.38406 2.68701 7.99
      vertex 7.2832 8.98026 7.99
      vertex 8.98026 7.2832 7.99
    endloop
  endfacet
  facet normal 0 0 -1
    outer loop
      vertex 2.68701 4.38406 7.99
      vertex 4.38406 2.68701 7.99
      vertex 4.30688 2.61628 7.99
    endloop
  endfacet
  facet normal 0 0 -1
    outer loop
      vertex 2.68701 4.38406 7.99
      vertex 4.30688 2.61628 7.99
      vertex 4.22383 2.55255 7.99
    endloop
  endfacet
  facet normal 0 0 -1
    outer loop
      vertex 2.68701 4.38406 7.99
      vertex 4.22383 2.55255 7.99
      vertex 4.13553 2.4963 7.99
    endloop
  endfacet
  facet normal 0 0 -1
    outer loop
      vertex 2.68701 4.38406 7.99
      vertex 4.13553 2.4963 7.99
      vertex 4.04268 2.44796 7.99
    endloop
  endfacet
  facet normal 0 0 -1
    outer loop
      vertex 2.68701 4.38406 7.99
      vertex 4.04268 2.44796 7.99
      vertex 3.94596 2.4079 7.99
    endloop
  endfacet
  facet normal 0 0 -1
    outer loop
      vertex 2.68701 4.38406 7.99
      vertex 3.94596 2.4079 7.99
      vertex 3.84612 2.37642 7.99
    endloop
  endfacet
  facet normal 0 0 -1
    outer loop
      vertex 2.68701 4.38406 7.99
      vertex 3.84612 2.37642 7.99
      vertex 3.74391 2.35376 7.99
    endloop
  endfacet
  facet normal 0 0 -1
    outer loop
      vertex 2.68701 4.38406 7.99
      vertex 3.74391 2.35376 7.99
      vertex 3.64012 2.3401 7.99
    endloop
  endfacet
  facet normal 0 0 -1
    outer loop
      vertex 2.68701 4.38406 7.99
      vertex 3.64012 2.3401 7.99
      vertex 3.53553 2.33553 7.99
    endloop
  endfacet
  facet normal 0 0 -1
    outer loop
      vertex 2.68701 4.38406 7.99
      vertex 3.53553 2.33553 7.99
      vertex 3.43095 2.3401 7.99
    endloop
  endfacet
  facet normal 0 0 -1
    outer loop
      vertex 2.68701 4.38406 7.99
      vertex 3.43095 2.3401 7.99
      vertex 3.32716 2.35376 7.99
    endloop
  endfacet
  facet normal 0 0 -1
    outer loop
      vertex 2.68701 4.38406 7.99
      vertex 3.32716 2.35376 7.99
      vertex 3.22495 2.37642 7.99
    endloop
  endfacet
  facet normal 0 0 -1
    outer loop
      vertex 2.68701 4.38406 7.99
      vertex 3.22495 2.37642 7.99
      vertex 3.12511 2.4079 7.99
    endloop
  endfacet
  facet normal 0 0 -1
    outer loop
      vertex 2.68701 4.38406 7.99
      vertex 3.12511 2.4079 7.99
      vertex 3.02839 2.44796 7.99
    endloop
  endfacet
  facet normal 0 0 -1
    outer loop
      vertex 2.68701 4.38406 7.99
      vertex 3.02839 2.44796 7.99
      vertex 2.93553 2.4963 7.99
    endloop
  endfacet
  facet normal 0 0 -1
    outer loop
      vertex 2.68701 4.38406 7.99
      vertex 2.93553 2.4963 7.99
      vertex 2.84724 2.55255 7.99
    endloop
  endfacet
  facet normal 0 0 -1
    outer loop
      vertex 2.68701 4.38406 7.99
      vertex 2.84724 2.55255 7.99
      vertex 2.76419 2.61628 7.99
    endloop
  endfacet
  facet normal 0 0 -1
    outer loop
      vertex 2.68701 4.38406 7.99
      vertex 2.76419 2.61628 7.99
      vertex 2.68701 2.68701 7.99
    endloop
  endfacet
  facet normal 0 0 -1
    outer loop
      vertex 4.38406 2.68701 7.99
      vertex 2.68701 4.38406 7.99
      vertex 7.2832 8.98026 7.99
    endloop
  endfacet
  facet normal 0 0 -1
    outer loop
      vertex 2.61628 2.76419 7.99
      vertex 2.68701 4.38406 7.99
      vertex 2.68701 2.68701 7.99
    endloop
  endfacet
  facet normal 0 0 -1
    outer loop
      vertex 2.61628 2.76419 7.99
      vertex 2.61628 4.30688 7.99
      vertex 2.68701 4.38406 7.99
    endloop
  endfacet
  facet normal 0 0 -1
    outer loop
      vertex 2.55255 2.84724 7.99
      vertex 2.61628 4.30688 7.99
      vertex 2.61628 2.76419 7.99
    endloop
  endfacet
  facet normal 0 0 -1
    outer loop
      vertex 2.55255 2.84724 7.99
      vertex 2.55255 4.22383 7.99
      vertex 2.61628 4.30688 7.99
    endloop
  endfacet
  facet normal 0 0 -1
    outer loop
      vertex 2.4963 2.93553 7.99
      vertex 2.55255 4.22383 7.99
      vertex 2.55255 2.84724 7.99
    endloop
  endfacet
  facet normal 0 0 -1
    outer loop
      vertex 2.4963 2.93553 7.99
      vertex 2.4963 4.13553 7.99
      vertex 2.55255 4.22383 7.99
    endloop
  endfacet
  facet normal 0 0 -1
    outer loop
      vertex 2.44796 3.02839 7.99
      vertex 2.4963 4.13553 7.99
      vertex 2.4963 2.93553 7.99
    endloop
  endfacet
  facet normal 0 0 -1
    outer loop
      vertex 2.44796 3.02839 7.99
      vertex 2.44796 4.04268 7.99
      vertex 2.4963 4.13553 7.99
    endloop
  endfacet
  facet normal 0 0 -1
    outer loop
      vertex 2.4079 3.12511 7.99
      vertex 2.44796 4.04268 7.99
      vertex 2.44796 3.02839 7.99
    endloop
  endfacet
  facet normal 0 0 -1
    outer loop
      vertex 2.4079 3.12511 7.99
      vertex 2.4079 3.94596 7.99
      vertex 2.44796 4.04268 7.99
    endloop
  endfacet
  facet normal 0 0 -1
    outer loop
      vertex 2.37642 3.22495 7.99
      vertex 2.4079 3.94596 7.99
      vertex 2.4079 3.12511 7.99
    endloop
  endfacet
  facet normal 0 0 -1
    outer loop
      vertex 2.37642 3.22495 7.99
      vertex 2.37642 3.84612 7.99
      vertex 2.4079 3.94596 7.99
    endloop
  endfacet
  facet normal 0 0 -1
    outer loop
      vertex 2.35376 3.32716 7.99
      vertex 2.37642 3.84612 7.99
      vertex 2.37642 3.22495 7.99
    endloop
  endfacet
  facet normal 0 0 -1
    outer loop
      vertex 2.35376 3.32716 7.99
      vertex 2.35376 3.74391 7.99
      vertex 2.37642 3.84612 7.99
    endloop
  endfacet
  facet normal 0 0 -1
    outer loop
      vertex 2.3401 3.43095 7.99
      vertex 2.35376 3.74391 7.99
      vertex 2.35376 3.32716 7.99
    endloop
  endfacet
  facet normal 0 0 -1
    outer loop
      vertex 2.3401 3.43095 7.99
      vertex 2.3401 3.64012 7.99
      vertex 2.35376 3.74391 7.99
    endloop
  endfacet
  facet normal 0 -0 -1
    outer loop
      vertex 2.3401 3.64012 7.99
      vertex 2.3401 3.43095 7.99
      vertex 2.33553 3.53553 7.99
    endloop
  endfacet
  facet normal -0.130487 0.99145 0
    outer loop
      vertex 3.74391 2.35376 2.99
      vertex 3.64012 2.3401 7.99
      vertex 3.74391 2.35376 7.99
    endloop
  endfacet
  facet normal -0.130487 0.99145 0
    outer loop
      vertex 3.64012 2.3401 7.99
      vertex 3.74391 2.35376 2.99
      vertex 3.64012 2.3401 2.99
    endloop
  endfacet
  facet normal -0.99145 0.130487 0
    outer loop
      vertex 9.3135 7.92335 0
      vertex 9.32716 8.02714 7.99
      vertex 9.32716 8.02714 0
    endloop
  endfacet
  facet normal -0.99145 0.130487 0
    outer loop
      vertex 9.32716 8.02714 7.99
      vertex 9.3135 7.92335 0
      vertex 9.3135 7.92335 7.99
    endloop
  endfacet
  facet normal 0.46175 0.88701 -0
    outer loop
      vertex 3.02839 2.44796 2.99
      vertex 2.93553 2.4963 7.99
      vertex 3.02839 2.44796 7.99
    endloop
  endfacet
  facet normal 0.46175 0.88701 0
    outer loop
      vertex 2.93553 2.4963 7.99
      vertex 3.02839 2.44796 2.99
      vertex 2.93553 2.4963 2.99
    endloop
  endfacet
  facet normal 0.0436528 -0.999047 0
    outer loop
      vertex 8.02714 9.32716 0
      vertex 8.13173 9.33173 7.99
      vertex 8.02714 9.32716 7.99
    endloop
  endfacet
  facet normal 0.0436528 -0.999047 0
    outer loop
      vertex 8.13173 9.33173 7.99
      vertex 8.02714 9.32716 0
      vertex 8.13173 9.33173 0
    endloop
  endfacet
  facet normal -0.991452 -0.130474 0
    outer loop
      vertex 9.32716 8.23631 0
      vertex 9.3135 8.34011 7.99
      vertex 9.3135 8.34011 0
    endloop
  endfacet
  facet normal -0.991452 -0.130474 0
    outer loop
      vertex 9.3135 8.34011 7.99
      vertex 9.32716 8.23631 0
      vertex 9.32716 8.23631 7.99
    endloop
  endfacet
  facet normal 0.953715 -0.300711 0
    outer loop
      vertex 2.37642 3.84612 7.99
      vertex 2.4079 3.94596 0
      vertex 2.4079 3.94596 7.99
    endloop
  endfacet
  facet normal 0.953715 -0.300711 0
    outer loop
      vertex 2.4079 3.94596 0
      vertex 2.37642 3.84612 7.99
      vertex 2.37642 3.84612 0
    endloop
  endfacet
  facet normal -0.843378 -0.53732 0
    outer loop
      vertex 9.17096 8.73173 0
      vertex 9.11471 8.82002 7.99
      vertex 9.11471 8.82002 0
    endloop
  endfacet
  facet normal -0.843378 -0.53732 0
    outer loop
      vertex 9.11471 8.82002 7.99
      vertex 9.17096 8.73173 0
      vertex 9.17096 8.73173 7.99
    endloop
  endfacet
  facet normal 0.999047 0.0436569 0
    outer loop
      vertex 2.3401 3.43095 7.99
      vertex 2.33553 3.53553 2.99
      vertex 2.33553 3.53553 7.99
    endloop
  endfacet
  facet normal 0.999047 0.0436569 0
    outer loop
      vertex 2.33553 3.53553 2.99
      vertex 2.3401 3.43095 7.99
      vertex 2.3401 3.43095 2.99
    endloop
  endfacet
  facet normal 0.923889 -0.382661 0
    outer loop
      vertex 2.4079 3.94596 7.99
      vertex 2.44796 4.04268 0
      vertex 2.44796 4.04268 7.99
    endloop
  endfacet
  facet normal 0.923889 -0.382661 0
    outer loop
      vertex 2.44796 4.04268 0
      vertex 2.4079 3.94596 7.99
      vertex 2.4079 3.94596 0
    endloop
  endfacet
  facet normal 0.737241 0.675629 0
    outer loop
      vertex 2.68701 2.68701 7.99
      vertex 2.61628 2.76419 2.99
      vertex 2.61628 2.76419 7.99
    endloop
  endfacet
  facet normal 0.737241 0.675629 0
    outer loop
      vertex 2.61628 2.76419 2.99
      vertex 2.68701 2.68701 7.99
      vertex 2.68701 2.68701 2.99
    endloop
  endfacet
  facet normal -0.991452 -0.130474 0
    outer loop
      vertex 1.19543 11.6046 0
      vertex 1.18177 11.7084 7.99
      vertex 1.18177 11.7084 0
    endloop
  endfacet
  facet normal -0.991452 -0.130474 0
    outer loop
      vertex 1.18177 11.7084 7.99
      vertex 1.19543 11.6046 0
      vertex 1.19543 11.6046 7.99
    endloop
  endfacet
  facet normal -0.97629 -0.216465 0
    outer loop
      vertex 1.18177 11.7084 0
      vertex 1.15911 11.8106 7.99
      vertex 1.15911 11.8106 0
    endloop
  endfacet
  facet normal -0.97629 -0.216465 0
    outer loop
      vertex 1.15911 11.8106 7.99
      vertex 1.18177 11.7084 0
      vertex 1.18177 11.7084 7.99
    endloop
  endfacet
  facet normal -0.953715 0.300711 0
    outer loop
      vertex 1.12763 4.58958 0
      vertex 1.15911 4.68942 7.99
      vertex 1.15911 4.68942 0
    endloop
  endfacet
  facet normal -0.953715 0.300711 0
    outer loop
      vertex 1.15911 4.68942 7.99
      vertex 1.12763 4.58958 0
      vertex 1.12763 4.58958 7.99
    endloop
  endfacet
  facet normal 0.843414 -0.537264 0
    outer loop
      vertex -1.03923 12.1 7.99
      vertex -0.982982 12.1883 0
      vertex -0.982982 12.1883 7.99
    endloop
  endfacet
  facet normal 0.843414 -0.537264 0
    outer loop
      vertex -0.982982 12.1883 0
      vertex -1.03923 12.1 7.99
      vertex -1.03923 12.1 0
    endloop
  endfacet
  facet normal 0.99145 0.130487 0
    outer loop
      vertex -1.18177 4.79162 7.99
      vertex -1.19543 4.89541 0
      vertex -1.19543 4.89541 7.99
    endloop
  endfacet
  facet normal 0.99145 0.130487 0
    outer loop
      vertex -1.19543 4.89541 0
      vertex -1.18177 4.79162 7.99
      vertex -1.18177 4.79162 0
    endloop
  endfacet
  facet normal -0.382179 -0.924089 0
    outer loop
      vertex 0.410423 12.6276 0
      vertex 0.507141 12.5876 7.99
      vertex 0.410423 12.6276 7.99
    endloop
  endfacet
  facet normal -0.382179 -0.924089 -0
    outer loop
      vertex 0.507141 12.5876 7.99
      vertex 0.410423 12.6276 0
      vertex 0.507141 12.5876 0
    endloop
  endfacet
  facet normal -0.843414 -0.537264 0
    outer loop
      vertex 1.03923 12.1 0
      vertex 0.982982 12.1883 7.99
      vertex 0.982982 12.1883 0
    endloop
  endfacet
  facet normal -0.843414 -0.537264 0
    outer loop
      vertex 0.982982 12.1883 7.99
      vertex 1.03923 12.1 0
      vertex 1.03923 12.1 7.99
    endloop
  endfacet
  facet normal -0.923861 -0.382729 0
    outer loop
      vertex 1.12763 11.9104 0
      vertex 1.08757 12.0071 7.99
      vertex 1.08757 12.0071 0
    endloop
  endfacet
  facet normal -0.923861 -0.382729 0
    outer loop
      vertex 1.08757 12.0071 7.99
      vertex 1.12763 11.9104 0
      vertex 1.12763 11.9104 7.99
    endloop
  endfacet
  facet normal -0.999047 -0.0436486 0
    outer loop
      vertex 1.2 11.5 0
      vertex 1.19543 11.6046 7.99
      vertex 1.19543 11.6046 0
    endloop
  endfacet
  facet normal -0.999047 -0.0436486 0
    outer loop
      vertex 1.19543 11.6046 7.99
      vertex 1.2 11.5 0
      vertex 1.2 11.5 7.99
    endloop
  endfacet
  facet normal 0.97629 0.216465 0
    outer loop
      vertex -1.15911 4.68942 7.99
      vertex -1.18177 4.79162 0
      vertex -1.18177 4.79162 7.99
    endloop
  endfacet
  facet normal 0.97629 0.216465 0
    outer loop
      vertex -1.18177 4.79162 0
      vertex -1.15911 4.68942 7.99
      vertex -1.15911 4.68942 0
    endloop
  endfacet
  facet normal -0.953681 -0.30082 0
    outer loop
      vertex 1.15911 11.8106 0
      vertex 1.12763 11.9104 7.99
      vertex 1.12763 11.9104 0
    endloop
  endfacet
  facet normal -0.953681 -0.30082 0
    outer loop
      vertex 1.12763 11.9104 7.99
      vertex 1.15911 11.8106 0
      vertex 1.15911 11.8106 7.99
    endloop
  endfacet
  facet normal -0.923889 0.382661 0
    outer loop
      vertex 1.08757 4.49286 0
      vertex 1.12763 4.58958 7.99
      vertex 1.12763 4.58958 0
    endloop
  endfacet
  facet normal -0.923889 0.382661 0
    outer loop
      vertex 1.12763 4.58958 7.99
      vertex 1.08757 4.49286 0
      vertex 1.08757 4.49286 7.99
    endloop
  endfacet
  facet normal 0.382668 0.923886 -0
    outer loop
      vertex -0.410423 3.87237 2.99
      vertex -0.507141 3.91243 7.99
      vertex -0.410423 3.87237 7.99
    endloop
  endfacet
  facet normal 0.382668 0.923886 0
    outer loop
      vertex -0.507141 3.91243 7.99
      vertex -0.410423 3.87237 2.99
      vertex -0.507141 3.91243 2.99
    endloop
  endfacet
  facet normal -0.73727 0.675598 0
    outer loop
      vertex 0.848528 4.15147 2.99
      vertex 0.919252 4.22865 7.99
      vertex 0.919252 4.22865 2.99
    endloop
  endfacet
  facet normal -0.73727 0.675598 0
    outer loop
      vertex 0.919252 4.22865 7.99
      vertex 0.848528 4.15147 2.99
      vertex 0.848528 4.15147 7.99
    endloop
  endfacet
  facet normal -1 0 0
    outer loop
      vertex 1.2 5 0
      vertex 1.2 11.5 7.99
      vertex 1.2 11.5 0
    endloop
  endfacet
  facet normal -1 -0 0
    outer loop
      vertex 1.2 11.5 7.99
      vertex 1.2 5 0
      vertex 1.2 5 7.99
    endloop
  endfacet
  facet normal 0.97629 -0.216465 0
    outer loop
      vertex -1.18177 11.7084 7.99
      vertex -1.15911 11.8106 0
      vertex -1.15911 11.8106 7.99
    endloop
  endfacet
  facet normal 0.97629 -0.216465 0
    outer loop
      vertex -1.15911 11.8106 0
      vertex -1.18177 11.7084 7.99
      vertex -1.18177 11.7084 0
    endloop
  endfacet
  facet normal 0.300882 -0.953661 0
    outer loop
      vertex -0.410423 12.6276 0
      vertex -0.310582 12.6591 7.99
      vertex -0.410423 12.6276 7.99
    endloop
  endfacet
  facet normal 0.300882 -0.953661 0
    outer loop
      vertex -0.310582 12.6591 7.99
      vertex -0.410423 12.6276 0
      vertex -0.310582 12.6591 0
    endloop
  endfacet
  facet normal -0.97629 0.216465 0
    outer loop
      vertex 1.15911 4.68942 0
      vertex 1.18177 4.79162 7.99
      vertex 1.18177 4.79162 0
    endloop
  endfacet
  facet normal -0.97629 0.216465 0
    outer loop
      vertex 1.18177 4.79162 7.99
      vertex 1.15911 4.68942 0
      vertex 1.15911 4.68942 7.99
    endloop
  endfacet
  facet normal 1 -0 0
    outer loop
      vertex -1.2 5 7.99
      vertex -1.2 11.5 0
      vertex -1.2 11.5 7.99
    endloop
  endfacet
  facet normal 1 0 0
    outer loop
      vertex -1.2 11.5 0
      vertex -1.2 5 7.99
      vertex -1.2 5 0
    endloop
  endfacet
  facet normal -0.999047 0.0436528 0
    outer loop
      vertex 1.19543 4.89541 0
      vertex 1.2 5 7.99
      vertex 1.2 5 0
    endloop
  endfacet
  facet normal -0.999047 0.0436528 0
    outer loop
      vertex 1.2 5 7.99
      vertex 1.19543 4.89541 0
      vertex 1.19543 4.89541 7.99
    endloop
  endfacet
  facet normal 0.953681 -0.30082 0
    outer loop
      vertex -1.15911 11.8106 7.99
      vertex -1.12763 11.9104 0
      vertex -1.12763 11.9104 7.99
    endloop
  endfacet
  facet normal 0.953681 -0.30082 0
    outer loop
      vertex -1.12763 11.9104 0
      vertex -1.15911 11.8106 7.99
      vertex -1.15911 11.8106 0
    endloop
  endfacet
  facet normal 0.999047 0.0436528 0
    outer loop
      vertex -1.19543 4.89541 7.99
      vertex -1.2 5 0
      vertex -1.2 5 7.99
    endloop
  endfacet
  facet normal 0.999047 0.0436528 0
    outer loop
      vertex -1.2 5 0
      vertex -1.19543 4.89541 7.99
      vertex -1.19543 4.89541 0
    endloop
  endfacet
  facet normal 0.675974 -0.736926 0
    outer loop
      vertex -0.848528 12.3485 0
      vertex -0.771344 12.4193 7.99
      vertex -0.848528 12.3485 7.99
    endloop
  endfacet
  facet normal 0.675974 -0.736926 0
    outer loop
      vertex -0.771344 12.4193 7.99
      vertex -0.848528 12.3485 0
      vertex -0.771344 12.4193 0
    endloop
  endfacet
  facet normal -0.79316 -0.609013 0
    outer loop
      vertex 0.982982 12.1883 0
      vertex 0.919252 12.2713 7.99
      vertex 0.919252 12.2713 0
    endloop
  endfacet
  facet normal -0.79316 -0.609013 0
    outer loop
      vertex 0.919252 12.2713 7.99
      vertex 0.982982 12.1883 0
      vertex 0.982982 12.1883 7.99
    endloop
  endfacet
  facet normal -0.843304 0.537437 0
    outer loop
      vertex 1.02498 4.37764 2.99
      vertex 1.03923 4.4 0
      vertex 1.02498 4.37764 0
    endloop
  endfacet
  facet normal -0.843304 0.537437 0
    outer loop
      vertex 1.03923 4.4 0
      vertex 1.02498 4.37764 2.99
      vertex 1.03923 4.4 7.99
    endloop
  endfacet
  facet normal -0.843415 0.537263 1.09305e-06
    outer loop
      vertex 0.982982 4.31171 2.99
      vertex 1.03923 4.4 7.99
      vertex 1.02498 4.37764 2.99
    endloop
  endfacet
  facet normal -0.843387 0.537307 0
    outer loop
      vertex 1.03923 4.4 7.99
      vertex 0.982982 4.31171 2.99
      vertex 0.982982 4.31171 7.99
    endloop
  endfacet
  facet normal 0.130487 0.99145 -0
    outer loop
      vertex -0.104587 3.80457 2.99
      vertex -0.208377 3.81823 7.99
      vertex -0.104587 3.80457 7.99
    endloop
  endfacet
  facet normal 0.130487 0.99145 0
    outer loop
      vertex -0.208377 3.81823 7.99
      vertex -0.104587 3.80457 2.99
      vertex -0.208377 3.81823 2.99
    endloop
  endfacet
  facet normal -0.537307 0.843386 0
    outer loop
      vertex 0.688292 4.01702 2.99
      vertex 0.599999 3.96077 7.99
      vertex 0.688292 4.01702 7.99
    endloop
  endfacet
  facet normal -0.537307 0.843386 0
    outer loop
      vertex 0.599999 3.96077 7.99
      vertex 0.688292 4.01702 2.99
      vertex 0.599999 3.96077 2.99
    endloop
  endfacet
  facet normal 0.382179 -0.924089 0
    outer loop
      vertex -0.507141 12.5876 0
      vertex -0.410423 12.6276 7.99
      vertex -0.507141 12.5876 7.99
    endloop
  endfacet
  facet normal 0.382179 -0.924089 0
    outer loop
      vertex -0.410423 12.6276 7.99
      vertex -0.507141 12.5876 0
      vertex -0.410423 12.6276 0
    endloop
  endfacet
  facet normal -0.462208 -0.886771 0
    outer loop
      vertex 0.507141 12.5876 0
      vertex 0.599999 12.5392 7.99
      vertex 0.507141 12.5876 7.99
    endloop
  endfacet
  facet normal -0.462208 -0.886771 -0
    outer loop
      vertex 0.599999 12.5392 7.99
      vertex 0.507141 12.5876 0
      vertex 0.599999 12.5392 0
    endloop
  endfacet
  facet normal 0.043654 0.999047 -0
    outer loop
      vertex 0 3.8 2.99
      vertex -0.104587 3.80457 7.99
      vertex 0 3.8 7.99
    endloop
  endfacet
  facet normal 0.043654 0.999047 0
    outer loop
      vertex -0.104587 3.80457 7.99
      vertex 0 3.8 2.99
      vertex -0.104587 3.80457 2.99
    endloop
  endfacet
  facet normal 0.923889 0.382661 0
    outer loop
      vertex -1.08757 4.49286 7.99
      vertex -1.12763 4.58958 0
      vertex -1.12763 4.58958 7.99
    endloop
  endfacet
  facet normal 0.923889 0.382661 0
    outer loop
      vertex -1.12763 4.58958 0
      vertex -1.08757 4.49286 7.99
      vertex -1.08757 4.49286 0
    endloop
  endfacet
  facet normal -0.887092 -0.461593 0
    outer loop
      vertex 1.08757 12.0071 0
      vertex 1.03923 12.1 7.99
      vertex 1.03923 12.1 0
    endloop
  endfacet
  facet normal -0.887092 -0.461593 0
    outer loop
      vertex 1.03923 12.1 7.99
      vertex 1.08757 12.0071 0
      vertex 1.08757 12.0071 7.99
    endloop
  endfacet
  facet normal -0.300882 -0.953661 0
    outer loop
      vertex 0.310582 12.6591 0
      vertex 0.410423 12.6276 7.99
      vertex 0.310582 12.6591 7.99
    endloop
  endfacet
  facet normal -0.300882 -0.953661 -0
    outer loop
      vertex 0.410423 12.6276 7.99
      vertex 0.310582 12.6591 0
      vertex 0.410423 12.6276 0
    endloop
  endfacet
  facet normal 0.999047 -0.0436486 0
    outer loop
      vertex -1.2 11.5 7.99
      vertex -1.19543 11.6046 0
      vertex -1.19543 11.6046 7.99
    endloop
  endfacet
  facet normal 0.999047 -0.0436486 0
    outer loop
      vertex -1.19543 11.6046 0
      vertex -1.2 11.5 7.99
      vertex -1.2 11.5 0
    endloop
  endfacet
  facet normal -0.793373 0.608736 0
    outer loop
      vertex 0.919252 4.22865 2.99
      vertex 0.982982 4.31171 7.99
      vertex 0.982982 4.31171 2.99
    endloop
  endfacet
  facet normal -0.793373 0.608736 0
    outer loop
      vertex 0.982982 4.31171 7.99
      vertex 0.919252 4.22865 2.99
      vertex 0.919252 4.22865 7.99
    endloop
  endfacet
  facet normal 0.300708 0.953716 -0
    outer loop
      vertex -0.310582 3.84089 2.99
      vertex -0.410423 3.87237 7.99
      vertex -0.310582 3.84089 7.99
    endloop
  endfacet
  facet normal 0.300708 0.953716 0
    outer loop
      vertex -0.410423 3.87237 7.99
      vertex -0.310582 3.84089 2.99
      vertex -0.410423 3.87237 2.99
    endloop
  endfacet
  facet normal 0.991452 -0.130474 0
    outer loop
      vertex -1.19543 11.6046 7.99
      vertex -1.18177 11.7084 0
      vertex -1.18177 11.7084 7.99
    endloop
  endfacet
  facet normal 0.991452 -0.130474 0
    outer loop
      vertex -1.18177 11.7084 0
      vertex -1.19543 11.6046 7.99
      vertex -1.19543 11.6046 0
    endloop
  endfacet
  facet normal -0.04394 -0.999034 0
    outer loop
      vertex 0 12.7 0
      vertex 0.104587 12.6954 7.99
      vertex 0 12.7 7.99
    endloop
  endfacet
  facet normal -0.04394 -0.999034 -0
    outer loop
      vertex 0.104587 12.6954 7.99
      vertex 0 12.7 0
      vertex 0.104587 12.6954 0
    endloop
  endfacet
  facet normal 0.608593 -0.793483 0
    outer loop
      vertex -0.771344 12.4193 0
      vertex -0.688292 12.483 7.99
      vertex -0.771344 12.4193 7.99
    endloop
  endfacet
  facet normal 0.608593 -0.793483 0
    outer loop
      vertex -0.688292 12.483 7.99
      vertex -0.771344 12.4193 0
      vertex -0.688292 12.483 0
    endloop
  endfacet
  facet normal -0.216819 -0.976212 0
    outer loop
      vertex 0.208377 12.6818 0
      vertex 0.310582 12.6591 7.99
      vertex 0.208377 12.6818 7.99
    endloop
  endfacet
  facet normal -0.216819 -0.976212 -0
    outer loop
      vertex 0.310582 12.6591 7.99
      vertex 0.208377 12.6818 0
      vertex 0.310582 12.6591 0
    endloop
  endfacet
  facet normal -0.737357 -0.675503 0
    outer loop
      vertex 0.919252 12.2713 0
      vertex 0.848528 12.3485 7.99
      vertex 0.848528 12.3485 0
    endloop
  endfacet
  facet normal -0.737357 -0.675503 0
    outer loop
      vertex 0.848528 12.3485 7.99
      vertex 0.919252 12.2713 0
      vertex 0.919252 12.2713 7.99
    endloop
  endfacet
  facet normal 0.953715 0.300711 0
    outer loop
      vertex -1.12763 4.58958 7.99
      vertex -1.15911 4.68942 0
      vertex -1.15911 4.68942 7.99
    endloop
  endfacet
  facet normal 0.953715 0.300711 0
    outer loop
      vertex -1.15911 4.68942 0
      vertex -1.12763 4.58958 7.99
      vertex -1.12763 4.58958 0
    endloop
  endfacet
  facet normal 0.536968 -0.843603 0
    outer loop
      vertex -0.688292 12.483 0
      vertex -0.599999 12.5392 7.99
      vertex -0.688292 12.483 7.99
    endloop
  endfacet
  facet normal 0.536968 -0.843603 0
    outer loop
      vertex -0.599999 12.5392 7.99
      vertex -0.688292 12.483 0
      vertex -0.599999 12.5392 0
    endloop
  endfacet
  facet normal -0.536968 -0.843603 0
    outer loop
      vertex 0.599999 12.5392 0
      vertex 0.688292 12.483 7.99
      vertex 0.599999 12.5392 7.99
    endloop
  endfacet
  facet normal -0.536968 -0.843603 -0
    outer loop
      vertex 0.688292 12.483 7.99
      vertex 0.599999 12.5392 0
      vertex 0.688292 12.483 0
    endloop
  endfacet
  facet normal 0.462208 -0.886771 0
    outer loop
      vertex -0.599999 12.5392 0
      vertex -0.507141 12.5876 7.99
      vertex -0.599999 12.5392 7.99
    endloop
  endfacet
  facet normal 0.462208 -0.886771 0
    outer loop
      vertex -0.507141 12.5876 7.99
      vertex -0.599999 12.5392 0
      vertex -0.507141 12.5876 0
    endloop
  endfacet
  facet normal -0.130487 0.99145 0
    outer loop
      vertex 0.208377 3.81823 2.99
      vertex 0.104587 3.80457 7.99
      vertex 0.208377 3.81823 7.99
    endloop
  endfacet
  facet normal -0.130487 0.99145 0
    outer loop
      vertex 0.104587 3.80457 7.99
      vertex 0.208377 3.81823 2.99
      vertex 0.104587 3.80457 2.99
    endloop
  endfacet
  facet normal -0.675974 -0.736926 0
    outer loop
      vertex 0.771344 12.4193 0
      vertex 0.848528 12.3485 7.99
      vertex 0.771344 12.4193 7.99
    endloop
  endfacet
  facet normal -0.675974 -0.736926 -0
    outer loop
      vertex 0.848528 12.3485 7.99
      vertex 0.771344 12.4193 0
      vertex 0.848528 12.3485 0
    endloop
  endfacet
  facet normal 0.843304 0.537437 0
    outer loop
      vertex -1.03923 4.4 7.99
      vertex -1.02498 4.37764 2.99
      vertex -1.03923 4.4 0
    endloop
  endfacet
  facet normal 0.843387 0.537307 8.16201e-07
    outer loop
      vertex -0.982982 4.31171 7.99
      vertex -1.02498 4.37764 2.99
      vertex -1.03923 4.4 7.99
    endloop
  endfacet
  facet normal 0.843415 0.537263 0
    outer loop
      vertex -1.02498 4.37764 2.99
      vertex -0.982982 4.31171 7.99
      vertex -0.982982 4.31171 2.99
    endloop
  endfacet
  facet normal 0.843304 0.537437 0
    outer loop
      vertex -1.03923 4.4 0
      vertex -1.02498 4.37764 2.99
      vertex -1.02498 4.37764 0
    endloop
  endfacet
  facet normal 0.04394 -0.999034 0
    outer loop
      vertex -0.104587 12.6954 0
      vertex 0 12.7 7.99
      vertex -0.104587 12.6954 7.99
    endloop
  endfacet
  facet normal 0.04394 -0.999034 0
    outer loop
      vertex 0 12.7 7.99
      vertex -0.104587 12.6954 0
      vertex 0 12.7 0
    endloop
  endfacet
  facet normal 0.129923 -0.991524 0
    outer loop
      vertex -0.208377 12.6818 0
      vertex -0.104587 12.6954 7.99
      vertex -0.208377 12.6818 7.99
    endloop
  endfacet
  facet normal 0.129923 -0.991524 0
    outer loop
      vertex -0.104587 12.6954 7.99
      vertex -0.208377 12.6818 0
      vertex -0.104587 12.6954 0
    endloop
  endfacet
  facet normal -0.99145 0.130487 0
    outer loop
      vertex 1.18177 4.79162 0
      vertex 1.19543 4.89541 7.99
      vertex 1.19543 4.89541 0
    endloop
  endfacet
  facet normal -0.99145 0.130487 0
    outer loop
      vertex 1.19543 4.89541 7.99
      vertex 1.18177 4.79162 0
      vertex 1.18177 4.79162 7.99
    endloop
  endfacet
  facet normal -0.88701 0.46175 0
    outer loop
      vertex 1.03923 4.4 0
      vertex 1.08757 4.49286 7.99
      vertex 1.08757 4.49286 0
    endloop
  endfacet
  facet normal -0.88701 0.46175 0
    outer loop
      vertex 1.08757 4.49286 7.99
      vertex 1.03923 4.4 0
      vertex 1.03923 4.4 7.99
    endloop
  endfacet
  facet normal 0.216819 -0.976212 0
    outer loop
      vertex -0.310582 12.6591 0
      vertex -0.208377 12.6818 7.99
      vertex -0.310582 12.6591 7.99
    endloop
  endfacet
  facet normal 0.216819 -0.976212 0
    outer loop
      vertex -0.208377 12.6818 7.99
      vertex -0.310582 12.6591 0
      vertex -0.208377 12.6818 0
    endloop
  endfacet
  facet normal -0.608773 0.793344 0
    outer loop
      vertex 0.771344 4.08075 2.99
      vertex 0.688292 4.01702 7.99
      vertex 0.771344 4.08075 7.99
    endloop
  endfacet
  facet normal -0.608773 0.793344 0
    outer loop
      vertex 0.688292 4.01702 7.99
      vertex 0.771344 4.08075 2.99
      vertex 0.688292 4.01702 2.99
    endloop
  endfacet
  facet normal 0.88701 0.46175 0
    outer loop
      vertex -1.03923 4.4 7.99
      vertex -1.08757 4.49286 0
      vertex -1.08757 4.49286 7.99
    endloop
  endfacet
  facet normal 0.88701 0.46175 0
    outer loop
      vertex -1.08757 4.49286 0
      vertex -1.03923 4.4 7.99
      vertex -1.03923 4.4 0
    endloop
  endfacet
  facet normal -0.461758 0.887006 0
    outer loop
      vertex 0.599999 3.96077 2.99
      vertex 0.507141 3.91243 7.99
      vertex 0.599999 3.96077 7.99
    endloop
  endfacet
  facet normal -0.461758 0.887006 0
    outer loop
      vertex 0.507141 3.91243 7.99
      vertex 0.599999 3.96077 2.99
      vertex 0.507141 3.91243 2.99
    endloop
  endfacet
  facet normal -0.129923 -0.991524 0
    outer loop
      vertex 0.104587 12.6954 0
      vertex 0.208377 12.6818 7.99
      vertex 0.104587 12.6954 7.99
    endloop
  endfacet
  facet normal -0.129923 -0.991524 -0
    outer loop
      vertex 0.208377 12.6818 7.99
      vertex 0.104587 12.6954 0
      vertex 0.208377 12.6818 0
    endloop
  endfacet
  facet normal -0.043654 0.999047 0
    outer loop
      vertex 0.104587 3.80457 2.99
      vertex 0 3.8 7.99
      vertex 0.104587 3.80457 7.99
    endloop
  endfacet
  facet normal -0.043654 0.999047 0
    outer loop
      vertex 0 3.8 7.99
      vertex 0.104587 3.80457 2.99
      vertex 0 3.8 2.99
    endloop
  endfacet
  facet normal 0 0 -1
    outer loop
      vertex -1.2 5 7.99
      vertex 1.2 5 7.99
      vertex 1.19543 4.89541 7.99
    endloop
  endfacet
  facet normal 0 0 -1
    outer loop
      vertex 1.2 5 7.99
      vertex -1.2 5 7.99
      vertex 1.2 11.5 7.99
    endloop
  endfacet
  facet normal 0 0 -1
    outer loop
      vertex -1.2 5 7.99
      vertex 1.19543 4.89541 7.99
      vertex 1.18177 4.79162 7.99
    endloop
  endfacet
  facet normal 0 0 -1
    outer loop
      vertex -1.2 11.5 7.99
      vertex 1.2 11.5 7.99
      vertex -1.2 5 7.99
    endloop
  endfacet
  facet normal 0 0 -1
    outer loop
      vertex -1.2 5 7.99
      vertex 1.18177 4.79162 7.99
      vertex 1.15911 4.68942 7.99
    endloop
  endfacet
  facet normal 0 0 -1
    outer loop
      vertex 1.2 11.5 7.99
      vertex -1.2 11.5 7.99
      vertex 1.19543 11.6046 7.99
    endloop
  endfacet
  facet normal 0 0 -1
    outer loop
      vertex -1.2 5 7.99
      vertex 1.15911 4.68942 7.99
      vertex 1.12763 4.58958 7.99
    endloop
  endfacet
  facet normal -0 0 -1
    outer loop
      vertex 1.19543 11.6046 7.99
      vertex -1.2 11.5 7.99
      vertex 1.18177 11.7084 7.99
    endloop
  endfacet
  facet normal 0 0 -1
    outer loop
      vertex -1.2 5 7.99
      vertex 1.12763 4.58958 7.99
      vertex 1.08757 4.49286 7.99
    endloop
  endfacet
  facet normal -0 0 -1
    outer loop
      vertex 1.18177 11.7084 7.99
      vertex -1.2 11.5 7.99
      vertex 1.15911 11.8106 7.99
    endloop
  endfacet
  facet normal 0 0 -1
    outer loop
      vertex -1.2 5 7.99
      vertex 1.08757 4.49286 7.99
      vertex 1.03923 4.4 7.99
    endloop
  endfacet
  facet normal -0 0 -1
    outer loop
      vertex 1.15911 11.8106 7.99
      vertex -1.2 11.5 7.99
      vertex 1.12763 11.9104 7.99
    endloop
  endfacet
  facet normal 0 0 -1
    outer loop
      vertex -1.2 5 7.99
      vertex 1.03923 4.4 7.99
      vertex 0.982982 4.31171 7.99
    endloop
  endfacet
  facet normal -0 0 -1
    outer loop
      vertex 1.12763 11.9104 7.99
      vertex -1.2 11.5 7.99
      vertex 1.08757 12.0071 7.99
    endloop
  endfacet
  facet normal 0 0 -1
    outer loop
      vertex -1.2 5 7.99
      vertex 0.982982 4.31171 7.99
      vertex 0.919252 4.22865 7.99
    endloop
  endfacet
  facet normal -0 0 -1
    outer loop
      vertex 1.08757 12.0071 7.99
      vertex -1.2 11.5 7.99
      vertex 1.03923 12.1 7.99
    endloop
  endfacet
  facet normal 0 0 -1
    outer loop
      vertex -1.2 5 7.99
      vertex 0.919252 4.22865 7.99
      vertex 0.848528 4.15147 7.99
    endloop
  endfacet
  facet normal -0 0 -1
    outer loop
      vertex 1.03923 12.1 7.99
      vertex -1.2 11.5 7.99
      vertex 0.982982 12.1883 7.99
    endloop
  endfacet
  facet normal 0 0 -1
    outer loop
      vertex -1.2 5 7.99
      vertex 0.848528 4.15147 7.99
      vertex 0.771344 4.08075 7.99
    endloop
  endfacet
  facet normal -0 0 -1
    outer loop
      vertex 0.982982 12.1883 7.99
      vertex -1.2 11.5 7.99
      vertex 0.919252 12.2713 7.99
    endloop
  endfacet
  facet normal 0 0 -1
    outer loop
      vertex -1.2 5 7.99
      vertex 0.771344 4.08075 7.99
      vertex 0.688292 4.01702 7.99
    endloop
  endfacet
  facet normal -0 0 -1
    outer loop
      vertex 0.919252 12.2713 7.99
      vertex -1.2 11.5 7.99
      vertex 0.848528 12.3485 7.99
    endloop
  endfacet
  facet normal 0 0 -1
    outer loop
      vertex -1.2 5 7.99
      vertex 0.688292 4.01702 7.99
      vertex 0.599999 3.96077 7.99
    endloop
  endfacet
  facet normal -0 0 -1
    outer loop
      vertex 0.848528 12.3485 7.99
      vertex -1.2 11.5 7.99
      vertex 0.771344 12.4193 7.99
    endloop
  endfacet
  facet normal 0 0 -1
    outer loop
      vertex -1.2 5 7.99
      vertex 0.599999 3.96077 7.99
      vertex 0.507141 3.91243 7.99
    endloop
  endfacet
  facet normal -0 0 -1
    outer loop
      vertex 0.771344 12.4193 7.99
      vertex -1.2 11.5 7.99
      vertex 0.688292 12.483 7.99
    endloop
  endfacet
  facet normal 0 0 -1
    outer loop
      vertex -1.2 5 7.99
      vertex 0.507141 3.91243 7.99
      vertex 0.410423 3.87237 7.99
    endloop
  endfacet
  facet normal -0 0 -1
    outer loop
      vertex 0.688292 12.483 7.99
      vertex -1.2 11.5 7.99
      vertex 0.599999 12.5392 7.99
    endloop
  endfacet
  facet normal 0 0 -1
    outer loop
      vertex -1.2 5 7.99
      vertex 0.410423 3.87237 7.99
      vertex 0.310582 3.84089 7.99
    endloop
  endfacet
  facet normal -0 0 -1
    outer loop
      vertex 0.599999 12.5392 7.99
      vertex -1.2 11.5 7.99
      vertex 0.507141 12.5876 7.99
    endloop
  endfacet
  facet normal 0 0 -1
    outer loop
      vertex -1.2 5 7.99
      vertex 0.310582 3.84089 7.99
      vertex 0.208377 3.81823 7.99
    endloop
  endfacet
  facet normal -0 0 -1
    outer loop
      vertex 0.507141 12.5876 7.99
      vertex -1.2 11.5 7.99
      vertex 0.410423 12.6276 7.99
    endloop
  endfacet
  facet normal 0 0 -1
    outer loop
      vertex -1.2 5 7.99
      vertex 0.208377 3.81823 7.99
      vertex 0.104587 3.80457 7.99
    endloop
  endfacet
  facet normal -0 0 -1
    outer loop
      vertex 0.410423 12.6276 7.99
      vertex -1.2 11.5 7.99
      vertex 0.310582 12.6591 7.99
    endloop
  endfacet
  facet normal 0 0 -1
    outer loop
      vertex -1.2 5 7.99
      vertex 0.104587 3.80457 7.99
      vertex 0 3.8 7.99
    endloop
  endfacet
  facet normal -0 0 -1
    outer loop
      vertex 0.310582 12.6591 7.99
      vertex -1.2 11.5 7.99
      vertex 0.208377 12.6818 7.99
    endloop
  endfacet
  facet normal 0 0 -1
    outer loop
      vertex -1.2 5 7.99
      vertex 0 3.8 7.99
      vertex -0.104587 3.80457 7.99
    endloop
  endfacet
  facet normal -0 0 -1
    outer loop
      vertex 0.208377 12.6818 7.99
      vertex -1.2 11.5 7.99
      vertex 0.104587 12.6954 7.99
    endloop
  endfacet
  facet normal 0 0 -1
    outer loop
      vertex -1.2 5 7.99
      vertex -0.104587 3.80457 7.99
      vertex -0.208377 3.81823 7.99
    endloop
  endfacet
  facet normal -0 0 -1
    outer loop
      vertex 0.104587 12.6954 7.99
      vertex -1.2 11.5 7.99
      vertex 0 12.7 7.99
    endloop
  endfacet
  facet normal 0 0 -1
    outer loop
      vertex -1.2 5 7.99
      vertex -0.208377 3.81823 7.99
      vertex -0.310582 3.84089 7.99
    endloop
  endfacet
  facet normal 0 0 -1
    outer loop
      vertex 0 12.7 7.99
      vertex -1.2 11.5 7.99
      vertex -0.104587 12.6954 7.99
    endloop
  endfacet
  facet normal 0 0 -1
    outer loop
      vertex -1.2 5 7.99
      vertex -0.310582 3.84089 7.99
      vertex -0.410423 3.87237 7.99
    endloop
  endfacet
  facet normal 0 0 -1
    outer loop
      vertex -0.104587 12.6954 7.99
      vertex -1.2 11.5 7.99
      vertex -0.208377 12.6818 7.99
    endloop
  endfacet
  facet normal 0 0 -1
    outer loop
      vertex -1.2 5 7.99
      vertex -0.410423 3.87237 7.99
      vertex -0.507141 3.91243 7.99
    endloop
  endfacet
  facet normal 0 0 -1
    outer loop
      vertex -0.208377 12.6818 7.99
      vertex -1.2 11.5 7.99
      vertex -0.310582 12.6591 7.99
    endloop
  endfacet
  facet normal 0 0 -1
    outer loop
      vertex -1.2 5 7.99
      vertex -0.507141 3.91243 7.99
      vertex -0.599999 3.96077 7.99
    endloop
  endfacet
  facet normal 0 0 -1
    outer loop
      vertex -0.310582 12.6591 7.99
      vertex -1.2 11.5 7.99
      vertex -0.410423 12.6276 7.99
    endloop
  endfacet
  facet normal 0 0 -1
    outer loop
      vertex -1.2 5 7.99
      vertex -0.599999 3.96077 7.99
      vertex -0.688292 4.01702 7.99
    endloop
  endfacet
  facet normal 0 0 -1
    outer loop
      vertex -0.410423 12.6276 7.99
      vertex -1.2 11.5 7.99
      vertex -0.507141 12.5876 7.99
    endloop
  endfacet
  facet normal 0 0 -1
    outer loop
      vertex -1.2 5 7.99
      vertex -0.688292 4.01702 7.99
      vertex -0.771344 4.08075 7.99
    endloop
  endfacet
  facet normal 0 0 -1
    outer loop
      vertex -0.507141 12.5876 7.99
      vertex -1.2 11.5 7.99
      vertex -0.599999 12.5392 7.99
    endloop
  endfacet
  facet normal 0 0 -1
    outer loop
      vertex -1.2 5 7.99
      vertex -0.771344 4.08075 7.99
      vertex -0.848528 4.15147 7.99
    endloop
  endfacet
  facet normal 0 0 -1
    outer loop
      vertex -0.599999 12.5392 7.99
      vertex -1.2 11.5 7.99
      vertex -0.688292 12.483 7.99
    endloop
  endfacet
  facet normal 0 0 -1
    outer loop
      vertex -1.2 5 7.99
      vertex -0.848528 4.15147 7.99
      vertex -0.919252 4.22865 7.99
    endloop
  endfacet
  facet normal 0 0 -1
    outer loop
      vertex -0.688292 12.483 7.99
      vertex -1.2 11.5 7.99
      vertex -0.771344 12.4193 7.99
    endloop
  endfacet
  facet normal 0 0 -1
    outer loop
      vertex -1.2 5 7.99
      vertex -0.919252 4.22865 7.99
      vertex -0.982982 4.31171 7.99
    endloop
  endfacet
  facet normal 0 0 -1
    outer loop
      vertex -0.771344 12.4193 7.99
      vertex -1.2 11.5 7.99
      vertex -0.848528 12.3485 7.99
    endloop
  endfacet
  facet normal 0 0 -1
    outer loop
      vertex -1.2 5 7.99
      vertex -0.982982 4.31171 7.99
      vertex -1.03923 4.4 7.99
    endloop
  endfacet
  facet normal 0 0 -1
    outer loop
      vertex -0.848528 12.3485 7.99
      vertex -1.2 11.5 7.99
      vertex -0.919252 12.2713 7.99
    endloop
  endfacet
  facet normal 0 0 -1
    outer loop
      vertex -1.2 5 7.99
      vertex -1.03923 4.4 7.99
      vertex -1.08757 4.49286 7.99
    endloop
  endfacet
  facet normal 0 0 -1
    outer loop
      vertex -0.919252 12.2713 7.99
      vertex -1.2 11.5 7.99
      vertex -0.982982 12.1883 7.99
    endloop
  endfacet
  facet normal 0 0 -1
    outer loop
      vertex -1.2 5 7.99
      vertex -1.08757 4.49286 7.99
      vertex -1.12763 4.58958 7.99
    endloop
  endfacet
  facet normal 0 0 -1
    outer loop
      vertex -0.982982 12.1883 7.99
      vertex -1.2 11.5 7.99
      vertex -1.03923 12.1 7.99
    endloop
  endfacet
  facet normal 0 0 -1
    outer loop
      vertex -1.2 5 7.99
      vertex -1.12763 4.58958 7.99
      vertex -1.15911 4.68942 7.99
    endloop
  endfacet
  facet normal 0 0 -1
    outer loop
      vertex -1.03923 12.1 7.99
      vertex -1.2 11.5 7.99
      vertex -1.08757 12.0071 7.99
    endloop
  endfacet
  facet normal 0 0 -1
    outer loop
      vertex -1.2 5 7.99
      vertex -1.15911 4.68942 7.99
      vertex -1.18177 4.79162 7.99
    endloop
  endfacet
  facet normal 0 0 -1
    outer loop
      vertex -1.08757 12.0071 7.99
      vertex -1.2 11.5 7.99
      vertex -1.12763 11.9104 7.99
    endloop
  endfacet
  facet normal 0 0 -1
    outer loop
      vertex -1.2 5 7.99
      vertex -1.18177 4.79162 7.99
      vertex -1.19543 4.89541 7.99
    endloop
  endfacet
  facet normal 0 0 -1
    outer loop
      vertex -1.12763 11.9104 7.99
      vertex -1.2 11.5 7.99
      vertex -1.15911 11.8106 7.99
    endloop
  endfacet
  facet normal 0 0 -1
    outer loop
      vertex -1.15911 11.8106 7.99
      vertex -1.2 11.5 7.99
      vertex -1.18177 11.7084 7.99
    endloop
  endfacet
  facet normal 0 0 -1
    outer loop
      vertex -1.18177 11.7084 7.99
      vertex -1.2 11.5 7.99
      vertex -1.19543 11.6046 7.99
    endloop
  endfacet
  facet normal -0.675559 0.737306 0
    outer loop
      vertex 0.848528 4.15147 2.99
      vertex 0.771344 4.08075 7.99
      vertex 0.848528 4.15147 7.99
    endloop
  endfacet
  facet normal -0.675559 0.737306 0
    outer loop
      vertex 0.771344 4.08075 7.99
      vertex 0.848528 4.15147 2.99
      vertex 0.771344 4.08075 2.99
    endloop
  endfacet
  facet normal -0.300708 0.953716 0
    outer loop
      vertex 0.410423 3.87237 2.99
      vertex 0.310582 3.84089 7.99
      vertex 0.410423 3.87237 7.99
    endloop
  endfacet
  facet normal -0.300708 0.953716 0
    outer loop
      vertex 0.310582 3.84089 7.99
      vertex 0.410423 3.87237 2.99
      vertex 0.310582 3.84089 2.99
    endloop
  endfacet
  facet normal 0.537307 0.843386 -0
    outer loop
      vertex -0.599999 3.96077 2.99
      vertex -0.688292 4.01702 7.99
      vertex -0.599999 3.96077 7.99
    endloop
  endfacet
  facet normal 0.537307 0.843386 0
    outer loop
      vertex -0.688292 4.01702 7.99
      vertex -0.599999 3.96077 2.99
      vertex -0.688292 4.01702 2.99
    endloop
  endfacet
  facet normal -0.608593 -0.793483 0
    outer loop
      vertex 0.688292 12.483 0
      vertex 0.771344 12.4193 7.99
      vertex 0.688292 12.483 7.99
    endloop
  endfacet
  facet normal -0.608593 -0.793483 -0
    outer loop
      vertex 0.771344 12.4193 7.99
      vertex 0.688292 12.483 0
      vertex 0.771344 12.4193 0
    endloop
  endfacet
  facet normal 0.923861 -0.382729 0
    outer loop
      vertex -1.12763 11.9104 7.99
      vertex -1.08757 12.0071 0
      vertex -1.08757 12.0071 7.99
    endloop
  endfacet
  facet normal 0.923861 -0.382729 0
    outer loop
      vertex -1.08757 12.0071 0
      vertex -1.12763 11.9104 7.99
      vertex -1.12763 11.9104 0
    endloop
  endfacet
  facet normal 0.887092 -0.461593 0
    outer loop
      vertex -1.08757 12.0071 7.99
      vertex -1.03923 12.1 0
      vertex -1.03923 12.1 7.99
    endloop
  endfacet
  facet normal 0.887092 -0.461593 0
    outer loop
      vertex -1.03923 12.1 0
      vertex -1.08757 12.0071 7.99
      vertex -1.08757 12.0071 0
    endloop
  endfacet
  facet normal 0.79316 -0.609013 0
    outer loop
      vertex -0.982982 12.1883 7.99
      vertex -0.919252 12.2713 0
      vertex -0.919252 12.2713 7.99
    endloop
  endfacet
  facet normal 0.79316 -0.609013 0
    outer loop
      vertex -0.919252 12.2713 0
      vertex -0.982982 12.1883 7.99
      vertex -0.982982 12.1883 0
    endloop
  endfacet
  facet normal 0.461758 0.887006 -0
    outer loop
      vertex -0.507141 3.91243 2.99
      vertex -0.599999 3.96077 7.99
      vertex -0.507141 3.91243 7.99
    endloop
  endfacet
  facet normal 0.461758 0.887006 0
    outer loop
      vertex -0.599999 3.96077 7.99
      vertex -0.507141 3.91243 2.99
      vertex -0.599999 3.96077 2.99
    endloop
  endfacet
  facet normal -0.216455 0.976293 0
    outer loop
      vertex 0.310582 3.84089 2.99
      vertex 0.208377 3.81823 7.99
      vertex 0.310582 3.84089 7.99
    endloop
  endfacet
  facet normal -0.216455 0.976293 0
    outer loop
      vertex 0.208377 3.81823 7.99
      vertex 0.310582 3.84089 2.99
      vertex 0.208377 3.81823 2.99
    endloop
  endfacet
  facet normal -0.382668 0.923886 0
    outer loop
      vertex 0.507141 3.91243 2.99
      vertex 0.410423 3.87237 7.99
      vertex 0.507141 3.91243 7.99
    endloop
  endfacet
  facet normal -0.382668 0.923886 0
    outer loop
      vertex 0.410423 3.87237 7.99
      vertex 0.507141 3.91243 2.99
      vertex 0.410423 3.87237 2.99
    endloop
  endfacet
  facet normal 0.73727 0.675598 0
    outer loop
      vertex -0.848528 4.15147 7.99
      vertex -0.919252 4.22865 2.99
      vertex -0.919252 4.22865 7.99
    endloop
  endfacet
  facet normal 0.73727 0.675598 0
    outer loop
      vertex -0.919252 4.22865 2.99
      vertex -0.848528 4.15147 7.99
      vertex -0.848528 4.15147 2.99
    endloop
  endfacet
  facet normal 0.675559 0.737306 -0
    outer loop
      vertex -0.771344 4.08075 2.99
      vertex -0.848528 4.15147 7.99
      vertex -0.771344 4.08075 7.99
    endloop
  endfacet
  facet normal 0.675559 0.737306 0
    outer loop
      vertex -0.848528 4.15147 7.99
      vertex -0.771344 4.08075 2.99
      vertex -0.848528 4.15147 2.99
    endloop
  endfacet
  facet normal 0.737357 -0.675503 0
    outer loop
      vertex -0.919252 12.2713 7.99
      vertex -0.848528 12.3485 0
      vertex -0.848528 12.3485 7.99
    endloop
  endfacet
  facet normal 0.737357 -0.675503 0
    outer loop
      vertex -0.848528 12.3485 0
      vertex -0.919252 12.2713 7.99
      vertex -0.919252 12.2713 0
    endloop
  endfacet
  facet normal 0.216455 0.976293 -0
    outer loop
      vertex -0.208377 3.81823 2.99
      vertex -0.310582 3.84089 7.99
      vertex -0.208377 3.81823 7.99
    endloop
  endfacet
  facet normal 0.216455 0.976293 0
    outer loop
      vertex -0.310582 3.84089 7.99
      vertex -0.208377 3.81823 2.99
      vertex -0.310582 3.84089 2.99
    endloop
  endfacet
  facet normal 0.793373 0.608736 0
    outer loop
      vertex -0.919252 4.22865 7.99
      vertex -0.982982 4.31171 2.99
      vertex -0.982982 4.31171 7.99
    endloop
  endfacet
  facet normal 0.793373 0.608736 0
    outer loop
      vertex -0.982982 4.31171 2.99
      vertex -0.919252 4.22865 7.99
      vertex -0.919252 4.22865 2.99
    endloop
  endfacet
  facet normal 0.608773 0.793344 -0
    outer loop
      vertex -0.688292 4.01702 2.99
      vertex -0.771344 4.08075 7.99
      vertex -0.688292 4.01702 7.99
    endloop
  endfacet
  facet normal 0.608773 0.793344 0
    outer loop
      vertex -0.771344 4.08075 7.99
      vertex -0.688292 4.01702 2.99
      vertex -0.771344 4.08075 2.99
    endloop
  endfacet
  facet normal 0.991452 -0.130474 0
    outer loop
      vertex -9.32716 8.23631 7.99
      vertex -9.3135 8.34011 0
      vertex -9.3135 8.34011 7.99
    endloop
  endfacet
  facet normal 0.991452 -0.130474 0
    outer loop
      vertex -9.3135 8.34011 0
      vertex -9.32716 8.23631 7.99
      vertex -9.32716 8.23631 0
    endloop
  endfacet
  facet normal -0.53732 -0.843378 0
    outer loop
      vertex -7.53173 9.17096 0
      vertex -7.44344 9.11471 7.99
      vertex -7.53173 9.17096 7.99
    endloop
  endfacet
  facet normal -0.53732 -0.843378 -0
    outer loop
      vertex -7.44344 9.11471 7.99
      vertex -7.53173 9.17096 0
      vertex -7.44344 9.11471 0
    endloop
  endfacet
  facet normal 0.737333 -0.67553 0
    outer loop
      vertex -9.05098 8.90307 7.99
      vertex -8.98026 8.98026 0
      vertex -8.98026 8.98026 7.99
    endloop
  endfacet
  facet normal 0.737333 -0.67553 0
    outer loop
      vertex -8.98026 8.98026 0
      vertex -9.05098 8.90307 7.99
      vertex -9.05098 8.90307 0
    endloop
  endfacet
  facet normal -0.382695 -0.923875 0
    outer loop
      vertex -7.7213 9.25936 0
      vertex -7.62459 9.2193 7.99
      vertex -7.7213 9.25936 7.99
    endloop
  endfacet
  facet normal -0.382695 -0.923875 -0
    outer loop
      vertex -7.62459 9.2193 7.99
      vertex -7.7213 9.25936 0
      vertex -7.62459 9.2193 0
    endloop
  endfacet
  facet normal -0.843406 -0.537277 0
    outer loop
      vertex -2.4963 4.13553 0
      vertex -2.55255 4.22383 7.99
      vertex -2.55255 4.22383 0
    endloop
  endfacet
  facet normal -0.843406 -0.537277 0
    outer loop
      vertex -2.55255 4.22383 7.99
      vertex -2.4963 4.13553 0
      vertex -2.4963 4.13553 7.99
    endloop
  endfacet
  facet normal -0.88699 -0.461789 0
    outer loop
      vertex -2.44796 4.04268 0
      vertex -2.4963 4.13553 7.99
      vertex -2.4963 4.13553 0
    endloop
  endfacet
  facet normal -0.88699 -0.461789 0
    outer loop
      vertex -2.4963 4.13553 7.99
      vertex -2.44796 4.04268 0
      vertex -2.44796 4.04268 7.99
    endloop
  endfacet
  facet normal -0.608736 -0.793373 0
    outer loop
      vertex -7.44344 9.11471 0
      vertex -7.36038 9.05098 7.99
      vertex -7.44344 9.11471 7.99
    endloop
  endfacet
  facet normal -0.608736 -0.793373 -0
    outer loop
      vertex -7.36038 9.05098 7.99
      vertex -7.44344 9.11471 0
      vertex -7.36038 9.05098 0
    endloop
  endfacet
  facet normal -0.843378 0.53732 0
    outer loop
      vertex -2.55255 2.84724 2.99
      vertex -2.4963 2.93553 7.99
      vertex -2.4963 2.93553 2.99
    endloop
  endfacet
  facet normal -0.843378 0.53732 0
    outer loop
      vertex -2.4963 2.93553 7.99
      vertex -2.55255 2.84724 2.99
      vertex -2.55255 2.84724 7.99
    endloop
  endfacet
  facet normal -0.46175 -0.88701 0
    outer loop
      vertex -7.62459 9.2193 0
      vertex -7.53173 9.17096 7.99
      vertex -7.62459 9.2193 7.99
    endloop
  endfacet
  facet normal -0.46175 -0.88701 -0
    outer loop
      vertex -7.53173 9.17096 7.99
      vertex -7.62459 9.2193 0
      vertex -7.53173 9.17096 0
    endloop
  endfacet
  facet normal -0.382661 0.923889 0
    outer loop
      vertex -3.02839 2.44796 2.99
      vertex -3.12511 2.4079 7.99
      vertex -3.02839 2.44796 7.99
    endloop
  endfacet
  facet normal -0.382661 0.923889 0
    outer loop
      vertex -3.12511 2.4079 7.99
      vertex -3.02839 2.44796 2.99
      vertex -3.12511 2.4079 2.99
    endloop
  endfacet
  facet normal 0.843378 -0.53732 0
    outer loop
      vertex -9.17096 8.73173 7.99
      vertex -9.11471 8.82002 0
      vertex -9.11471 8.82002 7.99
    endloop
  endfacet
  facet normal 0.843378 -0.53732 0
    outer loop
      vertex -9.11471 8.82002 0
      vertex -9.17096 8.73173 7.99
      vertex -9.17096 8.73173 0
    endloop
  endfacet
  facet normal 0.793337 -0.608782 0
    outer loop
      vertex -9.11471 8.82002 7.99
      vertex -9.05098 8.90307 0
      vertex -9.05098 8.90307 7.99
    endloop
  endfacet
  facet normal 0.793337 -0.608782 0
    outer loop
      vertex -9.05098 8.90307 0
      vertex -9.11471 8.82002 7.99
      vertex -9.11471 8.82002 0
    endloop
  endfacet
  facet normal -0.216465 -0.97629 0
    outer loop
      vertex -7.92335 9.3135 0
      vertex -7.82115 9.29084 7.99
      vertex -7.92335 9.3135 7.99
    endloop
  endfacet
  facet normal -0.216465 -0.97629 -0
    outer loop
      vertex -7.82115 9.29084 7.99
      vertex -7.92335 9.3135 0
      vertex -7.82115 9.29084 0
    endloop
  endfacet
  facet normal -0.707107 -0.707107 0
    outer loop
      vertex -7.2832 8.98026 0
      vertex -6.07211 7.76917 5
      vertex -7.2832 8.98026 7.99
    endloop
  endfacet
  facet normal -0.707107 -0.707107 0
    outer loop
      vertex -7.2832 8.98026 0
      vertex -5.20807 6.90513 5
      vertex -6.07211 7.76917 5
    endloop
  endfacet
  facet normal -0.707108 -0.707106 6.38501e-07
    outer loop
      vertex -2.68701 4.38406 0
      vertex -5.20807 6.90513 5
      vertex -7.2832 8.98026 0
    endloop
  endfacet
  facet normal -0.707108 -0.707105 -0
    outer loop
      vertex -2.68701 4.38406 7.99
      vertex -5.20807 6.90513 5
      vertex -2.68701 4.38406 0
    endloop
  endfacet
  facet normal -0.707108 -0.707105 0
    outer loop
      vertex -5.20807 6.90513 5
      vertex -2.68701 4.38406 7.99
      vertex -5.20807 6.90513 7.99
    endloop
  endfacet
  facet normal -0.707107 -0.707107 0
    outer loop
      vertex -7.2832 8.98026 7.99
      vertex -6.07211 7.76917 5
      vertex -6.07211 7.76917 7.99
    endloop
  endfacet
  facet normal 0.843378 0.53732 0
    outer loop
      vertex -9.11471 7.44344 7.99
      vertex -9.17096 7.53173 0
      vertex -9.17096 7.53173 7.99
    endloop
  endfacet
  facet normal 0.843378 0.53732 0
    outer loop
      vertex -9.17096 7.53173 0
      vertex -9.11471 7.44344 7.99
      vertex -9.11471 7.44344 0
    endloop
  endfacet
  facet normal 0.923889 -0.382661 0
    outer loop
      vertex -9.25936 8.54215 7.99
      vertex -9.2193 8.63887 0
      vertex -9.2193 8.63887 7.99
    endloop
  endfacet
  facet normal 0.923889 -0.382661 0
    outer loop
      vertex -9.2193 8.63887 0
      vertex -9.25936 8.54215 7.99
      vertex -9.25936 8.54215 0
    endloop
  endfacet
  facet normal 0.46175 -0.88701 0
    outer loop
      vertex -8.73173 9.17096 0
      vertex -8.63887 9.2193 7.99
      vertex -8.73173 9.17096 7.99
    endloop
  endfacet
  facet normal 0.46175 -0.88701 0
    outer loop
      vertex -8.63887 9.2193 7.99
      vertex -8.73173 9.17096 0
      vertex -8.63887 9.2193 0
    endloop
  endfacet
  facet normal -0.953715 0.300711 0
    outer loop
      vertex -2.4079 3.12511 2.99
      vertex -2.37642 3.22495 7.99
      vertex -2.37642 3.22495 2.99
    endloop
  endfacet
  facet normal -0.953715 0.300711 0
    outer loop
      vertex -2.37642 3.22495 7.99
      vertex -2.4079 3.12511 2.99
      vertex -2.4079 3.12511 7.99
    endloop
  endfacet
  facet normal -0.300711 0.953715 0
    outer loop
      vertex -3.12511 2.4079 2.99
      vertex -3.22495 2.37642 7.99
      vertex -3.12511 2.4079 7.99
    endloop
  endfacet
  facet normal -0.300711 0.953715 0
    outer loop
      vertex -3.22495 2.37642 7.99
      vertex -3.12511 2.4079 2.99
      vertex -3.22495 2.37642 2.99
    endloop
  endfacet
  facet normal 0.130487 0.99145 -0
    outer loop
      vertex -3.64012 2.3401 2.99
      vertex -3.74391 2.35376 7.99
      vertex -3.64012 2.3401 7.99
    endloop
  endfacet
  facet normal 0.130487 0.99145 0
    outer loop
      vertex -3.74391 2.35376 7.99
      vertex -3.64012 2.3401 2.99
      vertex -3.74391 2.35376 2.99
    endloop
  endfacet
  facet normal 0.216445 0.976295 -0
    outer loop
      vertex -3.74391 2.35376 2.99
      vertex -3.84612 2.37642 7.99
      vertex -3.74391 2.35376 7.99
    endloop
  endfacet
  facet normal 0.216443 0.976295 -4.60517e-08
    outer loop
      vertex -3.82023 2.37068 2.99
      vertex -3.84612 2.37642 7.99
      vertex -3.74391 2.35376 2.99
    endloop
  endfacet
  facet normal 0.216451 0.976293 0
    outer loop
      vertex -3.84612 2.37642 0
      vertex -3.82023 2.37068 2.99
      vertex -3.82023 2.37068 0
    endloop
  endfacet
  facet normal 0.216451 0.976293 0
    outer loop
      vertex -3.82023 2.37068 2.99
      vertex -3.84612 2.37642 0
      vertex -3.84612 2.37642 7.99
    endloop
  endfacet
  facet normal 0.737289 0.675578 0
    outer loop
      vertex -8.98026 7.2832 7.99
      vertex -9.05098 7.36038 0
      vertex -9.05098 7.36038 7.99
    endloop
  endfacet
  facet normal 0.737289 0.675578 0
    outer loop
      vertex -9.05098 7.36038 0
      vertex -8.98026 7.2832 7.99
      vertex -8.98026 7.2832 0
    endloop
  endfacet
  facet normal 0.88701 0.46175 0
    outer loop
      vertex -9.17096 7.53173 7.99
      vertex -9.2193 7.62459 0
      vertex -9.2193 7.62459 7.99
    endloop
  endfacet
  facet normal 0.88701 0.46175 0
    outer loop
      vertex -9.2193 7.62459 0
      vertex -9.17096 7.53173 7.99
      vertex -9.17096 7.53173 0
    endloop
  endfacet
  facet normal -0.793337 -0.608782 0
    outer loop
      vertex -2.55255 4.22383 0
      vertex -2.61628 4.30688 7.99
      vertex -2.61628 4.30688 0
    endloop
  endfacet
  facet normal -0.793337 -0.608782 0
    outer loop
      vertex -2.61628 4.30688 7.99
      vertex -2.55255 4.22383 0
      vertex -2.55255 4.22383 7.99
    endloop
  endfacet
  facet normal 0.707106 0.707108 0
    outer loop
      vertex -4.38406 2.68701 7.99
      vertex -8.98026 7.2832 0
      vertex -8.98026 7.2832 7.99
    endloop
  endfacet
  facet normal 0.707106 0.707108 0
    outer loop
      vertex -8.98026 7.2832 0
      vertex -4.38406 2.68701 7.99
      vertex -4.38406 2.68701 0
    endloop
  endfacet
  facet normal -0.923889 0.382661 0
    outer loop
      vertex -2.44796 3.02839 2.99
      vertex -2.4079 3.12511 7.99
      vertex -2.4079 3.12511 2.99
    endloop
  endfacet
  facet normal -0.923889 0.382661 0
    outer loop
      vertex -2.4079 3.12511 7.99
      vertex -2.44796 3.02839 2.99
      vertex -2.44796 3.02839 7.99
    endloop
  endfacet
  facet normal 0.675629 0.737241 -0
    outer loop
      vertex -4.30688 2.61628 0
      vertex -4.38406 2.68701 7.99
      vertex -4.30688 2.61628 7.99
    endloop
  endfacet
  facet normal 0.675629 0.737241 0
    outer loop
      vertex -4.38406 2.68701 7.99
      vertex -4.30688 2.61628 0
      vertex -4.38406 2.68701 0
    endloop
  endfacet
  facet normal -0.675578 -0.737289 0
    outer loop
      vertex -7.36038 9.05098 0
      vertex -7.2832 8.98026 7.99
      vertex -7.36038 9.05098 7.99
    endloop
  endfacet
  facet normal -0.675578 -0.737289 -0
    outer loop
      vertex -7.2832 8.98026 7.99
      vertex -7.36038 9.05098 0
      vertex -7.2832 8.98026 0
    endloop
  endfacet
  facet normal 0.97629 -0.216465 0
    outer loop
      vertex -9.3135 8.34011 7.99
      vertex -9.29084 8.44231 0
      vertex -9.29084 8.44231 7.99
    endloop
  endfacet
  facet normal 0.97629 -0.216465 0
    outer loop
      vertex -9.29084 8.44231 0
      vertex -9.3135 8.34011 7.99
      vertex -9.3135 8.34011 0
    endloop
  endfacet
  facet normal -0.0436528 -0.999047 0
    outer loop
      vertex -8.13173 9.33173 0
      vertex -8.02714 9.32716 7.99
      vertex -8.13173 9.33173 7.99
    endloop
  endfacet
  facet normal -0.0436528 -0.999047 -0
    outer loop
      vertex -8.02714 9.32716 7.99
      vertex -8.13173 9.33173 0
      vertex -8.02714 9.32716 0
    endloop
  endfacet
  facet normal -0.737241 -0.675629 0
    outer loop
      vertex -2.61628 4.30688 0
      vertex -2.68701 4.38406 7.99
      vertex -2.68701 4.38406 0
    endloop
  endfacet
  facet normal -0.737241 -0.675629 0
    outer loop
      vertex -2.68701 4.38406 7.99
      vertex -2.61628 4.30688 0
      vertex -2.61628 4.30688 7.99
    endloop
  endfacet
  facet normal 0.97629 0.216465 0
    outer loop
      vertex -9.29084 7.82115 7.99
      vertex -9.3135 7.92335 0
      vertex -9.3135 7.92335 7.99
    endloop
  endfacet
  facet normal 0.97629 0.216465 0
    outer loop
      vertex -9.3135 7.92335 0
      vertex -9.29084 7.82115 7.99
      vertex -9.29084 7.82115 0
    endloop
  endfacet
  facet normal 0.608782 0.793337 -0
    outer loop
      vertex -4.22383 2.55255 0
      vertex -4.30688 2.61628 7.99
      vertex -4.22383 2.55255 7.99
    endloop
  endfacet
  facet normal 0.608782 0.793337 0
    outer loop
      vertex -4.30688 2.61628 7.99
      vertex -4.22383 2.55255 0
      vertex -4.30688 2.61628 0
    endloop
  endfacet
  facet normal 0.923875 0.382695 0
    outer loop
      vertex -9.2193 7.62459 7.99
      vertex -9.25936 7.7213 0
      vertex -9.25936 7.7213 7.99
    endloop
  endfacet
  facet normal 0.923875 0.382695 0
    outer loop
      vertex -9.25936 7.7213 0
      vertex -9.2193 7.62459 7.99
      vertex -9.2193 7.62459 0
    endloop
  endfacet
  facet normal 0.999047 0.0436528 0
    outer loop
      vertex -9.32716 8.02714 7.99
      vertex -9.33173 8.13173 0
      vertex -9.33173 8.13173 7.99
    endloop
  endfacet
  facet normal 0.999047 0.0436528 0
    outer loop
      vertex -9.33173 8.13173 0
      vertex -9.32716 8.02714 7.99
      vertex -9.32716 8.02714 0
    endloop
  endfacet
  facet normal 0.953715 -0.300711 0
    outer loop
      vertex -9.29084 8.44231 7.99
      vertex -9.25936 8.54215 0
      vertex -9.25936 8.54215 7.99
    endloop
  endfacet
  facet normal 0.953715 -0.300711 0
    outer loop
      vertex -9.25936 8.54215 0
      vertex -9.29084 8.44231 7.99
      vertex -9.29084 8.44231 0
    endloop
  endfacet
  facet normal 0.537277 0.843406 -0
    outer loop
      vertex -4.13553 2.4963 0
      vertex -4.22383 2.55255 7.99
      vertex -4.13553 2.4963 7.99
    endloop
  endfacet
  facet normal 0.537277 0.843406 0
    outer loop
      vertex -4.22383 2.55255 7.99
      vertex -4.13553 2.4963 0
      vertex -4.22383 2.55255 0
    endloop
  endfacet
  facet normal -0.976295 0.216445 0
    outer loop
      vertex -2.37642 3.22495 2.99
      vertex -2.35376 3.32716 7.99
      vertex -2.35376 3.32716 2.99
    endloop
  endfacet
  facet normal -0.976295 0.216445 0
    outer loop
      vertex -2.35376 3.32716 7.99
      vertex -2.37642 3.22495 2.99
      vertex -2.37642 3.22495 7.99
    endloop
  endfacet
  facet normal -0.608782 0.793337 0
    outer loop
      vertex -2.76419 2.61628 2.99
      vertex -2.84724 2.55255 7.99
      vertex -2.76419 2.61628 7.99
    endloop
  endfacet
  facet normal -0.608782 0.793337 0
    outer loop
      vertex -2.84724 2.55255 7.99
      vertex -2.76419 2.61628 2.99
      vertex -2.84724 2.55255 2.99
    endloop
  endfacet
  facet normal 0.88701 -0.46175 0
    outer loop
      vertex -9.2193 8.63887 7.99
      vertex -9.17096 8.73173 0
      vertex -9.17096 8.73173 7.99
    endloop
  endfacet
  facet normal 0.88701 -0.46175 0
    outer loop
      vertex -9.17096 8.73173 0
      vertex -9.2193 8.63887 7.99
      vertex -9.2193 8.63887 0
    endloop
  endfacet
  facet normal -0.976293 -0.216451 -0
    outer loop
      vertex -2.37068 3.82023 2.99
      vertex -2.37642 3.84612 0
      vertex -2.37068 3.82023 0
    endloop
  endfacet
  facet normal -0.976293 -0.216451 0
    outer loop
      vertex -2.37642 3.84612 0
      vertex -2.37068 3.82023 2.99
      vertex -2.37642 3.84612 7.99
    endloop
  endfacet
  facet normal -0.976295 -0.216443 -4.60517e-08
    outer loop
      vertex -2.35376 3.74391 2.99
      vertex -2.37642 3.84612 7.99
      vertex -2.37068 3.82023 2.99
    endloop
  endfacet
  facet normal -0.976295 -0.216445 0
    outer loop
      vertex -2.37642 3.84612 7.99
      vertex -2.35376 3.74391 2.99
      vertex -2.35376 3.74391 7.99
    endloop
  endfacet
  facet normal -0.737241 0.675629 0
    outer loop
      vertex -2.68701 2.68701 2.99
      vertex -2.61628 2.76419 7.99
      vertex -2.61628 2.76419 2.99
    endloop
  endfacet
  facet normal -0.737241 0.675629 0
    outer loop
      vertex -2.61628 2.76419 7.99
      vertex -2.68701 2.68701 2.99
      vertex -2.68701 2.68701 7.99
    endloop
  endfacet
  facet normal -0.99145 0.130487 0
    outer loop
      vertex -2.35376 3.32716 2.99
      vertex -2.3401 3.43095 7.99
      vertex -2.3401 3.43095 2.99
    endloop
  endfacet
  facet normal -0.99145 0.130487 0
    outer loop
      vertex -2.3401 3.43095 7.99
      vertex -2.35376 3.32716 2.99
      vertex -2.35376 3.32716 7.99
    endloop
  endfacet
  facet normal 0.793373 0.608736 0
    outer loop
      vertex -9.05098 7.36038 7.99
      vertex -9.11471 7.44344 0
      vertex -9.11471 7.44344 7.99
    endloop
  endfacet
  facet normal 0.793373 0.608736 0
    outer loop
      vertex -9.11471 7.44344 0
      vertex -9.05098 7.36038 7.99
      vertex -9.05098 7.36038 0
    endloop
  endfacet
  facet normal 0 0 -1
    outer loop
      vertex -2.3401 3.43095 7.99
      vertex -2.3401 3.64012 7.99
      vertex -2.33553 3.53553 7.99
    endloop
  endfacet
  facet normal 0 0 -1
    outer loop
      vertex -2.35376 3.32716 7.99
      vertex -2.3401 3.64012 7.99
      vertex -2.3401 3.43095 7.99
    endloop
  endfacet
  facet normal 0 0 -1
    outer loop
      vertex -2.35376 3.32716 7.99
      vertex -2.35376 3.74391 7.99
      vertex -2.3401 3.64012 7.99
    endloop
  endfacet
  facet normal 0 0 -1
    outer loop
      vertex -2.37642 3.22495 7.99
      vertex -2.35376 3.74391 7.99
      vertex -2.35376 3.32716 7.99
    endloop
  endfacet
  facet normal 0 0 -1
    outer loop
      vertex -2.37642 3.22495 7.99
      vertex -2.37642 3.84612 7.99
      vertex -2.35376 3.74391 7.99
    endloop
  endfacet
  facet normal 0 0 -1
    outer loop
      vertex -2.4079 3.12511 7.99
      vertex -2.37642 3.84612 7.99
      vertex -2.37642 3.22495 7.99
    endloop
  endfacet
  facet normal 0 0 -1
    outer loop
      vertex -2.4079 3.12511 7.99
      vertex -2.4079 3.94596 7.99
      vertex -2.37642 3.84612 7.99
    endloop
  endfacet
  facet normal 0 0 -1
    outer loop
      vertex -2.44796 3.02839 7.99
      vertex -2.4079 3.94596 7.99
      vertex -2.4079 3.12511 7.99
    endloop
  endfacet
  facet normal 0 0 -1
    outer loop
      vertex -2.44796 3.02839 7.99
      vertex -2.44796 4.04268 7.99
      vertex -2.4079 3.94596 7.99
    endloop
  endfacet
  facet normal 0 0 -1
    outer loop
      vertex -2.4963 2.93553 7.99
      vertex -2.44796 4.04268 7.99
      vertex -2.44796 3.02839 7.99
    endloop
  endfacet
  facet normal 0 0 -1
    outer loop
      vertex -2.4963 2.93553 7.99
      vertex -2.4963 4.13553 7.99
      vertex -2.44796 4.04268 7.99
    endloop
  endfacet
  facet normal 0 0 -1
    outer loop
      vertex -2.55255 2.84724 7.99
      vertex -2.4963 4.13553 7.99
      vertex -2.4963 2.93553 7.99
    endloop
  endfacet
  facet normal 0 0 -1
    outer loop
      vertex -2.55255 2.84724 7.99
      vertex -2.55255 4.22383 7.99
      vertex -2.4963 4.13553 7.99
    endloop
  endfacet
  facet normal 0 0 -1
    outer loop
      vertex -2.61628 2.76419 7.99
      vertex -2.55255 4.22383 7.99
      vertex -2.55255 2.84724 7.99
    endloop
  endfacet
  facet normal 0 0 -1
    outer loop
      vertex -2.61628 2.76419 7.99
      vertex -2.61628 4.30688 7.99
      vertex -2.55255 4.22383 7.99
    endloop
  endfacet
  facet normal 0 0 -1
    outer loop
      vertex -2.68701 2.68701 7.99
      vertex -2.61628 4.30688 7.99
      vertex -2.61628 2.76419 7.99
    endloop
  endfacet
  facet normal 0 0 -1
    outer loop
      vertex -2.68701 2.68701 7.99
      vertex -2.68701 4.38406 7.99
      vertex -2.61628 4.30688 7.99
    endloop
  endfacet
  facet normal 0 0 -1
    outer loop
      vertex -2.76419 2.61628 7.99
      vertex -2.68701 4.38406 7.99
      vertex -2.68701 2.68701 7.99
    endloop
  endfacet
  facet normal 0 0 -1
    outer loop
      vertex -2.84724 2.55255 7.99
      vertex -2.68701 4.38406 7.99
      vertex -2.76419 2.61628 7.99
    endloop
  endfacet
  facet normal 0 0 -1
    outer loop
      vertex -2.93553 2.4963 7.99
      vertex -2.68701 4.38406 7.99
      vertex -2.84724 2.55255 7.99
    endloop
  endfacet
  facet normal 0 0 -1
    outer loop
      vertex -3.02839 2.44796 7.99
      vertex -2.68701 4.38406 7.99
      vertex -2.93553 2.4963 7.99
    endloop
  endfacet
  facet normal 0 0 -1
    outer loop
      vertex -3.12511 2.4079 7.99
      vertex -2.68701 4.38406 7.99
      vertex -3.02839 2.44796 7.99
    endloop
  endfacet
  facet normal 0 0 -1
    outer loop
      vertex -3.22495 2.37642 7.99
      vertex -2.68701 4.38406 7.99
      vertex -3.12511 2.4079 7.99
    endloop
  endfacet
  facet normal 0 0 -1
    outer loop
      vertex -3.32716 2.35376 7.99
      vertex -2.68701 4.38406 7.99
      vertex -3.22495 2.37642 7.99
    endloop
  endfacet
  facet normal 0 0 -1
    outer loop
      vertex -3.43095 2.3401 7.99
      vertex -2.68701 4.38406 7.99
      vertex -3.32716 2.35376 7.99
    endloop
  endfacet
  facet normal 0 0 -1
    outer loop
      vertex -3.53553 2.33553 7.99
      vertex -2.68701 4.38406 7.99
      vertex -3.43095 2.3401 7.99
    endloop
  endfacet
  facet normal 0 0 -1
    outer loop
      vertex -3.64012 2.3401 7.99
      vertex -2.68701 4.38406 7.99
      vertex -3.53553 2.33553 7.99
    endloop
  endfacet
  facet normal 0 0 -1
    outer loop
      vertex -3.74391 2.35376 7.99
      vertex -2.68701 4.38406 7.99
      vertex -3.64012 2.3401 7.99
    endloop
  endfacet
  facet normal 0 0 -1
    outer loop
      vertex -3.84612 2.37642 7.99
      vertex -2.68701 4.38406 7.99
      vertex -3.74391 2.35376 7.99
    endloop
  endfacet
  facet normal 0 0 -1
    outer loop
      vertex -3.94596 2.4079 7.99
      vertex -2.68701 4.38406 7.99
      vertex -3.84612 2.37642 7.99
    endloop
  endfacet
  facet normal 0 0 -1
    outer loop
      vertex -4.04268 2.44796 7.99
      vertex -2.68701 4.38406 7.99
      vertex -3.94596 2.4079 7.99
    endloop
  endfacet
  facet normal 0 0 -1
    outer loop
      vertex -4.13553 2.4963 7.99
      vertex -2.68701 4.38406 7.99
      vertex -4.04268 2.44796 7.99
    endloop
  endfacet
  facet normal 0 0 -1
    outer loop
      vertex -4.22383 2.55255 7.99
      vertex -2.68701 4.38406 7.99
      vertex -4.13553 2.4963 7.99
    endloop
  endfacet
  facet normal 0 0 -1
    outer loop
      vertex -4.30688 2.61628 7.99
      vertex -2.68701 4.38406 7.99
      vertex -4.22383 2.55255 7.99
    endloop
  endfacet
  facet normal 0 0 -1
    outer loop
      vertex -4.38406 2.68701 7.99
      vertex -2.68701 4.38406 7.99
      vertex -4.30688 2.61628 7.99
    endloop
  endfacet
  facet normal 0 0 -1
    outer loop
      vertex -4.38406 2.68701 7.99
      vertex -5.20807 6.90513 7.99
      vertex -2.68701 4.38406 7.99
    endloop
  endfacet
  facet normal 0 0 -1
    outer loop
      vertex -4.38406 2.68701 7.99
      vertex -5.22883 6.91167 7.99
      vertex -5.20807 6.90513 7.99
    endloop
  endfacet
  facet normal 0 0 -1
    outer loop
      vertex -4.38406 2.68701 7.99
      vertex -5.34167 6.95841 7.99
      vertex -5.22883 6.91167 7.99
    endloop
  endfacet
  facet normal 0 0 -1
    outer loop
      vertex -4.38406 2.68701 7.99
      vertex -5.45 7.0148 7.99
      vertex -5.34167 6.95841 7.99
    endloop
  endfacet
  facet normal 0 0 -1
    outer loop
      vertex -4.38406 2.68701 7.99
      vertex -5.55301 7.08043 7.99
      vertex -5.45 7.0148 7.99
    endloop
  endfacet
  facet normal 0 0 -1
    outer loop
      vertex -8.98026 7.2832 7.99
      vertex -5.55301 7.08043 7.99
      vertex -4.38406 2.68701 7.99
    endloop
  endfacet
  facet normal 0 0 -1
    outer loop
      vertex -5.55301 7.08043 7.99
      vertex -8.98026 7.2832 7.99
      vertex -5.6499 7.15478 7.99
    endloop
  endfacet
  facet normal 0 0 -1
    outer loop
      vertex -5.6499 7.15478 7.99
      vertex -8.98026 7.2832 7.99
      vertex -5.73995 7.23729 7.99
    endloop
  endfacet
  facet normal 0 0 -1
    outer loop
      vertex -5.73995 7.23729 7.99
      vertex -8.98026 7.2832 7.99
      vertex -5.82246 7.32734 7.99
    endloop
  endfacet
  facet normal -0 0 -1
    outer loop
      vertex -5.82246 7.32734 7.99
      vertex -8.98026 7.2832 7.99
      vertex -5.89681 7.42423 7.99
    endloop
  endfacet
  facet normal -0 0 -1
    outer loop
      vertex -5.89681 7.42423 7.99
      vertex -8.98026 7.2832 7.99
      vertex -5.96243 7.52724 7.99
    endloop
  endfacet
  facet normal -0 0 -1
    outer loop
      vertex -5.96243 7.52724 7.99
      vertex -8.98026 7.2832 7.99
      vertex -6.01883 7.63558 7.99
    endloop
  endfacet
  facet normal 0 0 -1
    outer loop
      vertex -8.98026 7.2832 7.99
      vertex -6.07211 7.76917 7.99
      vertex -6.06557 7.74841 7.99
    endloop
  endfacet
  facet normal -0 0 -1
    outer loop
      vertex -6.01883 7.63558 7.99
      vertex -8.98026 7.2832 7.99
      vertex -6.06557 7.74841 7.99
    endloop
  endfacet
  facet normal -0 0 -1
    outer loop
      vertex -6.07211 7.76917 7.99
      vertex -8.98026 7.2832 7.99
      vertex -7.2832 8.98026 7.99
    endloop
  endfacet
  facet normal -0 0 -1
    outer loop
      vertex -7.2832 8.98026 7.99
      vertex -8.98026 7.2832 7.99
      vertex -7.36038 9.05098 7.99
    endloop
  endfacet
  facet normal -0 0 -1
    outer loop
      vertex -7.36038 9.05098 7.99
      vertex -8.98026 7.2832 7.99
      vertex -7.44344 9.11471 7.99
    endloop
  endfacet
  facet normal -0 0 -1
    outer loop
      vertex -7.44344 9.11471 7.99
      vertex -8.98026 7.2832 7.99
      vertex -7.53173 9.17096 7.99
    endloop
  endfacet
  facet normal -0 0 -1
    outer loop
      vertex -7.53173 9.17096 7.99
      vertex -8.98026 7.2832 7.99
      vertex -7.62459 9.2193 7.99
    endloop
  endfacet
  facet normal -0 0 -1
    outer loop
      vertex -7.62459 9.2193 7.99
      vertex -8.98026 7.2832 7.99
      vertex -7.7213 9.25936 7.99
    endloop
  endfacet
  facet normal -0 0 -1
    outer loop
      vertex -7.7213 9.25936 7.99
      vertex -8.98026 7.2832 7.99
      vertex -7.82115 9.29084 7.99
    endloop
  endfacet
  facet normal -0 0 -1
    outer loop
      vertex -7.82115 9.29084 7.99
      vertex -8.98026 7.2832 7.99
      vertex -7.92335 9.3135 7.99
    endloop
  endfacet
  facet normal -0 0 -1
    outer loop
      vertex -7.92335 9.3135 7.99
      vertex -8.98026 7.2832 7.99
      vertex -8.02714 9.32716 7.99
    endloop
  endfacet
  facet normal -0 0 -1
    outer loop
      vertex -8.02714 9.32716 7.99
      vertex -8.98026 7.2832 7.99
      vertex -8.13173 9.33173 7.99
    endloop
  endfacet
  facet normal 0 0 -1
    outer loop
      vertex -8.13173 9.33173 7.99
      vertex -8.98026 7.2832 7.99
      vertex -8.23631 9.32716 7.99
    endloop
  endfacet
  facet normal 0 0 -1
    outer loop
      vertex -8.23631 9.32716 7.99
      vertex -8.98026 7.2832 7.99
      vertex -8.34011 9.3135 7.99
    endloop
  endfacet
  facet normal 0 0 -1
    outer loop
      vertex -8.34011 9.3135 7.99
      vertex -8.98026 7.2832 7.99
      vertex -8.44231 9.29084 7.99
    endloop
  endfacet
  facet normal 0 0 -1
    outer loop
      vertex -8.44231 9.29084 7.99
      vertex -8.98026 7.2832 7.99
      vertex -8.54215 9.25936 7.99
    endloop
  endfacet
  facet normal 0 0 -1
    outer loop
      vertex -8.54215 9.25936 7.99
      vertex -8.98026 7.2832 7.99
      vertex -8.63887 9.2193 7.99
    endloop
  endfacet
  facet normal 0 0 -1
    outer loop
      vertex -8.63887 9.2193 7.99
      vertex -8.98026 7.2832 7.99
      vertex -8.73173 9.17096 7.99
    endloop
  endfacet
  facet normal 0 0 -1
    outer loop
      vertex -8.73173 9.17096 7.99
      vertex -8.98026 7.2832 7.99
      vertex -8.82002 9.11471 7.99
    endloop
  endfacet
  facet normal 0 0 -1
    outer loop
      vertex -8.82002 9.11471 7.99
      vertex -8.98026 7.2832 7.99
      vertex -8.90307 9.05098 7.99
    endloop
  endfacet
  facet normal 0 0 -1
    outer loop
      vertex -8.98026 7.2832 7.99
      vertex -8.98026 8.98026 7.99
      vertex -8.90307 9.05098 7.99
    endloop
  endfacet
  facet normal 0 0 -1
    outer loop
      vertex -9.05098 7.36038 7.99
      vertex -8.98026 8.98026 7.99
      vertex -8.98026 7.2832 7.99
    endloop
  endfacet
  facet normal 0 0 -1
    outer loop
      vertex -9.05098 7.36038 7.99
      vertex -9.05098 8.90307 7.99
      vertex -8.98026 8.98026 7.99
    endloop
  endfacet
  facet normal 0 0 -1
    outer loop
      vertex -9.11471 7.44344 7.99
      vertex -9.05098 8.90307 7.99
      vertex -9.05098 7.36038 7.99
    endloop
  endfacet
  facet normal 0 0 -1
    outer loop
      vertex -9.11471 7.44344 7.99
      vertex -9.11471 8.82002 7.99
      vertex -9.05098 8.90307 7.99
    endloop
  endfacet
  facet normal 0 0 -1
    outer loop
      vertex -9.17096 7.53173 7.99
      vertex -9.11471 8.82002 7.99
      vertex -9.11471 7.44344 7.99
    endloop
  endfacet
  facet normal 0 0 -1
    outer loop
      vertex -9.17096 7.53173 7.99
      vertex -9.17096 8.73173 7.99
      vertex -9.11471 8.82002 7.99
    endloop
  endfacet
  facet normal 0 0 -1
    outer loop
      vertex -9.2193 7.62459 7.99
      vertex -9.17096 8.73173 7.99
      vertex -9.17096 7.53173 7.99
    endloop
  endfacet
  facet normal 0 0 -1
    outer loop
      vertex -9.2193 7.62459 7.99
      vertex -9.2193 8.63887 7.99
      vertex -9.17096 8.73173 7.99
    endloop
  endfacet
  facet normal 0 0 -1
    outer loop
      vertex -9.25936 7.7213 7.99
      vertex -9.2193 8.63887 7.99
      vertex -9.2193 7.62459 7.99
    endloop
  endfacet
  facet normal 0 0 -1
    outer loop
      vertex -9.25936 7.7213 7.99
      vertex -9.25936 8.54215 7.99
      vertex -9.2193 8.63887 7.99
    endloop
  endfacet
  facet normal 0 0 -1
    outer loop
      vertex -9.29084 7.82115 7.99
      vertex -9.25936 8.54215 7.99
      vertex -9.25936 7.7213 7.99
    endloop
  endfacet
  facet normal 0 0 -1
    outer loop
      vertex -9.29084 7.82115 7.99
      vertex -9.29084 8.44231 7.99
      vertex -9.25936 8.54215 7.99
    endloop
  endfacet
  facet normal 0 0 -1
    outer loop
      vertex -9.3135 7.92335 7.99
      vertex -9.29084 8.44231 7.99
      vertex -9.29084 7.82115 7.99
    endloop
  endfacet
  facet normal 0 0 -1
    outer loop
      vertex -9.3135 7.92335 7.99
      vertex -9.3135 8.34011 7.99
      vertex -9.29084 8.44231 7.99
    endloop
  endfacet
  facet normal 0 0 -1
    outer loop
      vertex -9.32716 8.02714 7.99
      vertex -9.3135 8.34011 7.99
      vertex -9.3135 7.92335 7.99
    endloop
  endfacet
  facet normal 0 0 -1
    outer loop
      vertex -9.32716 8.02714 7.99
      vertex -9.32716 8.23631 7.99
      vertex -9.3135 8.34011 7.99
    endloop
  endfacet
  facet normal 0 -0 -1
    outer loop
      vertex -9.32716 8.23631 7.99
      vertex -9.32716 8.02714 7.99
      vertex -9.33173 8.13173 7.99
    endloop
  endfacet
  facet normal -0.53732 0.843378 0
    outer loop
      vertex -2.84724 2.55255 2.99
      vertex -2.93553 2.4963 7.99
      vertex -2.84724 2.55255 7.99
    endloop
  endfacet
  facet normal -0.53732 0.843378 0
    outer loop
      vertex -2.93553 2.4963 7.99
      vertex -2.84724 2.55255 2.99
      vertex -2.93553 2.4963 2.99
    endloop
  endfacet
  facet normal -0.216445 0.976295 0
    outer loop
      vertex -3.22495 2.37642 2.99
      vertex -3.32716 2.35376 7.99
      vertex -3.22495 2.37642 7.99
    endloop
  endfacet
  facet normal -0.216445 0.976295 0
    outer loop
      vertex -3.32716 2.35376 7.99
      vertex -3.22495 2.37642 2.99
      vertex -3.32716 2.35376 2.99
    endloop
  endfacet
  facet normal -0.923889 -0.382661 0
    outer loop
      vertex -2.4079 3.94596 0
      vertex -2.44796 4.04268 7.99
      vertex -2.44796 4.04268 0
    endloop
  endfacet
  facet normal -0.923889 -0.382661 0
    outer loop
      vertex -2.44796 4.04268 7.99
      vertex -2.4079 3.94596 0
      vertex -2.4079 3.94596 7.99
    endloop
  endfacet
  facet normal 0.216465 -0.97629 0
    outer loop
      vertex -8.44231 9.29084 0
      vertex -8.34011 9.3135 7.99
      vertex -8.44231 9.29084 7.99
    endloop
  endfacet
  facet normal 0.216465 -0.97629 0
    outer loop
      vertex -8.34011 9.3135 7.99
      vertex -8.44231 9.29084 0
      vertex -8.34011 9.3135 0
    endloop
  endfacet
  facet normal -0.793337 0.608782 0
    outer loop
      vertex -2.61628 2.76419 2.99
      vertex -2.55255 2.84724 7.99
      vertex -2.55255 2.84724 2.99
    endloop
  endfacet
  facet normal -0.793337 0.608782 0
    outer loop
      vertex -2.55255 2.84724 7.99
      vertex -2.61628 2.76419 2.99
      vertex -2.61628 2.76419 7.99
    endloop
  endfacet
  facet normal 0.0436569 -0.999047 0
    outer loop
      vertex -8.23631 9.32716 0
      vertex -8.13173 9.33173 7.99
      vertex -8.23631 9.32716 7.99
    endloop
  endfacet
  facet normal 0.0436569 -0.999047 0
    outer loop
      vertex -8.13173 9.33173 7.99
      vertex -8.23631 9.32716 0
      vertex -8.13173 9.33173 0
    endloop
  endfacet
  facet normal -0.130487 0.99145 0
    outer loop
      vertex -3.32716 2.35376 2.99
      vertex -3.43095 2.3401 7.99
      vertex -3.32716 2.35376 7.99
    endloop
  endfacet
  facet normal -0.130487 0.99145 0
    outer loop
      vertex -3.43095 2.3401 7.99
      vertex -3.32716 2.35376 2.99
      vertex -3.43095 2.3401 2.99
    endloop
  endfacet
  facet normal -0.300683 -0.953724 0
    outer loop
      vertex -7.82115 9.29084 0
      vertex -7.7213 9.25936 7.99
      vertex -7.82115 9.29084 7.99
    endloop
  endfacet
  facet normal -0.300683 -0.953724 -0
    outer loop
      vertex -7.7213 9.25936 7.99
      vertex -7.82115 9.29084 0
      vertex -7.7213 9.25936 0
    endloop
  endfacet
  facet normal 0.608782 -0.793337 0
    outer loop
      vertex -8.90307 9.05098 0
      vertex -8.82002 9.11471 7.99
      vertex -8.90307 9.05098 7.99
    endloop
  endfacet
  facet normal 0.608782 -0.793337 0
    outer loop
      vertex -8.82002 9.11471 7.99
      vertex -8.90307 9.05098 0
      vertex -8.82002 9.11471 0
    endloop
  endfacet
  facet normal 0.999047 -0.0436569 0
    outer loop
      vertex -9.33173 8.13173 7.99
      vertex -9.32716 8.23631 0
      vertex -9.32716 8.23631 7.99
    endloop
  endfacet
  facet normal 0.999047 -0.0436569 0
    outer loop
      vertex -9.32716 8.23631 0
      vertex -9.33173 8.13173 7.99
      vertex -9.33173 8.13173 0
    endloop
  endfacet
  facet normal -0.46175 0.88701 0
    outer loop
      vertex -2.93553 2.4963 2.99
      vertex -3.02839 2.44796 7.99
      vertex -2.93553 2.4963 7.99
    endloop
  endfacet
  facet normal -0.46175 0.88701 0
    outer loop
      vertex -3.02839 2.44796 7.99
      vertex -2.93553 2.4963 2.99
      vertex -3.02839 2.44796 2.99
    endloop
  endfacet
  facet normal 0.953724 0.300683 0
    outer loop
      vertex -9.25936 7.7213 7.99
      vertex -9.29084 7.82115 0
      vertex -9.29084 7.82115 7.99
    endloop
  endfacet
  facet normal 0.953724 0.300683 0
    outer loop
      vertex -9.29084 7.82115 0
      vertex -9.25936 7.7213 7.99
      vertex -9.25936 7.7213 0
    endloop
  endfacet
  facet normal -0.999047 0.0436569 0
    outer loop
      vertex -2.3401 3.43095 2.99
      vertex -2.33553 3.53553 7.99
      vertex -2.33553 3.53553 2.99
    endloop
  endfacet
  facet normal -0.999047 0.0436569 0
    outer loop
      vertex -2.33553 3.53553 7.99
      vertex -2.3401 3.43095 2.99
      vertex -2.3401 3.43095 7.99
    endloop
  endfacet
  facet normal 0.382661 -0.923889 0
    outer loop
      vertex -8.63887 9.2193 0
      vertex -8.54215 9.25936 7.99
      vertex -8.63887 9.2193 7.99
    endloop
  endfacet
  facet normal 0.382661 -0.923889 0
    outer loop
      vertex -8.54215 9.25936 7.99
      vertex -8.63887 9.2193 0
      vertex -8.54215 9.25936 0
    endloop
  endfacet
  facet normal 0.67553 -0.737333 0
    outer loop
      vertex -8.98026 8.98026 0
      vertex -8.90307 9.05098 7.99
      vertex -8.98026 8.98026 7.99
    endloop
  endfacet
  facet normal 0.67553 -0.737333 0
    outer loop
      vertex -8.90307 9.05098 7.99
      vertex -8.98026 8.98026 0
      vertex -8.90307 9.05098 0
    endloop
  endfacet
  facet normal 0.461789 0.88699 -0
    outer loop
      vertex -4.04268 2.44796 0
      vertex -4.13553 2.4963 7.99
      vertex -4.04268 2.44796 7.99
    endloop
  endfacet
  facet normal 0.461789 0.88699 0
    outer loop
      vertex -4.13553 2.4963 7.99
      vertex -4.04268 2.44796 0
      vertex -4.13553 2.4963 0
    endloop
  endfacet
  facet normal 0.99145 0.130487 0
    outer loop
      vertex -9.3135 7.92335 7.99
      vertex -9.32716 8.02714 0
      vertex -9.32716 8.02714 7.99
    endloop
  endfacet
  facet normal 0.99145 0.130487 0
    outer loop
      vertex -9.32716 8.02714 0
      vertex -9.3135 7.92335 7.99
      vertex -9.3135 7.92335 0
    endloop
  endfacet
  facet normal -0.953715 -0.300711 0
    outer loop
      vertex -2.37642 3.84612 0
      vertex -2.4079 3.94596 7.99
      vertex -2.4079 3.94596 0
    endloop
  endfacet
  facet normal -0.953715 -0.300711 0
    outer loop
      vertex -2.4079 3.94596 7.99
      vertex -2.37642 3.84612 0
      vertex -2.37642 3.84612 7.99
    endloop
  endfacet
  facet normal 0.300711 -0.953715 0
    outer loop
      vertex -8.54215 9.25936 0
      vertex -8.44231 9.29084 7.99
      vertex -8.54215 9.25936 7.99
    endloop
  endfacet
  facet normal 0.300711 -0.953715 0
    outer loop
      vertex -8.44231 9.29084 7.99
      vertex -8.54215 9.25936 0
      vertex -8.44231 9.29084 0
    endloop
  endfacet
  facet normal -0.99145 -0.130487 0
    outer loop
      vertex -2.3401 3.64012 2.99
      vertex -2.35376 3.74391 7.99
      vertex -2.35376 3.74391 2.99
    endloop
  endfacet
  facet normal -0.99145 -0.130487 0
    outer loop
      vertex -2.35376 3.74391 7.99
      vertex -2.3401 3.64012 2.99
      vertex -2.3401 3.64012 7.99
    endloop
  endfacet
  facet normal -0.130487 -0.99145 0
    outer loop
      vertex -8.02714 9.32716 0
      vertex -7.92335 9.3135 7.99
      vertex -8.02714 9.32716 7.99
    endloop
  endfacet
  facet normal -0.130487 -0.99145 -0
    outer loop
      vertex -7.92335 9.3135 7.99
      vertex -8.02714 9.32716 0
      vertex -7.92335 9.3135 0
    endloop
  endfacet
  facet normal -0.88701 0.46175 0
    outer loop
      vertex -2.4963 2.93553 2.99
      vertex -2.44796 3.02839 7.99
      vertex -2.44796 3.02839 2.99
    endloop
  endfacet
  facet normal -0.88701 0.46175 0
    outer loop
      vertex -2.44796 3.02839 7.99
      vertex -2.4963 2.93553 2.99
      vertex -2.4963 2.93553 7.99
    endloop
  endfacet
  facet normal 0.130474 -0.991452 0
    outer loop
      vertex -8.34011 9.3135 0
      vertex -8.23631 9.32716 7.99
      vertex -8.34011 9.3135 7.99
    endloop
  endfacet
  facet normal 0.130474 -0.991452 0
    outer loop
      vertex -8.23631 9.32716 7.99
      vertex -8.34011 9.3135 0
      vertex -8.23631 9.32716 0
    endloop
  endfacet
  facet normal 0.300711 0.953715 -0
    outer loop
      vertex -3.84612 2.37642 0
      vertex -3.94596 2.4079 7.99
      vertex -3.84612 2.37642 7.99
    endloop
  endfacet
  facet normal 0.300711 0.953715 0
    outer loop
      vertex -3.94596 2.4079 7.99
      vertex -3.84612 2.37642 0
      vertex -3.94596 2.4079 0
    endloop
  endfacet
  facet normal 0.53732 -0.843378 0
    outer loop
      vertex -8.82002 9.11471 0
      vertex -8.73173 9.17096 7.99
      vertex -8.82002 9.11471 7.99
    endloop
  endfacet
  facet normal 0.53732 -0.843378 0
    outer loop
      vertex -8.73173 9.17096 7.99
      vertex -8.82002 9.11471 0
      vertex -8.73173 9.17096 0
    endloop
  endfacet
  facet normal 0.0436528 0.999047 -0
    outer loop
      vertex -3.53553 2.33553 2.99
      vertex -3.64012 2.3401 7.99
      vertex -3.53553 2.33553 7.99
    endloop
  endfacet
  facet normal 0.0436528 0.999047 0
    outer loop
      vertex -3.64012 2.3401 7.99
      vertex -3.53553 2.33553 2.99
      vertex -3.64012 2.3401 2.99
    endloop
  endfacet
  facet normal -0.0436569 0.999047 0
    outer loop
      vertex -3.43095 2.3401 2.99
      vertex -3.53553 2.33553 7.99
      vertex -3.43095 2.3401 7.99
    endloop
  endfacet
  facet normal -0.0436569 0.999047 0
    outer loop
      vertex -3.53553 2.33553 7.99
      vertex -3.43095 2.3401 2.99
      vertex -3.53553 2.33553 2.99
    endloop
  endfacet
  facet normal 0.382661 0.923889 -0
    outer loop
      vertex -3.94596 2.4079 0
      vertex -4.04268 2.44796 7.99
      vertex -3.94596 2.4079 7.99
    endloop
  endfacet
  facet normal 0.382661 0.923889 0
    outer loop
      vertex -4.04268 2.44796 7.99
      vertex -3.94596 2.4079 0
      vertex -4.04268 2.44796 0
    endloop
  endfacet
  facet normal -0.999047 -0.0436528 0
    outer loop
      vertex -2.33553 3.53553 2.99
      vertex -2.3401 3.64012 7.99
      vertex -2.3401 3.64012 2.99
    endloop
  endfacet
  facet normal -0.999047 -0.0436528 0
    outer loop
      vertex -2.3401 3.64012 7.99
      vertex -2.33553 3.53553 2.99
      vertex -2.33553 3.53553 7.99
    endloop
  endfacet
  facet normal -0.675629 0.737241 0
    outer loop
      vertex -2.68701 2.68701 2.99
      vertex -2.76419 2.61628 7.99
      vertex -2.68701 2.68701 7.99
    endloop
  endfacet
  facet normal -0.675629 0.737241 0
    outer loop
      vertex -2.76419 2.61628 7.99
      vertex -2.68701 2.68701 2.99
      vertex -2.76419 2.61628 2.99
    endloop
  endfacet
  facet normal 0.130474 -0.991452 0
    outer loop
      vertex -11.7084 1.18177 0
      vertex -11.6046 1.19543 7.99
      vertex -11.7084 1.18177 7.99
    endloop
  endfacet
  facet normal 0.130474 -0.991452 0
    outer loop
      vertex -11.6046 1.19543 7.99
      vertex -11.7084 1.18177 0
      vertex -11.6046 1.19543 0
    endloop
  endfacet
  facet normal 0.216465 -0.97629 0
    outer loop
      vertex -11.8106 1.15911 0
      vertex -11.7084 1.18177 7.99
      vertex -11.8106 1.15911 7.99
    endloop
  endfacet
  facet normal 0.216465 -0.97629 0
    outer loop
      vertex -11.7084 1.18177 7.99
      vertex -11.8106 1.15911 0
      vertex -11.7084 1.18177 0
    endloop
  endfacet
  facet normal -0.300711 -0.953715 0
    outer loop
      vertex -4.68942 1.15911 0
      vertex -4.58958 1.12763 7.99
      vertex -4.68942 1.15911 7.99
    endloop
  endfacet
  facet normal -0.300711 -0.953715 -0
    outer loop
      vertex -4.58958 1.12763 7.99
      vertex -4.68942 1.15911 0
      vertex -4.58958 1.12763 0
    endloop
  endfacet
  facet normal -0.130487 0.99145 0
    outer loop
      vertex -4.79162 -1.18177 0
      vertex -4.89541 -1.19543 7.99
      vertex -4.79162 -1.18177 7.99
    endloop
  endfacet
  facet normal -0.130487 0.99145 0
    outer loop
      vertex -4.89541 -1.19543 7.99
      vertex -4.79162 -1.18177 0
      vertex -4.89541 -1.19543 0
    endloop
  endfacet
  facet normal 0.924089 -0.382179 0
    outer loop
      vertex -12.6276 0.410423 7.99
      vertex -12.5876 0.507141 0
      vertex -12.5876 0.507141 7.99
    endloop
  endfacet
  facet normal 0.924089 -0.382179 0
    outer loop
      vertex -12.5876 0.507141 0
      vertex -12.6276 0.410423 7.99
      vertex -12.6276 0.410423 0
    endloop
  endfacet
  facet normal 0.991524 0.129923 0
    outer loop
      vertex -12.6818 -0.208377 7.99
      vertex -12.6954 -0.104587 0
      vertex -12.6954 -0.104587 7.99
    endloop
  endfacet
  facet normal 0.991524 0.129923 0
    outer loop
      vertex -12.6954 -0.104587 0
      vertex -12.6818 -0.208377 7.99
      vertex -12.6818 -0.208377 0
    endloop
  endfacet
  facet normal 0.537264 -0.843414 0
    outer loop
      vertex -12.1883 0.982982 0
      vertex -12.1 1.03923 7.99
      vertex -12.1883 0.982982 7.99
    endloop
  endfacet
  facet normal 0.537264 -0.843414 0
    outer loop
      vertex -12.1 1.03923 7.99
      vertex -12.1883 0.982982 0
      vertex -12.1 1.03923 0
    endloop
  endfacet
  facet normal 0.382729 -0.923861 0
    outer loop
      vertex -12.0071 1.08757 0
      vertex -11.9104 1.12763 7.99
      vertex -12.0071 1.08757 7.99
    endloop
  endfacet
  facet normal 0.382729 -0.923861 0
    outer loop
      vertex -11.9104 1.12763 7.99
      vertex -12.0071 1.08757 0
      vertex -11.9104 1.12763 0
    endloop
  endfacet
  facet normal -0.216465 -0.97629 0
    outer loop
      vertex -4.79162 1.18177 0
      vertex -4.68942 1.15911 7.99
      vertex -4.79162 1.18177 7.99
    endloop
  endfacet
  facet normal -0.216465 -0.97629 -0
    outer loop
      vertex -4.68942 1.15911 7.99
      vertex -4.79162 1.18177 0
      vertex -4.68942 1.15911 0
    endloop
  endfacet
  facet normal 0.0436486 -0.999047 0
    outer loop
      vertex -11.6046 1.19543 0
      vertex -11.5 1.2 7.99
      vertex -11.6046 1.19543 7.99
    endloop
  endfacet
  facet normal 0.0436486 -0.999047 0
    outer loop
      vertex -11.5 1.2 7.99
      vertex -11.6046 1.19543 0
      vertex -11.5 1.2 0
    endloop
  endfacet
  facet normal -0.216465 0.97629 0
    outer loop
      vertex -4.68942 -1.15911 0
      vertex -4.79162 -1.18177 7.99
      vertex -4.68942 -1.15911 7.99
    endloop
  endfacet
  facet normal -0.216465 0.97629 0
    outer loop
      vertex -4.79162 -1.18177 7.99
      vertex -4.68942 -1.15911 0
      vertex -4.79162 -1.18177 0
    endloop
  endfacet
  facet normal 0.30082 -0.953681 0
    outer loop
      vertex -11.9104 1.12763 0
      vertex -11.8106 1.15911 7.99
      vertex -11.9104 1.12763 7.99
    endloop
  endfacet
  facet normal 0.30082 -0.953681 0
    outer loop
      vertex -11.8106 1.15911 7.99
      vertex -11.9104 1.12763 0
      vertex -11.8106 1.15911 0
    endloop
  endfacet
  facet normal -0.999047 -0.043654 0
    outer loop
      vertex -3.8 0 2.99
      vertex -3.80457 0.104587 7.99
      vertex -3.80457 0.104587 2.99
    endloop
  endfacet
  facet normal -0.999047 -0.043654 0
    outer loop
      vertex -3.80457 0.104587 7.99
      vertex -3.8 0 2.99
      vertex -3.8 0 7.99
    endloop
  endfacet
  facet normal -0.382661 -0.923889 0
    outer loop
      vertex -4.58958 1.12763 0
      vertex -4.49286 1.08757 7.99
      vertex -4.58958 1.12763 7.99
    endloop
  endfacet
  facet normal -0.382661 -0.923889 -0
    outer loop
      vertex -4.49286 1.08757 7.99
      vertex -4.58958 1.12763 0
      vertex -4.49286 1.08757 0
    endloop
  endfacet
  facet normal -0.923886 0.382668 0
    outer loop
      vertex -3.91243 -0.507141 2.99
      vertex -3.87237 -0.410423 7.99
      vertex -3.87237 -0.410423 2.99
    endloop
  endfacet
  facet normal -0.923886 0.382668 0
    outer loop
      vertex -3.87237 -0.410423 7.99
      vertex -3.91243 -0.507141 2.99
      vertex -3.91243 -0.507141 7.99
    endloop
  endfacet
  facet normal -0.675598 -0.73727 0
    outer loop
      vertex -4.22865 0.919252 2.99
      vertex -4.15147 0.848528 7.99
      vertex -4.22865 0.919252 7.99
    endloop
  endfacet
  facet normal -0.675598 -0.73727 -0
    outer loop
      vertex -4.15147 0.848528 7.99
      vertex -4.22865 0.919252 2.99
      vertex -4.15147 0.848528 2.99
    endloop
  endfacet
  facet normal 0 -1 0
    outer loop
      vertex -11.5 1.2 0
      vertex -5 1.2 7.99
      vertex -11.5 1.2 7.99
    endloop
  endfacet
  facet normal 0 -1 -0
    outer loop
      vertex -5 1.2 7.99
      vertex -11.5 1.2 0
      vertex -5 1.2 0
    endloop
  endfacet
  facet normal 0.216465 0.97629 -0
    outer loop
      vertex -11.7084 -1.18177 0
      vertex -11.8106 -1.15911 7.99
      vertex -11.7084 -1.18177 7.99
    endloop
  endfacet
  facet normal 0.216465 0.97629 0
    outer loop
      vertex -11.8106 -1.15911 7.99
      vertex -11.7084 -1.18177 0
      vertex -11.8106 -1.15911 0
    endloop
  endfacet
  facet normal 0.0436486 0.999047 -0
    outer loop
      vertex -11.5 -1.2 0
      vertex -11.6046 -1.19543 7.99
      vertex -11.5 -1.2 7.99
    endloop
  endfacet
  facet normal 0.0436486 0.999047 0
    outer loop
      vertex -11.6046 -1.19543 7.99
      vertex -11.5 -1.2 0
      vertex -11.6046 -1.19543 0
    endloop
  endfacet
  facet normal 0.30082 0.953681 -0
    outer loop
      vertex -11.8106 -1.15911 0
      vertex -11.9104 -1.12763 7.99
      vertex -11.8106 -1.15911 7.99
    endloop
  endfacet
  facet normal 0.30082 0.953681 0
    outer loop
      vertex -11.9104 -1.12763 7.99
      vertex -11.8106 -1.15911 0
      vertex -11.9104 -1.12763 0
    endloop
  endfacet
  facet normal 0 1 -0
    outer loop
      vertex -5 -1.2 0
      vertex -11.5 -1.2 7.99
      vertex -5 -1.2 7.99
    endloop
  endfacet
  facet normal 0 1 0
    outer loop
      vertex -11.5 -1.2 7.99
      vertex -5 -1.2 0
      vertex -11.5 -1.2 0
    endloop
  endfacet
  facet normal -0.0436528 -0.999047 0
    outer loop
      vertex -5 1.2 0
      vertex -4.89541 1.19543 7.99
      vertex -5 1.2 7.99
    endloop
  endfacet
  facet normal -0.0436528 -0.999047 -0
    outer loop
      vertex -4.89541 1.19543 7.99
      vertex -5 1.2 0
      vertex -4.89541 1.19543 0
    endloop
  endfacet
  facet normal -0.0436528 0.999047 0
    outer loop
      vertex -4.89541 -1.19543 0
      vertex -5 -1.2 7.99
      vertex -4.89541 -1.19543 7.99
    endloop
  endfacet
  facet normal -0.0436528 0.999047 0
    outer loop
      vertex -5 -1.2 7.99
      vertex -4.89541 -1.19543 0
      vertex -5 -1.2 0
    endloop
  endfacet
  facet normal 0.609013 -0.79316 0
    outer loop
      vertex -12.2713 0.919252 0
      vertex -12.1883 0.982982 7.99
      vertex -12.2713 0.919252 7.99
    endloop
  endfacet
  facet normal 0.609013 -0.79316 0
    outer loop
      vertex -12.1883 0.982982 7.99
      vertex -12.2713 0.919252 0
      vertex -12.1883 0.982982 0
    endloop
  endfacet
  facet normal -0.537307 -0.843387 8.16201e-07
    outer loop
      vertex -4.4 1.03923 7.99
      vertex -4.37764 1.02498 2.99
      vertex -4.31171 0.982982 7.99
    endloop
  endfacet
  facet normal -0.537437 -0.843304 0
    outer loop
      vertex -4.4 1.03923 0
      vertex -4.37764 1.02498 2.99
      vertex -4.4 1.03923 7.99
    endloop
  endfacet
  facet normal -0.537437 -0.843304 -0
    outer loop
      vertex -4.37764 1.02498 2.99
      vertex -4.4 1.03923 0
      vertex -4.37764 1.02498 0
    endloop
  endfacet
  facet normal -0.537263 -0.843415 -0
    outer loop
      vertex -4.31171 0.982982 7.99
      vertex -4.37764 1.02498 2.99
      vertex -4.31171 0.982982 2.99
    endloop
  endfacet
  facet normal -0.99145 0.130487 0
    outer loop
      vertex -3.81823 -0.208377 2.99
      vertex -3.80457 -0.104587 7.99
      vertex -3.80457 -0.104587 2.99
    endloop
  endfacet
  facet normal -0.99145 0.130487 0
    outer loop
      vertex -3.80457 -0.104587 7.99
      vertex -3.81823 -0.208377 2.99
      vertex -3.81823 -0.208377 7.99
    endloop
  endfacet
  facet normal 0.953661 0.300882 0
    outer loop
      vertex -12.6276 -0.410423 7.99
      vertex -12.6591 -0.310582 0
      vertex -12.6591 -0.310582 7.99
    endloop
  endfacet
  facet normal 0.953661 0.300882 0
    outer loop
      vertex -12.6591 -0.310582 0
      vertex -12.6276 -0.410423 7.99
      vertex -12.6276 -0.410423 0
    endloop
  endfacet
  facet normal 0.924089 0.382179 0
    outer loop
      vertex -12.5876 -0.507141 7.99
      vertex -12.6276 -0.410423 0
      vertex -12.6276 -0.410423 7.99
    endloop
  endfacet
  facet normal 0.924089 0.382179 0
    outer loop
      vertex -12.6276 -0.410423 0
      vertex -12.5876 -0.507141 7.99
      vertex -12.5876 -0.507141 0
    endloop
  endfacet
  facet normal 0.886771 -0.462208 0
    outer loop
      vertex -12.5876 0.507141 7.99
      vertex -12.5392 0.599999 0
      vertex -12.5392 0.599999 7.99
    endloop
  endfacet
  facet normal 0.886771 -0.462208 0
    outer loop
      vertex -12.5392 0.599999 0
      vertex -12.5876 0.507141 7.99
      vertex -12.5876 0.507141 0
    endloop
  endfacet
  facet normal -0.999047 0.043654 0
    outer loop
      vertex -3.80457 -0.104587 2.99
      vertex -3.8 0 7.99
      vertex -3.8 0 2.99
    endloop
  endfacet
  facet normal -0.999047 0.043654 0
    outer loop
      vertex -3.8 0 7.99
      vertex -3.80457 -0.104587 2.99
      vertex -3.80457 -0.104587 7.99
    endloop
  endfacet
  facet normal -0.382661 0.923889 0
    outer loop
      vertex -4.49286 -1.08757 0
      vertex -4.58958 -1.12763 7.99
      vertex -4.49286 -1.08757 7.99
    endloop
  endfacet
  facet normal -0.382661 0.923889 0
    outer loop
      vertex -4.58958 -1.12763 7.99
      vertex -4.49286 -1.08757 0
      vertex -4.58958 -1.12763 0
    endloop
  endfacet
  facet normal 0.461593 -0.887092 0
    outer loop
      vertex -12.1 1.03923 0
      vertex -12.0071 1.08757 7.99
      vertex -12.1 1.03923 7.99
    endloop
  endfacet
  facet normal 0.461593 -0.887092 0
    outer loop
      vertex -12.0071 1.08757 7.99
      vertex -12.1 1.03923 0
      vertex -12.0071 1.08757 0
    endloop
  endfacet
  facet normal 0.953661 -0.300882 0
    outer loop
      vertex -12.6591 0.310582 7.99
      vertex -12.6276 0.410423 0
      vertex -12.6276 0.410423 7.99
    endloop
  endfacet
  facet normal 0.953661 -0.300882 0
    outer loop
      vertex -12.6276 0.410423 0
      vertex -12.6591 0.310582 7.99
      vertex -12.6591 0.310582 0
    endloop
  endfacet
  facet normal -0.887006 -0.461758 0
    outer loop
      vertex -3.91243 0.507141 2.99
      vertex -3.96077 0.599999 7.99
      vertex -3.96077 0.599999 2.99
    endloop
  endfacet
  facet normal -0.887006 -0.461758 0
    outer loop
      vertex -3.96077 0.599999 7.99
      vertex -3.91243 0.507141 2.99
      vertex -3.91243 0.507141 7.99
    endloop
  endfacet
  facet normal -0.953716 0.300708 0
    outer loop
      vertex -3.87237 -0.410423 2.99
      vertex -3.84089 -0.310582 7.99
      vertex -3.84089 -0.310582 2.99
    endloop
  endfacet
  facet normal -0.953716 0.300708 0
    outer loop
      vertex -3.84089 -0.310582 7.99
      vertex -3.87237 -0.410423 2.99
      vertex -3.87237 -0.410423 7.99
    endloop
  endfacet
  facet normal 0.130474 0.991452 -0
    outer loop
      vertex -11.6046 -1.19543 0
      vertex -11.7084 -1.18177 7.99
      vertex -11.6046 -1.19543 7.99
    endloop
  endfacet
  facet normal 0.130474 0.991452 0
    outer loop
      vertex -11.7084 -1.18177 7.99
      vertex -11.6046 -1.19543 0
      vertex -11.7084 -1.18177 0
    endloop
  endfacet
  facet normal -0.608736 -0.793373 0
    outer loop
      vertex -4.31171 0.982982 2.99
      vertex -4.22865 0.919252 7.99
      vertex -4.31171 0.982982 7.99
    endloop
  endfacet
  facet normal -0.608736 -0.793373 -0
    outer loop
      vertex -4.22865 0.919252 7.99
      vertex -4.31171 0.982982 2.99
      vertex -4.22865 0.919252 2.99
    endloop
  endfacet
  facet normal 0.999034 -0.04394 0
    outer loop
      vertex -12.7 0 7.99
      vertex -12.6954 0.104587 0
      vertex -12.6954 0.104587 7.99
    endloop
  endfacet
  facet normal 0.999034 -0.04394 0
    outer loop
      vertex -12.6954 0.104587 0
      vertex -12.7 0 7.99
      vertex -12.7 0 0
    endloop
  endfacet
  facet normal 0.976212 -0.216819 0
    outer loop
      vertex -12.6818 0.208377 7.99
      vertex -12.6591 0.310582 0
      vertex -12.6591 0.310582 7.99
    endloop
  endfacet
  facet normal 0.976212 -0.216819 0
    outer loop
      vertex -12.6591 0.310582 0
      vertex -12.6818 0.208377 7.99
      vertex -12.6818 0.208377 0
    endloop
  endfacet
  facet normal 0.675503 -0.737357 0
    outer loop
      vertex -12.3485 0.848528 0
      vertex -12.2713 0.919252 7.99
      vertex -12.3485 0.848528 7.99
    endloop
  endfacet
  facet normal 0.675503 -0.737357 0
    outer loop
      vertex -12.2713 0.919252 7.99
      vertex -12.3485 0.848528 0
      vertex -12.2713 0.919252 0
    endloop
  endfacet
  facet normal -0.300711 0.953715 0
    outer loop
      vertex -4.58958 -1.12763 0
      vertex -4.68942 -1.15911 7.99
      vertex -4.58958 -1.12763 7.99
    endloop
  endfacet
  facet normal -0.300711 0.953715 0
    outer loop
      vertex -4.68942 -1.15911 7.99
      vertex -4.58958 -1.12763 0
      vertex -4.68942 -1.15911 0
    endloop
  endfacet
  facet normal 0.843603 -0.536968 0
    outer loop
      vertex -12.5392 0.599999 7.99
      vertex -12.483 0.688292 0
      vertex -12.483 0.688292 7.99
    endloop
  endfacet
  facet normal 0.843603 -0.536968 0
    outer loop
      vertex -12.483 0.688292 0
      vertex -12.5392 0.599999 7.99
      vertex -12.5392 0.599999 0
    endloop
  endfacet
  facet normal 0.886771 0.462208 0
    outer loop
      vertex -12.5392 -0.599999 7.99
      vertex -12.5876 -0.507141 0
      vertex -12.5876 -0.507141 7.99
    endloop
  endfacet
  facet normal 0.886771 0.462208 0
    outer loop
      vertex -12.5876 -0.507141 0
      vertex -12.5392 -0.599999 7.99
      vertex -12.5392 -0.599999 0
    endloop
  endfacet
  facet normal -0.99145 -0.130487 0
    outer loop
      vertex -3.80457 0.104587 2.99
      vertex -3.81823 0.208377 7.99
      vertex -3.81823 0.208377 2.99
    endloop
  endfacet
  facet normal -0.99145 -0.130487 0
    outer loop
      vertex -3.81823 0.208377 7.99
      vertex -3.80457 0.104587 2.99
      vertex -3.80457 0.104587 7.99
    endloop
  endfacet
  facet normal 0.736926 -0.675974 0
    outer loop
      vertex -12.4193 0.771344 7.99
      vertex -12.3485 0.848528 0
      vertex -12.3485 0.848528 7.99
    endloop
  endfacet
  facet normal 0.736926 -0.675974 0
    outer loop
      vertex -12.3485 0.848528 0
      vertex -12.4193 0.771344 7.99
      vertex -12.4193 0.771344 0
    endloop
  endfacet
  facet normal -0.537307 0.843387 0
    outer loop
      vertex -4.31171 -0.982982 2.99
      vertex -4.4 -1.03923 7.99
      vertex -4.31171 -0.982982 7.99
    endloop
  endfacet
  facet normal -0.537263 0.843415 1.09305e-06
    outer loop
      vertex -4.37764 -1.02498 2.99
      vertex -4.4 -1.03923 7.99
      vertex -4.31171 -0.982982 2.99
    endloop
  endfacet
  facet normal -0.537437 0.843304 0
    outer loop
      vertex -4.4 -1.03923 0
      vertex -4.37764 -1.02498 2.99
      vertex -4.37764 -1.02498 0
    endloop
  endfacet
  facet normal -0.537437 0.843304 0
    outer loop
      vertex -4.37764 -1.02498 2.99
      vertex -4.4 -1.03923 0
      vertex -4.4 -1.03923 7.99
    endloop
  endfacet
  facet normal 0.461593 0.887092 -0
    outer loop
      vertex -12.0071 -1.08757 0
      vertex -12.1 -1.03923 7.99
      vertex -12.0071 -1.08757 7.99
    endloop
  endfacet
  facet normal 0.461593 0.887092 0
    outer loop
      vertex -12.1 -1.03923 7.99
      vertex -12.0071 -1.08757 0
      vertex -12.1 -1.03923 0
    endloop
  endfacet
  facet normal 0.999034 0.04394 0
    outer loop
      vertex -12.6954 -0.104587 7.99
      vertex -12.7 0 0
      vertex -12.7 0 7.99
    endloop
  endfacet
  facet normal 0.999034 0.04394 0
    outer loop
      vertex -12.7 0 0
      vertex -12.6954 -0.104587 7.99
      vertex -12.6954 -0.104587 0
    endloop
  endfacet
  facet normal -0.130487 -0.99145 0
    outer loop
      vertex -4.89541 1.19543 0
      vertex -4.79162 1.18177 7.99
      vertex -4.89541 1.19543 7.99
    endloop
  endfacet
  facet normal -0.130487 -0.99145 -0
    outer loop
      vertex -4.79162 1.18177 7.99
      vertex -4.89541 1.19543 0
      vertex -4.79162 1.18177 0
    endloop
  endfacet
  facet normal -0.46175 -0.88701 0
    outer loop
      vertex -4.49286 1.08757 0
      vertex -4.4 1.03923 7.99
      vertex -4.49286 1.08757 7.99
    endloop
  endfacet
  facet normal -0.46175 -0.88701 -0
    outer loop
      vertex -4.4 1.03923 7.99
      vertex -4.49286 1.08757 0
      vertex -4.4 1.03923 0
    endloop
  endfacet
  facet normal 0.976212 0.216819 0
    outer loop
      vertex -12.6591 -0.310582 7.99
      vertex -12.6818 -0.208377 0
      vertex -12.6818 -0.208377 7.99
    endloop
  endfacet
  facet normal 0.976212 0.216819 0
    outer loop
      vertex -12.6818 -0.208377 0
      vertex -12.6591 -0.310582 7.99
      vertex -12.6591 -0.310582 0
    endloop
  endfacet
  facet normal 0.537264 0.843414 -0
    outer loop
      vertex -12.1 -1.03923 0
      vertex -12.1883 -0.982982 7.99
      vertex -12.1 -1.03923 7.99
    endloop
  endfacet
  facet normal 0.537264 0.843414 0
    outer loop
      vertex -12.1883 -0.982982 7.99
      vertex -12.1 -1.03923 0
      vertex -12.1883 -0.982982 0
    endloop
  endfacet
  facet normal -0.793344 -0.608773 0
    outer loop
      vertex -4.01702 0.688292 2.99
      vertex -4.08075 0.771344 7.99
      vertex -4.08075 0.771344 2.99
    endloop
  endfacet
  facet normal -0.793344 -0.608773 0
    outer loop
      vertex -4.08075 0.771344 7.99
      vertex -4.01702 0.688292 2.99
      vertex -4.01702 0.688292 7.99
    endloop
  endfacet
  facet normal -0.46175 0.88701 0
    outer loop
      vertex -4.4 -1.03923 0
      vertex -4.49286 -1.08757 7.99
      vertex -4.4 -1.03923 7.99
    endloop
  endfacet
  facet normal -0.46175 0.88701 0
    outer loop
      vertex -4.49286 -1.08757 7.99
      vertex -4.4 -1.03923 0
      vertex -4.49286 -1.08757 0
    endloop
  endfacet
  facet normal 0.991524 -0.129923 0
    outer loop
      vertex -12.6954 0.104587 7.99
      vertex -12.6818 0.208377 0
      vertex -12.6818 0.208377 7.99
    endloop
  endfacet
  facet normal 0.991524 -0.129923 0
    outer loop
      vertex -12.6818 0.208377 0
      vertex -12.6954 0.104587 7.99
      vertex -12.6954 0.104587 0
    endloop
  endfacet
  facet normal -0.843386 -0.537307 0
    outer loop
      vertex -3.96077 0.599999 2.99
      vertex -4.01702 0.688292 7.99
      vertex -4.01702 0.688292 2.99
    endloop
  endfacet
  facet normal -0.843386 -0.537307 0
    outer loop
      vertex -4.01702 0.688292 7.99
      vertex -3.96077 0.599999 2.99
      vertex -3.96077 0.599999 7.99
    endloop
  endfacet
  facet normal 0.843603 0.536968 0
    outer loop
      vertex -12.483 -0.688292 7.99
      vertex -12.5392 -0.599999 0
      vertex -12.5392 -0.599999 7.99
    endloop
  endfacet
  facet normal 0.843603 0.536968 0
    outer loop
      vertex -12.5392 -0.599999 0
      vertex -12.483 -0.688292 7.99
      vertex -12.483 -0.688292 0
    endloop
  endfacet
  facet normal -0.737306 -0.675559 0
    outer loop
      vertex -4.08075 0.771344 2.99
      vertex -4.15147 0.848528 7.99
      vertex -4.15147 0.848528 2.99
    endloop
  endfacet
  facet normal -0.737306 -0.675559 0
    outer loop
      vertex -4.15147 0.848528 7.99
      vertex -4.08075 0.771344 2.99
      vertex -4.08075 0.771344 7.99
    endloop
  endfacet
  facet normal -0.953716 -0.300708 0
    outer loop
      vertex -3.84089 0.310582 2.99
      vertex -3.87237 0.410423 7.99
      vertex -3.87237 0.410423 2.99
    endloop
  endfacet
  facet normal -0.953716 -0.300708 0
    outer loop
      vertex -3.87237 0.410423 7.99
      vertex -3.84089 0.310582 2.99
      vertex -3.84089 0.310582 7.99
    endloop
  endfacet
  facet normal -0.843386 0.537307 0
    outer loop
      vertex -4.01702 -0.688292 2.99
      vertex -3.96077 -0.599999 7.99
      vertex -3.96077 -0.599999 2.99
    endloop
  endfacet
  facet normal -0.843386 0.537307 0
    outer loop
      vertex -3.96077 -0.599999 7.99
      vertex -4.01702 -0.688292 2.99
      vertex -4.01702 -0.688292 7.99
    endloop
  endfacet
  facet normal 0 0 -1
    outer loop
      vertex -3.80457 -0.104587 7.99
      vertex -3.80457 0.104587 7.99
      vertex -3.8 0 7.99
    endloop
  endfacet
  facet normal 0 0 -1
    outer loop
      vertex -3.81823 -0.208377 7.99
      vertex -3.80457 0.104587 7.99
      vertex -3.80457 -0.104587 7.99
    endloop
  endfacet
  facet normal 0 0 -1
    outer loop
      vertex -3.81823 -0.208377 7.99
      vertex -3.81823 0.208377 7.99
      vertex -3.80457 0.104587 7.99
    endloop
  endfacet
  facet normal 0 0 -1
    outer loop
      vertex -3.84089 -0.310582 7.99
      vertex -3.81823 0.208377 7.99
      vertex -3.81823 -0.208377 7.99
    endloop
  endfacet
  facet normal 0 0 -1
    outer loop
      vertex -3.84089 -0.310582 7.99
      vertex -3.84089 0.310582 7.99
      vertex -3.81823 0.208377 7.99
    endloop
  endfacet
  facet normal 0 0 -1
    outer loop
      vertex -3.87237 -0.410423 7.99
      vertex -3.84089 0.310582 7.99
      vertex -3.84089 -0.310582 7.99
    endloop
  endfacet
  facet normal 0 0 -1
    outer loop
      vertex -3.87237 -0.410423 7.99
      vertex -3.87237 0.410423 7.99
      vertex -3.84089 0.310582 7.99
    endloop
  endfacet
  facet normal 0 0 -1
    outer loop
      vertex -3.91243 -0.507141 7.99
      vertex -3.87237 0.410423 7.99
      vertex -3.87237 -0.410423 7.99
    endloop
  endfacet
  facet normal 0 0 -1
    outer loop
      vertex -3.91243 -0.507141 7.99
      vertex -3.91243 0.507141 7.99
      vertex -3.87237 0.410423 7.99
    endloop
  endfacet
  facet normal 0 0 -1
    outer loop
      vertex -3.96077 -0.599999 7.99
      vertex -3.91243 0.507141 7.99
      vertex -3.91243 -0.507141 7.99
    endloop
  endfacet
  facet normal 0 0 -1
    outer loop
      vertex -3.96077 -0.599999 7.99
      vertex -3.96077 0.599999 7.99
      vertex -3.91243 0.507141 7.99
    endloop
  endfacet
  facet normal 0 0 -1
    outer loop
      vertex -4.01702 -0.688292 7.99
      vertex -3.96077 0.599999 7.99
      vertex -3.96077 -0.599999 7.99
    endloop
  endfacet
  facet normal 0 0 -1
    outer loop
      vertex -4.01702 -0.688292 7.99
      vertex -4.01702 0.688292 7.99
      vertex -3.96077 0.599999 7.99
    endloop
  endfacet
  facet normal 0 0 -1
    outer loop
      vertex -4.08075 -0.771344 7.99
      vertex -4.01702 0.688292 7.99
      vertex -4.01702 -0.688292 7.99
    endloop
  endfacet
  facet normal 0 0 -1
    outer loop
      vertex -4.08075 -0.771344 7.99
      vertex -4.08075 0.771344 7.99
      vertex -4.01702 0.688292 7.99
    endloop
  endfacet
  facet normal 0 0 -1
    outer loop
      vertex -4.15147 -0.848528 7.99
      vertex -4.08075 0.771344 7.99
      vertex -4.08075 -0.771344 7.99
    endloop
  endfacet
  facet normal 0 0 -1
    outer loop
      vertex -4.15147 -0.848528 7.99
      vertex -4.15147 0.848528 7.99
      vertex -4.08075 0.771344 7.99
    endloop
  endfacet
  facet normal 0 0 -1
    outer loop
      vertex -4.22865 -0.919252 7.99
      vertex -4.15147 0.848528 7.99
      vertex -4.15147 -0.848528 7.99
    endloop
  endfacet
  facet normal 0 0 -1
    outer loop
      vertex -4.22865 -0.919252 7.99
      vertex -4.22865 0.919252 7.99
      vertex -4.15147 0.848528 7.99
    endloop
  endfacet
  facet normal 0 0 -1
    outer loop
      vertex -4.31171 -0.982982 7.99
      vertex -4.22865 0.919252 7.99
      vertex -4.22865 -0.919252 7.99
    endloop
  endfacet
  facet normal 0 0 -1
    outer loop
      vertex -4.31171 -0.982982 7.99
      vertex -4.31171 0.982982 7.99
      vertex -4.22865 0.919252 7.99
    endloop
  endfacet
  facet normal 0 0 -1
    outer loop
      vertex -4.4 -1.03923 7.99
      vertex -4.31171 0.982982 7.99
      vertex -4.31171 -0.982982 7.99
    endloop
  endfacet
  facet normal 0 0 -1
    outer loop
      vertex -4.4 -1.03923 7.99
      vertex -4.4 1.03923 7.99
      vertex -4.31171 0.982982 7.99
    endloop
  endfacet
  facet normal 0 0 -1
    outer loop
      vertex -4.49286 -1.08757 7.99
      vertex -4.4 1.03923 7.99
      vertex -4.4 -1.03923 7.99
    endloop
  endfacet
  facet normal 0 0 -1
    outer loop
      vertex -4.49286 -1.08757 7.99
      vertex -4.49286 1.08757 7.99
      vertex -4.4 1.03923 7.99
    endloop
  endfacet
  facet normal 0 0 -1
    outer loop
      vertex -4.58958 -1.12763 7.99
      vertex -4.49286 1.08757 7.99
      vertex -4.49286 -1.08757 7.99
    endloop
  endfacet
  facet normal 0 0 -1
    outer loop
      vertex -4.58958 -1.12763 7.99
      vertex -4.58958 1.12763 7.99
      vertex -4.49286 1.08757 7.99
    endloop
  endfacet
  facet normal 0 0 -1
    outer loop
      vertex -4.68942 -1.15911 7.99
      vertex -4.58958 1.12763 7.99
      vertex -4.58958 -1.12763 7.99
    endloop
  endfacet
  facet normal 0 0 -1
    outer loop
      vertex -4.68942 -1.15911 7.99
      vertex -4.68942 1.15911 7.99
      vertex -4.58958 1.12763 7.99
    endloop
  endfacet
  facet normal 0 0 -1
    outer loop
      vertex -4.79162 -1.18177 7.99
      vertex -4.68942 1.15911 7.99
      vertex -4.68942 -1.15911 7.99
    endloop
  endfacet
  facet normal 0 0 -1
    outer loop
      vertex -4.79162 -1.18177 7.99
      vertex -4.79162 1.18177 7.99
      vertex -4.68942 1.15911 7.99
    endloop
  endfacet
  facet normal 0 0 -1
    outer loop
      vertex -4.89541 -1.19543 7.99
      vertex -4.79162 1.18177 7.99
      vertex -4.79162 -1.18177 7.99
    endloop
  endfacet
  facet normal 0 0 -1
    outer loop
      vertex -4.89541 -1.19543 7.99
      vertex -4.89541 1.19543 7.99
      vertex -4.79162 1.18177 7.99
    endloop
  endfacet
  facet normal 0 0 -1
    outer loop
      vertex -5 -1.2 7.99
      vertex -4.89541 1.19543 7.99
      vertex -4.89541 -1.19543 7.99
    endloop
  endfacet
  facet normal 0 0 -1
    outer loop
      vertex -5 -1.2 7.99
      vertex -5 1.2 7.99
      vertex -4.89541 1.19543 7.99
    endloop
  endfacet
  facet normal 0 0 -1
    outer loop
      vertex -11.5 -1.2 7.99
      vertex -5 1.2 7.99
      vertex -5 -1.2 7.99
    endloop
  endfacet
  facet normal 0 0 -1
    outer loop
      vertex -11.5 -1.2 7.99
      vertex -11.5 1.2 7.99
      vertex -5 1.2 7.99
    endloop
  endfacet
  facet normal 0 0 -1
    outer loop
      vertex -11.6046 -1.19543 7.99
      vertex -11.5 1.2 7.99
      vertex -11.5 -1.2 7.99
    endloop
  endfacet
  facet normal 0 0 -1
    outer loop
      vertex -11.6046 -1.19543 7.99
      vertex -11.6046 1.19543 7.99
      vertex -11.5 1.2 7.99
    endloop
  endfacet
  facet normal 0 0 -1
    outer loop
      vertex -11.7084 -1.18177 7.99
      vertex -11.6046 1.19543 7.99
      vertex -11.6046 -1.19543 7.99
    endloop
  endfacet
  facet normal 0 0 -1
    outer loop
      vertex -11.7084 -1.18177 7.99
      vertex -11.7084 1.18177 7.99
      vertex -11.6046 1.19543 7.99
    endloop
  endfacet
  facet normal 0 0 -1
    outer loop
      vertex -11.8106 -1.15911 7.99
      vertex -11.7084 1.18177 7.99
      vertex -11.7084 -1.18177 7.99
    endloop
  endfacet
  facet normal 0 0 -1
    outer loop
      vertex -11.8106 -1.15911 7.99
      vertex -11.8106 1.15911 7.99
      vertex -11.7084 1.18177 7.99
    endloop
  endfacet
  facet normal 0 0 -1
    outer loop
      vertex -11.9104 -1.12763 7.99
      vertex -11.8106 1.15911 7.99
      vertex -11.8106 -1.15911 7.99
    endloop
  endfacet
  facet normal 0 0 -1
    outer loop
      vertex -11.9104 -1.12763 7.99
      vertex -11.9104 1.12763 7.99
      vertex -11.8106 1.15911 7.99
    endloop
  endfacet
  facet normal 0 0 -1
    outer loop
      vertex -12.0071 -1.08757 7.99
      vertex -11.9104 1.12763 7.99
      vertex -11.9104 -1.12763 7.99
    endloop
  endfacet
  facet normal 0 0 -1
    outer loop
      vertex -12.0071 -1.08757 7.99
      vertex -12.0071 1.08757 7.99
      vertex -11.9104 1.12763 7.99
    endloop
  endfacet
  facet normal 0 0 -1
    outer loop
      vertex -12.1 -1.03923 7.99
      vertex -12.0071 1.08757 7.99
      vertex -12.0071 -1.08757 7.99
    endloop
  endfacet
  facet normal 0 0 -1
    outer loop
      vertex -12.1 -1.03923 7.99
      vertex -12.1 1.03923 7.99
      vertex -12.0071 1.08757 7.99
    endloop
  endfacet
  facet normal 0 0 -1
    outer loop
      vertex -12.1883 -0.982982 7.99
      vertex -12.1 1.03923 7.99
      vertex -12.1 -1.03923 7.99
    endloop
  endfacet
  facet normal 0 0 -1
    outer loop
      vertex -12.1883 -0.982982 7.99
      vertex -12.1883 0.982982 7.99
      vertex -12.1 1.03923 7.99
    endloop
  endfacet
  facet normal 0 0 -1
    outer loop
      vertex -12.2713 -0.919252 7.99
      vertex -12.1883 0.982982 7.99
      vertex -12.1883 -0.982982 7.99
    endloop
  endfacet
  facet normal 0 0 -1
    outer loop
      vertex -12.2713 -0.919252 7.99
      vertex -12.2713 0.919252 7.99
      vertex -12.1883 0.982982 7.99
    endloop
  endfacet
  facet normal 0 0 -1
    outer loop
      vertex -12.3485 -0.848528 7.99
      vertex -12.2713 0.919252 7.99
      vertex -12.2713 -0.919252 7.99
    endloop
  endfacet
  facet normal 0 0 -1
    outer loop
      vertex -12.3485 -0.848528 7.99
      vertex -12.3485 0.848528 7.99
      vertex -12.2713 0.919252 7.99
    endloop
  endfacet
  facet normal 0 0 -1
    outer loop
      vertex -12.4193 -0.771344 7.99
      vertex -12.3485 0.848528 7.99
      vertex -12.3485 -0.848528 7.99
    endloop
  endfacet
  facet normal 0 0 -1
    outer loop
      vertex -12.4193 -0.771344 7.99
      vertex -12.4193 0.771344 7.99
      vertex -12.3485 0.848528 7.99
    endloop
  endfacet
  facet normal 0 0 -1
    outer loop
      vertex -12.483 -0.688292 7.99
      vertex -12.4193 0.771344 7.99
      vertex -12.4193 -0.771344 7.99
    endloop
  endfacet
  facet normal 0 0 -1
    outer loop
      vertex -12.483 -0.688292 7.99
      vertex -12.483 0.688292 7.99
      vertex -12.4193 0.771344 7.99
    endloop
  endfacet
  facet normal 0 0 -1
    outer loop
      vertex -12.5392 -0.599999 7.99
      vertex -12.483 0.688292 7.99
      vertex -12.483 -0.688292 7.99
    endloop
  endfacet
  facet normal 0 0 -1
    outer loop
      vertex -12.5392 -0.599999 7.99
      vertex -12.5392 0.599999 7.99
      vertex -12.483 0.688292 7.99
    endloop
  endfacet
  facet normal 0 0 -1
    outer loop
      vertex -12.5876 -0.507141 7.99
      vertex -12.5392 0.599999 7.99
      vertex -12.5392 -0.599999 7.99
    endloop
  endfacet
  facet normal 0 0 -1
    outer loop
      vertex -12.5876 -0.507141 7.99
      vertex -12.5876 0.507141 7.99
      vertex -12.5392 0.599999 7.99
    endloop
  endfacet
  facet normal 0 0 -1
    outer loop
      vertex -12.6276 -0.410423 7.99
      vertex -12.5876 0.507141 7.99
      vertex -12.5876 -0.507141 7.99
    endloop
  endfacet
  facet normal 0 0 -1
    outer loop
      vertex -12.6276 -0.410423 7.99
      vertex -12.6276 0.410423 7.99
      vertex -12.5876 0.507141 7.99
    endloop
  endfacet
  facet normal 0 0 -1
    outer loop
      vertex -12.6591 -0.310582 7.99
      vertex -12.6276 0.410423 7.99
      vertex -12.6276 -0.410423 7.99
    endloop
  endfacet
  facet normal 0 0 -1
    outer loop
      vertex -12.6591 -0.310582 7.99
      vertex -12.6591 0.310582 7.99
      vertex -12.6276 0.410423 7.99
    endloop
  endfacet
  facet normal 0 0 -1
    outer loop
      vertex -12.6818 -0.208377 7.99
      vertex -12.6591 0.310582 7.99
      vertex -12.6591 -0.310582 7.99
    endloop
  endfacet
  facet normal 0 0 -1
    outer loop
      vertex -12.6818 -0.208377 7.99
      vertex -12.6818 0.208377 7.99
      vertex -12.6591 0.310582 7.99
    endloop
  endfacet
  facet normal 0 0 -1
    outer loop
      vertex -12.6954 -0.104587 7.99
      vertex -12.6818 0.208377 7.99
      vertex -12.6818 -0.208377 7.99
    endloop
  endfacet
  facet normal 0 0 -1
    outer loop
      vertex -12.6954 -0.104587 7.99
      vertex -12.6954 0.104587 7.99
      vertex -12.6818 0.208377 7.99
    endloop
  endfacet
  facet normal 0 -0 -1
    outer loop
      vertex -12.6954 0.104587 7.99
      vertex -12.6954 -0.104587 7.99
      vertex -12.7 0 7.99
    endloop
  endfacet
  facet normal 0.793483 -0.608593 0
    outer loop
      vertex -12.483 0.688292 7.99
      vertex -12.4193 0.771344 0
      vertex -12.4193 0.771344 7.99
    endloop
  endfacet
  facet normal 0.793483 -0.608593 0
    outer loop
      vertex -12.4193 0.771344 0
      vertex -12.483 0.688292 7.99
      vertex -12.483 0.688292 0
    endloop
  endfacet
  facet normal 0.382729 0.923861 -0
    outer loop
      vertex -11.9104 -1.12763 0
      vertex -12.0071 -1.08757 7.99
      vertex -11.9104 -1.12763 7.99
    endloop
  endfacet
  facet normal 0.382729 0.923861 0
    outer loop
      vertex -12.0071 -1.08757 7.99
      vertex -11.9104 -1.12763 0
      vertex -12.0071 -1.08757 0
    endloop
  endfacet
  facet normal 0.609013 0.79316 -0
    outer loop
      vertex -12.1883 -0.982982 0
      vertex -12.2713 -0.919252 7.99
      vertex -12.1883 -0.982982 7.99
    endloop
  endfacet
  facet normal 0.609013 0.79316 0
    outer loop
      vertex -12.2713 -0.919252 7.99
      vertex -12.1883 -0.982982 0
      vertex -12.2713 -0.919252 0
    endloop
  endfacet
  facet normal -0.887006 0.461758 0
    outer loop
      vertex -3.96077 -0.599999 2.99
      vertex -3.91243 -0.507141 7.99
      vertex -3.91243 -0.507141 2.99
    endloop
  endfacet
  facet normal -0.887006 0.461758 0
    outer loop
      vertex -3.91243 -0.507141 7.99
      vertex -3.96077 -0.599999 2.99
      vertex -3.96077 -0.599999 7.99
    endloop
  endfacet
  facet normal -0.923886 -0.382668 0
    outer loop
      vertex -3.87237 0.410423 2.99
      vertex -3.91243 0.507141 7.99
      vertex -3.91243 0.507141 2.99
    endloop
  endfacet
  facet normal -0.923886 -0.382668 0
    outer loop
      vertex -3.91243 0.507141 7.99
      vertex -3.87237 0.410423 2.99
      vertex -3.87237 0.410423 7.99
    endloop
  endfacet
  facet normal -0.675598 0.73727 0
    outer loop
      vertex -4.15147 -0.848528 2.99
      vertex -4.22865 -0.919252 7.99
      vertex -4.15147 -0.848528 7.99
    endloop
  endfacet
  facet normal -0.675598 0.73727 0
    outer loop
      vertex -4.22865 -0.919252 7.99
      vertex -4.15147 -0.848528 2.99
      vertex -4.22865 -0.919252 2.99
    endloop
  endfacet
  facet normal -0.737306 0.675559 0
    outer loop
      vertex -4.15147 -0.848528 2.99
      vertex -4.08075 -0.771344 7.99
      vertex -4.08075 -0.771344 2.99
    endloop
  endfacet
  facet normal -0.737306 0.675559 0
    outer loop
      vertex -4.08075 -0.771344 7.99
      vertex -4.15147 -0.848528 2.99
      vertex -4.15147 -0.848528 7.99
    endloop
  endfacet
  facet normal 0.736926 0.675974 0
    outer loop
      vertex -12.3485 -0.848528 7.99
      vertex -12.4193 -0.771344 0
      vertex -12.4193 -0.771344 7.99
    endloop
  endfacet
  facet normal 0.736926 0.675974 0
    outer loop
      vertex -12.4193 -0.771344 0
      vertex -12.3485 -0.848528 7.99
      vertex -12.3485 -0.848528 0
    endloop
  endfacet
  facet normal 0.793483 0.608593 0
    outer loop
      vertex -12.4193 -0.771344 7.99
      vertex -12.483 -0.688292 0
      vertex -12.483 -0.688292 7.99
    endloop
  endfacet
  facet normal 0.793483 0.608593 0
    outer loop
      vertex -12.483 -0.688292 0
      vertex -12.4193 -0.771344 7.99
      vertex -12.4193 -0.771344 0
    endloop
  endfacet
  facet normal -0.976293 -0.216455 0
    outer loop
      vertex -3.81823 0.208377 2.99
      vertex -3.84089 0.310582 7.99
      vertex -3.84089 0.310582 2.99
    endloop
  endfacet
  facet normal -0.976293 -0.216455 0
    outer loop
      vertex -3.84089 0.310582 7.99
      vertex -3.81823 0.208377 2.99
      vertex -3.81823 0.208377 7.99
    endloop
  endfacet
  facet normal -0.976293 0.216455 0
    outer loop
      vertex -3.84089 -0.310582 2.99
      vertex -3.81823 -0.208377 7.99
      vertex -3.81823 -0.208377 2.99
    endloop
  endfacet
  facet normal -0.976293 0.216455 0
    outer loop
      vertex -3.81823 -0.208377 7.99
      vertex -3.84089 -0.310582 2.99
      vertex -3.84089 -0.310582 7.99
    endloop
  endfacet
  facet normal -0.608736 0.793373 0
    outer loop
      vertex -4.22865 -0.919252 2.99
      vertex -4.31171 -0.982982 7.99
      vertex -4.22865 -0.919252 7.99
    endloop
  endfacet
  facet normal -0.608736 0.793373 0
    outer loop
      vertex -4.31171 -0.982982 7.99
      vertex -4.22865 -0.919252 2.99
      vertex -4.31171 -0.982982 2.99
    endloop
  endfacet
  facet normal 0.675503 0.737357 -0
    outer loop
      vertex -12.2713 -0.919252 0
      vertex -12.3485 -0.848528 7.99
      vertex -12.2713 -0.919252 7.99
    endloop
  endfacet
  facet normal 0.675503 0.737357 0
    outer loop
      vertex -12.3485 -0.848528 7.99
      vertex -12.2713 -0.919252 0
      vertex -12.3485 -0.848528 0
    endloop
  endfacet
  facet normal -0.793344 0.608773 0
    outer loop
      vertex -4.08075 -0.771344 2.99
      vertex -4.01702 -0.688292 7.99
      vertex -4.01702 -0.688292 2.99
    endloop
  endfacet
  facet normal -0.793344 0.608773 0
    outer loop
      vertex -4.01702 -0.688292 7.99
      vertex -4.08075 -0.771344 2.99
      vertex -4.08075 -0.771344 7.99
    endloop
  endfacet
  facet normal -0.793337 -0.608782 0
    outer loop
      vertex -2.55255 -2.84724 2.99
      vertex -2.61628 -2.76419 7.99
      vertex -2.61628 -2.76419 2.99
    endloop
  endfacet
  facet normal -0.793337 -0.608782 0
    outer loop
      vertex -2.61628 -2.76419 7.99
      vertex -2.55255 -2.84724 2.99
      vertex -2.55255 -2.84724 7.99
    endloop
  endfacet
  facet normal 0.843378 -0.53732 0
    outer loop
      vertex -9.17096 -7.53173 7.99
      vertex -9.11471 -7.44344 0
      vertex -9.11471 -7.44344 7.99
    endloop
  endfacet
  facet normal 0.843378 -0.53732 0
    outer loop
      vertex -9.11471 -7.44344 0
      vertex -9.17096 -7.53173 7.99
      vertex -9.17096 -7.53173 0
    endloop
  endfacet
  facet normal -0.675629 -0.737241 0
    outer loop
      vertex -2.76419 -2.61628 2.99
      vertex -2.68701 -2.68701 7.99
      vertex -2.76419 -2.61628 7.99
    endloop
  endfacet
  facet normal -0.675629 -0.737241 -0
    outer loop
      vertex -2.68701 -2.68701 7.99
      vertex -2.76419 -2.61628 2.99
      vertex -2.68701 -2.68701 2.99
    endloop
  endfacet
  facet normal 0.67553 0.737333 -0
    outer loop
      vertex -8.90307 -9.05098 0
      vertex -8.98026 -8.98026 7.99
      vertex -8.90307 -9.05098 7.99
    endloop
  endfacet
  facet normal 0.67553 0.737333 0
    outer loop
      vertex -8.98026 -8.98026 7.99
      vertex -8.90307 -9.05098 0
      vertex -8.98026 -8.98026 0
    endloop
  endfacet
  facet normal 0.923875 -0.382695 0
    outer loop
      vertex -9.25936 -7.7213 7.99
      vertex -9.2193 -7.62459 0
      vertex -9.2193 -7.62459 7.99
    endloop
  endfacet
  facet normal 0.923875 -0.382695 0
    outer loop
      vertex -9.2193 -7.62459 0
      vertex -9.25936 -7.7213 7.99
      vertex -9.25936 -7.7213 0
    endloop
  endfacet
  facet normal 0.537277 -0.843406 0
    outer loop
      vertex -4.22383 -2.55255 0
      vertex -4.13553 -2.4963 7.99
      vertex -4.22383 -2.55255 7.99
    endloop
  endfacet
  facet normal 0.537277 -0.843406 0
    outer loop
      vertex -4.13553 -2.4963 7.99
      vertex -4.22383 -2.55255 0
      vertex -4.13553 -2.4963 0
    endloop
  endfacet
  facet normal -0.130487 -0.99145 0
    outer loop
      vertex -3.43095 -2.3401 2.99
      vertex -3.32716 -2.35376 7.99
      vertex -3.43095 -2.3401 7.99
    endloop
  endfacet
  facet normal -0.130487 -0.99145 -0
    outer loop
      vertex -3.32716 -2.35376 7.99
      vertex -3.43095 -2.3401 2.99
      vertex -3.32716 -2.35376 2.99
    endloop
  endfacet
  facet normal 0.461789 -0.88699 0
    outer loop
      vertex -4.13553 -2.4963 0
      vertex -4.04268 -2.44796 7.99
      vertex -4.13553 -2.4963 7.99
    endloop
  endfacet
  facet normal 0.461789 -0.88699 0
    outer loop
      vertex -4.04268 -2.44796 7.99
      vertex -4.13553 -2.4963 0
      vertex -4.04268 -2.44796 0
    endloop
  endfacet
  facet normal 0.793373 -0.608736 0
    outer loop
      vertex -9.11471 -7.44344 7.99
      vertex -9.05098 -7.36038 0
      vertex -9.05098 -7.36038 7.99
    endloop
  endfacet
  facet normal 0.793373 -0.608736 0
    outer loop
      vertex -9.05098 -7.36038 0
      vertex -9.11471 -7.44344 7.99
      vertex -9.11471 -7.44344 0
    endloop
  endfacet
  facet normal -0.53732 -0.843378 0
    outer loop
      vertex -2.93553 -2.4963 2.99
      vertex -2.84724 -2.55255 7.99
      vertex -2.93553 -2.4963 7.99
    endloop
  endfacet
  facet normal -0.53732 -0.843378 -0
    outer loop
      vertex -2.84724 -2.55255 7.99
      vertex -2.93553 -2.4963 2.99
      vertex -2.84724 -2.55255 2.99
    endloop
  endfacet
  facet normal 0.88701 -0.46175 0
    outer loop
      vertex -9.2193 -7.62459 7.99
      vertex -9.17096 -7.53173 0
      vertex -9.17096 -7.53173 7.99
    endloop
  endfacet
  facet normal 0.88701 -0.46175 0
    outer loop
      vertex -9.17096 -7.53173 0
      vertex -9.2193 -7.62459 7.99
      vertex -9.2193 -7.62459 0
    endloop
  endfacet
  facet normal -0.923889 -0.382661 0
    outer loop
      vertex -2.4079 -3.12511 2.99
      vertex -2.44796 -3.02839 7.99
      vertex -2.44796 -3.02839 2.99
    endloop
  endfacet
  facet normal -0.923889 -0.382661 0
    outer loop
      vertex -2.44796 -3.02839 7.99
      vertex -2.4079 -3.12511 2.99
      vertex -2.4079 -3.12511 7.99
    endloop
  endfacet
  facet normal 0.46175 0.88701 -0
    outer loop
      vertex -8.63887 -9.2193 0
      vertex -8.73173 -9.17096 7.99
      vertex -8.63887 -9.2193 7.99
    endloop
  endfacet
  facet normal 0.46175 0.88701 0
    outer loop
      vertex -8.73173 -9.17096 7.99
      vertex -8.63887 -9.2193 0
      vertex -8.73173 -9.17096 0
    endloop
  endfacet
  facet normal 0.53732 0.843378 -0
    outer loop
      vertex -8.73173 -9.17096 0
      vertex -8.82002 -9.11471 7.99
      vertex -8.73173 -9.17096 7.99
    endloop
  endfacet
  facet normal 0.53732 0.843378 0
    outer loop
      vertex -8.82002 -9.11471 7.99
      vertex -8.73173 -9.17096 0
      vertex -8.82002 -9.11471 0
    endloop
  endfacet
  facet normal 0.97629 -0.216465 0
    outer loop
      vertex -9.3135 -7.92335 7.99
      vertex -9.29084 -7.82115 0
      vertex -9.29084 -7.82115 7.99
    endloop
  endfacet
  facet normal 0.97629 -0.216465 0
    outer loop
      vertex -9.29084 -7.82115 0
      vertex -9.3135 -7.92335 7.99
      vertex -9.3135 -7.92335 0
    endloop
  endfacet
  facet normal 0.707106 -0.707108 0
    outer loop
      vertex -8.98026 -7.2832 7.99
      vertex -4.38406 -2.68701 0
      vertex -4.38406 -2.68701 7.99
    endloop
  endfacet
  facet normal 0.707106 -0.707108 0
    outer loop
      vertex -4.38406 -2.68701 0
      vertex -8.98026 -7.2832 7.99
      vertex -8.98026 -7.2832 0
    endloop
  endfacet
  facet normal -0.53732 0.843378 0
    outer loop
      vertex -7.44344 -9.11471 0
      vertex -7.53173 -9.17096 7.99
      vertex -7.44344 -9.11471 7.99
    endloop
  endfacet
  facet normal -0.53732 0.843378 0
    outer loop
      vertex -7.53173 -9.17096 7.99
      vertex -7.44344 -9.11471 0
      vertex -7.53173 -9.17096 0
    endloop
  endfacet
  facet normal -0.99145 0.130487 0
    outer loop
      vertex -2.35376 -3.74391 2.99
      vertex -2.3401 -3.64012 7.99
      vertex -2.3401 -3.64012 2.99
    endloop
  endfacet
  facet normal -0.99145 0.130487 0
    outer loop
      vertex -2.3401 -3.64012 7.99
      vertex -2.35376 -3.74391 2.99
      vertex -2.35376 -3.74391 7.99
    endloop
  endfacet
  facet normal -0.976293 0.216451 0
    outer loop
      vertex -2.37068 -3.82023 0
      vertex -2.37642 -3.84612 0
      vertex -2.37068 -3.82023 2.99
    endloop
  endfacet
  facet normal -0.976295 0.216443 0
    outer loop
      vertex -2.37068 -3.82023 2.99
      vertex -2.35376 -3.74391 7.99
      vertex -2.35376 -3.74391 2.99
    endloop
  endfacet
  facet normal -0.976295 0.216445 -3.43867e-08
    outer loop
      vertex -2.37068 -3.82023 2.99
      vertex -2.37642 -3.84612 7.99
      vertex -2.35376 -3.74391 7.99
    endloop
  endfacet
  facet normal -0.976293 0.216451 0
    outer loop
      vertex -2.37642 -3.84612 7.99
      vertex -2.37068 -3.82023 2.99
      vertex -2.37642 -3.84612 0
    endloop
  endfacet
  facet normal -0.675578 0.737289 0
    outer loop
      vertex -7.2832 -8.98026 0
      vertex -7.36038 -9.05098 7.99
      vertex -7.2832 -8.98026 7.99
    endloop
  endfacet
  facet normal -0.675578 0.737289 0
    outer loop
      vertex -7.36038 -9.05098 7.99
      vertex -7.2832 -8.98026 0
      vertex -7.36038 -9.05098 0
    endloop
  endfacet
  facet normal -0.46175 -0.88701 0
    outer loop
      vertex -3.02839 -2.44796 2.99
      vertex -2.93553 -2.4963 7.99
      vertex -3.02839 -2.44796 7.99
    endloop
  endfacet
  facet normal -0.46175 -0.88701 -0
    outer loop
      vertex -2.93553 -2.4963 7.99
      vertex -3.02839 -2.44796 2.99
      vertex -2.93553 -2.4963 2.99
    endloop
  endfacet
  facet normal -0.46175 0.88701 0
    outer loop
      vertex -7.53173 -9.17096 0
      vertex -7.62459 -9.2193 7.99
      vertex -7.53173 -9.17096 7.99
    endloop
  endfacet
  facet normal -0.46175 0.88701 0
    outer loop
      vertex -7.62459 -9.2193 7.99
      vertex -7.53173 -9.17096 0
      vertex -7.62459 -9.2193 0
    endloop
  endfacet
  facet normal 0.608782 -0.793337 0
    outer loop
      vertex -4.30688 -2.61628 0
      vertex -4.22383 -2.55255 7.99
      vertex -4.30688 -2.61628 7.99
    endloop
  endfacet
  facet normal 0.608782 -0.793337 0
    outer loop
      vertex -4.22383 -2.55255 7.99
      vertex -4.30688 -2.61628 0
      vertex -4.22383 -2.55255 0
    endloop
  endfacet
  facet normal -0.707108 0.707105 0
    outer loop
      vertex -2.68701 -4.38406 0
      vertex -5.20807 -6.90513 5
      vertex -2.68701 -4.38406 7.99
    endloop
  endfacet
  facet normal -0.707108 0.707106 6.38501e-07
    outer loop
      vertex -7.2832 -8.98026 0
      vertex -5.20807 -6.90513 5
      vertex -2.68701 -4.38406 0
    endloop
  endfacet
  facet normal -0.707107 0.707107 0
    outer loop
      vertex -5.20807 -6.90513 5
      vertex -7.2832 -8.98026 0
      vertex -6.07211 -7.76917 5
    endloop
  endfacet
  facet normal -0.707107 0.707107 0
    outer loop
      vertex -7.2832 -8.98026 7.99
      vertex -6.07211 -7.76917 5
      vertex -7.2832 -8.98026 0
    endloop
  endfacet
  facet normal -0.707107 0.707107 0
    outer loop
      vertex -6.07211 -7.76917 5
      vertex -7.2832 -8.98026 7.99
      vertex -6.07211 -7.76917 7.99
    endloop
  endfacet
  facet normal -0.707108 0.707105 0
    outer loop
      vertex -2.68701 -4.38406 7.99
      vertex -5.20807 -6.90513 5
      vertex -5.20807 -6.90513 7.99
    endloop
  endfacet
  facet normal 0.382661 0.923889 -0
    outer loop
      vertex -8.54215 -9.25936 0
      vertex -8.63887 -9.2193 7.99
      vertex -8.54215 -9.25936 7.99
    endloop
  endfacet
  facet normal 0.382661 0.923889 0
    outer loop
      vertex -8.63887 -9.2193 7.99
      vertex -8.54215 -9.25936 0
      vertex -8.63887 -9.2193 0
    endloop
  endfacet
  facet normal 0.991452 0.130474 0
    outer loop
      vertex -9.3135 -8.34011 7.99
      vertex -9.32716 -8.23631 0
      vertex -9.32716 -8.23631 7.99
    endloop
  endfacet
  facet normal 0.991452 0.130474 0
    outer loop
      vertex -9.32716 -8.23631 0
      vertex -9.3135 -8.34011 7.99
      vertex -9.3135 -8.34011 0
    endloop
  endfacet
  facet normal -0.737241 0.675629 0
    outer loop
      vertex -2.68701 -4.38406 0
      vertex -2.61628 -4.30688 7.99
      vertex -2.61628 -4.30688 0
    endloop
  endfacet
  facet normal -0.737241 0.675629 0
    outer loop
      vertex -2.61628 -4.30688 7.99
      vertex -2.68701 -4.38406 0
      vertex -2.68701 -4.38406 7.99
    endloop
  endfacet
  facet normal 0.737289 -0.675578 0
    outer loop
      vertex -9.05098 -7.36038 7.99
      vertex -8.98026 -7.2832 0
      vertex -8.98026 -7.2832 7.99
    endloop
  endfacet
  facet normal 0.737289 -0.675578 0
    outer loop
      vertex -8.98026 -7.2832 0
      vertex -9.05098 -7.36038 7.99
      vertex -9.05098 -7.36038 0
    endloop
  endfacet
  facet normal 0.999047 -0.0436528 0
    outer loop
      vertex -9.33173 -8.13173 7.99
      vertex -9.32716 -8.02714 0
      vertex -9.32716 -8.02714 7.99
    endloop
  endfacet
  facet normal 0.999047 -0.0436528 0
    outer loop
      vertex -9.32716 -8.02714 0
      vertex -9.33173 -8.13173 7.99
      vertex -9.33173 -8.13173 0
    endloop
  endfacet
  facet normal 0.675629 -0.737241 0
    outer loop
      vertex -4.38406 -2.68701 0
      vertex -4.30688 -2.61628 7.99
      vertex -4.38406 -2.68701 7.99
    endloop
  endfacet
  facet normal 0.675629 -0.737241 0
    outer loop
      vertex -4.30688 -2.61628 7.99
      vertex -4.38406 -2.68701 0
      vertex -4.30688 -2.61628 0
    endloop
  endfacet
  facet normal -0.216465 0.97629 0
    outer loop
      vertex -7.82115 -9.29084 0
      vertex -7.92335 -9.3135 7.99
      vertex -7.82115 -9.29084 7.99
    endloop
  endfacet
  facet normal -0.216465 0.97629 0
    outer loop
      vertex -7.92335 -9.3135 7.99
      vertex -7.82115 -9.29084 0
      vertex -7.92335 -9.3135 0
    endloop
  endfacet
  facet normal 0.216465 0.97629 -0
    outer loop
      vertex -8.34011 -9.3135 0
      vertex -8.44231 -9.29084 7.99
      vertex -8.34011 -9.3135 7.99
    endloop
  endfacet
  facet normal 0.216465 0.97629 0
    outer loop
      vertex -8.44231 -9.29084 7.99
      vertex -8.34011 -9.3135 0
      vertex -8.44231 -9.29084 0
    endloop
  endfacet
  facet normal -0.793337 0.608782 0
    outer loop
      vertex -2.61628 -4.30688 0
      vertex -2.55255 -4.22383 7.99
      vertex -2.55255 -4.22383 0
    endloop
  endfacet
  facet normal -0.793337 0.608782 0
    outer loop
      vertex -2.55255 -4.22383 7.99
      vertex -2.61628 -4.30688 0
      vertex -2.61628 -4.30688 7.99
    endloop
  endfacet
  facet normal -0.382695 0.923875 0
    outer loop
      vertex -7.62459 -9.2193 0
      vertex -7.7213 -9.25936 7.99
      vertex -7.62459 -9.2193 7.99
    endloop
  endfacet
  facet normal -0.382695 0.923875 0
    outer loop
      vertex -7.7213 -9.25936 7.99
      vertex -7.62459 -9.2193 0
      vertex -7.7213 -9.25936 0
    endloop
  endfacet
  facet normal -0.0436528 0.999047 0
    outer loop
      vertex -8.02714 -9.32716 0
      vertex -8.13173 -9.33173 7.99
      vertex -8.02714 -9.32716 7.99
    endloop
  endfacet
  facet normal -0.0436528 0.999047 0
    outer loop
      vertex -8.13173 -9.33173 7.99
      vertex -8.02714 -9.32716 0
      vertex -8.13173 -9.33173 0
    endloop
  endfacet
  facet normal 0.300711 0.953715 -0
    outer loop
      vertex -8.44231 -9.29084 0
      vertex -8.54215 -9.25936 7.99
      vertex -8.44231 -9.29084 7.99
    endloop
  endfacet
  facet normal 0.300711 0.953715 0
    outer loop
      vertex -8.54215 -9.25936 7.99
      vertex -8.44231 -9.29084 0
      vertex -8.54215 -9.25936 0
    endloop
  endfacet
  facet normal -0.843406 0.537277 0
    outer loop
      vertex -2.55255 -4.22383 0
      vertex -2.4963 -4.13553 7.99
      vertex -2.4963 -4.13553 0
    endloop
  endfacet
  facet normal -0.843406 0.537277 0
    outer loop
      vertex -2.4963 -4.13553 7.99
      vertex -2.55255 -4.22383 0
      vertex -2.55255 -4.22383 7.99
    endloop
  endfacet
  facet normal 0.0436569 0.999047 -0
    outer loop
      vertex -8.13173 -9.33173 0
      vertex -8.23631 -9.32716 7.99
      vertex -8.13173 -9.33173 7.99
    endloop
  endfacet
  facet normal 0.0436569 0.999047 0
    outer loop
      vertex -8.23631 -9.32716 7.99
      vertex -8.13173 -9.33173 0
      vertex -8.23631 -9.32716 0
    endloop
  endfacet
  facet normal 0.793337 0.608782 0
    outer loop
      vertex -9.05098 -8.90307 7.99
      vertex -9.11471 -8.82002 0
      vertex -9.11471 -8.82002 7.99
    endloop
  endfacet
  facet normal 0.793337 0.608782 0
    outer loop
      vertex -9.11471 -8.82002 0
      vertex -9.05098 -8.90307 7.99
      vertex -9.05098 -8.90307 0
    endloop
  endfacet
  facet normal 0.130474 0.991452 -0
    outer loop
      vertex -8.23631 -9.32716 0
      vertex -8.34011 -9.3135 7.99
      vertex -8.23631 -9.32716 7.99
    endloop
  endfacet
  facet normal 0.130474 0.991452 0
    outer loop
      vertex -8.34011 -9.3135 7.99
      vertex -8.23631 -9.32716 0
      vertex -8.34011 -9.3135 0
    endloop
  endfacet
  facet normal 0.216445 -0.976295 -3.43867e-08
    outer loop
      vertex -3.84612 -2.37642 7.99
      vertex -3.82023 -2.37068 2.99
      vertex -3.74391 -2.35376 7.99
    endloop
  endfacet
  facet normal 0.216451 -0.976293 0
    outer loop
      vertex -3.84612 -2.37642 0
      vertex -3.82023 -2.37068 2.99
      vertex -3.84612 -2.37642 7.99
    endloop
  endfacet
  facet normal 0.216451 -0.976293 0
    outer loop
      vertex -3.82023 -2.37068 2.99
      vertex -3.84612 -2.37642 0
      vertex -3.82023 -2.37068 0
    endloop
  endfacet
  facet normal 0.216443 -0.976295 0
    outer loop
      vertex -3.74391 -2.35376 7.99
      vertex -3.82023 -2.37068 2.99
      vertex -3.74391 -2.35376 2.99
    endloop
  endfacet
  facet normal -0.608736 0.793373 0
    outer loop
      vertex -7.36038 -9.05098 0
      vertex -7.44344 -9.11471 7.99
      vertex -7.36038 -9.05098 7.99
    endloop
  endfacet
  facet normal -0.608736 0.793373 0
    outer loop
      vertex -7.44344 -9.11471 7.99
      vertex -7.36038 -9.05098 0
      vertex -7.44344 -9.11471 0
    endloop
  endfacet
  facet normal -0.843378 -0.53732 0
    outer loop
      vertex -2.4963 -2.93553 2.99
      vertex -2.55255 -2.84724 7.99
      vertex -2.55255 -2.84724 2.99
    endloop
  endfacet
  facet normal -0.843378 -0.53732 0
    outer loop
      vertex -2.55255 -2.84724 7.99
      vertex -2.4963 -2.93553 2.99
      vertex -2.4963 -2.93553 7.99
    endloop
  endfacet
  facet normal 0.382661 -0.923889 0
    outer loop
      vertex -4.04268 -2.44796 0
      vertex -3.94596 -2.4079 7.99
      vertex -4.04268 -2.44796 7.99
    endloop
  endfacet
  facet normal 0.382661 -0.923889 0
    outer loop
      vertex -3.94596 -2.4079 7.99
      vertex -4.04268 -2.44796 0
      vertex -3.94596 -2.4079 0
    endloop
  endfacet
  facet normal 0.97629 0.216465 0
    outer loop
      vertex -9.29084 -8.44231 7.99
      vertex -9.3135 -8.34011 0
      vertex -9.3135 -8.34011 7.99
    endloop
  endfacet
  facet normal 0.97629 0.216465 0
    outer loop
      vertex -9.3135 -8.34011 0
      vertex -9.29084 -8.44231 7.99
      vertex -9.29084 -8.44231 0
    endloop
  endfacet
  facet normal -0.216445 -0.976295 0
    outer loop
      vertex -3.32716 -2.35376 2.99
      vertex -3.22495 -2.37642 7.99
      vertex -3.32716 -2.35376 7.99
    endloop
  endfacet
  facet normal -0.216445 -0.976295 -0
    outer loop
      vertex -3.22495 -2.37642 7.99
      vertex -3.32716 -2.35376 2.99
      vertex -3.22495 -2.37642 2.99
    endloop
  endfacet
  facet normal -0.608782 -0.793337 0
    outer loop
      vertex -2.84724 -2.55255 2.99
      vertex -2.76419 -2.61628 7.99
      vertex -2.84724 -2.55255 7.99
    endloop
  endfacet
  facet normal -0.608782 -0.793337 -0
    outer loop
      vertex -2.76419 -2.61628 7.99
      vertex -2.84724 -2.55255 2.99
      vertex -2.76419 -2.61628 2.99
    endloop
  endfacet
  facet normal -0.99145 -0.130487 0
    outer loop
      vertex -2.3401 -3.43095 2.99
      vertex -2.35376 -3.32716 7.99
      vertex -2.35376 -3.32716 2.99
    endloop
  endfacet
  facet normal -0.99145 -0.130487 0
    outer loop
      vertex -2.35376 -3.32716 7.99
      vertex -2.3401 -3.43095 2.99
      vertex -2.3401 -3.43095 7.99
    endloop
  endfacet
  facet normal 0.953724 -0.300683 0
    outer loop
      vertex -9.29084 -7.82115 7.99
      vertex -9.25936 -7.7213 0
      vertex -9.25936 -7.7213 7.99
    endloop
  endfacet
  facet normal 0.953724 -0.300683 0
    outer loop
      vertex -9.25936 -7.7213 0
      vertex -9.29084 -7.82115 7.99
      vertex -9.29084 -7.82115 0
    endloop
  endfacet
  facet normal 0.608782 0.793337 -0
    outer loop
      vertex -8.82002 -9.11471 0
      vertex -8.90307 -9.05098 7.99
      vertex -8.82002 -9.11471 7.99
    endloop
  endfacet
  facet normal 0.608782 0.793337 0
    outer loop
      vertex -8.90307 -9.05098 7.99
      vertex -8.82002 -9.11471 0
      vertex -8.90307 -9.05098 0
    endloop
  endfacet
  facet normal -0.300711 -0.953715 0
    outer loop
      vertex -3.22495 -2.37642 2.99
      vertex -3.12511 -2.4079 7.99
      vertex -3.22495 -2.37642 7.99
    endloop
  endfacet
  facet normal -0.300711 -0.953715 -0
    outer loop
      vertex -3.12511 -2.4079 7.99
      vertex -3.22495 -2.37642 2.99
      vertex -3.12511 -2.4079 2.99
    endloop
  endfacet
  facet normal -0.999047 -0.0436569 0
    outer loop
      vertex -2.33553 -3.53553 2.99
      vertex -2.3401 -3.43095 7.99
      vertex -2.3401 -3.43095 2.99
    endloop
  endfacet
  facet normal -0.999047 -0.0436569 0
    outer loop
      vertex -2.3401 -3.43095 7.99
      vertex -2.33553 -3.53553 2.99
      vertex -2.33553 -3.53553 7.99
    endloop
  endfacet
  facet normal -0.300683 0.953724 0
    outer loop
      vertex -7.7213 -9.25936 0
      vertex -7.82115 -9.29084 7.99
      vertex -7.7213 -9.25936 7.99
    endloop
  endfacet
  facet normal -0.300683 0.953724 0
    outer loop
      vertex -7.82115 -9.29084 7.99
      vertex -7.7213 -9.25936 0
      vertex -7.82115 -9.29084 0
    endloop
  endfacet
  facet normal -0.382661 -0.923889 0
    outer loop
      vertex -3.12511 -2.4079 2.99
      vertex -3.02839 -2.44796 7.99
      vertex -3.12511 -2.4079 7.99
    endloop
  endfacet
  facet normal -0.382661 -0.923889 -0
    outer loop
      vertex -3.02839 -2.44796 7.99
      vertex -3.12511 -2.4079 2.99
      vertex -3.02839 -2.44796 2.99
    endloop
  endfacet
  facet normal -0.0436569 -0.999047 0
    outer loop
      vertex -3.53553 -2.33553 2.99
      vertex -3.43095 -2.3401 7.99
      vertex -3.53553 -2.33553 7.99
    endloop
  endfacet
  facet normal -0.0436569 -0.999047 -0
    outer loop
      vertex -3.43095 -2.3401 7.99
      vertex -3.53553 -2.33553 2.99
      vertex -3.43095 -2.3401 2.99
    endloop
  endfacet
  facet normal 0.923889 0.382661 0
    outer loop
      vertex -9.2193 -8.63887 7.99
      vertex -9.25936 -8.54215 0
      vertex -9.25936 -8.54215 7.99
    endloop
  endfacet
  facet normal 0.923889 0.382661 0
    outer loop
      vertex -9.25936 -8.54215 0
      vertex -9.2193 -8.63887 7.99
      vertex -9.2193 -8.63887 0
    endloop
  endfacet
  facet normal 0.737333 0.67553 0
    outer loop
      vertex -8.98026 -8.98026 7.99
      vertex -9.05098 -8.90307 0
      vertex -9.05098 -8.90307 7.99
    endloop
  endfacet
  facet normal 0.737333 0.67553 0
    outer loop
      vertex -9.05098 -8.90307 0
      vertex -8.98026 -8.98026 7.99
      vertex -8.98026 -8.98026 0
    endloop
  endfacet
  facet normal -0.88701 -0.46175 0
    outer loop
      vertex -2.44796 -3.02839 2.99
      vertex -2.4963 -2.93553 7.99
      vertex -2.4963 -2.93553 2.99
    endloop
  endfacet
  facet normal -0.88701 -0.46175 0
    outer loop
      vertex -2.4963 -2.93553 7.99
      vertex -2.44796 -3.02839 2.99
      vertex -2.44796 -3.02839 7.99
    endloop
  endfacet
  facet normal -0.88699 0.461789 0
    outer loop
      vertex -2.4963 -4.13553 0
      vertex -2.44796 -4.04268 7.99
      vertex -2.44796 -4.04268 0
    endloop
  endfacet
  facet normal -0.88699 0.461789 0
    outer loop
      vertex -2.44796 -4.04268 7.99
      vertex -2.4963 -4.13553 0
      vertex -2.4963 -4.13553 7.99
    endloop
  endfacet
  facet normal -0.130487 0.99145 0
    outer loop
      vertex -7.92335 -9.3135 0
      vertex -8.02714 -9.32716 7.99
      vertex -7.92335 -9.3135 7.99
    endloop
  endfacet
  facet normal -0.130487 0.99145 0
    outer loop
      vertex -8.02714 -9.32716 7.99
      vertex -7.92335 -9.3135 0
      vertex -8.02714 -9.32716 0
    endloop
  endfacet
  facet normal 0.300711 -0.953715 0
    outer loop
      vertex -3.94596 -2.4079 0
      vertex -3.84612 -2.37642 7.99
      vertex -3.94596 -2.4079 7.99
    endloop
  endfacet
  facet normal 0.300711 -0.953715 0
    outer loop
      vertex -3.84612 -2.37642 7.99
      vertex -3.94596 -2.4079 0
      vertex -3.84612 -2.37642 0
    endloop
  endfacet
  facet normal 0.953715 0.300711 0
    outer loop
      vertex -9.25936 -8.54215 7.99
      vertex -9.29084 -8.44231 0
      vertex -9.29084 -8.44231 7.99
    endloop
  endfacet
  facet normal 0.953715 0.300711 0
    outer loop
      vertex -9.29084 -8.44231 0
      vertex -9.25936 -8.54215 7.99
      vertex -9.25936 -8.54215 0
    endloop
  endfacet
  facet normal 0.130487 -0.99145 0
    outer loop
      vertex -3.74391 -2.35376 2.99
      vertex -3.64012 -2.3401 7.99
      vertex -3.74391 -2.35376 7.99
    endloop
  endfacet
  facet normal 0.130487 -0.99145 0
    outer loop
      vertex -3.64012 -2.3401 7.99
      vertex -3.74391 -2.35376 2.99
      vertex -3.64012 -2.3401 2.99
    endloop
  endfacet
  facet normal 0.99145 -0.130487 0
    outer loop
      vertex -9.32716 -8.02714 7.99
      vertex -9.3135 -7.92335 0
      vertex -9.3135 -7.92335 7.99
    endloop
  endfacet
  facet normal 0.99145 -0.130487 0
    outer loop
      vertex -9.3135 -7.92335 0
      vertex -9.32716 -8.02714 7.99
      vertex -9.32716 -8.02714 0
    endloop
  endfacet
  facet normal -0.953715 -0.300711 0
    outer loop
      vertex -2.37642 -3.22495 2.99
      vertex -2.4079 -3.12511 7.99
      vertex -2.4079 -3.12511 2.99
    endloop
  endfacet
  facet normal -0.953715 -0.300711 0
    outer loop
      vertex -2.4079 -3.12511 7.99
      vertex -2.37642 -3.22495 2.99
      vertex -2.37642 -3.22495 7.99
    endloop
  endfacet
  facet normal 0.88701 0.46175 0
    outer loop
      vertex -9.17096 -8.73173 7.99
      vertex -9.2193 -8.63887 0
      vertex -9.2193 -8.63887 7.99
    endloop
  endfacet
  facet normal 0.88701 0.46175 0
    outer loop
      vertex -9.2193 -8.63887 0
      vertex -9.17096 -8.73173 7.99
      vertex -9.17096 -8.73173 0
    endloop
  endfacet
  facet normal -0.953715 0.300711 0
    outer loop
      vertex -2.4079 -3.94596 0
      vertex -2.37642 -3.84612 7.99
      vertex -2.37642 -3.84612 0
    endloop
  endfacet
  facet normal -0.953715 0.300711 0
    outer loop
      vertex -2.37642 -3.84612 7.99
      vertex -2.4079 -3.94596 0
      vertex -2.4079 -3.94596 7.99
    endloop
  endfacet
  facet normal -0.976295 -0.216445 0
    outer loop
      vertex -2.35376 -3.32716 2.99
      vertex -2.37642 -3.22495 7.99
      vertex -2.37642 -3.22495 2.99
    endloop
  endfacet
  facet normal -0.976295 -0.216445 0
    outer loop
      vertex -2.37642 -3.22495 7.99
      vertex -2.35376 -3.32716 2.99
      vertex -2.35376 -3.32716 7.99
    endloop
  endfacet
  facet normal 0.999047 0.0436569 0
    outer loop
      vertex -9.32716 -8.23631 7.99
      vertex -9.33173 -8.13173 0
      vertex -9.33173 -8.13173 7.99
    endloop
  endfacet
  facet normal 0.999047 0.0436569 0
    outer loop
      vertex -9.33173 -8.13173 0
      vertex -9.32716 -8.23631 7.99
      vertex -9.32716 -8.23631 0
    endloop
  endfacet
  facet normal 0.843378 0.53732 0
    outer loop
      vertex -9.11471 -8.82002 7.99
      vertex -9.17096 -8.73173 0
      vertex -9.17096 -8.73173 7.99
    endloop
  endfacet
  facet normal 0.843378 0.53732 0
    outer loop
      vertex -9.17096 -8.73173 0
      vertex -9.11471 -8.82002 7.99
      vertex -9.11471 -8.82002 0
    endloop
  endfacet
  facet normal -0.999047 0.0436528 0
    outer loop
      vertex -2.3401 -3.64012 2.99
      vertex -2.33553 -3.53553 7.99
      vertex -2.33553 -3.53553 2.99
    endloop
  endfacet
  facet normal -0.999047 0.0436528 0
    outer loop
      vertex -2.33553 -3.53553 7.99
      vertex -2.3401 -3.64012 2.99
      vertex -2.3401 -3.64012 7.99
    endloop
  endfacet
  facet normal -0.923889 0.382661 0
    outer loop
      vertex -2.44796 -4.04268 0
      vertex -2.4079 -3.94596 7.99
      vertex -2.4079 -3.94596 0
    endloop
  endfacet
  facet normal -0.923889 0.382661 0
    outer loop
      vertex -2.4079 -3.94596 7.99
      vertex -2.44796 -4.04268 0
      vertex -2.44796 -4.04268 7.99
    endloop
  endfacet
  facet normal 0.0436528 -0.999047 0
    outer loop
      vertex -3.64012 -2.3401 2.99
      vertex -3.53553 -2.33553 7.99
      vertex -3.64012 -2.3401 7.99
    endloop
  endfacet
  facet normal 0.0436528 -0.999047 0
    outer loop
      vertex -3.53553 -2.33553 7.99
      vertex -3.64012 -2.3401 2.99
      vertex -3.53553 -2.33553 2.99
    endloop
  endfacet
  facet normal -0.737241 -0.675629 0
    outer loop
      vertex -2.61628 -2.76419 2.99
      vertex -2.68701 -2.68701 7.99
      vertex -2.68701 -2.68701 2.99
    endloop
  endfacet
  facet normal -0.737241 -0.675629 0
    outer loop
      vertex -2.68701 -2.68701 7.99
      vertex -2.61628 -2.76419 2.99
      vertex -2.61628 -2.76419 7.99
    endloop
  endfacet
  facet normal 0 0 -1
    outer loop
      vertex -2.3401 -3.64012 7.99
      vertex -2.3401 -3.43095 7.99
      vertex -2.33553 -3.53553 7.99
    endloop
  endfacet
  facet normal 0 0 -1
    outer loop
      vertex -2.35376 -3.74391 7.99
      vertex -2.3401 -3.43095 7.99
      vertex -2.3401 -3.64012 7.99
    endloop
  endfacet
  facet normal 0 0 -1
    outer loop
      vertex -2.35376 -3.74391 7.99
      vertex -2.35376 -3.32716 7.99
      vertex -2.3401 -3.43095 7.99
    endloop
  endfacet
  facet normal 0 0 -1
    outer loop
      vertex -2.37642 -3.84612 7.99
      vertex -2.35376 -3.32716 7.99
      vertex -2.35376 -3.74391 7.99
    endloop
  endfacet
  facet normal 0 0 -1
    outer loop
      vertex -2.37642 -3.84612 7.99
      vertex -2.37642 -3.22495 7.99
      vertex -2.35376 -3.32716 7.99
    endloop
  endfacet
  facet normal 0 0 -1
    outer loop
      vertex -2.4079 -3.94596 7.99
      vertex -2.37642 -3.22495 7.99
      vertex -2.37642 -3.84612 7.99
    endloop
  endfacet
  facet normal 0 0 -1
    outer loop
      vertex -2.4079 -3.94596 7.99
      vertex -2.4079 -3.12511 7.99
      vertex -2.37642 -3.22495 7.99
    endloop
  endfacet
  facet normal 0 0 -1
    outer loop
      vertex -2.44796 -4.04268 7.99
      vertex -2.4079 -3.12511 7.99
      vertex -2.4079 -3.94596 7.99
    endloop
  endfacet
  facet normal 0 0 -1
    outer loop
      vertex -2.44796 -4.04268 7.99
      vertex -2.44796 -3.02839 7.99
      vertex -2.4079 -3.12511 7.99
    endloop
  endfacet
  facet normal 0 0 -1
    outer loop
      vertex -2.4963 -4.13553 7.99
      vertex -2.44796 -3.02839 7.99
      vertex -2.44796 -4.04268 7.99
    endloop
  endfacet
  facet normal 0 0 -1
    outer loop
      vertex -2.4963 -4.13553 7.99
      vertex -2.4963 -2.93553 7.99
      vertex -2.44796 -3.02839 7.99
    endloop
  endfacet
  facet normal 0 0 -1
    outer loop
      vertex -2.55255 -4.22383 7.99
      vertex -2.4963 -2.93553 7.99
      vertex -2.4963 -4.13553 7.99
    endloop
  endfacet
  facet normal 0 0 -1
    outer loop
      vertex -2.55255 -4.22383 7.99
      vertex -2.55255 -2.84724 7.99
      vertex -2.4963 -2.93553 7.99
    endloop
  endfacet
  facet normal 0 0 -1
    outer loop
      vertex -2.61628 -4.30688 7.99
      vertex -2.55255 -2.84724 7.99
      vertex -2.55255 -4.22383 7.99
    endloop
  endfacet
  facet normal 0 0 -1
    outer loop
      vertex -2.61628 -4.30688 7.99
      vertex -2.61628 -2.76419 7.99
      vertex -2.55255 -2.84724 7.99
    endloop
  endfacet
  facet normal 0 0 -1
    outer loop
      vertex -2.68701 -4.38406 7.99
      vertex -2.61628 -2.76419 7.99
      vertex -2.61628 -4.30688 7.99
    endloop
  endfacet
  facet normal 0 0 -1
    outer loop
      vertex -2.68701 -4.38406 7.99
      vertex -2.68701 -2.68701 7.99
      vertex -2.61628 -2.76419 7.99
    endloop
  endfacet
  facet normal 0 0 -1
    outer loop
      vertex -2.68701 -4.38406 7.99
      vertex -2.76419 -2.61628 7.99
      vertex -2.68701 -2.68701 7.99
    endloop
  endfacet
  facet normal 0 0 -1
    outer loop
      vertex -2.68701 -4.38406 7.99
      vertex -2.84724 -2.55255 7.99
      vertex -2.76419 -2.61628 7.99
    endloop
  endfacet
  facet normal 0 0 -1
    outer loop
      vertex -2.68701 -4.38406 7.99
      vertex -2.93553 -2.4963 7.99
      vertex -2.84724 -2.55255 7.99
    endloop
  endfacet
  facet normal 0 0 -1
    outer loop
      vertex -2.68701 -4.38406 7.99
      vertex -3.02839 -2.44796 7.99
      vertex -2.93553 -2.4963 7.99
    endloop
  endfacet
  facet normal 0 0 -1
    outer loop
      vertex -2.68701 -4.38406 7.99
      vertex -3.12511 -2.4079 7.99
      vertex -3.02839 -2.44796 7.99
    endloop
  endfacet
  facet normal 0 0 -1
    outer loop
      vertex -2.68701 -4.38406 7.99
      vertex -3.22495 -2.37642 7.99
      vertex -3.12511 -2.4079 7.99
    endloop
  endfacet
  facet normal 0 0 -1
    outer loop
      vertex -2.68701 -4.38406 7.99
      vertex -3.32716 -2.35376 7.99
      vertex -3.22495 -2.37642 7.99
    endloop
  endfacet
  facet normal 0 0 -1
    outer loop
      vertex -2.68701 -4.38406 7.99
      vertex -3.43095 -2.3401 7.99
      vertex -3.32716 -2.35376 7.99
    endloop
  endfacet
  facet normal 0 0 -1
    outer loop
      vertex -2.68701 -4.38406 7.99
      vertex -3.53553 -2.33553 7.99
      vertex -3.43095 -2.3401 7.99
    endloop
  endfacet
  facet normal 0 0 -1
    outer loop
      vertex -2.68701 -4.38406 7.99
      vertex -3.64012 -2.3401 7.99
      vertex -3.53553 -2.33553 7.99
    endloop
  endfacet
  facet normal 0 0 -1
    outer loop
      vertex -2.68701 -4.38406 7.99
      vertex -3.74391 -2.35376 7.99
      vertex -3.64012 -2.3401 7.99
    endloop
  endfacet
  facet normal 0 0 -1
    outer loop
      vertex -2.68701 -4.38406 7.99
      vertex -3.84612 -2.37642 7.99
      vertex -3.74391 -2.35376 7.99
    endloop
  endfacet
  facet normal 0 0 -1
    outer loop
      vertex -2.68701 -4.38406 7.99
      vertex -3.94596 -2.4079 7.99
      vertex -3.84612 -2.37642 7.99
    endloop
  endfacet
  facet normal 0 0 -1
    outer loop
      vertex -2.68701 -4.38406 7.99
      vertex -4.04268 -2.44796 7.99
      vertex -3.94596 -2.4079 7.99
    endloop
  endfacet
  facet normal 0 0 -1
    outer loop
      vertex -2.68701 -4.38406 7.99
      vertex -4.13553 -2.4963 7.99
      vertex -4.04268 -2.44796 7.99
    endloop
  endfacet
  facet normal 0 0 -1
    outer loop
      vertex -2.68701 -4.38406 7.99
      vertex -4.22383 -2.55255 7.99
      vertex -4.13553 -2.4963 7.99
    endloop
  endfacet
  facet normal 0 0 -1
    outer loop
      vertex -2.68701 -4.38406 7.99
      vertex -4.30688 -2.61628 7.99
      vertex -4.22383 -2.55255 7.99
    endloop
  endfacet
  facet normal 0 0 -1
    outer loop
      vertex -2.68701 -4.38406 7.99
      vertex -4.38406 -2.68701 7.99
      vertex -4.30688 -2.61628 7.99
    endloop
  endfacet
  facet normal 0 0 -1
    outer loop
      vertex -5.20807 -6.90513 7.99
      vertex -4.38406 -2.68701 7.99
      vertex -2.68701 -4.38406 7.99
    endloop
  endfacet
  facet normal 0 0 -1
    outer loop
      vertex -5.22883 -6.91167 7.99
      vertex -4.38406 -2.68701 7.99
      vertex -5.20807 -6.90513 7.99
    endloop
  endfacet
  facet normal 0 0 -1
    outer loop
      vertex -5.34167 -6.95841 7.99
      vertex -4.38406 -2.68701 7.99
      vertex -5.22883 -6.91167 7.99
    endloop
  endfacet
  facet normal 0 0 -1
    outer loop
      vertex -5.45 -7.0148 7.99
      vertex -4.38406 -2.68701 7.99
      vertex -5.34167 -6.95841 7.99
    endloop
  endfacet
  facet normal 0 0 -1
    outer loop
      vertex -5.55301 -7.08043 7.99
      vertex -4.38406 -2.68701 7.99
      vertex -5.45 -7.0148 7.99
    endloop
  endfacet
  facet normal 0 0 -1
    outer loop
      vertex -8.98026 -7.2832 7.99
      vertex -5.55301 -7.08043 7.99
      vertex -5.6499 -7.15478 7.99
    endloop
  endfacet
  facet normal 0 0 -1
    outer loop
      vertex -8.98026 -7.2832 7.99
      vertex -5.6499 -7.15478 7.99
      vertex -5.73995 -7.23729 7.99
    endloop
  endfacet
  facet normal 0 0 -1
    outer loop
      vertex -8.98026 -7.2832 7.99
      vertex -5.73995 -7.23729 7.99
      vertex -5.82246 -7.32734 7.99
    endloop
  endfacet
  facet normal 0 0 -1
    outer loop
      vertex -8.98026 -7.2832 7.99
      vertex -5.82246 -7.32734 7.99
      vertex -5.89681 -7.42423 7.99
    endloop
  endfacet
  facet normal 0 0 -1
    outer loop
      vertex -8.98026 -7.2832 7.99
      vertex -5.89681 -7.42423 7.99
      vertex -5.96243 -7.52724 7.99
    endloop
  endfacet
  facet normal 0 0 -1
    outer loop
      vertex -8.98026 -7.2832 7.99
      vertex -5.96243 -7.52724 7.99
      vertex -6.01883 -7.63558 7.99
    endloop
  endfacet
  facet normal 0 0 -1
    outer loop
      vertex -8.98026 -7.2832 7.99
      vertex -6.01883 -7.63558 7.99
      vertex -6.06557 -7.74841 7.99
    endloop
  endfacet
  facet normal 0 0 -1
    outer loop
      vertex -8.98026 -7.2832 7.99
      vertex -6.07211 -7.76917 7.99
      vertex -7.2832 -8.98026 7.99
    endloop
  endfacet
  facet normal 0 0 -1
    outer loop
      vertex -6.07211 -7.76917 7.99
      vertex -8.98026 -7.2832 7.99
      vertex -6.06557 -7.74841 7.99
    endloop
  endfacet
  facet normal 0 0 -1
    outer loop
      vertex -8.98026 -7.2832 7.99
      vertex -7.2832 -8.98026 7.99
      vertex -7.36038 -9.05098 7.99
    endloop
  endfacet
  facet normal 0 0 -1
    outer loop
      vertex -8.98026 -7.2832 7.99
      vertex -7.36038 -9.05098 7.99
      vertex -7.44344 -9.11471 7.99
    endloop
  endfacet
  facet normal 0 0 -1
    outer loop
      vertex -8.98026 -7.2832 7.99
      vertex -7.44344 -9.11471 7.99
      vertex -7.53173 -9.17096 7.99
    endloop
  endfacet
  facet normal 0 0 -1
    outer loop
      vertex -8.98026 -7.2832 7.99
      vertex -7.53173 -9.17096 7.99
      vertex -7.62459 -9.2193 7.99
    endloop
  endfacet
  facet normal 0 0 -1
    outer loop
      vertex -8.98026 -7.2832 7.99
      vertex -7.62459 -9.2193 7.99
      vertex -7.7213 -9.25936 7.99
    endloop
  endfacet
  facet normal 0 0 -1
    outer loop
      vertex -8.98026 -7.2832 7.99
      vertex -7.7213 -9.25936 7.99
      vertex -7.82115 -9.29084 7.99
    endloop
  endfacet
  facet normal 0 0 -1
    outer loop
      vertex -8.98026 -7.2832 7.99
      vertex -7.82115 -9.29084 7.99
      vertex -7.92335 -9.3135 7.99
    endloop
  endfacet
  facet normal 0 0 -1
    outer loop
      vertex -8.98026 -7.2832 7.99
      vertex -7.92335 -9.3135 7.99
      vertex -8.02714 -9.32716 7.99
    endloop
  endfacet
  facet normal 0 0 -1
    outer loop
      vertex -8.98026 -7.2832 7.99
      vertex -8.02714 -9.32716 7.99
      vertex -8.13173 -9.33173 7.99
    endloop
  endfacet
  facet normal 0 0 -1
    outer loop
      vertex -8.98026 -7.2832 7.99
      vertex -8.13173 -9.33173 7.99
      vertex -8.23631 -9.32716 7.99
    endloop
  endfacet
  facet normal 0 0 -1
    outer loop
      vertex -8.98026 -7.2832 7.99
      vertex -8.23631 -9.32716 7.99
      vertex -8.34011 -9.3135 7.99
    endloop
  endfacet
  facet normal 0 0 -1
    outer loop
      vertex -8.98026 -7.2832 7.99
      vertex -8.34011 -9.3135 7.99
      vertex -8.44231 -9.29084 7.99
    endloop
  endfacet
  facet normal 0 0 -1
    outer loop
      vertex -8.98026 -7.2832 7.99
      vertex -8.44231 -9.29084 7.99
      vertex -8.54215 -9.25936 7.99
    endloop
  endfacet
  facet normal 0 0 -1
    outer loop
      vertex -8.98026 -7.2832 7.99
      vertex -8.54215 -9.25936 7.99
      vertex -8.63887 -9.2193 7.99
    endloop
  endfacet
  facet normal 0 0 -1
    outer loop
      vertex -8.98026 -7.2832 7.99
      vertex -8.63887 -9.2193 7.99
      vertex -8.73173 -9.17096 7.99
    endloop
  endfacet
  facet normal 0 0 -1
    outer loop
      vertex -8.98026 -7.2832 7.99
      vertex -8.73173 -9.17096 7.99
      vertex -8.82002 -9.11471 7.99
    endloop
  endfacet
  facet normal 0 0 -1
    outer loop
      vertex -8.98026 -7.2832 7.99
      vertex -8.82002 -9.11471 7.99
      vertex -8.90307 -9.05098 7.99
    endloop
  endfacet
  facet normal 0 0 -1
    outer loop
      vertex -8.98026 -7.2832 7.99
      vertex -8.90307 -9.05098 7.99
      vertex -8.98026 -8.98026 7.99
    endloop
  endfacet
  facet normal -0 0 -1
    outer loop
      vertex -5.55301 -7.08043 7.99
      vertex -8.98026 -7.2832 7.99
      vertex -4.38406 -2.68701 7.99
    endloop
  endfacet
  facet normal 0 0 -1
    outer loop
      vertex -9.05098 -8.90307 7.99
      vertex -8.98026 -7.2832 7.99
      vertex -8.98026 -8.98026 7.99
    endloop
  endfacet
  facet normal 0 0 -1
    outer loop
      vertex -9.05098 -8.90307 7.99
      vertex -9.05098 -7.36038 7.99
      vertex -8.98026 -7.2832 7.99
    endloop
  endfacet
  facet normal 0 0 -1
    outer loop
      vertex -9.11471 -8.82002 7.99
      vertex -9.05098 -7.36038 7.99
      vertex -9.05098 -8.90307 7.99
    endloop
  endfacet
  facet normal 0 0 -1
    outer loop
      vertex -9.11471 -8.82002 7.99
      vertex -9.11471 -7.44344 7.99
      vertex -9.05098 -7.36038 7.99
    endloop
  endfacet
  facet normal 0 0 -1
    outer loop
      vertex -9.17096 -8.73173 7.99
      vertex -9.11471 -7.44344 7.99
      vertex -9.11471 -8.82002 7.99
    endloop
  endfacet
  facet normal 0 0 -1
    outer loop
      vertex -9.17096 -8.73173 7.99
      vertex -9.17096 -7.53173 7.99
      vertex -9.11471 -7.44344 7.99
    endloop
  endfacet
  facet normal 0 0 -1
    outer loop
      vertex -9.2193 -8.63887 7.99
      vertex -9.17096 -7.53173 7.99
      vertex -9.17096 -8.73173 7.99
    endloop
  endfacet
  facet normal 0 0 -1
    outer loop
      vertex -9.2193 -8.63887 7.99
      vertex -9.2193 -7.62459 7.99
      vertex -9.17096 -7.53173 7.99
    endloop
  endfacet
  facet normal 0 0 -1
    outer loop
      vertex -9.25936 -8.54215 7.99
      vertex -9.2193 -7.62459 7.99
      vertex -9.2193 -8.63887 7.99
    endloop
  endfacet
  facet normal 0 0 -1
    outer loop
      vertex -9.25936 -8.54215 7.99
      vertex -9.25936 -7.7213 7.99
      vertex -9.2193 -7.62459 7.99
    endloop
  endfacet
  facet normal 0 0 -1
    outer loop
      vertex -9.29084 -8.44231 7.99
      vertex -9.25936 -7.7213 7.99
      vertex -9.25936 -8.54215 7.99
    endloop
  endfacet
  facet normal 0 0 -1
    outer loop
      vertex -9.29084 -8.44231 7.99
      vertex -9.29084 -7.82115 7.99
      vertex -9.25936 -7.7213 7.99
    endloop
  endfacet
  facet normal 0 0 -1
    outer loop
      vertex -9.3135 -8.34011 7.99
      vertex -9.29084 -7.82115 7.99
      vertex -9.29084 -8.44231 7.99
    endloop
  endfacet
  facet normal 0 0 -1
    outer loop
      vertex -9.3135 -8.34011 7.99
      vertex -9.3135 -7.92335 7.99
      vertex -9.29084 -7.82115 7.99
    endloop
  endfacet
  facet normal 0 0 -1
    outer loop
      vertex -9.32716 -8.23631 7.99
      vertex -9.3135 -7.92335 7.99
      vertex -9.3135 -8.34011 7.99
    endloop
  endfacet
  facet normal 0 0 -1
    outer loop
      vertex -9.32716 -8.23631 7.99
      vertex -9.32716 -8.02714 7.99
      vertex -9.3135 -7.92335 7.99
    endloop
  endfacet
  facet normal 0 -0 -1
    outer loop
      vertex -9.32716 -8.02714 7.99
      vertex -9.32716 -8.23631 7.99
      vertex -9.33173 -8.13173 7.99
    endloop
  endfacet
  facet normal 0.991452 0.130474 0
    outer loop
      vertex -1.18177 -11.7084 7.99
      vertex -1.19543 -11.6046 0
      vertex -1.19543 -11.6046 7.99
    endloop
  endfacet
  facet normal 0.991452 0.130474 0
    outer loop
      vertex -1.19543 -11.6046 0
      vertex -1.18177 -11.7084 7.99
      vertex -1.18177 -11.7084 0
    endloop
  endfacet
  facet normal -0.216455 -0.976293 0
    outer loop
      vertex 0.208377 -3.81823 2.99
      vertex 0.310582 -3.84089 7.99
      vertex 0.208377 -3.81823 7.99
    endloop
  endfacet
  facet normal -0.216455 -0.976293 -0
    outer loop
      vertex 0.310582 -3.84089 7.99
      vertex 0.208377 -3.81823 2.99
      vertex 0.310582 -3.84089 2.99
    endloop
  endfacet
  facet normal 0.953715 -0.300711 0
    outer loop
      vertex -1.15911 -4.68942 7.99
      vertex -1.12763 -4.58958 0
      vertex -1.12763 -4.58958 7.99
    endloop
  endfacet
  facet normal 0.953715 -0.300711 0
    outer loop
      vertex -1.12763 -4.58958 0
      vertex -1.15911 -4.68942 7.99
      vertex -1.15911 -4.68942 0
    endloop
  endfacet
  facet normal 0.923861 0.382729 0
    outer loop
      vertex -1.08757 -12.0071 7.99
      vertex -1.12763 -11.9104 0
      vertex -1.12763 -11.9104 7.99
    endloop
  endfacet
  facet normal 0.923861 0.382729 0
    outer loop
      vertex -1.12763 -11.9104 0
      vertex -1.08757 -12.0071 7.99
      vertex -1.08757 -12.0071 0
    endloop
  endfacet
  facet normal 0.97629 0.216465 0
    outer loop
      vertex -1.15911 -11.8106 7.99
      vertex -1.18177 -11.7084 0
      vertex -1.18177 -11.7084 7.99
    endloop
  endfacet
  facet normal 0.97629 0.216465 0
    outer loop
      vertex -1.18177 -11.7084 0
      vertex -1.15911 -11.8106 7.99
      vertex -1.15911 -11.8106 0
    endloop
  endfacet
  facet normal -0.129923 0.991524 0
    outer loop
      vertex 0.208377 -12.6818 0
      vertex 0.104587 -12.6954 7.99
      vertex 0.208377 -12.6818 7.99
    endloop
  endfacet
  facet normal -0.129923 0.991524 0
    outer loop
      vertex 0.104587 -12.6954 7.99
      vertex 0.208377 -12.6818 0
      vertex 0.104587 -12.6954 0
    endloop
  endfacet
  facet normal 0.97629 -0.216465 0
    outer loop
      vertex -1.18177 -4.79162 7.99
      vertex -1.15911 -4.68942 0
      vertex -1.15911 -4.68942 7.99
    endloop
  endfacet
  facet normal 0.97629 -0.216465 0
    outer loop
      vertex -1.15911 -4.68942 0
      vertex -1.18177 -4.79162 7.99
      vertex -1.18177 -4.79162 0
    endloop
  endfacet
  facet normal 0.608593 0.793483 -0
    outer loop
      vertex -0.688292 -12.483 0
      vertex -0.771344 -12.4193 7.99
      vertex -0.688292 -12.483 7.99
    endloop
  endfacet
  facet normal 0.608593 0.793483 0
    outer loop
      vertex -0.771344 -12.4193 7.99
      vertex -0.688292 -12.483 0
      vertex -0.771344 -12.4193 0
    endloop
  endfacet
  facet normal -0.999047 -0.0436528 0
    outer loop
      vertex 1.2 -5 0
      vertex 1.19543 -4.89541 7.99
      vertex 1.19543 -4.89541 0
    endloop
  endfacet
  facet normal -0.999047 -0.0436528 0
    outer loop
      vertex 1.19543 -4.89541 7.99
      vertex 1.2 -5 0
      vertex 1.2 -5 7.99
    endloop
  endfacet
  facet normal 0.999047 0.0436486 0
    outer loop
      vertex -1.19543 -11.6046 7.99
      vertex -1.2 -11.5 0
      vertex -1.2 -11.5 7.99
    endloop
  endfacet
  facet normal 0.999047 0.0436486 0
    outer loop
      vertex -1.2 -11.5 0
      vertex -1.19543 -11.6046 7.99
      vertex -1.19543 -11.6046 0
    endloop
  endfacet
  facet normal -0.97629 -0.216465 0
    outer loop
      vertex 1.18177 -4.79162 0
      vertex 1.15911 -4.68942 7.99
      vertex 1.15911 -4.68942 0
    endloop
  endfacet
  facet normal -0.97629 -0.216465 0
    outer loop
      vertex 1.15911 -4.68942 7.99
      vertex 1.18177 -4.79162 0
      vertex 1.18177 -4.79162 7.99
    endloop
  endfacet
  facet normal 0.953681 0.30082 0
    outer loop
      vertex -1.12763 -11.9104 7.99
      vertex -1.15911 -11.8106 0
      vertex -1.15911 -11.8106 7.99
    endloop
  endfacet
  facet normal 0.953681 0.30082 0
    outer loop
      vertex -1.15911 -11.8106 0
      vertex -1.12763 -11.9104 7.99
      vertex -1.12763 -11.9104 0
    endloop
  endfacet
  facet normal 0.043654 -0.999047 0
    outer loop
      vertex -0.104587 -3.80457 2.99
      vertex 0 -3.8 7.99
      vertex -0.104587 -3.80457 7.99
    endloop
  endfacet
  facet normal 0.043654 -0.999047 0
    outer loop
      vertex 0 -3.8 7.99
      vertex -0.104587 -3.80457 2.99
      vertex 0 -3.8 2.99
    endloop
  endfacet
  facet normal 0.923889 -0.382661 0
    outer loop
      vertex -1.12763 -4.58958 7.99
      vertex -1.08757 -4.49286 0
      vertex -1.08757 -4.49286 7.99
    endloop
  endfacet
  facet normal 0.923889 -0.382661 0
    outer loop
      vertex -1.08757 -4.49286 0
      vertex -1.12763 -4.58958 7.99
      vertex -1.12763 -4.58958 0
    endloop
  endfacet
  facet normal 0.73727 -0.675598 0
    outer loop
      vertex -0.919252 -4.22865 7.99
      vertex -0.848528 -4.15147 2.99
      vertex -0.848528 -4.15147 7.99
    endloop
  endfacet
  facet normal 0.73727 -0.675598 0
    outer loop
      vertex -0.848528 -4.15147 2.99
      vertex -0.919252 -4.22865 7.99
      vertex -0.919252 -4.22865 2.99
    endloop
  endfacet
  facet normal 1 -0 0
    outer loop
      vertex -1.2 -11.5 7.99
      vertex -1.2 -5 0
      vertex -1.2 -5 7.99
    endloop
  endfacet
  facet normal 1 0 0
    outer loop
      vertex -1.2 -5 0
      vertex -1.2 -11.5 7.99
      vertex -1.2 -11.5 0
    endloop
  endfacet
  facet normal -0.97629 0.216465 0
    outer loop
      vertex 1.15911 -11.8106 0
      vertex 1.18177 -11.7084 7.99
      vertex 1.18177 -11.7084 0
    endloop
  endfacet
  facet normal -0.97629 0.216465 0
    outer loop
      vertex 1.18177 -11.7084 7.99
      vertex 1.15911 -11.8106 0
      vertex 1.15911 -11.8106 7.99
    endloop
  endfacet
  facet normal -0.999047 0.0436486 0
    outer loop
      vertex 1.19543 -11.6046 0
      vertex 1.2 -11.5 7.99
      vertex 1.2 -11.5 0
    endloop
  endfacet
  facet normal -0.999047 0.0436486 0
    outer loop
      vertex 1.2 -11.5 7.99
      vertex 1.19543 -11.6046 0
      vertex 1.19543 -11.6046 7.99
    endloop
  endfacet
  facet normal -0.953681 0.30082 0
    outer loop
      vertex 1.12763 -11.9104 0
      vertex 1.15911 -11.8106 7.99
      vertex 1.15911 -11.8106 0
    endloop
  endfacet
  facet normal -0.953681 0.30082 0
    outer loop
      vertex 1.15911 -11.8106 7.99
      vertex 1.12763 -11.9104 0
      vertex 1.12763 -11.9104 7.99
    endloop
  endfacet
  facet normal -1 0 0
    outer loop
      vertex 1.2 -11.5 0
      vertex 1.2 -5 7.99
      vertex 1.2 -5 0
    endloop
  endfacet
  facet normal -1 -0 0
    outer loop
      vertex 1.2 -5 7.99
      vertex 1.2 -11.5 0
      vertex 1.2 -11.5 7.99
    endloop
  endfacet
  facet normal 0.999047 -0.0436528 0
    outer loop
      vertex -1.2 -5 7.99
      vertex -1.19543 -4.89541 0
      vertex -1.19543 -4.89541 7.99
    endloop
  endfacet
  facet normal 0.999047 -0.0436528 0
    outer loop
      vertex -1.19543 -4.89541 0
      vertex -1.2 -5 7.99
      vertex -1.2 -5 0
    endloop
  endfacet
  facet normal -0.843415 -0.537263 0
    outer loop
      vertex 1.02498 -4.37764 2.99
      vertex 0.982982 -4.31171 7.99
      vertex 0.982982 -4.31171 2.99
    endloop
  endfacet
  facet normal -0.843387 -0.537307 8.16201e-07
    outer loop
      vertex 1.02498 -4.37764 2.99
      vertex 1.03923 -4.4 7.99
      vertex 0.982982 -4.31171 7.99
    endloop
  endfacet
  facet normal -0.843304 -0.537437 -0
    outer loop
      vertex 1.03923 -4.4 7.99
      vertex 1.02498 -4.37764 2.99
      vertex 1.03923 -4.4 0
    endloop
  endfacet
  facet normal -0.843304 -0.537437 0
    outer loop
      vertex 1.02498 -4.37764 0
      vertex 1.03923 -4.4 0
      vertex 1.02498 -4.37764 2.99
    endloop
  endfacet
  facet normal 0.843415 -0.537263 0
    outer loop
      vertex -0.982982 -4.31171 7.99
      vertex -1.02498 -4.37764 2.99
      vertex -0.982982 -4.31171 2.99
    endloop
  endfacet
  facet normal 0.843387 -0.537307 8.16201e-07
    outer loop
      vertex -1.03923 -4.4 7.99
      vertex -1.02498 -4.37764 2.99
      vertex -0.982982 -4.31171 7.99
    endloop
  endfacet
  facet normal 0.843304 -0.537437 0
    outer loop
      vertex -1.03923 -4.4 0
      vertex -1.02498 -4.37764 2.99
      vertex -1.03923 -4.4 7.99
    endloop
  endfacet
  facet normal 0.843304 -0.537437 0
    outer loop
      vertex -1.02498 -4.37764 2.99
      vertex -1.03923 -4.4 0
      vertex -1.02498 -4.37764 0
    endloop
  endfacet
  facet normal -0.130487 -0.99145 0
    outer loop
      vertex 0.104587 -3.80457 2.99
      vertex 0.208377 -3.81823 7.99
      vertex 0.104587 -3.80457 7.99
    endloop
  endfacet
  facet normal -0.130487 -0.99145 -0
    outer loop
      vertex 0.208377 -3.81823 7.99
      vertex 0.104587 -3.80457 2.99
      vertex 0.208377 -3.81823 2.99
    endloop
  endfacet
  facet normal -0.300882 0.953661 0
    outer loop
      vertex 0.410423 -12.6276 0
      vertex 0.310582 -12.6591 7.99
      vertex 0.410423 -12.6276 7.99
    endloop
  endfacet
  facet normal -0.300882 0.953661 0
    outer loop
      vertex 0.310582 -12.6591 7.99
      vertex 0.410423 -12.6276 0
      vertex 0.310582 -12.6591 0
    endloop
  endfacet
  facet normal -0.99145 -0.130487 0
    outer loop
      vertex 1.19543 -4.89541 0
      vertex 1.18177 -4.79162 7.99
      vertex 1.18177 -4.79162 0
    endloop
  endfacet
  facet normal -0.99145 -0.130487 0
    outer loop
      vertex 1.18177 -4.79162 7.99
      vertex 1.19543 -4.89541 0
      vertex 1.19543 -4.89541 7.99
    endloop
  endfacet
  facet normal -0.382179 0.924089 0
    outer loop
      vertex 0.507141 -12.5876 0
      vertex 0.410423 -12.6276 7.99
      vertex 0.507141 -12.5876 7.99
    endloop
  endfacet
  facet normal -0.382179 0.924089 0
    outer loop
      vertex 0.410423 -12.6276 7.99
      vertex 0.507141 -12.5876 0
      vertex 0.410423 -12.6276 0
    endloop
  endfacet
  facet normal 0.382179 0.924089 -0
    outer loop
      vertex -0.410423 -12.6276 0
      vertex -0.507141 -12.5876 7.99
      vertex -0.410423 -12.6276 7.99
    endloop
  endfacet
  facet normal 0.382179 0.924089 0
    outer loop
      vertex -0.507141 -12.5876 7.99
      vertex -0.410423 -12.6276 0
      vertex -0.507141 -12.5876 0
    endloop
  endfacet
  facet normal 0.887092 0.461593 0
    outer loop
      vertex -1.03923 -12.1 7.99
      vertex -1.08757 -12.0071 0
      vertex -1.08757 -12.0071 7.99
    endloop
  endfacet
  facet normal 0.887092 0.461593 0
    outer loop
      vertex -1.08757 -12.0071 0
      vertex -1.03923 -12.1 7.99
      vertex -1.03923 -12.1 0
    endloop
  endfacet
  facet normal 0.461758 -0.887006 0
    outer loop
      vertex -0.599999 -3.96077 2.99
      vertex -0.507141 -3.91243 7.99
      vertex -0.599999 -3.96077 7.99
    endloop
  endfacet
  facet normal 0.461758 -0.887006 0
    outer loop
      vertex -0.507141 -3.91243 7.99
      vertex -0.599999 -3.96077 2.99
      vertex -0.507141 -3.91243 2.99
    endloop
  endfacet
  facet normal -0.300708 -0.953716 0
    outer loop
      vertex 0.310582 -3.84089 2.99
      vertex 0.410423 -3.87237 7.99
      vertex 0.310582 -3.84089 7.99
    endloop
  endfacet
  facet normal -0.300708 -0.953716 -0
    outer loop
      vertex 0.410423 -3.87237 7.99
      vertex 0.310582 -3.84089 2.99
      vertex 0.410423 -3.87237 2.99
    endloop
  endfacet
  facet normal -0.382668 -0.923886 0
    outer loop
      vertex 0.410423 -3.87237 2.99
      vertex 0.507141 -3.91243 7.99
      vertex 0.410423 -3.87237 7.99
    endloop
  endfacet
  facet normal -0.382668 -0.923886 -0
    outer loop
      vertex 0.507141 -3.91243 7.99
      vertex 0.410423 -3.87237 2.99
      vertex 0.507141 -3.91243 2.99
    endloop
  endfacet
  facet normal 0.129923 0.991524 -0
    outer loop
      vertex -0.104587 -12.6954 0
      vertex -0.208377 -12.6818 7.99
      vertex -0.104587 -12.6954 7.99
    endloop
  endfacet
  facet normal 0.129923 0.991524 0
    outer loop
      vertex -0.208377 -12.6818 7.99
      vertex -0.104587 -12.6954 0
      vertex -0.208377 -12.6818 0
    endloop
  endfacet
  facet normal -0.991452 0.130474 0
    outer loop
      vertex 1.18177 -11.7084 0
      vertex 1.19543 -11.6046 7.99
      vertex 1.19543 -11.6046 0
    endloop
  endfacet
  facet normal -0.991452 0.130474 0
    outer loop
      vertex 1.19543 -11.6046 7.99
      vertex 1.18177 -11.7084 0
      vertex 1.18177 -11.7084 7.99
    endloop
  endfacet
  facet normal 0.793373 -0.608736 0
    outer loop
      vertex -0.982982 -4.31171 7.99
      vertex -0.919252 -4.22865 2.99
      vertex -0.919252 -4.22865 7.99
    endloop
  endfacet
  facet normal 0.793373 -0.608736 0
    outer loop
      vertex -0.919252 -4.22865 2.99
      vertex -0.982982 -4.31171 7.99
      vertex -0.982982 -4.31171 2.99
    endloop
  endfacet
  facet normal 0.300882 0.953661 -0
    outer loop
      vertex -0.310582 -12.6591 0
      vertex -0.410423 -12.6276 7.99
      vertex -0.310582 -12.6591 7.99
    endloop
  endfacet
  facet normal 0.300882 0.953661 0
    outer loop
      vertex -0.410423 -12.6276 7.99
      vertex -0.310582 -12.6591 0
      vertex -0.410423 -12.6276 0
    endloop
  endfacet
  facet normal 0 0 -1
    outer loop
      vertex -1.2 -11.5 7.99
      vertex 1.2 -11.5 7.99
      vertex 1.19543 -11.6046 7.99
    endloop
  endfacet
  facet normal 0 0 -1
    outer loop
      vertex 1.2 -11.5 7.99
      vertex -1.2 -11.5 7.99
      vertex 1.2 -5 7.99
    endloop
  endfacet
  facet normal 0 0 -1
    outer loop
      vertex -1.2 -11.5 7.99
      vertex 1.19543 -11.6046 7.99
      vertex 1.18177 -11.7084 7.99
    endloop
  endfacet
  facet normal 0 0 -1
    outer loop
      vertex -1.2 -5 7.99
      vertex 1.2 -5 7.99
      vertex -1.2 -11.5 7.99
    endloop
  endfacet
  facet normal 0 0 -1
    outer loop
      vertex -1.2 -11.5 7.99
      vertex 1.18177 -11.7084 7.99
      vertex 1.15911 -11.8106 7.99
    endloop
  endfacet
  facet normal 0 0 -1
    outer loop
      vertex 1.2 -5 7.99
      vertex -1.2 -5 7.99
      vertex 1.19543 -4.89541 7.99
    endloop
  endfacet
  facet normal 0 0 -1
    outer loop
      vertex -1.2 -11.5 7.99
      vertex 1.15911 -11.8106 7.99
      vertex 1.12763 -11.9104 7.99
    endloop
  endfacet
  facet normal -0 0 -1
    outer loop
      vertex 1.19543 -4.89541 7.99
      vertex -1.2 -5 7.99
      vertex 1.18177 -4.79162 7.99
    endloop
  endfacet
  facet normal 0 0 -1
    outer loop
      vertex -1.2 -11.5 7.99
      vertex 1.12763 -11.9104 7.99
      vertex 1.08757 -12.0071 7.99
    endloop
  endfacet
  facet normal -0 0 -1
    outer loop
      vertex 1.18177 -4.79162 7.99
      vertex -1.2 -5 7.99
      vertex 1.15911 -4.68942 7.99
    endloop
  endfacet
  facet normal 0 0 -1
    outer loop
      vertex -1.2 -11.5 7.99
      vertex 1.08757 -12.0071 7.99
      vertex 1.03923 -12.1 7.99
    endloop
  endfacet
  facet normal -0 0 -1
    outer loop
      vertex 1.15911 -4.68942 7.99
      vertex -1.2 -5 7.99
      vertex 1.12763 -4.58958 7.99
    endloop
  endfacet
  facet normal 0 0 -1
    outer loop
      vertex -1.2 -11.5 7.99
      vertex 1.03923 -12.1 7.99
      vertex 0.982982 -12.1883 7.99
    endloop
  endfacet
  facet normal -0 0 -1
    outer loop
      vertex 1.12763 -4.58958 7.99
      vertex -1.2 -5 7.99
      vertex 1.08757 -4.49286 7.99
    endloop
  endfacet
  facet normal 0 0 -1
    outer loop
      vertex -1.2 -11.5 7.99
      vertex 0.982982 -12.1883 7.99
      vertex 0.919252 -12.2713 7.99
    endloop
  endfacet
  facet normal -0 0 -1
    outer loop
      vertex 1.08757 -4.49286 7.99
      vertex -1.2 -5 7.99
      vertex 1.03923 -4.4 7.99
    endloop
  endfacet
  facet normal 0 0 -1
    outer loop
      vertex -1.2 -11.5 7.99
      vertex 0.919252 -12.2713 7.99
      vertex 0.848528 -12.3485 7.99
    endloop
  endfacet
  facet normal -0 0 -1
    outer loop
      vertex 1.03923 -4.4 7.99
      vertex -1.2 -5 7.99
      vertex 0.982982 -4.31171 7.99
    endloop
  endfacet
  facet normal 0 0 -1
    outer loop
      vertex -1.2 -11.5 7.99
      vertex 0.848528 -12.3485 7.99
      vertex 0.771344 -12.4193 7.99
    endloop
  endfacet
  facet normal -0 0 -1
    outer loop
      vertex 0.982982 -4.31171 7.99
      vertex -1.2 -5 7.99
      vertex 0.919252 -4.22865 7.99
    endloop
  endfacet
  facet normal 0 0 -1
    outer loop
      vertex -1.2 -11.5 7.99
      vertex 0.771344 -12.4193 7.99
      vertex 0.688292 -12.483 7.99
    endloop
  endfacet
  facet normal -0 0 -1
    outer loop
      vertex 0.919252 -4.22865 7.99
      vertex -1.2 -5 7.99
      vertex 0.848528 -4.15147 7.99
    endloop
  endfacet
  facet normal 0 0 -1
    outer loop
      vertex -1.2 -11.5 7.99
      vertex 0.688292 -12.483 7.99
      vertex 0.599999 -12.5392 7.99
    endloop
  endfacet
  facet normal -0 0 -1
    outer loop
      vertex 0.848528 -4.15147 7.99
      vertex -1.2 -5 7.99
      vertex 0.771344 -4.08075 7.99
    endloop
  endfacet
  facet normal 0 0 -1
    outer loop
      vertex -1.2 -11.5 7.99
      vertex 0.599999 -12.5392 7.99
      vertex 0.507141 -12.5876 7.99
    endloop
  endfacet
  facet normal -0 0 -1
    outer loop
      vertex 0.771344 -4.08075 7.99
      vertex -1.2 -5 7.99
      vertex 0.688292 -4.01702 7.99
    endloop
  endfacet
  facet normal 0 0 -1
    outer loop
      vertex -1.2 -11.5 7.99
      vertex 0.507141 -12.5876 7.99
      vertex 0.410423 -12.6276 7.99
    endloop
  endfacet
  facet normal -0 0 -1
    outer loop
      vertex 0.688292 -4.01702 7.99
      vertex -1.2 -5 7.99
      vertex 0.599999 -3.96077 7.99
    endloop
  endfacet
  facet normal 0 0 -1
    outer loop
      vertex -1.2 -11.5 7.99
      vertex 0.410423 -12.6276 7.99
      vertex 0.310582 -12.6591 7.99
    endloop
  endfacet
  facet normal -0 0 -1
    outer loop
      vertex 0.599999 -3.96077 7.99
      vertex -1.2 -5 7.99
      vertex 0.507141 -3.91243 7.99
    endloop
  endfacet
  facet normal 0 0 -1
    outer loop
      vertex -1.2 -11.5 7.99
      vertex 0.310582 -12.6591 7.99
      vertex 0.208377 -12.6818 7.99
    endloop
  endfacet
  facet normal -0 0 -1
    outer loop
      vertex 0.507141 -3.91243 7.99
      vertex -1.2 -5 7.99
      vertex 0.410423 -3.87237 7.99
    endloop
  endfacet
  facet normal 0 0 -1
    outer loop
      vertex -1.2 -11.5 7.99
      vertex 0.208377 -12.6818 7.99
      vertex 0.104587 -12.6954 7.99
    endloop
  endfacet
  facet normal -0 0 -1
    outer loop
      vertex 0.410423 -3.87237 7.99
      vertex -1.2 -5 7.99
      vertex 0.310582 -3.84089 7.99
    endloop
  endfacet
  facet normal 0 0 -1
    outer loop
      vertex -1.2 -11.5 7.99
      vertex 0.104587 -12.6954 7.99
      vertex 0 -12.7 7.99
    endloop
  endfacet
  facet normal -0 0 -1
    outer loop
      vertex 0.310582 -3.84089 7.99
      vertex -1.2 -5 7.99
      vertex 0.208377 -3.81823 7.99
    endloop
  endfacet
  facet normal 0 0 -1
    outer loop
      vertex -1.2 -11.5 7.99
      vertex 0 -12.7 7.99
      vertex -0.104587 -12.6954 7.99
    endloop
  endfacet
  facet normal -0 0 -1
    outer loop
      vertex 0.208377 -3.81823 7.99
      vertex -1.2 -5 7.99
      vertex 0.104587 -3.80457 7.99
    endloop
  endfacet
  facet normal 0 0 -1
    outer loop
      vertex -1.2 -11.5 7.99
      vertex -0.104587 -12.6954 7.99
      vertex -0.208377 -12.6818 7.99
    endloop
  endfacet
  facet normal -0 0 -1
    outer loop
      vertex 0.104587 -3.80457 7.99
      vertex -1.2 -5 7.99
      vertex 0 -3.8 7.99
    endloop
  endfacet
  facet normal 0 0 -1
    outer loop
      vertex -1.2 -11.5 7.99
      vertex -0.208377 -12.6818 7.99
      vertex -0.310582 -12.6591 7.99
    endloop
  endfacet
  facet normal 0 0 -1
    outer loop
      vertex 0 -3.8 7.99
      vertex -1.2 -5 7.99
      vertex -0.104587 -3.80457 7.99
    endloop
  endfacet
  facet normal 0 0 -1
    outer loop
      vertex -1.2 -11.5 7.99
      vertex -0.310582 -12.6591 7.99
      vertex -0.410423 -12.6276 7.99
    endloop
  endfacet
  facet normal 0 0 -1
    outer loop
      vertex -0.104587 -3.80457 7.99
      vertex -1.2 -5 7.99
      vertex -0.208377 -3.81823 7.99
    endloop
  endfacet
  facet normal 0 0 -1
    outer loop
      vertex -1.2 -11.5 7.99
      vertex -0.410423 -12.6276 7.99
      vertex -0.507141 -12.5876 7.99
    endloop
  endfacet
  facet normal 0 0 -1
    outer loop
      vertex -0.208377 -3.81823 7.99
      vertex -1.2 -5 7.99
      vertex -0.310582 -3.84089 7.99
    endloop
  endfacet
  facet normal 0 0 -1
    outer loop
      vertex -1.2 -11.5 7.99
      vertex -0.507141 -12.5876 7.99
      vertex -0.599999 -12.5392 7.99
    endloop
  endfacet
  facet normal 0 0 -1
    outer loop
      vertex -0.310582 -3.84089 7.99
      vertex -1.2 -5 7.99
      vertex -0.410423 -3.87237 7.99
    endloop
  endfacet
  facet normal 0 0 -1
    outer loop
      vertex -1.2 -11.5 7.99
      vertex -0.599999 -12.5392 7.99
      vertex -0.688292 -12.483 7.99
    endloop
  endfacet
  facet normal 0 0 -1
    outer loop
      vertex -0.410423 -3.87237 7.99
      vertex -1.2 -5 7.99
      vertex -0.507141 -3.91243 7.99
    endloop
  endfacet
  facet normal 0 0 -1
    outer loop
      vertex -1.2 -11.5 7.99
      vertex -0.688292 -12.483 7.99
      vertex -0.771344 -12.4193 7.99
    endloop
  endfacet
  facet normal 0 0 -1
    outer loop
      vertex -0.507141 -3.91243 7.99
      vertex -1.2 -5 7.99
      vertex -0.599999 -3.96077 7.99
    endloop
  endfacet
  facet normal 0 0 -1
    outer loop
      vertex -1.2 -11.5 7.99
      vertex -0.771344 -12.4193 7.99
      vertex -0.848528 -12.3485 7.99
    endloop
  endfacet
  facet normal 0 0 -1
    outer loop
      vertex -0.599999 -3.96077 7.99
      vertex -1.2 -5 7.99
      vertex -0.688292 -4.01702 7.99
    endloop
  endfacet
  facet normal 0 0 -1
    outer loop
      vertex -1.2 -11.5 7.99
      vertex -0.848528 -12.3485 7.99
      vertex -0.919252 -12.2713 7.99
    endloop
  endfacet
  facet normal 0 0 -1
    outer loop
      vertex -0.688292 -4.01702 7.99
      vertex -1.2 -5 7.99
      vertex -0.771344 -4.08075 7.99
    endloop
  endfacet
  facet normal 0 0 -1
    outer loop
      vertex -1.2 -11.5 7.99
      vertex -0.919252 -12.2713 7.99
      vertex -0.982982 -12.1883 7.99
    endloop
  endfacet
  facet normal 0 0 -1
    outer loop
      vertex -0.771344 -4.08075 7.99
      vertex -1.2 -5 7.99
      vertex -0.848528 -4.15147 7.99
    endloop
  endfacet
  facet normal 0 0 -1
    outer loop
      vertex -1.2 -11.5 7.99
      vertex -0.982982 -12.1883 7.99
      vertex -1.03923 -12.1 7.99
    endloop
  endfacet
  facet normal 0 0 -1
    outer loop
      vertex -0.848528 -4.15147 7.99
      vertex -1.2 -5 7.99
      vertex -0.919252 -4.22865 7.99
    endloop
  endfacet
  facet normal 0 0 -1
    outer loop
      vertex -1.2 -11.5 7.99
      vertex -1.03923 -12.1 7.99
      vertex -1.08757 -12.0071 7.99
    endloop
  endfacet
  facet normal 0 0 -1
    outer loop
      vertex -0.919252 -4.22865 7.99
      vertex -1.2 -5 7.99
      vertex -0.982982 -4.31171 7.99
    endloop
  endfacet
  facet normal 0 0 -1
    outer loop
      vertex -1.2 -11.5 7.99
      vertex -1.08757 -12.0071 7.99
      vertex -1.12763 -11.9104 7.99
    endloop
  endfacet
  facet normal 0 0 -1
    outer loop
      vertex -0.982982 -4.31171 7.99
      vertex -1.2 -5 7.99
      vertex -1.03923 -4.4 7.99
    endloop
  endfacet
  facet normal 0 0 -1
    outer loop
      vertex -1.2 -11.5 7.99
      vertex -1.12763 -11.9104 7.99
      vertex -1.15911 -11.8106 7.99
    endloop
  endfacet
  facet normal 0 0 -1
    outer loop
      vertex -1.03923 -4.4 7.99
      vertex -1.2 -5 7.99
      vertex -1.08757 -4.49286 7.99
    endloop
  endfacet
  facet normal 0 0 -1
    outer loop
      vertex -1.2 -11.5 7.99
      vertex -1.15911 -11.8106 7.99
      vertex -1.18177 -11.7084 7.99
    endloop
  endfacet
  facet normal 0 0 -1
    outer loop
      vertex -1.08757 -4.49286 7.99
      vertex -1.2 -5 7.99
      vertex -1.12763 -4.58958 7.99
    endloop
  endfacet
  facet normal 0 0 -1
    outer loop
      vertex -1.2 -11.5 7.99
      vertex -1.18177 -11.7084 7.99
      vertex -1.19543 -11.6046 7.99
    endloop
  endfacet
  facet normal 0 0 -1
    outer loop
      vertex -1.12763 -4.58958 7.99
      vertex -1.2 -5 7.99
      vertex -1.15911 -4.68942 7.99
    endloop
  endfacet
  facet normal 0 0 -1
    outer loop
      vertex -1.15911 -4.68942 7.99
      vertex -1.2 -5 7.99
      vertex -1.18177 -4.79162 7.99
    endloop
  endfacet
  facet normal 0 0 -1
    outer loop
      vertex -1.18177 -4.79162 7.99
      vertex -1.2 -5 7.99
      vertex -1.19543 -4.89541 7.99
    endloop
  endfacet
  facet normal 0.04394 0.999034 -0
    outer loop
      vertex 0 -12.7 0
      vertex -0.104587 -12.6954 7.99
      vertex 0 -12.7 7.99
    endloop
  endfacet
  facet normal 0.04394 0.999034 0
    outer loop
      vertex -0.104587 -12.6954 7.99
      vertex 0 -12.7 0
      vertex -0.104587 -12.6954 0
    endloop
  endfacet
  facet normal -0.953715 -0.300711 0
    outer loop
      vertex 1.15911 -4.68942 0
      vertex 1.12763 -4.58958 7.99
      vertex 1.12763 -4.58958 0
    endloop
  endfacet
  facet normal -0.953715 -0.300711 0
    outer loop
      vertex 1.12763 -4.58958 7.99
      vertex 1.15911 -4.68942 0
      vertex 1.15911 -4.68942 7.99
    endloop
  endfacet
  facet normal 0.536968 0.843603 -0
    outer loop
      vertex -0.599999 -12.5392 0
      vertex -0.688292 -12.483 7.99
      vertex -0.599999 -12.5392 7.99
    endloop
  endfacet
  facet normal 0.536968 0.843603 0
    outer loop
      vertex -0.688292 -12.483 7.99
      vertex -0.599999 -12.5392 0
      vertex -0.688292 -12.483 0
    endloop
  endfacet
  facet normal 0.737357 0.675503 0
    outer loop
      vertex -0.848528 -12.3485 7.99
      vertex -0.919252 -12.2713 0
      vertex -0.919252 -12.2713 7.99
    endloop
  endfacet
  facet normal 0.737357 0.675503 0
    outer loop
      vertex -0.919252 -12.2713 0
      vertex -0.848528 -12.3485 7.99
      vertex -0.848528 -12.3485 0
    endloop
  endfacet
  facet normal -0.462208 0.886771 0
    outer loop
      vertex 0.599999 -12.5392 0
      vertex 0.507141 -12.5876 7.99
      vertex 0.599999 -12.5392 7.99
    endloop
  endfacet
  facet normal -0.462208 0.886771 0
    outer loop
      vertex 0.507141 -12.5876 7.99
      vertex 0.599999 -12.5392 0
      vertex 0.507141 -12.5876 0
    endloop
  endfacet
  facet normal 0.130487 -0.99145 0
    outer loop
      vertex -0.208377 -3.81823 2.99
      vertex -0.104587 -3.80457 7.99
      vertex -0.208377 -3.81823 7.99
    endloop
  endfacet
  facet normal 0.130487 -0.99145 0
    outer loop
      vertex -0.104587 -3.80457 7.99
      vertex -0.208377 -3.81823 2.99
      vertex -0.104587 -3.80457 2.99
    endloop
  endfacet
  facet normal -0.675559 -0.737306 0
    outer loop
      vertex 0.771344 -4.08075 2.99
      vertex 0.848528 -4.15147 7.99
      vertex 0.771344 -4.08075 7.99
    endloop
  endfacet
  facet normal -0.675559 -0.737306 -0
    outer loop
      vertex 0.848528 -4.15147 7.99
      vertex 0.771344 -4.08075 2.99
      vertex 0.848528 -4.15147 2.99
    endloop
  endfacet
  facet normal -0.887092 0.461593 0
    outer loop
      vertex 1.03923 -12.1 0
      vertex 1.08757 -12.0071 7.99
      vertex 1.08757 -12.0071 0
    endloop
  endfacet
  facet normal -0.887092 0.461593 0
    outer loop
      vertex 1.08757 -12.0071 7.99
      vertex 1.03923 -12.1 0
      vertex 1.03923 -12.1 7.99
    endloop
  endfacet
  facet normal -0.04394 0.999034 0
    outer loop
      vertex 0.104587 -12.6954 0
      vertex 0 -12.7 7.99
      vertex 0.104587 -12.6954 7.99
    endloop
  endfacet
  facet normal -0.04394 0.999034 0
    outer loop
      vertex 0 -12.7 7.99
      vertex 0.104587 -12.6954 0
      vertex 0 -12.7 0
    endloop
  endfacet
  facet normal 0.99145 -0.130487 0
    outer loop
      vertex -1.19543 -4.89541 7.99
      vertex -1.18177 -4.79162 0
      vertex -1.18177 -4.79162 7.99
    endloop
  endfacet
  facet normal 0.99145 -0.130487 0
    outer loop
      vertex -1.18177 -4.79162 0
      vertex -1.19543 -4.89541 7.99
      vertex -1.19543 -4.89541 0
    endloop
  endfacet
  facet normal 0.88701 -0.46175 0
    outer loop
      vertex -1.08757 -4.49286 7.99
      vertex -1.03923 -4.4 0
      vertex -1.03923 -4.4 7.99
    endloop
  endfacet
  facet normal 0.88701 -0.46175 0
    outer loop
      vertex -1.03923 -4.4 0
      vertex -1.08757 -4.49286 7.99
      vertex -1.08757 -4.49286 0
    endloop
  endfacet
  facet normal -0.923889 -0.382661 0
    outer loop
      vertex 1.12763 -4.58958 0
      vertex 1.08757 -4.49286 7.99
      vertex 1.08757 -4.49286 0
    endloop
  endfacet
  facet normal -0.923889 -0.382661 0
    outer loop
      vertex 1.08757 -4.49286 7.99
      vertex 1.12763 -4.58958 0
      vertex 1.12763 -4.58958 7.99
    endloop
  endfacet
  facet normal -0.216819 0.976212 0
    outer loop
      vertex 0.310582 -12.6591 0
      vertex 0.208377 -12.6818 7.99
      vertex 0.310582 -12.6591 7.99
    endloop
  endfacet
  facet normal -0.216819 0.976212 0
    outer loop
      vertex 0.208377 -12.6818 7.99
      vertex 0.310582 -12.6591 0
      vertex 0.208377 -12.6818 0
    endloop
  endfacet
  facet normal -0.843414 0.537264 0
    outer loop
      vertex 0.982982 -12.1883 0
      vertex 1.03923 -12.1 7.99
      vertex 1.03923 -12.1 0
    endloop
  endfacet
  facet normal -0.843414 0.537264 0
    outer loop
      vertex 1.03923 -12.1 7.99
      vertex 0.982982 -12.1883 0
      vertex 0.982982 -12.1883 7.99
    endloop
  endfacet
  facet normal 0.608773 -0.793344 0
    outer loop
      vertex -0.771344 -4.08075 2.99
      vertex -0.688292 -4.01702 7.99
      vertex -0.771344 -4.08075 7.99
    endloop
  endfacet
  facet normal 0.608773 -0.793344 0
    outer loop
      vertex -0.688292 -4.01702 7.99
      vertex -0.771344 -4.08075 2.99
      vertex -0.688292 -4.01702 2.99
    endloop
  endfacet
  facet normal -0.88701 -0.46175 0
    outer loop
      vertex 1.08757 -4.49286 0
      vertex 1.03923 -4.4 7.99
      vertex 1.03923 -4.4 0
    endloop
  endfacet
  facet normal -0.88701 -0.46175 0
    outer loop
      vertex 1.03923 -4.4 7.99
      vertex 1.08757 -4.49286 0
      vertex 1.08757 -4.49286 7.99
    endloop
  endfacet
  facet normal 0.537307 -0.843386 0
    outer loop
      vertex -0.688292 -4.01702 2.99
      vertex -0.599999 -3.96077 7.99
      vertex -0.688292 -4.01702 7.99
    endloop
  endfacet
  facet normal 0.537307 -0.843386 0
    outer loop
      vertex -0.599999 -3.96077 7.99
      vertex -0.688292 -4.01702 2.99
      vertex -0.599999 -3.96077 2.99
    endloop
  endfacet
  facet normal -0.536968 0.843603 0
    outer loop
      vertex 0.688292 -12.483 0
      vertex 0.599999 -12.5392 7.99
      vertex 0.688292 -12.483 7.99
    endloop
  endfacet
  facet normal -0.536968 0.843603 0
    outer loop
      vertex 0.599999 -12.5392 7.99
      vertex 0.688292 -12.483 0
      vertex 0.599999 -12.5392 0
    endloop
  endfacet
  facet normal -0.043654 -0.999047 0
    outer loop
      vertex 0 -3.8 2.99
      vertex 0.104587 -3.80457 7.99
      vertex 0 -3.8 7.99
    endloop
  endfacet
  facet normal -0.043654 -0.999047 -0
    outer loop
      vertex 0.104587 -3.80457 7.99
      vertex 0 -3.8 2.99
      vertex 0.104587 -3.80457 2.99
    endloop
  endfacet
  facet normal 0.843414 0.537264 0
    outer loop
      vertex -0.982982 -12.1883 7.99
      vertex -1.03923 -12.1 0
      vertex -1.03923 -12.1 7.99
    endloop
  endfacet
  facet normal 0.843414 0.537264 0
    outer loop
      vertex -1.03923 -12.1 0
      vertex -0.982982 -12.1883 7.99
      vertex -0.982982 -12.1883 0
    endloop
  endfacet
  facet normal 0.675559 -0.737306 0
    outer loop
      vertex -0.848528 -4.15147 2.99
      vertex -0.771344 -4.08075 7.99
      vertex -0.848528 -4.15147 7.99
    endloop
  endfacet
  facet normal 0.675559 -0.737306 0
    outer loop
      vertex -0.771344 -4.08075 7.99
      vertex -0.848528 -4.15147 2.99
      vertex -0.771344 -4.08075 2.99
    endloop
  endfacet
  facet normal 0.300708 -0.953716 0
    outer loop
      vertex -0.410423 -3.87237 2.99
      vertex -0.310582 -3.84089 7.99
      vertex -0.410423 -3.87237 7.99
    endloop
  endfacet
  facet normal 0.300708 -0.953716 0
    outer loop
      vertex -0.310582 -3.84089 7.99
      vertex -0.410423 -3.87237 2.99
      vertex -0.310582 -3.84089 2.99
    endloop
  endfacet
  facet normal 0.462208 0.886771 -0
    outer loop
      vertex -0.507141 -12.5876 0
      vertex -0.599999 -12.5392 7.99
      vertex -0.507141 -12.5876 7.99
    endloop
  endfacet
  facet normal 0.462208 0.886771 0
    outer loop
      vertex -0.599999 -12.5392 7.99
      vertex -0.507141 -12.5876 0
      vertex -0.599999 -12.5392 0
    endloop
  endfacet
  facet normal 0.79316 0.609013 0
    outer loop
      vertex -0.919252 -12.2713 7.99
      vertex -0.982982 -12.1883 0
      vertex -0.982982 -12.1883 7.99
    endloop
  endfacet
  facet normal 0.79316 0.609013 0
    outer loop
      vertex -0.982982 -12.1883 0
      vertex -0.919252 -12.2713 7.99
      vertex -0.919252 -12.2713 0
    endloop
  endfacet
  facet normal -0.923861 0.382729 0
    outer loop
      vertex 1.08757 -12.0071 0
      vertex 1.12763 -11.9104 7.99
      vertex 1.12763 -11.9104 0
    endloop
  endfacet
  facet normal -0.923861 0.382729 0
    outer loop
      vertex 1.12763 -11.9104 7.99
      vertex 1.08757 -12.0071 0
      vertex 1.08757 -12.0071 7.99
    endloop
  endfacet
  facet normal -0.79316 0.609013 0
    outer loop
      vertex 0.919252 -12.2713 0
      vertex 0.982982 -12.1883 7.99
      vertex 0.982982 -12.1883 0
    endloop
  endfacet
  facet normal -0.79316 0.609013 0
    outer loop
      vertex 0.982982 -12.1883 7.99
      vertex 0.919252 -12.2713 0
      vertex 0.919252 -12.2713 7.99
    endloop
  endfacet
  facet normal -0.461758 -0.887006 0
    outer loop
      vertex 0.507141 -3.91243 2.99
      vertex 0.599999 -3.96077 7.99
      vertex 0.507141 -3.91243 7.99
    endloop
  endfacet
  facet normal -0.461758 -0.887006 -0
    outer loop
      vertex 0.599999 -3.96077 7.99
      vertex 0.507141 -3.91243 2.99
      vertex 0.599999 -3.96077 2.99
    endloop
  endfacet
  facet normal 0.382668 -0.923886 0
    outer loop
      vertex -0.507141 -3.91243 2.99
      vertex -0.410423 -3.87237 7.99
      vertex -0.507141 -3.91243 7.99
    endloop
  endfacet
  facet normal 0.382668 -0.923886 0
    outer loop
      vertex -0.410423 -3.87237 7.99
      vertex -0.507141 -3.91243 2.99
      vertex -0.410423 -3.87237 2.99
    endloop
  endfacet
  facet normal 0.675974 0.736926 -0
    outer loop
      vertex -0.771344 -12.4193 0
      vertex -0.848528 -12.3485 7.99
      vertex -0.771344 -12.4193 7.99
    endloop
  endfacet
  facet normal 0.675974 0.736926 0
    outer loop
      vertex -0.848528 -12.3485 7.99
      vertex -0.771344 -12.4193 0
      vertex -0.848528 -12.3485 0
    endloop
  endfacet
  facet normal -0.73727 -0.675598 0
    outer loop
      vertex 0.919252 -4.22865 2.99
      vertex 0.848528 -4.15147 7.99
      vertex 0.848528 -4.15147 2.99
    endloop
  endfacet
  facet normal -0.73727 -0.675598 0
    outer loop
      vertex 0.848528 -4.15147 7.99
      vertex 0.919252 -4.22865 2.99
      vertex 0.919252 -4.22865 7.99
    endloop
  endfacet
  facet normal -0.675974 0.736926 0
    outer loop
      vertex 0.848528 -12.3485 0
      vertex 0.771344 -12.4193 7.99
      vertex 0.848528 -12.3485 7.99
    endloop
  endfacet
  facet normal -0.675974 0.736926 0
    outer loop
      vertex 0.771344 -12.4193 7.99
      vertex 0.848528 -12.3485 0
      vertex 0.771344 -12.4193 0
    endloop
  endfacet
  facet normal -0.608593 0.793483 0
    outer loop
      vertex 0.771344 -12.4193 0
      vertex 0.688292 -12.483 7.99
      vertex 0.771344 -12.4193 7.99
    endloop
  endfacet
  facet normal -0.608593 0.793483 0
    outer loop
      vertex 0.688292 -12.483 7.99
      vertex 0.771344 -12.4193 0
      vertex 0.688292 -12.483 0
    endloop
  endfacet
  facet normal 0.216455 -0.976293 0
    outer loop
      vertex -0.310582 -3.84089 2.99
      vertex -0.208377 -3.81823 7.99
      vertex -0.310582 -3.84089 7.99
    endloop
  endfacet
  facet normal 0.216455 -0.976293 0
    outer loop
      vertex -0.208377 -3.81823 7.99
      vertex -0.310582 -3.84089 2.99
      vertex -0.208377 -3.81823 2.99
    endloop
  endfacet
  facet normal -0.537307 -0.843386 0
    outer loop
      vertex 0.599999 -3.96077 2.99
      vertex 0.688292 -4.01702 7.99
      vertex 0.599999 -3.96077 7.99
    endloop
  endfacet
  facet normal -0.537307 -0.843386 -0
    outer loop
      vertex 0.688292 -4.01702 7.99
      vertex 0.599999 -3.96077 2.99
      vertex 0.688292 -4.01702 2.99
    endloop
  endfacet
  facet normal 0.216819 0.976212 -0
    outer loop
      vertex -0.208377 -12.6818 0
      vertex -0.310582 -12.6591 7.99
      vertex -0.208377 -12.6818 7.99
    endloop
  endfacet
  facet normal 0.216819 0.976212 0
    outer loop
      vertex -0.310582 -12.6591 7.99
      vertex -0.208377 -12.6818 0
      vertex -0.310582 -12.6591 0
    endloop
  endfacet
  facet normal -0.793373 -0.608736 0
    outer loop
      vertex 0.982982 -4.31171 2.99
      vertex 0.919252 -4.22865 7.99
      vertex 0.919252 -4.22865 2.99
    endloop
  endfacet
  facet normal -0.793373 -0.608736 0
    outer loop
      vertex 0.919252 -4.22865 7.99
      vertex 0.982982 -4.31171 2.99
      vertex 0.982982 -4.31171 7.99
    endloop
  endfacet
  facet normal -0.737357 0.675503 0
    outer loop
      vertex 0.848528 -12.3485 0
      vertex 0.919252 -12.2713 7.99
      vertex 0.919252 -12.2713 0
    endloop
  endfacet
  facet normal -0.737357 0.675503 0
    outer loop
      vertex 0.919252 -12.2713 7.99
      vertex 0.848528 -12.3485 0
      vertex 0.848528 -12.3485 7.99
    endloop
  endfacet
  facet normal -0.608773 -0.793344 0
    outer loop
      vertex 0.688292 -4.01702 2.99
      vertex 0.771344 -4.08075 7.99
      vertex 0.688292 -4.01702 7.99
    endloop
  endfacet
  facet normal -0.608773 -0.793344 -0
    outer loop
      vertex 0.771344 -4.08075 7.99
      vertex 0.688292 -4.01702 2.99
      vertex 0.771344 -4.08075 2.99
    endloop
  endfacet
  facet normal 0.608782 -0.793337 0
    outer loop
      vertex 2.76419 -2.61628 2.99
      vertex 2.84724 -2.55255 7.99
      vertex 2.76419 -2.61628 7.99
    endloop
  endfacet
  facet normal 0.608782 -0.793337 0
    outer loop
      vertex 2.84724 -2.55255 7.99
      vertex 2.76419 -2.61628 2.99
      vertex 2.84724 -2.55255 2.99
    endloop
  endfacet
  facet normal 0.737241 -0.675629 0
    outer loop
      vertex 2.61628 -2.76419 7.99
      vertex 2.68701 -2.68701 2.99
      vertex 2.68701 -2.68701 7.99
    endloop
  endfacet
  facet normal 0.737241 -0.675629 0
    outer loop
      vertex 2.68701 -2.68701 2.99
      vertex 2.61628 -2.76419 7.99
      vertex 2.61628 -2.76419 2.99
    endloop
  endfacet
  facet normal -0.675629 -0.737241 0
    outer loop
      vertex 4.30688 -2.61628 0
      vertex 4.38406 -2.68701 7.99
      vertex 4.30688 -2.61628 7.99
    endloop
  endfacet
  facet normal -0.675629 -0.737241 -0
    outer loop
      vertex 4.38406 -2.68701 7.99
      vertex 4.30688 -2.61628 0
      vertex 4.38406 -2.68701 0
    endloop
  endfacet
  facet normal 0.608736 0.793373 -0
    outer loop
      vertex 7.44344 -9.11471 0
      vertex 7.36038 -9.05098 7.99
      vertex 7.44344 -9.11471 7.99
    endloop
  endfacet
  facet normal 0.608736 0.793373 0
    outer loop
      vertex 7.36038 -9.05098 7.99
      vertex 7.44344 -9.11471 0
      vertex 7.36038 -9.05098 0
    endloop
  endfacet
  facet normal 0.382695 0.923875 -0
    outer loop
      vertex 7.7213 -9.25936 0
      vertex 7.62459 -9.2193 7.99
      vertex 7.7213 -9.25936 7.99
    endloop
  endfacet
  facet normal 0.382695 0.923875 0
    outer loop
      vertex 7.62459 -9.2193 7.99
      vertex 7.7213 -9.25936 0
      vertex 7.62459 -9.2193 0
    endloop
  endfacet
  facet normal -0.737333 0.67553 0
    outer loop
      vertex 8.98026 -8.98026 0
      vertex 9.05098 -8.90307 7.99
      vertex 9.05098 -8.90307 0
    endloop
  endfacet
  facet normal -0.737333 0.67553 0
    outer loop
      vertex 9.05098 -8.90307 7.99
      vertex 8.98026 -8.98026 0
      vertex 8.98026 -8.98026 7.99
    endloop
  endfacet
  facet normal 0.53732 0.843378 -0
    outer loop
      vertex 7.53173 -9.17096 0
      vertex 7.44344 -9.11471 7.99
      vertex 7.53173 -9.17096 7.99
    endloop
  endfacet
  facet normal 0.53732 0.843378 0
    outer loop
      vertex 7.44344 -9.11471 7.99
      vertex 7.53173 -9.17096 0
      vertex 7.44344 -9.11471 0
    endloop
  endfacet
  facet normal 0.99145 -0.130487 0
    outer loop
      vertex 2.3401 -3.43095 7.99
      vertex 2.35376 -3.32716 2.99
      vertex 2.35376 -3.32716 7.99
    endloop
  endfacet
  facet normal 0.99145 -0.130487 0
    outer loop
      vertex 2.35376 -3.32716 2.99
      vertex 2.3401 -3.43095 7.99
      vertex 2.3401 -3.43095 2.99
    endloop
  endfacet
  facet normal 0.88699 0.461789 0
    outer loop
      vertex 2.4963 -4.13553 7.99
      vertex 2.44796 -4.04268 0
      vertex 2.44796 -4.04268 7.99
    endloop
  endfacet
  facet normal 0.88699 0.461789 0
    outer loop
      vertex 2.44796 -4.04268 0
      vertex 2.4963 -4.13553 7.99
      vertex 2.4963 -4.13553 0
    endloop
  endfacet
  facet normal 0.843378 -0.53732 0
    outer loop
      vertex 2.4963 -2.93553 7.99
      vertex 2.55255 -2.84724 2.99
      vertex 2.55255 -2.84724 7.99
    endloop
  endfacet
  facet normal 0.843378 -0.53732 0
    outer loop
      vertex 2.55255 -2.84724 2.99
      vertex 2.4963 -2.93553 7.99
      vertex 2.4963 -2.93553 2.99
    endloop
  endfacet
  facet normal 0.46175 0.88701 -0
    outer loop
      vertex 7.62459 -9.2193 0
      vertex 7.53173 -9.17096 7.99
      vertex 7.62459 -9.2193 7.99
    endloop
  endfacet
  facet normal 0.46175 0.88701 0
    outer loop
      vertex 7.53173 -9.17096 7.99
      vertex 7.62459 -9.2193 0
      vertex 7.53173 -9.17096 0
    endloop
  endfacet
  facet normal 0.382661 -0.923889 0
    outer loop
      vertex 3.02839 -2.44796 2.99
      vertex 3.12511 -2.4079 7.99
      vertex 3.02839 -2.44796 7.99
    endloop
  endfacet
  facet normal 0.382661 -0.923889 0
    outer loop
      vertex 3.12511 -2.4079 7.99
      vertex 3.02839 -2.44796 2.99
      vertex 3.12511 -2.4079 2.99
    endloop
  endfacet
  facet normal -0.88701 0.46175 0
    outer loop
      vertex 9.17096 -8.73173 0
      vertex 9.2193 -8.63887 7.99
      vertex 9.2193 -8.63887 0
    endloop
  endfacet
  facet normal -0.88701 0.46175 0
    outer loop
      vertex 9.2193 -8.63887 7.99
      vertex 9.17096 -8.73173 0
      vertex 9.17096 -8.73173 7.99
    endloop
  endfacet
  facet normal -0.843378 0.53732 0
    outer loop
      vertex 9.11471 -8.82002 0
      vertex 9.17096 -8.73173 7.99
      vertex 9.17096 -8.73173 0
    endloop
  endfacet
  facet normal -0.843378 0.53732 0
    outer loop
      vertex 9.17096 -8.73173 7.99
      vertex 9.11471 -8.82002 0
      vertex 9.11471 -8.82002 7.99
    endloop
  endfacet
  facet normal 0.707108 0.707106 0
    outer loop
      vertex 7.2832 -8.98026 7.99
      vertex 2.68701 -4.38406 0
      vertex 2.68701 -4.38406 7.99
    endloop
  endfacet
  facet normal 0.707108 0.707106 0
    outer loop
      vertex 2.68701 -4.38406 0
      vertex 7.2832 -8.98026 7.99
      vertex 7.2832 -8.98026 0
    endloop
  endfacet
  facet normal -0.843378 -0.53732 0
    outer loop
      vertex 9.17096 -7.53173 0
      vertex 9.11471 -7.44344 7.99
      vertex 9.11471 -7.44344 0
    endloop
  endfacet
  facet normal -0.843378 -0.53732 0
    outer loop
      vertex 9.11471 -7.44344 7.99
      vertex 9.17096 -7.53173 0
      vertex 9.17096 -7.53173 7.99
    endloop
  endfacet
  facet normal -0.130487 -0.99145 0
    outer loop
      vertex 3.64012 -2.3401 2.99
      vertex 3.74391 -2.35376 7.99
      vertex 3.64012 -2.3401 7.99
    endloop
  endfacet
  facet normal -0.130487 -0.99145 -0
    outer loop
      vertex 3.74391 -2.35376 7.99
      vertex 3.64012 -2.3401 2.99
      vertex 3.74391 -2.35376 2.99
    endloop
  endfacet
  facet normal 0.88701 -0.46175 0
    outer loop
      vertex 2.44796 -3.02839 7.99
      vertex 2.4963 -2.93553 2.99
      vertex 2.4963 -2.93553 7.99
    endloop
  endfacet
  facet normal 0.88701 -0.46175 0
    outer loop
      vertex 2.4963 -2.93553 2.99
      vertex 2.44796 -3.02839 7.99
      vertex 2.44796 -3.02839 2.99
    endloop
  endfacet
  facet normal -0.707106 -0.707108 0
    outer loop
      vertex 8.98026 -7.2832 0
      vertex 4.38406 -2.68701 7.99
      vertex 4.38406 -2.68701 0
    endloop
  endfacet
  facet normal -0.707106 -0.707108 0
    outer loop
      vertex 4.38406 -2.68701 7.99
      vertex 8.98026 -7.2832 0
      vertex 8.98026 -7.2832 7.99
    endloop
  endfacet
  facet normal -0.923889 0.382661 0
    outer loop
      vertex 9.2193 -8.63887 0
      vertex 9.25936 -8.54215 7.99
      vertex 9.25936 -8.54215 0
    endloop
  endfacet
  facet normal -0.923889 0.382661 0
    outer loop
      vertex 9.25936 -8.54215 7.99
      vertex 9.2193 -8.63887 0
      vertex 9.2193 -8.63887 7.99
    endloop
  endfacet
  facet normal -0.88701 -0.46175 0
    outer loop
      vertex 9.2193 -7.62459 0
      vertex 9.17096 -7.53173 7.99
      vertex 9.17096 -7.53173 0
    endloop
  endfacet
  facet normal -0.88701 -0.46175 0
    outer loop
      vertex 9.17096 -7.53173 7.99
      vertex 9.2193 -7.62459 0
      vertex 9.2193 -7.62459 7.99
    endloop
  endfacet
  facet normal -0.130474 0.991452 0
    outer loop
      vertex 8.34011 -9.3135 0
      vertex 8.23631 -9.32716 7.99
      vertex 8.34011 -9.3135 7.99
    endloop
  endfacet
  facet normal -0.130474 0.991452 0
    outer loop
      vertex 8.23631 -9.32716 7.99
      vertex 8.34011 -9.3135 0
      vertex 8.23631 -9.32716 0
    endloop
  endfacet
  facet normal 0.843406 0.537277 0
    outer loop
      vertex 2.55255 -4.22383 7.99
      vertex 2.4963 -4.13553 0
      vertex 2.4963 -4.13553 7.99
    endloop
  endfacet
  facet normal 0.843406 0.537277 0
    outer loop
      vertex 2.4963 -4.13553 0
      vertex 2.55255 -4.22383 7.99
      vertex 2.55255 -4.22383 0
    endloop
  endfacet
  facet normal 0.675578 0.737289 -0
    outer loop
      vertex 7.36038 -9.05098 0
      vertex 7.2832 -8.98026 7.99
      vertex 7.36038 -9.05098 7.99
    endloop
  endfacet
  facet normal 0.675578 0.737289 0
    outer loop
      vertex 7.2832 -8.98026 7.99
      vertex 7.36038 -9.05098 0
      vertex 7.2832 -8.98026 0
    endloop
  endfacet
  facet normal 0.737241 0.675629 0
    outer loop
      vertex 2.68701 -4.38406 7.99
      vertex 2.61628 -4.30688 0
      vertex 2.61628 -4.30688 7.99
    endloop
  endfacet
  facet normal 0.737241 0.675629 0
    outer loop
      vertex 2.61628 -4.30688 0
      vertex 2.68701 -4.38406 7.99
      vertex 2.68701 -4.38406 0
    endloop
  endfacet
  facet normal -0.97629 0.216465 0
    outer loop
      vertex 9.29084 -8.44231 0
      vertex 9.3135 -8.34011 7.99
      vertex 9.3135 -8.34011 0
    endloop
  endfacet
  facet normal -0.97629 0.216465 0
    outer loop
      vertex 9.3135 -8.34011 7.99
      vertex 9.29084 -8.44231 0
      vertex 9.29084 -8.44231 7.99
    endloop
  endfacet
  facet normal -0.608782 -0.793337 0
    outer loop
      vertex 4.22383 -2.55255 0
      vertex 4.30688 -2.61628 7.99
      vertex 4.22383 -2.55255 7.99
    endloop
  endfacet
  facet normal -0.608782 -0.793337 -0
    outer loop
      vertex 4.30688 -2.61628 7.99
      vertex 4.22383 -2.55255 0
      vertex 4.30688 -2.61628 0
    endloop
  endfacet
  facet normal -0.923875 -0.382695 0
    outer loop
      vertex 9.25936 -7.7213 0
      vertex 9.2193 -7.62459 7.99
      vertex 9.2193 -7.62459 0
    endloop
  endfacet
  facet normal -0.923875 -0.382695 0
    outer loop
      vertex 9.2193 -7.62459 7.99
      vertex 9.25936 -7.7213 0
      vertex 9.25936 -7.7213 7.99
    endloop
  endfacet
  facet normal -0.953715 0.300711 0
    outer loop
      vertex 9.25936 -8.54215 0
      vertex 9.29084 -8.44231 7.99
      vertex 9.29084 -8.44231 0
    endloop
  endfacet
  facet normal -0.953715 0.300711 0
    outer loop
      vertex 9.29084 -8.44231 7.99
      vertex 9.25936 -8.54215 0
      vertex 9.25936 -8.54215 7.99
    endloop
  endfacet
  facet normal -0.537277 -0.843406 0
    outer loop
      vertex 4.13553 -2.4963 0
      vertex 4.22383 -2.55255 7.99
      vertex 4.13553 -2.4963 7.99
    endloop
  endfacet
  facet normal -0.537277 -0.843406 -0
    outer loop
      vertex 4.22383 -2.55255 7.99
      vertex 4.13553 -2.4963 0
      vertex 4.22383 -2.55255 0
    endloop
  endfacet
  facet normal -0.999047 0.0436569 0
    outer loop
      vertex 9.32716 -8.23631 0
      vertex 9.33173 -8.13173 7.99
      vertex 9.33173 -8.13173 0
    endloop
  endfacet
  facet normal -0.999047 0.0436569 0
    outer loop
      vertex 9.33173 -8.13173 7.99
      vertex 9.32716 -8.23631 0
      vertex 9.32716 -8.23631 7.99
    endloop
  endfacet
  facet normal 0.793337 0.608782 0
    outer loop
      vertex 2.61628 -4.30688 7.99
      vertex 2.55255 -4.22383 0
      vertex 2.55255 -4.22383 7.99
    endloop
  endfacet
  facet normal 0.793337 0.608782 0
    outer loop
      vertex 2.55255 -4.22383 0
      vertex 2.61628 -4.30688 7.99
      vertex 2.61628 -4.30688 0
    endloop
  endfacet
  facet normal -0.608782 0.793337 0
    outer loop
      vertex 8.90307 -9.05098 0
      vertex 8.82002 -9.11471 7.99
      vertex 8.90307 -9.05098 7.99
    endloop
  endfacet
  facet normal -0.608782 0.793337 0
    outer loop
      vertex 8.82002 -9.11471 7.99
      vertex 8.90307 -9.05098 0
      vertex 8.82002 -9.11471 0
    endloop
  endfacet
  facet normal -0.737289 -0.675578 0
    outer loop
      vertex 9.05098 -7.36038 0
      vertex 8.98026 -7.2832 7.99
      vertex 8.98026 -7.2832 0
    endloop
  endfacet
  facet normal -0.737289 -0.675578 0
    outer loop
      vertex 8.98026 -7.2832 7.99
      vertex 9.05098 -7.36038 0
      vertex 9.05098 -7.36038 7.99
    endloop
  endfacet
  facet normal -0.991452 0.130474 0
    outer loop
      vertex 9.3135 -8.34011 0
      vertex 9.32716 -8.23631 7.99
      vertex 9.32716 -8.23631 0
    endloop
  endfacet
  facet normal -0.991452 0.130474 0
    outer loop
      vertex 9.32716 -8.23631 7.99
      vertex 9.3135 -8.34011 0
      vertex 9.3135 -8.34011 7.99
    endloop
  endfacet
  facet normal 0.976295 0.216443 0
    outer loop
      vertex 2.35376 -3.74391 7.99
      vertex 2.37068 -3.82023 2.99
      vertex 2.35376 -3.74391 2.99
    endloop
  endfacet
  facet normal 0.976295 0.216445 -3.43867e-08
    outer loop
      vertex 2.37642 -3.84612 7.99
      vertex 2.37068 -3.82023 2.99
      vertex 2.35376 -3.74391 7.99
    endloop
  endfacet
  facet normal 0.976293 0.216451 -0
    outer loop
      vertex 2.37642 -3.84612 0
      vertex 2.37068 -3.82023 2.99
      vertex 2.37642 -3.84612 7.99
    endloop
  endfacet
  facet normal 0.976293 0.216451 0
    outer loop
      vertex 2.37068 -3.82023 2.99
      vertex 2.37642 -3.84612 0
      vertex 2.37068 -3.82023 0
    endloop
  endfacet
  facet normal -0.793373 -0.608736 0
    outer loop
      vertex 9.11471 -7.44344 0
      vertex 9.05098 -7.36038 7.99
      vertex 9.05098 -7.36038 0
    endloop
  endfacet
  facet normal -0.793373 -0.608736 0
    outer loop
      vertex 9.05098 -7.36038 7.99
      vertex 9.11471 -7.44344 0
      vertex 9.11471 -7.44344 7.99
    endloop
  endfacet
  facet normal 0.999047 0.0436528 0
    outer loop
      vertex 2.3401 -3.64012 7.99
      vertex 2.33553 -3.53553 2.99
      vertex 2.33553 -3.53553 7.99
    endloop
  endfacet
  facet normal 0.999047 0.0436528 0
    outer loop
      vertex 2.33553 -3.53553 2.99
      vertex 2.3401 -3.64012 7.99
      vertex 2.3401 -3.64012 2.99
    endloop
  endfacet
  facet normal 0.53732 -0.843378 0
    outer loop
      vertex 2.84724 -2.55255 2.99
      vertex 2.93553 -2.4963 7.99
      vertex 2.84724 -2.55255 7.99
    endloop
  endfacet
  facet normal 0.53732 -0.843378 0
    outer loop
      vertex 2.93553 -2.4963 7.99
      vertex 2.84724 -2.55255 2.99
      vertex 2.93553 -2.4963 2.99
    endloop
  endfacet
  facet normal 0.216465 0.97629 -0
    outer loop
      vertex 7.92335 -9.3135 0
      vertex 7.82115 -9.29084 7.99
      vertex 7.92335 -9.3135 7.99
    endloop
  endfacet
  facet normal 0.216465 0.97629 0
    outer loop
      vertex 7.82115 -9.29084 7.99
      vertex 7.92335 -9.3135 0
      vertex 7.82115 -9.29084 0
    endloop
  endfacet
  facet normal 0.923889 0.382661 0
    outer loop
      vertex 2.44796 -4.04268 7.99
      vertex 2.4079 -3.94596 0
      vertex 2.4079 -3.94596 7.99
    endloop
  endfacet
  facet normal 0.923889 0.382661 0
    outer loop
      vertex 2.4079 -3.94596 0
      vertex 2.44796 -4.04268 7.99
      vertex 2.44796 -4.04268 0
    endloop
  endfacet
  facet normal 0.0436528 0.999047 -0
    outer loop
      vertex 8.13173 -9.33173 0
      vertex 8.02714 -9.32716 7.99
      vertex 8.13173 -9.33173 7.99
    endloop
  endfacet
  facet normal 0.0436528 0.999047 0
    outer loop
      vertex 8.02714 -9.32716 7.99
      vertex 8.13173 -9.33173 0
      vertex 8.02714 -9.32716 0
    endloop
  endfacet
  facet normal -0.216465 0.97629 0
    outer loop
      vertex 8.44231 -9.29084 0
      vertex 8.34011 -9.3135 7.99
      vertex 8.44231 -9.29084 7.99
    endloop
  endfacet
  facet normal -0.216465 0.97629 0
    outer loop
      vertex 8.34011 -9.3135 7.99
      vertex 8.44231 -9.29084 0
      vertex 8.34011 -9.3135 0
    endloop
  endfacet
  facet normal 0.976295 -0.216445 0
    outer loop
      vertex 2.35376 -3.32716 7.99
      vertex 2.37642 -3.22495 2.99
      vertex 2.37642 -3.22495 7.99
    endloop
  endfacet
  facet normal 0.976295 -0.216445 0
    outer loop
      vertex 2.37642 -3.22495 2.99
      vertex 2.35376 -3.32716 7.99
      vertex 2.35376 -3.32716 2.99
    endloop
  endfacet
  facet normal 0.793337 -0.608782 0
    outer loop
      vertex 2.55255 -2.84724 7.99
      vertex 2.61628 -2.76419 2.99
      vertex 2.61628 -2.76419 7.99
    endloop
  endfacet
  facet normal 0.793337 -0.608782 0
    outer loop
      vertex 2.61628 -2.76419 2.99
      vertex 2.55255 -2.84724 7.99
      vertex 2.55255 -2.84724 2.99
    endloop
  endfacet
  facet normal -0.0436569 0.999047 0
    outer loop
      vertex 8.23631 -9.32716 0
      vertex 8.13173 -9.33173 7.99
      vertex 8.23631 -9.32716 7.99
    endloop
  endfacet
  facet normal -0.0436569 0.999047 0
    outer loop
      vertex 8.13173 -9.33173 7.99
      vertex 8.23631 -9.32716 0
      vertex 8.13173 -9.33173 0
    endloop
  endfacet
  facet normal 0.130487 -0.99145 0
    outer loop
      vertex 3.32716 -2.35376 2.99
      vertex 3.43095 -2.3401 7.99
      vertex 3.32716 -2.35376 7.99
    endloop
  endfacet
  facet normal 0.130487 -0.99145 0
    outer loop
      vertex 3.43095 -2.3401 7.99
      vertex 3.32716 -2.35376 2.99
      vertex 3.43095 -2.3401 2.99
    endloop
  endfacet
  facet normal 0.300683 0.953724 -0
    outer loop
      vertex 7.82115 -9.29084 0
      vertex 7.7213 -9.25936 7.99
      vertex 7.82115 -9.29084 7.99
    endloop
  endfacet
  facet normal 0.300683 0.953724 0
    outer loop
      vertex 7.7213 -9.25936 7.99
      vertex 7.82115 -9.29084 0
      vertex 7.7213 -9.25936 0
    endloop
  endfacet
  facet normal -0.793337 0.608782 0
    outer loop
      vertex 9.05098 -8.90307 0
      vertex 9.11471 -8.82002 7.99
      vertex 9.11471 -8.82002 0
    endloop
  endfacet
  facet normal -0.793337 0.608782 0
    outer loop
      vertex 9.11471 -8.82002 7.99
      vertex 9.05098 -8.90307 0
      vertex 9.05098 -8.90307 7.99
    endloop
  endfacet
  facet normal 0.953715 -0.300711 0
    outer loop
      vertex 2.37642 -3.22495 7.99
      vertex 2.4079 -3.12511 2.99
      vertex 2.4079 -3.12511 7.99
    endloop
  endfacet
  facet normal 0.953715 -0.300711 0
    outer loop
      vertex 2.4079 -3.12511 2.99
      vertex 2.37642 -3.22495 7.99
      vertex 2.37642 -3.22495 2.99
    endloop
  endfacet
  facet normal 0.0436569 -0.999047 0
    outer loop
      vertex 3.43095 -2.3401 2.99
      vertex 3.53553 -2.33553 7.99
      vertex 3.43095 -2.3401 7.99
    endloop
  endfacet
  facet normal 0.0436569 -0.999047 0
    outer loop
      vertex 3.53553 -2.33553 7.99
      vertex 3.43095 -2.3401 2.99
      vertex 3.53553 -2.33553 2.99
    endloop
  endfacet
  facet normal -0.953724 -0.300683 0
    outer loop
      vertex 9.29084 -7.82115 0
      vertex 9.25936 -7.7213 7.99
      vertex 9.25936 -7.7213 0
    endloop
  endfacet
  facet normal -0.953724 -0.300683 0
    outer loop
      vertex 9.25936 -7.7213 7.99
      vertex 9.29084 -7.82115 0
      vertex 9.29084 -7.82115 7.99
    endloop
  endfacet
  facet normal 0.923889 -0.382661 0
    outer loop
      vertex 2.4079 -3.12511 7.99
      vertex 2.44796 -3.02839 2.99
      vertex 2.44796 -3.02839 7.99
    endloop
  endfacet
  facet normal 0.923889 -0.382661 0
    outer loop
      vertex 2.44796 -3.02839 2.99
      vertex 2.4079 -3.12511 7.99
      vertex 2.4079 -3.12511 2.99
    endloop
  endfacet
  facet normal 0.999047 -0.0436569 0
    outer loop
      vertex 2.33553 -3.53553 7.99
      vertex 2.3401 -3.43095 2.99
      vertex 2.3401 -3.43095 7.99
    endloop
  endfacet
  facet normal 0.999047 -0.0436569 0
    outer loop
      vertex 2.3401 -3.43095 2.99
      vertex 2.33553 -3.53553 7.99
      vertex 2.33553 -3.53553 2.99
    endloop
  endfacet
  facet normal -0.97629 -0.216465 0
    outer loop
      vertex 9.3135 -7.92335 0
      vertex 9.29084 -7.82115 7.99
      vertex 9.29084 -7.82115 0
    endloop
  endfacet
  facet normal -0.97629 -0.216465 0
    outer loop
      vertex 9.29084 -7.82115 7.99
      vertex 9.3135 -7.92335 0
      vertex 9.3135 -7.92335 7.99
    endloop
  endfacet
  facet normal -0.216445 -0.976295 0
    outer loop
      vertex 3.74391 -2.35376 2.99
      vertex 3.84612 -2.37642 7.99
      vertex 3.74391 -2.35376 7.99
    endloop
  endfacet
  facet normal -0.216443 -0.976295 -4.60517e-08
    outer loop
      vertex 3.82023 -2.37068 2.99
      vertex 3.84612 -2.37642 7.99
      vertex 3.74391 -2.35376 2.99
    endloop
  endfacet
  facet normal -0.216451 -0.976293 0
    outer loop
      vertex 3.84612 -2.37642 0
      vertex 3.82023 -2.37068 2.99
      vertex 3.82023 -2.37068 0
    endloop
  endfacet
  facet normal -0.216451 -0.976293 0
    outer loop
      vertex 3.82023 -2.37068 2.99
      vertex 3.84612 -2.37642 0
      vertex 3.84612 -2.37642 7.99
    endloop
  endfacet
  facet normal -0.382661 0.923889 0
    outer loop
      vertex 8.63887 -9.2193 0
      vertex 8.54215 -9.25936 7.99
      vertex 8.63887 -9.2193 7.99
    endloop
  endfacet
  facet normal -0.382661 0.923889 0
    outer loop
      vertex 8.54215 -9.25936 7.99
      vertex 8.63887 -9.2193 0
      vertex 8.54215 -9.25936 0
    endloop
  endfacet
  facet normal -0.67553 0.737333 0
    outer loop
      vertex 8.98026 -8.98026 0
      vertex 8.90307 -9.05098 7.99
      vertex 8.98026 -8.98026 7.99
    endloop
  endfacet
  facet normal -0.67553 0.737333 0
    outer loop
      vertex 8.90307 -9.05098 7.99
      vertex 8.98026 -8.98026 0
      vertex 8.90307 -9.05098 0
    endloop
  endfacet
  facet normal 0.46175 -0.88701 0
    outer loop
      vertex 2.93553 -2.4963 2.99
      vertex 3.02839 -2.44796 7.99
      vertex 2.93553 -2.4963 7.99
    endloop
  endfacet
  facet normal 0.46175 -0.88701 0
    outer loop
      vertex 3.02839 -2.44796 7.99
      vertex 2.93553 -2.4963 2.99
      vertex 3.02839 -2.44796 2.99
    endloop
  endfacet
  facet normal -0.461789 -0.88699 0
    outer loop
      vertex 4.04268 -2.44796 0
      vertex 4.13553 -2.4963 7.99
      vertex 4.04268 -2.44796 7.99
    endloop
  endfacet
  facet normal -0.461789 -0.88699 -0
    outer loop
      vertex 4.13553 -2.4963 7.99
      vertex 4.04268 -2.44796 0
      vertex 4.13553 -2.4963 0
    endloop
  endfacet
  facet normal -0.99145 -0.130487 0
    outer loop
      vertex 9.32716 -8.02714 0
      vertex 9.3135 -7.92335 7.99
      vertex 9.3135 -7.92335 0
    endloop
  endfacet
  facet normal -0.99145 -0.130487 0
    outer loop
      vertex 9.3135 -7.92335 7.99
      vertex 9.32716 -8.02714 0
      vertex 9.32716 -8.02714 7.99
    endloop
  endfacet
  facet normal 0.953715 0.300711 0
    outer loop
      vertex 2.4079 -3.94596 7.99
      vertex 2.37642 -3.84612 0
      vertex 2.37642 -3.84612 7.99
    endloop
  endfacet
  facet normal 0.953715 0.300711 0
    outer loop
      vertex 2.37642 -3.84612 0
      vertex 2.4079 -3.94596 7.99
      vertex 2.4079 -3.94596 0
    endloop
  endfacet
  facet normal -0.300711 0.953715 0
    outer loop
      vertex 8.54215 -9.25936 0
      vertex 8.44231 -9.29084 7.99
      vertex 8.54215 -9.25936 7.99
    endloop
  endfacet
  facet normal -0.300711 0.953715 0
    outer loop
      vertex 8.44231 -9.29084 7.99
      vertex 8.54215 -9.25936 0
      vertex 8.44231 -9.29084 0
    endloop
  endfacet
  facet normal 0.99145 0.130487 0
    outer loop
      vertex 2.35376 -3.74391 7.99
      vertex 2.3401 -3.64012 2.99
      vertex 2.3401 -3.64012 7.99
    endloop
  endfacet
  facet normal 0.99145 0.130487 0
    outer loop
      vertex 2.3401 -3.64012 2.99
      vertex 2.35376 -3.74391 7.99
      vertex 2.35376 -3.74391 2.99
    endloop
  endfacet
  facet normal 0.130487 0.99145 -0
    outer loop
      vertex 8.02714 -9.32716 0
      vertex 7.92335 -9.3135 7.99
      vertex 8.02714 -9.32716 7.99
    endloop
  endfacet
  facet normal 0.130487 0.99145 0
    outer loop
      vertex 7.92335 -9.3135 7.99
      vertex 8.02714 -9.32716 0
      vertex 7.92335 -9.3135 0
    endloop
  endfacet
  facet normal 0.300711 -0.953715 0
    outer loop
      vertex 3.12511 -2.4079 2.99
      vertex 3.22495 -2.37642 7.99
      vertex 3.12511 -2.4079 7.99
    endloop
  endfacet
  facet normal 0.300711 -0.953715 0
    outer loop
      vertex 3.22495 -2.37642 7.99
      vertex 3.12511 -2.4079 2.99
      vertex 3.22495 -2.37642 2.99
    endloop
  endfacet
  facet normal -0.999047 -0.0436528 0
    outer loop
      vertex 9.33173 -8.13173 0
      vertex 9.32716 -8.02714 7.99
      vertex 9.32716 -8.02714 0
    endloop
  endfacet
  facet normal -0.999047 -0.0436528 0
    outer loop
      vertex 9.32716 -8.02714 7.99
      vertex 9.33173 -8.13173 0
      vertex 9.33173 -8.13173 7.99
    endloop
  endfacet
  facet normal -0.46175 0.88701 0
    outer loop
      vertex 8.73173 -9.17096 0
      vertex 8.63887 -9.2193 7.99
      vertex 8.73173 -9.17096 7.99
    endloop
  endfacet
  facet normal -0.46175 0.88701 0
    outer loop
      vertex 8.63887 -9.2193 7.99
      vertex 8.73173 -9.17096 0
      vertex 8.63887 -9.2193 0
    endloop
  endfacet
  facet normal -0.300711 -0.953715 0
    outer loop
      vertex 3.84612 -2.37642 0
      vertex 3.94596 -2.4079 7.99
      vertex 3.84612 -2.37642 7.99
    endloop
  endfacet
  facet normal -0.300711 -0.953715 -0
    outer loop
      vertex 3.94596 -2.4079 7.99
      vertex 3.84612 -2.37642 0
      vertex 3.94596 -2.4079 0
    endloop
  endfacet
  facet normal 0.216445 -0.976295 0
    outer loop
      vertex 3.22495 -2.37642 2.99
      vertex 3.32716 -2.35376 7.99
      vertex 3.22495 -2.37642 7.99
    endloop
  endfacet
  facet normal 0.216445 -0.976295 0
    outer loop
      vertex 3.32716 -2.35376 7.99
      vertex 3.22495 -2.37642 2.99
      vertex 3.32716 -2.35376 2.99
    endloop
  endfacet
  facet normal -0.53732 0.843378 0
    outer loop
      vertex 8.82002 -9.11471 0
      vertex 8.73173 -9.17096 7.99
      vertex 8.82002 -9.11471 7.99
    endloop
  endfacet
  facet normal -0.53732 0.843378 0
    outer loop
      vertex 8.73173 -9.17096 7.99
      vertex 8.82002 -9.11471 0
      vertex 8.73173 -9.17096 0
    endloop
  endfacet
  facet normal -0.0436528 -0.999047 0
    outer loop
      vertex 3.53553 -2.33553 2.99
      vertex 3.64012 -2.3401 7.99
      vertex 3.53553 -2.33553 7.99
    endloop
  endfacet
  facet normal -0.0436528 -0.999047 -0
    outer loop
      vertex 3.64012 -2.3401 7.99
      vertex 3.53553 -2.33553 2.99
      vertex 3.64012 -2.3401 2.99
    endloop
  endfacet
  facet normal 0 0 -1
    outer loop
      vertex 9.32716 -8.23631 7.99
      vertex 9.32716 -8.02714 7.99
      vertex 9.33173 -8.13173 7.99
    endloop
  endfacet
  facet normal 0 0 -1
    outer loop
      vertex 9.3135 -8.34011 7.99
      vertex 9.32716 -8.02714 7.99
      vertex 9.32716 -8.23631 7.99
    endloop
  endfacet
  facet normal 0 0 -1
    outer loop
      vertex 9.3135 -8.34011 7.99
      vertex 9.3135 -7.92335 7.99
      vertex 9.32716 -8.02714 7.99
    endloop
  endfacet
  facet normal 0 0 -1
    outer loop
      vertex 9.29084 -8.44231 7.99
      vertex 9.3135 -7.92335 7.99
      vertex 9.3135 -8.34011 7.99
    endloop
  endfacet
  facet normal 0 0 -1
    outer loop
      vertex 9.29084 -8.44231 7.99
      vertex 9.29084 -7.82115 7.99
      vertex 9.3135 -7.92335 7.99
    endloop
  endfacet
  facet normal 0 0 -1
    outer loop
      vertex 9.25936 -8.54215 7.99
      vertex 9.29084 -7.82115 7.99
      vertex 9.29084 -8.44231 7.99
    endloop
  endfacet
  facet normal 0 0 -1
    outer loop
      vertex 9.25936 -8.54215 7.99
      vertex 9.25936 -7.7213 7.99
      vertex 9.29084 -7.82115 7.99
    endloop
  endfacet
  facet normal 0 0 -1
    outer loop
      vertex 9.2193 -8.63887 7.99
      vertex 9.25936 -7.7213 7.99
      vertex 9.25936 -8.54215 7.99
    endloop
  endfacet
  facet normal 0 0 -1
    outer loop
      vertex 9.2193 -8.63887 7.99
      vertex 9.2193 -7.62459 7.99
      vertex 9.25936 -7.7213 7.99
    endloop
  endfacet
  facet normal 0 0 -1
    outer loop
      vertex 9.17096 -8.73173 7.99
      vertex 9.2193 -7.62459 7.99
      vertex 9.2193 -8.63887 7.99
    endloop
  endfacet
  facet normal 0 0 -1
    outer loop
      vertex 9.17096 -8.73173 7.99
      vertex 9.17096 -7.53173 7.99
      vertex 9.2193 -7.62459 7.99
    endloop
  endfacet
  facet normal 0 0 -1
    outer loop
      vertex 9.11471 -8.82002 7.99
      vertex 9.17096 -7.53173 7.99
      vertex 9.17096 -8.73173 7.99
    endloop
  endfacet
  facet normal 0 0 -1
    outer loop
      vertex 9.11471 -8.82002 7.99
      vertex 9.11471 -7.44344 7.99
      vertex 9.17096 -7.53173 7.99
    endloop
  endfacet
  facet normal 0 0 -1
    outer loop
      vertex 9.05098 -8.90307 7.99
      vertex 9.11471 -7.44344 7.99
      vertex 9.11471 -8.82002 7.99
    endloop
  endfacet
  facet normal 0 0 -1
    outer loop
      vertex 9.05098 -8.90307 7.99
      vertex 9.05098 -7.36038 7.99
      vertex 9.11471 -7.44344 7.99
    endloop
  endfacet
  facet normal 0 0 -1
    outer loop
      vertex 8.98026 -8.98026 7.99
      vertex 9.05098 -7.36038 7.99
      vertex 9.05098 -8.90307 7.99
    endloop
  endfacet
  facet normal 0 0 -1
    outer loop
      vertex 8.98026 -8.98026 7.99
      vertex 8.98026 -7.2832 7.99
      vertex 9.05098 -7.36038 7.99
    endloop
  endfacet
  facet normal 0 0 -1
    outer loop
      vertex 8.90307 -9.05098 7.99
      vertex 8.98026 -7.2832 7.99
      vertex 8.98026 -8.98026 7.99
    endloop
  endfacet
  facet normal 0 0 -1
    outer loop
      vertex 8.82002 -9.11471 7.99
      vertex 8.98026 -7.2832 7.99
      vertex 8.90307 -9.05098 7.99
    endloop
  endfacet
  facet normal 0 0 -1
    outer loop
      vertex 8.73173 -9.17096 7.99
      vertex 8.98026 -7.2832 7.99
      vertex 8.82002 -9.11471 7.99
    endloop
  endfacet
  facet normal 0 0 -1
    outer loop
      vertex 8.63887 -9.2193 7.99
      vertex 8.98026 -7.2832 7.99
      vertex 8.73173 -9.17096 7.99
    endloop
  endfacet
  facet normal 0 0 -1
    outer loop
      vertex 8.54215 -9.25936 7.99
      vertex 8.98026 -7.2832 7.99
      vertex 8.63887 -9.2193 7.99
    endloop
  endfacet
  facet normal 0 0 -1
    outer loop
      vertex 8.44231 -9.29084 7.99
      vertex 8.98026 -7.2832 7.99
      vertex 8.54215 -9.25936 7.99
    endloop
  endfacet
  facet normal 0 0 -1
    outer loop
      vertex 8.34011 -9.3135 7.99
      vertex 8.98026 -7.2832 7.99
      vertex 8.44231 -9.29084 7.99
    endloop
  endfacet
  facet normal 0 0 -1
    outer loop
      vertex 8.23631 -9.32716 7.99
      vertex 8.98026 -7.2832 7.99
      vertex 8.34011 -9.3135 7.99
    endloop
  endfacet
  facet normal 0 0 -1
    outer loop
      vertex 8.13173 -9.33173 7.99
      vertex 8.98026 -7.2832 7.99
      vertex 8.23631 -9.32716 7.99
    endloop
  endfacet
  facet normal 0 0 -1
    outer loop
      vertex 8.02714 -9.32716 7.99
      vertex 8.98026 -7.2832 7.99
      vertex 8.13173 -9.33173 7.99
    endloop
  endfacet
  facet normal 0 0 -1
    outer loop
      vertex 7.92335 -9.3135 7.99
      vertex 8.98026 -7.2832 7.99
      vertex 8.02714 -9.32716 7.99
    endloop
  endfacet
  facet normal 0 0 -1
    outer loop
      vertex 7.82115 -9.29084 7.99
      vertex 8.98026 -7.2832 7.99
      vertex 7.92335 -9.3135 7.99
    endloop
  endfacet
  facet normal 0 0 -1
    outer loop
      vertex 7.7213 -9.25936 7.99
      vertex 8.98026 -7.2832 7.99
      vertex 7.82115 -9.29084 7.99
    endloop
  endfacet
  facet normal 0 0 -1
    outer loop
      vertex 7.62459 -9.2193 7.99
      vertex 8.98026 -7.2832 7.99
      vertex 7.7213 -9.25936 7.99
    endloop
  endfacet
  facet normal 0 0 -1
    outer loop
      vertex 7.53173 -9.17096 7.99
      vertex 8.98026 -7.2832 7.99
      vertex 7.62459 -9.2193 7.99
    endloop
  endfacet
  facet normal 0 0 -1
    outer loop
      vertex 7.44344 -9.11471 7.99
      vertex 8.98026 -7.2832 7.99
      vertex 7.53173 -9.17096 7.99
    endloop
  endfacet
  facet normal 0 0 -1
    outer loop
      vertex 7.36038 -9.05098 7.99
      vertex 8.98026 -7.2832 7.99
      vertex 7.44344 -9.11471 7.99
    endloop
  endfacet
  facet normal 0 0 -1
    outer loop
      vertex 7.2832 -8.98026 7.99
      vertex 8.98026 -7.2832 7.99
      vertex 7.36038 -9.05098 7.99
    endloop
  endfacet
  facet normal 0 0 -1
    outer loop
      vertex 7.2832 -8.98026 7.99
      vertex 4.38406 -2.68701 7.99
      vertex 8.98026 -7.2832 7.99
    endloop
  endfacet
  facet normal 0 0 -1
    outer loop
      vertex 2.68701 -4.38406 7.99
      vertex 4.38406 -2.68701 7.99
      vertex 7.2832 -8.98026 7.99
    endloop
  endfacet
  facet normal -0 0 -1
    outer loop
      vertex 4.38406 -2.68701 7.99
      vertex 2.68701 -4.38406 7.99
      vertex 4.30688 -2.61628 7.99
    endloop
  endfacet
  facet normal -0 0 -1
    outer loop
      vertex 4.30688 -2.61628 7.99
      vertex 2.68701 -4.38406 7.99
      vertex 4.22383 -2.55255 7.99
    endloop
  endfacet
  facet normal -0 0 -1
    outer loop
      vertex 4.22383 -2.55255 7.99
      vertex 2.68701 -4.38406 7.99
      vertex 4.13553 -2.4963 7.99
    endloop
  endfacet
  facet normal -0 0 -1
    outer loop
      vertex 4.13553 -2.4963 7.99
      vertex 2.68701 -4.38406 7.99
      vertex 4.04268 -2.44796 7.99
    endloop
  endfacet
  facet normal -0 0 -1
    outer loop
      vertex 4.04268 -2.44796 7.99
      vertex 2.68701 -4.38406 7.99
      vertex 3.94596 -2.4079 7.99
    endloop
  endfacet
  facet normal -0 0 -1
    outer loop
      vertex 3.94596 -2.4079 7.99
      vertex 2.68701 -4.38406 7.99
      vertex 3.84612 -2.37642 7.99
    endloop
  endfacet
  facet normal -0 0 -1
    outer loop
      vertex 3.84612 -2.37642 7.99
      vertex 2.68701 -4.38406 7.99
      vertex 3.74391 -2.35376 7.99
    endloop
  endfacet
  facet normal -0 0 -1
    outer loop
      vertex 3.74391 -2.35376 7.99
      vertex 2.68701 -4.38406 7.99
      vertex 3.64012 -2.3401 7.99
    endloop
  endfacet
  facet normal -0 0 -1
    outer loop
      vertex 3.64012 -2.3401 7.99
      vertex 2.68701 -4.38406 7.99
      vertex 3.53553 -2.33553 7.99
    endloop
  endfacet
  facet normal 0 0 -1
    outer loop
      vertex 3.53553 -2.33553 7.99
      vertex 2.68701 -4.38406 7.99
      vertex 3.43095 -2.3401 7.99
    endloop
  endfacet
  facet normal 0 0 -1
    outer loop
      vertex 3.43095 -2.3401 7.99
      vertex 2.68701 -4.38406 7.99
      vertex 3.32716 -2.35376 7.99
    endloop
  endfacet
  facet normal 0 0 -1
    outer loop
      vertex 3.32716 -2.35376 7.99
      vertex 2.68701 -4.38406 7.99
      vertex 3.22495 -2.37642 7.99
    endloop
  endfacet
  facet normal 0 0 -1
    outer loop
      vertex 3.22495 -2.37642 7.99
      vertex 2.68701 -4.38406 7.99
      vertex 3.12511 -2.4079 7.99
    endloop
  endfacet
  facet normal 0 0 -1
    outer loop
      vertex 3.12511 -2.4079 7.99
      vertex 2.68701 -4.38406 7.99
      vertex 3.02839 -2.44796 7.99
    endloop
  endfacet
  facet normal 0 0 -1
    outer loop
      vertex 3.02839 -2.44796 7.99
      vertex 2.68701 -4.38406 7.99
      vertex 2.93553 -2.4963 7.99
    endloop
  endfacet
  facet normal 0 0 -1
    outer loop
      vertex 2.93553 -2.4963 7.99
      vertex 2.68701 -4.38406 7.99
      vertex 2.84724 -2.55255 7.99
    endloop
  endfacet
  facet normal 0 0 -1
    outer loop
      vertex 2.84724 -2.55255 7.99
      vertex 2.68701 -4.38406 7.99
      vertex 2.76419 -2.61628 7.99
    endloop
  endfacet
  facet normal 0 0 -1
    outer loop
      vertex 2.68701 -4.38406 7.99
      vertex 2.68701 -2.68701 7.99
      vertex 2.76419 -2.61628 7.99
    endloop
  endfacet
  facet normal 0 0 -1
    outer loop
      vertex 2.61628 -4.30688 7.99
      vertex 2.68701 -2.68701 7.99
      vertex 2.68701 -4.38406 7.99
    endloop
  endfacet
  facet normal 0 0 -1
    outer loop
      vertex 2.61628 -4.30688 7.99
      vertex 2.61628 -2.76419 7.99
      vertex 2.68701 -2.68701 7.99
    endloop
  endfacet
  facet normal 0 0 -1
    outer loop
      vertex 2.55255 -4.22383 7.99
      vertex 2.61628 -2.76419 7.99
      vertex 2.61628 -4.30688 7.99
    endloop
  endfacet
  facet normal 0 0 -1
    outer loop
      vertex 2.55255 -4.22383 7.99
      vertex 2.55255 -2.84724 7.99
      vertex 2.61628 -2.76419 7.99
    endloop
  endfacet
  facet normal 0 0 -1
    outer loop
      vertex 2.4963 -4.13553 7.99
      vertex 2.55255 -2.84724 7.99
      vertex 2.55255 -4.22383 7.99
    endloop
  endfacet
  facet normal 0 0 -1
    outer loop
      vertex 2.4963 -4.13553 7.99
      vertex 2.4963 -2.93553 7.99
      vertex 2.55255 -2.84724 7.99
    endloop
  endfacet
  facet normal 0 0 -1
    outer loop
      vertex 2.44796 -4.04268 7.99
      vertex 2.4963 -2.93553 7.99
      vertex 2.4963 -4.13553 7.99
    endloop
  endfacet
  facet normal 0 0 -1
    outer loop
      vertex 2.44796 -4.04268 7.99
      vertex 2.44796 -3.02839 7.99
      vertex 2.4963 -2.93553 7.99
    endloop
  endfacet
  facet normal 0 0 -1
    outer loop
      vertex 2.4079 -3.94596 7.99
      vertex 2.44796 -3.02839 7.99
      vertex 2.44796 -4.04268 7.99
    endloop
  endfacet
  facet normal 0 0 -1
    outer loop
      vertex 2.4079 -3.94596 7.99
      vertex 2.4079 -3.12511 7.99
      vertex 2.44796 -3.02839 7.99
    endloop
  endfacet
  facet normal 0 0 -1
    outer loop
      vertex 2.37642 -3.84612 7.99
      vertex 2.4079 -3.12511 7.99
      vertex 2.4079 -3.94596 7.99
    endloop
  endfacet
  facet normal 0 0 -1
    outer loop
      vertex 2.37642 -3.84612 7.99
      vertex 2.37642 -3.22495 7.99
      vertex 2.4079 -3.12511 7.99
    endloop
  endfacet
  facet normal 0 0 -1
    outer loop
      vertex 2.35376 -3.74391 7.99
      vertex 2.37642 -3.22495 7.99
      vertex 2.37642 -3.84612 7.99
    endloop
  endfacet
  facet normal 0 0 -1
    outer loop
      vertex 2.35376 -3.74391 7.99
      vertex 2.35376 -3.32716 7.99
      vertex 2.37642 -3.22495 7.99
    endloop
  endfacet
  facet normal 0 0 -1
    outer loop
      vertex 2.3401 -3.64012 7.99
      vertex 2.35376 -3.32716 7.99
      vertex 2.35376 -3.74391 7.99
    endloop
  endfacet
  facet normal 0 0 -1
    outer loop
      vertex 2.3401 -3.64012 7.99
      vertex 2.3401 -3.43095 7.99
      vertex 2.35376 -3.32716 7.99
    endloop
  endfacet
  facet normal 0 -0 -1
    outer loop
      vertex 2.3401 -3.43095 7.99
      vertex 2.3401 -3.64012 7.99
      vertex 2.33553 -3.53553 7.99
    endloop
  endfacet
  facet normal -0.382661 -0.923889 0
    outer loop
      vertex 3.94596 -2.4079 0
      vertex 4.04268 -2.44796 7.99
      vertex 3.94596 -2.4079 7.99
    endloop
  endfacet
  facet normal -0.382661 -0.923889 -0
    outer loop
      vertex 4.04268 -2.44796 7.99
      vertex 3.94596 -2.4079 0
      vertex 4.04268 -2.44796 0
    endloop
  endfacet
  facet normal 0.675629 -0.737241 0
    outer loop
      vertex 2.68701 -2.68701 2.99
      vertex 2.76419 -2.61628 7.99
      vertex 2.68701 -2.68701 7.99
    endloop
  endfacet
  facet normal 0.675629 -0.737241 0
    outer loop
      vertex 2.76419 -2.61628 7.99
      vertex 2.68701 -2.68701 2.99
      vertex 2.76419 -2.61628 2.99
    endloop
  endfacet
  facet normal -0.991383 -0.130996 0
    outer loop
      vertex 10.8947 0.122018 7.99
      vertex 10.8787 0.243107 15
      vertex 10.8787 0.243107 7.99
    endloop
  endfacet
  facet normal -0.991383 -0.130996 0
    outer loop
      vertex 10.8787 0.243107 15
      vertex 10.8947 0.122018 7.99
      vertex 10.8947 0.122018 15
    endloop
  endfacet
  facet normal -0.999058 -0.0433953 0
    outer loop
      vertex 10.9 0 7.99
      vertex 10.8947 0.122018 15
      vertex 10.8947 0.122018 7.99
    endloop
  endfacet
  facet normal -0.999058 -0.0433953 0
    outer loop
      vertex 10.8947 0.122018 15
      vertex 10.9 0 7.99
      vertex 10.9 0 15
    endloop
  endfacet
  facet normal -0.976356 -0.216167 0
    outer loop
      vertex 10.8787 0.243107 7.99
      vertex 10.8523 0.362347 15
      vertex 10.8523 0.362347 7.99
    endloop
  endfacet
  facet normal -0.976356 -0.216167 0
    outer loop
      vertex 10.8523 0.362347 15
      vertex 10.8787 0.243107 7.99
      vertex 10.8787 0.243107 15
    endloop
  endfacet
  facet normal -0.999058 0.0433953 0
    outer loop
      vertex 10.8947 -0.122018 7.99
      vertex 10.9 0 15
      vertex 10.9 0 7.99
    endloop
  endfacet
  facet normal -0.999058 0.0433953 0
    outer loop
      vertex 10.9 0 15
      vertex 10.8947 -0.122018 7.99
      vertex 10.8947 -0.122018 15
    endloop
  endfacet
  facet normal 0.953708 -0.300736 0
    outer loop
      vertex 8.1477 0.362347 15
      vertex 8.18443 0.478827 7.99
      vertex 8.18443 0.478827 15
    endloop
  endfacet
  facet normal 0.953708 -0.300736 0
    outer loop
      vertex 8.18443 0.478827 7.99
      vertex 8.1477 0.362347 15
      vertex 8.1477 0.362347 7.99
    endloop
  endfacet
  facet normal 0.976304 0.216402 0
    outer loop
      vertex 8.1477 -0.362347 15
      vertex 8.12127 -0.243107 7.99
      vertex 8.12127 -0.243107 15
    endloop
  endfacet
  facet normal 0.976304 0.216402 0
    outer loop
      vertex 8.12127 -0.243107 7.99
      vertex 8.1477 -0.362347 15
      vertex 8.1477 -0.362347 7.99
    endloop
  endfacet
  facet normal 0.793357 -0.608757 0
    outer loop
      vertex 8.35319 0.803006 15
      vertex 8.42754 0.899902 7.99
      vertex 8.42754 0.899902 15
    endloop
  endfacet
  facet normal 0.793357 -0.608757 0
    outer loop
      vertex 8.42754 0.899902 7.99
      vertex 8.35319 0.803006 15
      vertex 8.35319 0.803006 7.99
    endloop
  endfacet
  facet normal -0.736922 -0.675978 0
    outer loop
      vertex 10.5725 0.899902 7.99
      vertex 10.4899 0.989949 15
      vertex 10.4899 0.989949 7.99
    endloop
  endfacet
  facet normal -0.736922 -0.675978 0
    outer loop
      vertex 10.4899 0.989949 15
      vertex 10.5725 0.899902 7.99
      vertex 10.5725 0.899902 15
    endloop
  endfacet
  facet normal 0.923877 -0.38269 0
    outer loop
      vertex 8.18443 0.478827 15
      vertex 8.23117 0.591665 7.99
      vertex 8.23117 0.591665 15
    endloop
  endfacet
  facet normal 0.923877 -0.38269 0
    outer loop
      vertex 8.23117 0.591665 7.99
      vertex 8.18443 0.478827 15
      vertex 8.18443 0.478827 7.99
    endloop
  endfacet
  facet normal -0.53731 0.843385 0
    outer loop
      vertex 10.303 -1.14681 7.99
      vertex 10.2 -1.21243 15
      vertex 10.303 -1.14681 15
    endloop
  endfacet
  facet normal -0.537261 0.843416 1.00864e-06
    outer loop
      vertex 10.2195 -1.2 7.99
      vertex 10.2 -1.21243 15
      vertex 10.303 -1.14681 7.99
    endloop
  endfacet
  facet normal -0.537519 0.843252 0
    outer loop
      vertex 10.2 -1.21243 5
      vertex 10.2195 -1.2 7.99
      vertex 10.2195 -1.2 5
    endloop
  endfacet
  facet normal -0.537519 0.843252 0
    outer loop
      vertex 10.2195 -1.2 7.99
      vertex 10.2 -1.21243 5
      vertex 10.2 -1.21243 15
    endloop
  endfacet
  facet normal -0.675774 -0.737109 0
    outer loop
      vertex 10.3999 1.07246 7.99
      vertex 10.4899 0.989949 15
      vertex 10.3999 1.07246 15
    endloop
  endfacet
  facet normal -0.675774 -0.737109 -0
    outer loop
      vertex 10.4899 0.989949 15
      vertex 10.3999 1.07246 7.99
      vertex 10.4899 0.989949 7.99
    endloop
  endfacet
  facet normal -0.300736 0.953708 0
    outer loop
      vertex 9.97883 -1.31557 5
      vertex 9.86235 -1.3523 15
      vertex 9.97883 -1.31557 15
    endloop
  endfacet
  facet normal -0.300736 0.953708 0
    outer loop
      vertex 9.86235 -1.3523 15
      vertex 9.97883 -1.31557 5
      vertex 9.86235 -1.3523 5
    endloop
  endfacet
  facet normal -0.991383 0.130996 0
    outer loop
      vertex 10.8787 -0.243107 7.99
      vertex 10.8947 -0.122018 15
      vertex 10.8947 -0.122018 7.99
    endloop
  endfacet
  facet normal -0.991383 0.130996 0
    outer loop
      vertex 10.8947 -0.122018 15
      vertex 10.8787 -0.243107 7.99
      vertex 10.8787 -0.243107 15
    endloop
  endfacet
  facet normal 0.300736 0.953708 -0
    outer loop
      vertex 9.13765 -1.3523 5
      vertex 9.02117 -1.31557 15
      vertex 9.13765 -1.3523 15
    endloop
  endfacet
  facet normal 0.300736 0.953708 0
    outer loop
      vertex 9.02117 -1.31557 15
      vertex 9.13765 -1.3523 5
      vertex 9.02117 -1.31557 5
    endloop
  endfacet
  facet normal 0.737289 -0.675577 0
    outer loop
      vertex 8.42754 0.899902 15
      vertex 8.51005 0.989949 7.99
      vertex 8.51005 0.989949 15
    endloop
  endfacet
  facet normal 0.737289 -0.675577 0
    outer loop
      vertex 8.51005 0.989949 7.99
      vertex 8.42754 0.899902 15
      vertex 8.42754 0.899902 7.99
    endloop
  endfacet
  facet normal -0.130512 -0.991447 0
    outer loop
      vertex 9.62202 1.39467 5
      vertex 9.74311 1.37873 15
      vertex 9.62202 1.39467 15
    endloop
  endfacet
  facet normal -0.130512 -0.991447 -0
    outer loop
      vertex 9.74311 1.37873 15
      vertex 9.62202 1.39467 5
      vertex 9.74311 1.37873 5
    endloop
  endfacet
  facet normal -0.793555 0.608499 0
    outer loop
      vertex 10.5725 -0.899902 7.99
      vertex 10.6468 -0.803006 15
      vertex 10.6468 -0.803006 7.99
    endloop
  endfacet
  facet normal -0.793555 0.608499 0
    outer loop
      vertex 10.6468 -0.803006 15
      vertex 10.5725 -0.899902 7.99
      vertex 10.5725 -0.899902 15
    endloop
  endfacet
  facet normal -0.953778 -0.300512 0
    outer loop
      vertex 10.8523 0.362347 7.99
      vertex 10.8156 0.478827 15
      vertex 10.8156 0.478827 7.99
    endloop
  endfacet
  facet normal -0.953778 -0.300512 0
    outer loop
      vertex 10.8156 0.478827 15
      vertex 10.8523 0.362347 7.99
      vertex 10.8523 0.362347 15
    endloop
  endfacet
  facet normal 0.843362 -0.537346 0
    outer loop
      vertex 8.28756 0.7 15
      vertex 8.35319 0.803006 7.99
      vertex 8.35319 0.803006 15
    endloop
  endfacet
  facet normal 0.843362 -0.537346 0
    outer loop
      vertex 8.35319 0.803006 7.99
      vertex 8.28756 0.7 15
      vertex 8.28756 0.7 7.99
    endloop
  endfacet
  facet normal 0.216402 0.976304 -0
    outer loop
      vertex 9.25689 -1.37873 5
      vertex 9.13765 -1.3523 15
      vertex 9.25689 -1.37873 15
    endloop
  endfacet
  facet normal 0.216402 0.976304 0
    outer loop
      vertex 9.13765 -1.3523 15
      vertex 9.25689 -1.37873 5
      vertex 9.13765 -1.3523 5
    endloop
  endfacet
  facet normal -0.976356 0.216167 0
    outer loop
      vertex 10.8523 -0.362347 7.99
      vertex 10.8787 -0.243107 15
      vertex 10.8787 -0.243107 7.99
    endloop
  endfacet
  facet normal -0.976356 0.216167 0
    outer loop
      vertex 10.8787 -0.243107 15
      vertex 10.8523 -0.362347 7.99
      vertex 10.8523 -0.362347 15
    endloop
  endfacet
  facet normal 0.461794 -0.886987 0
    outer loop
      vertex 8.8 1.21243 5
      vertex 8.90833 1.26883 15
      vertex 8.8 1.21243 15
    endloop
  endfacet
  facet normal 0.461794 -0.886987 0
    outer loop
      vertex 8.90833 1.26883 15
      vertex 8.8 1.21243 5
      vertex 8.90833 1.26883 5
    endloop
  endfacet
  facet normal -0.923703 -0.383109 0
    outer loop
      vertex 10.8156 0.478827 7.99
      vertex 10.7688 0.591665 15
      vertex 10.7688 0.591665 7.99
    endloop
  endfacet
  facet normal -0.923703 -0.383109 0
    outer loop
      vertex 10.7688 0.591665 15
      vertex 10.8156 0.478827 7.99
      vertex 10.8156 0.478827 15
    endloop
  endfacet
  facet normal -0.382598 -0.923915 0
    outer loop
      vertex 9.97883 1.31557 5
      vertex 10.0917 1.26883 15
      vertex 9.97883 1.31557 15
    endloop
  endfacet
  facet normal -0.382598 -0.923915 -0
    outer loop
      vertex 10.0917 1.26883 15
      vertex 9.97883 1.31557 5
      vertex 10.0917 1.26883 5
    endloop
  endfacet
  facet normal 0.382684 -0.923879 0
    outer loop
      vertex 8.90833 1.26883 5
      vertex 9.02117 1.31557 15
      vertex 8.90833 1.26883 15
    endloop
  endfacet
  facet normal 0.382684 -0.923879 0
    outer loop
      vertex 9.02117 1.31557 15
      vertex 8.90833 1.26883 5
      vertex 9.02117 1.31557 5
    endloop
  endfacet
  facet normal -0.0436397 0.999047 0
    outer loop
      vertex 9.62202 -1.39467 5
      vertex 9.5 -1.4 15
      vertex 9.62202 -1.39467 15
    endloop
  endfacet
  facet normal -0.0436397 0.999047 0
    outer loop
      vertex 9.5 -1.4 15
      vertex 9.62202 -1.39467 5
      vertex 9.5 -1.4 5
    endloop
  endfacet
  facet normal -0.382598 0.923915 0
    outer loop
      vertex 10.0917 -1.26883 5
      vertex 9.97883 -1.31557 15
      vertex 10.0917 -1.26883 15
    endloop
  endfacet
  facet normal -0.382598 0.923915 0
    outer loop
      vertex 9.97883 -1.31557 15
      vertex 10.0917 -1.26883 5
      vertex 9.97883 -1.31557 5
    endloop
  endfacet
  facet normal 0.88703 0.461712 0
    outer loop
      vertex 8.28756 -0.7 15
      vertex 8.23117 -0.591665 7.99
      vertex 8.23117 -0.591665 15
    endloop
  endfacet
  facet normal 0.88703 0.461712 0
    outer loop
      vertex 8.23117 -0.591665 7.99
      vertex 8.28756 -0.7 15
      vertex 8.28756 -0.7 7.99
    endloop
  endfacet
  facet normal 0.991447 0.130513 0
    outer loop
      vertex 8.12127 -0.243107 15
      vertex 8.10533 -0.122018 7.99
      vertex 8.10533 -0.122018 15
    endloop
  endfacet
  facet normal 0.991447 0.130513 0
    outer loop
      vertex 8.10533 -0.122018 7.99
      vertex 8.12127 -0.243107 15
      vertex 8.12127 -0.243107 7.99
    endloop
  endfacet
  facet normal -0.130512 0.991447 0
    outer loop
      vertex 9.74311 -1.37873 5
      vertex 9.62202 -1.39467 15
      vertex 9.74311 -1.37873 15
    endloop
  endfacet
  facet normal -0.130512 0.991447 0
    outer loop
      vertex 9.62202 -1.39467 15
      vertex 9.74311 -1.37873 5
      vertex 9.62202 -1.39467 5
    endloop
  endfacet
  facet normal 0.999047 -0.0436405 0
    outer loop
      vertex 8.1 0 15
      vertex 8.10533 0.122018 7.99
      vertex 8.10533 0.122018 15
    endloop
  endfacet
  facet normal 0.999047 -0.0436405 0
    outer loop
      vertex 8.10533 0.122018 7.99
      vertex 8.1 0 15
      vertex 8.1 0 7.99
    endloop
  endfacet
  facet normal 0.67557 -0.737296 0
    outer loop
      vertex 8.51005 0.989949 7.99
      vertex 8.6001 1.07246 15
      vertex 8.51005 0.989949 15
    endloop
  endfacet
  facet normal 0.67557 -0.737296 0
    outer loop
      vertex 8.6001 1.07246 15
      vertex 8.51005 0.989949 7.99
      vertex 8.6001 1.07246 7.99
    endloop
  endfacet
  facet normal -0.843473 0.537171 0
    outer loop
      vertex 10.6468 -0.803006 7.99
      vertex 10.7124 -0.7 15
      vertex 10.7124 -0.7 7.99
    endloop
  endfacet
  facet normal -0.843473 0.537171 0
    outer loop
      vertex 10.7124 -0.7 15
      vertex 10.6468 -0.803006 7.99
      vertex 10.6468 -0.803006 15
    endloop
  endfacet
  facet normal -0.886996 0.461777 0
    outer loop
      vertex 10.7124 -0.7 7.99
      vertex 10.7688 -0.591665 15
      vertex 10.7688 -0.591665 7.99
    endloop
  endfacet
  facet normal -0.886996 0.461777 0
    outer loop
      vertex 10.7688 -0.591665 15
      vertex 10.7124 -0.7 7.99
      vertex 10.7124 -0.7 15
    endloop
  endfacet
  facet normal -0.843473 -0.537171 0
    outer loop
      vertex 10.7124 0.7 7.99
      vertex 10.6468 0.803006 15
      vertex 10.6468 0.803006 7.99
    endloop
  endfacet
  facet normal -0.843473 -0.537171 0
    outer loop
      vertex 10.6468 0.803006 15
      vertex 10.7124 0.7 7.99
      vertex 10.7124 0.7 15
    endloop
  endfacet
  facet normal -0.793555 -0.608499 0
    outer loop
      vertex 10.6468 0.803006 7.99
      vertex 10.5725 0.899902 15
      vertex 10.5725 0.899902 7.99
    endloop
  endfacet
  facet normal -0.793555 -0.608499 0
    outer loop
      vertex 10.5725 0.899902 15
      vertex 10.6468 0.803006 7.99
      vertex 10.6468 0.803006 15
    endloop
  endfacet
  facet normal -0.461894 -0.886935 0
    outer loop
      vertex 10.0917 1.26883 5
      vertex 10.2 1.21243 15
      vertex 10.0917 1.26883 15
    endloop
  endfacet
  facet normal -0.461894 -0.886935 -0
    outer loop
      vertex 10.2 1.21243 15
      vertex 10.0917 1.26883 5
      vertex 10.2 1.21243 5
    endloop
  endfacet
  facet normal -0.736922 0.675978 0
    outer loop
      vertex 10.4899 -0.989949 7.99
      vertex 10.5725 -0.899902 15
      vertex 10.5725 -0.899902 7.99
    endloop
  endfacet
  facet normal -0.736922 0.675978 0
    outer loop
      vertex 10.5725 -0.899902 15
      vertex 10.4899 -0.989949 7.99
      vertex 10.4899 -0.989949 15
    endloop
  endfacet
  facet normal -0.300736 -0.953708 0
    outer loop
      vertex 9.86235 1.3523 5
      vertex 9.97883 1.31557 15
      vertex 9.86235 1.3523 15
    endloop
  endfacet
  facet normal -0.300736 -0.953708 -0
    outer loop
      vertex 9.97883 1.31557 15
      vertex 9.86235 1.3523 5
      vertex 9.97883 1.31557 5
    endloop
  endfacet
  facet normal 0.88703 -0.461712 0
    outer loop
      vertex 8.23117 0.591665 15
      vertex 8.28756 0.7 7.99
      vertex 8.28756 0.7 15
    endloop
  endfacet
  facet normal 0.88703 -0.461712 0
    outer loop
      vertex 8.28756 0.7 7.99
      vertex 8.23117 0.591665 15
      vertex 8.23117 0.591665 7.99
    endloop
  endfacet
  facet normal -0.216402 0.976304 0
    outer loop
      vertex 9.86235 -1.3523 5
      vertex 9.74311 -1.37873 15
      vertex 9.86235 -1.3523 15
    endloop
  endfacet
  facet normal -0.216402 0.976304 0
    outer loop
      vertex 9.74311 -1.37873 15
      vertex 9.86235 -1.3523 5
      vertex 9.74311 -1.37873 5
    endloop
  endfacet
  facet normal 0.843362 0.537346 0
    outer loop
      vertex 8.35319 -0.803006 15
      vertex 8.28756 -0.7 7.99
      vertex 8.28756 -0.7 15
    endloop
  endfacet
  facet normal 0.843362 0.537346 0
    outer loop
      vertex 8.28756 -0.7 7.99
      vertex 8.35319 -0.803006 15
      vertex 8.35319 -0.803006 7.99
    endloop
  endfacet
  facet normal 0.737289 0.675577 0
    outer loop
      vertex 8.51005 -0.989949 15
      vertex 8.42754 -0.899902 7.99
      vertex 8.42754 -0.899902 15
    endloop
  endfacet
  facet normal 0.737289 0.675577 0
    outer loop
      vertex 8.42754 -0.899902 7.99
      vertex 8.51005 -0.989949 15
      vertex 8.51005 -0.989949 7.99
    endloop
  endfacet
  facet normal -0.886996 -0.461777 0
    outer loop
      vertex 10.7688 0.591665 7.99
      vertex 10.7124 0.7 15
      vertex 10.7124 0.7 7.99
    endloop
  endfacet
  facet normal -0.886996 -0.461777 0
    outer loop
      vertex 10.7124 0.7 15
      vertex 10.7688 0.591665 7.99
      vertex 10.7688 0.591665 15
    endloop
  endfacet
  facet normal 0.0436397 0.999047 -0
    outer loop
      vertex 9.5 -1.4 5
      vertex 9.37798 -1.39467 15
      vertex 9.5 -1.4 15
    endloop
  endfacet
  facet normal 0.0436397 0.999047 0
    outer loop
      vertex 9.37798 -1.39467 15
      vertex 9.5 -1.4 5
      vertex 9.37798 -1.39467 5
    endloop
  endfacet
  facet normal 0.537273 -0.843409 0
    outer loop
      vertex 8.69699 1.14681 7.99
      vertex 8.8 1.21243 15
      vertex 8.69699 1.14681 15
    endloop
  endfacet
  facet normal 0.537307 -0.843387 -7.03369e-07
    outer loop
      vertex 8.78048 1.2 7.99
      vertex 8.8 1.21243 15
      vertex 8.69699 1.14681 7.99
    endloop
  endfacet
  facet normal 0.537127 -0.843501 0
    outer loop
      vertex 8.8 1.21243 5
      vertex 8.78048 1.2 7.99
      vertex 8.78048 1.2 5
    endloop
  endfacet
  facet normal 0.537127 -0.843501 0
    outer loop
      vertex 8.78048 1.2 7.99
      vertex 8.8 1.21243 5
      vertex 8.8 1.21243 15
    endloop
  endfacet
  facet normal 0.793357 0.608757 0
    outer loop
      vertex 8.42754 -0.899902 15
      vertex 8.35319 -0.803006 7.99
      vertex 8.35319 -0.803006 15
    endloop
  endfacet
  facet normal 0.793357 0.608757 0
    outer loop
      vertex 8.35319 -0.803006 7.99
      vertex 8.42754 -0.899902 15
      vertex 8.42754 -0.899902 7.99
    endloop
  endfacet
  facet normal 0.216402 -0.976304 0
    outer loop
      vertex 9.13765 1.3523 5
      vertex 9.25689 1.37873 15
      vertex 9.13765 1.3523 15
    endloop
  endfacet
  facet normal 0.216402 -0.976304 0
    outer loop
      vertex 9.25689 1.37873 15
      vertex 9.13765 1.3523 5
      vertex 9.25689 1.37873 5
    endloop
  endfacet
  facet normal 0.130512 -0.991447 0
    outer loop
      vertex 9.25689 1.37873 5
      vertex 9.37798 1.39467 15
      vertex 9.25689 1.37873 15
    endloop
  endfacet
  facet normal 0.130512 -0.991447 0
    outer loop
      vertex 9.37798 1.39467 15
      vertex 9.25689 1.37873 5
      vertex 9.37798 1.39467 5
    endloop
  endfacet
  facet normal 0.300736 -0.953708 0
    outer loop
      vertex 9.02117 1.31557 5
      vertex 9.13765 1.3523 15
      vertex 9.02117 1.31557 15
    endloop
  endfacet
  facet normal 0.300736 -0.953708 0
    outer loop
      vertex 9.13765 1.3523 15
      vertex 9.02117 1.31557 5
      vertex 9.13765 1.3523 5
    endloop
  endfacet
  facet normal -0.53731 -0.843385 8.17652e-07
    outer loop
      vertex 10.2 1.21243 15
      vertex 10.2195 1.2 7.99
      vertex 10.303 1.14681 15
    endloop
  endfacet
  facet normal -0.537519 -0.843252 0
    outer loop
      vertex 10.2 1.21243 5
      vertex 10.2195 1.2 7.99
      vertex 10.2 1.21243 15
    endloop
  endfacet
  facet normal -0.537519 -0.843252 -0
    outer loop
      vertex 10.2195 1.2 7.99
      vertex 10.2 1.21243 5
      vertex 10.2195 1.2 5
    endloop
  endfacet
  facet normal -0.537261 -0.843416 -0
    outer loop
      vertex 10.303 1.14681 15
      vertex 10.2195 1.2 7.99
      vertex 10.303 1.14681 7.99
    endloop
  endfacet
  facet normal 0.999047 0.0436405 0
    outer loop
      vertex 8.10533 -0.122018 15
      vertex 8.1 0 7.99
      vertex 8.1 0 15
    endloop
  endfacet
  facet normal 0.999047 0.0436405 0
    outer loop
      vertex 8.1 0 7.99
      vertex 8.10533 -0.122018 15
      vertex 8.10533 -0.122018 7.99
    endloop
  endfacet
  facet normal -0.608741 -0.793369 0
    outer loop
      vertex 10.303 1.14681 7.99
      vertex 10.3999 1.07246 15
      vertex 10.303 1.14681 15
    endloop
  endfacet
  facet normal -0.608741 -0.793369 -0
    outer loop
      vertex 10.3999 1.07246 15
      vertex 10.303 1.14681 7.99
      vertex 10.3999 1.07246 7.99
    endloop
  endfacet
  facet normal 0.0436397 -0.999047 0
    outer loop
      vertex 9.37798 1.39467 5
      vertex 9.5 1.4 15
      vertex 9.37798 1.39467 15
    endloop
  endfacet
  facet normal 0.0436397 -0.999047 0
    outer loop
      vertex 9.5 1.4 15
      vertex 9.37798 1.39467 5
      vertex 9.5 1.4 5
    endloop
  endfacet
  facet normal -0.953778 0.300512 0
    outer loop
      vertex 10.8156 -0.478827 7.99
      vertex 10.8523 -0.362347 15
      vertex 10.8523 -0.362347 7.99
    endloop
  endfacet
  facet normal -0.953778 0.300512 0
    outer loop
      vertex 10.8523 -0.362347 15
      vertex 10.8156 -0.478827 7.99
      vertex 10.8156 -0.478827 15
    endloop
  endfacet
  facet normal -0.923703 0.383109 0
    outer loop
      vertex 10.7688 -0.591665 7.99
      vertex 10.8156 -0.478827 15
      vertex 10.8156 -0.478827 7.99
    endloop
  endfacet
  facet normal -0.923703 0.383109 0
    outer loop
      vertex 10.8156 -0.478827 15
      vertex 10.7688 -0.591665 7.99
      vertex 10.7688 -0.591665 15
    endloop
  endfacet
  facet normal 0.953708 0.300736 0
    outer loop
      vertex 8.18443 -0.478827 15
      vertex 8.1477 -0.362347 7.99
      vertex 8.1477 -0.362347 15
    endloop
  endfacet
  facet normal 0.953708 0.300736 0
    outer loop
      vertex 8.1477 -0.362347 7.99
      vertex 8.18443 -0.478827 15
      vertex 8.18443 -0.478827 7.99
    endloop
  endfacet
  facet normal -0.461894 0.886935 0
    outer loop
      vertex 10.2 -1.21243 5
      vertex 10.0917 -1.26883 15
      vertex 10.2 -1.21243 15
    endloop
  endfacet
  facet normal -0.461894 0.886935 0
    outer loop
      vertex 10.0917 -1.26883 15
      vertex 10.2 -1.21243 5
      vertex 10.0917 -1.26883 5
    endloop
  endfacet
  facet normal 0.60878 0.793339 -0
    outer loop
      vertex 8.69699 -1.14681 7.99
      vertex 8.6001 -1.07246 15
      vertex 8.69699 -1.14681 15
    endloop
  endfacet
  facet normal 0.60878 0.793339 0
    outer loop
      vertex 8.6001 -1.07246 15
      vertex 8.69699 -1.14681 7.99
      vertex 8.6001 -1.07246 7.99
    endloop
  endfacet
  facet normal 0.976304 -0.216402 0
    outer loop
      vertex 8.12127 0.243107 15
      vertex 8.1477 0.362347 7.99
      vertex 8.1477 0.362347 15
    endloop
  endfacet
  facet normal 0.976304 -0.216402 0
    outer loop
      vertex 8.1477 0.362347 7.99
      vertex 8.12127 0.243107 15
      vertex 8.12127 0.243107 7.99
    endloop
  endfacet
  facet normal -0.0436397 -0.999047 0
    outer loop
      vertex 9.5 1.4 5
      vertex 9.62202 1.39467 15
      vertex 9.5 1.4 15
    endloop
  endfacet
  facet normal -0.0436397 -0.999047 -0
    outer loop
      vertex 9.62202 1.39467 15
      vertex 9.5 1.4 5
      vertex 9.62202 1.39467 5
    endloop
  endfacet
  facet normal 0.461794 0.886987 -0
    outer loop
      vertex 8.90833 -1.26883 5
      vertex 8.8 -1.21243 15
      vertex 8.90833 -1.26883 15
    endloop
  endfacet
  facet normal 0.461794 0.886987 0
    outer loop
      vertex 8.8 -1.21243 15
      vertex 8.90833 -1.26883 5
      vertex 8.8 -1.21243 5
    endloop
  endfacet
  facet normal 0.130512 0.991447 -0
    outer loop
      vertex 9.37798 -1.39467 5
      vertex 9.25689 -1.37873 15
      vertex 9.37798 -1.39467 15
    endloop
  endfacet
  facet normal 0.130512 0.991447 0
    outer loop
      vertex 9.25689 -1.37873 15
      vertex 9.37798 -1.39467 5
      vertex 9.25689 -1.37873 5
    endloop
  endfacet
  facet normal -0.675774 0.737109 0
    outer loop
      vertex 10.4899 -0.989949 7.99
      vertex 10.3999 -1.07246 15
      vertex 10.4899 -0.989949 15
    endloop
  endfacet
  facet normal -0.675774 0.737109 0
    outer loop
      vertex 10.3999 -1.07246 15
      vertex 10.4899 -0.989949 7.99
      vertex 10.3999 -1.07246 7.99
    endloop
  endfacet
  facet normal -0.608741 0.793369 0
    outer loop
      vertex 10.3999 -1.07246 7.99
      vertex 10.303 -1.14681 15
      vertex 10.3999 -1.07246 15
    endloop
  endfacet
  facet normal -0.608741 0.793369 0
    outer loop
      vertex 10.303 -1.14681 15
      vertex 10.3999 -1.07246 7.99
      vertex 10.303 -1.14681 7.99
    endloop
  endfacet
  facet normal -0.216402 -0.976304 0
    outer loop
      vertex 9.74311 1.37873 5
      vertex 9.86235 1.3523 15
      vertex 9.74311 1.37873 15
    endloop
  endfacet
  facet normal -0.216402 -0.976304 -0
    outer loop
      vertex 9.86235 1.3523 15
      vertex 9.74311 1.37873 5
      vertex 9.86235 1.3523 5
    endloop
  endfacet
  facet normal 0.991447 -0.130513 0
    outer loop
      vertex 8.10533 0.122018 15
      vertex 8.12127 0.243107 7.99
      vertex 8.12127 0.243107 15
    endloop
  endfacet
  facet normal 0.991447 -0.130513 0
    outer loop
      vertex 8.12127 0.243107 7.99
      vertex 8.10533 0.122018 15
      vertex 8.10533 0.122018 7.99
    endloop
  endfacet
  facet normal 0.60878 -0.793339 0
    outer loop
      vertex 8.6001 1.07246 7.99
      vertex 8.69699 1.14681 15
      vertex 8.6001 1.07246 15
    endloop
  endfacet
  facet normal 0.60878 -0.793339 0
    outer loop
      vertex 8.69699 1.14681 15
      vertex 8.6001 1.07246 7.99
      vertex 8.69699 1.14681 7.99
    endloop
  endfacet
  facet normal 0 0 1
    outer loop
      vertex 10.2195 -1.2 5
      vertex 10.0917 -1.26883 5
      vertex 10.2 -1.21243 5
    endloop
  endfacet
  facet normal 0 0 1
    outer loop
      vertex 10.2195 -1.2 5
      vertex 9.97883 -1.31557 5
      vertex 10.0917 -1.26883 5
    endloop
  endfacet
  facet normal 0 0 1
    outer loop
      vertex 10.2195 -1.2 5
      vertex 9.86235 -1.3523 5
      vertex 9.97883 -1.31557 5
    endloop
  endfacet
  facet normal 0 0 1
    outer loop
      vertex 10.2195 -1.2 5
      vertex 9.74311 -1.37873 5
      vertex 9.86235 -1.3523 5
    endloop
  endfacet
  facet normal 0 0 1
    outer loop
      vertex 10.2195 -1.2 5
      vertex 9.62202 -1.39467 5
      vertex 9.74311 -1.37873 5
    endloop
  endfacet
  facet normal 0 0 1
    outer loop
      vertex 10.2195 -1.2 5
      vertex 9.5 -1.4 5
      vertex 9.62202 -1.39467 5
    endloop
  endfacet
  facet normal 0 0 1
    outer loop
      vertex 10.2195 -1.2 5
      vertex 9.37798 -1.39467 5
      vertex 9.5 -1.4 5
    endloop
  endfacet
  facet normal 0 0 1
    outer loop
      vertex 10.2195 -1.2 5
      vertex 9.25689 -1.37873 5
      vertex 9.37798 -1.39467 5
    endloop
  endfacet
  facet normal 0 0 1
    outer loop
      vertex 10.2195 -1.2 5
      vertex 9.13765 -1.3523 5
      vertex 9.25689 -1.37873 5
    endloop
  endfacet
  facet normal 0 0 1
    outer loop
      vertex 10.2195 -1.2 5
      vertex 9.02117 -1.31557 5
      vertex 9.13765 -1.3523 5
    endloop
  endfacet
  facet normal 0 0 1
    outer loop
      vertex 10.2195 -1.2 5
      vertex 8.90833 -1.26883 5
      vertex 9.02117 -1.31557 5
    endloop
  endfacet
  facet normal -0 0 1
    outer loop
      vertex 8.78048 -1.2 5
      vertex 8.90833 -1.26883 5
      vertex 10.2195 -1.2 5
    endloop
  endfacet
  facet normal 0 0 1
    outer loop
      vertex 8.90833 -1.26883 5
      vertex 8.78048 -1.2 5
      vertex 8.8 -1.21243 5
    endloop
  endfacet
  facet normal 0 0 1
    outer loop
      vertex 10.0917 1.26883 5
      vertex 10.2195 1.2 5
      vertex 10.2 1.21243 5
    endloop
  endfacet
  facet normal 0 0 1
    outer loop
      vertex 9.97883 1.31557 5
      vertex 10.2195 1.2 5
      vertex 10.0917 1.26883 5
    endloop
  endfacet
  facet normal 0 0 1
    outer loop
      vertex 9.86235 1.3523 5
      vertex 10.2195 1.2 5
      vertex 9.97883 1.31557 5
    endloop
  endfacet
  facet normal 0 0 1
    outer loop
      vertex 9.74311 1.37873 5
      vertex 10.2195 1.2 5
      vertex 9.86235 1.3523 5
    endloop
  endfacet
  facet normal 0 0 1
    outer loop
      vertex 9.62202 1.39467 5
      vertex 10.2195 1.2 5
      vertex 9.74311 1.37873 5
    endloop
  endfacet
  facet normal 0 0 1
    outer loop
      vertex 9.5 1.4 5
      vertex 10.2195 1.2 5
      vertex 9.62202 1.39467 5
    endloop
  endfacet
  facet normal -0 0 1
    outer loop
      vertex 9.37798 1.39467 5
      vertex 10.2195 1.2 5
      vertex 9.5 1.4 5
    endloop
  endfacet
  facet normal -0 0 1
    outer loop
      vertex 9.25689 1.37873 5
      vertex 10.2195 1.2 5
      vertex 9.37798 1.39467 5
    endloop
  endfacet
  facet normal -0 0 1
    outer loop
      vertex 9.13765 1.3523 5
      vertex 10.2195 1.2 5
      vertex 9.25689 1.37873 5
    endloop
  endfacet
  facet normal -0 0 1
    outer loop
      vertex 9.02117 1.31557 5
      vertex 10.2195 1.2 5
      vertex 9.13765 1.3523 5
    endloop
  endfacet
  facet normal -0 0 1
    outer loop
      vertex 8.90833 1.26883 5
      vertex 10.2195 1.2 5
      vertex 9.02117 1.31557 5
    endloop
  endfacet
  facet normal 0 0 1
    outer loop
      vertex 8.78048 1.2 5
      vertex 8.90833 1.26883 5
      vertex 8.8 1.21243 5
    endloop
  endfacet
  facet normal 0 0 1
    outer loop
      vertex 8.90833 1.26883 5
      vertex 8.78048 1.2 5
      vertex 10.2195 1.2 5
    endloop
  endfacet
  facet normal 0.67557 0.737296 -0
    outer loop
      vertex 8.6001 -1.07246 7.99
      vertex 8.51005 -0.989949 15
      vertex 8.6001 -1.07246 15
    endloop
  endfacet
  facet normal 0.67557 0.737296 0
    outer loop
      vertex 8.51005 -0.989949 15
      vertex 8.6001 -1.07246 7.99
      vertex 8.51005 -0.989949 7.99
    endloop
  endfacet
  facet normal 0.382684 0.923879 -0
    outer loop
      vertex 9.02117 -1.31557 5
      vertex 8.90833 -1.26883 15
      vertex 9.02117 -1.31557 15
    endloop
  endfacet
  facet normal 0.382684 0.923879 0
    outer loop
      vertex 8.90833 -1.26883 15
      vertex 9.02117 -1.31557 5
      vertex 8.90833 -1.26883 5
    endloop
  endfacet
  facet normal 0.537273 0.843409 -5.70098e-07
    outer loop
      vertex 8.8 -1.21243 15
      vertex 8.78048 -1.2 7.99
      vertex 8.69699 -1.14681 15
    endloop
  endfacet
  facet normal 0.537127 0.843501 -0
    outer loop
      vertex 8.8 -1.21243 5
      vertex 8.78048 -1.2 7.99
      vertex 8.8 -1.21243 15
    endloop
  endfacet
  facet normal 0.537127 0.843501 0
    outer loop
      vertex 8.78048 -1.2 7.99
      vertex 8.8 -1.21243 5
      vertex 8.78048 -1.2 5
    endloop
  endfacet
  facet normal 0.537307 0.843387 0
    outer loop
      vertex 8.69699 -1.14681 15
      vertex 8.78048 -1.2 7.99
      vertex 8.69699 -1.14681 7.99
    endloop
  endfacet
  facet normal 0.923877 0.38269 0
    outer loop
      vertex 8.23117 -0.591665 15
      vertex 8.18443 -0.478827 7.99
      vertex 8.18443 -0.478827 15
    endloop
  endfacet
  facet normal 0.923877 0.38269 0
    outer loop
      vertex 8.18443 -0.478827 7.99
      vertex 8.23117 -0.591665 15
      vertex 8.23117 -0.591665 7.99
    endloop
  endfacet
  facet normal -0.976304 -0.216402 0
    outer loop
      vertex -3.37127 8.47035 5
      vertex -3.3977 8.58959 15
      vertex -3.3977 8.58959 5
    endloop
  endfacet
  facet normal -0.976304 -0.216402 0
    outer loop
      vertex -3.3977 8.58959 15
      vertex -3.37127 8.47035 5
      vertex -3.37127 8.47035 15
    endloop
  endfacet
  facet normal 0.60878 -0.793339 0
    outer loop
      vertex -5.6499 9.2997 5
      vertex -5.55301 9.37405 15
      vertex -5.6499 9.2997 15
    endloop
  endfacet
  facet normal 0.60878 -0.793339 0
    outer loop
      vertex -5.55301 9.37405 15
      vertex -5.6499 9.2997 5
      vertex -5.55301 9.37405 5
    endloop
  endfacet
  facet normal 0.537331 -0.843371 0
    outer loop
      vertex -5.55301 9.37405 5
      vertex -5.45 9.43968 15
      vertex -5.55301 9.37405 15
    endloop
  endfacet
  facet normal 0.537331 -0.843371 0
    outer loop
      vertex -5.45 9.43968 15
      vertex -5.55301 9.37405 5
      vertex -5.45 9.43968 5
    endloop
  endfacet
  facet normal 0.675565 -0.7373 0
    outer loop
      vertex -5.73995 9.21719 5
      vertex -5.6499 9.2997 15
      vertex -5.73995 9.21719 15
    endloop
  endfacet
  facet normal 0.675565 -0.7373 0
    outer loop
      vertex -5.6499 9.2997 15
      vertex -5.73995 9.21719 5
      vertex -5.6499 9.2997 5
    endloop
  endfacet
  facet normal -0.991447 0.130512 0
    outer loop
      vertex -3.37127 7.98413 5
      vertex -3.35533 8.10522 15
      vertex -3.35533 8.10522 5
    endloop
  endfacet
  facet normal -0.991447 0.130512 0
    outer loop
      vertex -3.35533 8.10522 15
      vertex -3.37127 7.98413 5
      vertex -3.37127 7.98413 15
    endloop
  endfacet
  facet normal -0.793339 0.60878 0
    outer loop
      vertex -3.67754 7.32734 5
      vertex -3.60319 7.42423 15
      vertex -3.60319 7.42423 5
    endloop
  endfacet
  facet normal -0.793339 0.60878 0
    outer loop
      vertex -3.60319 7.42423 15
      vertex -3.67754 7.32734 5
      vertex -3.67754 7.32734 15
    endloop
  endfacet
  facet normal 0.999047 -0.0436397 0
    outer loop
      vertex -6.15 8.22724 15
      vertex -6.14467 8.34926 5
      vertex -6.14467 8.34926 15
    endloop
  endfacet
  facet normal 0.999047 -0.0436397 0
    outer loop
      vertex -6.14467 8.34926 5
      vertex -6.15 8.22724 15
      vertex -6.15 8.22724 5
    endloop
  endfacet
  facet normal -0.537331 -0.843371 0
    outer loop
      vertex -4.05 9.43968 5
      vertex -3.94699 9.37405 15
      vertex -4.05 9.43968 15
    endloop
  endfacet
  facet normal -0.537331 -0.843371 -0
    outer loop
      vertex -3.94699 9.37405 15
      vertex -4.05 9.43968 5
      vertex -3.94699 9.37405 5
    endloop
  endfacet
  facet normal -0.382684 0.923879 0
    outer loop
      vertex -4.15833 6.95841 5
      vertex -4.27117 6.91167 15
      vertex -4.15833 6.95841 15
    endloop
  endfacet
  facet normal -0.382684 0.923879 0
    outer loop
      vertex -4.27117 6.91167 15
      vertex -4.15833 6.95841 5
      vertex -4.27117 6.91167 5
    endloop
  endfacet
  facet normal 0.216402 -0.976304 0
    outer loop
      vertex -5.11235 9.57954 5
      vertex -4.99311 9.60597 15
      vertex -5.11235 9.57954 15
    endloop
  endfacet
  facet normal 0.216402 -0.976304 0
    outer loop
      vertex -4.99311 9.60597 15
      vertex -5.11235 9.57954 5
      vertex -4.99311 9.60597 5
    endloop
  endfacet
  facet normal -0.7373 -0.675565 0
    outer loop
      vertex -3.67754 9.12714 5
      vertex -3.76005 9.21719 15
      vertex -3.76005 9.21719 5
    endloop
  endfacet
  facet normal -0.7373 -0.675565 0
    outer loop
      vertex -3.76005 9.21719 15
      vertex -3.67754 9.12714 5
      vertex -3.67754 9.12714 15
    endloop
  endfacet
  facet normal -0.991447 -0.130512 0
    outer loop
      vertex -3.35533 8.34926 5
      vertex -3.37127 8.47035 15
      vertex -3.37127 8.47035 5
    endloop
  endfacet
  facet normal -0.991447 -0.130512 0
    outer loop
      vertex -3.37127 8.47035 15
      vertex -3.35533 8.34926 5
      vertex -3.35533 8.34926 15
    endloop
  endfacet
  facet normal 0.300736 0.953708 8.59187e-07
    outer loop
      vertex -5.11235 6.87494 15
      vertex -5.20807 6.90513 7.99
      vertex -5.22883 6.91167 15
    endloop
  endfacet
  facet normal 0.300793 0.95369 -0
    outer loop
      vertex -5.11235 6.87494 5
      vertex -5.20807 6.90513 7.99
      vertex -5.11235 6.87494 15
    endloop
  endfacet
  facet normal 0.300793 0.95369 0
    outer loop
      vertex -5.20807 6.90513 7.99
      vertex -5.11235 6.87494 5
      vertex -5.20807 6.90513 5
    endloop
  endfacet
  facet normal 0.300472 0.953791 0
    outer loop
      vertex -5.22883 6.91167 15
      vertex -5.20807 6.90513 7.99
      vertex -5.22883 6.91167 7.99
    endloop
  endfacet
  facet normal -0.843371 -0.537331 0
    outer loop
      vertex -3.53756 8.92724 5
      vertex -3.60319 9.03025 15
      vertex -3.60319 9.03025 5
    endloop
  endfacet
  facet normal -0.843371 -0.537331 0
    outer loop
      vertex -3.60319 9.03025 15
      vertex -3.53756 8.92724 5
      vertex -3.53756 8.92724 15
    endloop
  endfacet
  facet normal 0.923867 0.382713 0
    outer loop
      vertex -6.01883 7.63558 15
      vertex -6.06557 7.74841 7.99
      vertex -6.06557 7.74841 15
    endloop
  endfacet
  facet normal 0.923867 0.382713 0
    outer loop
      vertex -6.06557 7.74841 7.99
      vertex -6.01883 7.63558 15
      vertex -6.01883 7.63558 7.99
    endloop
  endfacet
  facet normal 0.461729 -0.887021 0
    outer loop
      vertex -5.45 9.43968 5
      vertex -5.34167 9.49607 15
      vertex -5.45 9.43968 15
    endloop
  endfacet
  facet normal 0.461729 -0.887021 0
    outer loop
      vertex -5.34167 9.49607 15
      vertex -5.45 9.43968 5
      vertex -5.34167 9.49607 5
    endloop
  endfacet
  facet normal 0.7373 0.675565 0
    outer loop
      vertex -5.73995 7.23729 15
      vertex -5.82246 7.32734 7.99
      vertex -5.82246 7.32734 15
    endloop
  endfacet
  facet normal 0.7373 0.675565 0
    outer loop
      vertex -5.82246 7.32734 7.99
      vertex -5.73995 7.23729 15
      vertex -5.73995 7.23729 7.99
    endloop
  endfacet
  facet normal -0.0436397 -0.999047 0
    outer loop
      vertex -4.75 9.62724 5
      vertex -4.62798 9.62191 15
      vertex -4.75 9.62724 15
    endloop
  endfacet
  facet normal -0.0436397 -0.999047 -0
    outer loop
      vertex -4.62798 9.62191 15
      vertex -4.75 9.62724 5
      vertex -4.62798 9.62191 5
    endloop
  endfacet
  facet normal 0.793339 -0.60878 0
    outer loop
      vertex -5.89681 9.03025 15
      vertex -5.82246 9.12714 5
      vertex -5.82246 9.12714 15
    endloop
  endfacet
  facet normal 0.793339 -0.60878 0
    outer loop
      vertex -5.82246 9.12714 5
      vertex -5.89681 9.03025 15
      vertex -5.89681 9.03025 5
    endloop
  endfacet
  facet normal 0.991447 0.130512 0
    outer loop
      vertex -6.12873 7.98413 15
      vertex -6.14467 8.10522 5
      vertex -6.14467 8.10522 15
    endloop
  endfacet
  facet normal 0.991447 0.130512 0
    outer loop
      vertex -6.14467 8.10522 5
      vertex -6.12873 7.98413 15
      vertex -6.12873 7.98413 5
    endloop
  endfacet
  facet normal -0.887021 -0.461729 0
    outer loop
      vertex -3.48117 8.81891 5
      vertex -3.53756 8.92724 15
      vertex -3.53756 8.92724 5
    endloop
  endfacet
  facet normal -0.887021 -0.461729 0
    outer loop
      vertex -3.53756 8.92724 15
      vertex -3.48117 8.81891 5
      vertex -3.48117 8.81891 15
    endloop
  endfacet
  facet normal 0.0436397 0.999047 -0
    outer loop
      vertex -4.75 6.82724 5
      vertex -4.87202 6.83257 15
      vertex -4.75 6.82724 15
    endloop
  endfacet
  facet normal 0.0436397 0.999047 0
    outer loop
      vertex -4.87202 6.83257 15
      vertex -4.75 6.82724 5
      vertex -4.87202 6.83257 5
    endloop
  endfacet
  facet normal 0.991447 -0.130512 0
    outer loop
      vertex -6.14467 8.34926 15
      vertex -6.12873 8.47035 5
      vertex -6.12873 8.47035 15
    endloop
  endfacet
  facet normal 0.991447 -0.130512 0
    outer loop
      vertex -6.12873 8.47035 5
      vertex -6.14467 8.34926 15
      vertex -6.14467 8.34926 5
    endloop
  endfacet
  facet normal 0.976304 -0.216402 0
    outer loop
      vertex -6.12873 8.47035 15
      vertex -6.1023 8.58959 5
      vertex -6.1023 8.58959 15
    endloop
  endfacet
  facet normal 0.976304 -0.216402 0
    outer loop
      vertex -6.1023 8.58959 5
      vertex -6.12873 8.47035 15
      vertex -6.12873 8.47035 5
    endloop
  endfacet
  facet normal 0.886987 -0.461794 0
    outer loop
      vertex -6.01883 8.81891 15
      vertex -5.96243 8.92724 5
      vertex -5.96243 8.92724 15
    endloop
  endfacet
  facet normal 0.886987 -0.461794 0
    outer loop
      vertex -5.96243 8.92724 5
      vertex -6.01883 8.81891 15
      vertex -6.01883 8.81891 5
    endloop
  endfacet
  facet normal 0.461729 0.887021 -0
    outer loop
      vertex -5.34167 6.95841 7.99
      vertex -5.45 7.0148 15
      vertex -5.34167 6.95841 15
    endloop
  endfacet
  facet normal 0.461729 0.887021 0
    outer loop
      vertex -5.45 7.0148 15
      vertex -5.34167 6.95841 7.99
      vertex -5.45 7.0148 7.99
    endloop
  endfacet
  facet normal 0.793339 0.60878 0
    outer loop
      vertex -5.82246 7.32734 15
      vertex -5.89681 7.42423 7.99
      vertex -5.89681 7.42423 15
    endloop
  endfacet
  facet normal 0.793339 0.60878 0
    outer loop
      vertex -5.89681 7.42423 7.99
      vertex -5.82246 7.32734 15
      vertex -5.82246 7.32734 7.99
    endloop
  endfacet
  facet normal -0.60878 -0.793339 0
    outer loop
      vertex -3.94699 9.37405 5
      vertex -3.8501 9.2997 15
      vertex -3.94699 9.37405 15
    endloop
  endfacet
  facet normal -0.60878 -0.793339 -0
    outer loop
      vertex -3.8501 9.2997 15
      vertex -3.94699 9.37405 5
      vertex -3.8501 9.2997 5
    endloop
  endfacet
  facet normal -0.300736 0.953708 0
    outer loop
      vertex -4.27117 6.91167 5
      vertex -4.38765 6.87494 15
      vertex -4.27117 6.91167 15
    endloop
  endfacet
  facet normal -0.300736 0.953708 0
    outer loop
      vertex -4.38765 6.87494 15
      vertex -4.27117 6.91167 5
      vertex -4.38765 6.87494 5
    endloop
  endfacet
  facet normal -0.382684 -0.923879 0
    outer loop
      vertex -4.27117 9.54281 5
      vertex -4.15833 9.49607 15
      vertex -4.27117 9.54281 15
    endloop
  endfacet
  facet normal -0.382684 -0.923879 -0
    outer loop
      vertex -4.15833 9.49607 15
      vertex -4.27117 9.54281 5
      vertex -4.15833 9.49607 5
    endloop
  endfacet
  facet normal -0.793339 -0.60878 0
    outer loop
      vertex -3.60319 9.03025 5
      vertex -3.67754 9.12714 15
      vertex -3.67754 9.12714 5
    endloop
  endfacet
  facet normal -0.793339 -0.60878 0
    outer loop
      vertex -3.67754 9.12714 15
      vertex -3.60319 9.03025 5
      vertex -3.60319 9.03025 15
    endloop
  endfacet
  facet normal 0.7373 -0.675565 0
    outer loop
      vertex -5.82246 9.12714 15
      vertex -5.73995 9.21719 5
      vertex -5.73995 9.21719 15
    endloop
  endfacet
  facet normal 0.7373 -0.675565 0
    outer loop
      vertex -5.73995 9.21719 5
      vertex -5.82246 9.12714 15
      vertex -5.82246 9.12714 5
    endloop
  endfacet
  facet normal -0.675565 0.7373 0
    outer loop
      vertex -3.76005 7.23729 5
      vertex -3.8501 7.15478 15
      vertex -3.76005 7.23729 15
    endloop
  endfacet
  facet normal -0.675565 0.7373 0
    outer loop
      vertex -3.8501 7.15478 15
      vertex -3.76005 7.23729 5
      vertex -3.8501 7.15478 5
    endloop
  endfacet
  facet normal 0.60878 0.793339 -0
    outer loop
      vertex -5.55301 7.08043 7.99
      vertex -5.6499 7.15478 15
      vertex -5.55301 7.08043 15
    endloop
  endfacet
  facet normal 0.60878 0.793339 0
    outer loop
      vertex -5.6499 7.15478 15
      vertex -5.55301 7.08043 7.99
      vertex -5.6499 7.15478 7.99
    endloop
  endfacet
  facet normal 0.923879 -0.382684 0
    outer loop
      vertex -6.06557 8.70607 15
      vertex -6.01883 8.81891 5
      vertex -6.01883 8.81891 15
    endloop
  endfacet
  facet normal 0.923879 -0.382684 0
    outer loop
      vertex -6.01883 8.81891 5
      vertex -6.06557 8.70607 15
      vertex -6.06557 8.70607 5
    endloop
  endfacet
  facet normal -0.7373 0.675565 0
    outer loop
      vertex -3.76005 7.23729 5
      vertex -3.67754 7.32734 15
      vertex -3.67754 7.32734 5
    endloop
  endfacet
  facet normal -0.7373 0.675565 0
    outer loop
      vertex -3.67754 7.32734 15
      vertex -3.76005 7.23729 5
      vertex -3.76005 7.23729 15
    endloop
  endfacet
  facet normal 0.300736 -0.953708 0
    outer loop
      vertex -5.22883 9.54281 5
      vertex -5.11235 9.57954 15
      vertex -5.22883 9.54281 15
    endloop
  endfacet
  facet normal 0.300736 -0.953708 0
    outer loop
      vertex -5.11235 9.57954 15
      vertex -5.22883 9.54281 5
      vertex -5.11235 9.57954 5
    endloop
  endfacet
  facet normal 0.0436397 -0.999047 0
    outer loop
      vertex -4.87202 9.62191 5
      vertex -4.75 9.62724 15
      vertex -4.87202 9.62191 15
    endloop
  endfacet
  facet normal 0.0436397 -0.999047 0
    outer loop
      vertex -4.75 9.62724 15
      vertex -4.87202 9.62191 5
      vertex -4.75 9.62724 5
    endloop
  endfacet
  facet normal -0.216402 -0.976304 0
    outer loop
      vertex -4.50689 9.60597 5
      vertex -4.38765 9.57954 15
      vertex -4.50689 9.60597 15
    endloop
  endfacet
  facet normal -0.216402 -0.976304 -0
    outer loop
      vertex -4.38765 9.57954 15
      vertex -4.50689 9.60597 5
      vertex -4.38765 9.57954 5
    endloop
  endfacet
  facet normal -0.130512 -0.991447 0
    outer loop
      vertex -4.62798 9.62191 5
      vertex -4.50689 9.60597 15
      vertex -4.62798 9.62191 15
    endloop
  endfacet
  facet normal -0.130512 -0.991447 -0
    outer loop
      vertex -4.50689 9.60597 15
      vertex -4.62798 9.62191 5
      vertex -4.50689 9.60597 5
    endloop
  endfacet
  facet normal 0.999047 0.0436397 0
    outer loop
      vertex -6.14467 8.10522 15
      vertex -6.15 8.22724 5
      vertex -6.15 8.22724 15
    endloop
  endfacet
  facet normal 0.999047 0.0436397 0
    outer loop
      vertex -6.15 8.22724 5
      vertex -6.14467 8.10522 15
      vertex -6.14467 8.10522 5
    endloop
  endfacet
  facet normal 0.382684 -0.923879 0
    outer loop
      vertex -5.34167 9.49607 5
      vertex -5.22883 9.54281 15
      vertex -5.34167 9.49607 15
    endloop
  endfacet
  facet normal 0.382684 -0.923879 0
    outer loop
      vertex -5.22883 9.54281 15
      vertex -5.34167 9.49607 5
      vertex -5.22883 9.54281 5
    endloop
  endfacet
  facet normal 0.843409 -0.537273 0
    outer loop
      vertex -5.96243 8.92724 15
      vertex -5.89681 9.03025 5
      vertex -5.89681 9.03025 15
    endloop
  endfacet
  facet normal 0.843409 -0.537273 0
    outer loop
      vertex -5.89681 9.03025 5
      vertex -5.96243 8.92724 15
      vertex -5.96243 8.92724 5
    endloop
  endfacet
  facet normal 0.843409 0.537273 0
    outer loop
      vertex -5.89681 7.42423 15
      vertex -5.96243 7.52724 7.99
      vertex -5.96243 7.52724 15
    endloop
  endfacet
  facet normal 0.843409 0.537273 0
    outer loop
      vertex -5.96243 7.52724 7.99
      vertex -5.89681 7.42423 15
      vertex -5.89681 7.42423 7.99
    endloop
  endfacet
  facet normal 0.216402 0.976304 -0
    outer loop
      vertex -4.99311 6.84851 5
      vertex -5.11235 6.87494 15
      vertex -4.99311 6.84851 15
    endloop
  endfacet
  facet normal 0.216402 0.976304 0
    outer loop
      vertex -5.11235 6.87494 15
      vertex -4.99311 6.84851 5
      vertex -5.11235 6.87494 5
    endloop
  endfacet
  facet normal -0.976304 0.216402 0
    outer loop
      vertex -3.3977 7.86489 5
      vertex -3.37127 7.98413 15
      vertex -3.37127 7.98413 5
    endloop
  endfacet
  facet normal -0.976304 0.216402 0
    outer loop
      vertex -3.37127 7.98413 15
      vertex -3.3977 7.86489 5
      vertex -3.3977 7.86489 15
    endloop
  endfacet
  facet normal 0.953708 -0.300736 0
    outer loop
      vertex -6.1023 8.58959 15
      vertex -6.06557 8.70607 5
      vertex -6.06557 8.70607 15
    endloop
  endfacet
  facet normal 0.953708 -0.300736 0
    outer loop
      vertex -6.06557 8.70607 5
      vertex -6.1023 8.58959 15
      vertex -6.1023 8.58959 5
    endloop
  endfacet
  facet normal 0.537331 0.843371 -0
    outer loop
      vertex -5.45 7.0148 7.99
      vertex -5.55301 7.08043 15
      vertex -5.45 7.0148 15
    endloop
  endfacet
  facet normal 0.537331 0.843371 0
    outer loop
      vertex -5.55301 7.08043 15
      vertex -5.45 7.0148 7.99
      vertex -5.55301 7.08043 7.99
    endloop
  endfacet
  facet normal -0.953708 0.300736 0
    outer loop
      vertex -3.43443 7.74841 5
      vertex -3.3977 7.86489 15
      vertex -3.3977 7.86489 5
    endloop
  endfacet
  facet normal -0.953708 0.300736 0
    outer loop
      vertex -3.3977 7.86489 15
      vertex -3.43443 7.74841 5
      vertex -3.43443 7.74841 15
    endloop
  endfacet
  facet normal 0.887005 0.46176 0
    outer loop
      vertex -5.96243 7.52724 15
      vertex -6.01883 7.63558 7.99
      vertex -6.01883 7.63558 15
    endloop
  endfacet
  facet normal 0.887005 0.46176 0
    outer loop
      vertex -6.01883 7.63558 7.99
      vertex -5.96243 7.52724 15
      vertex -5.96243 7.52724 7.99
    endloop
  endfacet
  facet normal 0.675565 0.7373 -0
    outer loop
      vertex -5.6499 7.15478 7.99
      vertex -5.73995 7.23729 15
      vertex -5.6499 7.15478 15
    endloop
  endfacet
  facet normal 0.675565 0.7373 0
    outer loop
      vertex -5.73995 7.23729 15
      vertex -5.6499 7.15478 7.99
      vertex -5.73995 7.23729 7.99
    endloop
  endfacet
  facet normal 0.976304 0.216402 0
    outer loop
      vertex -6.1023 7.86489 15
      vertex -6.12873 7.98413 5
      vertex -6.12873 7.98413 15
    endloop
  endfacet
  facet normal 0.976304 0.216402 0
    outer loop
      vertex -6.12873 7.98413 5
      vertex -6.1023 7.86489 15
      vertex -6.1023 7.86489 5
    endloop
  endfacet
  facet normal -0.60878 0.793339 0
    outer loop
      vertex -3.8501 7.15478 5
      vertex -3.94699 7.08043 15
      vertex -3.8501 7.15478 15
    endloop
  endfacet
  facet normal -0.60878 0.793339 0
    outer loop
      vertex -3.94699 7.08043 15
      vertex -3.8501 7.15478 5
      vertex -3.94699 7.08043 5
    endloop
  endfacet
  facet normal -0.0436397 0.999047 0
    outer loop
      vertex -4.62798 6.83257 5
      vertex -4.75 6.82724 15
      vertex -4.62798 6.83257 15
    endloop
  endfacet
  facet normal -0.0436397 0.999047 0
    outer loop
      vertex -4.75 6.82724 15
      vertex -4.62798 6.83257 5
      vertex -4.75 6.82724 5
    endloop
  endfacet
  facet normal -0.675565 -0.7373 0
    outer loop
      vertex -3.8501 9.2997 5
      vertex -3.76005 9.21719 15
      vertex -3.8501 9.2997 15
    endloop
  endfacet
  facet normal -0.675565 -0.7373 -0
    outer loop
      vertex -3.76005 9.21719 15
      vertex -3.8501 9.2997 5
      vertex -3.76005 9.21719 5
    endloop
  endfacet
  facet normal -0.216402 0.976304 0
    outer loop
      vertex -4.38765 6.87494 5
      vertex -4.50689 6.84851 15
      vertex -4.38765 6.87494 15
    endloop
  endfacet
  facet normal -0.216402 0.976304 0
    outer loop
      vertex -4.50689 6.84851 15
      vertex -4.38765 6.87494 5
      vertex -4.50689 6.84851 5
    endloop
  endfacet
  facet normal -0.923867 0.382713 0
    outer loop
      vertex -3.48117 7.63558 5
      vertex -3.43443 7.74841 15
      vertex -3.43443 7.74841 5
    endloop
  endfacet
  facet normal -0.923867 0.382713 0
    outer loop
      vertex -3.43443 7.74841 15
      vertex -3.48117 7.63558 5
      vertex -3.48117 7.63558 15
    endloop
  endfacet
  facet normal 0.382684 0.923879 -0
    outer loop
      vertex -5.22883 6.91167 7.99
      vertex -5.34167 6.95841 15
      vertex -5.22883 6.91167 15
    endloop
  endfacet
  facet normal 0.382684 0.923879 0
    outer loop
      vertex -5.34167 6.95841 15
      vertex -5.22883 6.91167 7.99
      vertex -5.34167 6.95841 7.99
    endloop
  endfacet
  facet normal -0.537331 0.843371 0
    outer loop
      vertex -3.94699 7.08043 5
      vertex -4.05 7.0148 15
      vertex -3.94699 7.08043 15
    endloop
  endfacet
  facet normal -0.537331 0.843371 0
    outer loop
      vertex -4.05 7.0148 15
      vertex -3.94699 7.08043 5
      vertex -4.05 7.0148 5
    endloop
  endfacet
  facet normal 0.130512 0.991447 -0
    outer loop
      vertex -4.87202 6.83257 5
      vertex -4.99311 6.84851 15
      vertex -4.87202 6.83257 15
    endloop
  endfacet
  facet normal 0.130512 0.991447 0
    outer loop
      vertex -4.99311 6.84851 15
      vertex -4.87202 6.83257 5
      vertex -4.99311 6.84851 5
    endloop
  endfacet
  facet normal -0.923879 -0.382684 0
    outer loop
      vertex -3.43443 8.70607 5
      vertex -3.48117 8.81891 15
      vertex -3.48117 8.81891 5
    endloop
  endfacet
  facet normal -0.923879 -0.382684 0
    outer loop
      vertex -3.48117 8.81891 15
      vertex -3.43443 8.70607 5
      vertex -3.43443 8.70607 15
    endloop
  endfacet
  facet normal 0.95369 0.300793 0
    outer loop
      vertex -6.1023 7.86489 15
      vertex -6.07211 7.76917 7.99
      vertex -6.1023 7.86489 5
    endloop
  endfacet
  facet normal 0.953708 0.300736 8.59187e-07
    outer loop
      vertex -6.06557 7.74841 15
      vertex -6.07211 7.76917 7.99
      vertex -6.1023 7.86489 15
    endloop
  endfacet
  facet normal 0.953791 0.300472 0
    outer loop
      vertex -6.07211 7.76917 7.99
      vertex -6.06557 7.74841 15
      vertex -6.06557 7.74841 7.99
    endloop
  endfacet
  facet normal 0.95369 0.300793 0
    outer loop
      vertex -6.1023 7.86489 5
      vertex -6.07211 7.76917 7.99
      vertex -6.07211 7.76917 5
    endloop
  endfacet
  facet normal -0.461729 -0.887021 0
    outer loop
      vertex -4.15833 9.49607 5
      vertex -4.05 9.43968 15
      vertex -4.15833 9.49607 15
    endloop
  endfacet
  facet normal -0.461729 -0.887021 -0
    outer loop
      vertex -4.05 9.43968 15
      vertex -4.15833 9.49607 5
      vertex -4.05 9.43968 5
    endloop
  endfacet
  facet normal 0.130512 -0.991447 0
    outer loop
      vertex -4.99311 9.60597 5
      vertex -4.87202 9.62191 15
      vertex -4.99311 9.60597 15
    endloop
  endfacet
  facet normal 0.130512 -0.991447 0
    outer loop
      vertex -4.87202 9.62191 15
      vertex -4.99311 9.60597 5
      vertex -4.87202 9.62191 5
    endloop
  endfacet
  facet normal -0.953708 -0.300736 0
    outer loop
      vertex -3.3977 8.58959 5
      vertex -3.43443 8.70607 15
      vertex -3.43443 8.70607 5
    endloop
  endfacet
  facet normal -0.953708 -0.300736 0
    outer loop
      vertex -3.43443 8.70607 15
      vertex -3.3977 8.58959 5
      vertex -3.3977 8.58959 15
    endloop
  endfacet
  facet normal 0 0 1
    outer loop
      vertex -3.35533 8.34926 5
      vertex -3.35533 8.10522 5
      vertex -3.35 8.22724 5
    endloop
  endfacet
  facet normal 0 0 1
    outer loop
      vertex -3.37127 8.47035 5
      vertex -3.35533 8.10522 5
      vertex -3.35533 8.34926 5
    endloop
  endfacet
  facet normal 0 0 1
    outer loop
      vertex -3.37127 8.47035 5
      vertex -3.37127 7.98413 5
      vertex -3.35533 8.10522 5
    endloop
  endfacet
  facet normal 0 0 1
    outer loop
      vertex -3.3977 8.58959 5
      vertex -3.37127 7.98413 5
      vertex -3.37127 8.47035 5
    endloop
  endfacet
  facet normal 0 0 1
    outer loop
      vertex -3.3977 8.58959 5
      vertex -3.3977 7.86489 5
      vertex -3.37127 7.98413 5
    endloop
  endfacet
  facet normal 0 0 1
    outer loop
      vertex -3.43443 8.70607 5
      vertex -3.3977 7.86489 5
      vertex -3.3977 8.58959 5
    endloop
  endfacet
  facet normal 0 0 1
    outer loop
      vertex -3.43443 8.70607 5
      vertex -3.43443 7.74841 5
      vertex -3.3977 7.86489 5
    endloop
  endfacet
  facet normal 0 0 1
    outer loop
      vertex -3.48117 8.81891 5
      vertex -3.43443 7.74841 5
      vertex -3.43443 8.70607 5
    endloop
  endfacet
  facet normal 0 0 1
    outer loop
      vertex -3.48117 8.81891 5
      vertex -3.48117 7.63558 5
      vertex -3.43443 7.74841 5
    endloop
  endfacet
  facet normal 0 0 1
    outer loop
      vertex -3.53756 8.92724 5
      vertex -3.48117 7.63558 5
      vertex -3.48117 8.81891 5
    endloop
  endfacet
  facet normal 0 0 1
    outer loop
      vertex -3.53756 8.92724 5
      vertex -3.53756 7.52724 5
      vertex -3.48117 7.63558 5
    endloop
  endfacet
  facet normal 0 0 1
    outer loop
      vertex -3.60319 9.03025 5
      vertex -3.53756 7.52724 5
      vertex -3.53756 8.92724 5
    endloop
  endfacet
  facet normal 0 0 1
    outer loop
      vertex -3.60319 9.03025 5
      vertex -3.60319 7.42423 5
      vertex -3.53756 7.52724 5
    endloop
  endfacet
  facet normal 0 0 1
    outer loop
      vertex -3.67754 9.12714 5
      vertex -3.60319 7.42423 5
      vertex -3.60319 9.03025 5
    endloop
  endfacet
  facet normal 0 0 1
    outer loop
      vertex -3.67754 9.12714 5
      vertex -3.67754 7.32734 5
      vertex -3.60319 7.42423 5
    endloop
  endfacet
  facet normal 0 0 1
    outer loop
      vertex -3.76005 9.21719 5
      vertex -3.67754 7.32734 5
      vertex -3.67754 9.12714 5
    endloop
  endfacet
  facet normal 0 0 1
    outer loop
      vertex -3.76005 9.21719 5
      vertex -3.76005 7.23729 5
      vertex -3.67754 7.32734 5
    endloop
  endfacet
  facet normal 0 0 1
    outer loop
      vertex -3.8501 9.2997 5
      vertex -3.76005 7.23729 5
      vertex -3.76005 9.21719 5
    endloop
  endfacet
  facet normal 0 0 1
    outer loop
      vertex -3.8501 9.2997 5
      vertex -3.8501 7.15478 5
      vertex -3.76005 7.23729 5
    endloop
  endfacet
  facet normal 0 0 1
    outer loop
      vertex -3.94699 9.37405 5
      vertex -3.8501 7.15478 5
      vertex -3.8501 9.2997 5
    endloop
  endfacet
  facet normal 0 0 1
    outer loop
      vertex -3.94699 9.37405 5
      vertex -3.94699 7.08043 5
      vertex -3.8501 7.15478 5
    endloop
  endfacet
  facet normal 0 0 1
    outer loop
      vertex -4.05 9.43968 5
      vertex -3.94699 7.08043 5
      vertex -3.94699 9.37405 5
    endloop
  endfacet
  facet normal 0 0 1
    outer loop
      vertex -4.05 9.43968 5
      vertex -4.05 7.0148 5
      vertex -3.94699 7.08043 5
    endloop
  endfacet
  facet normal 0 0 1
    outer loop
      vertex -4.15833 9.49607 5
      vertex -4.05 7.0148 5
      vertex -4.05 9.43968 5
    endloop
  endfacet
  facet normal 0 0 1
    outer loop
      vertex -4.15833 9.49607 5
      vertex -4.15833 6.95841 5
      vertex -4.05 7.0148 5
    endloop
  endfacet
  facet normal 0 0 1
    outer loop
      vertex -4.27117 9.54281 5
      vertex -4.15833 6.95841 5
      vertex -4.15833 9.49607 5
    endloop
  endfacet
  facet normal 0 0 1
    outer loop
      vertex -4.27117 9.54281 5
      vertex -4.27117 6.91167 5
      vertex -4.15833 6.95841 5
    endloop
  endfacet
  facet normal 0 0 1
    outer loop
      vertex -4.38765 9.57954 5
      vertex -4.27117 6.91167 5
      vertex -4.27117 9.54281 5
    endloop
  endfacet
  facet normal 0 0 1
    outer loop
      vertex -4.38765 9.57954 5
      vertex -4.38765 6.87494 5
      vertex -4.27117 6.91167 5
    endloop
  endfacet
  facet normal 0 0 1
    outer loop
      vertex -4.50689 9.60597 5
      vertex -4.38765 6.87494 5
      vertex -4.38765 9.57954 5
    endloop
  endfacet
  facet normal 0 0 1
    outer loop
      vertex -4.50689 9.60597 5
      vertex -4.50689 6.84851 5
      vertex -4.38765 6.87494 5
    endloop
  endfacet
  facet normal 0 0 1
    outer loop
      vertex -4.62798 9.62191 5
      vertex -4.50689 6.84851 5
      vertex -4.50689 9.60597 5
    endloop
  endfacet
  facet normal 0 0 1
    outer loop
      vertex -4.62798 9.62191 5
      vertex -4.62798 6.83257 5
      vertex -4.50689 6.84851 5
    endloop
  endfacet
  facet normal 0 0 1
    outer loop
      vertex -4.75 9.62724 5
      vertex -4.62798 6.83257 5
      vertex -4.62798 9.62191 5
    endloop
  endfacet
  facet normal 0 0 1
    outer loop
      vertex -4.75 9.62724 5
      vertex -4.75 6.82724 5
      vertex -4.62798 6.83257 5
    endloop
  endfacet
  facet normal -0 0 1
    outer loop
      vertex -4.87202 9.62191 5
      vertex -4.75 6.82724 5
      vertex -4.75 9.62724 5
    endloop
  endfacet
  facet normal 0 0 1
    outer loop
      vertex -4.87202 9.62191 5
      vertex -4.87202 6.83257 5
      vertex -4.75 6.82724 5
    endloop
  endfacet
  facet normal -0 0 1
    outer loop
      vertex -4.99311 9.60597 5
      vertex -4.87202 6.83257 5
      vertex -4.87202 9.62191 5
    endloop
  endfacet
  facet normal 0 0 1
    outer loop
      vertex -4.99311 9.60597 5
      vertex -4.99311 6.84851 5
      vertex -4.87202 6.83257 5
    endloop
  endfacet
  facet normal -0 0 1
    outer loop
      vertex -5.11235 9.57954 5
      vertex -4.99311 6.84851 5
      vertex -4.99311 9.60597 5
    endloop
  endfacet
  facet normal 0 0 1
    outer loop
      vertex -5.11235 9.57954 5
      vertex -5.11235 6.87494 5
      vertex -4.99311 6.84851 5
    endloop
  endfacet
  facet normal 0 0 1
    outer loop
      vertex -5.11235 9.57954 5
      vertex -5.20807 6.90513 5
      vertex -5.11235 6.87494 5
    endloop
  endfacet
  facet normal -0 0 1
    outer loop
      vertex -5.22883 9.54281 5
      vertex -5.20807 6.90513 5
      vertex -5.11235 9.57954 5
    endloop
  endfacet
  facet normal -0 0 1
    outer loop
      vertex -5.34167 9.49607 5
      vertex -5.20807 6.90513 5
      vertex -5.22883 9.54281 5
    endloop
  endfacet
  facet normal -0 0 1
    outer loop
      vertex -5.45 9.43968 5
      vertex -5.20807 6.90513 5
      vertex -5.34167 9.49607 5
    endloop
  endfacet
  facet normal -0 0 1
    outer loop
      vertex -5.55301 9.37405 5
      vertex -5.20807 6.90513 5
      vertex -5.45 9.43968 5
    endloop
  endfacet
  facet normal -0 0 1
    outer loop
      vertex -5.6499 9.2997 5
      vertex -5.20807 6.90513 5
      vertex -5.55301 9.37405 5
    endloop
  endfacet
  facet normal -0 0 1
    outer loop
      vertex -5.73995 9.21719 5
      vertex -5.20807 6.90513 5
      vertex -5.6499 9.2997 5
    endloop
  endfacet
  facet normal -0 0 1
    outer loop
      vertex -5.82246 9.12714 5
      vertex -5.20807 6.90513 5
      vertex -5.73995 9.21719 5
    endloop
  endfacet
  facet normal -0 0 1
    outer loop
      vertex -5.89681 9.03025 5
      vertex -5.20807 6.90513 5
      vertex -5.82246 9.12714 5
    endloop
  endfacet
  facet normal -0 0 1
    outer loop
      vertex -5.96243 8.92724 5
      vertex -5.20807 6.90513 5
      vertex -5.89681 9.03025 5
    endloop
  endfacet
  facet normal -0 0 1
    outer loop
      vertex -6.01883 8.81891 5
      vertex -5.20807 6.90513 5
      vertex -5.96243 8.92724 5
    endloop
  endfacet
  facet normal -0 0 1
    outer loop
      vertex -6.06557 8.70607 5
      vertex -5.20807 6.90513 5
      vertex -6.01883 8.81891 5
    endloop
  endfacet
  facet normal 0 0 1
    outer loop
      vertex -6.06557 8.70607 5
      vertex -6.07211 7.76917 5
      vertex -5.20807 6.90513 5
    endloop
  endfacet
  facet normal -0 0 1
    outer loop
      vertex -6.1023 8.58959 5
      vertex -6.07211 7.76917 5
      vertex -6.06557 8.70607 5
    endloop
  endfacet
  facet normal 0 0 1
    outer loop
      vertex -6.1023 8.58959 5
      vertex -6.1023 7.86489 5
      vertex -6.07211 7.76917 5
    endloop
  endfacet
  facet normal -0 0 1
    outer loop
      vertex -6.12873 8.47035 5
      vertex -6.1023 7.86489 5
      vertex -6.1023 8.58959 5
    endloop
  endfacet
  facet normal 0 0 1
    outer loop
      vertex -6.12873 8.47035 5
      vertex -6.12873 7.98413 5
      vertex -6.1023 7.86489 5
    endloop
  endfacet
  facet normal -0 0 1
    outer loop
      vertex -6.14467 8.34926 5
      vertex -6.12873 7.98413 5
      vertex -6.12873 8.47035 5
    endloop
  endfacet
  facet normal 0 0 1
    outer loop
      vertex -6.14467 8.34926 5
      vertex -6.14467 8.10522 5
      vertex -6.12873 7.98413 5
    endloop
  endfacet
  facet normal 0 -0 1
    outer loop
      vertex -6.14467 8.10522 5
      vertex -6.14467 8.34926 5
      vertex -6.15 8.22724 5
    endloop
  endfacet
  facet normal -0.887038 0.461696 0
    outer loop
      vertex -3.53756 7.52724 5
      vertex -3.48117 7.63558 15
      vertex -3.48117 7.63558 5
    endloop
  endfacet
  facet normal -0.887038 0.461696 0
    outer loop
      vertex -3.48117 7.63558 15
      vertex -3.53756 7.52724 5
      vertex -3.53756 7.52724 15
    endloop
  endfacet
  facet normal -0.843371 0.537331 0
    outer loop
      vertex -3.60319 7.42423 5
      vertex -3.53756 7.52724 15
      vertex -3.53756 7.52724 5
    endloop
  endfacet
  facet normal -0.843371 0.537331 0
    outer loop
      vertex -3.53756 7.52724 15
      vertex -3.60319 7.42423 5
      vertex -3.60319 7.42423 15
    endloop
  endfacet
  facet normal -0.999047 -0.0436397 0
    outer loop
      vertex -3.35 8.22724 5
      vertex -3.35533 8.34926 15
      vertex -3.35533 8.34926 5
    endloop
  endfacet
  facet normal -0.999047 -0.0436397 0
    outer loop
      vertex -3.35533 8.34926 15
      vertex -3.35 8.22724 5
      vertex -3.35 8.22724 15
    endloop
  endfacet
  facet normal -0.461729 0.887021 0
    outer loop
      vertex -4.05 7.0148 5
      vertex -4.15833 6.95841 15
      vertex -4.05 7.0148 15
    endloop
  endfacet
  facet normal -0.461729 0.887021 0
    outer loop
      vertex -4.15833 6.95841 15
      vertex -4.05 7.0148 5
      vertex -4.15833 6.95841 5
    endloop
  endfacet
  facet normal -0.300736 -0.953708 0
    outer loop
      vertex -4.38765 9.57954 5
      vertex -4.27117 9.54281 15
      vertex -4.38765 9.57954 15
    endloop
  endfacet
  facet normal -0.300736 -0.953708 -0
    outer loop
      vertex -4.27117 9.54281 15
      vertex -4.38765 9.57954 5
      vertex -4.27117 9.54281 5
    endloop
  endfacet
  facet normal -0.130512 0.991447 0
    outer loop
      vertex -4.50689 6.84851 5
      vertex -4.62798 6.83257 15
      vertex -4.50689 6.84851 15
    endloop
  endfacet
  facet normal -0.130512 0.991447 0
    outer loop
      vertex -4.62798 6.83257 15
      vertex -4.50689 6.84851 5
      vertex -4.62798 6.83257 5
    endloop
  endfacet
  facet normal -0.999047 0.0436397 0
    outer loop
      vertex -3.35533 8.10522 5
      vertex -3.35 8.22724 15
      vertex -3.35 8.22724 5
    endloop
  endfacet
  facet normal -0.999047 0.0436397 0
    outer loop
      vertex -3.35 8.22724 15
      vertex -3.35533 8.10522 5
      vertex -3.35533 8.10522 15
    endloop
  endfacet
  facet normal 0.300736 0.953708 -0
    outer loop
      vertex -5.11235 -9.57954 5
      vertex -5.22883 -9.54281 15
      vertex -5.11235 -9.57954 15
    endloop
  endfacet
  facet normal 0.300736 0.953708 0
    outer loop
      vertex -5.22883 -9.54281 15
      vertex -5.11235 -9.57954 5
      vertex -5.22883 -9.54281 5
    endloop
  endfacet
  facet normal -0.7373 0.675565 0
    outer loop
      vertex -3.76005 -9.21719 5
      vertex -3.67754 -9.12714 15
      vertex -3.67754 -9.12714 5
    endloop
  endfacet
  facet normal -0.7373 0.675565 0
    outer loop
      vertex -3.67754 -9.12714 15
      vertex -3.76005 -9.21719 5
      vertex -3.76005 -9.21719 15
    endloop
  endfacet
  facet normal -0.461729 0.887021 0
    outer loop
      vertex -4.05 -9.43968 5
      vertex -4.15833 -9.49607 15
      vertex -4.05 -9.43968 15
    endloop
  endfacet
  facet normal -0.461729 0.887021 0
    outer loop
      vertex -4.15833 -9.49607 15
      vertex -4.05 -9.43968 5
      vertex -4.15833 -9.49607 5
    endloop
  endfacet
  facet normal -0.887038 -0.461696 0
    outer loop
      vertex -3.48117 -7.63558 5
      vertex -3.53756 -7.52724 15
      vertex -3.53756 -7.52724 5
    endloop
  endfacet
  facet normal -0.887038 -0.461696 0
    outer loop
      vertex -3.53756 -7.52724 15
      vertex -3.48117 -7.63558 5
      vertex -3.48117 -7.63558 15
    endloop
  endfacet
  facet normal -0.953708 0.300736 0
    outer loop
      vertex -3.43443 -8.70607 5
      vertex -3.3977 -8.58959 15
      vertex -3.3977 -8.58959 5
    endloop
  endfacet
  facet normal -0.953708 0.300736 0
    outer loop
      vertex -3.3977 -8.58959 15
      vertex -3.43443 -8.70607 5
      vertex -3.43443 -8.70607 15
    endloop
  endfacet
  facet normal 0.130512 0.991447 -0
    outer loop
      vertex -4.87202 -9.62191 5
      vertex -4.99311 -9.60597 15
      vertex -4.87202 -9.62191 15
    endloop
  endfacet
  facet normal 0.130512 0.991447 0
    outer loop
      vertex -4.99311 -9.60597 15
      vertex -4.87202 -9.62191 5
      vertex -4.99311 -9.60597 5
    endloop
  endfacet
  facet normal -0.0436397 0.999047 0
    outer loop
      vertex -4.62798 -9.62191 5
      vertex -4.75 -9.62724 15
      vertex -4.62798 -9.62191 15
    endloop
  endfacet
  facet normal -0.0436397 0.999047 0
    outer loop
      vertex -4.75 -9.62724 15
      vertex -4.62798 -9.62191 5
      vertex -4.75 -9.62724 5
    endloop
  endfacet
  facet normal 0.793339 0.60878 0
    outer loop
      vertex -5.82246 -9.12714 15
      vertex -5.89681 -9.03025 5
      vertex -5.89681 -9.03025 15
    endloop
  endfacet
  facet normal 0.793339 0.60878 0
    outer loop
      vertex -5.89681 -9.03025 5
      vertex -5.82246 -9.12714 15
      vertex -5.82246 -9.12714 5
    endloop
  endfacet
  facet normal 0.60878 0.793339 -0
    outer loop
      vertex -5.55301 -9.37405 5
      vertex -5.6499 -9.2997 15
      vertex -5.55301 -9.37405 15
    endloop
  endfacet
  facet normal 0.60878 0.793339 0
    outer loop
      vertex -5.6499 -9.2997 15
      vertex -5.55301 -9.37405 5
      vertex -5.6499 -9.2997 5
    endloop
  endfacet
  facet normal 0.461729 0.887021 -0
    outer loop
      vertex -5.34167 -9.49607 5
      vertex -5.45 -9.43968 15
      vertex -5.34167 -9.49607 15
    endloop
  endfacet
  facet normal 0.461729 0.887021 0
    outer loop
      vertex -5.45 -9.43968 15
      vertex -5.34167 -9.49607 5
      vertex -5.45 -9.43968 5
    endloop
  endfacet
  facet normal 0.216402 0.976304 -0
    outer loop
      vertex -4.99311 -9.60597 5
      vertex -5.11235 -9.57954 15
      vertex -4.99311 -9.60597 15
    endloop
  endfacet
  facet normal 0.216402 0.976304 0
    outer loop
      vertex -5.11235 -9.57954 15
      vertex -4.99311 -9.60597 5
      vertex -5.11235 -9.57954 5
    endloop
  endfacet
  facet normal 0.216402 -0.976304 0
    outer loop
      vertex -5.11235 -6.87494 5
      vertex -4.99311 -6.84851 15
      vertex -5.11235 -6.87494 15
    endloop
  endfacet
  facet normal 0.216402 -0.976304 0
    outer loop
      vertex -4.99311 -6.84851 15
      vertex -5.11235 -6.87494 5
      vertex -4.99311 -6.84851 5
    endloop
  endfacet
  facet normal -0.675565 0.7373 0
    outer loop
      vertex -3.76005 -9.21719 5
      vertex -3.8501 -9.2997 15
      vertex -3.76005 -9.21719 15
    endloop
  endfacet
  facet normal -0.675565 0.7373 0
    outer loop
      vertex -3.8501 -9.2997 15
      vertex -3.76005 -9.21719 5
      vertex -3.8501 -9.2997 5
    endloop
  endfacet
  facet normal 0.7373 -0.675565 0
    outer loop
      vertex -5.82246 -7.32734 15
      vertex -5.73995 -7.23729 7.99
      vertex -5.73995 -7.23729 15
    endloop
  endfacet
  facet normal 0.7373 -0.675565 0
    outer loop
      vertex -5.73995 -7.23729 7.99
      vertex -5.82246 -7.32734 15
      vertex -5.82246 -7.32734 7.99
    endloop
  endfacet
  facet normal -0.216402 -0.976304 0
    outer loop
      vertex -4.50689 -6.84851 5
      vertex -4.38765 -6.87494 15
      vertex -4.50689 -6.84851 15
    endloop
  endfacet
  facet normal -0.216402 -0.976304 -0
    outer loop
      vertex -4.38765 -6.87494 15
      vertex -4.50689 -6.84851 5
      vertex -4.38765 -6.87494 5
    endloop
  endfacet
  facet normal -0.991447 -0.130512 0
    outer loop
      vertex -3.35533 -8.10522 5
      vertex -3.37127 -7.98413 15
      vertex -3.37127 -7.98413 5
    endloop
  endfacet
  facet normal -0.991447 -0.130512 0
    outer loop
      vertex -3.37127 -7.98413 15
      vertex -3.35533 -8.10522 5
      vertex -3.35533 -8.10522 15
    endloop
  endfacet
  facet normal -0.382684 0.923879 0
    outer loop
      vertex -4.15833 -9.49607 5
      vertex -4.27117 -9.54281 15
      vertex -4.15833 -9.49607 15
    endloop
  endfacet
  facet normal -0.382684 0.923879 0
    outer loop
      vertex -4.27117 -9.54281 15
      vertex -4.15833 -9.49607 5
      vertex -4.27117 -9.54281 5
    endloop
  endfacet
  facet normal -0.60878 -0.793339 0
    outer loop
      vertex -3.94699 -7.08043 5
      vertex -3.8501 -7.15478 15
      vertex -3.94699 -7.08043 15
    endloop
  endfacet
  facet normal -0.60878 -0.793339 -0
    outer loop
      vertex -3.8501 -7.15478 15
      vertex -3.94699 -7.08043 5
      vertex -3.8501 -7.15478 5
    endloop
  endfacet
  facet normal -0.793339 0.60878 0
    outer loop
      vertex -3.67754 -9.12714 5
      vertex -3.60319 -9.03025 15
      vertex -3.60319 -9.03025 5
    endloop
  endfacet
  facet normal -0.793339 0.60878 0
    outer loop
      vertex -3.60319 -9.03025 15
      vertex -3.67754 -9.12714 5
      vertex -3.67754 -9.12714 15
    endloop
  endfacet
  facet normal -0.843371 -0.537331 0
    outer loop
      vertex -3.53756 -7.52724 5
      vertex -3.60319 -7.42423 15
      vertex -3.60319 -7.42423 5
    endloop
  endfacet
  facet normal -0.843371 -0.537331 0
    outer loop
      vertex -3.60319 -7.42423 15
      vertex -3.53756 -7.52724 5
      vertex -3.53756 -7.52724 15
    endloop
  endfacet
  facet normal 0.953708 0.300736 0
    outer loop
      vertex -6.06557 -8.70607 15
      vertex -6.1023 -8.58959 5
      vertex -6.1023 -8.58959 15
    endloop
  endfacet
  facet normal 0.953708 0.300736 0
    outer loop
      vertex -6.1023 -8.58959 5
      vertex -6.06557 -8.70607 15
      vertex -6.06557 -8.70607 5
    endloop
  endfacet
  facet normal -0.537331 -0.843371 0
    outer loop
      vertex -4.05 -7.0148 5
      vertex -3.94699 -7.08043 15
      vertex -4.05 -7.0148 15
    endloop
  endfacet
  facet normal -0.537331 -0.843371 -0
    outer loop
      vertex -3.94699 -7.08043 15
      vertex -4.05 -7.0148 5
      vertex -3.94699 -7.08043 5
    endloop
  endfacet
  facet normal 0.7373 0.675565 0
    outer loop
      vertex -5.73995 -9.21719 15
      vertex -5.82246 -9.12714 5
      vertex -5.82246 -9.12714 15
    endloop
  endfacet
  facet normal 0.7373 0.675565 0
    outer loop
      vertex -5.82246 -9.12714 5
      vertex -5.73995 -9.21719 15
      vertex -5.73995 -9.21719 5
    endloop
  endfacet
  facet normal -0.537331 0.843371 0
    outer loop
      vertex -3.94699 -9.37405 5
      vertex -4.05 -9.43968 15
      vertex -3.94699 -9.37405 15
    endloop
  endfacet
  facet normal -0.537331 0.843371 0
    outer loop
      vertex -4.05 -9.43968 15
      vertex -3.94699 -9.37405 5
      vertex -4.05 -9.43968 5
    endloop
  endfacet
  facet normal 0.976304 0.216402 0
    outer loop
      vertex -6.1023 -8.58959 15
      vertex -6.12873 -8.47035 5
      vertex -6.12873 -8.47035 15
    endloop
  endfacet
  facet normal 0.976304 0.216402 0
    outer loop
      vertex -6.12873 -8.47035 5
      vertex -6.1023 -8.58959 15
      vertex -6.1023 -8.58959 5
    endloop
  endfacet
  facet normal -0.923867 -0.382713 0
    outer loop
      vertex -3.43443 -7.74841 5
      vertex -3.48117 -7.63558 15
      vertex -3.48117 -7.63558 5
    endloop
  endfacet
  facet normal -0.923867 -0.382713 0
    outer loop
      vertex -3.48117 -7.63558 15
      vertex -3.43443 -7.74841 5
      vertex -3.43443 -7.74841 15
    endloop
  endfacet
  facet normal 0.675565 0.7373 -0
    outer loop
      vertex -5.6499 -9.2997 5
      vertex -5.73995 -9.21719 15
      vertex -5.6499 -9.2997 15
    endloop
  endfacet
  facet normal 0.675565 0.7373 0
    outer loop
      vertex -5.73995 -9.21719 15
      vertex -5.6499 -9.2997 5
      vertex -5.73995 -9.21719 5
    endloop
  endfacet
  facet normal 0.382684 -0.923879 0
    outer loop
      vertex -5.34167 -6.95841 7.99
      vertex -5.22883 -6.91167 15
      vertex -5.34167 -6.95841 15
    endloop
  endfacet
  facet normal 0.382684 -0.923879 0
    outer loop
      vertex -5.22883 -6.91167 15
      vertex -5.34167 -6.95841 7.99
      vertex -5.22883 -6.91167 7.99
    endloop
  endfacet
  facet normal 0.0436397 -0.999047 0
    outer loop
      vertex -4.87202 -6.83257 5
      vertex -4.75 -6.82724 15
      vertex -4.87202 -6.83257 15
    endloop
  endfacet
  facet normal 0.0436397 -0.999047 0
    outer loop
      vertex -4.75 -6.82724 15
      vertex -4.87202 -6.83257 5
      vertex -4.75 -6.82724 5
    endloop
  endfacet
  facet normal 0.382684 0.923879 -0
    outer loop
      vertex -5.22883 -9.54281 5
      vertex -5.34167 -9.49607 15
      vertex -5.22883 -9.54281 15
    endloop
  endfacet
  facet normal 0.382684 0.923879 0
    outer loop
      vertex -5.34167 -9.49607 15
      vertex -5.22883 -9.54281 5
      vertex -5.34167 -9.49607 5
    endloop
  endfacet
  facet normal -0.976304 -0.216402 0
    outer loop
      vertex -3.37127 -7.98413 5
      vertex -3.3977 -7.86489 15
      vertex -3.3977 -7.86489 5
    endloop
  endfacet
  facet normal -0.976304 -0.216402 0
    outer loop
      vertex -3.3977 -7.86489 15
      vertex -3.37127 -7.98413 5
      vertex -3.37127 -7.98413 15
    endloop
  endfacet
  facet normal 0.537331 0.843371 -0
    outer loop
      vertex -5.45 -9.43968 5
      vertex -5.55301 -9.37405 15
      vertex -5.45 -9.43968 15
    endloop
  endfacet
  facet normal 0.537331 0.843371 0
    outer loop
      vertex -5.55301 -9.37405 15
      vertex -5.45 -9.43968 5
      vertex -5.55301 -9.37405 5
    endloop
  endfacet
  facet normal 0.953791 -0.300472 0
    outer loop
      vertex -6.06557 -7.74841 15
      vertex -6.07211 -7.76917 7.99
      vertex -6.06557 -7.74841 7.99
    endloop
  endfacet
  facet normal 0.953708 -0.300736 8.59187e-07
    outer loop
      vertex -6.1023 -7.86489 15
      vertex -6.07211 -7.76917 7.99
      vertex -6.06557 -7.74841 15
    endloop
  endfacet
  facet normal 0.95369 -0.300793 0
    outer loop
      vertex -6.1023 -7.86489 5
      vertex -6.07211 -7.76917 7.99
      vertex -6.1023 -7.86489 15
    endloop
  endfacet
  facet normal 0.95369 -0.300793 0
    outer loop
      vertex -6.07211 -7.76917 7.99
      vertex -6.1023 -7.86489 5
      vertex -6.07211 -7.76917 5
    endloop
  endfacet
  facet normal -0.300736 0.953708 0
    outer loop
      vertex -4.27117 -9.54281 5
      vertex -4.38765 -9.57954 15
      vertex -4.27117 -9.54281 15
    endloop
  endfacet
  facet normal -0.300736 0.953708 0
    outer loop
      vertex -4.38765 -9.57954 15
      vertex -4.27117 -9.54281 5
      vertex -4.38765 -9.57954 5
    endloop
  endfacet
  facet normal 0.991447 -0.130512 0
    outer loop
      vertex -6.14467 -8.10522 15
      vertex -6.12873 -7.98413 5
      vertex -6.12873 -7.98413 15
    endloop
  endfacet
  facet normal 0.991447 -0.130512 0
    outer loop
      vertex -6.12873 -7.98413 5
      vertex -6.14467 -8.10522 15
      vertex -6.14467 -8.10522 5
    endloop
  endfacet
  facet normal 0.886987 0.461794 0
    outer loop
      vertex -5.96243 -8.92724 15
      vertex -6.01883 -8.81891 5
      vertex -6.01883 -8.81891 15
    endloop
  endfacet
  facet normal 0.886987 0.461794 0
    outer loop
      vertex -6.01883 -8.81891 5
      vertex -5.96243 -8.92724 15
      vertex -5.96243 -8.92724 5
    endloop
  endfacet
  facet normal -0.843371 0.537331 0
    outer loop
      vertex -3.60319 -9.03025 5
      vertex -3.53756 -8.92724 15
      vertex -3.53756 -8.92724 5
    endloop
  endfacet
  facet normal -0.843371 0.537331 0
    outer loop
      vertex -3.53756 -8.92724 15
      vertex -3.60319 -9.03025 5
      vertex -3.60319 -9.03025 15
    endloop
  endfacet
  facet normal -0.991447 0.130512 0
    outer loop
      vertex -3.37127 -8.47035 5
      vertex -3.35533 -8.34926 15
      vertex -3.35533 -8.34926 5
    endloop
  endfacet
  facet normal -0.991447 0.130512 0
    outer loop
      vertex -3.35533 -8.34926 15
      vertex -3.37127 -8.47035 5
      vertex -3.37127 -8.47035 15
    endloop
  endfacet
  facet normal -0.0436397 -0.999047 0
    outer loop
      vertex -4.75 -6.82724 5
      vertex -4.62798 -6.83257 15
      vertex -4.75 -6.82724 15
    endloop
  endfacet
  facet normal -0.0436397 -0.999047 -0
    outer loop
      vertex -4.62798 -6.83257 15
      vertex -4.75 -6.82724 5
      vertex -4.62798 -6.83257 5
    endloop
  endfacet
  facet normal -0.793339 -0.60878 0
    outer loop
      vertex -3.60319 -7.42423 5
      vertex -3.67754 -7.32734 15
      vertex -3.67754 -7.32734 5
    endloop
  endfacet
  facet normal -0.793339 -0.60878 0
    outer loop
      vertex -3.67754 -7.32734 15
      vertex -3.60319 -7.42423 5
      vertex -3.60319 -7.42423 15
    endloop
  endfacet
  facet normal 0.976304 -0.216402 0
    outer loop
      vertex -6.12873 -7.98413 15
      vertex -6.1023 -7.86489 5
      vertex -6.1023 -7.86489 15
    endloop
  endfacet
  facet normal 0.976304 -0.216402 0
    outer loop
      vertex -6.1023 -7.86489 5
      vertex -6.12873 -7.98413 15
      vertex -6.12873 -7.98413 5
    endloop
  endfacet
  facet normal -0.382684 -0.923879 0
    outer loop
      vertex -4.27117 -6.91167 5
      vertex -4.15833 -6.95841 15
      vertex -4.27117 -6.91167 15
    endloop
  endfacet
  facet normal -0.382684 -0.923879 -0
    outer loop
      vertex -4.15833 -6.95841 15
      vertex -4.27117 -6.91167 5
      vertex -4.15833 -6.95841 5
    endloop
  endfacet
  facet normal -0.887021 0.461729 0
    outer loop
      vertex -3.53756 -8.92724 5
      vertex -3.48117 -8.81891 15
      vertex -3.48117 -8.81891 5
    endloop
  endfacet
  facet normal -0.887021 0.461729 0
    outer loop
      vertex -3.48117 -8.81891 15
      vertex -3.53756 -8.92724 5
      vertex -3.53756 -8.92724 15
    endloop
  endfacet
  facet normal 0.0436397 0.999047 -0
    outer loop
      vertex -4.75 -9.62724 5
      vertex -4.87202 -9.62191 15
      vertex -4.75 -9.62724 15
    endloop
  endfacet
  facet normal 0.0436397 0.999047 0
    outer loop
      vertex -4.87202 -9.62191 15
      vertex -4.75 -9.62724 5
      vertex -4.87202 -9.62191 5
    endloop
  endfacet
  facet normal -0.923879 0.382684 0
    outer loop
      vertex -3.48117 -8.81891 5
      vertex -3.43443 -8.70607 15
      vertex -3.43443 -8.70607 5
    endloop
  endfacet
  facet normal -0.923879 0.382684 0
    outer loop
      vertex -3.43443 -8.70607 15
      vertex -3.48117 -8.81891 5
      vertex -3.48117 -8.81891 15
    endloop
  endfacet
  facet normal 0.923867 -0.382713 0
    outer loop
      vertex -6.06557 -7.74841 15
      vertex -6.01883 -7.63558 7.99
      vertex -6.01883 -7.63558 15
    endloop
  endfacet
  facet normal 0.923867 -0.382713 0
    outer loop
      vertex -6.01883 -7.63558 7.99
      vertex -6.06557 -7.74841 15
      vertex -6.06557 -7.74841 7.99
    endloop
  endfacet
  facet normal -0.976304 0.216402 0
    outer loop
      vertex -3.3977 -8.58959 5
      vertex -3.37127 -8.47035 15
      vertex -3.37127 -8.47035 5
    endloop
  endfacet
  facet normal -0.976304 0.216402 0
    outer loop
      vertex -3.37127 -8.47035 15
      vertex -3.3977 -8.58959 5
      vertex -3.3977 -8.58959 15
    endloop
  endfacet
  facet normal -0.999047 0.0436397 0
    outer loop
      vertex -3.35533 -8.34926 5
      vertex -3.35 -8.22724 15
      vertex -3.35 -8.22724 5
    endloop
  endfacet
  facet normal -0.999047 0.0436397 0
    outer loop
      vertex -3.35 -8.22724 15
      vertex -3.35533 -8.34926 5
      vertex -3.35533 -8.34926 15
    endloop
  endfacet
  facet normal 0.675565 -0.7373 0
    outer loop
      vertex -5.73995 -7.23729 7.99
      vertex -5.6499 -7.15478 15
      vertex -5.73995 -7.23729 15
    endloop
  endfacet
  facet normal 0.675565 -0.7373 0
    outer loop
      vertex -5.6499 -7.15478 15
      vertex -5.73995 -7.23729 7.99
      vertex -5.6499 -7.15478 7.99
    endloop
  endfacet
  facet normal -0.130512 -0.991447 0
    outer loop
      vertex -4.62798 -6.83257 5
      vertex -4.50689 -6.84851 15
      vertex -4.62798 -6.83257 15
    endloop
  endfacet
  facet normal -0.130512 -0.991447 -0
    outer loop
      vertex -4.50689 -6.84851 15
      vertex -4.62798 -6.83257 5
      vertex -4.50689 -6.84851 5
    endloop
  endfacet
  facet normal 0.923879 0.382684 0
    outer loop
      vertex -6.01883 -8.81891 15
      vertex -6.06557 -8.70607 5
      vertex -6.06557 -8.70607 15
    endloop
  endfacet
  facet normal 0.923879 0.382684 0
    outer loop
      vertex -6.06557 -8.70607 5
      vertex -6.01883 -8.81891 15
      vertex -6.01883 -8.81891 5
    endloop
  endfacet
  facet normal 0.991447 0.130512 0
    outer loop
      vertex -6.12873 -8.47035 15
      vertex -6.14467 -8.34926 5
      vertex -6.14467 -8.34926 15
    endloop
  endfacet
  facet normal 0.991447 0.130512 0
    outer loop
      vertex -6.14467 -8.34926 5
      vertex -6.12873 -8.47035 15
      vertex -6.12873 -8.47035 5
    endloop
  endfacet
  facet normal 0.887005 -0.46176 0
    outer loop
      vertex -6.01883 -7.63558 15
      vertex -5.96243 -7.52724 7.99
      vertex -5.96243 -7.52724 15
    endloop
  endfacet
  facet normal 0.887005 -0.46176 0
    outer loop
      vertex -5.96243 -7.52724 7.99
      vertex -6.01883 -7.63558 15
      vertex -6.01883 -7.63558 7.99
    endloop
  endfacet
  facet normal -0.60878 0.793339 0
    outer loop
      vertex -3.8501 -9.2997 5
      vertex -3.94699 -9.37405 15
      vertex -3.8501 -9.2997 15
    endloop
  endfacet
  facet normal -0.60878 0.793339 0
    outer loop
      vertex -3.94699 -9.37405 15
      vertex -3.8501 -9.2997 5
      vertex -3.94699 -9.37405 5
    endloop
  endfacet
  facet normal 0.130512 -0.991447 0
    outer loop
      vertex -4.99311 -6.84851 5
      vertex -4.87202 -6.83257 15
      vertex -4.99311 -6.84851 15
    endloop
  endfacet
  facet normal 0.130512 -0.991447 0
    outer loop
      vertex -4.87202 -6.83257 15
      vertex -4.99311 -6.84851 5
      vertex -4.87202 -6.83257 5
    endloop
  endfacet
  facet normal -0.461729 -0.887021 0
    outer loop
      vertex -4.15833 -6.95841 5
      vertex -4.05 -7.0148 15
      vertex -4.15833 -6.95841 15
    endloop
  endfacet
  facet normal -0.461729 -0.887021 -0
    outer loop
      vertex -4.05 -7.0148 15
      vertex -4.15833 -6.95841 5
      vertex -4.05 -7.0148 5
    endloop
  endfacet
  facet normal -0.216402 0.976304 0
    outer loop
      vertex -4.38765 -9.57954 5
      vertex -4.50689 -9.60597 15
      vertex -4.38765 -9.57954 15
    endloop
  endfacet
  facet normal -0.216402 0.976304 0
    outer loop
      vertex -4.50689 -9.60597 15
      vertex -4.38765 -9.57954 5
      vertex -4.50689 -9.60597 5
    endloop
  endfacet
  facet normal -0.675565 -0.7373 0
    outer loop
      vertex -3.8501 -7.15478 5
      vertex -3.76005 -7.23729 15
      vertex -3.8501 -7.15478 15
    endloop
  endfacet
  facet normal -0.675565 -0.7373 -0
    outer loop
      vertex -3.76005 -7.23729 15
      vertex -3.8501 -7.15478 5
      vertex -3.76005 -7.23729 5
    endloop
  endfacet
  facet normal 0.793339 -0.60878 0
    outer loop
      vertex -5.89681 -7.42423 15
      vertex -5.82246 -7.32734 7.99
      vertex -5.82246 -7.32734 15
    endloop
  endfacet
  facet normal 0.793339 -0.60878 0
    outer loop
      vertex -5.82246 -7.32734 7.99
      vertex -5.89681 -7.42423 15
      vertex -5.89681 -7.42423 7.99
    endloop
  endfacet
  facet normal 0.843409 0.537273 0
    outer loop
      vertex -5.89681 -9.03025 15
      vertex -5.96243 -8.92724 5
      vertex -5.96243 -8.92724 15
    endloop
  endfacet
  facet normal 0.843409 0.537273 0
    outer loop
      vertex -5.96243 -8.92724 5
      vertex -5.89681 -9.03025 15
      vertex -5.89681 -9.03025 5
    endloop
  endfacet
  facet normal 0.60878 -0.793339 0
    outer loop
      vertex -5.6499 -7.15478 7.99
      vertex -5.55301 -7.08043 15
      vertex -5.6499 -7.15478 15
    endloop
  endfacet
  facet normal 0.60878 -0.793339 0
    outer loop
      vertex -5.55301 -7.08043 15
      vertex -5.6499 -7.15478 7.99
      vertex -5.55301 -7.08043 7.99
    endloop
  endfacet
  facet normal 0.461729 -0.887021 0
    outer loop
      vertex -5.45 -7.0148 7.99
      vertex -5.34167 -6.95841 15
      vertex -5.45 -7.0148 15
    endloop
  endfacet
  facet normal 0.461729 -0.887021 0
    outer loop
      vertex -5.34167 -6.95841 15
      vertex -5.45 -7.0148 7.99
      vertex -5.34167 -6.95841 7.99
    endloop
  endfacet
  facet normal -0.999047 -0.0436397 0
    outer loop
      vertex -3.35 -8.22724 5
      vertex -3.35533 -8.10522 15
      vertex -3.35533 -8.10522 5
    endloop
  endfacet
  facet normal -0.999047 -0.0436397 0
    outer loop
      vertex -3.35533 -8.10522 15
      vertex -3.35 -8.22724 5
      vertex -3.35 -8.22724 15
    endloop
  endfacet
  facet normal 0.843409 -0.537273 0
    outer loop
      vertex -5.96243 -7.52724 15
      vertex -5.89681 -7.42423 7.99
      vertex -5.89681 -7.42423 15
    endloop
  endfacet
  facet normal 0.843409 -0.537273 0
    outer loop
      vertex -5.89681 -7.42423 7.99
      vertex -5.96243 -7.52724 15
      vertex -5.96243 -7.52724 7.99
    endloop
  endfacet
  facet normal 0.999047 0.0436397 0
    outer loop
      vertex -6.14467 -8.34926 15
      vertex -6.15 -8.22724 5
      vertex -6.15 -8.22724 15
    endloop
  endfacet
  facet normal 0.999047 0.0436397 0
    outer loop
      vertex -6.15 -8.22724 5
      vertex -6.14467 -8.34926 15
      vertex -6.14467 -8.34926 5
    endloop
  endfacet
  facet normal 0.999047 -0.0436397 0
    outer loop
      vertex -6.15 -8.22724 15
      vertex -6.14467 -8.10522 5
      vertex -6.14467 -8.10522 15
    endloop
  endfacet
  facet normal 0.999047 -0.0436397 0
    outer loop
      vertex -6.14467 -8.10522 5
      vertex -6.15 -8.22724 15
      vertex -6.15 -8.22724 5
    endloop
  endfacet
  facet normal 0.300472 -0.953791 0
    outer loop
      vertex -5.20807 -6.90513 7.99
      vertex -5.22883 -6.91167 15
      vertex -5.22883 -6.91167 7.99
    endloop
  endfacet
  facet normal 0.300736 -0.953708 8.59187e-07
    outer loop
      vertex -5.22883 -6.91167 15
      vertex -5.20807 -6.90513 7.99
      vertex -5.11235 -6.87494 15
    endloop
  endfacet
  facet normal 0.300793 -0.95369 0
    outer loop
      vertex -5.11235 -6.87494 5
      vertex -5.20807 -6.90513 7.99
      vertex -5.20807 -6.90513 5
    endloop
  endfacet
  facet normal 0.300793 -0.95369 0
    outer loop
      vertex -5.20807 -6.90513 7.99
      vertex -5.11235 -6.87494 5
      vertex -5.11235 -6.87494 15
    endloop
  endfacet
  facet normal 0 0 1
    outer loop
      vertex -3.35533 -8.10522 5
      vertex -3.35533 -8.34926 5
      vertex -3.35 -8.22724 5
    endloop
  endfacet
  facet normal 0 0 1
    outer loop
      vertex -3.37127 -7.98413 5
      vertex -3.35533 -8.34926 5
      vertex -3.35533 -8.10522 5
    endloop
  endfacet
  facet normal 0 0 1
    outer loop
      vertex -3.37127 -7.98413 5
      vertex -3.37127 -8.47035 5
      vertex -3.35533 -8.34926 5
    endloop
  endfacet
  facet normal 0 0 1
    outer loop
      vertex -3.3977 -7.86489 5
      vertex -3.37127 -8.47035 5
      vertex -3.37127 -7.98413 5
    endloop
  endfacet
  facet normal 0 0 1
    outer loop
      vertex -3.3977 -7.86489 5
      vertex -3.3977 -8.58959 5
      vertex -3.37127 -8.47035 5
    endloop
  endfacet
  facet normal 0 0 1
    outer loop
      vertex -3.43443 -7.74841 5
      vertex -3.3977 -8.58959 5
      vertex -3.3977 -7.86489 5
    endloop
  endfacet
  facet normal 0 0 1
    outer loop
      vertex -3.43443 -7.74841 5
      vertex -3.43443 -8.70607 5
      vertex -3.3977 -8.58959 5
    endloop
  endfacet
  facet normal 0 0 1
    outer loop
      vertex -3.48117 -7.63558 5
      vertex -3.43443 -8.70607 5
      vertex -3.43443 -7.74841 5
    endloop
  endfacet
  facet normal 0 0 1
    outer loop
      vertex -3.48117 -7.63558 5
      vertex -3.48117 -8.81891 5
      vertex -3.43443 -8.70607 5
    endloop
  endfacet
  facet normal 0 0 1
    outer loop
      vertex -3.53756 -7.52724 5
      vertex -3.48117 -8.81891 5
      vertex -3.48117 -7.63558 5
    endloop
  endfacet
  facet normal 0 0 1
    outer loop
      vertex -3.53756 -7.52724 5
      vertex -3.53756 -8.92724 5
      vertex -3.48117 -8.81891 5
    endloop
  endfacet
  facet normal 0 0 1
    outer loop
      vertex -3.60319 -7.42423 5
      vertex -3.53756 -8.92724 5
      vertex -3.53756 -7.52724 5
    endloop
  endfacet
  facet normal 0 0 1
    outer loop
      vertex -3.60319 -7.42423 5
      vertex -3.60319 -9.03025 5
      vertex -3.53756 -8.92724 5
    endloop
  endfacet
  facet normal 0 0 1
    outer loop
      vertex -3.67754 -7.32734 5
      vertex -3.60319 -9.03025 5
      vertex -3.60319 -7.42423 5
    endloop
  endfacet
  facet normal 0 0 1
    outer loop
      vertex -3.67754 -7.32734 5
      vertex -3.67754 -9.12714 5
      vertex -3.60319 -9.03025 5
    endloop
  endfacet
  facet normal 0 0 1
    outer loop
      vertex -3.76005 -7.23729 5
      vertex -3.67754 -9.12714 5
      vertex -3.67754 -7.32734 5
    endloop
  endfacet
  facet normal 0 0 1
    outer loop
      vertex -3.76005 -7.23729 5
      vertex -3.76005 -9.21719 5
      vertex -3.67754 -9.12714 5
    endloop
  endfacet
  facet normal 0 0 1
    outer loop
      vertex -3.8501 -7.15478 5
      vertex -3.76005 -9.21719 5
      vertex -3.76005 -7.23729 5
    endloop
  endfacet
  facet normal 0 0 1
    outer loop
      vertex -3.8501 -7.15478 5
      vertex -3.8501 -9.2997 5
      vertex -3.76005 -9.21719 5
    endloop
  endfacet
  facet normal 0 0 1
    outer loop
      vertex -3.94699 -7.08043 5
      vertex -3.8501 -9.2997 5
      vertex -3.8501 -7.15478 5
    endloop
  endfacet
  facet normal 0 0 1
    outer loop
      vertex -3.94699 -7.08043 5
      vertex -3.94699 -9.37405 5
      vertex -3.8501 -9.2997 5
    endloop
  endfacet
  facet normal 0 0 1
    outer loop
      vertex -4.05 -7.0148 5
      vertex -3.94699 -9.37405 5
      vertex -3.94699 -7.08043 5
    endloop
  endfacet
  facet normal 0 0 1
    outer loop
      vertex -4.05 -7.0148 5
      vertex -4.05 -9.43968 5
      vertex -3.94699 -9.37405 5
    endloop
  endfacet
  facet normal 0 0 1
    outer loop
      vertex -4.15833 -6.95841 5
      vertex -4.05 -9.43968 5
      vertex -4.05 -7.0148 5
    endloop
  endfacet
  facet normal 0 0 1
    outer loop
      vertex -4.15833 -6.95841 5
      vertex -4.15833 -9.49607 5
      vertex -4.05 -9.43968 5
    endloop
  endfacet
  facet normal 0 0 1
    outer loop
      vertex -4.27117 -6.91167 5
      vertex -4.15833 -9.49607 5
      vertex -4.15833 -6.95841 5
    endloop
  endfacet
  facet normal 0 0 1
    outer loop
      vertex -4.27117 -6.91167 5
      vertex -4.27117 -9.54281 5
      vertex -4.15833 -9.49607 5
    endloop
  endfacet
  facet normal 0 0 1
    outer loop
      vertex -4.38765 -6.87494 5
      vertex -4.27117 -9.54281 5
      vertex -4.27117 -6.91167 5
    endloop
  endfacet
  facet normal 0 0 1
    outer loop
      vertex -4.38765 -6.87494 5
      vertex -4.38765 -9.57954 5
      vertex -4.27117 -9.54281 5
    endloop
  endfacet
  facet normal 0 0 1
    outer loop
      vertex -4.50689 -6.84851 5
      vertex -4.38765 -9.57954 5
      vertex -4.38765 -6.87494 5
    endloop
  endfacet
  facet normal 0 0 1
    outer loop
      vertex -4.50689 -6.84851 5
      vertex -4.50689 -9.60597 5
      vertex -4.38765 -9.57954 5
    endloop
  endfacet
  facet normal 0 0 1
    outer loop
      vertex -4.62798 -6.83257 5
      vertex -4.50689 -9.60597 5
      vertex -4.50689 -6.84851 5
    endloop
  endfacet
  facet normal 0 0 1
    outer loop
      vertex -4.62798 -6.83257 5
      vertex -4.62798 -9.62191 5
      vertex -4.50689 -9.60597 5
    endloop
  endfacet
  facet normal 0 0 1
    outer loop
      vertex -4.75 -6.82724 5
      vertex -4.62798 -9.62191 5
      vertex -4.62798 -6.83257 5
    endloop
  endfacet
  facet normal 0 0 1
    outer loop
      vertex -4.75 -6.82724 5
      vertex -4.75 -9.62724 5
      vertex -4.62798 -9.62191 5
    endloop
  endfacet
  facet normal -0 0 1
    outer loop
      vertex -4.87202 -6.83257 5
      vertex -4.75 -9.62724 5
      vertex -4.75 -6.82724 5
    endloop
  endfacet
  facet normal 0 0 1
    outer loop
      vertex -4.87202 -6.83257 5
      vertex -4.87202 -9.62191 5
      vertex -4.75 -9.62724 5
    endloop
  endfacet
  facet normal -0 0 1
    outer loop
      vertex -4.99311 -6.84851 5
      vertex -4.87202 -9.62191 5
      vertex -4.87202 -6.83257 5
    endloop
  endfacet
  facet normal 0 0 1
    outer loop
      vertex -4.99311 -6.84851 5
      vertex -4.99311 -9.60597 5
      vertex -4.87202 -9.62191 5
    endloop
  endfacet
  facet normal -0 0 1
    outer loop
      vertex -5.11235 -6.87494 5
      vertex -4.99311 -9.60597 5
      vertex -4.99311 -6.84851 5
    endloop
  endfacet
  facet normal 0 0 1
    outer loop
      vertex -5.11235 -6.87494 5
      vertex -5.11235 -9.57954 5
      vertex -4.99311 -9.60597 5
    endloop
  endfacet
  facet normal -0 0 1
    outer loop
      vertex -5.20807 -6.90513 5
      vertex -5.11235 -9.57954 5
      vertex -5.11235 -6.87494 5
    endloop
  endfacet
  facet normal 0 0 1
    outer loop
      vertex -5.20807 -6.90513 5
      vertex -5.22883 -9.54281 5
      vertex -5.11235 -9.57954 5
    endloop
  endfacet
  facet normal 0 0 1
    outer loop
      vertex -5.20807 -6.90513 5
      vertex -5.34167 -9.49607 5
      vertex -5.22883 -9.54281 5
    endloop
  endfacet
  facet normal 0 0 1
    outer loop
      vertex -5.20807 -6.90513 5
      vertex -5.45 -9.43968 5
      vertex -5.34167 -9.49607 5
    endloop
  endfacet
  facet normal 0 0 1
    outer loop
      vertex -5.20807 -6.90513 5
      vertex -5.55301 -9.37405 5
      vertex -5.45 -9.43968 5
    endloop
  endfacet
  facet normal 0 0 1
    outer loop
      vertex -5.20807 -6.90513 5
      vertex -5.6499 -9.2997 5
      vertex -5.55301 -9.37405 5
    endloop
  endfacet
  facet normal 0 0 1
    outer loop
      vertex -5.20807 -6.90513 5
      vertex -5.73995 -9.21719 5
      vertex -5.6499 -9.2997 5
    endloop
  endfacet
  facet normal 0 0 1
    outer loop
      vertex -5.20807 -6.90513 5
      vertex -5.82246 -9.12714 5
      vertex -5.73995 -9.21719 5
    endloop
  endfacet
  facet normal 0 0 1
    outer loop
      vertex -5.20807 -6.90513 5
      vertex -5.89681 -9.03025 5
      vertex -5.82246 -9.12714 5
    endloop
  endfacet
  facet normal 0 0 1
    outer loop
      vertex -5.20807 -6.90513 5
      vertex -5.96243 -8.92724 5
      vertex -5.89681 -9.03025 5
    endloop
  endfacet
  facet normal 0 0 1
    outer loop
      vertex -5.20807 -6.90513 5
      vertex -6.01883 -8.81891 5
      vertex -5.96243 -8.92724 5
    endloop
  endfacet
  facet normal 0 0 1
    outer loop
      vertex -5.20807 -6.90513 5
      vertex -6.06557 -8.70607 5
      vertex -6.01883 -8.81891 5
    endloop
  endfacet
  facet normal -0 0 1
    outer loop
      vertex -6.07211 -7.76917 5
      vertex -6.06557 -8.70607 5
      vertex -5.20807 -6.90513 5
    endloop
  endfacet
  facet normal -0 0 1
    outer loop
      vertex -6.1023 -7.86489 5
      vertex -6.06557 -8.70607 5
      vertex -6.07211 -7.76917 5
    endloop
  endfacet
  facet normal 0 0 1
    outer loop
      vertex -6.1023 -7.86489 5
      vertex -6.1023 -8.58959 5
      vertex -6.06557 -8.70607 5
    endloop
  endfacet
  facet normal -0 0 1
    outer loop
      vertex -6.12873 -7.98413 5
      vertex -6.1023 -8.58959 5
      vertex -6.1023 -7.86489 5
    endloop
  endfacet
  facet normal 0 0 1
    outer loop
      vertex -6.12873 -7.98413 5
      vertex -6.12873 -8.47035 5
      vertex -6.1023 -8.58959 5
    endloop
  endfacet
  facet normal -0 0 1
    outer loop
      vertex -6.14467 -8.10522 5
      vertex -6.12873 -8.47035 5
      vertex -6.12873 -7.98413 5
    endloop
  endfacet
  facet normal 0 0 1
    outer loop
      vertex -6.14467 -8.10522 5
      vertex -6.14467 -8.34926 5
      vertex -6.12873 -8.47035 5
    endloop
  endfacet
  facet normal 0 -0 1
    outer loop
      vertex -6.14467 -8.34926 5
      vertex -6.14467 -8.10522 5
      vertex -6.15 -8.22724 5
    endloop
  endfacet
  facet normal -0.953708 -0.300736 0
    outer loop
      vertex -3.3977 -7.86489 5
      vertex -3.43443 -7.74841 15
      vertex -3.43443 -7.74841 5
    endloop
  endfacet
  facet normal -0.953708 -0.300736 0
    outer loop
      vertex -3.43443 -7.74841 15
      vertex -3.3977 -7.86489 5
      vertex -3.3977 -7.86489 15
    endloop
  endfacet
  facet normal -0.300736 -0.953708 0
    outer loop
      vertex -4.38765 -6.87494 5
      vertex -4.27117 -6.91167 15
      vertex -4.38765 -6.87494 15
    endloop
  endfacet
  facet normal -0.300736 -0.953708 -0
    outer loop
      vertex -4.27117 -6.91167 15
      vertex -4.38765 -6.87494 5
      vertex -4.27117 -6.91167 5
    endloop
  endfacet
  facet normal 0.537331 -0.843371 0
    outer loop
      vertex -5.55301 -7.08043 7.99
      vertex -5.45 -7.0148 15
      vertex -5.55301 -7.08043 15
    endloop
  endfacet
  facet normal 0.537331 -0.843371 0
    outer loop
      vertex -5.45 -7.0148 15
      vertex -5.55301 -7.08043 7.99
      vertex -5.45 -7.0148 7.99
    endloop
  endfacet
  facet normal -0.130512 0.991447 0
    outer loop
      vertex -4.50689 -9.60597 5
      vertex -4.62798 -9.62191 15
      vertex -4.50689 -9.60597 15
    endloop
  endfacet
  facet normal -0.130512 0.991447 0
    outer loop
      vertex -4.62798 -9.62191 15
      vertex -4.50689 -9.60597 5
      vertex -4.62798 -9.62191 5
    endloop
  endfacet
  facet normal -0.7373 -0.675565 0
    outer loop
      vertex -3.67754 -7.32734 5
      vertex -3.76005 -7.23729 15
      vertex -3.76005 -7.23729 5
    endloop
  endfacet
  facet normal -0.7373 -0.675565 0
    outer loop
      vertex -3.76005 -7.23729 15
      vertex -3.67754 -7.32734 5
      vertex -3.67754 -7.32734 15
    endloop
  endfacet
  facet normal 0.999047 -0.0436469 0
    outer loop
      vertex 12.9505 -1.13302 15
      vertex 13 0 0
      vertex 13 0 15
    endloop
  endfacet
  facet normal 0.999047 -0.0436469 0
    outer loop
      vertex 13 0 0
      vertex 12.9505 -1.13302 15
      vertex 12.9505 -1.13302 0
    endloop
  endfacet
  facet normal 0.991448 0.130499 0
    outer loop
      vertex 12.9505 1.13302 15
      vertex 12.8025 2.25743 0
      vertex 12.8025 2.25743 15
    endloop
  endfacet
  facet normal 0.991448 0.130499 0
    outer loop
      vertex 12.8025 2.25743 0
      vertex 12.9505 1.13302 15
      vertex 12.9505 1.13302 0
    endloop
  endfacet
  facet normal 0.999047 0.0436469 0
    outer loop
      vertex 13 0 15
      vertex 12.9505 1.13302 0
      vertex 12.9505 1.13302 15
    endloop
  endfacet
  facet normal 0.999047 0.0436469 0
    outer loop
      vertex 12.9505 1.13302 0
      vertex 13 0 15
      vertex 13 0 0
    endloop
  endfacet
  facet normal 0.976289 0.216469 0
    outer loop
      vertex 12.8025 2.25743 15
      vertex 12.557 3.36465 0
      vertex 12.557 3.36465 15
    endloop
  endfacet
  facet normal 0.976289 0.216469 0
    outer loop
      vertex 12.557 3.36465 0
      vertex 12.8025 2.25743 15
      vertex 12.8025 2.25743 0
    endloop
  endfacet
  facet normal -0.130499 0.991448 0
    outer loop
      vertex -1.13302 12.9505 0
      vertex -2.25743 12.8025 15
      vertex -1.13302 12.9505 15
    endloop
  endfacet
  facet normal -0.130499 0.991448 0
    outer loop
      vertex -2.25743 12.8025 15
      vertex -1.13302 12.9505 0
      vertex -2.25743 12.8025 0
    endloop
  endfacet
  facet normal -0.953725 -0.300681 0
    outer loop
      vertex -12.216 -4.44626 0
      vertex -12.557 -3.36465 15
      vertex -12.557 -3.36465 0
    endloop
  endfacet
  facet normal -0.953725 -0.300681 0
    outer loop
      vertex -12.557 -3.36465 15
      vertex -12.216 -4.44626 0
      vertex -12.216 -4.44626 15
    endloop
  endfacet
  facet normal 0.0436469 0.999047 -0
    outer loop
      vertex 1.13302 12.9505 0
      vertex 0 13 15
      vertex 1.13302 12.9505 15
    endloop
  endfacet
  facet normal 0.0436469 0.999047 0
    outer loop
      vertex 0 13 15
      vertex 1.13302 12.9505 0
      vertex 0 13 0
    endloop
  endfacet
  facet normal 0.216469 -0.976289 0
    outer loop
      vertex 2.25743 -12.8025 0
      vertex 3.36465 -12.557 15
      vertex 2.25743 -12.8025 15
    endloop
  endfacet
  facet normal 0.216469 -0.976289 0
    outer loop
      vertex 3.36465 -12.557 15
      vertex 2.25743 -12.8025 0
      vertex 3.36465 -12.557 0
    endloop
  endfacet
  facet normal -0.608771 0.793346 0
    outer loop
      vertex -7.45649 10.649 0
      vertex -8.35624 9.95858 15
      vertex -7.45649 10.649 15
    endloop
  endfacet
  facet normal -0.608771 0.793346 0
    outer loop
      vertex -8.35624 9.95858 15
      vertex -7.45649 10.649 0
      vertex -8.35624 9.95858 0
    endloop
  endfacet
  facet normal 0.130499 -0.991448 0
    outer loop
      vertex 1.13302 -12.9505 0
      vertex 2.25743 -12.8025 15
      vertex 1.13302 -12.9505 15
    endloop
  endfacet
  facet normal 0.130499 -0.991448 0
    outer loop
      vertex 2.25743 -12.8025 15
      vertex 1.13302 -12.9505 0
      vertex 2.25743 -12.8025 0
    endloop
  endfacet
  facet normal -0.843412 -0.537267 0
    outer loop
      vertex -10.649 -7.45649 0
      vertex -11.2583 -6.5 15
      vertex -11.2583 -6.5 0
    endloop
  endfacet
  facet normal -0.843412 -0.537267 0
    outer loop
      vertex -11.2583 -6.5 15
      vertex -10.649 -7.45649 0
      vertex -10.649 -7.45649 15
    endloop
  endfacet
  facet normal 0.923881 0.38268 0
    outer loop
      vertex 12.216 4.44626 15
      vertex 11.782 5.49404 0
      vertex 11.782 5.49404 15
    endloop
  endfacet
  facet normal 0.923881 0.38268 0
    outer loop
      vertex 11.782 5.49404 0
      vertex 12.216 4.44626 15
      vertex 12.216 4.44626 0
    endloop
  endfacet
  facet normal 0.46177 -0.887 0
    outer loop
      vertex 5.49404 -11.782 0
      vertex 6.5 -11.2583 15
      vertex 5.49404 -11.782 15
    endloop
  endfacet
  facet normal 0.46177 -0.887 0
    outer loop
      vertex 6.5 -11.2583 15
      vertex 5.49404 -11.782 0
      vertex 6.5 -11.2583 0
    endloop
  endfacet
  facet normal 0.737277 -0.67559 0
    outer loop
      vertex 9.19239 -9.19239 15
      vertex 9.95858 -8.35624 0
      vertex 9.95858 -8.35624 15
    endloop
  endfacet
  facet normal 0.737277 -0.67559 0
    outer loop
      vertex 9.95858 -8.35624 0
      vertex 9.19239 -9.19239 15
      vertex 9.19239 -9.19239 0
    endloop
  endfacet
  facet normal -0.38268 0.923881 0
    outer loop
      vertex -4.44626 12.216 0
      vertex -5.49404 11.782 15
      vertex -4.44626 12.216 15
    endloop
  endfacet
  facet normal -0.38268 0.923881 0
    outer loop
      vertex -5.49404 11.782 15
      vertex -4.44626 12.216 0
      vertex -5.49404 11.782 0
    endloop
  endfacet
  facet normal 0.923881 -0.38268 0
    outer loop
      vertex 11.782 -5.49404 15
      vertex 12.216 -4.44626 0
      vertex 12.216 -4.44626 15
    endloop
  endfacet
  facet normal 0.923881 -0.38268 0
    outer loop
      vertex 12.216 -4.44626 0
      vertex 11.782 -5.49404 15
      vertex 11.782 -5.49404 0
    endloop
  endfacet
  facet normal 0.67559 0.737277 -0
    outer loop
      vertex 9.19239 9.19239 0
      vertex 8.35624 9.95858 15
      vertex 9.19239 9.19239 15
    endloop
  endfacet
  facet normal 0.67559 0.737277 0
    outer loop
      vertex 8.35624 9.95858 15
      vertex 9.19239 9.19239 0
      vertex 8.35624 9.95858 0
    endloop
  endfacet
  facet normal -0.976289 0.216469 0
    outer loop
      vertex -12.8025 2.25743 0
      vertex -12.557 3.36465 15
      vertex -12.557 3.36465 0
    endloop
  endfacet
  facet normal -0.976289 0.216469 0
    outer loop
      vertex -12.557 3.36465 15
      vertex -12.8025 2.25743 0
      vertex -12.8025 2.25743 15
    endloop
  endfacet
  facet normal -0.38268 -0.923881 0
    outer loop
      vertex -5.49404 -11.782 0
      vertex -4.44626 -12.216 15
      vertex -5.49404 -11.782 15
    endloop
  endfacet
  facet normal -0.38268 -0.923881 -0
    outer loop
      vertex -4.44626 -12.216 15
      vertex -5.49404 -11.782 0
      vertex -4.44626 -12.216 0
    endloop
  endfacet
  facet normal 0.843412 0.537267 0
    outer loop
      vertex 11.2583 6.5 15
      vertex 10.649 7.45649 0
      vertex 10.649 7.45649 15
    endloop
  endfacet
  facet normal 0.843412 0.537267 0
    outer loop
      vertex 10.649 7.45649 0
      vertex 11.2583 6.5 15
      vertex 11.2583 6.5 0
    endloop
  endfacet
  facet normal 0.38268 0.923881 -0
    outer loop
      vertex 5.49404 11.782 0
      vertex 4.44626 12.216 15
      vertex 5.49404 11.782 15
    endloop
  endfacet
  facet normal 0.38268 0.923881 0
    outer loop
      vertex 4.44626 12.216 15
      vertex 5.49404 11.782 0
      vertex 4.44626 12.216 0
    endloop
  endfacet
  facet normal -0.0436469 0.999047 0
    outer loop
      vertex 0 13 0
      vertex -1.13302 12.9505 15
      vertex 0 13 15
    endloop
  endfacet
  facet normal -0.0436469 0.999047 0
    outer loop
      vertex -1.13302 12.9505 15
      vertex 0 13 0
      vertex -1.13302 12.9505 0
    endloop
  endfacet
  facet normal 0.608771 0.793346 -0
    outer loop
      vertex 8.35624 9.95858 0
      vertex 7.45649 10.649 15
      vertex 8.35624 9.95858 15
    endloop
  endfacet
  facet normal 0.608771 0.793346 0
    outer loop
      vertex 7.45649 10.649 15
      vertex 8.35624 9.95858 0
      vertex 7.45649 10.649 0
    endloop
  endfacet
  facet normal 0.46177 0.887 -0
    outer loop
      vertex 6.5 11.2583 0
      vertex 5.49404 11.782 15
      vertex 6.5 11.2583 15
    endloop
  endfacet
  facet normal 0.46177 0.887 0
    outer loop
      vertex 5.49404 11.782 15
      vertex 6.5 11.2583 0
      vertex 5.49404 11.782 0
    endloop
  endfacet
  facet normal -0.976289 -0.216469 0
    outer loop
      vertex -12.557 -3.36465 0
      vertex -12.8025 -2.25743 15
      vertex -12.8025 -2.25743 0
    endloop
  endfacet
  facet normal -0.976289 -0.216469 0
    outer loop
      vertex -12.8025 -2.25743 15
      vertex -12.557 -3.36465 0
      vertex -12.557 -3.36465 15
    endloop
  endfacet
  facet normal -0.300681 -0.953725 0
    outer loop
      vertex -4.44626 -12.216 0
      vertex -3.36465 -12.557 15
      vertex -4.44626 -12.216 15
    endloop
  endfacet
  facet normal -0.300681 -0.953725 -0
    outer loop
      vertex -3.36465 -12.557 15
      vertex -4.44626 -12.216 0
      vertex -3.36465 -12.557 0
    endloop
  endfacet
  facet normal -0.300681 0.953725 0
    outer loop
      vertex -3.36465 12.557 0
      vertex -4.44626 12.216 15
      vertex -3.36465 12.557 15
    endloop
  endfacet
  facet normal -0.300681 0.953725 0
    outer loop
      vertex -4.44626 12.216 15
      vertex -3.36465 12.557 0
      vertex -4.44626 12.216 0
    endloop
  endfacet
  facet normal 0.843412 -0.537267 0
    outer loop
      vertex 10.649 -7.45649 15
      vertex 11.2583 -6.5 0
      vertex 11.2583 -6.5 15
    endloop
  endfacet
  facet normal 0.843412 -0.537267 0
    outer loop
      vertex 11.2583 -6.5 0
      vertex 10.649 -7.45649 15
      vertex 10.649 -7.45649 0
    endloop
  endfacet
  facet normal -0.608771 -0.793346 0
    outer loop
      vertex -8.35624 -9.95858 0
      vertex -7.45649 -10.649 15
      vertex -8.35624 -9.95858 15
    endloop
  endfacet
  facet normal -0.608771 -0.793346 -0
    outer loop
      vertex -7.45649 -10.649 15
      vertex -8.35624 -9.95858 0
      vertex -7.45649 -10.649 0
    endloop
  endfacet
  facet normal -0.0436469 -0.999047 0
    outer loop
      vertex -1.13302 -12.9505 0
      vertex 0 -13 15
      vertex -1.13302 -12.9505 15
    endloop
  endfacet
  facet normal -0.0436469 -0.999047 -0
    outer loop
      vertex 0 -13 15
      vertex -1.13302 -12.9505 0
      vertex 0 -13 0
    endloop
  endfacet
  facet normal 0.953725 0.300681 0
    outer loop
      vertex 12.557 3.36465 15
      vertex 12.216 4.44626 0
      vertex 12.216 4.44626 15
    endloop
  endfacet
  facet normal 0.953725 0.300681 0
    outer loop
      vertex 12.216 4.44626 0
      vertex 12.557 3.36465 15
      vertex 12.557 3.36465 0
    endloop
  endfacet
  facet normal -0.130499 -0.991448 0
    outer loop
      vertex -2.25743 -12.8025 0
      vertex -1.13302 -12.9505 15
      vertex -2.25743 -12.8025 15
    endloop
  endfacet
  facet normal -0.130499 -0.991448 -0
    outer loop
      vertex -1.13302 -12.9505 15
      vertex -2.25743 -12.8025 0
      vertex -1.13302 -12.9505 0
    endloop
  endfacet
  facet normal -0.953725 0.300681 0
    outer loop
      vertex -12.557 3.36465 0
      vertex -12.216 4.44626 15
      vertex -12.216 4.44626 0
    endloop
  endfacet
  facet normal -0.953725 0.300681 0
    outer loop
      vertex -12.216 4.44626 15
      vertex -12.557 3.36465 0
      vertex -12.557 3.36465 15
    endloop
  endfacet
  facet normal 0.953725 -0.300681 0
    outer loop
      vertex 12.216 -4.44626 15
      vertex 12.557 -3.36465 0
      vertex 12.557 -3.36465 15
    endloop
  endfacet
  facet normal 0.953725 -0.300681 0
    outer loop
      vertex 12.557 -3.36465 0
      vertex 12.216 -4.44626 15
      vertex 12.216 -4.44626 0
    endloop
  endfacet
  facet normal 0.976289 -0.216469 0
    outer loop
      vertex 12.557 -3.36465 15
      vertex 12.8025 -2.25743 0
      vertex 12.8025 -2.25743 15
    endloop
  endfacet
  facet normal 0.976289 -0.216469 0
    outer loop
      vertex 12.8025 -2.25743 0
      vertex 12.557 -3.36465 15
      vertex 12.557 -3.36465 0
    endloop
  endfacet
  facet normal -0.887 -0.46177 0
    outer loop
      vertex -11.2583 -6.5 0
      vertex -11.782 -5.49404 15
      vertex -11.782 -5.49404 0
    endloop
  endfacet
  facet normal -0.887 -0.46177 0
    outer loop
      vertex -11.782 -5.49404 15
      vertex -11.2583 -6.5 0
      vertex -11.2583 -6.5 15
    endloop
  endfacet
  facet normal -0.843412 0.537267 0
    outer loop
      vertex -11.2583 6.5 0
      vertex -10.649 7.45649 15
      vertex -10.649 7.45649 0
    endloop
  endfacet
  facet normal -0.843412 0.537267 0
    outer loop
      vertex -10.649 7.45649 15
      vertex -11.2583 6.5 0
      vertex -11.2583 6.5 15
    endloop
  endfacet
  facet normal 0.991448 -0.130499 0
    outer loop
      vertex 12.8025 -2.25743 15
      vertex 12.9505 -1.13302 0
      vertex 12.9505 -1.13302 15
    endloop
  endfacet
  facet normal 0.991448 -0.130499 0
    outer loop
      vertex 12.9505 -1.13302 0
      vertex 12.8025 -2.25743 15
      vertex 12.8025 -2.25743 0
    endloop
  endfacet
  facet normal -0.216469 0.976289 0
    outer loop
      vertex -2.25743 12.8025 0
      vertex -3.36465 12.557 15
      vertex -2.25743 12.8025 15
    endloop
  endfacet
  facet normal -0.216469 0.976289 0
    outer loop
      vertex -3.36465 12.557 15
      vertex -2.25743 12.8025 0
      vertex -3.36465 12.557 0
    endloop
  endfacet
  facet normal 0.0436469 -0.999047 0
    outer loop
      vertex 0 -13 0
      vertex 1.13302 -12.9505 15
      vertex 0 -13 15
    endloop
  endfacet
  facet normal 0.0436469 -0.999047 0
    outer loop
      vertex 1.13302 -12.9505 15
      vertex 0 -13 0
      vertex 1.13302 -12.9505 0
    endloop
  endfacet
  facet normal 0.793346 -0.608771 0
    outer loop
      vertex 9.95858 -8.35624 15
      vertex 10.649 -7.45649 0
      vertex 10.649 -7.45649 15
    endloop
  endfacet
  facet normal 0.793346 -0.608771 0
    outer loop
      vertex 10.649 -7.45649 0
      vertex 9.95858 -8.35624 15
      vertex 9.95858 -8.35624 0
    endloop
  endfacet
  facet normal -0.537267 0.843412 0
    outer loop
      vertex -6.5 11.2583 0
      vertex -7.45649 10.649 15
      vertex -6.5 11.2583 15
    endloop
  endfacet
  facet normal -0.537267 0.843412 0
    outer loop
      vertex -7.45649 10.649 15
      vertex -6.5 11.2583 0
      vertex -7.45649 10.649 0
    endloop
  endfacet
  facet normal 0.537267 0.843412 -0
    outer loop
      vertex 7.45649 10.649 0
      vertex 6.5 11.2583 15
      vertex 7.45649 10.649 15
    endloop
  endfacet
  facet normal 0.537267 0.843412 0
    outer loop
      vertex 6.5 11.2583 15
      vertex 7.45649 10.649 0
      vertex 6.5 11.2583 0
    endloop
  endfacet
  facet normal 0.737277 0.67559 0
    outer loop
      vertex 9.95858 8.35624 15
      vertex 9.19239 9.19239 0
      vertex 9.19239 9.19239 15
    endloop
  endfacet
  facet normal 0.737277 0.67559 0
    outer loop
      vertex 9.19239 9.19239 0
      vertex 9.95858 8.35624 15
      vertex 9.95858 8.35624 0
    endloop
  endfacet
  facet normal 0.130499 0.991448 -0
    outer loop
      vertex 2.25743 12.8025 0
      vertex 1.13302 12.9505 15
      vertex 2.25743 12.8025 15
    endloop
  endfacet
  facet normal 0.130499 0.991448 0
    outer loop
      vertex 1.13302 12.9505 15
      vertex 2.25743 12.8025 0
      vertex 1.13302 12.9505 0
    endloop
  endfacet
  facet normal 0.887 0.46177 0
    outer loop
      vertex 11.782 5.49404 15
      vertex 11.2583 6.5 0
      vertex 11.2583 6.5 15
    endloop
  endfacet
  facet normal 0.887 0.46177 0
    outer loop
      vertex 11.2583 6.5 0
      vertex 11.782 5.49404 15
      vertex 11.782 5.49404 0
    endloop
  endfacet
  facet normal -0.537267 -0.843412 0
    outer loop
      vertex -7.45649 -10.649 0
      vertex -6.5 -11.2583 15
      vertex -7.45649 -10.649 15
    endloop
  endfacet
  facet normal -0.537267 -0.843412 -0
    outer loop
      vertex -6.5 -11.2583 15
      vertex -7.45649 -10.649 0
      vertex -6.5 -11.2583 0
    endloop
  endfacet
  facet normal 0.887 -0.46177 0
    outer loop
      vertex 11.2583 -6.5 15
      vertex 11.782 -5.49404 0
      vertex 11.782 -5.49404 15
    endloop
  endfacet
  facet normal 0.887 -0.46177 0
    outer loop
      vertex 11.782 -5.49404 0
      vertex 11.2583 -6.5 15
      vertex 11.2583 -6.5 0
    endloop
  endfacet
  facet normal -0.216469 -0.976289 0
    outer loop
      vertex -3.36465 -12.557 0
      vertex -2.25743 -12.8025 15
      vertex -3.36465 -12.557 15
    endloop
  endfacet
  facet normal -0.216469 -0.976289 -0
    outer loop
      vertex -2.25743 -12.8025 15
      vertex -3.36465 -12.557 0
      vertex -2.25743 -12.8025 0
    endloop
  endfacet
  facet normal -0.67559 0.737277 0
    outer loop
      vertex -8.35624 9.95858 0
      vertex -9.19239 9.19239 15
      vertex -8.35624 9.95858 15
    endloop
  endfacet
  facet normal -0.67559 0.737277 0
    outer loop
      vertex -9.19239 9.19239 15
      vertex -8.35624 9.95858 0
      vertex -9.19239 9.19239 0
    endloop
  endfacet
  facet normal 0.793346 0.608771 0
    outer loop
      vertex 10.649 7.45649 15
      vertex 9.95858 8.35624 0
      vertex 9.95858 8.35624 15
    endloop
  endfacet
  facet normal 0.793346 0.608771 0
    outer loop
      vertex 9.95858 8.35624 0
      vertex 10.649 7.45649 15
      vertex 10.649 7.45649 0
    endloop
  endfacet
  facet normal -0.737277 -0.67559 0
    outer loop
      vertex -9.19239 -9.19239 0
      vertex -9.95858 -8.35624 15
      vertex -9.95858 -8.35624 0
    endloop
  endfacet
  facet normal -0.737277 -0.67559 0
    outer loop
      vertex -9.95858 -8.35624 15
      vertex -9.19239 -9.19239 0
      vertex -9.19239 -9.19239 15
    endloop
  endfacet
  facet normal -0.887 0.46177 0
    outer loop
      vertex -11.782 5.49404 0
      vertex -11.2583 6.5 15
      vertex -11.2583 6.5 0
    endloop
  endfacet
  facet normal -0.887 0.46177 0
    outer loop
      vertex -11.2583 6.5 15
      vertex -11.782 5.49404 0
      vertex -11.782 5.49404 15
    endloop
  endfacet
  facet normal -0.991448 -0.130499 0
    outer loop
      vertex -12.8025 -2.25743 0
      vertex -12.9505 -1.13302 15
      vertex -12.9505 -1.13302 0
    endloop
  endfacet
  facet normal -0.991448 -0.130499 0
    outer loop
      vertex -12.9505 -1.13302 15
      vertex -12.8025 -2.25743 0
      vertex -12.8025 -2.25743 15
    endloop
  endfacet
  facet normal 0.300681 0.953725 -0
    outer loop
      vertex 4.44626 12.216 0
      vertex 3.36465 12.557 15
      vertex 4.44626 12.216 15
    endloop
  endfacet
  facet normal 0.300681 0.953725 0
    outer loop
      vertex 3.36465 12.557 15
      vertex 4.44626 12.216 0
      vertex 3.36465 12.557 0
    endloop
  endfacet
  facet normal -0.793346 -0.608771 0
    outer loop
      vertex -9.95858 -8.35624 0
      vertex -10.649 -7.45649 15
      vertex -10.649 -7.45649 0
    endloop
  endfacet
  facet normal -0.793346 -0.608771 0
    outer loop
      vertex -10.649 -7.45649 15
      vertex -9.95858 -8.35624 0
      vertex -9.95858 -8.35624 15
    endloop
  endfacet
  facet normal 0.300681 -0.953725 0
    outer loop
      vertex 3.36465 -12.557 0
      vertex 4.44626 -12.216 15
      vertex 3.36465 -12.557 15
    endloop
  endfacet
  facet normal 0.300681 -0.953725 0
    outer loop
      vertex 4.44626 -12.216 15
      vertex 3.36465 -12.557 0
      vertex 4.44626 -12.216 0
    endloop
  endfacet
  facet normal -0.999047 -0.0436469 0
    outer loop
      vertex -12.9505 -1.13302 0
      vertex -13 0 15
      vertex -13 0 0
    endloop
  endfacet
  facet normal -0.999047 -0.0436469 0
    outer loop
      vertex -13 0 15
      vertex -12.9505 -1.13302 0
      vertex -12.9505 -1.13302 15
    endloop
  endfacet
  facet normal -0.67559 -0.737277 0
    outer loop
      vertex -9.19239 -9.19239 0
      vertex -8.35624 -9.95858 15
      vertex -9.19239 -9.19239 15
    endloop
  endfacet
  facet normal -0.67559 -0.737277 -0
    outer loop
      vertex -8.35624 -9.95858 15
      vertex -9.19239 -9.19239 0
      vertex -8.35624 -9.95858 0
    endloop
  endfacet
  facet normal 0.537267 -0.843412 0
    outer loop
      vertex 6.5 -11.2583 0
      vertex 7.45649 -10.649 15
      vertex 6.5 -11.2583 15
    endloop
  endfacet
  facet normal 0.537267 -0.843412 0
    outer loop
      vertex 7.45649 -10.649 15
      vertex 6.5 -11.2583 0
      vertex 7.45649 -10.649 0
    endloop
  endfacet
  facet normal 0.216469 0.976289 -0
    outer loop
      vertex 3.36465 12.557 0
      vertex 2.25743 12.8025 15
      vertex 3.36465 12.557 15
    endloop
  endfacet
  facet normal 0.216469 0.976289 0
    outer loop
      vertex 2.25743 12.8025 15
      vertex 3.36465 12.557 0
      vertex 2.25743 12.8025 0
    endloop
  endfacet
  facet normal -0.923881 -0.38268 0
    outer loop
      vertex -11.782 -5.49404 0
      vertex -12.216 -4.44626 15
      vertex -12.216 -4.44626 0
    endloop
  endfacet
  facet normal -0.923881 -0.38268 0
    outer loop
      vertex -12.216 -4.44626 15
      vertex -11.782 -5.49404 0
      vertex -11.782 -5.49404 15
    endloop
  endfacet
  facet normal -0.793346 0.608771 0
    outer loop
      vertex -10.649 7.45649 0
      vertex -9.95858 8.35624 15
      vertex -9.95858 8.35624 0
    endloop
  endfacet
  facet normal -0.793346 0.608771 0
    outer loop
      vertex -9.95858 8.35624 15
      vertex -10.649 7.45649 0
      vertex -10.649 7.45649 15
    endloop
  endfacet
  facet normal 0.38268 -0.923881 0
    outer loop
      vertex 4.44626 -12.216 0
      vertex 5.49404 -11.782 15
      vertex 4.44626 -12.216 15
    endloop
  endfacet
  facet normal 0.38268 -0.923881 0
    outer loop
      vertex 5.49404 -11.782 15
      vertex 4.44626 -12.216 0
      vertex 5.49404 -11.782 0
    endloop
  endfacet
  facet normal -0.737277 0.67559 0
    outer loop
      vertex -9.95858 8.35624 0
      vertex -9.19239 9.19239 15
      vertex -9.19239 9.19239 0
    endloop
  endfacet
  facet normal -0.737277 0.67559 0
    outer loop
      vertex -9.19239 9.19239 15
      vertex -9.95858 8.35624 0
      vertex -9.95858 8.35624 15
    endloop
  endfacet
  facet normal -0.991448 0.130499 0
    outer loop
      vertex -12.9505 1.13302 0
      vertex -12.8025 2.25743 15
      vertex -12.8025 2.25743 0
    endloop
  endfacet
  facet normal -0.991448 0.130499 0
    outer loop
      vertex -12.8025 2.25743 15
      vertex -12.9505 1.13302 0
      vertex -12.9505 1.13302 15
    endloop
  endfacet
  facet normal -0.999047 0.0436469 0
    outer loop
      vertex -13 0 0
      vertex -12.9505 1.13302 15
      vertex -12.9505 1.13302 0
    endloop
  endfacet
  facet normal -0.999047 0.0436469 0
    outer loop
      vertex -12.9505 1.13302 15
      vertex -13 0 0
      vertex -13 0 15
    endloop
  endfacet
  facet normal 0.67559 -0.737277 0
    outer loop
      vertex 8.35624 -9.95858 0
      vertex 9.19239 -9.19239 15
      vertex 8.35624 -9.95858 15
    endloop
  endfacet
  facet normal 0.67559 -0.737277 0
    outer loop
      vertex 9.19239 -9.19239 15
      vertex 8.35624 -9.95858 0
      vertex 9.19239 -9.19239 0
    endloop
  endfacet
  facet normal 0.608771 -0.793346 0
    outer loop
      vertex 7.45649 -10.649 0
      vertex 8.35624 -9.95858 15
      vertex 7.45649 -10.649 15
    endloop
  endfacet
  facet normal 0.608771 -0.793346 0
    outer loop
      vertex 8.35624 -9.95858 15
      vertex 7.45649 -10.649 0
      vertex 8.35624 -9.95858 0
    endloop
  endfacet
  facet normal 0 0 1
    outer loop
      vertex -1.5 2.59808 15
      vertex -4.15833 6.95841 15
      vertex -1.72073 2.45746 15
    endloop
  endfacet
  facet normal 0 0 1
    outer loop
      vertex -3 0 15
      vertex -3.35533 -8.10522 15
      vertex -3.35 -8.22724 15
    endloop
  endfacet
  facet normal -0 0 1
    outer loop
      vertex -4.27117 6.91167 15
      vertex -1.72073 2.45746 15
      vertex -4.15833 6.95841 15
    endloop
  endfacet
  facet normal 0 0 1
    outer loop
      vertex -3 0 15
      vertex -3.37127 -7.98413 15
      vertex -3.35533 -8.10522 15
    endloop
  endfacet
  facet normal 0 0 1
    outer loop
      vertex -1.72073 2.45746 15
      vertex -4.27117 6.91167 15
      vertex -1.92836 2.29813 15
    endloop
  endfacet
  facet normal 0 0 1
    outer loop
      vertex -3 0 15
      vertex -3.3977 -7.86489 15
      vertex -3.37127 -7.98413 15
    endloop
  endfacet
  facet normal -0 0 1
    outer loop
      vertex -4.38765 6.87494 15
      vertex -1.92836 2.29813 15
      vertex -4.27117 6.91167 15
    endloop
  endfacet
  facet normal 0 0 1
    outer loop
      vertex -3 0 15
      vertex -3.43443 -7.74841 15
      vertex -3.3977 -7.86489 15
    endloop
  endfacet
  facet normal 0 0 1
    outer loop
      vertex -1.92836 2.29813 15
      vertex -4.38765 6.87494 15
      vertex -2.12132 2.12132 15
    endloop
  endfacet
  facet normal 0 0 1
    outer loop
      vertex -3 0 15
      vertex -3.48117 -7.63558 15
      vertex -3.43443 -7.74841 15
    endloop
  endfacet
  facet normal -0 0 1
    outer loop
      vertex -4.50689 6.84851 15
      vertex -2.12132 2.12132 15
      vertex -4.38765 6.87494 15
    endloop
  endfacet
  facet normal 0 0 1
    outer loop
      vertex -3 0 15
      vertex -3.53756 -7.52724 15
      vertex -3.48117 -7.63558 15
    endloop
  endfacet
  facet normal -0 0 1
    outer loop
      vertex -4.62798 6.83257 15
      vertex -2.12132 2.12132 15
      vertex -4.50689 6.84851 15
    endloop
  endfacet
  facet normal 0 0 1
    outer loop
      vertex -3 0 15
      vertex -3.60319 -7.42423 15
      vertex -3.53756 -7.52724 15
    endloop
  endfacet
  facet normal 0 0 1
    outer loop
      vertex -2.12132 2.12132 15
      vertex -4.62798 6.83257 15
      vertex -2.29813 1.92836 15
    endloop
  endfacet
  facet normal 0 0 1
    outer loop
      vertex -3 0 15
      vertex -3.67754 -7.32734 15
      vertex -3.60319 -7.42423 15
    endloop
  endfacet
  facet normal -0 0 1
    outer loop
      vertex -4.75 6.82724 15
      vertex -2.29813 1.92836 15
      vertex -4.62798 6.83257 15
    endloop
  endfacet
  facet normal 0 0 1
    outer loop
      vertex -3 0 15
      vertex -3.76005 -7.23729 15
      vertex -3.67754 -7.32734 15
    endloop
  endfacet
  facet normal 0 0 1
    outer loop
      vertex -2.29813 1.92836 15
      vertex -4.75 6.82724 15
      vertex -2.45746 1.72073 15
    endloop
  endfacet
  facet normal 0 0 1
    outer loop
      vertex -3 0 15
      vertex -3.8501 -7.15478 15
      vertex -3.76005 -7.23729 15
    endloop
  endfacet
  facet normal 0 0 1
    outer loop
      vertex -4.87202 6.83257 15
      vertex -2.45746 1.72073 15
      vertex -4.75 6.82724 15
    endloop
  endfacet
  facet normal 0 0 1
    outer loop
      vertex -3 0 15
      vertex -3.94699 -7.08043 15
      vertex -3.8501 -7.15478 15
    endloop
  endfacet
  facet normal 0 0 1
    outer loop
      vertex -4.99311 6.84851 15
      vertex -2.45746 1.72073 15
      vertex -4.87202 6.83257 15
    endloop
  endfacet
  facet normal 0 0 1
    outer loop
      vertex -3 0 15
      vertex -4.05 -7.0148 15
      vertex -3.94699 -7.08043 15
    endloop
  endfacet
  facet normal 0 0 1
    outer loop
      vertex -2.45746 1.72073 15
      vertex -4.99311 6.84851 15
      vertex -2.59808 1.5 15
    endloop
  endfacet
  facet normal 0 0 1
    outer loop
      vertex -3 0 15
      vertex -4.15833 -6.95841 15
      vertex -4.05 -7.0148 15
    endloop
  endfacet
  facet normal 0 0 1
    outer loop
      vertex -5.11235 6.87494 15
      vertex -2.59808 1.5 15
      vertex -4.99311 6.84851 15
    endloop
  endfacet
  facet normal 0 0 1
    outer loop
      vertex -3 0 15
      vertex -4.27117 -6.91167 15
      vertex -4.15833 -6.95841 15
    endloop
  endfacet
  facet normal 0 0 1
    outer loop
      vertex -2.59808 1.5 15
      vertex -5.11235 6.87494 15
      vertex -2.71892 1.26785 15
    endloop
  endfacet
  facet normal 0 0 1
    outer loop
      vertex -3 0 15
      vertex -4.38765 -6.87494 15
      vertex -4.27117 -6.91167 15
    endloop
  endfacet
  facet normal 0 0 1
    outer loop
      vertex -5.22883 6.91167 15
      vertex -2.71892 1.26785 15
      vertex -5.11235 6.87494 15
    endloop
  endfacet
  facet normal 0 0 1
    outer loop
      vertex -3 0 15
      vertex -4.50689 -6.84851 15
      vertex -4.38765 -6.87494 15
    endloop
  endfacet
  facet normal 0 0 1
    outer loop
      vertex -2.71892 1.26785 15
      vertex -5.22883 6.91167 15
      vertex -2.81908 1.02606 15
    endloop
  endfacet
  facet normal 0 0 1
    outer loop
      vertex -3 0 15
      vertex -4.62798 -6.83257 15
      vertex -4.50689 -6.84851 15
    endloop
  endfacet
  facet normal 0 0 1
    outer loop
      vertex -5.34167 6.95841 15
      vertex -2.81908 1.02606 15
      vertex -5.22883 6.91167 15
    endloop
  endfacet
  facet normal 0 0 1
    outer loop
      vertex -3 0 15
      vertex -4.75 -6.82724 15
      vertex -4.62798 -6.83257 15
    endloop
  endfacet
  facet normal -0 0 1
    outer loop
      vertex -12.216 4.44626 15
      vertex -2.81908 1.02606 15
      vertex -5.34167 6.95841 15
    endloop
  endfacet
  facet normal 0 0 1
    outer loop
      vertex -3 0 15
      vertex -4.87202 -6.83257 15
      vertex -4.75 -6.82724 15
    endloop
  endfacet
  facet normal 0 0 1
    outer loop
      vertex -2.81908 1.02606 15
      vertex -12.216 4.44626 15
      vertex -2.89778 0.776457 15
    endloop
  endfacet
  facet normal 0 0 1
    outer loop
      vertex -3 0 15
      vertex -4.99311 -6.84851 15
      vertex -4.87202 -6.83257 15
    endloop
  endfacet
  facet normal -0 0 1
    outer loop
      vertex -12.557 3.36465 15
      vertex -2.89778 0.776457 15
      vertex -12.216 4.44626 15
    endloop
  endfacet
  facet normal 0 -0 1
    outer loop
      vertex -12.9505 -1.13302 15
      vertex -3 0 15
      vertex -13 0 15
    endloop
  endfacet
  facet normal -0 0 1
    outer loop
      vertex -12.8025 2.25743 15
      vertex -2.95442 0.520944 15
      vertex -12.557 3.36465 15
    endloop
  endfacet
  facet normal 0 -0 1
    outer loop
      vertex -12.8025 -2.25743 15
      vertex -3 0 15
      vertex -12.9505 -1.13302 15
    endloop
  endfacet
  facet normal 0 0 1
    outer loop
      vertex -2.95442 0.520944 15
      vertex -12.8025 2.25743 15
      vertex -2.98858 0.261467 15
    endloop
  endfacet
  facet normal 0 0 1
    outer loop
      vertex -3 0 15
      vertex -5.11235 -6.87494 15
      vertex -4.99311 -6.84851 15
    endloop
  endfacet
  facet normal 0 0 1
    outer loop
      vertex -12.216 4.44626 15
      vertex -5.34167 6.95841 15
      vertex -5.45 7.0148 15
    endloop
  endfacet
  facet normal 0 -0 1
    outer loop
      vertex -12.557 -3.36465 15
      vertex -3 0 15
      vertex -12.8025 -2.25743 15
    endloop
  endfacet
  facet normal 0 0 1
    outer loop
      vertex -12.216 4.44626 15
      vertex -5.45 7.0148 15
      vertex -5.55301 7.08043 15
    endloop
  endfacet
  facet normal 0 0 1
    outer loop
      vertex -3 0 15
      vertex -5.22883 -6.91167 15
      vertex -5.11235 -6.87494 15
    endloop
  endfacet
  facet normal 0 0 1
    outer loop
      vertex -11.782 5.49404 15
      vertex -5.55301 7.08043 15
      vertex -5.6499 7.15478 15
    endloop
  endfacet
  facet normal 0 -0 1
    outer loop
      vertex -5.34167 -6.95841 15
      vertex -3 0 15
      vertex -12.557 -3.36465 15
    endloop
  endfacet
  facet normal 0 0 1
    outer loop
      vertex -11.2583 6.5 15
      vertex -5.6499 7.15478 15
      vertex -5.73995 7.23729 15
    endloop
  endfacet
  facet normal 0 0 1
    outer loop
      vertex -3 0 15
      vertex -5.34167 -6.95841 15
      vertex -5.22883 -6.91167 15
    endloop
  endfacet
  facet normal 0 0 1
    outer loop
      vertex -11.2583 6.5 15
      vertex -5.73995 7.23729 15
      vertex -5.82246 7.32734 15
    endloop
  endfacet
  facet normal -0 -0 1
    outer loop
      vertex -12.216 -4.44626 15
      vertex -5.34167 -6.95841 15
      vertex -12.557 -3.36465 15
    endloop
  endfacet
  facet normal 0 0 1
    outer loop
      vertex -10.649 7.45649 15
      vertex -5.82246 7.32734 15
      vertex -5.89681 7.42423 15
    endloop
  endfacet
  facet normal 0 0 1
    outer loop
      vertex -5.34167 -6.95841 15
      vertex -12.216 -4.44626 15
      vertex -5.45 -7.0148 15
    endloop
  endfacet
  facet normal -0 0 1
    outer loop
      vertex -10.649 7.45649 15
      vertex -5.89681 7.42423 15
      vertex -5.96243 7.52724 15
    endloop
  endfacet
  facet normal 0 0 1
    outer loop
      vertex -5.45 -7.0148 15
      vertex -12.216 -4.44626 15
      vertex -5.55301 -7.08043 15
    endloop
  endfacet
  facet normal 0 0 1
    outer loop
      vertex -10.649 7.45649 15
      vertex -5.96243 7.52724 15
      vertex -6.01883 7.63558 15
    endloop
  endfacet
  facet normal -0 -0 1
    outer loop
      vertex -11.782 -5.49404 15
      vertex -5.55301 -7.08043 15
      vertex -12.216 -4.44626 15
    endloop
  endfacet
  facet normal 0 0 1
    outer loop
      vertex -9.95858 8.35624 15
      vertex -6.01883 7.63558 15
      vertex -6.06557 7.74841 15
    endloop
  endfacet
  facet normal 0 0 1
    outer loop
      vertex -5.55301 -7.08043 15
      vertex -11.782 -5.49404 15
      vertex -5.6499 -7.15478 15
    endloop
  endfacet
  facet normal 0 0 1
    outer loop
      vertex -9.95858 8.35624 15
      vertex -6.06557 7.74841 15
      vertex -6.1023 7.86489 15
    endloop
  endfacet
  facet normal -0 -0 1
    outer loop
      vertex -11.2583 -6.5 15
      vertex -5.6499 -7.15478 15
      vertex -11.782 -5.49404 15
    endloop
  endfacet
  facet normal 0 0 1
    outer loop
      vertex -9.19239 9.19239 15
      vertex -6.1023 7.86489 15
      vertex -6.12873 7.98413 15
    endloop
  endfacet
  facet normal 0 0 1
    outer loop
      vertex -5.6499 -7.15478 15
      vertex -11.2583 -6.5 15
      vertex -5.73995 -7.23729 15
    endloop
  endfacet
  facet normal 0 0 1
    outer loop
      vertex -9.19239 9.19239 15
      vertex -6.12873 7.98413 15
      vertex -6.14467 8.10522 15
    endloop
  endfacet
  facet normal 0 0 1
    outer loop
      vertex -5.73995 -7.23729 15
      vertex -11.2583 -6.5 15
      vertex -5.82246 -7.32734 15
    endloop
  endfacet
  facet normal 0 0 1
    outer loop
      vertex -9.19239 9.19239 15
      vertex -6.14467 8.10522 15
      vertex -6.15 8.22724 15
    endloop
  endfacet
  facet normal 0 -0 1
    outer loop
      vertex -10.649 -7.45649 15
      vertex -5.82246 -7.32734 15
      vertex -11.2583 -6.5 15
    endloop
  endfacet
  facet normal 0 0 1
    outer loop
      vertex 8.69699 -1.14681 15
      vertex 2.29813 -1.92836 15
      vertex 9.95858 -8.35624 15
    endloop
  endfacet
  facet normal 0 0 1
    outer loop
      vertex 9.95858 -8.35624 15
      vertex 2.29813 -1.92836 15
      vertex 9.19239 -9.19239 15
    endloop
  endfacet
  facet normal -0 0 1
    outer loop
      vertex 2.12132 -2.12132 15
      vertex 9.19239 -9.19239 15
      vertex 2.29813 -1.92836 15
    endloop
  endfacet
  facet normal 0 0 1
    outer loop
      vertex 9.19239 -9.19239 15
      vertex 2.12132 -2.12132 15
      vertex 8.35624 -9.95858 15
    endloop
  endfacet
  facet normal -0 0 1
    outer loop
      vertex 1.92836 -2.29813 15
      vertex 8.35624 -9.95858 15
      vertex 2.12132 -2.12132 15
    endloop
  endfacet
  facet normal 0 0 1
    outer loop
      vertex 8.35624 -9.95858 15
      vertex 1.92836 -2.29813 15
      vertex 7.45649 -10.649 15
    endloop
  endfacet
  facet normal -0 0 1
    outer loop
      vertex 1.72073 -2.45746 15
      vertex 7.45649 -10.649 15
      vertex 1.92836 -2.29813 15
    endloop
  endfacet
  facet normal 0 0 1
    outer loop
      vertex 7.45649 -10.649 15
      vertex 1.72073 -2.45746 15
      vertex 6.5 -11.2583 15
    endloop
  endfacet
  facet normal -0 0 1
    outer loop
      vertex 1.5 -2.59808 15
      vertex 6.5 -11.2583 15
      vertex 1.72073 -2.45746 15
    endloop
  endfacet
  facet normal 0 0 1
    outer loop
      vertex 6.5 -11.2583 15
      vertex 1.5 -2.59808 15
      vertex 5.49404 -11.782 15
    endloop
  endfacet
  facet normal -0 0 1
    outer loop
      vertex 1.26785 -2.71892 15
      vertex 5.49404 -11.782 15
      vertex 1.5 -2.59808 15
    endloop
  endfacet
  facet normal 0 0 1
    outer loop
      vertex 5.49404 -11.782 15
      vertex 1.26785 -2.71892 15
      vertex 4.44626 -12.216 15
    endloop
  endfacet
  facet normal -0 0 1
    outer loop
      vertex 1.02606 -2.81908 15
      vertex 4.44626 -12.216 15
      vertex 1.26785 -2.71892 15
    endloop
  endfacet
  facet normal 0 0 1
    outer loop
      vertex 4.44626 -12.216 15
      vertex 1.02606 -2.81908 15
      vertex 3.36465 -12.557 15
    endloop
  endfacet
  facet normal -0 0 1
    outer loop
      vertex 0.776457 -2.89778 15
      vertex 3.36465 -12.557 15
      vertex 1.02606 -2.81908 15
    endloop
  endfacet
  facet normal 0 0 1
    outer loop
      vertex 3.36465 -12.557 15
      vertex 0.776457 -2.89778 15
      vertex 2.25743 -12.8025 15
    endloop
  endfacet
  facet normal -0 0 1
    outer loop
      vertex 0.520944 -2.95442 15
      vertex 2.25743 -12.8025 15
      vertex 0.776457 -2.89778 15
    endloop
  endfacet
  facet normal -0 0 1
    outer loop
      vertex -3.35 -8.22724 15
      vertex 2.25743 -12.8025 15
      vertex 0.520944 -2.95442 15
    endloop
  endfacet
  facet normal 0 0 1
    outer loop
      vertex -3.35 -8.22724 15
      vertex 0.520944 -2.95442 15
      vertex 0.261467 -2.98858 15
    endloop
  endfacet
  facet normal 0 0 1
    outer loop
      vertex -3.35 -8.22724 15
      vertex 0.261467 -2.98858 15
      vertex 0 -3 15
    endloop
  endfacet
  facet normal 0 0 1
    outer loop
      vertex 2.25743 -12.8025 15
      vertex -3.35 -8.22724 15
      vertex 1.13302 -12.9505 15
    endloop
  endfacet
  facet normal 0 0 1
    outer loop
      vertex -3.35 -8.22724 15
      vertex 0 -3 15
      vertex -0.261467 -2.98858 15
    endloop
  endfacet
  facet normal 0 0 1
    outer loop
      vertex -3.35 -8.22724 15
      vertex -0.261467 -2.98858 15
      vertex -0.520944 -2.95442 15
    endloop
  endfacet
  facet normal 0 0 1
    outer loop
      vertex -3.35 -8.22724 15
      vertex -0.520944 -2.95442 15
      vertex -0.776457 -2.89778 15
    endloop
  endfacet
  facet normal 0 0 1
    outer loop
      vertex -3.35 -8.22724 15
      vertex -0.776457 -2.89778 15
      vertex -1.02606 -2.81908 15
    endloop
  endfacet
  facet normal -0 0 1
    outer loop
      vertex -3.35533 -8.34926 15
      vertex 1.13302 -12.9505 15
      vertex -3.35 -8.22724 15
    endloop
  endfacet
  facet normal 0 0 1
    outer loop
      vertex -3.35 -8.22724 15
      vertex -1.02606 -2.81908 15
      vertex -1.26785 -2.71892 15
    endloop
  endfacet
  facet normal 0 0 1
    outer loop
      vertex -3.35 -8.22724 15
      vertex -1.26785 -2.71892 15
      vertex -1.5 -2.59808 15
    endloop
  endfacet
  facet normal 0 0 1
    outer loop
      vertex -3.35 -8.22724 15
      vertex -1.5 -2.59808 15
      vertex -1.72073 -2.45746 15
    endloop
  endfacet
  facet normal 0 0 1
    outer loop
      vertex -3.35 -8.22724 15
      vertex -1.72073 -2.45746 15
      vertex -1.92836 -2.29813 15
    endloop
  endfacet
  facet normal 0 0 1
    outer loop
      vertex -3.35 -8.22724 15
      vertex -1.92836 -2.29813 15
      vertex -2.12132 -2.12132 15
    endloop
  endfacet
  facet normal -0 0 1
    outer loop
      vertex -3.37127 -8.47035 15
      vertex 1.13302 -12.9505 15
      vertex -3.35533 -8.34926 15
    endloop
  endfacet
  facet normal 0 0 1
    outer loop
      vertex -3.35 -8.22724 15
      vertex -2.12132 -2.12132 15
      vertex -2.29813 -1.92836 15
    endloop
  endfacet
  facet normal 0 0 1
    outer loop
      vertex -3.35 -8.22724 15
      vertex -2.29813 -1.92836 15
      vertex -2.45746 -1.72073 15
    endloop
  endfacet
  facet normal 0 0 1
    outer loop
      vertex -3.35 -8.22724 15
      vertex -2.45746 -1.72073 15
      vertex -2.59808 -1.5 15
    endloop
  endfacet
  facet normal 0 0 1
    outer loop
      vertex -3.35 -8.22724 15
      vertex -2.59808 -1.5 15
      vertex -2.71892 -1.26785 15
    endloop
  endfacet
  facet normal 0 0 1
    outer loop
      vertex -3.35 -8.22724 15
      vertex -2.71892 -1.26785 15
      vertex -2.81908 -1.02606 15
    endloop
  endfacet
  facet normal 0 0 1
    outer loop
      vertex -3.35 -8.22724 15
      vertex -2.81908 -1.02606 15
      vertex -2.89778 -0.776457 15
    endloop
  endfacet
  facet normal 0 0 1
    outer loop
      vertex -3.35 -8.22724 15
      vertex -2.89778 -0.776457 15
      vertex -2.95442 -0.520944 15
    endloop
  endfacet
  facet normal 0 0 1
    outer loop
      vertex -3.35 -8.22724 15
      vertex -2.95442 -0.520944 15
      vertex -2.98858 -0.261467 15
    endloop
  endfacet
  facet normal -0 0 1
    outer loop
      vertex -4.15833 6.95841 15
      vertex -1.5 2.59808 15
      vertex -4.05 7.0148 15
    endloop
  endfacet
  facet normal 0 0 1
    outer loop
      vertex -3.35 -8.22724 15
      vertex -2.98858 -0.261467 15
      vertex -3 0 15
    endloop
  endfacet
  facet normal 0 0 1
    outer loop
      vertex 1.13302 -12.9505 15
      vertex -3.37127 -8.47035 15
      vertex 0 -13 15
    endloop
  endfacet
  facet normal -0 0 1
    outer loop
      vertex -3.3977 -8.58959 15
      vertex 0 -13 15
      vertex -3.37127 -8.47035 15
    endloop
  endfacet
  facet normal -0 0 1
    outer loop
      vertex -3.43443 -8.70607 15
      vertex 0 -13 15
      vertex -3.3977 -8.58959 15
    endloop
  endfacet
  facet normal 0 0 1
    outer loop
      vertex 0 -13 15
      vertex -3.43443 -8.70607 15
      vertex -1.13302 -12.9505 15
    endloop
  endfacet
  facet normal -0 0 1
    outer loop
      vertex -3.48117 -8.81891 15
      vertex -1.13302 -12.9505 15
      vertex -3.43443 -8.70607 15
    endloop
  endfacet
  facet normal -0 0 1
    outer loop
      vertex -3.53756 -8.92724 15
      vertex -1.13302 -12.9505 15
      vertex -3.48117 -8.81891 15
    endloop
  endfacet
  facet normal 0 0 1
    outer loop
      vertex -1.13302 -12.9505 15
      vertex -3.53756 -8.92724 15
      vertex -2.25743 -12.8025 15
    endloop
  endfacet
  facet normal -0 0 1
    outer loop
      vertex -3.60319 -9.03025 15
      vertex -2.25743 -12.8025 15
      vertex -3.53756 -8.92724 15
    endloop
  endfacet
  facet normal -0 0 1
    outer loop
      vertex -3.67754 -9.12714 15
      vertex -2.25743 -12.8025 15
      vertex -3.60319 -9.03025 15
    endloop
  endfacet
  facet normal -0 0 1
    outer loop
      vertex -3.76005 -9.21719 15
      vertex -2.25743 -12.8025 15
      vertex -3.67754 -9.12714 15
    endloop
  endfacet
  facet normal 0 0 1
    outer loop
      vertex -2.25743 -12.8025 15
      vertex -3.76005 -9.21719 15
      vertex -3.36465 -12.557 15
    endloop
  endfacet
  facet normal -0 0 1
    outer loop
      vertex -3.8501 -9.2997 15
      vertex -3.36465 -12.557 15
      vertex -3.76005 -9.21719 15
    endloop
  endfacet
  facet normal -0 0 1
    outer loop
      vertex -3.94699 -9.37405 15
      vertex -3.36465 -12.557 15
      vertex -3.8501 -9.2997 15
    endloop
  endfacet
  facet normal -0 0 1
    outer loop
      vertex -4.05 -9.43968 15
      vertex -3.36465 -12.557 15
      vertex -3.94699 -9.37405 15
    endloop
  endfacet
  facet normal -0 0 1
    outer loop
      vertex -4.15833 -9.49607 15
      vertex -3.36465 -12.557 15
      vertex -4.05 -9.43968 15
    endloop
  endfacet
  facet normal 0 0 1
    outer loop
      vertex -4.44626 -12.216 15
      vertex -4.15833 -9.49607 15
      vertex -4.27117 -9.54281 15
    endloop
  endfacet
  facet normal 0 0 1
    outer loop
      vertex -4.44626 -12.216 15
      vertex -4.27117 -9.54281 15
      vertex -4.38765 -9.57954 15
    endloop
  endfacet
  facet normal 0 0 1
    outer loop
      vertex -4.15833 -9.49607 15
      vertex -4.44626 -12.216 15
      vertex -3.36465 -12.557 15
    endloop
  endfacet
  facet normal -0 0 1
    outer loop
      vertex -4.50689 -9.60597 15
      vertex -4.44626 -12.216 15
      vertex -4.38765 -9.57954 15
    endloop
  endfacet
  facet normal -0 0 1
    outer loop
      vertex -4.62798 -9.62191 15
      vertex -4.44626 -12.216 15
      vertex -4.50689 -9.60597 15
    endloop
  endfacet
  facet normal 0 0 1
    outer loop
      vertex -5.49404 -11.782 15
      vertex -4.62798 -9.62191 15
      vertex -4.75 -9.62724 15
    endloop
  endfacet
  facet normal 0 0 1
    outer loop
      vertex -5.49404 -11.782 15
      vertex -4.75 -9.62724 15
      vertex -4.87202 -9.62191 15
    endloop
  endfacet
  facet normal 0 0 1
    outer loop
      vertex -5.49404 -11.782 15
      vertex -4.87202 -9.62191 15
      vertex -4.99311 -9.60597 15
    endloop
  endfacet
  facet normal 0 0 1
    outer loop
      vertex -5.49404 -11.782 15
      vertex -4.99311 -9.60597 15
      vertex -5.11235 -9.57954 15
    endloop
  endfacet
  facet normal 0 0 1
    outer loop
      vertex -5.49404 -11.782 15
      vertex -5.11235 -9.57954 15
      vertex -5.22883 -9.54281 15
    endloop
  endfacet
  facet normal 0 0 1
    outer loop
      vertex -6.5 -11.2583 15
      vertex -5.22883 -9.54281 15
      vertex -5.34167 -9.49607 15
    endloop
  endfacet
  facet normal 0 0 1
    outer loop
      vertex -6.5 -11.2583 15
      vertex -5.34167 -9.49607 15
      vertex -5.45 -9.43968 15
    endloop
  endfacet
  facet normal 0 0 1
    outer loop
      vertex -4.62798 -9.62191 15
      vertex -5.49404 -11.782 15
      vertex -4.44626 -12.216 15
    endloop
  endfacet
  facet normal 0 0 1
    outer loop
      vertex -6.5 -11.2583 15
      vertex -5.45 -9.43968 15
      vertex -5.55301 -9.37405 15
    endloop
  endfacet
  facet normal 0 0 1
    outer loop
      vertex -6.5 -11.2583 15
      vertex -5.55301 -9.37405 15
      vertex -5.6499 -9.2997 15
    endloop
  endfacet
  facet normal 0 0 1
    outer loop
      vertex -7.45649 -10.649 15
      vertex -5.6499 -9.2997 15
      vertex -5.73995 -9.21719 15
    endloop
  endfacet
  facet normal 0 0 1
    outer loop
      vertex -7.45649 -10.649 15
      vertex -5.73995 -9.21719 15
      vertex -5.82246 -9.12714 15
    endloop
  endfacet
  facet normal 0 0 1
    outer loop
      vertex -7.45649 -10.649 15
      vertex -5.82246 -9.12714 15
      vertex -5.89681 -9.03025 15
    endloop
  endfacet
  facet normal 0 0 1
    outer loop
      vertex -7.45649 -10.649 15
      vertex -5.89681 -9.03025 15
      vertex -5.96243 -8.92724 15
    endloop
  endfacet
  facet normal 0 0 1
    outer loop
      vertex -7.45649 -10.649 15
      vertex -5.96243 -8.92724 15
      vertex -6.01883 -8.81891 15
    endloop
  endfacet
  facet normal 0 0 1
    outer loop
      vertex -8.35624 -9.95858 15
      vertex -6.01883 -8.81891 15
      vertex -6.06557 -8.70607 15
    endloop
  endfacet
  facet normal 0 0 1
    outer loop
      vertex -8.35624 -9.95858 15
      vertex -6.06557 -8.70607 15
      vertex -6.1023 -8.58959 15
    endloop
  endfacet
  facet normal 0 0 1
    outer loop
      vertex -8.35624 -9.95858 15
      vertex -6.1023 -8.58959 15
      vertex -6.12873 -8.47035 15
    endloop
  endfacet
  facet normal 0 0 1
    outer loop
      vertex -5.22883 -9.54281 15
      vertex -6.5 -11.2583 15
      vertex -5.49404 -11.782 15
    endloop
  endfacet
  facet normal 0 0 1
    outer loop
      vertex -8.35624 -9.95858 15
      vertex -6.12873 -8.47035 15
      vertex -6.14467 -8.34926 15
    endloop
  endfacet
  facet normal 0 0 1
    outer loop
      vertex -9.19239 -9.19239 15
      vertex -6.14467 -8.34926 15
      vertex -6.15 -8.22724 15
    endloop
  endfacet
  facet normal -0 0 1
    outer loop
      vertex -9.19239 9.19239 15
      vertex -6.14467 8.34926 15
      vertex -8.35624 9.95858 15
    endloop
  endfacet
  facet normal 0 0 1
    outer loop
      vertex -6.14467 8.34926 15
      vertex -9.19239 9.19239 15
      vertex -6.15 8.22724 15
    endloop
  endfacet
  facet normal 0 0 1
    outer loop
      vertex -5.6499 -9.2997 15
      vertex -7.45649 -10.649 15
      vertex -6.5 -11.2583 15
    endloop
  endfacet
  facet normal 0 0 1
    outer loop
      vertex -6.1023 7.86489 15
      vertex -9.19239 9.19239 15
      vertex -9.95858 8.35624 15
    endloop
  endfacet
  facet normal 0 0 1
    outer loop
      vertex -6.01883 -8.81891 15
      vertex -8.35624 -9.95858 15
      vertex -7.45649 -10.649 15
    endloop
  endfacet
  facet normal 0 0 1
    outer loop
      vertex -6.01883 7.63558 15
      vertex -9.95858 8.35624 15
      vertex -10.649 7.45649 15
    endloop
  endfacet
  facet normal 0 0 1
    outer loop
      vertex -6.14467 -8.34926 15
      vertex -9.19239 -9.19239 15
      vertex -8.35624 -9.95858 15
    endloop
  endfacet
  facet normal 0 0 1
    outer loop
      vertex -5.82246 7.32734 15
      vertex -10.649 7.45649 15
      vertex -11.2583 6.5 15
    endloop
  endfacet
  facet normal 0 0 1
    outer loop
      vertex -6.14467 -8.10522 15
      vertex -9.19239 -9.19239 15
      vertex -6.15 -8.22724 15
    endloop
  endfacet
  facet normal 0 0 1
    outer loop
      vertex -5.6499 7.15478 15
      vertex -11.2583 6.5 15
      vertex -11.782 5.49404 15
    endloop
  endfacet
  facet normal 0 0 1
    outer loop
      vertex -6.12873 -7.98413 15
      vertex -9.19239 -9.19239 15
      vertex -6.14467 -8.10522 15
    endloop
  endfacet
  facet normal 0 0 1
    outer loop
      vertex -5.55301 7.08043 15
      vertex -11.782 5.49404 15
      vertex -12.216 4.44626 15
    endloop
  endfacet
  facet normal 0 0 1
    outer loop
      vertex -6.1023 -7.86489 15
      vertex -9.19239 -9.19239 15
      vertex -6.12873 -7.98413 15
    endloop
  endfacet
  facet normal 0 0 1
    outer loop
      vertex -2.89778 0.776457 15
      vertex -12.557 3.36465 15
      vertex -2.95442 0.520944 15
    endloop
  endfacet
  facet normal 0 -0 1
    outer loop
      vertex -9.19239 -9.19239 15
      vertex -6.1023 -7.86489 15
      vertex -9.95858 -8.35624 15
    endloop
  endfacet
  facet normal -0 0 1
    outer loop
      vertex -12.9505 1.13302 15
      vertex -2.98858 0.261467 15
      vertex -12.8025 2.25743 15
    endloop
  endfacet
  facet normal 0 0 1
    outer loop
      vertex -6.06557 -7.74841 15
      vertex -9.95858 -8.35624 15
      vertex -6.1023 -7.86489 15
    endloop
  endfacet
  facet normal 0 0 1
    outer loop
      vertex -2.98858 0.261467 15
      vertex -12.9505 1.13302 15
      vertex -3 0 15
    endloop
  endfacet
  facet normal 0 0 1
    outer loop
      vertex -6.01883 -7.63558 15
      vertex -9.95858 -8.35624 15
      vertex -6.06557 -7.74841 15
    endloop
  endfacet
  facet normal 0 0 1
    outer loop
      vertex -3 0 15
      vertex -12.9505 1.13302 15
      vertex -13 0 15
    endloop
  endfacet
  facet normal 0 -0 1
    outer loop
      vertex -9.95858 -8.35624 15
      vertex -6.01883 -7.63558 15
      vertex -10.649 -7.45649 15
    endloop
  endfacet
  facet normal 0 0 1
    outer loop
      vertex -5.82246 -7.32734 15
      vertex -10.649 -7.45649 15
      vertex -5.89681 -7.42423 15
    endloop
  endfacet
  facet normal 0 0 1
    outer loop
      vertex -5.96243 -7.52724 15
      vertex -10.649 -7.45649 15
      vertex -6.01883 -7.63558 15
    endloop
  endfacet
  facet normal 0 0 1
    outer loop
      vertex -5.89681 -7.42423 15
      vertex -10.649 -7.45649 15
      vertex -5.96243 -7.52724 15
    endloop
  endfacet
  facet normal -0 0 1
    outer loop
      vertex 10.8787 0.243107 15
      vertex 13 0 15
      vertex 12.9505 1.13302 15
    endloop
  endfacet
  facet normal 0 0 1
    outer loop
      vertex 10.6468 0.803006 15
      vertex 12.9505 1.13302 15
      vertex 12.8025 2.25743 15
    endloop
  endfacet
  facet normal 0 0 1
    outer loop
      vertex 13 0 15
      vertex 10.8787 0.243107 15
      vertex 10.8947 0.122018 15
    endloop
  endfacet
  facet normal 0 0 1
    outer loop
      vertex 10.303 1.14681 15
      vertex 12.8025 2.25743 15
      vertex 12.557 3.36465 15
    endloop
  endfacet
  facet normal 0 0 1
    outer loop
      vertex 10.8947 -0.122018 15
      vertex 13 0 15
      vertex 10.9 0 15
    endloop
  endfacet
  facet normal 0 0 1
    outer loop
      vertex 9.86235 1.3523 15
      vertex 12.557 3.36465 15
      vertex 12.216 4.44626 15
    endloop
  endfacet
  facet normal 0 0 1
    outer loop
      vertex 10.8787 -0.243107 15
      vertex 13 0 15
      vertex 10.8947 -0.122018 15
    endloop
  endfacet
  facet normal 0 0 1
    outer loop
      vertex 9.62202 1.39467 15
      vertex 12.216 4.44626 15
      vertex 11.782 5.49404 15
    endloop
  endfacet
  facet normal 0 0 1
    outer loop
      vertex 13 0 15
      vertex 10.8787 -0.243107 15
      vertex 12.9505 -1.13302 15
    endloop
  endfacet
  facet normal 0 0 1
    outer loop
      vertex 9.25689 1.37873 15
      vertex 11.782 5.49404 15
      vertex 11.2583 6.5 15
    endloop
  endfacet
  facet normal -0 0 1
    outer loop
      vertex 10.8523 -0.362347 15
      vertex 12.9505 -1.13302 15
      vertex 10.8787 -0.243107 15
    endloop
  endfacet
  facet normal -0 0 1
    outer loop
      vertex 10.7688 -0.591665 15
      vertex 12.9505 -1.13302 15
      vertex 10.8156 -0.478827 15
    endloop
  endfacet
  facet normal -0 0 1
    outer loop
      vertex 10.8156 -0.478827 15
      vertex 12.9505 -1.13302 15
      vertex 10.8523 -0.362347 15
    endloop
  endfacet
  facet normal 0 0 1
    outer loop
      vertex 13 0 15
      vertex 10.8947 0.122018 15
      vertex 10.9 0 15
    endloop
  endfacet
  facet normal 0 0 1
    outer loop
      vertex 12.9505 1.13302 15
      vertex 10.8523 0.362347 15
      vertex 10.8787 0.243107 15
    endloop
  endfacet
  facet normal 0 0 1
    outer loop
      vertex 12.9505 1.13302 15
      vertex 10.8156 0.478827 15
      vertex 10.8523 0.362347 15
    endloop
  endfacet
  facet normal 0 0 1
    outer loop
      vertex 12.9505 1.13302 15
      vertex 10.7688 0.591665 15
      vertex 10.8156 0.478827 15
    endloop
  endfacet
  facet normal 0 0 1
    outer loop
      vertex 12.9505 1.13302 15
      vertex 10.7124 0.7 15
      vertex 10.7688 0.591665 15
    endloop
  endfacet
  facet normal 0 0 1
    outer loop
      vertex 9.02117 1.31557 15
      vertex 11.2583 6.5 15
      vertex 10.649 7.45649 15
    endloop
  endfacet
  facet normal 0 0 1
    outer loop
      vertex 12.9505 1.13302 15
      vertex 10.6468 0.803006 15
      vertex 10.7124 0.7 15
    endloop
  endfacet
  facet normal 0 0 1
    outer loop
      vertex 12.8025 2.25743 15
      vertex 10.5725 0.899902 15
      vertex 10.6468 0.803006 15
    endloop
  endfacet
  facet normal 0 0 1
    outer loop
      vertex 12.8025 2.25743 15
      vertex 10.4899 0.989949 15
      vertex 10.5725 0.899902 15
    endloop
  endfacet
  facet normal 0 0 1
    outer loop
      vertex 12.8025 2.25743 15
      vertex 10.3999 1.07246 15
      vertex 10.4899 0.989949 15
    endloop
  endfacet
  facet normal 0 0 1
    outer loop
      vertex 12.8025 2.25743 15
      vertex 10.303 1.14681 15
      vertex 10.3999 1.07246 15
    endloop
  endfacet
  facet normal 0 0 1
    outer loop
      vertex 12.557 3.36465 15
      vertex 10.2 1.21243 15
      vertex 10.303 1.14681 15
    endloop
  endfacet
  facet normal 0 0 1
    outer loop
      vertex 12.557 3.36465 15
      vertex 10.0917 1.26883 15
      vertex 10.2 1.21243 15
    endloop
  endfacet
  facet normal 0 0 1
    outer loop
      vertex 12.557 3.36465 15
      vertex 9.97883 1.31557 15
      vertex 10.0917 1.26883 15
    endloop
  endfacet
  facet normal 0 0 1
    outer loop
      vertex 8.90833 1.26883 15
      vertex 10.649 7.45649 15
      vertex 9.95858 8.35624 15
    endloop
  endfacet
  facet normal 0 0 1
    outer loop
      vertex 12.557 3.36465 15
      vertex 9.86235 1.3523 15
      vertex 9.97883 1.31557 15
    endloop
  endfacet
  facet normal 0 0 1
    outer loop
      vertex 12.216 4.44626 15
      vertex 9.74311 1.37873 15
      vertex 9.86235 1.3523 15
    endloop
  endfacet
  facet normal 0 0 1
    outer loop
      vertex 12.216 4.44626 15
      vertex 9.62202 1.39467 15
      vertex 9.74311 1.37873 15
    endloop
  endfacet
  facet normal 0 0 1
    outer loop
      vertex 11.782 5.49404 15
      vertex 9.5 1.4 15
      vertex 9.62202 1.39467 15
    endloop
  endfacet
  facet normal 0 0 1
    outer loop
      vertex 11.782 5.49404 15
      vertex 9.37798 1.39467 15
      vertex 9.5 1.4 15
    endloop
  endfacet
  facet normal 0 0 1
    outer loop
      vertex 11.782 5.49404 15
      vertex 9.25689 1.37873 15
      vertex 9.37798 1.39467 15
    endloop
  endfacet
  facet normal 0 0 1
    outer loop
      vertex 2.29813 1.92836 15
      vertex 9.95858 8.35624 15
      vertex 9.19239 9.19239 15
    endloop
  endfacet
  facet normal 0 0 1
    outer loop
      vertex 11.2583 6.5 15
      vertex 9.13765 1.3523 15
      vertex 9.25689 1.37873 15
    endloop
  endfacet
  facet normal 0 0 1
    outer loop
      vertex 11.2583 6.5 15
      vertex 9.02117 1.31557 15
      vertex 9.13765 1.3523 15
    endloop
  endfacet
  facet normal 0 0 1
    outer loop
      vertex 10.649 7.45649 15
      vertex 8.90833 1.26883 15
      vertex 9.02117 1.31557 15
    endloop
  endfacet
  facet normal 0 0 1
    outer loop
      vertex 9.95858 8.35624 15
      vertex 8.8 1.21243 15
      vertex 8.90833 1.26883 15
    endloop
  endfacet
  facet normal 0 0 1
    outer loop
      vertex 9.95858 8.35624 15
      vertex 8.69699 1.14681 15
      vertex 8.8 1.21243 15
    endloop
  endfacet
  facet normal 0 0 1
    outer loop
      vertex 9.95858 8.35624 15
      vertex 2.29813 1.92836 15
      vertex 8.69699 1.14681 15
    endloop
  endfacet
  facet normal 0 0 1
    outer loop
      vertex 8.69699 1.14681 15
      vertex 2.29813 1.92836 15
      vertex 8.6001 1.07246 15
    endloop
  endfacet
  facet normal -0 -0 1
    outer loop
      vertex 2.45746 1.72073 15
      vertex 8.6001 1.07246 15
      vertex 2.29813 1.92836 15
    endloop
  endfacet
  facet normal 0 0 1
    outer loop
      vertex 2.12132 2.12132 15
      vertex 9.19239 9.19239 15
      vertex 8.35624 9.95858 15
    endloop
  endfacet
  facet normal 0 0 1
    outer loop
      vertex 8.6001 1.07246 15
      vertex 2.45746 1.72073 15
      vertex 8.51005 0.989949 15
    endloop
  endfacet
  facet normal -0 -0 1
    outer loop
      vertex 2.59808 1.5 15
      vertex 8.51005 0.989949 15
      vertex 2.45746 1.72073 15
    endloop
  endfacet
  facet normal 0 0 1
    outer loop
      vertex 8.51005 0.989949 15
      vertex 2.59808 1.5 15
      vertex 8.42754 0.899902 15
    endloop
  endfacet
  facet normal -0 -0 1
    outer loop
      vertex 2.71892 1.26785 15
      vertex 8.42754 0.899902 15
      vertex 2.59808 1.5 15
    endloop
  endfacet
  facet normal 0 0 1
    outer loop
      vertex 8.42754 0.899902 15
      vertex 2.71892 1.26785 15
      vertex 8.35319 0.803006 15
    endloop
  endfacet
  facet normal 0 0 1
    outer loop
      vertex 8.35319 0.803006 15
      vertex 2.71892 1.26785 15
      vertex 8.28756 0.7 15
    endloop
  endfacet
  facet normal -0 -0 1
    outer loop
      vertex 2.81908 1.02606 15
      vertex 8.28756 0.7 15
      vertex 2.71892 1.26785 15
    endloop
  endfacet
  facet normal 0 0 1
    outer loop
      vertex 8.28756 0.7 15
      vertex 2.81908 1.02606 15
      vertex 8.23117 0.591665 15
    endloop
  endfacet
  facet normal 0 0 1
    outer loop
      vertex 1.92836 2.29813 15
      vertex 8.35624 9.95858 15
      vertex 7.45649 10.649 15
    endloop
  endfacet
  facet normal -0 0 1
    outer loop
      vertex 10.7124 -0.7 15
      vertex 12.9505 -1.13302 15
      vertex 10.7688 -0.591665 15
    endloop
  endfacet
  facet normal -0 0 1
    outer loop
      vertex 10.6468 -0.803006 15
      vertex 12.9505 -1.13302 15
      vertex 10.7124 -0.7 15
    endloop
  endfacet
  facet normal 0 0 1
    outer loop
      vertex 12.9505 -1.13302 15
      vertex 10.6468 -0.803006 15
      vertex 12.8025 -2.25743 15
    endloop
  endfacet
  facet normal -0 0 1
    outer loop
      vertex 10.5725 -0.899902 15
      vertex 12.8025 -2.25743 15
      vertex 10.6468 -0.803006 15
    endloop
  endfacet
  facet normal -0 0 1
    outer loop
      vertex 10.4899 -0.989949 15
      vertex 12.8025 -2.25743 15
      vertex 10.5725 -0.899902 15
    endloop
  endfacet
  facet normal -0 0 1
    outer loop
      vertex 10.3999 -1.07246 15
      vertex 12.8025 -2.25743 15
      vertex 10.4899 -0.989949 15
    endloop
  endfacet
  facet normal -0 0 1
    outer loop
      vertex 10.303 -1.14681 15
      vertex 12.8025 -2.25743 15
      vertex 10.3999 -1.07246 15
    endloop
  endfacet
  facet normal 0 0 1
    outer loop
      vertex 12.8025 -2.25743 15
      vertex 10.303 -1.14681 15
      vertex 12.557 -3.36465 15
    endloop
  endfacet
  facet normal -0 0 1
    outer loop
      vertex 10.2 -1.21243 15
      vertex 12.557 -3.36465 15
      vertex 10.303 -1.14681 15
    endloop
  endfacet
  facet normal -0 0 1
    outer loop
      vertex 10.0917 -1.26883 15
      vertex 12.557 -3.36465 15
      vertex 10.2 -1.21243 15
    endloop
  endfacet
  facet normal -0 0 1
    outer loop
      vertex 9.97883 -1.31557 15
      vertex 12.557 -3.36465 15
      vertex 10.0917 -1.26883 15
    endloop
  endfacet
  facet normal -0 0 1
    outer loop
      vertex 9.86235 -1.3523 15
      vertex 12.557 -3.36465 15
      vertex 9.97883 -1.31557 15
    endloop
  endfacet
  facet normal 0 0 1
    outer loop
      vertex 12.557 -3.36465 15
      vertex 9.86235 -1.3523 15
      vertex 12.216 -4.44626 15
    endloop
  endfacet
  facet normal -0 0 1
    outer loop
      vertex 9.74311 -1.37873 15
      vertex 12.216 -4.44626 15
      vertex 9.86235 -1.3523 15
    endloop
  endfacet
  facet normal -0 0 1
    outer loop
      vertex 9.62202 -1.39467 15
      vertex 12.216 -4.44626 15
      vertex 9.74311 -1.37873 15
    endloop
  endfacet
  facet normal 0 0 1
    outer loop
      vertex 12.216 -4.44626 15
      vertex 9.62202 -1.39467 15
      vertex 11.782 -5.49404 15
    endloop
  endfacet
  facet normal -0 0 1
    outer loop
      vertex 9.5 -1.4 15
      vertex 11.782 -5.49404 15
      vertex 9.62202 -1.39467 15
    endloop
  endfacet
  facet normal 0 0 1
    outer loop
      vertex 9.37798 -1.39467 15
      vertex 11.782 -5.49404 15
      vertex 9.5 -1.4 15
    endloop
  endfacet
  facet normal 0 0 1
    outer loop
      vertex 9.25689 -1.37873 15
      vertex 11.782 -5.49404 15
      vertex 9.37798 -1.39467 15
    endloop
  endfacet
  facet normal 0 0 1
    outer loop
      vertex 11.782 -5.49404 15
      vertex 9.25689 -1.37873 15
      vertex 11.2583 -6.5 15
    endloop
  endfacet
  facet normal 0 0 1
    outer loop
      vertex 9.13765 -1.3523 15
      vertex 11.2583 -6.5 15
      vertex 9.25689 -1.37873 15
    endloop
  endfacet
  facet normal 0 0 1
    outer loop
      vertex 9.02117 -1.31557 15
      vertex 11.2583 -6.5 15
      vertex 9.13765 -1.3523 15
    endloop
  endfacet
  facet normal 0 0 1
    outer loop
      vertex 11.2583 -6.5 15
      vertex 9.02117 -1.31557 15
      vertex 10.649 -7.45649 15
    endloop
  endfacet
  facet normal 0 0 1
    outer loop
      vertex 8.90833 -1.26883 15
      vertex 10.649 -7.45649 15
      vertex 9.02117 -1.31557 15
    endloop
  endfacet
  facet normal 0 0 1
    outer loop
      vertex 10.649 -7.45649 15
      vertex 8.90833 -1.26883 15
      vertex 9.95858 -8.35624 15
    endloop
  endfacet
  facet normal 0 0 1
    outer loop
      vertex 8.8 -1.21243 15
      vertex 9.95858 -8.35624 15
      vertex 8.90833 -1.26883 15
    endloop
  endfacet
  facet normal 0 0 1
    outer loop
      vertex 8.69699 -1.14681 15
      vertex 9.95858 -8.35624 15
      vertex 8.8 -1.21243 15
    endloop
  endfacet
  facet normal 0 0 1
    outer loop
      vertex 8.6001 -1.07246 15
      vertex 2.29813 -1.92836 15
      vertex 8.69699 -1.14681 15
    endloop
  endfacet
  facet normal 0 0 1
    outer loop
      vertex 2.59808 -1.5 15
      vertex 8.42754 -0.899902 15
      vertex 2.71892 -1.26785 15
    endloop
  endfacet
  facet normal 0 0 1
    outer loop
      vertex 8.23117 -0.591665 15
      vertex 2.81908 -1.02606 15
      vertex 8.28756 -0.7 15
    endloop
  endfacet
  facet normal 0 0 1
    outer loop
      vertex 2.81908 -1.02606 15
      vertex 8.23117 -0.591665 15
      vertex 2.89778 -0.776457 15
    endloop
  endfacet
  facet normal 0 0 1
    outer loop
      vertex 8.28756 -0.7 15
      vertex 2.71892 -1.26785 15
      vertex 8.35319 -0.803006 15
    endloop
  endfacet
  facet normal 0 0 1
    outer loop
      vertex 8.18443 -0.478827 15
      vertex 2.89778 -0.776457 15
      vertex 8.23117 -0.591665 15
    endloop
  endfacet
  facet normal 0 0 1
    outer loop
      vertex 2.89778 -0.776457 15
      vertex 8.18443 -0.478827 15
      vertex 2.95442 -0.520944 15
    endloop
  endfacet
  facet normal 0 0 1
    outer loop
      vertex 8.1477 -0.362347 15
      vertex 2.95442 -0.520944 15
      vertex 8.18443 -0.478827 15
    endloop
  endfacet
  facet normal 0 0 1
    outer loop
      vertex 8.12127 -0.243107 15
      vertex 2.95442 -0.520944 15
      vertex 8.1477 -0.362347 15
    endloop
  endfacet
  facet normal 0 0 1
    outer loop
      vertex 2.95442 -0.520944 15
      vertex 8.12127 -0.243107 15
      vertex 2.98858 -0.261467 15
    endloop
  endfacet
  facet normal 0 0 1
    outer loop
      vertex 8.10533 -0.122018 15
      vertex 2.98858 -0.261467 15
      vertex 8.12127 -0.243107 15
    endloop
  endfacet
  facet normal 0 0 1
    outer loop
      vertex 2.98858 -0.261467 15
      vertex 8.10533 -0.122018 15
      vertex 3 0 15
    endloop
  endfacet
  facet normal -0 0 1
    outer loop
      vertex 3 0 15
      vertex 8.10533 -0.122018 15
      vertex 8.1 0 15
    endloop
  endfacet
  facet normal -0 -0 1
    outer loop
      vertex 2.89778 0.776457 15
      vertex 8.23117 0.591665 15
      vertex 2.81908 1.02606 15
    endloop
  endfacet
  facet normal 0 0 1
    outer loop
      vertex 2.71892 -1.26785 15
      vertex 8.28756 -0.7 15
      vertex 2.81908 -1.02606 15
    endloop
  endfacet
  facet normal 0 0 1
    outer loop
      vertex 1.72073 2.45746 15
      vertex 7.45649 10.649 15
      vertex 6.5 11.2583 15
    endloop
  endfacet
  facet normal 0 0 1
    outer loop
      vertex 8.35319 -0.803006 15
      vertex 2.71892 -1.26785 15
      vertex 8.42754 -0.899902 15
    endloop
  endfacet
  facet normal 0 0 1
    outer loop
      vertex 1.5 2.59808 15
      vertex 6.5 11.2583 15
      vertex 5.49404 11.782 15
    endloop
  endfacet
  facet normal 0 0 1
    outer loop
      vertex 8.42754 -0.899902 15
      vertex 2.59808 -1.5 15
      vertex 8.51005 -0.989949 15
    endloop
  endfacet
  facet normal 0 0 1
    outer loop
      vertex 1.26785 2.71892 15
      vertex 5.49404 11.782 15
      vertex 4.44626 12.216 15
    endloop
  endfacet
  facet normal 0 0 1
    outer loop
      vertex 2.45746 -1.72073 15
      vertex 8.51005 -0.989949 15
      vertex 2.59808 -1.5 15
    endloop
  endfacet
  facet normal 0 0 1
    outer loop
      vertex 1.02606 2.81908 15
      vertex 4.44626 12.216 15
      vertex 3.36465 12.557 15
    endloop
  endfacet
  facet normal 0 0 1
    outer loop
      vertex 8.51005 -0.989949 15
      vertex 2.45746 -1.72073 15
      vertex 8.6001 -1.07246 15
    endloop
  endfacet
  facet normal 0 0 1
    outer loop
      vertex 2.29813 -1.92836 15
      vertex 8.6001 -1.07246 15
      vertex 2.45746 -1.72073 15
    endloop
  endfacet
  facet normal 0 0 1
    outer loop
      vertex 8.10533 0.122018 15
      vertex 3 0 15
      vertex 8.1 0 15
    endloop
  endfacet
  facet normal 0 -0 1
    outer loop
      vertex 3 0 15
      vertex 8.10533 0.122018 15
      vertex 2.98858 0.261467 15
    endloop
  endfacet
  facet normal 0 0 1
    outer loop
      vertex 8.12127 0.243107 15
      vertex 2.98858 0.261467 15
      vertex 8.10533 0.122018 15
    endloop
  endfacet
  facet normal -0 -0 1
    outer loop
      vertex 2.98858 0.261467 15
      vertex 8.12127 0.243107 15
      vertex 2.95442 0.520944 15
    endloop
  endfacet
  facet normal 0 0 1
    outer loop
      vertex 8.1477 0.362347 15
      vertex 2.95442 0.520944 15
      vertex 8.12127 0.243107 15
    endloop
  endfacet
  facet normal -0 -0 1
    outer loop
      vertex 2.95442 0.520944 15
      vertex 8.1477 0.362347 15
      vertex 2.89778 0.776457 15
    endloop
  endfacet
  facet normal 0 0 1
    outer loop
      vertex 8.18443 0.478827 15
      vertex 2.89778 0.776457 15
      vertex 8.1477 0.362347 15
    endloop
  endfacet
  facet normal 0 0 1
    outer loop
      vertex 8.23117 0.591665 15
      vertex 2.89778 0.776457 15
      vertex 8.18443 0.478827 15
    endloop
  endfacet
  facet normal 0 0 1
    outer loop
      vertex 0.776457 2.89778 15
      vertex 3.36465 12.557 15
      vertex 2.25743 12.8025 15
    endloop
  endfacet
  facet normal 0 0 1
    outer loop
      vertex 9.19239 9.19239 15
      vertex 2.12132 2.12132 15
      vertex 2.29813 1.92836 15
    endloop
  endfacet
  facet normal 0 0 1
    outer loop
      vertex 8.35624 9.95858 15
      vertex 1.92836 2.29813 15
      vertex 2.12132 2.12132 15
    endloop
  endfacet
  facet normal 0 0 1
    outer loop
      vertex 7.45649 10.649 15
      vertex 1.72073 2.45746 15
      vertex 1.92836 2.29813 15
    endloop
  endfacet
  facet normal 0 0 1
    outer loop
      vertex 6.5 11.2583 15
      vertex 1.5 2.59808 15
      vertex 1.72073 2.45746 15
    endloop
  endfacet
  facet normal 0 0 1
    outer loop
      vertex 5.49404 11.782 15
      vertex 1.26785 2.71892 15
      vertex 1.5 2.59808 15
    endloop
  endfacet
  facet normal 0 0 1
    outer loop
      vertex -3.35 8.22724 15
      vertex 2.25743 12.8025 15
      vertex 1.13302 12.9505 15
    endloop
  endfacet
  facet normal 0 0 1
    outer loop
      vertex 4.44626 12.216 15
      vertex 1.02606 2.81908 15
      vertex 1.26785 2.71892 15
    endloop
  endfacet
  facet normal 0 0 1
    outer loop
      vertex 3.36465 12.557 15
      vertex 0.776457 2.89778 15
      vertex 1.02606 2.81908 15
    endloop
  endfacet
  facet normal 0 0 1
    outer loop
      vertex 2.25743 12.8025 15
      vertex 0.520944 2.95442 15
      vertex 0.776457 2.89778 15
    endloop
  endfacet
  facet normal 0 0 1
    outer loop
      vertex -3.35533 8.10522 15
      vertex 2.25743 12.8025 15
      vertex -3.35 8.22724 15
    endloop
  endfacet
  facet normal 0 0 1
    outer loop
      vertex -3.37127 8.47035 15
      vertex 1.13302 12.9505 15
      vertex 0 13 15
    endloop
  endfacet
  facet normal 0 0 1
    outer loop
      vertex 2.25743 12.8025 15
      vertex -3.35533 8.10522 15
      vertex 0.520944 2.95442 15
    endloop
  endfacet
  facet normal -0 0 1
    outer loop
      vertex -3.37127 7.98413 15
      vertex 0.520944 2.95442 15
      vertex -3.35533 8.10522 15
    endloop
  endfacet
  facet normal 0 0 1
    outer loop
      vertex 0.520944 2.95442 15
      vertex -3.37127 7.98413 15
      vertex 0.261467 2.98858 15
    endloop
  endfacet
  facet normal -0 0 1
    outer loop
      vertex -3.3977 7.86489 15
      vertex 0.261467 2.98858 15
      vertex -3.37127 7.98413 15
    endloop
  endfacet
  facet normal 0 0 1
    outer loop
      vertex 0.261467 2.98858 15
      vertex -3.3977 7.86489 15
      vertex 0 3 15
    endloop
  endfacet
  facet normal 0 0 1
    outer loop
      vertex -3.43443 8.70607 15
      vertex 0 13 15
      vertex -1.13302 12.9505 15
    endloop
  endfacet
  facet normal -0 0 1
    outer loop
      vertex -3.43443 7.74841 15
      vertex 0 3 15
      vertex -3.3977 7.86489 15
    endloop
  endfacet
  facet normal 0 0 1
    outer loop
      vertex 0 3 15
      vertex -3.43443 7.74841 15
      vertex -0.261467 2.98858 15
    endloop
  endfacet
  facet normal -0 0 1
    outer loop
      vertex -3.48117 7.63558 15
      vertex -0.261467 2.98858 15
      vertex -3.43443 7.74841 15
    endloop
  endfacet
  facet normal -0 0 1
    outer loop
      vertex -3.53756 7.52724 15
      vertex -0.261467 2.98858 15
      vertex -3.48117 7.63558 15
    endloop
  endfacet
  facet normal 0 0 1
    outer loop
      vertex -0.261467 2.98858 15
      vertex -3.53756 7.52724 15
      vertex -0.520944 2.95442 15
    endloop
  endfacet
  facet normal 0 0 1
    outer loop
      vertex -3.53756 8.92724 15
      vertex -1.13302 12.9505 15
      vertex -2.25743 12.8025 15
    endloop
  endfacet
  facet normal -0 0 1
    outer loop
      vertex -3.60319 7.42423 15
      vertex -0.520944 2.95442 15
      vertex -3.53756 7.52724 15
    endloop
  endfacet
  facet normal 0 0 1
    outer loop
      vertex -0.520944 2.95442 15
      vertex -3.60319 7.42423 15
      vertex -0.776457 2.89778 15
    endloop
  endfacet
  facet normal -0 0 1
    outer loop
      vertex -3.67754 7.32734 15
      vertex -0.776457 2.89778 15
      vertex -3.60319 7.42423 15
    endloop
  endfacet
  facet normal 0 0 1
    outer loop
      vertex -0.776457 2.89778 15
      vertex -3.67754 7.32734 15
      vertex -1.02606 2.81908 15
    endloop
  endfacet
  facet normal -0 0 1
    outer loop
      vertex -3.76005 7.23729 15
      vertex -1.02606 2.81908 15
      vertex -3.67754 7.32734 15
    endloop
  endfacet
  facet normal -0 0 1
    outer loop
      vertex -3.8501 7.15478 15
      vertex -1.02606 2.81908 15
      vertex -3.76005 7.23729 15
    endloop
  endfacet
  facet normal 0 0 1
    outer loop
      vertex -1.02606 2.81908 15
      vertex -3.8501 7.15478 15
      vertex -1.26785 2.71892 15
    endloop
  endfacet
  facet normal -0 0 1
    outer loop
      vertex -3.94699 7.08043 15
      vertex -1.26785 2.71892 15
      vertex -3.8501 7.15478 15
    endloop
  endfacet
  facet normal -0 0 1
    outer loop
      vertex -4.05 7.0148 15
      vertex -1.5 2.59808 15
      vertex -3.94699 7.08043 15
    endloop
  endfacet
  facet normal 0 0 1
    outer loop
      vertex -1.26785 2.71892 15
      vertex -3.94699 7.08043 15
      vertex -1.5 2.59808 15
    endloop
  endfacet
  facet normal 0 0 1
    outer loop
      vertex 1.13302 12.9505 15
      vertex -3.35533 8.34926 15
      vertex -3.35 8.22724 15
    endloop
  endfacet
  facet normal 0 0 1
    outer loop
      vertex -3.76005 9.21719 15
      vertex -2.25743 12.8025 15
      vertex -3.36465 12.557 15
    endloop
  endfacet
  facet normal 0 0 1
    outer loop
      vertex 1.13302 12.9505 15
      vertex -3.37127 8.47035 15
      vertex -3.35533 8.34926 15
    endloop
  endfacet
  facet normal 0 0 1
    outer loop
      vertex 0 13 15
      vertex -3.3977 8.58959 15
      vertex -3.37127 8.47035 15
    endloop
  endfacet
  facet normal 0 0 1
    outer loop
      vertex 0 13 15
      vertex -3.43443 8.70607 15
      vertex -3.3977 8.58959 15
    endloop
  endfacet
  facet normal 0 0 1
    outer loop
      vertex -1.13302 12.9505 15
      vertex -3.48117 8.81891 15
      vertex -3.43443 8.70607 15
    endloop
  endfacet
  facet normal 0 0 1
    outer loop
      vertex -1.13302 12.9505 15
      vertex -3.53756 8.92724 15
      vertex -3.48117 8.81891 15
    endloop
  endfacet
  facet normal 0 0 1
    outer loop
      vertex -2.25743 12.8025 15
      vertex -3.60319 9.03025 15
      vertex -3.53756 8.92724 15
    endloop
  endfacet
  facet normal 0 0 1
    outer loop
      vertex -2.25743 12.8025 15
      vertex -3.67754 9.12714 15
      vertex -3.60319 9.03025 15
    endloop
  endfacet
  facet normal 0 0 1
    outer loop
      vertex -2.25743 12.8025 15
      vertex -3.76005 9.21719 15
      vertex -3.67754 9.12714 15
    endloop
  endfacet
  facet normal 0 0 1
    outer loop
      vertex -3.36465 12.557 15
      vertex -3.8501 9.2997 15
      vertex -3.76005 9.21719 15
    endloop
  endfacet
  facet normal 0 0 1
    outer loop
      vertex -3.36465 12.557 15
      vertex -3.94699 9.37405 15
      vertex -3.8501 9.2997 15
    endloop
  endfacet
  facet normal 0 0 1
    outer loop
      vertex -3.36465 12.557 15
      vertex -4.05 9.43968 15
      vertex -3.94699 9.37405 15
    endloop
  endfacet
  facet normal 0 0 1
    outer loop
      vertex -3.36465 12.557 15
      vertex -4.15833 9.49607 15
      vertex -4.05 9.43968 15
    endloop
  endfacet
  facet normal -0 0 1
    outer loop
      vertex -4.44626 12.216 15
      vertex -4.15833 9.49607 15
      vertex -3.36465 12.557 15
    endloop
  endfacet
  facet normal 0 0 1
    outer loop
      vertex -4.15833 9.49607 15
      vertex -4.44626 12.216 15
      vertex -4.27117 9.54281 15
    endloop
  endfacet
  facet normal 0 0 1
    outer loop
      vertex -4.27117 9.54281 15
      vertex -4.44626 12.216 15
      vertex -4.38765 9.57954 15
    endloop
  endfacet
  facet normal 0 0 1
    outer loop
      vertex -4.44626 12.216 15
      vertex -4.50689 9.60597 15
      vertex -4.38765 9.57954 15
    endloop
  endfacet
  facet normal 0 0 1
    outer loop
      vertex -4.44626 12.216 15
      vertex -4.62798 9.62191 15
      vertex -4.50689 9.60597 15
    endloop
  endfacet
  facet normal -0 0 1
    outer loop
      vertex -5.49404 11.782 15
      vertex -4.62798 9.62191 15
      vertex -4.44626 12.216 15
    endloop
  endfacet
  facet normal 0 0 1
    outer loop
      vertex -4.62798 9.62191 15
      vertex -5.49404 11.782 15
      vertex -4.75 9.62724 15
    endloop
  endfacet
  facet normal 0 0 1
    outer loop
      vertex -4.75 9.62724 15
      vertex -5.49404 11.782 15
      vertex -4.87202 9.62191 15
    endloop
  endfacet
  facet normal 0 0 1
    outer loop
      vertex -4.87202 9.62191 15
      vertex -5.49404 11.782 15
      vertex -4.99311 9.60597 15
    endloop
  endfacet
  facet normal 0 0 1
    outer loop
      vertex -4.99311 9.60597 15
      vertex -5.49404 11.782 15
      vertex -5.11235 9.57954 15
    endloop
  endfacet
  facet normal 0 0 1
    outer loop
      vertex -5.11235 9.57954 15
      vertex -5.49404 11.782 15
      vertex -5.22883 9.54281 15
    endloop
  endfacet
  facet normal -0 0 1
    outer loop
      vertex -6.5 11.2583 15
      vertex -5.22883 9.54281 15
      vertex -5.49404 11.782 15
    endloop
  endfacet
  facet normal 0 0 1
    outer loop
      vertex -5.22883 9.54281 15
      vertex -6.5 11.2583 15
      vertex -5.34167 9.49607 15
    endloop
  endfacet
  facet normal 0 0 1
    outer loop
      vertex -5.34167 9.49607 15
      vertex -6.5 11.2583 15
      vertex -5.45 9.43968 15
    endloop
  endfacet
  facet normal 0 0 1
    outer loop
      vertex -5.45 9.43968 15
      vertex -6.5 11.2583 15
      vertex -5.55301 9.37405 15
    endloop
  endfacet
  facet normal 0 0 1
    outer loop
      vertex -5.55301 9.37405 15
      vertex -6.5 11.2583 15
      vertex -5.6499 9.2997 15
    endloop
  endfacet
  facet normal -0 0 1
    outer loop
      vertex -7.45649 10.649 15
      vertex -5.6499 9.2997 15
      vertex -6.5 11.2583 15
    endloop
  endfacet
  facet normal 0 0 1
    outer loop
      vertex -5.6499 9.2997 15
      vertex -7.45649 10.649 15
      vertex -5.73995 9.21719 15
    endloop
  endfacet
  facet normal 0 0 1
    outer loop
      vertex -5.73995 9.21719 15
      vertex -7.45649 10.649 15
      vertex -5.82246 9.12714 15
    endloop
  endfacet
  facet normal 0 0 1
    outer loop
      vertex -5.82246 9.12714 15
      vertex -7.45649 10.649 15
      vertex -5.89681 9.03025 15
    endloop
  endfacet
  facet normal 0 0 1
    outer loop
      vertex -5.89681 9.03025 15
      vertex -7.45649 10.649 15
      vertex -5.96243 8.92724 15
    endloop
  endfacet
  facet normal 0 0 1
    outer loop
      vertex -5.96243 8.92724 15
      vertex -7.45649 10.649 15
      vertex -6.01883 8.81891 15
    endloop
  endfacet
  facet normal -0 0 1
    outer loop
      vertex -8.35624 9.95858 15
      vertex -6.01883 8.81891 15
      vertex -7.45649 10.649 15
    endloop
  endfacet
  facet normal 0 0 1
    outer loop
      vertex -6.12873 8.47035 15
      vertex -8.35624 9.95858 15
      vertex -6.14467 8.34926 15
    endloop
  endfacet
  facet normal 0 0 1
    outer loop
      vertex -6.1023 8.58959 15
      vertex -8.35624 9.95858 15
      vertex -6.12873 8.47035 15
    endloop
  endfacet
  facet normal 0 0 1
    outer loop
      vertex -6.06557 8.70607 15
      vertex -8.35624 9.95858 15
      vertex -6.1023 8.58959 15
    endloop
  endfacet
  facet normal 0 0 1
    outer loop
      vertex -6.01883 8.81891 15
      vertex -8.35624 9.95858 15
      vertex -6.06557 8.70607 15
    endloop
  endfacet
  facet normal -0.46177 0.887 0
    outer loop
      vertex -5.49404 11.782 0
      vertex -6.5 11.2583 15
      vertex -5.49404 11.782 15
    endloop
  endfacet
  facet normal -0.46177 0.887 0
    outer loop
      vertex -6.5 11.2583 15
      vertex -5.49404 11.782 0
      vertex -6.5 11.2583 0
    endloop
  endfacet
  facet normal 0 0 -1
    outer loop
      vertex -1.16469 4.34667 0
      vertex -1.03923 4.4 0
      vertex -1.02498 4.37764 0
    endloop
  endfacet
  facet normal 0 0 -1
    outer loop
      vertex -1.16469 4.34667 0
      vertex -1.08757 4.49286 0
      vertex -1.03923 4.4 0
    endloop
  endfacet
  facet normal 0 0 -1
    outer loop
      vertex -1.16469 4.34667 0
      vertex -1.12763 4.58958 0
      vertex -1.08757 4.49286 0
    endloop
  endfacet
  facet normal 0 0 -1
    outer loop
      vertex -1.53909 4.22862 0
      vertex -1.12763 4.58958 0
      vertex -1.16469 4.34667 0
    endloop
  endfacet
  facet normal -0 0 -1
    outer loop
      vertex -1.12763 4.58958 0
      vertex -1.53909 4.22862 0
      vertex -1.15911 4.68942 0
    endloop
  endfacet
  facet normal -0 0 -1
    outer loop
      vertex -1.15911 4.68942 0
      vertex -1.53909 4.22862 0
      vertex -1.18177 4.79162 0
    endloop
  endfacet
  facet normal 0 0 -1
    outer loop
      vertex -2.68701 4.38406 0
      vertex -1.2 5 0
      vertex -1.53909 4.22862 0
    endloop
  endfacet
  facet normal -0 0 -1
    outer loop
      vertex -1.19543 4.89541 0
      vertex -1.53909 4.22862 0
      vertex -1.2 5 0
    endloop
  endfacet
  facet normal -0 0 -1
    outer loop
      vertex -1.18177 4.79162 0
      vertex -1.53909 4.22862 0
      vertex -1.19543 4.89541 0
    endloop
  endfacet
  facet normal 0 0 -1
    outer loop
      vertex 1.53909 4.22862 0
      vertex 1.19543 4.89541 0
      vertex 1.2 5 0
    endloop
  endfacet
  facet normal 0 0 -1
    outer loop
      vertex 1.53909 4.22862 0
      vertex 1.18177 4.79162 0
      vertex 1.19543 4.89541 0
    endloop
  endfacet
  facet normal 0 0 -1
    outer loop
      vertex 1.12763 4.58958 0
      vertex 1.53909 4.22862 0
      vertex 1.16469 4.34667 0
    endloop
  endfacet
  facet normal 0 0 -1
    outer loop
      vertex 1.53909 4.22862 0
      vertex 1.15911 4.68942 0
      vertex 1.18177 4.79162 0
    endloop
  endfacet
  facet normal 0 0 -1
    outer loop
      vertex 1.53909 4.22862 0
      vertex 1.12763 4.58958 0
      vertex 1.15911 4.68942 0
    endloop
  endfacet
  facet normal 0 0 -1
    outer loop
      vertex 1.16469 4.34667 0
      vertex 1.08757 4.49286 0
      vertex 1.12763 4.58958 0
    endloop
  endfacet
  facet normal 0 0 -1
    outer loop
      vertex 1.16469 4.34667 0
      vertex 1.03923 4.4 0
      vertex 1.08757 4.49286 0
    endloop
  endfacet
  facet normal 0 -0 -1
    outer loop
      vertex 1.03923 4.4 0
      vertex 1.16469 4.34667 0
      vertex 1.02498 4.37764 0
    endloop
  endfacet
  facet normal 0 0 -1
    outer loop
      vertex 9.95858 -8.35624 0
      vertex 9.32716 -8.23631 0
      vertex 9.33173 -8.13173 0
    endloop
  endfacet
  facet normal 0 0 -1
    outer loop
      vertex 9.95858 -8.35624 0
      vertex 9.3135 -8.34011 0
      vertex 9.32716 -8.23631 0
    endloop
  endfacet
  facet normal -0 0 -1
    outer loop
      vertex 9.95858 -8.35624 0
      vertex 9.29084 -8.44231 0
      vertex 9.3135 -8.34011 0
    endloop
  endfacet
  facet normal 0 0 -1
    outer loop
      vertex 9.95858 -8.35624 0
      vertex 9.25936 -8.54215 0
      vertex 9.29084 -8.44231 0
    endloop
  endfacet
  facet normal 0 0 -1
    outer loop
      vertex 9.95858 -8.35624 0
      vertex 9.2193 -8.63887 0
      vertex 9.25936 -8.54215 0
    endloop
  endfacet
  facet normal 0 0 -1
    outer loop
      vertex 9.19239 -9.19239 0
      vertex 9.2193 -8.63887 0
      vertex 9.95858 -8.35624 0
    endloop
  endfacet
  facet normal 0 0 -1
    outer loop
      vertex 9.19239 -9.19239 0
      vertex 9.17096 -8.73173 0
      vertex 9.2193 -8.63887 0
    endloop
  endfacet
  facet normal 0 0 -1
    outer loop
      vertex 9.19239 -9.19239 0
      vertex 9.11471 -8.82002 0
      vertex 9.17096 -8.73173 0
    endloop
  endfacet
  facet normal 0 0 -1
    outer loop
      vertex 9.19239 -9.19239 0
      vertex 9.05098 -8.90307 0
      vertex 9.11471 -8.82002 0
    endloop
  endfacet
  facet normal 0 0 -1
    outer loop
      vertex 9.19239 -9.19239 0
      vertex 8.98026 -8.98026 0
      vertex 9.05098 -8.90307 0
    endloop
  endfacet
  facet normal 0 0 -1
    outer loop
      vertex 9.19239 -9.19239 0
      vertex 8.90307 -9.05098 0
      vertex 8.98026 -8.98026 0
    endloop
  endfacet
  facet normal 0 0 -1
    outer loop
      vertex 9.19239 -9.19239 0
      vertex 8.82002 -9.11471 0
      vertex 8.90307 -9.05098 0
    endloop
  endfacet
  facet normal 0 0 -1
    outer loop
      vertex 9.19239 -9.19239 0
      vertex 8.73173 -9.17096 0
      vertex 8.82002 -9.11471 0
    endloop
  endfacet
  facet normal -0 0 -1
    outer loop
      vertex 9.19239 -9.19239 0
      vertex 8.63887 -9.2193 0
      vertex 8.73173 -9.17096 0
    endloop
  endfacet
  facet normal 0 0 -1
    outer loop
      vertex 8.35624 -9.95858 0
      vertex 8.63887 -9.2193 0
      vertex 9.19239 -9.19239 0
    endloop
  endfacet
  facet normal 0 0 -1
    outer loop
      vertex 8.63887 -9.2193 0
      vertex 8.35624 -9.95858 0
      vertex 8.54215 -9.25936 0
    endloop
  endfacet
  facet normal 0 0 -1
    outer loop
      vertex 8.54215 -9.25936 0
      vertex 8.35624 -9.95858 0
      vertex 8.44231 -9.29084 0
    endloop
  endfacet
  facet normal 0 0 -1
    outer loop
      vertex 8.35624 -9.95858 0
      vertex 8.34011 -9.3135 0
      vertex 8.44231 -9.29084 0
    endloop
  endfacet
  facet normal 0 0 -1
    outer loop
      vertex 8.35624 -9.95858 0
      vertex 8.23631 -9.32716 0
      vertex 8.34011 -9.3135 0
    endloop
  endfacet
  facet normal 0 0 -1
    outer loop
      vertex 8.35624 -9.95858 0
      vertex 8.13173 -9.33173 0
      vertex 8.23631 -9.32716 0
    endloop
  endfacet
  facet normal 0 0 -1
    outer loop
      vertex 8.35624 -9.95858 0
      vertex 8.02714 -9.32716 0
      vertex 8.13173 -9.33173 0
    endloop
  endfacet
  facet normal 0 0 -1
    outer loop
      vertex 8.35624 -9.95858 0
      vertex 7.92335 -9.3135 0
      vertex 8.02714 -9.32716 0
    endloop
  endfacet
  facet normal 0 0 -1
    outer loop
      vertex 8.35624 -9.95858 0
      vertex 7.82115 -9.29084 0
      vertex 7.92335 -9.3135 0
    endloop
  endfacet
  facet normal 0 0 -1
    outer loop
      vertex 7.45649 -10.649 0
      vertex 7.82115 -9.29084 0
      vertex 8.35624 -9.95858 0
    endloop
  endfacet
  facet normal -0 0 -1
    outer loop
      vertex 7.82115 -9.29084 0
      vertex 7.45649 -10.649 0
      vertex 7.7213 -9.25936 0
    endloop
  endfacet
  facet normal -0 0 -1
    outer loop
      vertex 7.7213 -9.25936 0
      vertex 7.45649 -10.649 0
      vertex 7.62459 -9.2193 0
    endloop
  endfacet
  facet normal -0 0 -1
    outer loop
      vertex 7.62459 -9.2193 0
      vertex 7.45649 -10.649 0
      vertex 7.53173 -9.17096 0
    endloop
  endfacet
  facet normal 0 0 -1
    outer loop
      vertex 7.45649 -10.649 0
      vertex 7.44344 -9.11471 0
      vertex 7.53173 -9.17096 0
    endloop
  endfacet
  facet normal 0 0 -1
    outer loop
      vertex 7.45649 -10.649 0
      vertex 7.36038 -9.05098 0
      vertex 7.44344 -9.11471 0
    endloop
  endfacet
  facet normal 0 0 -1
    outer loop
      vertex 7.45649 -10.649 0
      vertex 7.2832 -8.98026 0
      vertex 7.36038 -9.05098 0
    endloop
  endfacet
  facet normal 0 0 -1
    outer loop
      vertex 6.5 -11.2583 0
      vertex 7.2832 -8.98026 0
      vertex 7.45649 -10.649 0
    endloop
  endfacet
  facet normal 0 0 -1
    outer loop
      vertex 5.49404 -11.782 0
      vertex 7.2832 -8.98026 0
      vertex 6.5 -11.2583 0
    endloop
  endfacet
  facet normal 0 0 -1
    outer loop
      vertex 4.44626 -12.216 0
      vertex 7.2832 -8.98026 0
      vertex 5.49404 -11.782 0
    endloop
  endfacet
  facet normal 0 0 -1
    outer loop
      vertex 1.2 -11.5 0
      vertex 4.44626 -12.216 0
      vertex 3.36465 -12.557 0
    endloop
  endfacet
  facet normal 0 0 -1
    outer loop
      vertex 4.44626 -12.216 0
      vertex 1.2 -11.5 0
      vertex 7.2832 -8.98026 0
    endloop
  endfacet
  facet normal -0 0 -1
    outer loop
      vertex 7.2832 -8.98026 0
      vertex 1.2 -11.5 0
      vertex 2.68701 -4.38406 0
    endloop
  endfacet
  facet normal 0 0 -1
    outer loop
      vertex 1.2 -5 0
      vertex 2.68701 -4.38406 0
      vertex 1.2 -11.5 0
    endloop
  endfacet
  facet normal -0 0 -1
    outer loop
      vertex 2.68701 -4.38406 0
      vertex 1.2 -5 0
      vertex 2.61628 -4.30688 0
    endloop
  endfacet
  facet normal 0 0 -1
    outer loop
      vertex 2.61628 -4.30688 0
      vertex 1.90178 -4.07838 0
      vertex 2.55255 -4.22383 0
    endloop
  endfacet
  facet normal 0 0 -1
    outer loop
      vertex 2.55255 -4.22383 0
      vertex 1.90178 -4.07838 0
      vertex 2.4963 -4.13553 0
    endloop
  endfacet
  facet normal 0 0 -1
    outer loop
      vertex 2.4963 -4.13553 0
      vertex 1.90178 -4.07838 0
      vertex 2.44796 -4.04268 0
    endloop
  endfacet
  facet normal 0 -0 -1
    outer loop
      vertex 2.25 -3.89711 0
      vertex 2.44796 -4.04268 0
      vertex 1.90178 -4.07838 0
    endloop
  endfacet
  facet normal 0 0 -1
    outer loop
      vertex 1.2 -11.5 0
      vertex 3.36465 -12.557 0
      vertex 2.25743 -12.8025 0
    endloop
  endfacet
  facet normal 0 -0 -1
    outer loop
      vertex 1.90178 -4.07838 0
      vertex 2.61628 -4.30688 0
      vertex 1.2 -5 0
    endloop
  endfacet
  facet normal 0 0 -1
    outer loop
      vertex 2.4079 -3.94596 0
      vertex 2.25 -3.89711 0
      vertex 2.37642 -3.84612 0
    endloop
  endfacet
  facet normal 0 0 -1
    outer loop
      vertex 2.44796 -4.04268 0
      vertex 2.25 -3.89711 0
      vertex 2.4079 -3.94596 0
    endloop
  endfacet
  facet normal -0 0 -1
    outer loop
      vertex 2.37642 -3.84612 0
      vertex 2.25 -3.89711 0
      vertex 2.37068 -3.82023 0
    endloop
  endfacet
  facet normal 0 0 -1
    outer loop
      vertex 2.25743 -12.8025 0
      vertex 1.19543 -11.6046 0
      vertex 1.2 -11.5 0
    endloop
  endfacet
  facet normal 0 0 -1
    outer loop
      vertex 2.25743 -12.8025 0
      vertex 1.18177 -11.7084 0
      vertex 1.19543 -11.6046 0
    endloop
  endfacet
  facet normal 0 0 -1
    outer loop
      vertex 2.25743 -12.8025 0
      vertex 1.15911 -11.8106 0
      vertex 1.18177 -11.7084 0
    endloop
  endfacet
  facet normal 0 0 -1
    outer loop
      vertex 1.03923 -12.1 0
      vertex 2.25743 -12.8025 0
      vertex 1.13302 -12.9505 0
    endloop
  endfacet
  facet normal 0 0 -1
    outer loop
      vertex 2.25743 -12.8025 0
      vertex 1.12763 -11.9104 0
      vertex 1.15911 -11.8106 0
    endloop
  endfacet
  facet normal 0 0 -1
    outer loop
      vertex 2.25743 -12.8025 0
      vertex 1.08757 -12.0071 0
      vertex 1.12763 -11.9104 0
    endloop
  endfacet
  facet normal 0 0 -1
    outer loop
      vertex 2.25743 -12.8025 0
      vertex 1.03923 -12.1 0
      vertex 1.08757 -12.0071 0
    endloop
  endfacet
  facet normal 0 0 -1
    outer loop
      vertex 1.13302 -12.9505 0
      vertex 0.982982 -12.1883 0
      vertex 1.03923 -12.1 0
    endloop
  endfacet
  facet normal 0 0 -1
    outer loop
      vertex 1.13302 -12.9505 0
      vertex 0.919252 -12.2713 0
      vertex 0.982982 -12.1883 0
    endloop
  endfacet
  facet normal 0 0 -1
    outer loop
      vertex 1.13302 -12.9505 0
      vertex 0.848528 -12.3485 0
      vertex 0.919252 -12.2713 0
    endloop
  endfacet
  facet normal 0 0 -1
    outer loop
      vertex 1.13302 -12.9505 0
      vertex 0.771344 -12.4193 0
      vertex 0.848528 -12.3485 0
    endloop
  endfacet
  facet normal 0 0 -1
    outer loop
      vertex 1.13302 -12.9505 0
      vertex 0.688292 -12.483 0
      vertex 0.771344 -12.4193 0
    endloop
  endfacet
  facet normal 0 0 -1
    outer loop
      vertex 1.13302 -12.9505 0
      vertex 0.599999 -12.5392 0
      vertex 0.688292 -12.483 0
    endloop
  endfacet
  facet normal 0 0 -1
    outer loop
      vertex 1.13302 -12.9505 0
      vertex 0.507141 -12.5876 0
      vertex 0.599999 -12.5392 0
    endloop
  endfacet
  facet normal 0 0 -1
    outer loop
      vertex 1.13302 -12.9505 0
      vertex 0.410423 -12.6276 0
      vertex 0.507141 -12.5876 0
    endloop
  endfacet
  facet normal 0 0 -1
    outer loop
      vertex 0 -13 0
      vertex 0.410423 -12.6276 0
      vertex 1.13302 -12.9505 0
    endloop
  endfacet
  facet normal 0 0 -1
    outer loop
      vertex 0.410423 -12.6276 0
      vertex 0 -13 0
      vertex 0.310582 -12.6591 0
    endloop
  endfacet
  facet normal 0 0 -1
    outer loop
      vertex 0.310582 -12.6591 0
      vertex 0 -13 0
      vertex 0.208377 -12.6818 0
    endloop
  endfacet
  facet normal 0 0 -1
    outer loop
      vertex 0.208377 -12.6818 0
      vertex 0 -13 0
      vertex 0.104587 -12.6954 0
    endloop
  endfacet
  facet normal 0 0 -1
    outer loop
      vertex 0 -13 0
      vertex 0 -12.7 0
      vertex 0.104587 -12.6954 0
    endloop
  endfacet
  facet normal 0 0 -1
    outer loop
      vertex 0 -13 0
      vertex -0.104587 -12.6954 0
      vertex 0 -12.7 0
    endloop
  endfacet
  facet normal 0 0 -1
    outer loop
      vertex 0 -13 0
      vertex -0.208377 -12.6818 0
      vertex -0.104587 -12.6954 0
    endloop
  endfacet
  facet normal 0 0 -1
    outer loop
      vertex 0 -13 0
      vertex -0.310582 -12.6591 0
      vertex -0.208377 -12.6818 0
    endloop
  endfacet
  facet normal 0 0 -1
    outer loop
      vertex 0 -13 0
      vertex -0.410423 -12.6276 0
      vertex -0.310582 -12.6591 0
    endloop
  endfacet
  facet normal 0 0 -1
    outer loop
      vertex -1.13302 -12.9505 0
      vertex -0.410423 -12.6276 0
      vertex 0 -13 0
    endloop
  endfacet
  facet normal -0 0 -1
    outer loop
      vertex -0.410423 -12.6276 0
      vertex -1.13302 -12.9505 0
      vertex -0.507141 -12.5876 0
    endloop
  endfacet
  facet normal -0 0 -1
    outer loop
      vertex -0.507141 -12.5876 0
      vertex -1.13302 -12.9505 0
      vertex -0.599999 -12.5392 0
    endloop
  endfacet
  facet normal -0 0 -1
    outer loop
      vertex -0.599999 -12.5392 0
      vertex -1.13302 -12.9505 0
      vertex -0.688292 -12.483 0
    endloop
  endfacet
  facet normal 0 0 -1
    outer loop
      vertex -1.13302 -12.9505 0
      vertex -0.771344 -12.4193 0
      vertex -0.688292 -12.483 0
    endloop
  endfacet
  facet normal 0 0 -1
    outer loop
      vertex -1.13302 -12.9505 0
      vertex -0.848528 -12.3485 0
      vertex -0.771344 -12.4193 0
    endloop
  endfacet
  facet normal 0 0 -1
    outer loop
      vertex -1.13302 -12.9505 0
      vertex -0.919252 -12.2713 0
      vertex -0.848528 -12.3485 0
    endloop
  endfacet
  facet normal 0 0 -1
    outer loop
      vertex -1.13302 -12.9505 0
      vertex -0.982982 -12.1883 0
      vertex -0.919252 -12.2713 0
    endloop
  endfacet
  facet normal 0 0 -1
    outer loop
      vertex -1.13302 -12.9505 0
      vertex -1.03923 -12.1 0
      vertex -0.982982 -12.1883 0
    endloop
  endfacet
  facet normal 0 0 -1
    outer loop
      vertex -2.25743 -12.8025 0
      vertex -1.03923 -12.1 0
      vertex -1.13302 -12.9505 0
    endloop
  endfacet
  facet normal -0 0 -1
    outer loop
      vertex -1.03923 -12.1 0
      vertex -2.25743 -12.8025 0
      vertex -1.08757 -12.0071 0
    endloop
  endfacet
  facet normal -0 0 -1
    outer loop
      vertex -1.08757 -12.0071 0
      vertex -2.25743 -12.8025 0
      vertex -1.12763 -11.9104 0
    endloop
  endfacet
  facet normal -0 0 -1
    outer loop
      vertex -1.12763 -11.9104 0
      vertex -2.25743 -12.8025 0
      vertex -1.15911 -11.8106 0
    endloop
  endfacet
  facet normal -0 0 -1
    outer loop
      vertex -1.15911 -11.8106 0
      vertex -2.25743 -12.8025 0
      vertex -1.18177 -11.7084 0
    endloop
  endfacet
  facet normal 0 0 -1
    outer loop
      vertex -2.68701 -4.38406 0
      vertex -1.2 -5 0
      vertex -1.2 -11.5 0
    endloop
  endfacet
  facet normal 0 0 -1
    outer loop
      vertex -2.25743 -12.8025 0
      vertex -1.2 -11.5 0
      vertex -1.19543 -11.6046 0
    endloop
  endfacet
  facet normal -0 0 -1
    outer loop
      vertex -1.18177 -11.7084 0
      vertex -2.25743 -12.8025 0
      vertex -1.19543 -11.6046 0
    endloop
  endfacet
  facet normal 0 0 -1
    outer loop
      vertex -1.2 -11.5 0
      vertex -2.25743 -12.8025 0
      vertex -3.36465 -12.557 0
    endloop
  endfacet
  facet normal -0 0 -1
    outer loop
      vertex -1.53909 -4.22862 0
      vertex -2.68701 -4.38406 0
      vertex -1.90178 -4.07838 0
    endloop
  endfacet
  facet normal 0 0 -1
    outer loop
      vertex -1.2 -5 0
      vertex -2.68701 -4.38406 0
      vertex -1.53909 -4.22862 0
    endloop
  endfacet
  facet normal 0 -0 -1
    outer loop
      vertex -2.55255 -4.22383 0
      vertex -1.90178 -4.07838 0
      vertex -2.61628 -4.30688 0
    endloop
  endfacet
  facet normal 0 0 -1
    outer loop
      vertex -2.25 -3.89711 0
      vertex -2.37642 -3.84612 0
      vertex -2.37068 -3.82023 0
    endloop
  endfacet
  facet normal -0 0 -1
    outer loop
      vertex -2.25 -3.89711 0
      vertex -2.4079 -3.94596 0
      vertex -2.37642 -3.84612 0
    endloop
  endfacet
  facet normal 0 0 -1
    outer loop
      vertex -2.25 -3.89711 0
      vertex -2.44796 -4.04268 0
      vertex -2.4079 -3.94596 0
    endloop
  endfacet
  facet normal 0 0 -1
    outer loop
      vertex -1.90178 -4.07838 0
      vertex -2.44796 -4.04268 0
      vertex -2.25 -3.89711 0
    endloop
  endfacet
  facet normal 0 -0 -1
    outer loop
      vertex -2.44796 -4.04268 0
      vertex -1.90178 -4.07838 0
      vertex -2.4963 -4.13553 0
    endloop
  endfacet
  facet normal 0 -0 -1
    outer loop
      vertex -2.4963 -4.13553 0
      vertex -1.90178 -4.07838 0
      vertex -2.55255 -4.22383 0
    endloop
  endfacet
  facet normal 0 0 -1
    outer loop
      vertex -1.90178 -4.07838 0
      vertex -2.68701 -4.38406 0
      vertex -2.61628 -4.30688 0
    endloop
  endfacet
  facet normal 0 0 -1
    outer loop
      vertex -1.2 -11.5 0
      vertex -3.36465 -12.557 0
      vertex -4.44626 -12.216 0
    endloop
  endfacet
  facet normal -0 0 -1
    outer loop
      vertex -1.2 -11.5 0
      vertex -4.44626 -12.216 0
      vertex -7.2832 -8.98026 0
    endloop
  endfacet
  facet normal 0 0 -1
    outer loop
      vertex -7.2832 -8.98026 0
      vertex -4.44626 -12.216 0
      vertex -5.49404 -11.782 0
    endloop
  endfacet
  facet normal 0 0 -1
    outer loop
      vertex -7.2832 -8.98026 0
      vertex -5.49404 -11.782 0
      vertex -6.5 -11.2583 0
    endloop
  endfacet
  facet normal 0 0 -1
    outer loop
      vertex -1.2 -11.5 0
      vertex -7.2832 -8.98026 0
      vertex -2.68701 -4.38406 0
    endloop
  endfacet
  facet normal 0 0 -1
    outer loop
      vertex -7.45649 -10.649 0
      vertex -7.2832 -8.98026 0
      vertex -6.5 -11.2583 0
    endloop
  endfacet
  facet normal 0 0 -1
    outer loop
      vertex -7.2832 -8.98026 0
      vertex -7.45649 -10.649 0
      vertex -7.36038 -9.05098 0
    endloop
  endfacet
  facet normal 0 0 -1
    outer loop
      vertex -7.36038 -9.05098 0
      vertex -7.45649 -10.649 0
      vertex -7.44344 -9.11471 0
    endloop
  endfacet
  facet normal 0 0 -1
    outer loop
      vertex -7.45649 -10.649 0
      vertex -7.53173 -9.17096 0
      vertex -7.44344 -9.11471 0
    endloop
  endfacet
  facet normal 0 0 -1
    outer loop
      vertex -7.45649 -10.649 0
      vertex -7.62459 -9.2193 0
      vertex -7.53173 -9.17096 0
    endloop
  endfacet
  facet normal 0 0 -1
    outer loop
      vertex -7.45649 -10.649 0
      vertex -7.7213 -9.25936 0
      vertex -7.62459 -9.2193 0
    endloop
  endfacet
  facet normal 0 0 -1
    outer loop
      vertex -7.45649 -10.649 0
      vertex -7.82115 -9.29084 0
      vertex -7.7213 -9.25936 0
    endloop
  endfacet
  facet normal 0 0 -1
    outer loop
      vertex -8.35624 -9.95858 0
      vertex -7.82115 -9.29084 0
      vertex -7.45649 -10.649 0
    endloop
  endfacet
  facet normal 0 0 -1
    outer loop
      vertex -7.82115 -9.29084 0
      vertex -8.35624 -9.95858 0
      vertex -7.92335 -9.3135 0
    endloop
  endfacet
  facet normal 0 0 -1
    outer loop
      vertex -7.92335 -9.3135 0
      vertex -8.35624 -9.95858 0
      vertex -8.02714 -9.32716 0
    endloop
  endfacet
  facet normal 0 0 -1
    outer loop
      vertex -8.02714 -9.32716 0
      vertex -8.35624 -9.95858 0
      vertex -8.13173 -9.33173 0
    endloop
  endfacet
  facet normal -0 0 -1
    outer loop
      vertex -8.13173 -9.33173 0
      vertex -8.35624 -9.95858 0
      vertex -8.23631 -9.32716 0
    endloop
  endfacet
  facet normal -0 0 -1
    outer loop
      vertex -8.23631 -9.32716 0
      vertex -8.35624 -9.95858 0
      vertex -8.34011 -9.3135 0
    endloop
  endfacet
  facet normal 0 0 -1
    outer loop
      vertex -8.35624 -9.95858 0
      vertex -8.44231 -9.29084 0
      vertex -8.34011 -9.3135 0
    endloop
  endfacet
  facet normal 0 0 -1
    outer loop
      vertex -8.35624 -9.95858 0
      vertex -8.54215 -9.25936 0
      vertex -8.44231 -9.29084 0
    endloop
  endfacet
  facet normal 0 0 -1
    outer loop
      vertex -8.35624 -9.95858 0
      vertex -8.63887 -9.2193 0
      vertex -8.54215 -9.25936 0
    endloop
  endfacet
  facet normal 0 0 -1
    outer loop
      vertex -9.19239 -9.19239 0
      vertex -8.63887 -9.2193 0
      vertex -8.35624 -9.95858 0
    endloop
  endfacet
  facet normal 0 0 -1
    outer loop
      vertex -8.63887 -9.2193 0
      vertex -9.19239 -9.19239 0
      vertex -8.73173 -9.17096 0
    endloop
  endfacet
  facet normal -0 0 -1
    outer loop
      vertex -8.73173 -9.17096 0
      vertex -9.19239 -9.19239 0
      vertex -8.82002 -9.11471 0
    endloop
  endfacet
  facet normal -0 0 -1
    outer loop
      vertex -8.82002 -9.11471 0
      vertex -9.19239 -9.19239 0
      vertex -8.90307 -9.05098 0
    endloop
  endfacet
  facet normal -0 0 -1
    outer loop
      vertex -8.90307 -9.05098 0
      vertex -9.19239 -9.19239 0
      vertex -8.98026 -8.98026 0
    endloop
  endfacet
  facet normal -0 0 -1
    outer loop
      vertex -8.98026 -8.98026 0
      vertex -9.19239 -9.19239 0
      vertex -9.05098 -8.90307 0
    endloop
  endfacet
  facet normal -0 0 -1
    outer loop
      vertex -9.05098 -8.90307 0
      vertex -9.19239 -9.19239 0
      vertex -9.11471 -8.82002 0
    endloop
  endfacet
  facet normal 0 0 -1
    outer loop
      vertex -9.19239 -9.19239 0
      vertex -9.17096 -8.73173 0
      vertex -9.11471 -8.82002 0
    endloop
  endfacet
  facet normal 0 0 -1
    outer loop
      vertex -9.19239 -9.19239 0
      vertex -9.2193 -8.63887 0
      vertex -9.17096 -8.73173 0
    endloop
  endfacet
  facet normal 0 0 -1
    outer loop
      vertex -9.95858 -8.35624 0
      vertex -9.2193 -8.63887 0
      vertex -9.19239 -9.19239 0
    endloop
  endfacet
  facet normal 0 0 -1
    outer loop
      vertex -9.2193 -8.63887 0
      vertex -9.95858 -8.35624 0
      vertex -9.25936 -8.54215 0
    endloop
  endfacet
  facet normal 0 0 -1
    outer loop
      vertex -9.25936 -8.54215 0
      vertex -9.95858 -8.35624 0
      vertex -9.29084 -8.44231 0
    endloop
  endfacet
  facet normal -0 0 -1
    outer loop
      vertex -9.32716 -8.23631 0
      vertex -9.95858 -8.35624 0
      vertex -9.33173 -8.13173 0
    endloop
  endfacet
  facet normal -0 0 -1
    outer loop
      vertex -9.3135 -8.34011 0
      vertex -9.95858 -8.35624 0
      vertex -9.32716 -8.23631 0
    endloop
  endfacet
  facet normal 0 0 -1
    outer loop
      vertex -9.29084 -8.44231 0
      vertex -9.95858 -8.35624 0
      vertex -9.3135 -8.34011 0
    endloop
  endfacet
  facet normal 0 0 -1
    outer loop
      vertex 12.6276 -0.410423 0
      vertex 13 0 0
      vertex 12.9505 -1.13302 0
    endloop
  endfacet
  facet normal 0 0 -1
    outer loop
      vertex 12.1 -1.03923 0
      vertex 12.9505 -1.13302 0
      vertex 12.8025 -2.25743 0
    endloop
  endfacet
  facet normal -0 0 -1
    outer loop
      vertex 13 0 0
      vertex 12.6954 -0.104587 0
      vertex 12.7 0 0
    endloop
  endfacet
  facet normal 0 0 -1
    outer loop
      vertex 12.6818 0.208377 0
      vertex 13 0 0
      vertex 12.6954 0.104587 0
    endloop
  endfacet
  facet normal 0 0 -1
    outer loop
      vertex 12.6954 0.104587 0
      vertex 13 0 0
      vertex 12.7 0 0
    endloop
  endfacet
  facet normal 0 0 -1
    outer loop
      vertex 13 0 0
      vertex 12.6818 -0.208377 0
      vertex 12.6954 -0.104587 0
    endloop
  endfacet
  facet normal 0 0 -1
    outer loop
      vertex 13 0 0
      vertex 12.6591 -0.310582 0
      vertex 12.6818 -0.208377 0
    endloop
  endfacet
  facet normal 0 0 -1
    outer loop
      vertex 13 0 0
      vertex 12.6276 -0.410423 0
      vertex 12.6591 -0.310582 0
    endloop
  endfacet
  facet normal 0 0 -1
    outer loop
      vertex 12.9505 -1.13302 0
      vertex 12.5876 -0.507141 0
      vertex 12.6276 -0.410423 0
    endloop
  endfacet
  facet normal 0 0 -1
    outer loop
      vertex 11.5 -1.2 0
      vertex 12.8025 -2.25743 0
      vertex 12.557 -3.36465 0
    endloop
  endfacet
  facet normal 0 0 -1
    outer loop
      vertex 12.9505 -1.13302 0
      vertex 12.5392 -0.599999 0
      vertex 12.5876 -0.507141 0
    endloop
  endfacet
  facet normal 0 0 -1
    outer loop
      vertex 12.9505 -1.13302 0
      vertex 12.483 -0.688292 0
      vertex 12.5392 -0.599999 0
    endloop
  endfacet
  facet normal 0 0 -1
    outer loop
      vertex 12.9505 -1.13302 0
      vertex 12.4193 -0.771344 0
      vertex 12.483 -0.688292 0
    endloop
  endfacet
  facet normal 0 0 -1
    outer loop
      vertex 12.9505 -1.13302 0
      vertex 12.3485 -0.848528 0
      vertex 12.4193 -0.771344 0
    endloop
  endfacet
  facet normal 0 0 -1
    outer loop
      vertex 12.9505 -1.13302 0
      vertex 12.2713 -0.919252 0
      vertex 12.3485 -0.848528 0
    endloop
  endfacet
  facet normal 0 0 -1
    outer loop
      vertex 11.5 -1.2 0
      vertex 12.557 -3.36465 0
      vertex 12.216 -4.44626 0
    endloop
  endfacet
  facet normal 0 0 -1
    outer loop
      vertex 12.9505 -1.13302 0
      vertex 12.1883 -0.982982 0
      vertex 12.2713 -0.919252 0
    endloop
  endfacet
  facet normal 0 0 -1
    outer loop
      vertex 12.9505 -1.13302 0
      vertex 12.1 -1.03923 0
      vertex 12.1883 -0.982982 0
    endloop
  endfacet
  facet normal 0 0 -1
    outer loop
      vertex 12.8025 -2.25743 0
      vertex 12.0071 -1.08757 0
      vertex 12.1 -1.03923 0
    endloop
  endfacet
  facet normal 0 0 -1
    outer loop
      vertex 12.8025 -2.25743 0
      vertex 11.9104 -1.12763 0
      vertex 12.0071 -1.08757 0
    endloop
  endfacet
  facet normal 0 0 -1
    outer loop
      vertex 12.8025 -2.25743 0
      vertex 11.8106 -1.15911 0
      vertex 11.9104 -1.12763 0
    endloop
  endfacet
  facet normal 0 0 -1
    outer loop
      vertex 11.5 -1.2 0
      vertex 12.216 -4.44626 0
      vertex 11.782 -5.49404 0
    endloop
  endfacet
  facet normal 0 0 -1
    outer loop
      vertex 12.8025 -2.25743 0
      vertex 11.7084 -1.18177 0
      vertex 11.8106 -1.15911 0
    endloop
  endfacet
  facet normal 0 0 -1
    outer loop
      vertex 12.8025 -2.25743 0
      vertex 11.6046 -1.19543 0
      vertex 11.7084 -1.18177 0
    endloop
  endfacet
  facet normal 0 0 -1
    outer loop
      vertex 12.8025 -2.25743 0
      vertex 11.5 -1.2 0
      vertex 11.6046 -1.19543 0
    endloop
  endfacet
  facet normal 0 0 -1
    outer loop
      vertex 8.98026 -7.2832 0
      vertex 11.782 -5.49404 0
      vertex 11.2583 -6.5 0
    endloop
  endfacet
  facet normal 0 0 -1
    outer loop
      vertex 8.98026 -7.2832 0
      vertex 11.2583 -6.5 0
      vertex 10.649 -7.45649 0
    endloop
  endfacet
  facet normal 0 0 -1
    outer loop
      vertex 9.29084 -7.82115 0
      vertex 10.649 -7.45649 0
      vertex 9.95858 -8.35624 0
    endloop
  endfacet
  facet normal 0 0 -1
    outer loop
      vertex 9.32716 -8.02714 0
      vertex 9.95858 -8.35624 0
      vertex 9.33173 -8.13173 0
    endloop
  endfacet
  facet normal 0 0 -1
    outer loop
      vertex 9.3135 -7.92335 0
      vertex 9.95858 -8.35624 0
      vertex 9.32716 -8.02714 0
    endloop
  endfacet
  facet normal 0 0 -1
    outer loop
      vertex 9.29084 -7.82115 0
      vertex 9.95858 -8.35624 0
      vertex 9.3135 -7.92335 0
    endloop
  endfacet
  facet normal 0 0 -1
    outer loop
      vertex 10.649 -7.45649 0
      vertex 9.29084 -7.82115 0
      vertex 9.25936 -7.7213 0
    endloop
  endfacet
  facet normal 0 0 -1
    outer loop
      vertex 10.649 -7.45649 0
      vertex 9.25936 -7.7213 0
      vertex 9.2193 -7.62459 0
    endloop
  endfacet
  facet normal 0 0 -1
    outer loop
      vertex 10.649 -7.45649 0
      vertex 9.2193 -7.62459 0
      vertex 9.17096 -7.53173 0
    endloop
  endfacet
  facet normal -0 0 -1
    outer loop
      vertex 10.649 -7.45649 0
      vertex 9.17096 -7.53173 0
      vertex 9.11471 -7.44344 0
    endloop
  endfacet
  facet normal 0 0 -1
    outer loop
      vertex 9.05098 -7.36038 0
      vertex 10.649 -7.45649 0
      vertex 9.11471 -7.44344 0
    endloop
  endfacet
  facet normal 0 0 -1
    outer loop
      vertex 8.98026 -7.2832 0
      vertex 10.649 -7.45649 0
      vertex 9.05098 -7.36038 0
    endloop
  endfacet
  facet normal -0 0 -1
    outer loop
      vertex 11.782 -5.49404 0
      vertex 8.98026 -7.2832 0
      vertex 11.5 -1.2 0
    endloop
  endfacet
  facet normal 0 0 -1
    outer loop
      vertex 8.98026 -7.2832 0
      vertex 5 -1.2 0
      vertex 11.5 -1.2 0
    endloop
  endfacet
  facet normal 0 0 -1
    outer loop
      vertex 4.38406 -2.68701 0
      vertex 5 -1.2 0
      vertex 8.98026 -7.2832 0
    endloop
  endfacet
  facet normal -0 0 -1
    outer loop
      vertex 5 -1.2 0
      vertex 4.38406 -2.68701 0
      vertex 4.89541 -1.19543 0
    endloop
  endfacet
  facet normal 0 0 -1
    outer loop
      vertex 4.22862 -1.53909 0
      vertex 4.89541 -1.19543 0
      vertex 4.38406 -2.68701 0
    endloop
  endfacet
  facet normal -0 0 -1
    outer loop
      vertex 4.89541 -1.19543 0
      vertex 4.22862 -1.53909 0
      vertex 4.79162 -1.18177 0
    endloop
  endfacet
  facet normal -0 0 -1
    outer loop
      vertex 4.79162 -1.18177 0
      vertex 4.22862 -1.53909 0
      vertex 4.68942 -1.15911 0
    endloop
  endfacet
  facet normal -0 0 -1
    outer loop
      vertex 4.68942 -1.15911 0
      vertex 4.22862 -1.53909 0
      vertex 4.58958 -1.12763 0
    endloop
  endfacet
  facet normal 0 -0 -1
    outer loop
      vertex 4.34667 -1.16469 0
      vertex 4.58958 -1.12763 0
      vertex 4.22862 -1.53909 0
    endloop
  endfacet
  facet normal -0 0 -1
    outer loop
      vertex 4.49286 -1.08757 0
      vertex 4.34667 -1.16469 0
      vertex 4.4 -1.03923 0
    endloop
  endfacet
  facet normal -0 0 -1
    outer loop
      vertex 4.4 -1.03923 0
      vertex 4.34667 -1.16469 0
      vertex 4.37764 -1.02498 0
    endloop
  endfacet
  facet normal 0 0 -1
    outer loop
      vertex 4.22862 -1.53909 0
      vertex 4.38406 -2.68701 0
      vertex 4.30688 -2.61628 0
    endloop
  endfacet
  facet normal -0 0 -1
    outer loop
      vertex 4.58958 -1.12763 0
      vertex 4.34667 -1.16469 0
      vertex 4.49286 -1.08757 0
    endloop
  endfacet
  facet normal 0 0 -1
    outer loop
      vertex 4.07838 -1.90178 0
      vertex 4.30688 -2.61628 0
      vertex 4.22383 -2.55255 0
    endloop
  endfacet
  facet normal 0 0 -1
    outer loop
      vertex 4.07838 -1.90178 0
      vertex 4.22383 -2.55255 0
      vertex 4.13553 -2.4963 0
    endloop
  endfacet
  facet normal 0 0 -1
    outer loop
      vertex 4.30688 -2.61628 0
      vertex 4.07838 -1.90178 0
      vertex 4.22862 -1.53909 0
    endloop
  endfacet
  facet normal 0 0 -1
    outer loop
      vertex 4.04268 -2.44796 0
      vertex 4.07838 -1.90178 0
      vertex 4.13553 -2.4963 0
    endloop
  endfacet
  facet normal 0 0 -1
    outer loop
      vertex 3.89711 -2.25 0
      vertex 4.04268 -2.44796 0
      vertex 3.94596 -2.4079 0
    endloop
  endfacet
  facet normal 0 0 -1
    outer loop
      vertex 4.04268 -2.44796 0
      vertex 3.89711 -2.25 0
      vertex 4.07838 -1.90178 0
    endloop
  endfacet
  facet normal 0 0 -1
    outer loop
      vertex 3.84612 -2.37642 0
      vertex 3.89711 -2.25 0
      vertex 3.94596 -2.4079 0
    endloop
  endfacet
  facet normal 0 0 -1
    outer loop
      vertex 3.89711 -2.25 0
      vertex 3.84612 -2.37642 0
      vertex 3.82023 -2.37068 0
    endloop
  endfacet
  facet normal 0 0 -1
    outer loop
      vertex 12.6591 0.310582 0
      vertex 13 0 0
      vertex 12.6818 0.208377 0
    endloop
  endfacet
  facet normal 0 0 -1
    outer loop
      vertex 12.6276 0.410423 0
      vertex 13 0 0
      vertex 12.6591 0.310582 0
    endloop
  endfacet
  facet normal 0 0 -1
    outer loop
      vertex 13 0 0
      vertex 12.6276 0.410423 0
      vertex 12.9505 1.13302 0
    endloop
  endfacet
  facet normal 0 0 -1
    outer loop
      vertex 12.5876 0.507141 0
      vertex 12.9505 1.13302 0
      vertex 12.6276 0.410423 0
    endloop
  endfacet
  facet normal 0 0 -1
    outer loop
      vertex 12.5392 0.599999 0
      vertex 12.9505 1.13302 0
      vertex 12.5876 0.507141 0
    endloop
  endfacet
  facet normal 0 0 -1
    outer loop
      vertex 12.483 0.688292 0
      vertex 12.9505 1.13302 0
      vertex 12.5392 0.599999 0
    endloop
  endfacet
  facet normal 0 0 -1
    outer loop
      vertex 12.4193 0.771344 0
      vertex 12.9505 1.13302 0
      vertex 12.483 0.688292 0
    endloop
  endfacet
  facet normal 0 0 -1
    outer loop
      vertex 12.3485 0.848528 0
      vertex 12.9505 1.13302 0
      vertex 12.4193 0.771344 0
    endloop
  endfacet
  facet normal 0 0 -1
    outer loop
      vertex 12.2713 0.919252 0
      vertex 12.9505 1.13302 0
      vertex 12.3485 0.848528 0
    endloop
  endfacet
  facet normal 0 0 -1
    outer loop
      vertex 12.1883 0.982982 0
      vertex 12.9505 1.13302 0
      vertex 12.2713 0.919252 0
    endloop
  endfacet
  facet normal 0 0 -1
    outer loop
      vertex 12.1 1.03923 0
      vertex 12.9505 1.13302 0
      vertex 12.1883 0.982982 0
    endloop
  endfacet
  facet normal -0 0 -1
    outer loop
      vertex 12.9505 1.13302 0
      vertex 12.1 1.03923 0
      vertex 12.8025 2.25743 0
    endloop
  endfacet
  facet normal 0 0 -1
    outer loop
      vertex 12.0071 1.08757 0
      vertex 12.8025 2.25743 0
      vertex 12.1 1.03923 0
    endloop
  endfacet
  facet normal 0 0 -1
    outer loop
      vertex 11.9104 1.12763 0
      vertex 12.8025 2.25743 0
      vertex 12.0071 1.08757 0
    endloop
  endfacet
  facet normal 0 0 -1
    outer loop
      vertex 11.8106 1.15911 0
      vertex 12.8025 2.25743 0
      vertex 11.9104 1.12763 0
    endloop
  endfacet
  facet normal 0 0 -1
    outer loop
      vertex 11.7084 1.18177 0
      vertex 12.8025 2.25743 0
      vertex 11.8106 1.15911 0
    endloop
  endfacet
  facet normal 0 0 -1
    outer loop
      vertex 11.6046 1.19543 0
      vertex 12.8025 2.25743 0
      vertex 11.7084 1.18177 0
    endloop
  endfacet
  facet normal 0 0 -1
    outer loop
      vertex 11.5 1.2 0
      vertex 12.8025 2.25743 0
      vertex 11.6046 1.19543 0
    endloop
  endfacet
  facet normal -0 0 -1
    outer loop
      vertex 12.8025 2.25743 0
      vertex 11.5 1.2 0
      vertex 12.557 3.36465 0
    endloop
  endfacet
  facet normal -0 0 -1
    outer loop
      vertex 12.557 3.36465 0
      vertex 11.5 1.2 0
      vertex 12.216 4.44626 0
    endloop
  endfacet
  facet normal -0 0 -1
    outer loop
      vertex 12.216 4.44626 0
      vertex 11.5 1.2 0
      vertex 11.782 5.49404 0
    endloop
  endfacet
  facet normal 0 0 -1
    outer loop
      vertex 8.98026 7.2832 0
      vertex 11.782 5.49404 0
      vertex 11.5 1.2 0
    endloop
  endfacet
  facet normal 0 0 -1
    outer loop
      vertex 11.782 5.49404 0
      vertex 8.98026 7.2832 0
      vertex 11.2583 6.5 0
    endloop
  endfacet
  facet normal 0 0 -1
    outer loop
      vertex 11.2583 6.5 0
      vertex 8.98026 7.2832 0
      vertex 10.649 7.45649 0
    endloop
  endfacet
  facet normal 0 -0 -1
    outer loop
      vertex 9.17096 7.53173 0
      vertex 10.649 7.45649 0
      vertex 9.11471 7.44344 0
    endloop
  endfacet
  facet normal 0 0 -1
    outer loop
      vertex 9.95858 8.35624 0
      vertex 9.32716 8.02714 0
      vertex 9.33173 8.13173 0
    endloop
  endfacet
  facet normal 0 0 -1
    outer loop
      vertex 9.95858 8.35624 0
      vertex 9.3135 7.92335 0
      vertex 9.32716 8.02714 0
    endloop
  endfacet
  facet normal 0 0 -1
    outer loop
      vertex 9.95858 8.35624 0
      vertex 9.29084 7.82115 0
      vertex 9.3135 7.92335 0
    endloop
  endfacet
  facet normal 0 0 -1
    outer loop
      vertex 10.649 7.45649 0
      vertex 9.29084 7.82115 0
      vertex 9.95858 8.35624 0
    endloop
  endfacet
  facet normal 0 -0 -1
    outer loop
      vertex 9.29084 7.82115 0
      vertex 10.649 7.45649 0
      vertex 9.25936 7.7213 0
    endloop
  endfacet
  facet normal 0 -0 -1
    outer loop
      vertex 9.25936 7.7213 0
      vertex 10.649 7.45649 0
      vertex 9.2193 7.62459 0
    endloop
  endfacet
  facet normal 0 -0 -1
    outer loop
      vertex 9.2193 7.62459 0
      vertex 10.649 7.45649 0
      vertex 9.17096 7.53173 0
    endloop
  endfacet
  facet normal 0 0 -1
    outer loop
      vertex 10.649 7.45649 0
      vertex 9.05098 7.36038 0
      vertex 9.11471 7.44344 0
    endloop
  endfacet
  facet normal 0 0 -1
    outer loop
      vertex 10.649 7.45649 0
      vertex 8.98026 7.2832 0
      vertex 9.05098 7.36038 0
    endloop
  endfacet
  facet normal 0 0 -1
    outer loop
      vertex 5 1.2 0
      vertex 8.98026 7.2832 0
      vertex 11.5 1.2 0
    endloop
  endfacet
  facet normal 0 0 -1
    outer loop
      vertex 4.38406 2.68701 0
      vertex 5 1.2 0
      vertex 4.89541 1.19543 0
    endloop
  endfacet
  facet normal 0 0 -1
    outer loop
      vertex 4.22862 1.53909 0
      vertex 4.89541 1.19543 0
      vertex 4.79162 1.18177 0
    endloop
  endfacet
  facet normal 0 0 -1
    outer loop
      vertex 4.22862 1.53909 0
      vertex 4.79162 1.18177 0
      vertex 4.68942 1.15911 0
    endloop
  endfacet
  facet normal 0 0 -1
    outer loop
      vertex 4.22862 1.53909 0
      vertex 4.68942 1.15911 0
      vertex 4.58958 1.12763 0
    endloop
  endfacet
  facet normal 0 0 -1
    outer loop
      vertex 4.34667 1.16469 0
      vertex 4.58958 1.12763 0
      vertex 4.49286 1.08757 0
    endloop
  endfacet
  facet normal 0 0 -1
    outer loop
      vertex 4.34667 1.16469 0
      vertex 4.49286 1.08757 0
      vertex 4.4 1.03923 0
    endloop
  endfacet
  facet normal 0 0 -1
    outer loop
      vertex 5 1.2 0
      vertex 4.38406 2.68701 0
      vertex 8.98026 7.2832 0
    endloop
  endfacet
  facet normal 0 0 -1
    outer loop
      vertex 4.34667 1.16469 0
      vertex 4.4 1.03923 0
      vertex 4.37764 1.02498 0
    endloop
  endfacet
  facet normal 0 0 -1
    outer loop
      vertex 4.58958 1.12763 0
      vertex 4.34667 1.16469 0
      vertex 4.22862 1.53909 0
    endloop
  endfacet
  facet normal 0 0 -1
    outer loop
      vertex 4.89541 1.19543 0
      vertex 4.22862 1.53909 0
      vertex 4.38406 2.68701 0
    endloop
  endfacet
  facet normal 0 0 -1
    outer loop
      vertex 4.38406 2.68701 0
      vertex 4.22862 1.53909 0
      vertex 4.30688 2.61628 0
    endloop
  endfacet
  facet normal 0 0 -1
    outer loop
      vertex 4.07838 1.90178 0
      vertex 4.30688 2.61628 0
      vertex 4.22862 1.53909 0
    endloop
  endfacet
  facet normal 0 0 -1
    outer loop
      vertex 4.30688 2.61628 0
      vertex 4.07838 1.90178 0
      vertex 4.22383 2.55255 0
    endloop
  endfacet
  facet normal 0 0 -1
    outer loop
      vertex 4.22383 2.55255 0
      vertex 4.07838 1.90178 0
      vertex 4.13553 2.4963 0
    endloop
  endfacet
  facet normal 0 0 -1
    outer loop
      vertex 4.07838 1.90178 0
      vertex 4.04268 2.44796 0
      vertex 4.13553 2.4963 0
    endloop
  endfacet
  facet normal 0 0 -1
    outer loop
      vertex 3.89711 2.25 0
      vertex 4.04268 2.44796 0
      vertex 4.07838 1.90178 0
    endloop
  endfacet
  facet normal 0 0 -1
    outer loop
      vertex 4.04268 2.44796 0
      vertex 3.89711 2.25 0
      vertex 3.94596 2.4079 0
    endloop
  endfacet
  facet normal 0 0 -1
    outer loop
      vertex 3.89711 2.25 0
      vertex 3.84612 2.37642 0
      vertex 3.94596 2.4079 0
    endloop
  endfacet
  facet normal 0 -0 -1
    outer loop
      vertex 3.84612 2.37642 0
      vertex 3.89711 2.25 0
      vertex 3.82023 2.37068 0
    endloop
  endfacet
  facet normal 0 0 -1
    outer loop
      vertex 9.32716 8.23631 0
      vertex 9.95858 8.35624 0
      vertex 9.33173 8.13173 0
    endloop
  endfacet
  facet normal 0 0 -1
    outer loop
      vertex 9.3135 8.34011 0
      vertex 9.95858 8.35624 0
      vertex 9.32716 8.23631 0
    endloop
  endfacet
  facet normal 0 0 -1
    outer loop
      vertex 9.29084 8.44231 0
      vertex 9.95858 8.35624 0
      vertex 9.3135 8.34011 0
    endloop
  endfacet
  facet normal 0 0 -1
    outer loop
      vertex 9.25936 8.54215 0
      vertex 9.95858 8.35624 0
      vertex 9.29084 8.44231 0
    endloop
  endfacet
  facet normal 0 0 -1
    outer loop
      vertex 9.2193 8.63887 0
      vertex 9.95858 8.35624 0
      vertex 9.25936 8.54215 0
    endloop
  endfacet
  facet normal 0 0 -1
    outer loop
      vertex 9.2193 8.63887 0
      vertex 9.19239 9.19239 0
      vertex 9.95858 8.35624 0
    endloop
  endfacet
  facet normal 0 0 -1
    outer loop
      vertex 9.17096 8.73173 0
      vertex 9.19239 9.19239 0
      vertex 9.2193 8.63887 0
    endloop
  endfacet
  facet normal 0 0 -1
    outer loop
      vertex 9.11471 8.82002 0
      vertex 9.19239 9.19239 0
      vertex 9.17096 8.73173 0
    endloop
  endfacet
  facet normal 0 0 -1
    outer loop
      vertex 9.05098 8.90307 0
      vertex 9.19239 9.19239 0
      vertex 9.11471 8.82002 0
    endloop
  endfacet
  facet normal 0 0 -1
    outer loop
      vertex 8.98026 8.98026 0
      vertex 9.19239 9.19239 0
      vertex 9.05098 8.90307 0
    endloop
  endfacet
  facet normal 0 0 -1
    outer loop
      vertex 8.90307 9.05098 0
      vertex 9.19239 9.19239 0
      vertex 8.98026 8.98026 0
    endloop
  endfacet
  facet normal 0 0 -1
    outer loop
      vertex 8.82002 9.11471 0
      vertex 9.19239 9.19239 0
      vertex 8.90307 9.05098 0
    endloop
  endfacet
  facet normal 0 0 -1
    outer loop
      vertex 8.73173 9.17096 0
      vertex 9.19239 9.19239 0
      vertex 8.82002 9.11471 0
    endloop
  endfacet
  facet normal 0 0 -1
    outer loop
      vertex 8.63887 9.2193 0
      vertex 9.19239 9.19239 0
      vertex 8.73173 9.17096 0
    endloop
  endfacet
  facet normal 0 0 -1
    outer loop
      vertex 8.35624 9.95858 0
      vertex 8.63887 9.2193 0
      vertex 8.54215 9.25936 0
    endloop
  endfacet
  facet normal 0 0 -1
    outer loop
      vertex 8.35624 9.95858 0
      vertex 8.54215 9.25936 0
      vertex 8.44231 9.29084 0
    endloop
  endfacet
  facet normal 0 0 -1
    outer loop
      vertex 8.63887 9.2193 0
      vertex 8.35624 9.95858 0
      vertex 9.19239 9.19239 0
    endloop
  endfacet
  facet normal 0 0 -1
    outer loop
      vertex 8.34011 9.3135 0
      vertex 8.35624 9.95858 0
      vertex 8.44231 9.29084 0
    endloop
  endfacet
  facet normal 0 0 -1
    outer loop
      vertex 8.23631 9.32716 0
      vertex 8.35624 9.95858 0
      vertex 8.34011 9.3135 0
    endloop
  endfacet
  facet normal 0 0 -1
    outer loop
      vertex 8.13173 9.33173 0
      vertex 8.35624 9.95858 0
      vertex 8.23631 9.32716 0
    endloop
  endfacet
  facet normal 0 0 -1
    outer loop
      vertex 8.02714 9.32716 0
      vertex 8.35624 9.95858 0
      vertex 8.13173 9.33173 0
    endloop
  endfacet
  facet normal 0 0 -1
    outer loop
      vertex 7.92335 9.3135 0
      vertex 8.35624 9.95858 0
      vertex 8.02714 9.32716 0
    endloop
  endfacet
  facet normal 0 0 -1
    outer loop
      vertex 7.82115 9.29084 0
      vertex 8.35624 9.95858 0
      vertex 7.92335 9.3135 0
    endloop
  endfacet
  facet normal 0 0 -1
    outer loop
      vertex 7.45649 10.649 0
      vertex 7.82115 9.29084 0
      vertex 7.7213 9.25936 0
    endloop
  endfacet
  facet normal 0 0 -1
    outer loop
      vertex 7.45649 10.649 0
      vertex 7.7213 9.25936 0
      vertex 7.62459 9.2193 0
    endloop
  endfacet
  facet normal 0 0 -1
    outer loop
      vertex 7.45649 10.649 0
      vertex 7.62459 9.2193 0
      vertex 7.53173 9.17096 0
    endloop
  endfacet
  facet normal 0 0 -1
    outer loop
      vertex 7.82115 9.29084 0
      vertex 7.45649 10.649 0
      vertex 8.35624 9.95858 0
    endloop
  endfacet
  facet normal 0 0 -1
    outer loop
      vertex 7.44344 9.11471 0
      vertex 7.45649 10.649 0
      vertex 7.53173 9.17096 0
    endloop
  endfacet
  facet normal 0 0 -1
    outer loop
      vertex 7.36038 9.05098 0
      vertex 7.45649 10.649 0
      vertex 7.44344 9.11471 0
    endloop
  endfacet
  facet normal 0 0 -1
    outer loop
      vertex 7.2832 8.98026 0
      vertex 7.45649 10.649 0
      vertex 7.36038 9.05098 0
    endloop
  endfacet
  facet normal 0 0 -1
    outer loop
      vertex 7.2832 8.98026 0
      vertex 6.5 11.2583 0
      vertex 7.45649 10.649 0
    endloop
  endfacet
  facet normal 0 0 -1
    outer loop
      vertex 7.2832 8.98026 0
      vertex 5.49404 11.782 0
      vertex 6.5 11.2583 0
    endloop
  endfacet
  facet normal 0 0 -1
    outer loop
      vertex 7.2832 8.98026 0
      vertex 4.44626 12.216 0
      vertex 5.49404 11.782 0
    endloop
  endfacet
  facet normal 0 0 -1
    outer loop
      vertex 1.2 11.5 0
      vertex 4.44626 12.216 0
      vertex 7.2832 8.98026 0
    endloop
  endfacet
  facet normal 0 0 -1
    outer loop
      vertex 1.2 11.5 0
      vertex 7.2832 8.98026 0
      vertex 2.68701 4.38406 0
    endloop
  endfacet
  facet normal 0 0 -1
    outer loop
      vertex 1.2 5 0
      vertex 2.68701 4.38406 0
      vertex 2.61628 4.30688 0
    endloop
  endfacet
  facet normal 0 0 -1
    outer loop
      vertex 1.90178 4.07838 0
      vertex 2.61628 4.30688 0
      vertex 2.55255 4.22383 0
    endloop
  endfacet
  facet normal 0 0 -1
    outer loop
      vertex 1.90178 4.07838 0
      vertex 2.55255 4.22383 0
      vertex 2.4963 4.13553 0
    endloop
  endfacet
  facet normal 0 0 -1
    outer loop
      vertex 1.90178 4.07838 0
      vertex 2.4963 4.13553 0
      vertex 2.44796 4.04268 0
    endloop
  endfacet
  facet normal 0 0 -1
    outer loop
      vertex 2.25 3.89711 0
      vertex 2.44796 4.04268 0
      vertex 2.4079 3.94596 0
    endloop
  endfacet
  facet normal 0 0 -1
    outer loop
      vertex 2.25 3.89711 0
      vertex 2.4079 3.94596 0
      vertex 2.37642 3.84612 0
    endloop
  endfacet
  facet normal 0 0 -1
    outer loop
      vertex 2.25 3.89711 0
      vertex 2.37642 3.84612 0
      vertex 2.37068 3.82023 0
    endloop
  endfacet
  facet normal 0 0 -1
    outer loop
      vertex 2.68701 4.38406 0
      vertex 1.2 5 0
      vertex 1.2 11.5 0
    endloop
  endfacet
  facet normal -0 0 -1
    outer loop
      vertex 2.44796 4.04268 0
      vertex 2.25 3.89711 0
      vertex 1.90178 4.07838 0
    endloop
  endfacet
  facet normal -0 0 -1
    outer loop
      vertex 2.61628 4.30688 0
      vertex 1.90178 4.07838 0
      vertex 1.2 5 0
    endloop
  endfacet
  facet normal 0 0 -1
    outer loop
      vertex 1.2 5 0
      vertex 1.90178 4.07838 0
      vertex 1.53909 4.22862 0
    endloop
  endfacet
  facet normal -0 0 -1
    outer loop
      vertex 4.44626 12.216 0
      vertex 1.2 11.5 0
      vertex 3.36465 12.557 0
    endloop
  endfacet
  facet normal -0 0 -1
    outer loop
      vertex 3.36465 12.557 0
      vertex 1.2 11.5 0
      vertex 2.25743 12.8025 0
    endloop
  endfacet
  facet normal 0 0 -1
    outer loop
      vertex 1.19543 11.6046 0
      vertex 2.25743 12.8025 0
      vertex 1.2 11.5 0
    endloop
  endfacet
  facet normal 0 0 -1
    outer loop
      vertex 1.18177 11.7084 0
      vertex 2.25743 12.8025 0
      vertex 1.19543 11.6046 0
    endloop
  endfacet
  facet normal 0 0 -1
    outer loop
      vertex 1.15911 11.8106 0
      vertex 2.25743 12.8025 0
      vertex 1.18177 11.7084 0
    endloop
  endfacet
  facet normal 0 0 -1
    outer loop
      vertex 1.12763 11.9104 0
      vertex 2.25743 12.8025 0
      vertex 1.15911 11.8106 0
    endloop
  endfacet
  facet normal 0 0 -1
    outer loop
      vertex 1.08757 12.0071 0
      vertex 2.25743 12.8025 0
      vertex 1.12763 11.9104 0
    endloop
  endfacet
  facet normal 0 0 -1
    outer loop
      vertex 1.03923 12.1 0
      vertex 2.25743 12.8025 0
      vertex 1.08757 12.0071 0
    endloop
  endfacet
  facet normal -0 0 -1
    outer loop
      vertex 2.25743 12.8025 0
      vertex 1.03923 12.1 0
      vertex 1.13302 12.9505 0
    endloop
  endfacet
  facet normal 0 0 -1
    outer loop
      vertex 0.982982 12.1883 0
      vertex 1.13302 12.9505 0
      vertex 1.03923 12.1 0
    endloop
  endfacet
  facet normal 0 0 -1
    outer loop
      vertex 0.919252 12.2713 0
      vertex 1.13302 12.9505 0
      vertex 0.982982 12.1883 0
    endloop
  endfacet
  facet normal 0 0 -1
    outer loop
      vertex 0.848528 12.3485 0
      vertex 1.13302 12.9505 0
      vertex 0.919252 12.2713 0
    endloop
  endfacet
  facet normal 0 0 -1
    outer loop
      vertex 0.771344 12.4193 0
      vertex 1.13302 12.9505 0
      vertex 0.848528 12.3485 0
    endloop
  endfacet
  facet normal 0 0 -1
    outer loop
      vertex 0.688292 12.483 0
      vertex 1.13302 12.9505 0
      vertex 0.771344 12.4193 0
    endloop
  endfacet
  facet normal 0 0 -1
    outer loop
      vertex 0.599999 12.5392 0
      vertex 1.13302 12.9505 0
      vertex 0.688292 12.483 0
    endloop
  endfacet
  facet normal 0 0 -1
    outer loop
      vertex 0.507141 12.5876 0
      vertex 1.13302 12.9505 0
      vertex 0.599999 12.5392 0
    endloop
  endfacet
  facet normal 0 0 -1
    outer loop
      vertex 0.410423 12.6276 0
      vertex 1.13302 12.9505 0
      vertex 0.507141 12.5876 0
    endloop
  endfacet
  facet normal 0 0 -1
    outer loop
      vertex 0 13 0
      vertex 0.410423 12.6276 0
      vertex 0.310582 12.6591 0
    endloop
  endfacet
  facet normal 0 0 -1
    outer loop
      vertex 0 13 0
      vertex 0.310582 12.6591 0
      vertex 0.208377 12.6818 0
    endloop
  endfacet
  facet normal 0 0 -1
    outer loop
      vertex 0 13 0
      vertex 0.208377 12.6818 0
      vertex 0.104587 12.6954 0
    endloop
  endfacet
  facet normal 0 0 -1
    outer loop
      vertex 0 13 0
      vertex 0.104587 12.6954 0
      vertex 0 12.7 0
    endloop
  endfacet
  facet normal 0 0 -1
    outer loop
      vertex 0.410423 12.6276 0
      vertex 0 13 0
      vertex 1.13302 12.9505 0
    endloop
  endfacet
  facet normal 0 0 -1
    outer loop
      vertex -0.104587 12.6954 0
      vertex 0 13 0
      vertex 0 12.7 0
    endloop
  endfacet
  facet normal 0 0 -1
    outer loop
      vertex -0.208377 12.6818 0
      vertex 0 13 0
      vertex -0.104587 12.6954 0
    endloop
  endfacet
  facet normal 0 0 -1
    outer loop
      vertex -0.310582 12.6591 0
      vertex 0 13 0
      vertex -0.208377 12.6818 0
    endloop
  endfacet
  facet normal 0 0 -1
    outer loop
      vertex -0.410423 12.6276 0
      vertex 0 13 0
      vertex -0.310582 12.6591 0
    endloop
  endfacet
  facet normal 0 0 -1
    outer loop
      vertex -1.13302 12.9505 0
      vertex -0.410423 12.6276 0
      vertex -0.507141 12.5876 0
    endloop
  endfacet
  facet normal 0 0 -1
    outer loop
      vertex -1.13302 12.9505 0
      vertex -0.507141 12.5876 0
      vertex -0.599999 12.5392 0
    endloop
  endfacet
  facet normal 0 0 -1
    outer loop
      vertex -1.13302 12.9505 0
      vertex -0.599999 12.5392 0
      vertex -0.688292 12.483 0
    endloop
  endfacet
  facet normal 0 0 -1
    outer loop
      vertex -0.410423 12.6276 0
      vertex -1.13302 12.9505 0
      vertex 0 13 0
    endloop
  endfacet
  facet normal 0 0 -1
    outer loop
      vertex -0.771344 12.4193 0
      vertex -1.13302 12.9505 0
      vertex -0.688292 12.483 0
    endloop
  endfacet
  facet normal 0 0 -1
    outer loop
      vertex -0.848528 12.3485 0
      vertex -1.13302 12.9505 0
      vertex -0.771344 12.4193 0
    endloop
  endfacet
  facet normal 0 0 -1
    outer loop
      vertex -0.919252 12.2713 0
      vertex -1.13302 12.9505 0
      vertex -0.848528 12.3485 0
    endloop
  endfacet
  facet normal 0 0 -1
    outer loop
      vertex -0.982982 12.1883 0
      vertex -1.13302 12.9505 0
      vertex -0.919252 12.2713 0
    endloop
  endfacet
  facet normal 0 0 -1
    outer loop
      vertex -1.03923 12.1 0
      vertex -1.13302 12.9505 0
      vertex -0.982982 12.1883 0
    endloop
  endfacet
  facet normal 0 0 -1
    outer loop
      vertex -2.25743 12.8025 0
      vertex -1.03923 12.1 0
      vertex -1.08757 12.0071 0
    endloop
  endfacet
  facet normal 0 0 -1
    outer loop
      vertex -2.25743 12.8025 0
      vertex -1.08757 12.0071 0
      vertex -1.12763 11.9104 0
    endloop
  endfacet
  facet normal 0 0 -1
    outer loop
      vertex -2.25743 12.8025 0
      vertex -1.12763 11.9104 0
      vertex -1.15911 11.8106 0
    endloop
  endfacet
  facet normal 0 0 -1
    outer loop
      vertex -2.25743 12.8025 0
      vertex -1.15911 11.8106 0
      vertex -1.18177 11.7084 0
    endloop
  endfacet
  facet normal 0 0 -1
    outer loop
      vertex -2.25743 12.8025 0
      vertex -1.18177 11.7084 0
      vertex -1.19543 11.6046 0
    endloop
  endfacet
  facet normal -0 0 -1
    outer loop
      vertex -1.2 5 0
      vertex -2.68701 4.38406 0
      vertex -1.2 11.5 0
    endloop
  endfacet
  facet normal 0 0 -1
    outer loop
      vertex -7.2832 8.98026 0
      vertex -1.2 11.5 0
      vertex -2.68701 4.38406 0
    endloop
  endfacet
  facet normal 0 0 -1
    outer loop
      vertex -2.68701 4.38406 0
      vertex -1.53909 4.22862 0
      vertex -1.90178 4.07838 0
    endloop
  endfacet
  facet normal 0 0 -1
    outer loop
      vertex -2.44796 4.04268 0
      vertex -1.90178 4.07838 0
      vertex -2.25 3.89711 0
    endloop
  endfacet
  facet normal 0 0 -1
    outer loop
      vertex -2.68701 4.38406 0
      vertex -1.90178 4.07838 0
      vertex -2.61628 4.30688 0
    endloop
  endfacet
  facet normal 0 0 -1
    outer loop
      vertex -2.37642 3.84612 0
      vertex -2.25 3.89711 0
      vertex -2.37068 3.82023 0
    endloop
  endfacet
  facet normal 0 0 -1
    outer loop
      vertex -2.4079 3.94596 0
      vertex -2.25 3.89711 0
      vertex -2.37642 3.84612 0
    endloop
  endfacet
  facet normal 0 0 -1
    outer loop
      vertex -2.44796 4.04268 0
      vertex -2.25 3.89711 0
      vertex -2.4079 3.94596 0
    endloop
  endfacet
  facet normal -0 0 -1
    outer loop
      vertex -1.90178 4.07838 0
      vertex -2.44796 4.04268 0
      vertex -2.4963 4.13553 0
    endloop
  endfacet
  facet normal 0 0 -1
    outer loop
      vertex -1.90178 4.07838 0
      vertex -2.4963 4.13553 0
      vertex -2.55255 4.22383 0
    endloop
  endfacet
  facet normal 0 0 -1
    outer loop
      vertex -1.90178 4.07838 0
      vertex -2.55255 4.22383 0
      vertex -2.61628 4.30688 0
    endloop
  endfacet
  facet normal 0 -0 -1
    outer loop
      vertex -4.44626 12.216 0
      vertex -1.2 11.5 0
      vertex -7.2832 8.98026 0
    endloop
  endfacet
  facet normal 0 0 -1
    outer loop
      vertex -1.03923 12.1 0
      vertex -2.25743 12.8025 0
      vertex -1.13302 12.9505 0
    endloop
  endfacet
  facet normal 0 0 -1
    outer loop
      vertex -1.2 11.5 0
      vertex -2.25743 12.8025 0
      vertex -1.19543 11.6046 0
    endloop
  endfacet
  facet normal 0 -0 -1
    outer loop
      vertex -2.25743 12.8025 0
      vertex -1.2 11.5 0
      vertex -3.36465 12.557 0
    endloop
  endfacet
  facet normal 0 -0 -1
    outer loop
      vertex -3.36465 12.557 0
      vertex -1.2 11.5 0
      vertex -4.44626 12.216 0
    endloop
  endfacet
  facet normal 0 0 -1
    outer loop
      vertex -4.44626 12.216 0
      vertex -7.2832 8.98026 0
      vertex -5.49404 11.782 0
    endloop
  endfacet
  facet normal 0 0 -1
    outer loop
      vertex -5.49404 11.782 0
      vertex -7.2832 8.98026 0
      vertex -6.5 11.2583 0
    endloop
  endfacet
  facet normal 0 0 -1
    outer loop
      vertex -7.45649 10.649 0
      vertex -7.2832 8.98026 0
      vertex -7.36038 9.05098 0
    endloop
  endfacet
  facet normal 0 0 -1
    outer loop
      vertex -7.45649 10.649 0
      vertex -7.36038 9.05098 0
      vertex -7.44344 9.11471 0
    endloop
  endfacet
  facet normal 0 0 -1
    outer loop
      vertex -7.2832 8.98026 0
      vertex -7.45649 10.649 0
      vertex -6.5 11.2583 0
    endloop
  endfacet
  facet normal 0 0 -1
    outer loop
      vertex -7.53173 9.17096 0
      vertex -7.45649 10.649 0
      vertex -7.44344 9.11471 0
    endloop
  endfacet
  facet normal 0 0 -1
    outer loop
      vertex -7.62459 9.2193 0
      vertex -7.45649 10.649 0
      vertex -7.53173 9.17096 0
    endloop
  endfacet
  facet normal 0 0 -1
    outer loop
      vertex -7.7213 9.25936 0
      vertex -7.45649 10.649 0
      vertex -7.62459 9.2193 0
    endloop
  endfacet
  facet normal 0 0 -1
    outer loop
      vertex -7.82115 9.29084 0
      vertex -7.45649 10.649 0
      vertex -7.7213 9.25936 0
    endloop
  endfacet
  facet normal 0 0 -1
    outer loop
      vertex -8.35624 9.95858 0
      vertex -7.82115 9.29084 0
      vertex -7.92335 9.3135 0
    endloop
  endfacet
  facet normal 0 0 -1
    outer loop
      vertex -8.35624 9.95858 0
      vertex -7.92335 9.3135 0
      vertex -8.02714 9.32716 0
    endloop
  endfacet
  facet normal 0 0 -1
    outer loop
      vertex -8.35624 9.95858 0
      vertex -8.02714 9.32716 0
      vertex -8.13173 9.33173 0
    endloop
  endfacet
  facet normal 0 0 -1
    outer loop
      vertex -8.35624 9.95858 0
      vertex -8.13173 9.33173 0
      vertex -8.23631 9.32716 0
    endloop
  endfacet
  facet normal 0 0 -1
    outer loop
      vertex -8.35624 9.95858 0
      vertex -8.23631 9.32716 0
      vertex -8.34011 9.3135 0
    endloop
  endfacet
  facet normal 0 0 -1
    outer loop
      vertex -7.82115 9.29084 0
      vertex -8.35624 9.95858 0
      vertex -7.45649 10.649 0
    endloop
  endfacet
  facet normal 0 0 -1
    outer loop
      vertex -8.44231 9.29084 0
      vertex -8.35624 9.95858 0
      vertex -8.34011 9.3135 0
    endloop
  endfacet
  facet normal 0 0 -1
    outer loop
      vertex -8.54215 9.25936 0
      vertex -8.35624 9.95858 0
      vertex -8.44231 9.29084 0
    endloop
  endfacet
  facet normal 0 0 -1
    outer loop
      vertex -8.63887 9.2193 0
      vertex -8.35624 9.95858 0
      vertex -8.54215 9.25936 0
    endloop
  endfacet
  facet normal 0 0 -1
    outer loop
      vertex -9.19239 9.19239 0
      vertex -8.63887 9.2193 0
      vertex -8.73173 9.17096 0
    endloop
  endfacet
  facet normal 0 0 -1
    outer loop
      vertex -9.19239 9.19239 0
      vertex -8.73173 9.17096 0
      vertex -8.82002 9.11471 0
    endloop
  endfacet
  facet normal 0 0 -1
    outer loop
      vertex -9.19239 9.19239 0
      vertex -8.82002 9.11471 0
      vertex -8.90307 9.05098 0
    endloop
  endfacet
  facet normal 0 0 -1
    outer loop
      vertex -9.19239 9.19239 0
      vertex -8.90307 9.05098 0
      vertex -8.98026 8.98026 0
    endloop
  endfacet
  facet normal 0 0 -1
    outer loop
      vertex -9.19239 9.19239 0
      vertex -8.98026 8.98026 0
      vertex -9.05098 8.90307 0
    endloop
  endfacet
  facet normal 0 0 -1
    outer loop
      vertex -9.19239 9.19239 0
      vertex -9.05098 8.90307 0
      vertex -9.11471 8.82002 0
    endloop
  endfacet
  facet normal -0 0 -1
    outer loop
      vertex -8.63887 9.2193 0
      vertex -9.19239 9.19239 0
      vertex -8.35624 9.95858 0
    endloop
  endfacet
  facet normal 0 0 -1
    outer loop
      vertex -9.17096 8.73173 0
      vertex -9.19239 9.19239 0
      vertex -9.11471 8.82002 0
    endloop
  endfacet
  facet normal 0 0 -1
    outer loop
      vertex -9.2193 8.63887 0
      vertex -9.19239 9.19239 0
      vertex -9.17096 8.73173 0
    endloop
  endfacet
  facet normal 0 0 -1
    outer loop
      vertex -9.95858 8.35624 0
      vertex -9.2193 8.63887 0
      vertex -9.25936 8.54215 0
    endloop
  endfacet
  facet normal 0 0 -1
    outer loop
      vertex -9.95858 8.35624 0
      vertex -9.25936 8.54215 0
      vertex -9.29084 8.44231 0
    endloop
  endfacet
  facet normal 0 0 -1
    outer loop
      vertex -9.95858 8.35624 0
      vertex -9.29084 8.44231 0
      vertex -9.3135 8.34011 0
    endloop
  endfacet
  facet normal -0 0 -1
    outer loop
      vertex -9.2193 8.63887 0
      vertex -9.95858 8.35624 0
      vertex -9.19239 9.19239 0
    endloop
  endfacet
  facet normal 0 0 -1
    outer loop
      vertex -9.32716 8.23631 0
      vertex -9.95858 8.35624 0
      vertex -9.3135 8.34011 0
    endloop
  endfacet
  facet normal 0 0 -1
    outer loop
      vertex -9.95858 8.35624 0
      vertex -9.32716 8.23631 0
      vertex -9.33173 8.13173 0
    endloop
  endfacet
  facet normal 0 0 -1
    outer loop
      vertex 1.90178 -4.07838 0
      vertex 1.2 -5 0
      vertex 1.53909 -4.22862 0
    endloop
  endfacet
  facet normal 0 0 -1
    outer loop
      vertex 1.19543 -4.89541 0
      vertex 1.53909 -4.22862 0
      vertex 1.2 -5 0
    endloop
  endfacet
  facet normal 0 0 -1
    outer loop
      vertex 1.18177 -4.79162 0
      vertex 1.53909 -4.22862 0
      vertex 1.19543 -4.89541 0
    endloop
  endfacet
  facet normal 0 0 -1
    outer loop
      vertex 1.15911 -4.68942 0
      vertex 1.53909 -4.22862 0
      vertex 1.18177 -4.79162 0
    endloop
  endfacet
  facet normal 0 0 -1
    outer loop
      vertex 1.12763 -4.58958 0
      vertex 1.53909 -4.22862 0
      vertex 1.15911 -4.68942 0
    endloop
  endfacet
  facet normal 0 0 -1
    outer loop
      vertex 1.53909 -4.22862 0
      vertex 1.12763 -4.58958 0
      vertex 1.16469 -4.34667 0
    endloop
  endfacet
  facet normal 0 0 -1
    outer loop
      vertex 1.08757 -4.49286 0
      vertex 1.16469 -4.34667 0
      vertex 1.12763 -4.58958 0
    endloop
  endfacet
  facet normal 0 0 -1
    outer loop
      vertex 1.03923 -4.4 0
      vertex 1.16469 -4.34667 0
      vertex 1.08757 -4.49286 0
    endloop
  endfacet
  facet normal 0 0 -1
    outer loop
      vertex 1.16469 -4.34667 0
      vertex 1.03923 -4.4 0
      vertex 1.02498 -4.37764 0
    endloop
  endfacet
  facet normal 0 0 -1
    outer loop
      vertex -1.03923 -4.4 0
      vertex -1.16469 -4.34667 0
      vertex -1.02498 -4.37764 0
    endloop
  endfacet
  facet normal 0 0 -1
    outer loop
      vertex -1.08757 -4.49286 0
      vertex -1.16469 -4.34667 0
      vertex -1.03923 -4.4 0
    endloop
  endfacet
  facet normal 0 0 -1
    outer loop
      vertex -1.12763 -4.58958 0
      vertex -1.16469 -4.34667 0
      vertex -1.08757 -4.49286 0
    endloop
  endfacet
  facet normal 0 0 -1
    outer loop
      vertex -1.53909 -4.22862 0
      vertex -1.12763 -4.58958 0
      vertex -1.15911 -4.68942 0
    endloop
  endfacet
  facet normal 0 0 -1
    outer loop
      vertex -1.53909 -4.22862 0
      vertex -1.15911 -4.68942 0
      vertex -1.18177 -4.79162 0
    endloop
  endfacet
  facet normal 0 0 -1
    outer loop
      vertex -1.53909 -4.22862 0
      vertex -1.18177 -4.79162 0
      vertex -1.19543 -4.89541 0
    endloop
  endfacet
  facet normal 0 0 -1
    outer loop
      vertex -1.12763 -4.58958 0
      vertex -1.53909 -4.22862 0
      vertex -1.16469 -4.34667 0
    endloop
  endfacet
  facet normal 0 0 -1
    outer loop
      vertex -1.53909 -4.22862 0
      vertex -1.19543 -4.89541 0
      vertex -1.2 -5 0
    endloop
  endfacet
  facet normal 0 0 -1
    outer loop
      vertex -3.84612 -2.37642 0
      vertex -3.89711 -2.25 0
      vertex -3.82023 -2.37068 0
    endloop
  endfacet
  facet normal 0 0 -1
    outer loop
      vertex -3.94596 -2.4079 0
      vertex -3.89711 -2.25 0
      vertex -3.84612 -2.37642 0
    endloop
  endfacet
  facet normal 0 0 -1
    outer loop
      vertex -4.04268 -2.44796 0
      vertex -3.89711 -2.25 0
      vertex -3.94596 -2.4079 0
    endloop
  endfacet
  facet normal 0 0 -1
    outer loop
      vertex -4.04268 -2.44796 0
      vertex -4.07838 -1.90178 0
      vertex -3.89711 -2.25 0
    endloop
  endfacet
  facet normal 0 0 -1
    outer loop
      vertex -4.13553 -2.4963 0
      vertex -4.07838 -1.90178 0
      vertex -4.04268 -2.44796 0
    endloop
  endfacet
  facet normal 0 0 -1
    outer loop
      vertex -4.22383 -2.55255 0
      vertex -4.07838 -1.90178 0
      vertex -4.13553 -2.4963 0
    endloop
  endfacet
  facet normal 0 0 -1
    outer loop
      vertex -4.30688 -2.61628 0
      vertex -4.07838 -1.90178 0
      vertex -4.22383 -2.55255 0
    endloop
  endfacet
  facet normal -0 0 -1
    outer loop
      vertex -4.07838 -1.90178 0
      vertex -4.30688 -2.61628 0
      vertex -4.22862 -1.53909 0
    endloop
  endfacet
  facet normal 0 0 -1
    outer loop
      vertex -4.89541 -1.19543 0
      vertex -4.22862 -1.53909 0
      vertex -4.30688 -2.61628 0
    endloop
  endfacet
  facet normal 0 -0 -1
    outer loop
      vertex -4.58958 -1.12763 0
      vertex -4.22862 -1.53909 0
      vertex -4.68942 -1.15911 0
    endloop
  endfacet
  facet normal 0 0 -1
    outer loop
      vertex -4.89541 -1.19543 0
      vertex -4.30688 -2.61628 0
      vertex -4.38406 -2.68701 0
    endloop
  endfacet
  facet normal 0 0 -1
    outer loop
      vertex -4.34667 -1.16469 0
      vertex -4.4 -1.03923 0
      vertex -4.37764 -1.02498 0
    endloop
  endfacet
  facet normal 0 0 -1
    outer loop
      vertex -4.34667 -1.16469 0
      vertex -4.49286 -1.08757 0
      vertex -4.4 -1.03923 0
    endloop
  endfacet
  facet normal 0 0 -1
    outer loop
      vertex -4.34667 -1.16469 0
      vertex -4.58958 -1.12763 0
      vertex -4.49286 -1.08757 0
    endloop
  endfacet
  facet normal 0 0 -1
    outer loop
      vertex -4.22862 -1.53909 0
      vertex -4.58958 -1.12763 0
      vertex -4.34667 -1.16469 0
    endloop
  endfacet
  facet normal 0 0 -1
    outer loop
      vertex -4.22862 -1.53909 0
      vertex -4.79162 -1.18177 0
      vertex -4.68942 -1.15911 0
    endloop
  endfacet
  facet normal 0 0 -1
    outer loop
      vertex -4.22862 -1.53909 0
      vertex -4.89541 -1.19543 0
      vertex -4.79162 -1.18177 0
    endloop
  endfacet
  facet normal 0 0 -1
    outer loop
      vertex -4.38406 -2.68701 0
      vertex -5 -1.2 0
      vertex -4.89541 -1.19543 0
    endloop
  endfacet
  facet normal 0 0 -1
    outer loop
      vertex -8.98026 -7.2832 0
      vertex -5 -1.2 0
      vertex -4.38406 -2.68701 0
    endloop
  endfacet
  facet normal 0 0 -1
    outer loop
      vertex -10.649 -7.45649 0
      vertex -8.98026 -7.2832 0
      vertex -9.05098 -7.36038 0
    endloop
  endfacet
  facet normal 0 0 -1
    outer loop
      vertex -10.649 -7.45649 0
      vertex -9.05098 -7.36038 0
      vertex -9.11471 -7.44344 0
    endloop
  endfacet
  facet normal 0 0 -1
    outer loop
      vertex -9.95858 -8.35624 0
      vertex -9.32716 -8.02714 0
      vertex -9.33173 -8.13173 0
    endloop
  endfacet
  facet normal 0 0 -1
    outer loop
      vertex -9.95858 -8.35624 0
      vertex -9.3135 -7.92335 0
      vertex -9.32716 -8.02714 0
    endloop
  endfacet
  facet normal 0 0 -1
    outer loop
      vertex -9.95858 -8.35624 0
      vertex -9.29084 -7.82115 0
      vertex -9.3135 -7.92335 0
    endloop
  endfacet
  facet normal 0 0 -1
    outer loop
      vertex -10.649 -7.45649 0
      vertex -9.29084 -7.82115 0
      vertex -9.95858 -8.35624 0
    endloop
  endfacet
  facet normal 0 0 -1
    outer loop
      vertex -9.29084 -7.82115 0
      vertex -10.649 -7.45649 0
      vertex -9.25936 -7.7213 0
    endloop
  endfacet
  facet normal 0 0 -1
    outer loop
      vertex -9.25936 -7.7213 0
      vertex -10.649 -7.45649 0
      vertex -9.2193 -7.62459 0
    endloop
  endfacet
  facet normal 0 0 -1
    outer loop
      vertex -9.2193 -7.62459 0
      vertex -10.649 -7.45649 0
      vertex -9.17096 -7.53173 0
    endloop
  endfacet
  facet normal 0 0 -1
    outer loop
      vertex -9.17096 -7.53173 0
      vertex -10.649 -7.45649 0
      vertex -9.11471 -7.44344 0
    endloop
  endfacet
  facet normal -0 0 -1
    outer loop
      vertex -8.98026 -7.2832 0
      vertex -10.649 -7.45649 0
      vertex -11.2583 -6.5 0
    endloop
  endfacet
  facet normal 0 0 -1
    outer loop
      vertex -8.98026 -7.2832 0
      vertex -11.2583 -6.5 0
      vertex -11.782 -5.49404 0
    endloop
  endfacet
  facet normal 0 0 -1
    outer loop
      vertex -8.98026 -7.2832 0
      vertex -11.782 -5.49404 0
      vertex -11.5 -1.2 0
    endloop
  endfacet
  facet normal 0 0 -1
    outer loop
      vertex -8.98026 -7.2832 0
      vertex -11.5 -1.2 0
      vertex -5 -1.2 0
    endloop
  endfacet
  facet normal 0 0 -1
    outer loop
      vertex -12.216 -4.44626 0
      vertex -11.5 -1.2 0
      vertex -11.782 -5.49404 0
    endloop
  endfacet
  facet normal 0 0 -1
    outer loop
      vertex -12.557 -3.36465 0
      vertex -11.5 -1.2 0
      vertex -12.216 -4.44626 0
    endloop
  endfacet
  facet normal 0 0 -1
    outer loop
      vertex -12.8025 -2.25743 0
      vertex -11.5 -1.2 0
      vertex -12.557 -3.36465 0
    endloop
  endfacet
  facet normal -0 0 -1
    outer loop
      vertex -11.5 -1.2 0
      vertex -12.8025 -2.25743 0
      vertex -11.6046 -1.19543 0
    endloop
  endfacet
  facet normal -0 0 -1
    outer loop
      vertex -11.6046 -1.19543 0
      vertex -12.8025 -2.25743 0
      vertex -11.7084 -1.18177 0
    endloop
  endfacet
  facet normal -0 0 -1
    outer loop
      vertex -11.7084 -1.18177 0
      vertex -12.8025 -2.25743 0
      vertex -11.8106 -1.15911 0
    endloop
  endfacet
  facet normal -0 0 -1
    outer loop
      vertex -11.8106 -1.15911 0
      vertex -12.8025 -2.25743 0
      vertex -11.9104 -1.12763 0
    endloop
  endfacet
  facet normal -0 0 -1
    outer loop
      vertex -11.9104 -1.12763 0
      vertex -12.8025 -2.25743 0
      vertex -12.0071 -1.08757 0
    endloop
  endfacet
  facet normal -0 0 -1
    outer loop
      vertex -12.0071 -1.08757 0
      vertex -12.8025 -2.25743 0
      vertex -12.1 -1.03923 0
    endloop
  endfacet
  facet normal 0 0 -1
    outer loop
      vertex -12.9505 -1.13302 0
      vertex -12.1 -1.03923 0
      vertex -12.8025 -2.25743 0
    endloop
  endfacet
  facet normal -0 0 -1
    outer loop
      vertex -12.1 -1.03923 0
      vertex -12.9505 -1.13302 0
      vertex -12.1883 -0.982982 0
    endloop
  endfacet
  facet normal -0 0 -1
    outer loop
      vertex -12.1883 -0.982982 0
      vertex -12.9505 -1.13302 0
      vertex -12.2713 -0.919252 0
    endloop
  endfacet
  facet normal -0 0 -1
    outer loop
      vertex -12.2713 -0.919252 0
      vertex -12.9505 -1.13302 0
      vertex -12.3485 -0.848528 0
    endloop
  endfacet
  facet normal -0 0 -1
    outer loop
      vertex -12.3485 -0.848528 0
      vertex -12.9505 -1.13302 0
      vertex -12.4193 -0.771344 0
    endloop
  endfacet
  facet normal -0 0 -1
    outer loop
      vertex -12.4193 -0.771344 0
      vertex -12.9505 -1.13302 0
      vertex -12.483 -0.688292 0
    endloop
  endfacet
  facet normal -0 0 -1
    outer loop
      vertex -12.483 -0.688292 0
      vertex -12.9505 -1.13302 0
      vertex -12.5392 -0.599999 0
    endloop
  endfacet
  facet normal -0 0 -1
    outer loop
      vertex -12.5392 -0.599999 0
      vertex -12.9505 -1.13302 0
      vertex -12.5876 -0.507141 0
    endloop
  endfacet
  facet normal -0 0 -1
    outer loop
      vertex -12.5876 -0.507141 0
      vertex -12.9505 -1.13302 0
      vertex -12.6276 -0.410423 0
    endloop
  endfacet
  facet normal 0 0 -1
    outer loop
      vertex -13 0 0
      vertex -12.6276 -0.410423 0
      vertex -12.9505 -1.13302 0
    endloop
  endfacet
  facet normal 0 0 -1
    outer loop
      vertex -12.6276 -0.410423 0
      vertex -13 0 0
      vertex -12.6591 -0.310582 0
    endloop
  endfacet
  facet normal 0 0 -1
    outer loop
      vertex -12.6591 -0.310582 0
      vertex -13 0 0
      vertex -12.6818 -0.208377 0
    endloop
  endfacet
  facet normal 0 0 -1
    outer loop
      vertex -3.89711 2.25 0
      vertex -3.84612 2.37642 0
      vertex -3.82023 2.37068 0
    endloop
  endfacet
  facet normal 0 0 -1
    outer loop
      vertex -3.89711 2.25 0
      vertex -3.94596 2.4079 0
      vertex -3.84612 2.37642 0
    endloop
  endfacet
  facet normal 0 0 -1
    outer loop
      vertex -3.89711 2.25 0
      vertex -4.04268 2.44796 0
      vertex -3.94596 2.4079 0
    endloop
  endfacet
  facet normal 0 0 -1
    outer loop
      vertex -4.07838 1.90178 0
      vertex -4.04268 2.44796 0
      vertex -3.89711 2.25 0
    endloop
  endfacet
  facet normal 0 0 -1
    outer loop
      vertex -4.07838 1.90178 0
      vertex -4.13553 2.4963 0
      vertex -4.04268 2.44796 0
    endloop
  endfacet
  facet normal 0 0 -1
    outer loop
      vertex -4.07838 1.90178 0
      vertex -4.22383 2.55255 0
      vertex -4.13553 2.4963 0
    endloop
  endfacet
  facet normal 0 0 -1
    outer loop
      vertex -4.30688 2.61628 0
      vertex -4.07838 1.90178 0
      vertex -4.22862 1.53909 0
    endloop
  endfacet
  facet normal 0 0 -1
    outer loop
      vertex -4.07838 1.90178 0
      vertex -4.30688 2.61628 0
      vertex -4.22383 2.55255 0
    endloop
  endfacet
  facet normal 0 0 -1
    outer loop
      vertex -4.58958 1.12763 0
      vertex -4.22862 1.53909 0
      vertex -4.34667 1.16469 0
    endloop
  endfacet
  facet normal 0 0 -1
    outer loop
      vertex -4.4 1.03923 0
      vertex -4.34667 1.16469 0
      vertex -4.37764 1.02498 0
    endloop
  endfacet
  facet normal 0 0 -1
    outer loop
      vertex -4.49286 1.08757 0
      vertex -4.34667 1.16469 0
      vertex -4.4 1.03923 0
    endloop
  endfacet
  facet normal 0 0 -1
    outer loop
      vertex -4.58958 1.12763 0
      vertex -4.34667 1.16469 0
      vertex -4.49286 1.08757 0
    endloop
  endfacet
  facet normal 0 0 -1
    outer loop
      vertex -4.22862 1.53909 0
      vertex -4.58958 1.12763 0
      vertex -4.68942 1.15911 0
    endloop
  endfacet
  facet normal 0 0 -1
    outer loop
      vertex -4.79162 1.18177 0
      vertex -4.22862 1.53909 0
      vertex -4.68942 1.15911 0
    endloop
  endfacet
  facet normal 0 0 -1
    outer loop
      vertex -4.89541 1.19543 0
      vertex -4.22862 1.53909 0
      vertex -4.79162 1.18177 0
    endloop
  endfacet
  facet normal -0 0 -1
    outer loop
      vertex -4.22862 1.53909 0
      vertex -4.89541 1.19543 0
      vertex -4.30688 2.61628 0
    endloop
  endfacet
  facet normal -0 0 -1
    outer loop
      vertex -4.30688 2.61628 0
      vertex -4.89541 1.19543 0
      vertex -4.38406 2.68701 0
    endloop
  endfacet
  facet normal 0 0 -1
    outer loop
      vertex -5 1.2 0
      vertex -4.38406 2.68701 0
      vertex -4.89541 1.19543 0
    endloop
  endfacet
  facet normal 0 0 -1
    outer loop
      vertex -5 1.2 0
      vertex -8.98026 7.2832 0
      vertex -4.38406 2.68701 0
    endloop
  endfacet
  facet normal 0 0 -1
    outer loop
      vertex -11.5 1.2 0
      vertex -8.98026 7.2832 0
      vertex -5 1.2 0
    endloop
  endfacet
  facet normal 0 0 -1
    outer loop
      vertex -11.782 5.49404 0
      vertex -8.98026 7.2832 0
      vertex -11.5 1.2 0
    endloop
  endfacet
  facet normal 0 0 -1
    outer loop
      vertex -9.32716 8.02714 0
      vertex -9.95858 8.35624 0
      vertex -9.33173 8.13173 0
    endloop
  endfacet
  facet normal 0 0 -1
    outer loop
      vertex -9.3135 7.92335 0
      vertex -9.95858 8.35624 0
      vertex -9.32716 8.02714 0
    endloop
  endfacet
  facet normal 0 0 -1
    outer loop
      vertex -9.29084 7.82115 0
      vertex -9.95858 8.35624 0
      vertex -9.3135 7.92335 0
    endloop
  endfacet
  facet normal 0 0 -1
    outer loop
      vertex -10.649 7.45649 0
      vertex -9.29084 7.82115 0
      vertex -9.25936 7.7213 0
    endloop
  endfacet
  facet normal 0 0 -1
    outer loop
      vertex -10.649 7.45649 0
      vertex -9.25936 7.7213 0
      vertex -9.2193 7.62459 0
    endloop
  endfacet
  facet normal 0 0 -1
    outer loop
      vertex -10.649 7.45649 0
      vertex -9.2193 7.62459 0
      vertex -9.17096 7.53173 0
    endloop
  endfacet
  facet normal 0 0 -1
    outer loop
      vertex -10.649 7.45649 0
      vertex -9.17096 7.53173 0
      vertex -9.11471 7.44344 0
    endloop
  endfacet
  facet normal 0 -0 -1
    outer loop
      vertex -11.2583 6.5 0
      vertex -8.98026 7.2832 0
      vertex -11.782 5.49404 0
    endloop
  endfacet
  facet normal -0 0 -1
    outer loop
      vertex -9.29084 7.82115 0
      vertex -10.649 7.45649 0
      vertex -9.95858 8.35624 0
    endloop
  endfacet
  facet normal 0 0 -1
    outer loop
      vertex -9.05098 7.36038 0
      vertex -10.649 7.45649 0
      vertex -9.11471 7.44344 0
    endloop
  endfacet
  facet normal 0 -0 -1
    outer loop
      vertex -10.649 7.45649 0
      vertex -8.98026 7.2832 0
      vertex -11.2583 6.5 0
    endloop
  endfacet
  facet normal 0 0 -1
    outer loop
      vertex -12.8025 2.25743 0
      vertex -11.5 1.2 0
      vertex -11.6046 1.19543 0
    endloop
  endfacet
  facet normal 0 0 -1
    outer loop
      vertex -12.8025 2.25743 0
      vertex -11.6046 1.19543 0
      vertex -11.7084 1.18177 0
    endloop
  endfacet
  facet normal 0 0 -1
    outer loop
      vertex -8.98026 7.2832 0
      vertex -10.649 7.45649 0
      vertex -9.05098 7.36038 0
    endloop
  endfacet
  facet normal 0 0 -1
    outer loop
      vertex -12.8025 2.25743 0
      vertex -11.7084 1.18177 0
      vertex -11.8106 1.15911 0
    endloop
  endfacet
  facet normal 0 0 -1
    outer loop
      vertex -12.8025 2.25743 0
      vertex -11.8106 1.15911 0
      vertex -11.9104 1.12763 0
    endloop
  endfacet
  facet normal 0 0 -1
    outer loop
      vertex -12.8025 2.25743 0
      vertex -11.9104 1.12763 0
      vertex -12.0071 1.08757 0
    endloop
  endfacet
  facet normal 0 0 -1
    outer loop
      vertex -12.8025 2.25743 0
      vertex -12.0071 1.08757 0
      vertex -12.1 1.03923 0
    endloop
  endfacet
  facet normal 0 0 -1
    outer loop
      vertex -12.9505 1.13302 0
      vertex -12.1 1.03923 0
      vertex -12.1883 0.982982 0
    endloop
  endfacet
  facet normal 0 0 -1
    outer loop
      vertex -11.5 1.2 0
      vertex -12.216 4.44626 0
      vertex -11.782 5.49404 0
    endloop
  endfacet
  facet normal 0 0 -1
    outer loop
      vertex -12.9505 1.13302 0
      vertex -12.1883 0.982982 0
      vertex -12.2713 0.919252 0
    endloop
  endfacet
  facet normal 0 0 -1
    outer loop
      vertex -12.9505 1.13302 0
      vertex -12.2713 0.919252 0
      vertex -12.3485 0.848528 0
    endloop
  endfacet
  facet normal 0 0 -1
    outer loop
      vertex -12.9505 1.13302 0
      vertex -12.3485 0.848528 0
      vertex -12.4193 0.771344 0
    endloop
  endfacet
  facet normal 0 0 -1
    outer loop
      vertex -12.9505 1.13302 0
      vertex -12.4193 0.771344 0
      vertex -12.483 0.688292 0
    endloop
  endfacet
  facet normal 0 0 -1
    outer loop
      vertex -12.9505 1.13302 0
      vertex -12.483 0.688292 0
      vertex -12.5392 0.599999 0
    endloop
  endfacet
  facet normal 0 0 -1
    outer loop
      vertex -11.5 1.2 0
      vertex -12.557 3.36465 0
      vertex -12.216 4.44626 0
    endloop
  endfacet
  facet normal 0 0 -1
    outer loop
      vertex -12.9505 1.13302 0
      vertex -12.5392 0.599999 0
      vertex -12.5876 0.507141 0
    endloop
  endfacet
  facet normal 0 0 -1
    outer loop
      vertex -12.9505 1.13302 0
      vertex -12.5876 0.507141 0
      vertex -12.6276 0.410423 0
    endloop
  endfacet
  facet normal 0 0 -1
    outer loop
      vertex -13 0 0
      vertex -12.6276 0.410423 0
      vertex -12.6591 0.310582 0
    endloop
  endfacet
  facet normal 0 0 -1
    outer loop
      vertex -13 0 0
      vertex -12.6591 0.310582 0
      vertex -12.6818 0.208377 0
    endloop
  endfacet
  facet normal 0 0 -1
    outer loop
      vertex -13 0 0
      vertex -12.6818 0.208377 0
      vertex -12.6954 0.104587 0
    endloop
  endfacet
  facet normal 0 0 -1
    outer loop
      vertex -13 0 0
      vertex -12.6954 0.104587 0
      vertex -12.7 0 0
    endloop
  endfacet
  facet normal 0 0 -1
    outer loop
      vertex -12.6818 -0.208377 0
      vertex -13 0 0
      vertex -12.6954 -0.104587 0
    endloop
  endfacet
  facet normal 0 0 -1
    outer loop
      vertex -11.5 1.2 0
      vertex -12.8025 2.25743 0
      vertex -12.557 3.36465 0
    endloop
  endfacet
  facet normal 0 0 -1
    outer loop
      vertex -12.6954 -0.104587 0
      vertex -13 0 0
      vertex -12.7 0 0
    endloop
  endfacet
  facet normal 0 0 -1
    outer loop
      vertex -12.1 1.03923 0
      vertex -12.9505 1.13302 0
      vertex -12.8025 2.25743 0
    endloop
  endfacet
  facet normal -0 0 -1
    outer loop
      vertex -12.6276 0.410423 0
      vertex -13 0 0
      vertex -12.9505 1.13302 0
    endloop
  endfacet
  facet normal -0.923881 0.38268 0
    outer loop
      vertex -12.216 4.44626 0
      vertex -11.782 5.49404 15
      vertex -11.782 5.49404 0
    endloop
  endfacet
  facet normal -0.923881 0.38268 0
    outer loop
      vertex -11.782 5.49404 15
      vertex -12.216 4.44626 0
      vertex -12.216 4.44626 15
    endloop
  endfacet
  facet normal -0.46177 -0.887 0
    outer loop
      vertex -6.5 -11.2583 0
      vertex -5.49404 -11.782 15
      vertex -6.5 -11.2583 15
    endloop
  endfacet
  facet normal -0.46177 -0.887 -0
    outer loop
      vertex -5.49404 -11.782 15
      vertex -6.5 -11.2583 0
      vertex -5.49404 -11.782 0
    endloop
  endfacet
  facet normal -0.9763 -0.21642 0
    outer loop
      vertex 4.37764 1.02498 0
      vertex 4.34667 1.16469 2.99
      vertex 4.34667 1.16469 0
    endloop
  endfacet
  facet normal -0.9763 -0.21642 0
    outer loop
      vertex 4.34667 1.16469 2.99
      vertex 4.37764 1.02498 0
      vertex 4.37764 1.02498 2.99
    endloop
  endfacet
  facet normal -0.953715 -0.300711 0
    outer loop
      vertex 4.34667 1.16469 0
      vertex 4.22862 1.53909 2.99
      vertex 4.22862 1.53909 0
    endloop
  endfacet
  facet normal -0.953715 -0.300711 0
    outer loop
      vertex 4.22862 1.53909 2.99
      vertex 4.34667 1.16469 0
      vertex 4.34667 1.16469 2.99
    endloop
  endfacet
  facet normal -0.461745 -0.887013 0
    outer loop
      vertex 1.90178 4.07838 0
      vertex 2.25 3.89711 2.99
      vertex 1.90178 4.07838 2.99
    endloop
  endfacet
  facet normal -0.461745 -0.887013 -0
    outer loop
      vertex 2.25 3.89711 2.99
      vertex 1.90178 4.07838 0
      vertex 2.25 3.89711 0
    endloop
  endfacet
  facet normal -0.923872 -0.382703 0
    outer loop
      vertex 4.22862 1.53909 0
      vertex 4.07838 1.90178 2.99
      vertex 4.07838 1.90178 0
    endloop
  endfacet
  facet normal -0.923872 -0.382703 0
    outer loop
      vertex 4.07838 1.90178 2.99
      vertex 4.22862 1.53909 0
      vertex 4.22862 1.53909 2.99
    endloop
  endfacet
  facet normal 0.21642 -0.9763 0
    outer loop
      vertex -1.16469 4.34667 0
      vertex -1.02498 4.37764 2.99
      vertex -1.16469 4.34667 2.99
    endloop
  endfacet
  facet normal 0.21642 -0.9763 0
    outer loop
      vertex -1.02498 4.37764 2.99
      vertex -1.16469 4.34667 0
      vertex -1.02498 4.37764 0
    endloop
  endfacet
  facet normal 0.923872 0.382703 0
    outer loop
      vertex -4.07838 -1.90178 2.99
      vertex -4.22862 -1.53909 0
      vertex -4.22862 -1.53909 2.99
    endloop
  endfacet
  facet normal 0.923872 0.382703 0
    outer loop
      vertex -4.22862 -1.53909 0
      vertex -4.07838 -1.90178 2.99
      vertex -4.07838 -1.90178 0
    endloop
  endfacet
  facet normal -0.9763 0.21642 0
    outer loop
      vertex 4.34667 -1.16469 0
      vertex 4.37764 -1.02498 2.99
      vertex 4.37764 -1.02498 0
    endloop
  endfacet
  facet normal -0.9763 0.21642 0
    outer loop
      vertex 4.37764 -1.02498 2.99
      vertex 4.34667 -1.16469 0
      vertex 4.34667 -1.16469 2.99
    endloop
  endfacet
  facet normal -0.382703 0.923872 0
    outer loop
      vertex 1.90178 -4.07838 0
      vertex 1.53909 -4.22862 2.99
      vertex 1.90178 -4.07838 2.99
    endloop
  endfacet
  facet normal -0.382703 0.923872 0
    outer loop
      vertex 1.53909 -4.22862 2.99
      vertex 1.90178 -4.07838 0
      vertex 1.53909 -4.22862 0
    endloop
  endfacet
  facet normal -0.21642 0.9763 0
    outer loop
      vertex 1.16469 -4.34667 0
      vertex 1.02498 -4.37764 2.99
      vertex 1.16469 -4.34667 2.99
    endloop
  endfacet
  facet normal -0.21642 0.9763 0
    outer loop
      vertex 1.02498 -4.37764 2.99
      vertex 1.16469 -4.34667 0
      vertex 1.02498 -4.37764 0
    endloop
  endfacet
  facet normal 0.300711 -0.953715 0
    outer loop
      vertex -1.53909 4.22862 0
      vertex -1.16469 4.34667 2.99
      vertex -1.53909 4.22862 2.99
    endloop
  endfacet
  facet normal 0.300711 -0.953715 0
    outer loop
      vertex -1.16469 4.34667 2.99
      vertex -1.53909 4.22862 0
      vertex -1.16469 4.34667 0
    endloop
  endfacet
  facet normal -0.887013 0.461745 0
    outer loop
      vertex 3.89711 -2.25 0
      vertex 4.07838 -1.90178 2.99
      vertex 4.07838 -1.90178 0
    endloop
  endfacet
  facet normal -0.887013 0.461745 0
    outer loop
      vertex 4.07838 -1.90178 2.99
      vertex 3.89711 -2.25 0
      vertex 3.89711 -2.25 2.99
    endloop
  endfacet
  facet normal 0.953715 0.300711 0
    outer loop
      vertex -4.22862 -1.53909 2.99
      vertex -4.34667 -1.16469 0
      vertex -4.34667 -1.16469 2.99
    endloop
  endfacet
  facet normal 0.953715 0.300711 0
    outer loop
      vertex -4.34667 -1.16469 0
      vertex -4.22862 -1.53909 2.99
      vertex -4.22862 -1.53909 0
    endloop
  endfacet
  facet normal -0.953715 0.300711 0
    outer loop
      vertex 4.22862 -1.53909 0
      vertex 4.34667 -1.16469 2.99
      vertex 4.34667 -1.16469 0
    endloop
  endfacet
  facet normal -0.953715 0.300711 0
    outer loop
      vertex 4.34667 -1.16469 2.99
      vertex 4.22862 -1.53909 0
      vertex 4.22862 -1.53909 2.99
    endloop
  endfacet
  facet normal -0.382703 -0.923872 0
    outer loop
      vertex 1.53909 4.22862 0
      vertex 1.90178 4.07838 2.99
      vertex 1.53909 4.22862 2.99
    endloop
  endfacet
  facet normal -0.382703 -0.923872 -0
    outer loop
      vertex 1.90178 4.07838 2.99
      vertex 1.53909 4.22862 0
      vertex 1.90178 4.07838 0
    endloop
  endfacet
  facet normal 0.953715 -0.300711 0
    outer loop
      vertex -4.34667 1.16469 2.99
      vertex -4.22862 1.53909 0
      vertex -4.22862 1.53909 2.99
    endloop
  endfacet
  facet normal 0.953715 -0.300711 0
    outer loop
      vertex -4.22862 1.53909 0
      vertex -4.34667 1.16469 2.99
      vertex -4.34667 1.16469 0
    endloop
  endfacet
  facet normal 0.843397 -0.537291 0
    outer loop
      vertex -3.89711 2.25 2.99
      vertex -3.82023 2.37068 0
      vertex -3.82023 2.37068 2.99
    endloop
  endfacet
  facet normal 0.843397 -0.537291 0
    outer loop
      vertex -3.82023 2.37068 0
      vertex -3.89711 2.25 2.99
      vertex -3.89711 2.25 0
    endloop
  endfacet
  facet normal 0.9763 -0.21642 0
    outer loop
      vertex -4.37764 1.02498 2.99
      vertex -4.34667 1.16469 0
      vertex -4.34667 1.16469 2.99
    endloop
  endfacet
  facet normal 0.9763 -0.21642 0
    outer loop
      vertex -4.34667 1.16469 0
      vertex -4.37764 1.02498 2.99
      vertex -4.37764 1.02498 0
    endloop
  endfacet
  facet normal -0.461745 0.887013 0
    outer loop
      vertex 2.25 -3.89711 0
      vertex 1.90178 -4.07838 2.99
      vertex 2.25 -3.89711 2.99
    endloop
  endfacet
  facet normal -0.461745 0.887013 0
    outer loop
      vertex 1.90178 -4.07838 2.99
      vertex 2.25 -3.89711 0
      vertex 1.90178 -4.07838 0
    endloop
  endfacet
  facet normal -0.537291 -0.843397 0
    outer loop
      vertex 2.25 3.89711 0
      vertex 2.37068 3.82023 2.99
      vertex 2.25 3.89711 2.99
    endloop
  endfacet
  facet normal -0.537291 -0.843397 -0
    outer loop
      vertex 2.37068 3.82023 2.99
      vertex 2.25 3.89711 0
      vertex 2.37068 3.82023 0
    endloop
  endfacet
  facet normal -0.843397 0.537291 0
    outer loop
      vertex 3.82023 -2.37068 0
      vertex 3.89711 -2.25 2.99
      vertex 3.89711 -2.25 0
    endloop
  endfacet
  facet normal -0.843397 0.537291 0
    outer loop
      vertex 3.89711 -2.25 2.99
      vertex 3.82023 -2.37068 0
      vertex 3.82023 -2.37068 2.99
    endloop
  endfacet
  facet normal 0.9763 0.21642 0
    outer loop
      vertex -4.34667 -1.16469 2.99
      vertex -4.37764 -1.02498 0
      vertex -4.37764 -1.02498 2.99
    endloop
  endfacet
  facet normal 0.9763 0.21642 0
    outer loop
      vertex -4.37764 -1.02498 0
      vertex -4.34667 -1.16469 2.99
      vertex -4.34667 -1.16469 0
    endloop
  endfacet
  facet normal 0.461745 -0.887013 0
    outer loop
      vertex -2.25 3.89711 0
      vertex -1.90178 4.07838 2.99
      vertex -2.25 3.89711 2.99
    endloop
  endfacet
  facet normal 0.461745 -0.887013 0
    outer loop
      vertex -1.90178 4.07838 2.99
      vertex -2.25 3.89711 0
      vertex -1.90178 4.07838 0
    endloop
  endfacet
  facet normal -0.887013 -0.461745 0
    outer loop
      vertex 4.07838 1.90178 0
      vertex 3.89711 2.25 2.99
      vertex 3.89711 2.25 0
    endloop
  endfacet
  facet normal -0.887013 -0.461745 0
    outer loop
      vertex 3.89711 2.25 2.99
      vertex 4.07838 1.90178 0
      vertex 4.07838 1.90178 2.99
    endloop
  endfacet
  facet normal 0.537291 -0.843397 0
    outer loop
      vertex -2.37068 3.82023 0
      vertex -2.25 3.89711 2.99
      vertex -2.37068 3.82023 2.99
    endloop
  endfacet
  facet normal 0.537291 -0.843397 0
    outer loop
      vertex -2.25 3.89711 2.99
      vertex -2.37068 3.82023 0
      vertex -2.25 3.89711 0
    endloop
  endfacet
  facet normal 0.843397 0.537291 0
    outer loop
      vertex -3.82023 -2.37068 2.99
      vertex -3.89711 -2.25 0
      vertex -3.89711 -2.25 2.99
    endloop
  endfacet
  facet normal 0.843397 0.537291 0
    outer loop
      vertex -3.89711 -2.25 0
      vertex -3.82023 -2.37068 2.99
      vertex -3.82023 -2.37068 0
    endloop
  endfacet
  facet normal -0.843397 -0.537291 0
    outer loop
      vertex 3.89711 2.25 0
      vertex 3.82023 2.37068 2.99
      vertex 3.82023 2.37068 0
    endloop
  endfacet
  facet normal -0.843397 -0.537291 0
    outer loop
      vertex 3.82023 2.37068 2.99
      vertex 3.89711 2.25 0
      vertex 3.89711 2.25 2.99
    endloop
  endfacet
  facet normal 0.923872 -0.382703 0
    outer loop
      vertex -4.22862 1.53909 2.99
      vertex -4.07838 1.90178 0
      vertex -4.07838 1.90178 2.99
    endloop
  endfacet
  facet normal 0.923872 -0.382703 0
    outer loop
      vertex -4.07838 1.90178 0
      vertex -4.22862 1.53909 2.99
      vertex -4.22862 1.53909 0
    endloop
  endfacet
  facet normal 0.537291 0.843397 -0
    outer loop
      vertex -2.25 -3.89711 0
      vertex -2.37068 -3.82023 2.99
      vertex -2.25 -3.89711 2.99
    endloop
  endfacet
  facet normal 0.537291 0.843397 0
    outer loop
      vertex -2.37068 -3.82023 2.99
      vertex -2.25 -3.89711 0
      vertex -2.37068 -3.82023 0
    endloop
  endfacet
  facet normal 0.21642 0.9763 -0
    outer loop
      vertex -1.02498 -4.37764 0
      vertex -1.16469 -4.34667 2.99
      vertex -1.02498 -4.37764 2.99
    endloop
  endfacet
  facet normal 0.21642 0.9763 0
    outer loop
      vertex -1.16469 -4.34667 2.99
      vertex -1.02498 -4.37764 0
      vertex -1.16469 -4.34667 0
    endloop
  endfacet
  facet normal -0.21642 -0.9763 0
    outer loop
      vertex 1.02498 4.37764 0
      vertex 1.16469 4.34667 2.99
      vertex 1.02498 4.37764 2.99
    endloop
  endfacet
  facet normal -0.21642 -0.9763 -0
    outer loop
      vertex 1.16469 4.34667 2.99
      vertex 1.02498 4.37764 0
      vertex 1.16469 4.34667 0
    endloop
  endfacet
  facet normal -0.300711 0.953715 0
    outer loop
      vertex 1.53909 -4.22862 0
      vertex 1.16469 -4.34667 2.99
      vertex 1.53909 -4.22862 2.99
    endloop
  endfacet
  facet normal -0.300711 0.953715 0
    outer loop
      vertex 1.16469 -4.34667 2.99
      vertex 1.53909 -4.22862 0
      vertex 1.16469 -4.34667 0
    endloop
  endfacet
  facet normal -0.537291 0.843397 0
    outer loop
      vertex 2.37068 -3.82023 0
      vertex 2.25 -3.89711 2.99
      vertex 2.37068 -3.82023 2.99
    endloop
  endfacet
  facet normal -0.537291 0.843397 0
    outer loop
      vertex 2.25 -3.89711 2.99
      vertex 2.37068 -3.82023 0
      vertex 2.25 -3.89711 0
    endloop
  endfacet
  facet normal 0.887013 -0.461745 0
    outer loop
      vertex -4.07838 1.90178 2.99
      vertex -3.89711 2.25 0
      vertex -3.89711 2.25 2.99
    endloop
  endfacet
  facet normal 0.887013 -0.461745 0
    outer loop
      vertex -3.89711 2.25 0
      vertex -4.07838 1.90178 2.99
      vertex -4.07838 1.90178 0
    endloop
  endfacet
  facet normal -0.923872 0.382703 0
    outer loop
      vertex 4.07838 -1.90178 0
      vertex 4.22862 -1.53909 2.99
      vertex 4.22862 -1.53909 0
    endloop
  endfacet
  facet normal -0.923872 0.382703 0
    outer loop
      vertex 4.22862 -1.53909 2.99
      vertex 4.07838 -1.90178 0
      vertex 4.07838 -1.90178 2.99
    endloop
  endfacet
  facet normal 0.887013 0.461745 0
    outer loop
      vertex -3.89711 -2.25 2.99
      vertex -4.07838 -1.90178 0
      vertex -4.07838 -1.90178 2.99
    endloop
  endfacet
  facet normal 0.887013 0.461745 0
    outer loop
      vertex -4.07838 -1.90178 0
      vertex -3.89711 -2.25 2.99
      vertex -3.89711 -2.25 0
    endloop
  endfacet
  facet normal 0.300711 0.953715 -0
    outer loop
      vertex -1.16469 -4.34667 0
      vertex -1.53909 -4.22862 2.99
      vertex -1.16469 -4.34667 2.99
    endloop
  endfacet
  facet normal 0.300711 0.953715 0
    outer loop
      vertex -1.53909 -4.22862 2.99
      vertex -1.16469 -4.34667 0
      vertex -1.53909 -4.22862 0
    endloop
  endfacet
  facet normal -0.300711 -0.953715 0
    outer loop
      vertex 1.16469 4.34667 0
      vertex 1.53909 4.22862 2.99
      vertex 1.16469 4.34667 2.99
    endloop
  endfacet
  facet normal -0.300711 -0.953715 -0
    outer loop
      vertex 1.53909 4.22862 2.99
      vertex 1.16469 4.34667 0
      vertex 1.53909 4.22862 0
    endloop
  endfacet
  facet normal 0.382703 0.923872 -0
    outer loop
      vertex -1.53909 -4.22862 0
      vertex -1.90178 -4.07838 2.99
      vertex -1.53909 -4.22862 2.99
    endloop
  endfacet
  facet normal 0.382703 0.923872 0
    outer loop
      vertex -1.90178 -4.07838 2.99
      vertex -1.53909 -4.22862 0
      vertex -1.90178 -4.07838 0
    endloop
  endfacet
  facet normal 0.382703 -0.923872 0
    outer loop
      vertex -1.90178 4.07838 0
      vertex -1.53909 4.22862 2.99
      vertex -1.90178 4.07838 2.99
    endloop
  endfacet
  facet normal 0.382703 -0.923872 0
    outer loop
      vertex -1.53909 4.22862 2.99
      vertex -1.90178 4.07838 0
      vertex -1.53909 4.22862 0
    endloop
  endfacet
  facet normal 0 0 -1
    outer loop
      vertex 2.25 -3.89711 2.99
      vertex 2.35376 -3.74391 2.99
      vertex 2.37068 -3.82023 2.99
    endloop
  endfacet
  facet normal 0 0 -1
    outer loop
      vertex 2.25 -3.89711 2.99
      vertex 2.3401 -3.64012 2.99
      vertex 2.35376 -3.74391 2.99
    endloop
  endfacet
  facet normal 0 0 -1
    outer loop
      vertex 1.90178 -4.07838 2.99
      vertex 2.3401 -3.64012 2.99
      vertex 2.25 -3.89711 2.99
    endloop
  endfacet
  facet normal -0 0 -1
    outer loop
      vertex 2.33553 -3.53553 2.99
      vertex 1.90178 -4.07838 2.99
      vertex 2.3401 -3.43095 2.99
    endloop
  endfacet
  facet normal 0 0 -1
    outer loop
      vertex 2.3401 -3.43095 2.99
      vertex 2.12132 -2.12132 2.99
      vertex 2.29813 -1.92836 2.99
    endloop
  endfacet
  facet normal 0 0 -1
    outer loop
      vertex 2.3401 -3.43095 2.99
      vertex 1.92836 -2.29813 2.99
      vertex 2.12132 -2.12132 2.99
    endloop
  endfacet
  facet normal 0 0 -1
    outer loop
      vertex 1.26785 -2.71892 2.99
      vertex 2.3401 -3.43095 2.99
      vertex 1.90178 -4.07838 2.99
    endloop
  endfacet
  facet normal 0 0 -1
    outer loop
      vertex 2.3401 -3.43095 2.99
      vertex 1.72073 -2.45746 2.99
      vertex 1.92836 -2.29813 2.99
    endloop
  endfacet
  facet normal 0 0 -1
    outer loop
      vertex 1.26785 -2.71892 2.99
      vertex 1.90178 -4.07838 2.99
      vertex 1.53909 -4.22862 2.99
    endloop
  endfacet
  facet normal 0 0 -1
    outer loop
      vertex 2.3401 -3.43095 2.99
      vertex 1.5 -2.59808 2.99
      vertex 1.72073 -2.45746 2.99
    endloop
  endfacet
  facet normal 0 0 -1
    outer loop
      vertex 2.3401 -3.43095 2.99
      vertex 1.26785 -2.71892 2.99
      vertex 1.5 -2.59808 2.99
    endloop
  endfacet
  facet normal 0 0 -1
    outer loop
      vertex 0.919252 -4.22865 2.99
      vertex 1.53909 -4.22862 2.99
      vertex 1.16469 -4.34667 2.99
    endloop
  endfacet
  facet normal 0 0 -1
    outer loop
      vertex 1.53909 -4.22862 2.99
      vertex 1.02606 -2.81908 2.99
      vertex 1.26785 -2.71892 2.99
    endloop
  endfacet
  facet normal 0 0 -1
    outer loop
      vertex 0.982982 -4.31171 2.99
      vertex 1.16469 -4.34667 2.99
      vertex 1.02498 -4.37764 2.99
    endloop
  endfacet
  facet normal 0 0 -1
    outer loop
      vertex 0.919252 -4.22865 2.99
      vertex 1.16469 -4.34667 2.99
      vertex 0.982982 -4.31171 2.99
    endloop
  endfacet
  facet normal -0 0 -1
    outer loop
      vertex 1.53909 -4.22862 2.99
      vertex 0.919252 -4.22865 2.99
      vertex 0.848528 -4.15147 2.99
    endloop
  endfacet
  facet normal 0 0 -1
    outer loop
      vertex 0.771344 -4.08075 2.99
      vertex 1.53909 -4.22862 2.99
      vertex 0.848528 -4.15147 2.99
    endloop
  endfacet
  facet normal 0 0 -1
    outer loop
      vertex 1.53909 -4.22862 2.99
      vertex 0.771344 -4.08075 2.99
      vertex 1.02606 -2.81908 2.99
    endloop
  endfacet
  facet normal 0 0 -1
    outer loop
      vertex 0.688292 -4.01702 2.99
      vertex 1.02606 -2.81908 2.99
      vertex 0.771344 -4.08075 2.99
    endloop
  endfacet
  facet normal 0 0 -1
    outer loop
      vertex 1.02606 -2.81908 2.99
      vertex 0.688292 -4.01702 2.99
      vertex 0.776457 -2.89778 2.99
    endloop
  endfacet
  facet normal 0 0 -1
    outer loop
      vertex 0.599999 -3.96077 2.99
      vertex 0.776457 -2.89778 2.99
      vertex 0.688292 -4.01702 2.99
    endloop
  endfacet
  facet normal 0 0 -1
    outer loop
      vertex 0.507141 -3.91243 2.99
      vertex 0.776457 -2.89778 2.99
      vertex 0.599999 -3.96077 2.99
    endloop
  endfacet
  facet normal 0 0 -1
    outer loop
      vertex 0.776457 -2.89778 2.99
      vertex 0.507141 -3.91243 2.99
      vertex 0.520944 -2.95442 2.99
    endloop
  endfacet
  facet normal 0 0 -1
    outer loop
      vertex 0.410423 -3.87237 2.99
      vertex 0.520944 -2.95442 2.99
      vertex 0.507141 -3.91243 2.99
    endloop
  endfacet
  facet normal 0 0 -1
    outer loop
      vertex 0.310582 -3.84089 2.99
      vertex 0.520944 -2.95442 2.99
      vertex 0.410423 -3.87237 2.99
    endloop
  endfacet
  facet normal 0 0 -1
    outer loop
      vertex 0.310582 -3.84089 2.99
      vertex 0.261467 -2.98858 2.99
      vertex 0.520944 -2.95442 2.99
    endloop
  endfacet
  facet normal 0 0 -1
    outer loop
      vertex 0.208377 -3.81823 2.99
      vertex 0.261467 -2.98858 2.99
      vertex 0.310582 -3.84089 2.99
    endloop
  endfacet
  facet normal 0 0 -1
    outer loop
      vertex 0.104587 -3.80457 2.99
      vertex 0.261467 -2.98858 2.99
      vertex 0.208377 -3.81823 2.99
    endloop
  endfacet
  facet normal 0 0 -1
    outer loop
      vertex 0 -3 2.99
      vertex 0.104587 -3.80457 2.99
      vertex 0 -3.8 2.99
    endloop
  endfacet
  facet normal 0 0 -1
    outer loop
      vertex 0.104587 -3.80457 2.99
      vertex 0 -3 2.99
      vertex 0.261467 -2.98858 2.99
    endloop
  endfacet
  facet normal 0 0 -1
    outer loop
      vertex -0.104587 -3.80457 2.99
      vertex 0 -3 2.99
      vertex 0 -3.8 2.99
    endloop
  endfacet
  facet normal 0 0 -1
    outer loop
      vertex -0.261467 -2.98858 2.99
      vertex -0.104587 -3.80457 2.99
      vertex -0.208377 -3.81823 2.99
    endloop
  endfacet
  facet normal 0 0 -1
    outer loop
      vertex -0.104587 -3.80457 2.99
      vertex -0.261467 -2.98858 2.99
      vertex 0 -3 2.99
    endloop
  endfacet
  facet normal 0 0 -1
    outer loop
      vertex -0.310582 -3.84089 2.99
      vertex -0.261467 -2.98858 2.99
      vertex -0.208377 -3.81823 2.99
    endloop
  endfacet
  facet normal 0 0 -1
    outer loop
      vertex -0.520944 -2.95442 2.99
      vertex -0.310582 -3.84089 2.99
      vertex -0.410423 -3.87237 2.99
    endloop
  endfacet
  facet normal 0 0 -1
    outer loop
      vertex -0.520944 -2.95442 2.99
      vertex -0.410423 -3.87237 2.99
      vertex -0.507141 -3.91243 2.99
    endloop
  endfacet
  facet normal 0 0 -1
    outer loop
      vertex -0.310582 -3.84089 2.99
      vertex -0.520944 -2.95442 2.99
      vertex -0.261467 -2.98858 2.99
    endloop
  endfacet
  facet normal 0 0 -1
    outer loop
      vertex -0.776457 -2.89778 2.99
      vertex -0.507141 -3.91243 2.99
      vertex -0.599999 -3.96077 2.99
    endloop
  endfacet
  facet normal 0 0 -1
    outer loop
      vertex -0.776457 -2.89778 2.99
      vertex -0.599999 -3.96077 2.99
      vertex -0.688292 -4.01702 2.99
    endloop
  endfacet
  facet normal 0 0 -1
    outer loop
      vertex -1.02606 -2.81908 2.99
      vertex -0.688292 -4.01702 2.99
      vertex -0.771344 -4.08075 2.99
    endloop
  endfacet
  facet normal 0 0 -1
    outer loop
      vertex -0.507141 -3.91243 2.99
      vertex -0.776457 -2.89778 2.99
      vertex -0.520944 -2.95442 2.99
    endloop
  endfacet
  facet normal 0 0 -1
    outer loop
      vertex -1.53909 -4.22862 2.99
      vertex -0.771344 -4.08075 2.99
      vertex -0.848528 -4.15147 2.99
    endloop
  endfacet
  facet normal 0 0 -1
    outer loop
      vertex -1.53909 -4.22862 2.99
      vertex -0.848528 -4.15147 2.99
      vertex -0.919252 -4.22865 2.99
    endloop
  endfacet
  facet normal 0 0 -1
    outer loop
      vertex -1.16469 -4.34667 2.99
      vertex -0.919252 -4.22865 2.99
      vertex -0.982982 -4.31171 2.99
    endloop
  endfacet
  facet normal 0 0 -1
    outer loop
      vertex -1.16469 -4.34667 2.99
      vertex -0.982982 -4.31171 2.99
      vertex -1.02498 -4.37764 2.99
    endloop
  endfacet
  facet normal -0 0 -1
    outer loop
      vertex -0.919252 -4.22865 2.99
      vertex -1.16469 -4.34667 2.99
      vertex -1.53909 -4.22862 2.99
    endloop
  endfacet
  facet normal 0 0 -1
    outer loop
      vertex -0.688292 -4.01702 2.99
      vertex -1.02606 -2.81908 2.99
      vertex -0.776457 -2.89778 2.99
    endloop
  endfacet
  facet normal -0 0 -1
    outer loop
      vertex -0.771344 -4.08075 2.99
      vertex -1.53909 -4.22862 2.99
      vertex -1.02606 -2.81908 2.99
    endloop
  endfacet
  facet normal -0 0 -1
    outer loop
      vertex -1.02606 -2.81908 2.99
      vertex -1.53909 -4.22862 2.99
      vertex -1.26785 -2.71892 2.99
    endloop
  endfacet
  facet normal 0 0 -1
    outer loop
      vertex -1.90178 -4.07838 2.99
      vertex -1.26785 -2.71892 2.99
      vertex -1.53909 -4.22862 2.99
    endloop
  endfacet
  facet normal 0 0 -1
    outer loop
      vertex -2.3401 -3.43095 2.99
      vertex -1.26785 -2.71892 2.99
      vertex -1.90178 -4.07838 2.99
    endloop
  endfacet
  facet normal 0 0 -1
    outer loop
      vertex -2.35376 -3.32716 2.99
      vertex -1.26785 -2.71892 2.99
      vertex -2.3401 -3.43095 2.99
    endloop
  endfacet
  facet normal -0 0 -1
    outer loop
      vertex -1.26785 -2.71892 2.99
      vertex -2.35376 -3.32716 2.99
      vertex -1.5 -2.59808 2.99
    endloop
  endfacet
  facet normal 0 0 -1
    outer loop
      vertex -2.4079 -3.12511 2.99
      vertex -1.5 -2.59808 2.99
      vertex -2.37642 -3.22495 2.99
    endloop
  endfacet
  facet normal 0 0 -1
    outer loop
      vertex -2.3401 -3.64012 2.99
      vertex -1.90178 -4.07838 2.99
      vertex -2.25 -3.89711 2.99
    endloop
  endfacet
  facet normal 0 0 -1
    outer loop
      vertex -2.37642 -3.22495 2.99
      vertex -1.5 -2.59808 2.99
      vertex -2.35376 -3.32716 2.99
    endloop
  endfacet
  facet normal 0 0 -1
    outer loop
      vertex -1.90178 -4.07838 2.99
      vertex -2.33553 -3.53553 2.99
      vertex -2.3401 -3.43095 2.99
    endloop
  endfacet
  facet normal 0 0 -1
    outer loop
      vertex -1.90178 -4.07838 2.99
      vertex -2.3401 -3.64012 2.99
      vertex -2.33553 -3.53553 2.99
    endloop
  endfacet
  facet normal 0 0 -1
    outer loop
      vertex -2.25 -3.89711 2.99
      vertex -2.35376 -3.74391 2.99
      vertex -2.3401 -3.64012 2.99
    endloop
  endfacet
  facet normal 0 -0 -1
    outer loop
      vertex -2.35376 -3.74391 2.99
      vertex -2.25 -3.89711 2.99
      vertex -2.37068 -3.82023 2.99
    endloop
  endfacet
  facet normal -0 0 -1
    outer loop
      vertex 4.07838 1.90178 2.99
      vertex 2.71892 1.26785 2.99
      vertex 3.43095 2.3401 2.99
    endloop
  endfacet
  facet normal -0 0 -1
    outer loop
      vertex 3.43095 2.3401 2.99
      vertex 2.71892 1.26785 2.99
      vertex 3.32716 2.35376 2.99
    endloop
  endfacet
  facet normal 0 0 -1
    outer loop
      vertex 2.59808 1.5 2.99
      vertex 3.32716 2.35376 2.99
      vertex 2.71892 1.26785 2.99
    endloop
  endfacet
  facet normal -0 0 -1
    outer loop
      vertex 3.32716 2.35376 2.99
      vertex 2.59808 1.5 2.99
      vertex 3.22495 2.37642 2.99
    endloop
  endfacet
  facet normal -0 0 -1
    outer loop
      vertex 3.22495 2.37642 2.99
      vertex 2.59808 1.5 2.99
      vertex 3.12511 2.4079 2.99
    endloop
  endfacet
  facet normal 0 0 -1
    outer loop
      vertex 2.45746 1.72073 2.99
      vertex 3.12511 2.4079 2.99
      vertex 2.59808 1.5 2.99
    endloop
  endfacet
  facet normal -0 0 -1
    outer loop
      vertex 3.12511 2.4079 2.99
      vertex 2.45746 1.72073 2.99
      vertex 3.02839 2.44796 2.99
    endloop
  endfacet
  facet normal -0 0 -1
    outer loop
      vertex 3.02839 2.44796 2.99
      vertex 2.45746 1.72073 2.99
      vertex 2.93553 2.4963 2.99
    endloop
  endfacet
  facet normal 0 0 -1
    outer loop
      vertex 2.29813 1.92836 2.99
      vertex 2.93553 2.4963 2.99
      vertex 2.45746 1.72073 2.99
    endloop
  endfacet
  facet normal -0 0 -1
    outer loop
      vertex 2.93553 2.4963 2.99
      vertex 2.29813 1.92836 2.99
      vertex 2.84724 2.55255 2.99
    endloop
  endfacet
  facet normal -0 0 -1
    outer loop
      vertex 2.84724 2.55255 2.99
      vertex 2.29813 1.92836 2.99
      vertex 2.76419 2.61628 2.99
    endloop
  endfacet
  facet normal 0 0 -1
    outer loop
      vertex 2.12132 2.12132 2.99
      vertex 2.76419 2.61628 2.99
      vertex 2.29813 1.92836 2.99
    endloop
  endfacet
  facet normal -0 0 -1
    outer loop
      vertex 2.76419 2.61628 2.99
      vertex 2.12132 2.12132 2.99
      vertex 2.68701 2.68701 2.99
    endloop
  endfacet
  facet normal -0 0 -1
    outer loop
      vertex 2.68701 2.68701 2.99
      vertex 2.12132 2.12132 2.99
      vertex 2.61628 2.76419 2.99
    endloop
  endfacet
  facet normal 0 0 -1
    outer loop
      vertex 1.92836 2.29813 2.99
      vertex 2.61628 2.76419 2.99
      vertex 2.12132 2.12132 2.99
    endloop
  endfacet
  facet normal -0 0 -1
    outer loop
      vertex 2.61628 2.76419 2.99
      vertex 1.92836 2.29813 2.99
      vertex 2.55255 2.84724 2.99
    endloop
  endfacet
  facet normal -0 0 -1
    outer loop
      vertex 2.55255 2.84724 2.99
      vertex 1.92836 2.29813 2.99
      vertex 2.4963 2.93553 2.99
    endloop
  endfacet
  facet normal 0 0 -1
    outer loop
      vertex 1.72073 2.45746 2.99
      vertex 2.4963 2.93553 2.99
      vertex 1.92836 2.29813 2.99
    endloop
  endfacet
  facet normal -0 0 -1
    outer loop
      vertex 2.4963 2.93553 2.99
      vertex 1.72073 2.45746 2.99
      vertex 2.44796 3.02839 2.99
    endloop
  endfacet
  facet normal 0 0 -1
    outer loop
      vertex 1.5 2.59808 2.99
      vertex 2.4079 3.12511 2.99
      vertex 1.72073 2.45746 2.99
    endloop
  endfacet
  facet normal -0 0 -1
    outer loop
      vertex 2.44796 3.02839 2.99
      vertex 1.72073 2.45746 2.99
      vertex 2.4079 3.12511 2.99
    endloop
  endfacet
  facet normal 0 0 -1
    outer loop
      vertex 4.34667 -1.16469 2.99
      vertex 4.31171 -0.982982 2.99
      vertex 4.37764 -1.02498 2.99
    endloop
  endfacet
  facet normal 0 0 -1
    outer loop
      vertex 4.34667 -1.16469 2.99
      vertex 4.22865 -0.919252 2.99
      vertex 4.31171 -0.982982 2.99
    endloop
  endfacet
  facet normal 0 0 -1
    outer loop
      vertex 4.22862 -1.53909 2.99
      vertex 4.22865 -0.919252 2.99
      vertex 4.34667 -1.16469 2.99
    endloop
  endfacet
  facet normal 0 0 -1
    outer loop
      vertex 4.22862 -1.53909 2.99
      vertex 4.15147 -0.848528 2.99
      vertex 4.22865 -0.919252 2.99
    endloop
  endfacet
  facet normal 0 0 -1
    outer loop
      vertex 4.22862 -1.53909 2.99
      vertex 4.08075 -0.771344 2.99
      vertex 4.15147 -0.848528 2.99
    endloop
  endfacet
  facet normal 0 0 -1
    outer loop
      vertex 2.81908 -1.02606 2.99
      vertex 4.22862 -1.53909 2.99
      vertex 4.07838 -1.90178 2.99
    endloop
  endfacet
  facet normal 0 0 -1
    outer loop
      vertex 4.22862 -1.53909 2.99
      vertex 2.81908 -1.02606 2.99
      vertex 4.08075 -0.771344 2.99
    endloop
  endfacet
  facet normal -0 0 -1
    outer loop
      vertex 4.08075 -0.771344 2.99
      vertex 2.81908 -1.02606 2.99
      vertex 4.01702 -0.688292 2.99
    endloop
  endfacet
  facet normal 0 -0 -1
    outer loop
      vertex 2.89778 -0.776457 2.99
      vertex 4.01702 -0.688292 2.99
      vertex 2.81908 -1.02606 2.99
    endloop
  endfacet
  facet normal 0 0 -1
    outer loop
      vertex 3.64012 -2.3401 2.99
      vertex 4.07838 -1.90178 2.99
      vertex 3.89711 -2.25 2.99
    endloop
  endfacet
  facet normal -0 0 -1
    outer loop
      vertex 4.01702 -0.688292 2.99
      vertex 2.89778 -0.776457 2.99
      vertex 3.96077 -0.599999 2.99
    endloop
  endfacet
  facet normal -0 0 -1
    outer loop
      vertex 3.96077 -0.599999 2.99
      vertex 2.89778 -0.776457 2.99
      vertex 3.91243 -0.507141 2.99
    endloop
  endfacet
  facet normal 0 0 -1
    outer loop
      vertex 3.74391 -2.35376 2.99
      vertex 3.89711 -2.25 2.99
      vertex 3.82023 -2.37068 2.99
    endloop
  endfacet
  facet normal 0 0 -1
    outer loop
      vertex 3.64012 -2.3401 2.99
      vertex 3.89711 -2.25 2.99
      vertex 3.74391 -2.35376 2.99
    endloop
  endfacet
  facet normal 0 0 -1
    outer loop
      vertex 4.07838 -1.90178 2.99
      vertex 3.64012 -2.3401 2.99
      vertex 3.53553 -2.33553 2.99
    endloop
  endfacet
  facet normal -0 0 -1
    outer loop
      vertex 3.91243 -0.507141 2.99
      vertex 2.95442 -0.520944 2.99
      vertex 3.87237 -0.410423 2.99
    endloop
  endfacet
  facet normal 0 -0 -1
    outer loop
      vertex 2.98858 -0.261467 2.99
      vertex 3.84089 -0.310582 2.99
      vertex 2.95442 -0.520944 2.99
    endloop
  endfacet
  facet normal 0 0 -1
    outer loop
      vertex 4.31171 0.982982 2.99
      vertex 4.34667 1.16469 2.99
      vertex 4.37764 1.02498 2.99
    endloop
  endfacet
  facet normal 0 0 -1
    outer loop
      vertex 4.22865 0.919252 2.99
      vertex 4.34667 1.16469 2.99
      vertex 4.31171 0.982982 2.99
    endloop
  endfacet
  facet normal 0 0 -1
    outer loop
      vertex 4.22865 0.919252 2.99
      vertex 4.22862 1.53909 2.99
      vertex 4.34667 1.16469 2.99
    endloop
  endfacet
  facet normal 0 0 -1
    outer loop
      vertex 4.15147 0.848528 2.99
      vertex 4.22862 1.53909 2.99
      vertex 4.22865 0.919252 2.99
    endloop
  endfacet
  facet normal 0 0 -1
    outer loop
      vertex 4.08075 0.771344 2.99
      vertex 4.22862 1.53909 2.99
      vertex 4.15147 0.848528 2.99
    endloop
  endfacet
  facet normal 0 0 -1
    outer loop
      vertex 3.96077 0.599999 2.99
      vertex 2.89778 0.776457 2.99
      vertex 4.01702 0.688292 2.99
    endloop
  endfacet
  facet normal 0 0 -1
    outer loop
      vertex 2.81908 1.02606 2.99
      vertex 4.01702 0.688292 2.99
      vertex 2.89778 0.776457 2.99
    endloop
  endfacet
  facet normal 0 0 -1
    outer loop
      vertex 2.89778 0.776457 2.99
      vertex 3.91243 0.507141 2.99
      vertex 2.95442 0.520944 2.99
    endloop
  endfacet
  facet normal 0 0 -1
    outer loop
      vertex 3.84089 0.310582 2.99
      vertex 2.95442 0.520944 2.99
      vertex 3.87237 0.410423 2.99
    endloop
  endfacet
  facet normal 0 0 -1
    outer loop
      vertex 4.01702 0.688292 2.99
      vertex 2.81908 1.02606 2.99
      vertex 4.08075 0.771344 2.99
    endloop
  endfacet
  facet normal 0 0 -1
    outer loop
      vertex 2.95442 0.520944 2.99
      vertex 3.84089 0.310582 2.99
      vertex 2.98858 0.261467 2.99
    endloop
  endfacet
  facet normal 0 0 -1
    outer loop
      vertex 3.81823 0.208377 2.99
      vertex 2.98858 0.261467 2.99
      vertex 3.84089 0.310582 2.99
    endloop
  endfacet
  facet normal 0 -0 -1
    outer loop
      vertex 3.64012 2.3401 2.99
      vertex 4.07838 1.90178 2.99
      vertex 3.53553 2.33553 2.99
    endloop
  endfacet
  facet normal 0 0 -1
    outer loop
      vertex 3.80457 0.104587 2.99
      vertex 2.98858 0.261467 2.99
      vertex 3.81823 0.208377 2.99
    endloop
  endfacet
  facet normal 0 0 -1
    outer loop
      vertex 2.98858 0.261467 2.99
      vertex 3.80457 0.104587 2.99
      vertex 3 0 2.99
    endloop
  endfacet
  facet normal 0 0 -1
    outer loop
      vertex 3 0 2.99
      vertex 3.80457 0.104587 2.99
      vertex 3.8 0 2.99
    endloop
  endfacet
  facet normal 0 0 -1
    outer loop
      vertex 3.84089 -0.310582 2.99
      vertex 2.98858 -0.261467 2.99
      vertex 3.81823 -0.208377 2.99
    endloop
  endfacet
  facet normal 0 0 -1
    outer loop
      vertex 3.87237 0.410423 2.99
      vertex 2.95442 0.520944 2.99
      vertex 3.91243 0.507141 2.99
    endloop
  endfacet
  facet normal 0 -0 -1
    outer loop
      vertex 2.95442 -0.520944 2.99
      vertex 3.91243 -0.507141 2.99
      vertex 2.89778 -0.776457 2.99
    endloop
  endfacet
  facet normal 0 0 -1
    outer loop
      vertex 3.89711 2.25 2.99
      vertex 3.74391 2.35376 2.99
      vertex 3.82023 2.37068 2.99
    endloop
  endfacet
  facet normal 0 0 -1
    outer loop
      vertex 3.43095 -2.3401 2.99
      vertex 4.07838 -1.90178 2.99
      vertex 3.53553 -2.33553 2.99
    endloop
  endfacet
  facet normal 0 0 -1
    outer loop
      vertex 3.89711 2.25 2.99
      vertex 3.64012 2.3401 2.99
      vertex 3.74391 2.35376 2.99
    endloop
  endfacet
  facet normal -0 0 -1
    outer loop
      vertex 4.07838 -1.90178 2.99
      vertex 3.43095 -2.3401 2.99
      vertex 2.71892 -1.26785 2.99
    endloop
  endfacet
  facet normal 0 0 -1
    outer loop
      vertex 4.07838 1.90178 2.99
      vertex 3.64012 2.3401 2.99
      vertex 3.89711 2.25 2.99
    endloop
  endfacet
  facet normal 0 0 -1
    outer loop
      vertex 2.71892 -1.26785 2.99
      vertex 3.43095 -2.3401 2.99
      vertex 3.32716 -2.35376 2.99
    endloop
  endfacet
  facet normal 0 0 -1
    outer loop
      vertex 4.07838 1.90178 2.99
      vertex 3.43095 2.3401 2.99
      vertex 3.53553 2.33553 2.99
    endloop
  endfacet
  facet normal 0 0 -1
    outer loop
      vertex 2.59808 -1.5 2.99
      vertex 3.32716 -2.35376 2.99
      vertex 3.22495 -2.37642 2.99
    endloop
  endfacet
  facet normal 0 0 -1
    outer loop
      vertex 4.08075 0.771344 2.99
      vertex 2.81908 1.02606 2.99
      vertex 4.22862 1.53909 2.99
    endloop
  endfacet
  facet normal 0 0 -1
    outer loop
      vertex 2.59808 -1.5 2.99
      vertex 3.22495 -2.37642 2.99
      vertex 3.12511 -2.4079 2.99
    endloop
  endfacet
  facet normal 0 0 -1
    outer loop
      vertex 3.91243 0.507141 2.99
      vertex 2.89778 0.776457 2.99
      vertex 3.96077 0.599999 2.99
    endloop
  endfacet
  facet normal 0 0 -1
    outer loop
      vertex 2.45746 -1.72073 2.99
      vertex 3.12511 -2.4079 2.99
      vertex 3.02839 -2.44796 2.99
    endloop
  endfacet
  facet normal -0 0 -1
    outer loop
      vertex 4.22862 1.53909 2.99
      vertex 2.81908 1.02606 2.99
      vertex 4.07838 1.90178 2.99
    endloop
  endfacet
  facet normal 0 0 -1
    outer loop
      vertex 2.71892 1.26785 2.99
      vertex 4.07838 1.90178 2.99
      vertex 2.81908 1.02606 2.99
    endloop
  endfacet
  facet normal 0 0 -1
    outer loop
      vertex 3.80457 -0.104587 2.99
      vertex 3 0 2.99
      vertex 3.8 0 2.99
    endloop
  endfacet
  facet normal 0 -0 -1
    outer loop
      vertex 3 0 2.99
      vertex 3.80457 -0.104587 2.99
      vertex 2.98858 -0.261467 2.99
    endloop
  endfacet
  facet normal 0 0 -1
    outer loop
      vertex 2.45746 -1.72073 2.99
      vertex 3.02839 -2.44796 2.99
      vertex 2.93553 -2.4963 2.99
    endloop
  endfacet
  facet normal -0 0 -1
    outer loop
      vertex 3.81823 -0.208377 2.99
      vertex 2.98858 -0.261467 2.99
      vertex 3.80457 -0.104587 2.99
    endloop
  endfacet
  facet normal 0 0 -1
    outer loop
      vertex 2.29813 -1.92836 2.99
      vertex 2.93553 -2.4963 2.99
      vertex 2.84724 -2.55255 2.99
    endloop
  endfacet
  facet normal -0 0 -1
    outer loop
      vertex 3.87237 -0.410423 2.99
      vertex 2.95442 -0.520944 2.99
      vertex 3.84089 -0.310582 2.99
    endloop
  endfacet
  facet normal 0 0 -1
    outer loop
      vertex 2.29813 -1.92836 2.99
      vertex 2.84724 -2.55255 2.99
      vertex 2.76419 -2.61628 2.99
    endloop
  endfacet
  facet normal 0 0 -1
    outer loop
      vertex 4.07838 -1.90178 2.99
      vertex 2.71892 -1.26785 2.99
      vertex 2.81908 -1.02606 2.99
    endloop
  endfacet
  facet normal 0 0 -1
    outer loop
      vertex 2.29813 -1.92836 2.99
      vertex 2.76419 -2.61628 2.99
      vertex 2.68701 -2.68701 2.99
    endloop
  endfacet
  facet normal 0 0 -1
    outer loop
      vertex 2.29813 -1.92836 2.99
      vertex 2.68701 -2.68701 2.99
      vertex 2.61628 -2.76419 2.99
    endloop
  endfacet
  facet normal 0 0 -1
    outer loop
      vertex 3.32716 -2.35376 2.99
      vertex 2.59808 -1.5 2.99
      vertex 2.71892 -1.26785 2.99
    endloop
  endfacet
  facet normal 0 0 -1
    outer loop
      vertex 2.29813 -1.92836 2.99
      vertex 2.61628 -2.76419 2.99
      vertex 2.55255 -2.84724 2.99
    endloop
  endfacet
  facet normal 0 0 -1
    outer loop
      vertex 2.29813 -1.92836 2.99
      vertex 2.55255 -2.84724 2.99
      vertex 2.4963 -2.93553 2.99
    endloop
  endfacet
  facet normal 0 0 -1
    outer loop
      vertex 3.12511 -2.4079 2.99
      vertex 2.45746 -1.72073 2.99
      vertex 2.59808 -1.5 2.99
    endloop
  endfacet
  facet normal 0 0 -1
    outer loop
      vertex 2.29813 -1.92836 2.99
      vertex 2.4963 -2.93553 2.99
      vertex 2.44796 -3.02839 2.99
    endloop
  endfacet
  facet normal 0 0 -1
    outer loop
      vertex 2.29813 -1.92836 2.99
      vertex 2.44796 -3.02839 2.99
      vertex 2.4079 -3.12511 2.99
    endloop
  endfacet
  facet normal 0 0 -1
    outer loop
      vertex 2.29813 -1.92836 2.99
      vertex 2.4079 -3.12511 2.99
      vertex 2.37642 -3.22495 2.99
    endloop
  endfacet
  facet normal 0 0 -1
    outer loop
      vertex 2.29813 -1.92836 2.99
      vertex 2.37642 -3.22495 2.99
      vertex 2.35376 -3.32716 2.99
    endloop
  endfacet
  facet normal 0 0 -1
    outer loop
      vertex 2.29813 -1.92836 2.99
      vertex 2.35376 -3.32716 2.99
      vertex 2.3401 -3.43095 2.99
    endloop
  endfacet
  facet normal 0 0 -1
    outer loop
      vertex 2.93553 -2.4963 2.99
      vertex 2.29813 -1.92836 2.99
      vertex 2.45746 -1.72073 2.99
    endloop
  endfacet
  facet normal -0 0 -1
    outer loop
      vertex 2.3401 -3.64012 2.99
      vertex 1.90178 -4.07838 2.99
      vertex 2.33553 -3.53553 2.99
    endloop
  endfacet
  facet normal 0 0 -1
    outer loop
      vertex 2.35376 3.74391 2.99
      vertex 2.25 3.89711 2.99
      vertex 2.37068 3.82023 2.99
    endloop
  endfacet
  facet normal 0 0 -1
    outer loop
      vertex 2.3401 3.64012 2.99
      vertex 2.25 3.89711 2.99
      vertex 2.35376 3.74391 2.99
    endloop
  endfacet
  facet normal 0 0 -1
    outer loop
      vertex 1.90178 4.07838 2.99
      vertex 2.3401 3.64012 2.99
      vertex 2.33553 3.53553 2.99
    endloop
  endfacet
  facet normal -0 0 -1
    outer loop
      vertex 2.4079 3.12511 2.99
      vertex 1.5 2.59808 2.99
      vertex 2.37642 3.22495 2.99
    endloop
  endfacet
  facet normal -0 0 -1
    outer loop
      vertex 2.37642 3.22495 2.99
      vertex 1.5 2.59808 2.99
      vertex 2.35376 3.32716 2.99
    endloop
  endfacet
  facet normal 0 0 -1
    outer loop
      vertex 1.26785 2.71892 2.99
      vertex 2.35376 3.32716 2.99
      vertex 1.5 2.59808 2.99
    endloop
  endfacet
  facet normal -0 0 -1
    outer loop
      vertex 2.35376 3.32716 2.99
      vertex 1.26785 2.71892 2.99
      vertex 2.3401 3.43095 2.99
    endloop
  endfacet
  facet normal 0 -0 -1
    outer loop
      vertex 1.90178 4.07838 2.99
      vertex 2.3401 3.43095 2.99
      vertex 1.26785 2.71892 2.99
    endloop
  endfacet
  facet normal 0 0 -1
    outer loop
      vertex 2.3401 3.64012 2.99
      vertex 1.90178 4.07838 2.99
      vertex 2.25 3.89711 2.99
    endloop
  endfacet
  facet normal 0 0 -1
    outer loop
      vertex 2.3401 3.43095 2.99
      vertex 1.90178 4.07838 2.99
      vertex 2.33553 3.53553 2.99
    endloop
  endfacet
  facet normal -0 0 -1
    outer loop
      vertex 1.90178 4.07838 2.99
      vertex 1.26785 2.71892 2.99
      vertex 1.53909 4.22862 2.99
    endloop
  endfacet
  facet normal 0 0 -1
    outer loop
      vertex 1.02606 2.81908 2.99
      vertex 1.53909 4.22862 2.99
      vertex 1.26785 2.71892 2.99
    endloop
  endfacet
  facet normal 0 0 -1
    outer loop
      vertex 0.771344 4.08075 2.99
      vertex 1.53909 4.22862 2.99
      vertex 1.02606 2.81908 2.99
    endloop
  endfacet
  facet normal 0 -0 -1
    outer loop
      vertex 0.919252 4.22865 2.99
      vertex 1.53909 4.22862 2.99
      vertex 0.848528 4.15147 2.99
    endloop
  endfacet
  facet normal -0 0 -1
    outer loop
      vertex 1.16469 4.34667 2.99
      vertex 0.982982 4.31171 2.99
      vertex 1.02498 4.37764 2.99
    endloop
  endfacet
  facet normal 0 0 -1
    outer loop
      vertex 1.16469 4.34667 2.99
      vertex 0.919252 4.22865 2.99
      vertex 0.982982 4.31171 2.99
    endloop
  endfacet
  facet normal 0 0 -1
    outer loop
      vertex 1.53909 4.22862 2.99
      vertex 0.919252 4.22865 2.99
      vertex 1.16469 4.34667 2.99
    endloop
  endfacet
  facet normal 0 0 -1
    outer loop
      vertex 0.688292 4.01702 2.99
      vertex 1.02606 2.81908 2.99
      vertex 0.776457 2.89778 2.99
    endloop
  endfacet
  facet normal 0 0 -1
    outer loop
      vertex 1.53909 4.22862 2.99
      vertex 0.771344 4.08075 2.99
      vertex 0.848528 4.15147 2.99
    endloop
  endfacet
  facet normal 0 0 -1
    outer loop
      vertex 1.02606 2.81908 2.99
      vertex 0.688292 4.01702 2.99
      vertex 0.771344 4.08075 2.99
    endloop
  endfacet
  facet normal 0 0 -1
    outer loop
      vertex 0.776457 2.89778 2.99
      vertex 0.599999 3.96077 2.99
      vertex 0.688292 4.01702 2.99
    endloop
  endfacet
  facet normal 0 0 -1
    outer loop
      vertex 0.507141 3.91243 2.99
      vertex 0.776457 2.89778 2.99
      vertex 0.520944 2.95442 2.99
    endloop
  endfacet
  facet normal 0 0 -1
    outer loop
      vertex 0.776457 2.89778 2.99
      vertex 0.507141 3.91243 2.99
      vertex 0.599999 3.96077 2.99
    endloop
  endfacet
  facet normal 0 0 -1
    outer loop
      vertex 0.520944 2.95442 2.99
      vertex 0.410423 3.87237 2.99
      vertex 0.507141 3.91243 2.99
    endloop
  endfacet
  facet normal 0 0 -1
    outer loop
      vertex 0.520944 2.95442 2.99
      vertex 0.310582 3.84089 2.99
      vertex 0.410423 3.87237 2.99
    endloop
  endfacet
  facet normal 0 0 -1
    outer loop
      vertex 0.261467 2.98858 2.99
      vertex 0.310582 3.84089 2.99
      vertex 0.520944 2.95442 2.99
    endloop
  endfacet
  facet normal 0 0 -1
    outer loop
      vertex 0.261467 2.98858 2.99
      vertex 0.208377 3.81823 2.99
      vertex 0.310582 3.84089 2.99
    endloop
  endfacet
  facet normal 0 0 -1
    outer loop
      vertex 0.261467 2.98858 2.99
      vertex 0.104587 3.80457 2.99
      vertex 0.208377 3.81823 2.99
    endloop
  endfacet
  facet normal 0 0 -1
    outer loop
      vertex 0 3 2.99
      vertex 0.104587 3.80457 2.99
      vertex 0.261467 2.98858 2.99
    endloop
  endfacet
  facet normal 0 0 -1
    outer loop
      vertex 0 3 2.99
      vertex 0 3.8 2.99
      vertex 0.104587 3.80457 2.99
    endloop
  endfacet
  facet normal 0 0 -1
    outer loop
      vertex 0 3 2.99
      vertex -0.104587 3.80457 2.99
      vertex 0 3.8 2.99
    endloop
  endfacet
  facet normal 0 0 -1
    outer loop
      vertex -0.261467 2.98858 2.99
      vertex -0.104587 3.80457 2.99
      vertex 0 3 2.99
    endloop
  endfacet
  facet normal -0 0 -1
    outer loop
      vertex -0.104587 3.80457 2.99
      vertex -0.261467 2.98858 2.99
      vertex -0.208377 3.81823 2.99
    endloop
  endfacet
  facet normal 0 0 -1
    outer loop
      vertex -0.261467 2.98858 2.99
      vertex -0.310582 3.84089 2.99
      vertex -0.208377 3.81823 2.99
    endloop
  endfacet
  facet normal 0 0 -1
    outer loop
      vertex -0.520944 2.95442 2.99
      vertex -0.310582 3.84089 2.99
      vertex -0.261467 2.98858 2.99
    endloop
  endfacet
  facet normal -0 0 -1
    outer loop
      vertex -0.310582 3.84089 2.99
      vertex -0.520944 2.95442 2.99
      vertex -0.410423 3.87237 2.99
    endloop
  endfacet
  facet normal -0 0 -1
    outer loop
      vertex -0.410423 3.87237 2.99
      vertex -0.520944 2.95442 2.99
      vertex -0.507141 3.91243 2.99
    endloop
  endfacet
  facet normal 0 0 -1
    outer loop
      vertex -0.776457 2.89778 2.99
      vertex -0.507141 3.91243 2.99
      vertex -0.520944 2.95442 2.99
    endloop
  endfacet
  facet normal -0 0 -1
    outer loop
      vertex -0.507141 3.91243 2.99
      vertex -0.776457 2.89778 2.99
      vertex -0.599999 3.96077 2.99
    endloop
  endfacet
  facet normal -0 0 -1
    outer loop
      vertex -0.599999 3.96077 2.99
      vertex -0.776457 2.89778 2.99
      vertex -0.688292 4.01702 2.99
    endloop
  endfacet
  facet normal 0 0 -1
    outer loop
      vertex -1.02606 2.81908 2.99
      vertex -0.688292 4.01702 2.99
      vertex -0.776457 2.89778 2.99
    endloop
  endfacet
  facet normal -0 0 -1
    outer loop
      vertex -0.688292 4.01702 2.99
      vertex -1.02606 2.81908 2.99
      vertex -0.771344 4.08075 2.99
    endloop
  endfacet
  facet normal 0 0 -1
    outer loop
      vertex -1.53909 4.22862 2.99
      vertex -0.771344 4.08075 2.99
      vertex -1.02606 2.81908 2.99
    endloop
  endfacet
  facet normal 0 0 -1
    outer loop
      vertex -0.771344 4.08075 2.99
      vertex -1.53909 4.22862 2.99
      vertex -0.848528 4.15147 2.99
    endloop
  endfacet
  facet normal 0 0 -1
    outer loop
      vertex -0.848528 4.15147 2.99
      vertex -1.53909 4.22862 2.99
      vertex -0.919252 4.22865 2.99
    endloop
  endfacet
  facet normal 0 -0 -1
    outer loop
      vertex -1.16469 4.34667 2.99
      vertex -0.919252 4.22865 2.99
      vertex -1.53909 4.22862 2.99
    endloop
  endfacet
  facet normal 0 0 -1
    outer loop
      vertex -0.982982 4.31171 2.99
      vertex -1.16469 4.34667 2.99
      vertex -1.02498 4.37764 2.99
    endloop
  endfacet
  facet normal 0 0 -1
    outer loop
      vertex -1.53909 4.22862 2.99
      vertex -1.02606 2.81908 2.99
      vertex -1.26785 2.71892 2.99
    endloop
  endfacet
  facet normal 0 0 -1
    outer loop
      vertex -2.35376 3.32716 2.99
      vertex -1.26785 2.71892 2.99
      vertex -1.5 2.59808 2.99
    endloop
  endfacet
  facet normal 0 0 -1
    outer loop
      vertex -0.919252 4.22865 2.99
      vertex -1.16469 4.34667 2.99
      vertex -0.982982 4.31171 2.99
    endloop
  endfacet
  facet normal 0 0 -1
    outer loop
      vertex -2.4079 3.12511 2.99
      vertex -1.5 2.59808 2.99
      vertex -1.72073 2.45746 2.99
    endloop
  endfacet
  facet normal 0 0 -1
    outer loop
      vertex -1.26785 2.71892 2.99
      vertex -1.90178 4.07838 2.99
      vertex -1.53909 4.22862 2.99
    endloop
  endfacet
  facet normal 0 0 -1
    outer loop
      vertex -2.4963 2.93553 2.99
      vertex -1.72073 2.45746 2.99
      vertex -1.92836 2.29813 2.99
    endloop
  endfacet
  facet normal 0 0 -1
    outer loop
      vertex -2.61628 2.76419 2.99
      vertex -1.92836 2.29813 2.99
      vertex -2.12132 2.12132 2.99
    endloop
  endfacet
  facet normal 0 0 -1
    outer loop
      vertex -1.26785 2.71892 2.99
      vertex -2.35376 3.32716 2.99
      vertex -2.3401 3.43095 2.99
    endloop
  endfacet
  facet normal 0 0 -1
    outer loop
      vertex -2.76419 2.61628 2.99
      vertex -2.12132 2.12132 2.99
      vertex -2.29813 1.92836 2.99
    endloop
  endfacet
  facet normal 0 -0 -1
    outer loop
      vertex -2.33553 3.53553 2.99
      vertex -1.90178 4.07838 2.99
      vertex -2.3401 3.43095 2.99
    endloop
  endfacet
  facet normal 0 0 -1
    outer loop
      vertex -1.90178 4.07838 2.99
      vertex -2.3401 3.64012 2.99
      vertex -2.25 3.89711 2.99
    endloop
  endfacet
  facet normal 0 0 -1
    outer loop
      vertex -2.35376 3.74391 2.99
      vertex -2.25 3.89711 2.99
      vertex -2.3401 3.64012 2.99
    endloop
  endfacet
  facet normal 0 0 -1
    outer loop
      vertex -2.25 3.89711 2.99
      vertex -2.35376 3.74391 2.99
      vertex -2.37068 3.82023 2.99
    endloop
  endfacet
  facet normal 0 0 -1
    outer loop
      vertex -2.98858 0.261467 2.99
      vertex -3.84089 0.310582 2.99
      vertex -2.95442 0.520944 2.99
    endloop
  endfacet
  facet normal 0 0 -1
    outer loop
      vertex -3.87237 0.410423 2.99
      vertex -2.95442 0.520944 2.99
      vertex -3.84089 0.310582 2.99
    endloop
  endfacet
  facet normal 0 0 -1
    outer loop
      vertex -3.91243 0.507141 2.99
      vertex -2.95442 0.520944 2.99
      vertex -3.87237 0.410423 2.99
    endloop
  endfacet
  facet normal -0 0 -1
    outer loop
      vertex -2.95442 0.520944 2.99
      vertex -3.91243 0.507141 2.99
      vertex -2.89778 0.776457 2.99
    endloop
  endfacet
  facet normal 0 0 -1
    outer loop
      vertex -3.96077 0.599999 2.99
      vertex -2.89778 0.776457 2.99
      vertex -3.91243 0.507141 2.99
    endloop
  endfacet
  facet normal 0 0 -1
    outer loop
      vertex -4.01702 0.688292 2.99
      vertex -2.89778 0.776457 2.99
      vertex -3.96077 0.599999 2.99
    endloop
  endfacet
  facet normal -0 0 -1
    outer loop
      vertex -3.74391 2.35376 2.99
      vertex -3.89711 2.25 2.99
      vertex -3.82023 2.37068 2.99
    endloop
  endfacet
  facet normal 0 0 -1
    outer loop
      vertex -2.89778 0.776457 2.99
      vertex -4.07838 1.90178 2.99
      vertex -3.74391 2.35376 2.99
    endloop
  endfacet
  facet normal 0 0 -1
    outer loop
      vertex -4.08075 0.771344 2.99
      vertex -2.89778 0.776457 2.99
      vertex -4.01702 0.688292 2.99
    endloop
  endfacet
  facet normal 0 0 -1
    outer loop
      vertex -3.74391 2.35376 2.99
      vertex -4.07838 1.90178 2.99
      vertex -3.89711 2.25 2.99
    endloop
  endfacet
  facet normal -0 0 -1
    outer loop
      vertex -2.89778 0.776457 2.99
      vertex -4.08075 0.771344 2.99
      vertex -4.22862 1.53909 2.99
    endloop
  endfacet
  facet normal 0 0 -1
    outer loop
      vertex -4.22862 1.53909 2.99
      vertex -4.08075 0.771344 2.99
      vertex -4.15147 0.848528 2.99
    endloop
  endfacet
  facet normal 0 0 -1
    outer loop
      vertex -2.89778 0.776457 2.99
      vertex -4.22862 1.53909 2.99
      vertex -4.07838 1.90178 2.99
    endloop
  endfacet
  facet normal 0 0 -1
    outer loop
      vertex -4.22865 0.919252 2.99
      vertex -4.22862 1.53909 2.99
      vertex -4.15147 0.848528 2.99
    endloop
  endfacet
  facet normal 0 0 -1
    outer loop
      vertex -4.34667 1.16469 2.99
      vertex -4.22865 0.919252 2.99
      vertex -4.31171 0.982982 2.99
    endloop
  endfacet
  facet normal 0 0 -1
    outer loop
      vertex -4.22865 0.919252 2.99
      vertex -4.34667 1.16469 2.99
      vertex -4.22862 1.53909 2.99
    endloop
  endfacet
  facet normal 0 -0 -1
    outer loop
      vertex -4.34667 1.16469 2.99
      vertex -4.31171 0.982982 2.99
      vertex -4.37764 1.02498 2.99
    endloop
  endfacet
  facet normal 0 0 -1
    outer loop
      vertex -2.3401 3.64012 2.99
      vertex -1.90178 4.07838 2.99
      vertex -2.33553 3.53553 2.99
    endloop
  endfacet
  facet normal 0 0 -1
    outer loop
      vertex -1.26785 2.71892 2.99
      vertex -2.3401 3.43095 2.99
      vertex -1.90178 4.07838 2.99
    endloop
  endfacet
  facet normal 0 0 -1
    outer loop
      vertex -1.5 2.59808 2.99
      vertex -2.37642 3.22495 2.99
      vertex -2.35376 3.32716 2.99
    endloop
  endfacet
  facet normal 0 0 -1
    outer loop
      vertex -1.5 2.59808 2.99
      vertex -2.4079 3.12511 2.99
      vertex -2.37642 3.22495 2.99
    endloop
  endfacet
  facet normal 0 0 -1
    outer loop
      vertex -1.72073 2.45746 2.99
      vertex -2.44796 3.02839 2.99
      vertex -2.4079 3.12511 2.99
    endloop
  endfacet
  facet normal 0 0 -1
    outer loop
      vertex -2.93553 2.4963 2.99
      vertex -2.29813 1.92836 2.99
      vertex -2.45746 1.72073 2.99
    endloop
  endfacet
  facet normal 0 0 -1
    outer loop
      vertex -1.72073 2.45746 2.99
      vertex -2.4963 2.93553 2.99
      vertex -2.44796 3.02839 2.99
    endloop
  endfacet
  facet normal 0 0 -1
    outer loop
      vertex -1.92836 2.29813 2.99
      vertex -2.55255 2.84724 2.99
      vertex -2.4963 2.93553 2.99
    endloop
  endfacet
  facet normal 0 0 -1
    outer loop
      vertex -3.12511 2.4079 2.99
      vertex -2.45746 1.72073 2.99
      vertex -2.59808 1.5 2.99
    endloop
  endfacet
  facet normal 0 0 -1
    outer loop
      vertex -1.92836 2.29813 2.99
      vertex -2.61628 2.76419 2.99
      vertex -2.55255 2.84724 2.99
    endloop
  endfacet
  facet normal 0 0 -1
    outer loop
      vertex -2.12132 2.12132 2.99
      vertex -2.68701 2.68701 2.99
      vertex -2.61628 2.76419 2.99
    endloop
  endfacet
  facet normal 0 0 -1
    outer loop
      vertex -3.32716 2.35376 2.99
      vertex -2.59808 1.5 2.99
      vertex -2.71892 1.26785 2.99
    endloop
  endfacet
  facet normal 0 0 -1
    outer loop
      vertex -2.12132 2.12132 2.99
      vertex -2.76419 2.61628 2.99
      vertex -2.68701 2.68701 2.99
    endloop
  endfacet
  facet normal 0 0 -1
    outer loop
      vertex -3.53553 2.33553 2.99
      vertex -2.71892 1.26785 2.99
      vertex -2.81908 1.02606 2.99
    endloop
  endfacet
  facet normal 0 0 -1
    outer loop
      vertex -2.29813 1.92836 2.99
      vertex -2.84724 2.55255 2.99
      vertex -2.76419 2.61628 2.99
    endloop
  endfacet
  facet normal 0 0 -1
    outer loop
      vertex -3.74391 2.35376 2.99
      vertex -2.81908 1.02606 2.99
      vertex -2.89778 0.776457 2.99
    endloop
  endfacet
  facet normal 0 0 -1
    outer loop
      vertex -2.29813 1.92836 2.99
      vertex -2.93553 2.4963 2.99
      vertex -2.84724 2.55255 2.99
    endloop
  endfacet
  facet normal 0 0 -1
    outer loop
      vertex -3.81823 0.208377 2.99
      vertex -2.98858 0.261467 2.99
      vertex -3.80457 0.104587 2.99
    endloop
  endfacet
  facet normal 0 0 -1
    outer loop
      vertex -3 0 2.99
      vertex -3.80457 0.104587 2.99
      vertex -2.98858 0.261467 2.99
    endloop
  endfacet
  facet normal 0 0 -1
    outer loop
      vertex -3.80457 0.104587 2.99
      vertex -3 0 2.99
      vertex -3.8 0 2.99
    endloop
  endfacet
  facet normal 0 0 -1
    outer loop
      vertex -2.45746 1.72073 2.99
      vertex -3.02839 2.44796 2.99
      vertex -2.93553 2.4963 2.99
    endloop
  endfacet
  facet normal -0 0 -1
    outer loop
      vertex -2.71892 -1.26785 2.99
      vertex -4.07838 -1.90178 2.99
      vertex -2.81908 -1.02606 2.99
    endloop
  endfacet
  facet normal 0 0 -1
    outer loop
      vertex -4.22862 -1.53909 2.99
      vertex -2.81908 -1.02606 2.99
      vertex -4.07838 -1.90178 2.99
    endloop
  endfacet
  facet normal 0 0 -1
    outer loop
      vertex -3.84089 0.310582 2.99
      vertex -2.98858 0.261467 2.99
      vertex -3.81823 0.208377 2.99
    endloop
  endfacet
  facet normal 0 -0 -1
    outer loop
      vertex -3.87237 -0.410423 2.99
      vertex -2.95442 -0.520944 2.99
      vertex -3.91243 -0.507141 2.99
    endloop
  endfacet
  facet normal 0 0 -1
    outer loop
      vertex -2.45746 1.72073 2.99
      vertex -3.12511 2.4079 2.99
      vertex -3.02839 2.44796 2.99
    endloop
  endfacet
  facet normal 0 -0 -1
    outer loop
      vertex -3.91243 -0.507141 2.99
      vertex -2.89778 -0.776457 2.99
      vertex -3.96077 -0.599999 2.99
    endloop
  endfacet
  facet normal 0 0 -1
    outer loop
      vertex -2.59808 1.5 2.99
      vertex -3.22495 2.37642 2.99
      vertex -3.12511 2.4079 2.99
    endloop
  endfacet
  facet normal 0 -0 -1
    outer loop
      vertex -4.08075 -0.771344 2.99
      vertex -2.81908 -1.02606 2.99
      vertex -4.22862 -1.53909 2.99
    endloop
  endfacet
  facet normal 0 0 -1
    outer loop
      vertex -2.59808 1.5 2.99
      vertex -3.32716 2.35376 2.99
      vertex -3.22495 2.37642 2.99
    endloop
  endfacet
  facet normal 0 0 -1
    outer loop
      vertex -4.07838 -1.90178 2.99
      vertex -3.43095 -2.3401 2.99
      vertex -3.53553 -2.33553 2.99
    endloop
  endfacet
  facet normal 0 0 -1
    outer loop
      vertex -2.71892 1.26785 2.99
      vertex -3.43095 2.3401 2.99
      vertex -3.32716 2.35376 2.99
    endloop
  endfacet
  facet normal 0 0 -1
    outer loop
      vertex -4.07838 -1.90178 2.99
      vertex -3.53553 -2.33553 2.99
      vertex -3.64012 -2.3401 2.99
    endloop
  endfacet
  facet normal 0 0 -1
    outer loop
      vertex -2.71892 1.26785 2.99
      vertex -3.53553 2.33553 2.99
      vertex -3.43095 2.3401 2.99
    endloop
  endfacet
  facet normal 0 0 -1
    outer loop
      vertex -3.89711 -2.25 2.99
      vertex -3.64012 -2.3401 2.99
      vertex -3.74391 -2.35376 2.99
    endloop
  endfacet
  facet normal 0 0 -1
    outer loop
      vertex -2.81908 1.02606 2.99
      vertex -3.64012 2.3401 2.99
      vertex -3.53553 2.33553 2.99
    endloop
  endfacet
  facet normal 0 0 -1
    outer loop
      vertex -2.81908 1.02606 2.99
      vertex -3.74391 2.35376 2.99
      vertex -3.64012 2.3401 2.99
    endloop
  endfacet
  facet normal -0 0 -1
    outer loop
      vertex -3 0 2.99
      vertex -3.80457 -0.104587 2.99
      vertex -3.8 0 2.99
    endloop
  endfacet
  facet normal 0 0 -1
    outer loop
      vertex -2.98858 -0.261467 2.99
      vertex -3.80457 -0.104587 2.99
      vertex -3 0 2.99
    endloop
  endfacet
  facet normal 0 0 -1
    outer loop
      vertex -3.89711 -2.25 2.99
      vertex -3.74391 -2.35376 2.99
      vertex -3.82023 -2.37068 2.99
    endloop
  endfacet
  facet normal 0 -0 -1
    outer loop
      vertex -3.80457 -0.104587 2.99
      vertex -2.98858 -0.261467 2.99
      vertex -3.81823 -0.208377 2.99
    endloop
  endfacet
  facet normal 0 -0 -1
    outer loop
      vertex -3.81823 -0.208377 2.99
      vertex -2.98858 -0.261467 2.99
      vertex -3.84089 -0.310582 2.99
    endloop
  endfacet
  facet normal 0 0 -1
    outer loop
      vertex -3.64012 -2.3401 2.99
      vertex -3.89711 -2.25 2.99
      vertex -4.07838 -1.90178 2.99
    endloop
  endfacet
  facet normal 0 0 -1
    outer loop
      vertex -2.95442 -0.520944 2.99
      vertex -3.84089 -0.310582 2.99
      vertex -2.98858 -0.261467 2.99
    endloop
  endfacet
  facet normal 0 -0 -1
    outer loop
      vertex -3.84089 -0.310582 2.99
      vertex -2.95442 -0.520944 2.99
      vertex -3.87237 -0.410423 2.99
    endloop
  endfacet
  facet normal 0 -0 -1
    outer loop
      vertex -4.01702 -0.688292 2.99
      vertex -2.81908 -1.02606 2.99
      vertex -4.08075 -0.771344 2.99
    endloop
  endfacet
  facet normal 0 0 -1
    outer loop
      vertex -2.89778 -0.776457 2.99
      vertex -3.91243 -0.507141 2.99
      vertex -2.95442 -0.520944 2.99
    endloop
  endfacet
  facet normal 0 0 -1
    outer loop
      vertex -2.81908 -1.02606 2.99
      vertex -4.01702 -0.688292 2.99
      vertex -2.89778 -0.776457 2.99
    endloop
  endfacet
  facet normal 0 -0 -1
    outer loop
      vertex -3.96077 -0.599999 2.99
      vertex -2.89778 -0.776457 2.99
      vertex -4.01702 -0.688292 2.99
    endloop
  endfacet
  facet normal 0 0 -1
    outer loop
      vertex -4.08075 -0.771344 2.99
      vertex -4.22862 -1.53909 2.99
      vertex -4.15147 -0.848528 2.99
    endloop
  endfacet
  facet normal 0 0 -1
    outer loop
      vertex -4.22862 -1.53909 2.99
      vertex -4.22865 -0.919252 2.99
      vertex -4.15147 -0.848528 2.99
    endloop
  endfacet
  facet normal 0 0 -1
    outer loop
      vertex -4.34667 -1.16469 2.99
      vertex -4.22865 -0.919252 2.99
      vertex -4.22862 -1.53909 2.99
    endloop
  endfacet
  facet normal 0 0 -1
    outer loop
      vertex -4.22865 -0.919252 2.99
      vertex -4.34667 -1.16469 2.99
      vertex -4.31171 -0.982982 2.99
    endloop
  endfacet
  facet normal 0 0 -1
    outer loop
      vertex -4.31171 -0.982982 2.99
      vertex -4.34667 -1.16469 2.99
      vertex -4.37764 -1.02498 2.99
    endloop
  endfacet
  facet normal -0 0 -1
    outer loop
      vertex -1.5 -2.59808 2.99
      vertex -2.4079 -3.12511 2.99
      vertex -1.72073 -2.45746 2.99
    endloop
  endfacet
  facet normal 0 0 -1
    outer loop
      vertex -2.44796 -3.02839 2.99
      vertex -1.72073 -2.45746 2.99
      vertex -2.4079 -3.12511 2.99
    endloop
  endfacet
  facet normal 0 0 -1
    outer loop
      vertex -2.4963 -2.93553 2.99
      vertex -1.72073 -2.45746 2.99
      vertex -2.44796 -3.02839 2.99
    endloop
  endfacet
  facet normal -0 0 -1
    outer loop
      vertex -1.72073 -2.45746 2.99
      vertex -2.4963 -2.93553 2.99
      vertex -1.92836 -2.29813 2.99
    endloop
  endfacet
  facet normal 0 0 -1
    outer loop
      vertex -2.55255 -2.84724 2.99
      vertex -1.92836 -2.29813 2.99
      vertex -2.4963 -2.93553 2.99
    endloop
  endfacet
  facet normal 0 0 -1
    outer loop
      vertex -2.61628 -2.76419 2.99
      vertex -1.92836 -2.29813 2.99
      vertex -2.55255 -2.84724 2.99
    endloop
  endfacet
  facet normal -0 0 -1
    outer loop
      vertex -1.92836 -2.29813 2.99
      vertex -2.61628 -2.76419 2.99
      vertex -2.12132 -2.12132 2.99
    endloop
  endfacet
  facet normal 0 0 -1
    outer loop
      vertex -2.68701 -2.68701 2.99
      vertex -2.12132 -2.12132 2.99
      vertex -2.61628 -2.76419 2.99
    endloop
  endfacet
  facet normal 0 0 -1
    outer loop
      vertex -2.76419 -2.61628 2.99
      vertex -2.12132 -2.12132 2.99
      vertex -2.68701 -2.68701 2.99
    endloop
  endfacet
  facet normal -0 0 -1
    outer loop
      vertex -2.12132 -2.12132 2.99
      vertex -2.76419 -2.61628 2.99
      vertex -2.29813 -1.92836 2.99
    endloop
  endfacet
  facet normal 0 0 -1
    outer loop
      vertex -2.84724 -2.55255 2.99
      vertex -2.29813 -1.92836 2.99
      vertex -2.76419 -2.61628 2.99
    endloop
  endfacet
  facet normal 0 0 -1
    outer loop
      vertex -2.93553 -2.4963 2.99
      vertex -2.29813 -1.92836 2.99
      vertex -2.84724 -2.55255 2.99
    endloop
  endfacet
  facet normal -0 0 -1
    outer loop
      vertex -2.29813 -1.92836 2.99
      vertex -2.93553 -2.4963 2.99
      vertex -2.45746 -1.72073 2.99
    endloop
  endfacet
  facet normal 0 0 -1
    outer loop
      vertex -3.02839 -2.44796 2.99
      vertex -2.45746 -1.72073 2.99
      vertex -2.93553 -2.4963 2.99
    endloop
  endfacet
  facet normal 0 0 -1
    outer loop
      vertex -3.12511 -2.4079 2.99
      vertex -2.45746 -1.72073 2.99
      vertex -3.02839 -2.44796 2.99
    endloop
  endfacet
  facet normal -0 0 -1
    outer loop
      vertex -2.45746 -1.72073 2.99
      vertex -3.12511 -2.4079 2.99
      vertex -2.59808 -1.5 2.99
    endloop
  endfacet
  facet normal 0 0 -1
    outer loop
      vertex -3.22495 -2.37642 2.99
      vertex -2.59808 -1.5 2.99
      vertex -3.12511 -2.4079 2.99
    endloop
  endfacet
  facet normal 0 0 -1
    outer loop
      vertex -3.32716 -2.35376 2.99
      vertex -2.59808 -1.5 2.99
      vertex -3.22495 -2.37642 2.99
    endloop
  endfacet
  facet normal -0 0 -1
    outer loop
      vertex -2.59808 -1.5 2.99
      vertex -3.32716 -2.35376 2.99
      vertex -2.71892 -1.26785 2.99
    endloop
  endfacet
  facet normal 0 0 -1
    outer loop
      vertex -3.43095 -2.3401 2.99
      vertex -2.71892 -1.26785 2.99
      vertex -3.32716 -2.35376 2.99
    endloop
  endfacet
  facet normal 0 0 -1
    outer loop
      vertex -4.07838 -1.90178 2.99
      vertex -2.71892 -1.26785 2.99
      vertex -3.43095 -2.3401 2.99
    endloop
  endfacet
  facet normal 0.461745 0.887013 -0
    outer loop
      vertex -1.90178 -4.07838 0
      vertex -2.25 -3.89711 2.99
      vertex -1.90178 -4.07838 2.99
    endloop
  endfacet
  facet normal 0.461745 0.887013 0
    outer loop
      vertex -2.25 -3.89711 2.99
      vertex -1.90178 -4.07838 0
      vertex -2.25 -3.89711 0
    endloop
  endfacet
  facet normal -0.991445 -0.130523 0
    outer loop
      vertex 2.98858 0.261467 2.99
      vertex 2.95442 0.520944 15
      vertex 2.95442 0.520944 2.99
    endloop
  endfacet
  facet normal -0.991445 -0.130523 0
    outer loop
      vertex 2.95442 0.520944 15
      vertex 2.98858 0.261467 2.99
      vertex 2.98858 0.261467 15
    endloop
  endfacet
  facet normal -0.999048 -0.043635 0
    outer loop
      vertex 3 0 2.99
      vertex 2.98858 0.261467 15
      vertex 2.98858 0.261467 2.99
    endloop
  endfacet
  facet normal -0.999048 -0.043635 0
    outer loop
      vertex 2.98858 0.261467 15
      vertex 3 0 2.99
      vertex 3 0 15
    endloop
  endfacet
  facet normal -0.976301 -0.216418 0
    outer loop
      vertex 2.95442 0.520944 2.99
      vertex 2.89778 0.776457 15
      vertex 2.89778 0.776457 2.99
    endloop
  endfacet
  facet normal -0.976301 -0.216418 0
    outer loop
      vertex 2.89778 0.776457 15
      vertex 2.95442 0.520944 2.99
      vertex 2.95442 0.520944 15
    endloop
  endfacet
  facet normal 0.675579 0.737287 -0
    outer loop
      vertex -1.92836 -2.29813 2.99
      vertex -2.12132 -2.12132 15
      vertex -1.92836 -2.29813 15
    endloop
  endfacet
  facet normal 0.675579 0.737287 0
    outer loop
      vertex -2.12132 -2.12132 15
      vertex -1.92836 -2.29813 2.99
      vertex -2.12132 -2.12132 2.99
    endloop
  endfacet
  facet normal 0.216418 -0.976301 0
    outer loop
      vertex -0.776457 2.89778 2.99
      vertex -0.520944 2.95442 15
      vertex -0.776457 2.89778 15
    endloop
  endfacet
  facet normal 0.216418 -0.976301 0
    outer loop
      vertex -0.520944 2.95442 15
      vertex -0.776457 2.89778 2.99
      vertex -0.520944 2.95442 2.99
    endloop
  endfacet
  facet normal -0.216418 0.976301 0
    outer loop
      vertex 0.776457 -2.89778 2.99
      vertex 0.520944 -2.95442 15
      vertex 0.776457 -2.89778 15
    endloop
  endfacet
  facet normal -0.216418 0.976301 0
    outer loop
      vertex 0.520944 -2.95442 15
      vertex 0.776457 -2.89778 2.99
      vertex 0.520944 -2.95442 2.99
    endloop
  endfacet
  facet normal -0.130523 -0.991445 0
    outer loop
      vertex 0.261467 2.98858 2.99
      vertex 0.520944 2.95442 15
      vertex 0.261467 2.98858 15
    endloop
  endfacet
  facet normal -0.130523 -0.991445 -0
    outer loop
      vertex 0.520944 2.95442 15
      vertex 0.261467 2.98858 2.99
      vertex 0.520944 2.95442 2.99
    endloop
  endfacet
  facet normal -0.737287 0.675579 0
    outer loop
      vertex 2.12132 -2.12132 2.99
      vertex 2.29813 -1.92836 15
      vertex 2.29813 -1.92836 2.99
    endloop
  endfacet
  facet normal -0.737287 0.675579 0
    outer loop
      vertex 2.29813 -1.92836 15
      vertex 2.12132 -2.12132 2.99
      vertex 2.12132 -2.12132 15
    endloop
  endfacet
  facet normal 0.46172 -0.887026 0
    outer loop
      vertex -1.5 2.59808 2.99
      vertex -1.26785 2.71892 15
      vertex -1.5 2.59808 15
    endloop
  endfacet
  facet normal 0.46172 -0.887026 0
    outer loop
      vertex -1.26785 2.71892 15
      vertex -1.5 2.59808 2.99
      vertex -1.26785 2.71892 2.99
    endloop
  endfacet
  facet normal -0.130523 0.991445 0
    outer loop
      vertex 0.520944 -2.95442 2.99
      vertex 0.261467 -2.98858 15
      vertex 0.520944 -2.95442 15
    endloop
  endfacet
  facet normal -0.130523 0.991445 0
    outer loop
      vertex 0.261467 -2.98858 15
      vertex 0.520944 -2.95442 2.99
      vertex 0.261467 -2.98858 2.99
    endloop
  endfacet
  facet normal 0.953716 -0.300707 0
    outer loop
      vertex -2.89778 0.776457 15
      vertex -2.81908 1.02606 2.99
      vertex -2.81908 1.02606 15
    endloop
  endfacet
  facet normal 0.953716 -0.300707 0
    outer loop
      vertex -2.81908 1.02606 2.99
      vertex -2.89778 0.776457 15
      vertex -2.89778 0.776457 2.99
    endloop
  endfacet
  facet normal -0.991445 0.130523 0
    outer loop
      vertex 2.95442 -0.520944 2.99
      vertex 2.98858 -0.261467 15
      vertex 2.98858 -0.261467 2.99
    endloop
  endfacet
  facet normal -0.991445 0.130523 0
    outer loop
      vertex 2.98858 -0.261467 15
      vertex 2.95442 -0.520944 2.99
      vertex 2.95442 -0.520944 15
    endloop
  endfacet
  facet normal -0.608785 -0.793335 0
    outer loop
      vertex 1.72073 2.45746 2.99
      vertex 1.92836 2.29813 15
      vertex 1.72073 2.45746 15
    endloop
  endfacet
  facet normal -0.608785 -0.793335 -0
    outer loop
      vertex 1.92836 2.29813 15
      vertex 1.72073 2.45746 2.99
      vertex 1.92836 2.29813 2.99
    endloop
  endfacet
  facet normal 0.953716 0.300707 0
    outer loop
      vertex -2.81908 -1.02606 15
      vertex -2.89778 -0.776457 2.99
      vertex -2.89778 -0.776457 15
    endloop
  endfacet
  facet normal 0.953716 0.300707 0
    outer loop
      vertex -2.89778 -0.776457 2.99
      vertex -2.81908 -1.02606 15
      vertex -2.81908 -1.02606 2.99
    endloop
  endfacet
  facet normal 0.887026 -0.46172 0
    outer loop
      vertex -2.71892 1.26785 15
      vertex -2.59808 1.5 2.99
      vertex -2.59808 1.5 15
    endloop
  endfacet
  facet normal 0.887026 -0.46172 0
    outer loop
      vertex -2.59808 1.5 2.99
      vertex -2.71892 1.26785 15
      vertex -2.71892 1.26785 2.99
    endloop
  endfacet
  facet normal 0.976301 0.216418 0
    outer loop
      vertex -2.89778 -0.776457 15
      vertex -2.95442 -0.520944 2.99
      vertex -2.95442 -0.520944 15
    endloop
  endfacet
  facet normal 0.976301 0.216418 0
    outer loop
      vertex -2.95442 -0.520944 2.99
      vertex -2.89778 -0.776457 15
      vertex -2.89778 -0.776457 2.99
    endloop
  endfacet
  facet normal -0.976301 0.216418 0
    outer loop
      vertex 2.89778 -0.776457 2.99
      vertex 2.95442 -0.520944 15
      vertex 2.95442 -0.520944 2.99
    endloop
  endfacet
  facet normal -0.976301 0.216418 0
    outer loop
      vertex 2.95442 -0.520944 15
      vertex 2.89778 -0.776457 2.99
      vertex 2.89778 -0.776457 15
    endloop
  endfacet
  facet normal -0.953716 -0.300707 0
    outer loop
      vertex 2.89778 0.776457 2.99
      vertex 2.81908 1.02606 15
      vertex 2.81908 1.02606 2.99
    endloop
  endfacet
  facet normal -0.953716 -0.300707 0
    outer loop
      vertex 2.81908 1.02606 15
      vertex 2.89778 0.776457 2.99
      vertex 2.89778 0.776457 15
    endloop
  endfacet
  facet normal -0.608785 0.793335 0
    outer loop
      vertex 1.92836 -2.29813 2.99
      vertex 1.72073 -2.45746 15
      vertex 1.92836 -2.29813 15
    endloop
  endfacet
  facet normal -0.608785 0.793335 0
    outer loop
      vertex 1.72073 -2.45746 15
      vertex 1.92836 -2.29813 2.99
      vertex 1.72073 -2.45746 2.99
    endloop
  endfacet
  facet normal 0.991445 0.130523 0
    outer loop
      vertex -2.95442 -0.520944 15
      vertex -2.98858 -0.261467 2.99
      vertex -2.98858 -0.261467 15
    endloop
  endfacet
  facet normal 0.991445 0.130523 0
    outer loop
      vertex -2.98858 -0.261467 2.99
      vertex -2.95442 -0.520944 15
      vertex -2.95442 -0.520944 2.99
    endloop
  endfacet
  facet normal 0.92387 -0.382707 0
    outer loop
      vertex -2.81908 1.02606 15
      vertex -2.71892 1.26785 2.99
      vertex -2.71892 1.26785 15
    endloop
  endfacet
  facet normal 0.92387 -0.382707 0
    outer loop
      vertex -2.71892 1.26785 2.99
      vertex -2.81908 1.02606 15
      vertex -2.81908 1.02606 2.99
    endloop
  endfacet
  facet normal -0.843392 -0.537298 0
    outer loop
      vertex 2.59808 1.5 2.99
      vertex 2.45746 1.72073 15
      vertex 2.45746 1.72073 2.99
    endloop
  endfacet
  facet normal -0.843392 -0.537298 0
    outer loop
      vertex 2.45746 1.72073 15
      vertex 2.59808 1.5 2.99
      vertex 2.59808 1.5 15
    endloop
  endfacet
  facet normal -0.675579 0.737287 0
    outer loop
      vertex 2.12132 -2.12132 2.99
      vertex 1.92836 -2.29813 15
      vertex 2.12132 -2.12132 15
    endloop
  endfacet
  facet normal -0.675579 0.737287 0
    outer loop
      vertex 1.92836 -2.29813 15
      vertex 2.12132 -2.12132 2.99
      vertex 1.92836 -2.29813 2.99
    endloop
  endfacet
  facet normal -0.737287 -0.675579 0
    outer loop
      vertex 2.29813 1.92836 2.99
      vertex 2.12132 2.12132 15
      vertex 2.12132 2.12132 2.99
    endloop
  endfacet
  facet normal -0.737287 -0.675579 0
    outer loop
      vertex 2.12132 2.12132 15
      vertex 2.29813 1.92836 2.99
      vertex 2.29813 1.92836 15
    endloop
  endfacet
  facet normal -0.953716 0.300707 0
    outer loop
      vertex 2.81908 -1.02606 2.99
      vertex 2.89778 -0.776457 15
      vertex 2.89778 -0.776457 2.99
    endloop
  endfacet
  facet normal -0.953716 0.300707 0
    outer loop
      vertex 2.89778 -0.776457 15
      vertex 2.81908 -1.02606 2.99
      vertex 2.81908 -1.02606 15
    endloop
  endfacet
  facet normal -0.382707 0.92387 0
    outer loop
      vertex 1.26785 -2.71892 2.99
      vertex 1.02606 -2.81908 15
      vertex 1.26785 -2.71892 15
    endloop
  endfacet
  facet normal -0.382707 0.92387 0
    outer loop
      vertex 1.02606 -2.81908 15
      vertex 1.26785 -2.71892 2.99
      vertex 1.02606 -2.81908 2.99
    endloop
  endfacet
  facet normal 0.737287 -0.675579 0
    outer loop
      vertex -2.29813 1.92836 15
      vertex -2.12132 2.12132 2.99
      vertex -2.12132 2.12132 15
    endloop
  endfacet
  facet normal 0.737287 -0.675579 0
    outer loop
      vertex -2.12132 2.12132 2.99
      vertex -2.29813 1.92836 15
      vertex -2.29813 1.92836 2.99
    endloop
  endfacet
  facet normal 0.382707 -0.92387 0
    outer loop
      vertex -1.26785 2.71892 2.99
      vertex -1.02606 2.81908 15
      vertex -1.26785 2.71892 15
    endloop
  endfacet
  facet normal 0.382707 -0.92387 0
    outer loop
      vertex -1.02606 2.81908 15
      vertex -1.26785 2.71892 2.99
      vertex -1.02606 2.81908 2.99
    endloop
  endfacet
  facet normal 0.537298 -0.843392 0
    outer loop
      vertex -1.72073 2.45746 2.99
      vertex -1.5 2.59808 15
      vertex -1.72073 2.45746 15
    endloop
  endfacet
  facet normal 0.537298 -0.843392 0
    outer loop
      vertex -1.5 2.59808 15
      vertex -1.72073 2.45746 2.99
      vertex -1.5 2.59808 2.99
    endloop
  endfacet
  facet normal -0.216418 -0.976301 0
    outer loop
      vertex 0.520944 2.95442 2.99
      vertex 0.776457 2.89778 15
      vertex 0.520944 2.95442 15
    endloop
  endfacet
  facet normal -0.216418 -0.976301 -0
    outer loop
      vertex 0.776457 2.89778 15
      vertex 0.520944 2.95442 2.99
      vertex 0.776457 2.89778 2.99
    endloop
  endfacet
  facet normal -0.382707 -0.92387 0
    outer loop
      vertex 1.02606 2.81908 2.99
      vertex 1.26785 2.71892 15
      vertex 1.02606 2.81908 15
    endloop
  endfacet
  facet normal -0.382707 -0.92387 -0
    outer loop
      vertex 1.26785 2.71892 15
      vertex 1.02606 2.81908 2.99
      vertex 1.26785 2.71892 2.99
    endloop
  endfacet
  facet normal -0.043635 -0.999048 0
    outer loop
      vertex 0 3 2.99
      vertex 0.261467 2.98858 15
      vertex 0 3 15
    endloop
  endfacet
  facet normal -0.043635 -0.999048 -0
    outer loop
      vertex 0.261467 2.98858 15
      vertex 0 3 2.99
      vertex 0.261467 2.98858 2.99
    endloop
  endfacet
  facet normal -0.46172 0.887026 0
    outer loop
      vertex 1.5 -2.59808 2.99
      vertex 1.26785 -2.71892 15
      vertex 1.5 -2.59808 15
    endloop
  endfacet
  facet normal -0.46172 0.887026 0
    outer loop
      vertex 1.26785 -2.71892 15
      vertex 1.5 -2.59808 2.99
      vertex 1.26785 -2.71892 2.99
    endloop
  endfacet
  facet normal -0.537298 -0.843392 0
    outer loop
      vertex 1.5 2.59808 2.99
      vertex 1.72073 2.45746 15
      vertex 1.5 2.59808 15
    endloop
  endfacet
  facet normal -0.537298 -0.843392 -0
    outer loop
      vertex 1.72073 2.45746 15
      vertex 1.5 2.59808 2.99
      vertex 1.72073 2.45746 2.99
    endloop
  endfacet
  facet normal -0.46172 -0.887026 0
    outer loop
      vertex 1.26785 2.71892 2.99
      vertex 1.5 2.59808 15
      vertex 1.26785 2.71892 15
    endloop
  endfacet
  facet normal -0.46172 -0.887026 -0
    outer loop
      vertex 1.5 2.59808 15
      vertex 1.26785 2.71892 2.99
      vertex 1.5 2.59808 2.99
    endloop
  endfacet
  facet normal -0.043635 0.999048 0
    outer loop
      vertex 0.261467 -2.98858 2.99
      vertex 0 -3 15
      vertex 0.261467 -2.98858 15
    endloop
  endfacet
  facet normal -0.043635 0.999048 0
    outer loop
      vertex 0 -3 15
      vertex 0.261467 -2.98858 2.99
      vertex 0 -3 2.99
    endloop
  endfacet
  facet normal -0.843392 0.537298 0
    outer loop
      vertex 2.45746 -1.72073 2.99
      vertex 2.59808 -1.5 15
      vertex 2.59808 -1.5 2.99
    endloop
  endfacet
  facet normal -0.843392 0.537298 0
    outer loop
      vertex 2.59808 -1.5 15
      vertex 2.45746 -1.72073 2.99
      vertex 2.45746 -1.72073 15
    endloop
  endfacet
  facet normal -0.999048 0.043635 0
    outer loop
      vertex 2.98858 -0.261467 2.99
      vertex 3 0 15
      vertex 3 0 2.99
    endloop
  endfacet
  facet normal -0.999048 0.043635 0
    outer loop
      vertex 3 0 15
      vertex 2.98858 -0.261467 2.99
      vertex 2.98858 -0.261467 15
    endloop
  endfacet
  facet normal -0.793335 0.608785 0
    outer loop
      vertex 2.29813 -1.92836 2.99
      vertex 2.45746 -1.72073 15
      vertex 2.45746 -1.72073 2.99
    endloop
  endfacet
  facet normal -0.793335 0.608785 0
    outer loop
      vertex 2.45746 -1.72073 15
      vertex 2.29813 -1.92836 2.99
      vertex 2.29813 -1.92836 15
    endloop
  endfacet
  facet normal 0.300707 -0.953716 0
    outer loop
      vertex -1.02606 2.81908 2.99
      vertex -0.776457 2.89778 15
      vertex -1.02606 2.81908 15
    endloop
  endfacet
  facet normal 0.300707 -0.953716 0
    outer loop
      vertex -0.776457 2.89778 15
      vertex -1.02606 2.81908 2.99
      vertex -0.776457 2.89778 2.99
    endloop
  endfacet
  facet normal 0.843392 -0.537298 0
    outer loop
      vertex -2.59808 1.5 15
      vertex -2.45746 1.72073 2.99
      vertex -2.45746 1.72073 15
    endloop
  endfacet
  facet normal 0.843392 -0.537298 0
    outer loop
      vertex -2.45746 1.72073 2.99
      vertex -2.59808 1.5 15
      vertex -2.59808 1.5 2.99
    endloop
  endfacet
  facet normal 0.130523 0.991445 -0
    outer loop
      vertex -0.261467 -2.98858 2.99
      vertex -0.520944 -2.95442 15
      vertex -0.261467 -2.98858 15
    endloop
  endfacet
  facet normal 0.130523 0.991445 0
    outer loop
      vertex -0.520944 -2.95442 15
      vertex -0.261467 -2.98858 2.99
      vertex -0.520944 -2.95442 2.99
    endloop
  endfacet
  facet normal 0.793335 0.608785 0
    outer loop
      vertex -2.29813 -1.92836 15
      vertex -2.45746 -1.72073 2.99
      vertex -2.45746 -1.72073 15
    endloop
  endfacet
  facet normal 0.793335 0.608785 0
    outer loop
      vertex -2.45746 -1.72073 2.99
      vertex -2.29813 -1.92836 15
      vertex -2.29813 -1.92836 2.99
    endloop
  endfacet
  facet normal -0.92387 -0.382707 0
    outer loop
      vertex 2.81908 1.02606 2.99
      vertex 2.71892 1.26785 15
      vertex 2.71892 1.26785 2.99
    endloop
  endfacet
  facet normal -0.92387 -0.382707 0
    outer loop
      vertex 2.71892 1.26785 15
      vertex 2.81908 1.02606 2.99
      vertex 2.81908 1.02606 15
    endloop
  endfacet
  facet normal -0.887026 -0.46172 0
    outer loop
      vertex 2.71892 1.26785 2.99
      vertex 2.59808 1.5 15
      vertex 2.59808 1.5 2.99
    endloop
  endfacet
  facet normal -0.887026 -0.46172 0
    outer loop
      vertex 2.59808 1.5 15
      vertex 2.71892 1.26785 2.99
      vertex 2.71892 1.26785 15
    endloop
  endfacet
  facet normal 0.843392 0.537298 0
    outer loop
      vertex -2.45746 -1.72073 15
      vertex -2.59808 -1.5 2.99
      vertex -2.59808 -1.5 15
    endloop
  endfacet
  facet normal 0.843392 0.537298 0
    outer loop
      vertex -2.59808 -1.5 2.99
      vertex -2.45746 -1.72073 15
      vertex -2.45746 -1.72073 2.99
    endloop
  endfacet
  facet normal 0.043635 -0.999048 0
    outer loop
      vertex -0.261467 2.98858 2.99
      vertex 0 3 15
      vertex -0.261467 2.98858 15
    endloop
  endfacet
  facet normal 0.043635 -0.999048 0
    outer loop
      vertex 0 3 15
      vertex -0.261467 2.98858 2.99
      vertex 0 3 2.99
    endloop
  endfacet
  facet normal 0.999048 0.043635 0
    outer loop
      vertex -2.98858 -0.261467 15
      vertex -3 0 2.99
      vertex -3 0 15
    endloop
  endfacet
  facet normal 0.999048 0.043635 0
    outer loop
      vertex -3 0 2.99
      vertex -2.98858 -0.261467 15
      vertex -2.98858 -0.261467 2.99
    endloop
  endfacet
  facet normal 0.216418 0.976301 -0
    outer loop
      vertex -0.520944 -2.95442 2.99
      vertex -0.776457 -2.89778 15
      vertex -0.520944 -2.95442 15
    endloop
  endfacet
  facet normal 0.216418 0.976301 0
    outer loop
      vertex -0.776457 -2.89778 15
      vertex -0.520944 -2.95442 2.99
      vertex -0.776457 -2.89778 2.99
    endloop
  endfacet
  facet normal 0.130523 -0.991445 0
    outer loop
      vertex -0.520944 2.95442 2.99
      vertex -0.261467 2.98858 15
      vertex -0.520944 2.95442 15
    endloop
  endfacet
  facet normal 0.130523 -0.991445 0
    outer loop
      vertex -0.261467 2.98858 15
      vertex -0.520944 2.95442 2.99
      vertex -0.261467 2.98858 2.99
    endloop
  endfacet
  facet normal 0.793335 -0.608785 0
    outer loop
      vertex -2.45746 1.72073 15
      vertex -2.29813 1.92836 2.99
      vertex -2.29813 1.92836 15
    endloop
  endfacet
  facet normal 0.793335 -0.608785 0
    outer loop
      vertex -2.29813 1.92836 2.99
      vertex -2.45746 1.72073 15
      vertex -2.45746 1.72073 2.99
    endloop
  endfacet
  facet normal 0.675579 -0.737287 0
    outer loop
      vertex -2.12132 2.12132 2.99
      vertex -1.92836 2.29813 15
      vertex -2.12132 2.12132 15
    endloop
  endfacet
  facet normal 0.675579 -0.737287 0
    outer loop
      vertex -1.92836 2.29813 15
      vertex -2.12132 2.12132 2.99
      vertex -1.92836 2.29813 2.99
    endloop
  endfacet
  facet normal 0.608785 0.793335 -0
    outer loop
      vertex -1.72073 -2.45746 2.99
      vertex -1.92836 -2.29813 15
      vertex -1.72073 -2.45746 15
    endloop
  endfacet
  facet normal 0.608785 0.793335 0
    outer loop
      vertex -1.92836 -2.29813 15
      vertex -1.72073 -2.45746 2.99
      vertex -1.92836 -2.29813 2.99
    endloop
  endfacet
  facet normal 0.737287 0.675579 0
    outer loop
      vertex -2.12132 -2.12132 15
      vertex -2.29813 -1.92836 2.99
      vertex -2.29813 -1.92836 15
    endloop
  endfacet
  facet normal 0.737287 0.675579 0
    outer loop
      vertex -2.29813 -1.92836 2.99
      vertex -2.12132 -2.12132 15
      vertex -2.12132 -2.12132 2.99
    endloop
  endfacet
  facet normal 0.46172 0.887026 -0
    outer loop
      vertex -1.26785 -2.71892 2.99
      vertex -1.5 -2.59808 15
      vertex -1.26785 -2.71892 15
    endloop
  endfacet
  facet normal 0.46172 0.887026 0
    outer loop
      vertex -1.5 -2.59808 15
      vertex -1.26785 -2.71892 2.99
      vertex -1.5 -2.59808 2.99
    endloop
  endfacet
  facet normal 0.608785 -0.793335 0
    outer loop
      vertex -1.92836 2.29813 2.99
      vertex -1.72073 2.45746 15
      vertex -1.92836 2.29813 15
    endloop
  endfacet
  facet normal 0.608785 -0.793335 0
    outer loop
      vertex -1.72073 2.45746 15
      vertex -1.92836 2.29813 2.99
      vertex -1.72073 2.45746 2.99
    endloop
  endfacet
  facet normal 0.976301 -0.216418 0
    outer loop
      vertex -2.95442 0.520944 15
      vertex -2.89778 0.776457 2.99
      vertex -2.89778 0.776457 15
    endloop
  endfacet
  facet normal 0.976301 -0.216418 0
    outer loop
      vertex -2.89778 0.776457 2.99
      vertex -2.95442 0.520944 15
      vertex -2.95442 0.520944 2.99
    endloop
  endfacet
  facet normal 0.382707 0.92387 -0
    outer loop
      vertex -1.02606 -2.81908 2.99
      vertex -1.26785 -2.71892 15
      vertex -1.02606 -2.81908 15
    endloop
  endfacet
  facet normal 0.382707 0.92387 0
    outer loop
      vertex -1.26785 -2.71892 15
      vertex -1.02606 -2.81908 2.99
      vertex -1.26785 -2.71892 2.99
    endloop
  endfacet
  facet normal -0.300707 0.953716 0
    outer loop
      vertex 1.02606 -2.81908 2.99
      vertex 0.776457 -2.89778 15
      vertex 1.02606 -2.81908 15
    endloop
  endfacet
  facet normal -0.300707 0.953716 0
    outer loop
      vertex 0.776457 -2.89778 15
      vertex 1.02606 -2.81908 2.99
      vertex 0.776457 -2.89778 2.99
    endloop
  endfacet
  facet normal -0.92387 0.382707 0
    outer loop
      vertex 2.71892 -1.26785 2.99
      vertex 2.81908 -1.02606 15
      vertex 2.81908 -1.02606 2.99
    endloop
  endfacet
  facet normal -0.92387 0.382707 0
    outer loop
      vertex 2.81908 -1.02606 15
      vertex 2.71892 -1.26785 2.99
      vertex 2.71892 -1.26785 15
    endloop
  endfacet
  facet normal -0.887026 0.46172 0
    outer loop
      vertex 2.59808 -1.5 2.99
      vertex 2.71892 -1.26785 15
      vertex 2.71892 -1.26785 2.99
    endloop
  endfacet
  facet normal -0.887026 0.46172 0
    outer loop
      vertex 2.71892 -1.26785 15
      vertex 2.59808 -1.5 2.99
      vertex 2.59808 -1.5 15
    endloop
  endfacet
  facet normal 0.537298 0.843392 -0
    outer loop
      vertex -1.5 -2.59808 2.99
      vertex -1.72073 -2.45746 15
      vertex -1.5 -2.59808 15
    endloop
  endfacet
  facet normal 0.537298 0.843392 0
    outer loop
      vertex -1.72073 -2.45746 15
      vertex -1.5 -2.59808 2.99
      vertex -1.72073 -2.45746 2.99
    endloop
  endfacet
  facet normal -0.675579 -0.737287 0
    outer loop
      vertex 1.92836 2.29813 2.99
      vertex 2.12132 2.12132 15
      vertex 1.92836 2.29813 15
    endloop
  endfacet
  facet normal -0.675579 -0.737287 -0
    outer loop
      vertex 2.12132 2.12132 15
      vertex 1.92836 2.29813 2.99
      vertex 2.12132 2.12132 2.99
    endloop
  endfacet
  facet normal -0.793335 -0.608785 0
    outer loop
      vertex 2.45746 1.72073 2.99
      vertex 2.29813 1.92836 15
      vertex 2.29813 1.92836 2.99
    endloop
  endfacet
  facet normal -0.793335 -0.608785 0
    outer loop
      vertex 2.29813 1.92836 15
      vertex 2.45746 1.72073 2.99
      vertex 2.45746 1.72073 15
    endloop
  endfacet
  facet normal -0.537298 0.843392 0
    outer loop
      vertex 1.72073 -2.45746 2.99
      vertex 1.5 -2.59808 15
      vertex 1.72073 -2.45746 15
    endloop
  endfacet
  facet normal -0.537298 0.843392 0
    outer loop
      vertex 1.5 -2.59808 15
      vertex 1.72073 -2.45746 2.99
      vertex 1.5 -2.59808 2.99
    endloop
  endfacet
  facet normal 0.043635 0.999048 -0
    outer loop
      vertex 0 -3 2.99
      vertex -0.261467 -2.98858 15
      vertex 0 -3 15
    endloop
  endfacet
  facet normal 0.043635 0.999048 0
    outer loop
      vertex -0.261467 -2.98858 15
      vertex 0 -3 2.99
      vertex -0.261467 -2.98858 2.99
    endloop
  endfacet
  facet normal 0.887026 0.46172 0
    outer loop
      vertex -2.59808 -1.5 15
      vertex -2.71892 -1.26785 2.99
      vertex -2.71892 -1.26785 15
    endloop
  endfacet
  facet normal 0.887026 0.46172 0
    outer loop
      vertex -2.71892 -1.26785 2.99
      vertex -2.59808 -1.5 15
      vertex -2.59808 -1.5 2.99
    endloop
  endfacet
  facet normal 0.92387 0.382707 0
    outer loop
      vertex -2.71892 -1.26785 15
      vertex -2.81908 -1.02606 2.99
      vertex -2.81908 -1.02606 15
    endloop
  endfacet
  facet normal 0.92387 0.382707 0
    outer loop
      vertex -2.81908 -1.02606 2.99
      vertex -2.71892 -1.26785 15
      vertex -2.71892 -1.26785 2.99
    endloop
  endfacet
  facet normal 0.991445 -0.130523 0
    outer loop
      vertex -2.98858 0.261467 15
      vertex -2.95442 0.520944 2.99
      vertex -2.95442 0.520944 15
    endloop
  endfacet
  facet normal 0.991445 -0.130523 0
    outer loop
      vertex -2.95442 0.520944 2.99
      vertex -2.98858 0.261467 15
      vertex -2.98858 0.261467 2.99
    endloop
  endfacet
  facet normal 0.999048 -0.043635 0
    outer loop
      vertex -3 0 15
      vertex -2.98858 0.261467 2.99
      vertex -2.98858 0.261467 15
    endloop
  endfacet
  facet normal 0.999048 -0.043635 0
    outer loop
      vertex -2.98858 0.261467 2.99
      vertex -3 0 15
      vertex -3 0 2.99
    endloop
  endfacet
  facet normal 0.300707 0.953716 -0
    outer loop
      vertex -0.776457 -2.89778 2.99
      vertex -1.02606 -2.81908 15
      vertex -0.776457 -2.89778 15
    endloop
  endfacet
  facet normal 0.300707 0.953716 0
    outer loop
      vertex -1.02606 -2.81908 15
      vertex -0.776457 -2.89778 2.99
      vertex -1.02606 -2.81908 2.99
    endloop
  endfacet
  facet normal -0.300707 -0.953716 0
    outer loop
      vertex 0.776457 2.89778 2.99
      vertex 1.02606 2.81908 15
      vertex 0.776457 2.89778 15
    endloop
  endfacet
  facet normal -0.300707 -0.953716 -0
    outer loop
      vertex 1.02606 2.81908 15
      vertex 0.776457 2.89778 2.99
      vertex 1.02606 2.81908 2.99
    endloop
  endfacet
endsolid OpenSCAD_Model
