solid OpenSCAD_Model
  facet normal -1 0 0
    outer loop
      vertex -8 -6 0
      vertex -8 -6 2
      vertex -8 -4.5 0.59
    endloop
  endfacet
  facet normal -1 0 0
    outer loop
      vertex -8 -6 0
      vertex -8 -4.5 0.59
      vertex -8 -4.5 0
    endloop
  endfacet
  facet normal 0 -1 0
    outer loop
      vertex -8 -6 0
      vertex -1.75 -6 2
      vertex -8 -6 2
    endloop
  endfacet
  facet normal -1 0 0
    outer loop
      vertex -8 -3.5 0
      vertex -8 -3.5 0.59
      vertex -8 -0.5 0
    endloop
  endfacet
  facet normal -1 0 0
    outer loop
      vertex -8 -3.5 0.59
      vertex -8 -0.5 0.59
      vertex -8 -0.5 0
    endloop
  endfacet
  facet normal -1 0 0
    outer loop
      vertex -8 6 2
      vertex -8 -3.5 0.59
      vertex -8 -4.5 0.59
    endloop
  endfacet
  facet normal -1 0 0
    outer loop
      vertex -8 -6 2
      vertex -8 6 2
      vertex -8 -4.5 0.59
    endloop
  endfacet
  facet normal 0 0 -1
    outer loop
      vertex -8 -6 0
      vertex -8 -4.5 0
      vertex 8 -4.5 0
    endloop
  endfacet
  facet normal 0 -1 0
    outer loop
      vertex -8 -6 0
      vertex 1.75 -6 2
      vertex -1.75 -6 2
    endloop
  endfacet
  facet normal 0 0 1
    outer loop
      vertex -8 -6 2
      vertex -1.75 -6 2
      vertex -1.75 6 2
    endloop
  endfacet
  facet normal 0 0 -1
    outer loop
      vertex -8 -3.5 0
      vertex -8 -0.5 0
      vertex 8 -0.5 0
    endloop
  endfacet
  facet normal -1 0 0
    outer loop
      vertex -8 6 2
      vertex -8 -0.5 0.59
      vertex -8 -3.5 0.59
    endloop
  endfacet
  facet normal -1 0 0
    outer loop
      vertex -8 0.5 0
      vertex -8 0.5 0.59
      vertex -8 3.5 0
    endloop
  endfacet
  facet normal -1 0 0
    outer loop
      vertex -8 6 2
      vertex -8 0.5 0.59
      vertex -8 -0.5 0.59
    endloop
  endfacet
  facet normal -1 0 0
    outer loop
      vertex -8 0.5 0.59
      vertex -8 3.5 0.59
      vertex -8 3.5 0
    endloop
  endfacet
  facet normal 0 0 1
    outer loop
      vertex -8 -6 2
      vertex -1.75 6 2
      vertex -8 6 2
    endloop
  endfacet
  facet normal -1 0 0
    outer loop
      vertex -8 6 2
      vertex -8 3.5 0.59
      vertex -8 0.5 0.59
    endloop
  endfacet
  facet normal -1 0 0
    outer loop
      vertex -8 6 0
      vertex -8 4.5 0
      vertex -8 4.5 0.59
    endloop
  endfacet
  facet normal -1 0 0
    outer loop
      vertex -8 6 2
      vertex -8 4.5 0.59
      vertex -8 3.5 0.59
    endloop
  endfacet
  facet normal -1 0 0
    outer loop
      vertex -8 6 0
      vertex -8 4.5 0.59
      vertex -8 6 2
    endloop
  endfacet
  facet normal 0 0 -1
    outer loop
      vertex -8 0.5 0
      vertex -8 3.5 0
      vertex 8 3.5 0
    endloop
  endfacet
  facet normal 0 0 -1
    outer loop
      vertex -8 6 0
      vertex 8 6 0
      vertex -8 4.5 0
    endloop
  endfacet
  facet normal 0 1 0
    outer loop
      vertex -8 6 0
      vertex -8 6 2
      vertex 8 6 0
    endloop
  endfacet
  facet normal 0 1 0
    outer loop
      vertex -8 6 2
      vertex -1.75 6 2
      vertex 8 6 0
    endloop
  endfacet
  facet normal 0 -1 0
    outer loop
      vertex -8 -6 0
      vertex 8 -6 2
      vertex 1.75 -6 2
    endloop
  endfacet
  facet normal 0 0 -1
    outer loop
      vertex -8 -6 0
      vertex 8 -4.5 0
      vertex 8 -6 0
    endloop
  endfacet
  facet normal 0 -1 0
    outer loop
      vertex -8 -6 0
      vertex 8 -6 0
      vertex 8 -6 2
    endloop
  endfacet
  facet normal 0 0 -1
    outer loop
      vertex -8 -3.5 0
      vertex 8 -0.5 0
      vertex 8 -3.5 0
    endloop
  endfacet
  facet normal 1 0 0
    outer loop
      vertex 8 -6 0
      vertex 8 -4.5 0.59
      vertex 8 -6 2
    endloop
  endfacet
  facet normal 1 0 0
    outer loop
      vertex 8 -6 0
      vertex 8 -4.5 0
      vertex 8 -4.5 0.59
    endloop
  endfacet
  facet normal 1 0 0
    outer loop
      vertex 8 -6 2
      vertex 8 -4.5 0.59
      vertex 8 -3.5 0.59
    endloop
  endfacet
  facet normal 1 0 0
    outer loop
      vertex 8 -6 2
      vertex 8 -3.5 0.59
      vertex 8 -0.5 0.59
    endloop
  endfacet
  facet normal 0 0 1
    outer loop
      vertex 1.75 -6 2
      vertex 8 -6 2
      vertex 8 6 2
    endloop
  endfacet
  facet normal 1 0 0
    outer loop
      vertex 8 -3.5 0
      vertex 8 -0.5 0.59
      vertex 8 -3.5 0.59
    endloop
  endfacet
  facet normal 1 0 0
    outer loop
      vertex 8 -6 2
      vertex 8 -0.5 0.59
      vertex 8 0.5 0.59
    endloop
  endfacet
  facet normal 1 0 0
    outer loop
      vertex 8 -0.5 0
      vertex 8 -0.5 0.59
      vertex 8 -3.5 0
    endloop
  endfacet
  facet normal 1 0 0
    outer loop
      vertex 8 -6 2
      vertex 8 0.5 0.59
      vertex 8 3.5 0.59
    endloop
  endfacet
  facet normal 0 0 -1
    outer loop
      vertex -8 0.5 0
      vertex 8 3.5 0
      vertex 8 0.5 0
    endloop
  endfacet
  facet normal 0 0 1
    outer loop
      vertex 1.75 -6 2
      vertex 8 6 2
      vertex 1.75 6 2
    endloop
  endfacet
  facet normal 0 0 -1
    outer loop
      vertex 8 6 0
      vertex 8 4.5 0
      vertex -8 4.5 0
    endloop
  endfacet
  facet normal 0 1 0
    outer loop
      vertex -1.75 6 2
      vertex 1.75 6 2
      vertex 8 6 0
    endloop
  endfacet
  facet normal 1 0 0
    outer loop
      vertex 8 -6 2
      vertex 8 3.5 0.59
      vertex 8 4.5 0.59
    endloop
  endfacet
  facet normal 1 0 0
    outer loop
      vertex 8 3.5 0.59
      vertex 8 0.5 0.59
      vertex 8 0.5 0
    endloop
  endfacet
  facet normal 1 0 0
    outer loop
      vertex 8 3.5 0
      vertex 8 3.5 0.59
      vertex 8 0.5 0
    endloop
  endfacet
  facet normal 1 0 0
    outer loop
      vertex 8 -6 2
      vertex 8 4.5 0.59
      vertex 8 6 2
    endloop
  endfacet
  facet normal 0 1 0
    outer loop
      vertex 1.75 6 2
      vertex 8 6 2
      vertex 8 6 0
    endloop
  endfacet
  facet normal 1 0 0
    outer loop
      vertex 8 6 0
      vertex 8 4.5 0.59
      vertex 8 4.5 0
    endloop
  endfacet
  facet normal 1 0 0
    outer loop
      vertex 8 6 0
      vertex 8 6 2
      vertex 8 4.5 0.59
    endloop
  endfacet
  facet normal -1 0 0
    outer loop
      vertex -1.75 -6 2
      vertex -1.75 -0.6894399988070802 3.9214911512821145
      vertex -1.75 -0.6363961030678928 3.863603896932107
    endloop
  endfacet
  facet normal -1 0 0
    outer loop
      vertex -1.75 -6 2
      vertex -1.75 -0.7372368398600926 3.9837812072840584
      vertex -1.75 -0.6894399988070802 3.9214911512821145
    endloop
  endfacet
  facet normal -1 0 0
    outer loop
      vertex -1.75 -6 2
      vertex -1.75 -0.7794228634059948 4.05
      vertex -1.75 -0.7372368398600926 3.9837812072840584
    endloop
  endfacet
  facet normal -1 0 0
    outer loop
      vertex -1.75 -6 2
      vertex -1.75 -0.6363961030678928 3.863603896932107
      vertex -1.75 -0.5785088487178853 3.8105600011929197
    endloop
  endfacet
  facet normal -1 0 0
    outer loop
      vertex -1.75 -6 2
      vertex -1.75 -0.5785088487178853 3.8105600011929197
      vertex -1.75 -0.5162187927159415 3.762763160139907
    endloop
  endfacet
  facet normal -1 0 0
    outer loop
      vertex -1.75 -6 2
      vertex -1.75 -0.5162187927159415 3.762763160139907
      vertex -1.75 -0.45 3.720577136594005
    endloop
  endfacet
  facet normal -1 0 0
    outer loop
      vertex -1.75 -6 2
      vertex -1.75 -0.45 3.720577136594005
      vertex -1.75 -0.3803564355666295 3.684322991667015
    endloop
  endfacet
  facet normal -1 0 0
    outer loop
      vertex -1.75 -6 2
      vertex -1.75 -0.3803564355666295 3.684322991667015
      vertex -1.75 -0.30781812899310185 3.6542766412926824
    endloop
  endfacet
  facet normal -1 0 0
    outer loop
      vertex -1.75 -6 2
      vertex -1.75 -0.30781812899310185 3.6542766412926824
      vertex -1.75 -0.23293714059226867 3.6306667563398385
    endloop
  endfacet
  facet normal -1 0 0
    outer loop
      vertex -1.75 -6 2
      vertex -1.75 -0.815677008332985 4.11964356443337
      vertex -1.75 -0.7794228634059948 4.05
    endloop
  endfacet
  facet normal -1 0 0
    outer loop
      vertex -1.75 -6 2
      vertex -1.75 -0.8457233587073176 4.192181871006898
      vertex -1.75 -0.815677008332985 4.11964356443337
    endloop
  endfacet
  facet normal -1 0 0
    outer loop
      vertex -1.75 -6 2
      vertex -1.75 -0.8693332436601615 4.267062859407732
      vertex -1.75 -0.8457233587073176 4.192181871006898
    endloop
  endfacet
  facet normal -1 0 0
    outer loop
      vertex -1.75 -6 2
      vertex -1.75 -0.8863269777109872 4.343716640099763
      vertex -1.75 -0.8693332436601615 4.267062859407732
    endloop
  endfacet
  facet normal -1 0 0
    outer loop
      vertex -1.75 -6 2
      vertex -1.75 -0.896575228282571 4.421559831527108
      vertex -1.75 -0.8863269777109872 4.343716640099763
    endloop
  endfacet
  facet normal -1 0 0
    outer loop
      vertex -1.75 -6 2
      vertex -1.75 -0.9 4.5
      vertex -1.75 -0.896575228282571 4.421559831527108
    endloop
  endfacet
  facet normal -1 0 0
    outer loop
      vertex -1.75 -6 2
      vertex -1.75 -0.896575228282571 4.578440168472892
      vertex -1.75 -0.9 4.5
    endloop
  endfacet
  facet normal -1 0 0
    outer loop
      vertex -1.75 -6 2
      vertex -1.75 -0.8863269777109872 4.656283359900237
      vertex -1.75 -0.896575228282571 4.578440168472892
    endloop
  endfacet
  facet normal -1 0 0
    outer loop
      vertex -1.75 -6 2
      vertex -1.75 -0.8693332436601615 4.732937140592268
      vertex -1.75 -0.8863269777109872 4.656283359900237
    endloop
  endfacet
  facet normal -1 0 0
    outer loop
      vertex -1.75 -6 2
      vertex -1.75 -0.8457233587073176 4.807818128993102
      vertex -1.75 -0.8693332436601615 4.732937140592268
    endloop
  endfacet
  facet normal -1 0 0
    outer loop
      vertex -1.75 -6 2
      vertex -1.75 -0.815677008332985 4.88035643556663
      vertex -1.75 -0.8457233587073176 4.807818128993102
    endloop
  endfacet
  facet normal -1 0 0
    outer loop
      vertex -1.75 -6 2
      vertex -1.75 -0.23293714059226867 3.6306667563398385
      vertex -1.75 6 2
    endloop
  endfacet
  facet normal 0 -1 0
    outer loop
      vertex -1.75 -6 2
      vertex 1.75 -6 9
      vertex -1.75 -6 9
    endloop
  endfacet
  facet normal -1 0 0
    outer loop
      vertex -1.75 -6 2
      vertex -1.75 -6 9
      vertex -1.75 -0.815677008332985 4.88035643556663
    endloop
  endfacet
  facet normal -1 0 0
    outer loop
      vertex -1.75 -6 9
      vertex -1.75 -0.7794228634059948 4.95
      vertex -1.75 -0.815677008332985 4.88035643556663
    endloop
  endfacet
  facet normal -1 0 0
    outer loop
      vertex -1.75 -6 9
      vertex -1.75 -0.7372368398600926 5.016218792715941
      vertex -1.75 -0.7794228634059948 4.95
    endloop
  endfacet
  facet normal -1 0 0
    outer loop
      vertex -1.75 -6 9
      vertex -1.75 -0.6894399988070802 5.0785088487178855
      vertex -1.75 -0.7372368398600926 5.016218792715941
    endloop
  endfacet
  facet normal -1 0 0
    outer loop
      vertex -1.75 -6 9
      vertex -1.75 -0.6363961030678928 5.136396103067893
      vertex -1.75 -0.6894399988070802 5.0785088487178855
    endloop
  endfacet
  facet normal -1 0 0
    outer loop
      vertex -1.75 -6 9
      vertex -1.75 -0.5785088487178853 5.18943999880708
      vertex -1.75 -0.6363961030678928 5.136396103067893
    endloop
  endfacet
  facet normal -1 0 0
    outer loop
      vertex -1.75 -6 9
      vertex -1.75 -0.5162187927159415 5.237236839860093
      vertex -1.75 -0.5785088487178853 5.18943999880708
    endloop
  endfacet
  facet normal -1 0 0
    outer loop
      vertex -1.75 -6 9
      vertex -1.75 -0.45 5.279422863405995
      vertex -1.75 -0.5162187927159415 5.237236839860093
    endloop
  endfacet
  facet normal -1 0 0
    outer loop
      vertex -1.75 -6 9
      vertex -1.75 -0.3803564355666295 5.315677008332985
      vertex -1.75 -0.45 5.279422863405995
    endloop
  endfacet
  facet normal -1 0 0
    outer loop
      vertex -1.75 -6 9
      vertex -1.75 -0.30781812899310185 5.345723358707318
      vertex -1.75 -0.3803564355666295 5.315677008332985
    endloop
  endfacet
  facet normal -1 0 0
    outer loop
      vertex -1.75 -6 9
      vertex -1.75 -0.23293714059226867 5.3693332436601615
      vertex -1.75 -0.30781812899310185 5.345723358707318
    endloop
  endfacet
  facet normal -1 0 0
    outer loop
      vertex -1.75 -6 9
      vertex -1.75 -0.1562833599002373 5.386326977710987
      vertex -1.75 -0.23293714059226867 5.3693332436601615
    endloop
  endfacet
  facet normal -1 0 0
    outer loop
      vertex -1.75 -6 9
      vertex -1.75 -0.07844016847289235 5.396575228282571
      vertex -1.75 -0.1562833599002373 5.386326977710987
    endloop
  endfacet
  facet normal -1 0 0
    outer loop
      vertex -1.75 -6 9
      vertex -1.75 0 5.4
      vertex -1.75 -0.07844016847289235 5.396575228282571
    endloop
  endfacet
  facet normal -1 0 0
    outer loop
      vertex -1.75 -6 9
      vertex -1.75 0.07844016847289235 5.396575228282571
      vertex -1.75 0 5.4
    endloop
  endfacet
  facet normal -1 0 0
    outer loop
      vertex -1.75 -6 9
      vertex -1.75 0.1562833599002373 5.386326977710987
      vertex -1.75 0.07844016847289235 5.396575228282571
    endloop
  endfacet
  facet normal -1 0 0
    outer loop
      vertex -1.75 0.1562833599002373 5.386326977710987
      vertex -1.75 -0.6894399988070802 6.4214911512821145
      vertex -1.75 -0.6363961030678928 6.363603896932107
    endloop
  endfacet
  facet normal -1 0 0
    outer loop
      vertex -1.75 0.1562833599002373 5.386326977710987
      vertex -1.75 -0.30781812899310185 6.154276641292682
      vertex -1.75 -0.23293714059226867 6.1306667563398385
    endloop
  endfacet
  facet normal -1 0 0
    outer loop
      vertex -1.75 0.1562833599002373 5.386326977710987
      vertex -1.75 -0.23293714059226867 6.1306667563398385
      vertex -1.75 -0.1562833599002373 6.113673022289013
    endloop
  endfacet
  facet normal -1 0 0
    outer loop
      vertex -1.75 0.1562833599002373 5.386326977710987
      vertex -1.75 -0.1562833599002373 6.113673022289013
      vertex -1.75 -0.07844016847289235 6.103424771717429
    endloop
  endfacet
  facet normal -1 0 0
    outer loop
      vertex -1.75 0.1562833599002373 5.386326977710987
      vertex -1.75 -0.6363961030678928 6.363603896932107
      vertex -1.75 -0.5785088487178853 6.31056000119292
    endloop
  endfacet
  facet normal -1 0 0
    outer loop
      vertex -1.75 0.1562833599002373 5.386326977710987
      vertex -1.75 -0.5785088487178853 6.31056000119292
      vertex -1.75 -0.5162187927159415 6.262763160139907
    endloop
  endfacet
  facet normal -1 0 0
    outer loop
      vertex -1.75 0.1562833599002373 5.386326977710987
      vertex -1.75 -0.5162187927159415 6.262763160139907
      vertex -1.75 -0.45 6.220577136594005
    endloop
  endfacet
  facet normal -1 0 0
    outer loop
      vertex -1.75 0.1562833599002373 5.386326977710987
      vertex -1.75 -0.45 6.220577136594005
      vertex -1.75 -0.3803564355666295 6.184322991667015
    endloop
  endfacet
  facet normal -1 0 0
    outer loop
      vertex -1.75 0.1562833599002373 5.386326977710987
      vertex -1.75 -0.3803564355666295 6.184322991667015
      vertex -1.75 -0.30781812899310185 6.154276641292682
    endloop
  endfacet
  facet normal -1 0 0
    outer loop
      vertex -1.75 -6 9
      vertex -1.75 -0.7372368398600926 6.483781207284059
      vertex -1.75 -0.6894399988070802 6.4214911512821145
    endloop
  endfacet
  facet normal -1 0 0
    outer loop
      vertex -1.75 -6 9
      vertex -1.75 -0.815677008332985 6.61964356443337
      vertex -1.75 -0.7794228634059948 6.55
    endloop
  endfacet
  facet normal -1 0 0
    outer loop
      vertex -1.75 -6 9
      vertex -1.75 -0.8457233587073176 6.692181871006898
      vertex -1.75 -0.815677008332985 6.61964356443337
    endloop
  endfacet
  facet normal -1 0 0
    outer loop
      vertex -1.75 -6 9
      vertex -1.75 -0.7794228634059948 6.55
      vertex -1.75 -0.7372368398600926 6.483781207284059
    endloop
  endfacet
  facet normal -1 0 0
    outer loop
      vertex -1.75 -6 9
      vertex -1.75 -0.8693332436601615 6.767062859407732
      vertex -1.75 -0.8457233587073176 6.692181871006898
    endloop
  endfacet
  facet normal -1 0 0
    outer loop
      vertex -1.75 -6 9
      vertex -1.75 -0.8863269777109872 6.843716640099763
      vertex -1.75 -0.8693332436601615 6.767062859407732
    endloop
  endfacet
  facet normal -1 0 0
    outer loop
      vertex -1.75 -6 9
      vertex -1.75 -0.896575228282571 6.921559831527108
      vertex -1.75 -0.8863269777109872 6.843716640099763
    endloop
  endfacet
  facet normal -1 0 0
    outer loop
      vertex -1.75 -6 9
      vertex -1.75 -0.9 7
      vertex -1.75 -0.896575228282571 6.921559831527108
    endloop
  endfacet
  facet normal -1 0 0
    outer loop
      vertex -1.75 -6 9
      vertex -1.75 -0.896575228282571 7.078440168472892
      vertex -1.75 -0.9 7
    endloop
  endfacet
  facet normal -1 0 0
    outer loop
      vertex -1.75 -6 9
      vertex -1.75 -0.8863269777109872 7.156283359900237
      vertex -1.75 -0.896575228282571 7.078440168472892
    endloop
  endfacet
  facet normal -1 0 0
    outer loop
      vertex -1.75 -6 9
      vertex -1.75 -0.8693332436601615 7.232937140592268
      vertex -1.75 -0.8863269777109872 7.156283359900237
    endloop
  endfacet
  facet normal -1 0 0
    outer loop
      vertex -1.75 -6 9
      vertex -1.75 -0.8457233587073176 7.307818128993102
      vertex -1.75 -0.8693332436601615 7.232937140592268
    endloop
  endfacet
  facet normal -1 0 0
    outer loop
      vertex -1.75 -6 9
      vertex -1.75 -0.6894399988070802 6.4214911512821145
      vertex -1.75 0.1562833599002373 5.386326977710987
    endloop
  endfacet
  facet normal -1 0 0
    outer loop
      vertex -1.75 -6 9
      vertex -1.75 -0.815677008332985 7.38035643556663
      vertex -1.75 -0.8457233587073176 7.307818128993102
    endloop
  endfacet
  facet normal -1 0 0
    outer loop
      vertex -1.75 -6 9
      vertex -1.75 -0.7794228634059948 7.45
      vertex -1.75 -0.815677008332985 7.38035643556663
    endloop
  endfacet
  facet normal -1 0 0
    outer loop
      vertex -1.75 -6 9
      vertex -1.75 -0.7372368398600926 7.516218792715941
      vertex -1.75 -0.7794228634059948 7.45
    endloop
  endfacet
  facet normal -1 0 0
    outer loop
      vertex -1.75 -6 9
      vertex -1.75 -0.6894399988070802 7.5785088487178855
      vertex -1.75 -0.7372368398600926 7.516218792715941
    endloop
  endfacet
  facet normal -1 0 0
    outer loop
      vertex -1.75 -6 9
      vertex -1.75 -0.6363961030678928 7.636396103067893
      vertex -1.75 -0.6894399988070802 7.5785088487178855
    endloop
  endfacet
  facet normal -1 0 0
    outer loop
      vertex -1.75 -6 9
      vertex -1.75 -0.5785088487178853 7.68943999880708
      vertex -1.75 -0.6363961030678928 7.636396103067893
    endloop
  endfacet
  facet normal -1 0 0
    outer loop
      vertex -1.75 -6 9
      vertex -1.75 -0.5162187927159415 7.737236839860093
      vertex -1.75 -0.5785088487178853 7.68943999880708
    endloop
  endfacet
  facet normal -1 0 0
    outer loop
      vertex -1.75 -6 9
      vertex -1.75 -0.45 7.779422863405995
      vertex -1.75 -0.5162187927159415 7.737236839860093
    endloop
  endfacet
  facet normal -1 0 0
    outer loop
      vertex -1.75 -6 9
      vertex -1.75 -0.3803564355666295 7.815677008332985
      vertex -1.75 -0.45 7.779422863405995
    endloop
  endfacet
  facet normal -1 0 0
    outer loop
      vertex -1.75 -6 9
      vertex -1.75 -0.30781812899310185 7.845723358707318
      vertex -1.75 -0.3803564355666295 7.815677008332985
    endloop
  endfacet
  facet normal -1 0 0
    outer loop
      vertex -1.75 -6 9
      vertex -1.75 -0.23293714059226867 7.8693332436601615
      vertex -1.75 -0.30781812899310185 7.845723358707318
    endloop
  endfacet
  facet normal -1 0 0
    outer loop
      vertex -1.75 -6 9
      vertex -1.75 -0.1562833599002373 7.886326977710987
      vertex -1.75 -0.23293714059226867 7.8693332436601615
    endloop
  endfacet
  facet normal -1 0 0
    outer loop
      vertex -1.75 -6 9
      vertex -1.75 -0.07844016847289235 7.896575228282571
      vertex -1.75 -0.1562833599002373 7.886326977710987
    endloop
  endfacet
  facet normal -1 0 0
    outer loop
      vertex -1.75 -6 9
      vertex -1.75 0 7.9
      vertex -1.75 -0.07844016847289235 7.896575228282571
    endloop
  endfacet
  facet normal -1 0 0
    outer loop
      vertex -1.75 -6 9
      vertex -1.75 0.07844016847289235 7.896575228282571
      vertex -1.75 0 7.9
    endloop
  endfacet
  facet normal -1 0 0
    outer loop
      vertex -1.75 -6 9
      vertex -1.75 0.1562833599002373 7.886326977710987
      vertex -1.75 0.07844016847289235 7.896575228282571
    endloop
  endfacet
  facet normal 0 0 1
    outer loop
      vertex -1.75 -6 9
      vertex 1.75 -6 9
      vertex -1.75 6 9
    endloop
  endfacet
  facet normal -1 0 0
    outer loop
      vertex -1.75 6 2
      vertex -1.75 -0.23293714059226867 3.6306667563398385
      vertex -1.75 -0.1562833599002373 3.6136730222890128
    endloop
  endfacet
  facet normal -1 0 0
    outer loop
      vertex -1.75 6 2
      vertex -1.75 -0.1562833599002373 3.6136730222890128
      vertex -1.75 -0.07844016847289235 3.603424771717429
    endloop
  endfacet
  facet normal -1 0 0
    outer loop
      vertex -1.75 6 2
      vertex -1.75 -0.07844016847289235 3.603424771717429
      vertex -1.75 0 3.6
    endloop
  endfacet
  facet normal -1 0 0
    outer loop
      vertex -1.75 6 2
      vertex -1.75 0 3.6
      vertex -1.75 0.07844016847289235 3.603424771717429
    endloop
  endfacet
  facet normal -1 0 0
    outer loop
      vertex -1.75 6 2
      vertex -1.75 0.07844016847289235 3.603424771717429
      vertex -1.75 0.1562833599002373 3.6136730222890128
    endloop
  endfacet
  facet normal -1 0 0
    outer loop
      vertex -1.75 6 2
      vertex -1.75 0.1562833599002373 3.6136730222890128
      vertex -1.75 0.23293714059226867 3.6306667563398385
    endloop
  endfacet
  facet normal -1 0 0
    outer loop
      vertex -1.75 6 2
      vertex -1.75 0.23293714059226867 3.6306667563398385
      vertex -1.75 0.30781812899310185 3.6542766412926824
    endloop
  endfacet
  facet normal -1 0 0
    outer loop
      vertex -1.75 6 2
      vertex -1.75 0.30781812899310185 3.6542766412926824
      vertex -1.75 0.3803564355666295 3.684322991667015
    endloop
  endfacet
  facet normal -1 0 0
    outer loop
      vertex -1.75 6 2
      vertex -1.75 0.3803564355666295 3.684322991667015
      vertex -1.75 0.45 3.720577136594005
    endloop
  endfacet
  facet normal -1 0 0
    outer loop
      vertex -1.75 6 2
      vertex -1.75 0.45 3.720577136594005
      vertex -1.75 0.5162187927159415 3.762763160139907
    endloop
  endfacet
  facet normal -1 0 0
    outer loop
      vertex -1.75 6 2
      vertex -1.75 0.5162187927159415 3.762763160139907
      vertex -1.75 0.5785088487178853 3.8105600011929197
    endloop
  endfacet
  facet normal -1 0 0
    outer loop
      vertex -1.75 6 2
      vertex -1.75 0.5785088487178853 3.8105600011929197
      vertex -1.75 0.6363961030678928 3.863603896932107
    endloop
  endfacet
  facet normal -1 0 0
    outer loop
      vertex -1.75 6 2
      vertex -1.75 0.6363961030678928 3.863603896932107
      vertex -1.75 0.6894399988070802 3.9214911512821145
    endloop
  endfacet
  facet normal -1 0 0
    outer loop
      vertex -1.75 6 2
      vertex -1.75 0.6894399988070802 3.9214911512821145
      vertex -1.75 0.7372368398600926 3.9837812072840584
    endloop
  endfacet
  facet normal -1 0 0
    outer loop
      vertex -1.75 6 2
      vertex -1.75 0.7372368398600926 3.9837812072840584
      vertex -1.75 0.7794228634059948 4.05
    endloop
  endfacet
  facet normal -1 0 0
    outer loop
      vertex -1.75 6 2
      vertex -1.75 0.7794228634059948 4.05
      vertex -1.75 0.815677008332985 4.11964356443337
    endloop
  endfacet
  facet normal -1 0 0
    outer loop
      vertex -1.75 6 2
      vertex -1.75 0.815677008332985 4.11964356443337
      vertex -1.75 0.8457233587073176 4.192181871006898
    endloop
  endfacet
  facet normal -1 0 0
    outer loop
      vertex -1.75 6 2
      vertex -1.75 0.8457233587073176 4.192181871006898
      vertex -1.75 0.8693332436601615 4.267062859407732
    endloop
  endfacet
  facet normal -1 0 0
    outer loop
      vertex -1.75 6 2
      vertex -1.75 0.8693332436601615 4.267062859407732
      vertex -1.75 0.8863269777109872 4.343716640099763
    endloop
  endfacet
  facet normal -1 0 0
    outer loop
      vertex -1.75 6 2
      vertex -1.75 0.8863269777109872 4.343716640099763
      vertex -1.75 0.896575228282571 4.421559831527108
    endloop
  endfacet
  facet normal -1 0 0
    outer loop
      vertex -1.75 6 2
      vertex -1.75 0.896575228282571 4.421559831527108
      vertex -1.75 0.9 4.5
    endloop
  endfacet
  facet normal -1 0 0
    outer loop
      vertex -1.75 6 2
      vertex -1.75 0.9 4.5
      vertex -1.75 0.896575228282571 4.578440168472892
    endloop
  endfacet
  facet normal -1 0 0
    outer loop
      vertex -1.75 6 2
      vertex -1.75 0.896575228282571 4.578440168472892
      vertex -1.75 0.8863269777109872 4.656283359900237
    endloop
  endfacet
  facet normal -1 0 0
    outer loop
      vertex -1.75 6 2
      vertex -1.75 0.8863269777109872 4.656283359900237
      vertex -1.75 0.8693332436601615 4.732937140592268
    endloop
  endfacet
  facet normal -1 0 0
    outer loop
      vertex -1.75 6 2
      vertex -1.75 0.8693332436601615 4.732937140592268
      vertex -1.75 0.8457233587073176 4.807818128993102
    endloop
  endfacet
  facet normal -1 0 0
    outer loop
      vertex -1.75 6 2
      vertex -1.75 0.8457233587073176 4.807818128993102
      vertex -1.75 0.815677008332985 4.88035643556663
    endloop
  endfacet
  facet normal -1 0 0
    outer loop
      vertex -1.75 6 2
      vertex -1.75 0.7794228634059948 4.95
      vertex -1.75 0.7372368398600926 5.016218792715941
    endloop
  endfacet
  facet normal -1 0 0
    outer loop
      vertex -1.75 6 2
      vertex -1.75 0.7372368398600926 5.016218792715941
      vertex -1.75 0.6894399988070802 5.0785088487178855
    endloop
  endfacet
  facet normal -1 0 0
    outer loop
      vertex -1.75 6 2
      vertex -1.75 0.6894399988070802 5.0785088487178855
      vertex -1.75 0.6363961030678928 5.136396103067893
    endloop
  endfacet
  facet normal -1 0 0
    outer loop
      vertex -1.75 6 2
      vertex -1.75 0.815677008332985 4.88035643556663
      vertex -1.75 0.7794228634059948 4.95
    endloop
  endfacet
  facet normal 0 1 0
    outer loop
      vertex -1.75 6 2
      vertex -1.75 6 9
      vertex 1.75 6 2
    endloop
  endfacet
  facet normal -1 0 0
    outer loop
      vertex -1.75 0.1562833599002373 5.386326977710987
      vertex -1.75 -0.07844016847289235 6.103424771717429
      vertex -1.75 0 6.1
    endloop
  endfacet
  facet normal -1 0 0
    outer loop
      vertex -1.75 0.1562833599002373 5.386326977710987
      vertex -1.75 0 6.1
      vertex -1.75 0.07844016847289235 6.103424771717429
    endloop
  endfacet
  facet normal -1 0 0
    outer loop
      vertex -1.75 0.1562833599002373 5.386326977710987
      vertex -1.75 0.07844016847289235 6.103424771717429
      vertex -1.75 0.1562833599002373 6.113673022289013
    endloop
  endfacet
  facet normal -1 0 0
    outer loop
      vertex -1.75 0.1562833599002373 5.386326977710987
      vertex -1.75 0.1562833599002373 6.113673022289013
      vertex -1.75 0.23293714059226867 6.1306667563398385
    endloop
  endfacet
  facet normal -1 0 0
    outer loop
      vertex -1.75 0.1562833599002373 5.386326977710987
      vertex -1.75 0.23293714059226867 6.1306667563398385
      vertex -1.75 0.30781812899310185 6.154276641292682
    endloop
  endfacet
  facet normal -1 0 0
    outer loop
      vertex -1.75 0.1562833599002373 5.386326977710987
      vertex -1.75 0.30781812899310185 6.154276641292682
      vertex -1.75 0.3803564355666295 6.184322991667015
    endloop
  endfacet
  facet normal -1 0 0
    outer loop
      vertex -1.75 6 9
      vertex -1.75 0.23293714059226867 5.3693332436601615
      vertex -1.75 0.1562833599002373 5.386326977710987
    endloop
  endfacet
  facet normal -1 0 0
    outer loop
      vertex -1.75 6 9
      vertex -1.75 0.30781812899310185 5.345723358707318
      vertex -1.75 0.23293714059226867 5.3693332436601615
    endloop
  endfacet
  facet normal -1 0 0
    outer loop
      vertex -1.75 6 9
      vertex -1.75 0.3803564355666295 5.315677008332985
      vertex -1.75 0.30781812899310185 5.345723358707318
    endloop
  endfacet
  facet normal -1 0 0
    outer loop
      vertex -1.75 6 9
      vertex -1.75 0.6363961030678928 5.136396103067893
      vertex -1.75 0.5785088487178853 5.18943999880708
    endloop
  endfacet
  facet normal -1 0 0
    outer loop
      vertex -1.75 6 9
      vertex -1.75 0.45 5.279422863405995
      vertex -1.75 0.3803564355666295 5.315677008332985
    endloop
  endfacet
  facet normal -1 0 0
    outer loop
      vertex -1.75 6 9
      vertex -1.75 0.5162187927159415 5.237236839860093
      vertex -1.75 0.45 5.279422863405995
    endloop
  endfacet
  facet normal -1 0 0
    outer loop
      vertex -1.75 6 9
      vertex -1.75 0.5785088487178853 5.18943999880708
      vertex -1.75 0.5162187927159415 5.237236839860093
    endloop
  endfacet
  facet normal -1 0 0
    outer loop
      vertex -1.75 -6 9
      vertex -1.75 6 9
      vertex -1.75 0.1562833599002373 7.886326977710987
    endloop
  endfacet
  facet normal -1 0 0
    outer loop
      vertex -1.75 6 9
      vertex -1.75 0.1562833599002373 5.386326977710987
      vertex -1.75 0.3803564355666295 6.184322991667015
    endloop
  endfacet
  facet normal -1 0 0
    outer loop
      vertex -1.75 6 9
      vertex -1.75 0.3803564355666295 6.184322991667015
      vertex -1.75 0.45 6.220577136594005
    endloop
  endfacet
  facet normal -1 0 0
    outer loop
      vertex -1.75 6 9
      vertex -1.75 0.45 6.220577136594005
      vertex -1.75 0.5162187927159415 6.262763160139907
    endloop
  endfacet
  facet normal -1 0 0
    outer loop
      vertex -1.75 6 9
      vertex -1.75 0.5162187927159415 6.262763160139907
      vertex -1.75 0.5785088487178853 6.31056000119292
    endloop
  endfacet
  facet normal -1 0 0
    outer loop
      vertex -1.75 6 9
      vertex -1.75 0.5785088487178853 6.31056000119292
      vertex -1.75 0.6363961030678928 6.363603896932107
    endloop
  endfacet
  facet normal -1 0 0
    outer loop
      vertex -1.75 6 9
      vertex -1.75 0.6363961030678928 6.363603896932107
      vertex -1.75 0.6894399988070802 6.4214911512821145
    endloop
  endfacet
  facet normal -1 0 0
    outer loop
      vertex -1.75 6 9
      vertex -1.75 0.6894399988070802 6.4214911512821145
      vertex -1.75 0.7372368398600926 6.483781207284059
    endloop
  endfacet
  facet normal -1 0 0
    outer loop
      vertex -1.75 6 9
      vertex -1.75 0.7372368398600926 6.483781207284059
      vertex -1.75 0.7794228634059948 6.55
    endloop
  endfacet
  facet normal -1 0 0
    outer loop
      vertex -1.75 6 9
      vertex -1.75 0.7794228634059948 6.55
      vertex -1.75 0.815677008332985 6.61964356443337
    endloop
  endfacet
  facet normal -1 0 0
    outer loop
      vertex -1.75 6 9
      vertex -1.75 0.815677008332985 6.61964356443337
      vertex -1.75 0.8457233587073176 6.692181871006898
    endloop
  endfacet
  facet normal -1 0 0
    outer loop
      vertex -1.75 6 9
      vertex -1.75 0.8457233587073176 6.692181871006898
      vertex -1.75 0.8693332436601615 6.767062859407732
    endloop
  endfacet
  facet normal -1 0 0
    outer loop
      vertex -1.75 6 9
      vertex -1.75 0.8693332436601615 6.767062859407732
      vertex -1.75 0.8863269777109872 6.843716640099763
    endloop
  endfacet
  facet normal -1 0 0
    outer loop
      vertex -1.75 6 9
      vertex -1.75 0.8863269777109872 6.843716640099763
      vertex -1.75 0.896575228282571 6.921559831527108
    endloop
  endfacet
  facet normal -1 0 0
    outer loop
      vertex -1.75 6 9
      vertex -1.75 0.896575228282571 6.921559831527108
      vertex -1.75 0.9 7
    endloop
  endfacet
  facet normal -1 0 0
    outer loop
      vertex -1.75 6 9
      vertex -1.75 0.9 7
      vertex -1.75 0.896575228282571 7.078440168472892
    endloop
  endfacet
  facet normal -1 0 0
    outer loop
      vertex -1.75 6 9
      vertex -1.75 0.896575228282571 7.078440168472892
      vertex -1.75 0.8863269777109872 7.156283359900237
    endloop
  endfacet
  facet normal -1 0 0
    outer loop
      vertex -1.75 6 9
      vertex -1.75 0.8863269777109872 7.156283359900237
      vertex -1.75 0.8693332436601615 7.232937140592268
    endloop
  endfacet
  facet normal -1 0 0
    outer loop
      vertex -1.75 6 9
      vertex -1.75 0.8693332436601615 7.232937140592268
      vertex -1.75 0.8457233587073176 7.307818128993102
    endloop
  endfacet
  facet normal -1 0 0
    outer loop
      vertex -1.75 6 9
      vertex -1.75 0.23293714059226867 7.8693332436601615
      vertex -1.75 0.1562833599002373 7.886326977710987
    endloop
  endfacet
  facet normal -1 0 0
    outer loop
      vertex -1.75 6 9
      vertex -1.75 0.3803564355666295 7.815677008332985
      vertex -1.75 0.30781812899310185 7.845723358707318
    endloop
  endfacet
  facet normal -1 0 0
    outer loop
      vertex -1.75 6 9
      vertex -1.75 0.30781812899310185 7.845723358707318
      vertex -1.75 0.23293714059226867 7.8693332436601615
    endloop
  endfacet
  facet normal -1 0 0
    outer loop
      vertex -1.75 6 9
      vertex -1.75 0.5785088487178853 7.68943999880708
      vertex -1.75 0.5162187927159415 7.737236839860093
    endloop
  endfacet
  facet normal -1 0 0
    outer loop
      vertex -1.75 6 9
      vertex -1.75 0.6363961030678928 7.636396103067893
      vertex -1.75 0.5785088487178853 7.68943999880708
    endloop
  endfacet
  facet normal -1 0 0
    outer loop
      vertex -1.75 6 9
      vertex -1.75 0.7794228634059948 7.45
      vertex -1.75 0.7372368398600926 7.516218792715941
    endloop
  endfacet
  facet normal -1 0 0
    outer loop
      vertex -1.75 6 9
      vertex -1.75 0.8457233587073176 7.307818128993102
      vertex -1.75 0.815677008332985 7.38035643556663
    endloop
  endfacet
  facet normal -1 0 0
    outer loop
      vertex -1.75 6 9
      vertex -1.75 0.815677008332985 7.38035643556663
      vertex -1.75 0.7794228634059948 7.45
    endloop
  endfacet
  facet normal -1 0 0
    outer loop
      vertex -1.75 6 9
      vertex -1.75 0.7372368398600926 7.516218792715941
      vertex -1.75 0.6894399988070802 7.5785088487178855
    endloop
  endfacet
  facet normal -1 0 0
    outer loop
      vertex -1.75 6 9
      vertex -1.75 0.6894399988070802 7.5785088487178855
      vertex -1.75 0.6363961030678928 7.636396103067893
    endloop
  endfacet
  facet normal -1 0 0
    outer loop
      vertex -1.75 6 9
      vertex -1.75 0.45 7.779422863405995
      vertex -1.75 0.3803564355666295 7.815677008332985
    endloop
  endfacet
  facet normal -1 0 0
    outer loop
      vertex -1.75 6 9
      vertex -1.75 0.5162187927159415 7.737236839860093
      vertex -1.75 0.45 7.779422863405995
    endloop
  endfacet
  facet normal -1 0 0
    outer loop
      vertex -1.75 6 2
      vertex -1.75 0.6363961030678928 5.136396103067893
      vertex -1.75 6 9
    endloop
  endfacet
  facet normal 0 -1 0
    outer loop
      vertex -1.75 -6 2
      vertex 1.75 -6 2
      vertex 1.75 -6 9
    endloop
  endfacet
  facet normal 1 0 0
    outer loop
      vertex 1.75 -6 2
      vertex 1.75 -0.6363961030678928 3.863603896932107
      vertex 1.75 -0.6894399988070802 3.9214911512821145
    endloop
  endfacet
  facet normal 1 0 0
    outer loop
      vertex 1.75 -6 2
      vertex 1.75 -0.6894399988070802 3.9214911512821145
      vertex 1.75 -0.7372368398600926 3.9837812072840584
    endloop
  endfacet
  facet normal 1 0 0
    outer loop
      vertex 1.75 -6 2
      vertex 1.75 -0.7372368398600926 3.9837812072840584
      vertex 1.75 -0.7794228634059948 4.05
    endloop
  endfacet
  facet normal 1 0 0
    outer loop
      vertex 1.75 -6 2
      vertex 1.75 -0.5785088487178853 3.8105600011929197
      vertex 1.75 -0.6363961030678928 3.863603896932107
    endloop
  endfacet
  facet normal 1 0 0
    outer loop
      vertex 1.75 -6 2
      vertex 1.75 -0.5162187927159415 3.762763160139907
      vertex 1.75 -0.5785088487178853 3.8105600011929197
    endloop
  endfacet
  facet normal 1 0 0
    outer loop
      vertex 1.75 -6 2
      vertex 1.75 -0.45 3.720577136594005
      vertex 1.75 -0.5162187927159415 3.762763160139907
    endloop
  endfacet
  facet normal 1 0 0
    outer loop
      vertex 1.75 -6 2
      vertex 1.75 -0.3803564355666295 3.684322991667015
      vertex 1.75 -0.45 3.720577136594005
    endloop
  endfacet
  facet normal 1 0 0
    outer loop
      vertex 1.75 -6 2
      vertex 1.75 -0.1562833599002373 3.6136730222890128
      vertex 1.75 -0.23293714059226867 3.6306667563398385
    endloop
  endfacet
  facet normal 1 0 0
    outer loop
      vertex 1.75 -6 2
      vertex 1.75 -0.07844016847289235 3.603424771717429
      vertex 1.75 -0.1562833599002373 3.6136730222890128
    endloop
  endfacet
  facet normal 1 0 0
    outer loop
      vertex 1.75 -6 2
      vertex 1.75 0 3.6
      vertex 1.75 -0.07844016847289235 3.603424771717429
    endloop
  endfacet
  facet normal 1 0 0
    outer loop
      vertex 1.75 -6 2
      vertex 1.75 0.07844016847289235 3.603424771717429
      vertex 1.75 0 3.6
    endloop
  endfacet
  facet normal 1 0 0
    outer loop
      vertex 1.75 -6 2
      vertex 1.75 0.1562833599002373 3.6136730222890128
      vertex 1.75 0.07844016847289235 3.603424771717429
    endloop
  endfacet
  facet normal 1 0 0
    outer loop
      vertex 1.75 -6 2
      vertex 1.75 -0.30781812899310185 3.6542766412926824
      vertex 1.75 -0.3803564355666295 3.684322991667015
    endloop
  endfacet
  facet normal 1 0 0
    outer loop
      vertex 1.75 -6 2
      vertex 1.75 -0.23293714059226867 3.6306667563398385
      vertex 1.75 -0.30781812899310185 3.6542766412926824
    endloop
  endfacet
  facet normal 1 0 0
    outer loop
      vertex 1.75 -6 2
      vertex 1.75 0.23293714059226867 3.6306667563398385
      vertex 1.75 0.1562833599002373 3.6136730222890128
    endloop
  endfacet
  facet normal 1 0 0
    outer loop
      vertex 1.75 -6 2
      vertex 1.75 -0.7794228634059948 4.05
      vertex 1.75 -0.815677008332985 4.11964356443337
    endloop
  endfacet
  facet normal 1 0 0
    outer loop
      vertex 1.75 -6 2
      vertex 1.75 -0.815677008332985 4.11964356443337
      vertex 1.75 -0.8457233587073176 4.192181871006898
    endloop
  endfacet
  facet normal 1 0 0
    outer loop
      vertex 1.75 -6 2
      vertex 1.75 -0.8457233587073176 4.192181871006898
      vertex 1.75 -0.8693332436601615 4.267062859407732
    endloop
  endfacet
  facet normal 1 0 0
    outer loop
      vertex 1.75 -6 2
      vertex 1.75 -0.8693332436601615 4.267062859407732
      vertex 1.75 -0.8863269777109872 4.343716640099763
    endloop
  endfacet
  facet normal 1 0 0
    outer loop
      vertex 1.75 -6 2
      vertex 1.75 -0.8863269777109872 4.343716640099763
      vertex 1.75 -0.896575228282571 4.421559831527108
    endloop
  endfacet
  facet normal 1 0 0
    outer loop
      vertex 1.75 -6 2
      vertex 1.75 -0.896575228282571 4.421559831527108
      vertex 1.75 -0.9 4.5
    endloop
  endfacet
  facet normal 1 0 0
    outer loop
      vertex 1.75 -6 2
      vertex 1.75 -0.9 4.5
      vertex 1.75 -0.896575228282571 4.578440168472892
    endloop
  endfacet
  facet normal 1 0 0
    outer loop
      vertex 1.75 -6 2
      vertex 1.75 -0.896575228282571 4.578440168472892
      vertex 1.75 -0.8863269777109872 4.656283359900237
    endloop
  endfacet
  facet normal 1 0 0
    outer loop
      vertex 1.75 -6 2
      vertex 1.75 -0.8863269777109872 4.656283359900237
      vertex 1.75 -0.8693332436601615 4.732937140592268
    endloop
  endfacet
  facet normal 1 0 0
    outer loop
      vertex 1.75 -6 2
      vertex 1.75 -0.8693332436601615 4.732937140592268
      vertex 1.75 -0.8457233587073176 4.807818128993102
    endloop
  endfacet
  facet normal 1 0 0
    outer loop
      vertex 1.75 -6 2
      vertex 1.75 -0.8457233587073176 4.807818128993102
      vertex 1.75 -0.815677008332985 4.88035643556663
    endloop
  endfacet
  facet normal 1 0 0
    outer loop
      vertex 1.75 -6 2
      vertex 1.75 -0.815677008332985 4.88035643556663
      vertex 1.75 -0.7794228634059948 4.95
    endloop
  endfacet
  facet normal 1 0 0
    outer loop
      vertex 1.75 -6 2
      vertex 1.75 -0.7794228634059948 4.95
      vertex 1.75 -0.7372368398600926 5.016218792715941
    endloop
  endfacet
  facet normal 1 0 0
    outer loop
      vertex 1.75 -6 2
      vertex 1.75 -0.7372368398600926 5.016218792715941
      vertex 1.75 -0.6894399988070802 5.0785088487178855
    endloop
  endfacet
  facet normal 1 0 0
    outer loop
      vertex 1.75 -6 2
      vertex 1.75 -0.6894399988070802 5.0785088487178855
      vertex 1.75 -0.6363961030678928 5.136396103067893
    endloop
  endfacet
  facet normal 1 0 0
    outer loop
      vertex 1.75 -6 2
      vertex 1.75 -0.6363961030678928 5.136396103067893
      vertex 1.75 -6 9
    endloop
  endfacet
  facet normal 1 0 0
    outer loop
      vertex 1.75 -6 9
      vertex 1.75 -0.6363961030678928 5.136396103067893
      vertex 1.75 -0.5785088487178853 5.18943999880708
    endloop
  endfacet
  facet normal 1 0 0
    outer loop
      vertex 1.75 -6 9
      vertex 1.75 -0.5785088487178853 5.18943999880708
      vertex 1.75 -0.5162187927159415 5.237236839860093
    endloop
  endfacet
  facet normal 1 0 0
    outer loop
      vertex 1.75 -6 9
      vertex 1.75 -0.5162187927159415 5.237236839860093
      vertex 1.75 -0.45 5.279422863405995
    endloop
  endfacet
  facet normal 1 0 0
    outer loop
      vertex 1.75 -6 9
      vertex 1.75 -0.45 5.279422863405995
      vertex 1.75 -0.3803564355666295 5.315677008332985
    endloop
  endfacet
  facet normal 1 0 0
    outer loop
      vertex 1.75 -6 9
      vertex 1.75 -0.3803564355666295 5.315677008332985
      vertex 1.75 -0.30781812899310185 5.345723358707318
    endloop
  endfacet
  facet normal 1 0 0
    outer loop
      vertex 1.75 -6 9
      vertex 1.75 -0.30781812899310185 5.345723358707318
      vertex 1.75 -0.23293714059226867 5.3693332436601615
    endloop
  endfacet
  facet normal 1 0 0
    outer loop
      vertex 1.75 -6 9
      vertex 1.75 -0.23293714059226867 5.3693332436601615
      vertex 1.75 -0.1562833599002373 5.386326977710987
    endloop
  endfacet
  facet normal 1 0 0
    outer loop
      vertex 1.75 -0.1562833599002373 5.386326977710987
      vertex 1.75 -0.23293714059226867 6.1306667563398385
      vertex 1.75 -0.30781812899310185 6.154276641292682
    endloop
  endfacet
  facet normal 1 0 0
    outer loop
      vertex 1.75 -0.1562833599002373 5.386326977710987
      vertex 1.75 -0.1562833599002373 6.113673022289013
      vertex 1.75 -0.23293714059226867 6.1306667563398385
    endloop
  endfacet
  facet normal 1 0 0
    outer loop
      vertex 1.75 -0.1562833599002373 5.386326977710987
      vertex 1.75 -0.07844016847289235 6.103424771717429
      vertex 1.75 -0.1562833599002373 6.113673022289013
    endloop
  endfacet
  facet normal 1 0 0
    outer loop
      vertex 1.75 -0.1562833599002373 5.386326977710987
      vertex 1.75 0 6.1
      vertex 1.75 -0.07844016847289235 6.103424771717429
    endloop
  endfacet
  facet normal 1 0 0
    outer loop
      vertex 1.75 -0.1562833599002373 5.386326977710987
      vertex 1.75 0.07844016847289235 6.103424771717429
      vertex 1.75 0 6.1
    endloop
  endfacet
  facet normal 1 0 0
    outer loop
      vertex 1.75 -0.1562833599002373 5.386326977710987
      vertex 1.75 -0.30781812899310185 6.154276641292682
      vertex 1.75 -0.3803564355666295 6.184322991667015
    endloop
  endfacet
  facet normal 1 0 0
    outer loop
      vertex 1.75 -6 9
      vertex 1.75 -0.6363961030678928 6.363603896932107
      vertex 1.75 -0.6894399988070802 6.4214911512821145
    endloop
  endfacet
  facet normal 1 0 0
    outer loop
      vertex 1.75 -6 9
      vertex 1.75 -0.6894399988070802 6.4214911512821145
      vertex 1.75 -0.7372368398600926 6.483781207284059
    endloop
  endfacet
  facet normal 1 0 0
    outer loop
      vertex 1.75 -6 9
      vertex 1.75 -0.45 6.220577136594005
      vertex 1.75 -0.5162187927159415 6.262763160139907
    endloop
  endfacet
  facet normal 1 0 0
    outer loop
      vertex 1.75 -6 9
      vertex 1.75 -0.3803564355666295 6.184322991667015
      vertex 1.75 -0.45 6.220577136594005
    endloop
  endfacet
  facet normal 1 0 0
    outer loop
      vertex 1.75 -6 9
      vertex 1.75 -0.5785088487178853 6.31056000119292
      vertex 1.75 -0.6363961030678928 6.363603896932107
    endloop
  endfacet
  facet normal 1 0 0
    outer loop
      vertex 1.75 -6 9
      vertex 1.75 -0.5162187927159415 6.262763160139907
      vertex 1.75 -0.5785088487178853 6.31056000119292
    endloop
  endfacet
  facet normal 1 0 0
    outer loop
      vertex 1.75 -6 9
      vertex 1.75 -0.7794228634059948 6.55
      vertex 1.75 -0.815677008332985 6.61964356443337
    endloop
  endfacet
  facet normal 1 0 0
    outer loop
      vertex 1.75 -6 9
      vertex 1.75 -0.815677008332985 6.61964356443337
      vertex 1.75 -0.8457233587073176 6.692181871006898
    endloop
  endfacet
  facet normal 1 0 0
    outer loop
      vertex 1.75 -6 9
      vertex 1.75 -0.7372368398600926 6.483781207284059
      vertex 1.75 -0.7794228634059948 6.55
    endloop
  endfacet
  facet normal 1 0 0
    outer loop
      vertex 1.75 -6 9
      vertex 1.75 -0.8457233587073176 6.692181871006898
      vertex 1.75 -0.8693332436601615 6.767062859407732
    endloop
  endfacet
  facet normal 1 0 0
    outer loop
      vertex 1.75 -6 9
      vertex 1.75 -0.8693332436601615 6.767062859407732
      vertex 1.75 -0.8863269777109872 6.843716640099763
    endloop
  endfacet
  facet normal 1 0 0
    outer loop
      vertex 1.75 -6 9
      vertex 1.75 -0.8863269777109872 6.843716640099763
      vertex 1.75 -0.896575228282571 6.921559831527108
    endloop
  endfacet
  facet normal 1 0 0
    outer loop
      vertex 1.75 -6 9
      vertex 1.75 -0.896575228282571 6.921559831527108
      vertex 1.75 -0.9 7
    endloop
  endfacet
  facet normal 1 0 0
    outer loop
      vertex 1.75 -6 9
      vertex 1.75 -0.9 7
      vertex 1.75 -0.896575228282571 7.078440168472892
    endloop
  endfacet
  facet normal 1 0 0
    outer loop
      vertex 1.75 -6 9
      vertex 1.75 -0.896575228282571 7.078440168472892
      vertex 1.75 -0.8863269777109872 7.156283359900237
    endloop
  endfacet
  facet normal 1 0 0
    outer loop
      vertex 1.75 -6 9
      vertex 1.75 -0.8863269777109872 7.156283359900237
      vertex 1.75 -0.8693332436601615 7.232937140592268
    endloop
  endfacet
  facet normal 1 0 0
    outer loop
      vertex 1.75 -6 9
      vertex 1.75 -0.8693332436601615 7.232937140592268
      vertex 1.75 -0.8457233587073176 7.307818128993102
    endloop
  endfacet
  facet normal 1 0 0
    outer loop
      vertex 1.75 -6 9
      vertex 1.75 -0.1562833599002373 5.386326977710987
      vertex 1.75 -0.3803564355666295 6.184322991667015
    endloop
  endfacet
  facet normal 1 0 0
    outer loop
      vertex 1.75 -6 9
      vertex 1.75 -0.8457233587073176 7.307818128993102
      vertex 1.75 -0.815677008332985 7.38035643556663
    endloop
  endfacet
  facet normal 1 0 0
    outer loop
      vertex 1.75 -6 9
      vertex 1.75 -0.815677008332985 7.38035643556663
      vertex 1.75 -0.7794228634059948 7.45
    endloop
  endfacet
  facet normal 1 0 0
    outer loop
      vertex 1.75 -6 9
      vertex 1.75 -0.7794228634059948 7.45
      vertex 1.75 -0.7372368398600926 7.516218792715941
    endloop
  endfacet
  facet normal 1 0 0
    outer loop
      vertex 1.75 -6 9
      vertex 1.75 -0.7372368398600926 7.516218792715941
      vertex 1.75 -0.6894399988070802 7.5785088487178855
    endloop
  endfacet
  facet normal 1 0 0
    outer loop
      vertex 1.75 -6 9
      vertex 1.75 -0.6894399988070802 7.5785088487178855
      vertex 1.75 -0.6363961030678928 7.636396103067893
    endloop
  endfacet
  facet normal 1 0 0
    outer loop
      vertex 1.75 -6 9
      vertex 1.75 -0.6363961030678928 7.636396103067893
      vertex 1.75 -0.5785088487178853 7.68943999880708
    endloop
  endfacet
  facet normal 1 0 0
    outer loop
      vertex 1.75 -6 9
      vertex 1.75 -0.5785088487178853 7.68943999880708
      vertex 1.75 -0.5162187927159415 7.737236839860093
    endloop
  endfacet
  facet normal 1 0 0
    outer loop
      vertex 1.75 -6 9
      vertex 1.75 -0.5162187927159415 7.737236839860093
      vertex 1.75 -0.45 7.779422863405995
    endloop
  endfacet
  facet normal 1 0 0
    outer loop
      vertex 1.75 -6 9
      vertex 1.75 -0.45 7.779422863405995
      vertex 1.75 -0.3803564355666295 7.815677008332985
    endloop
  endfacet
  facet normal 1 0 0
    outer loop
      vertex 1.75 -6 9
      vertex 1.75 -0.3803564355666295 7.815677008332985
      vertex 1.75 -0.30781812899310185 7.845723358707318
    endloop
  endfacet
  facet normal 1 0 0
    outer loop
      vertex 1.75 -6 9
      vertex 1.75 -0.30781812899310185 7.845723358707318
      vertex 1.75 -0.23293714059226867 7.8693332436601615
    endloop
  endfacet
  facet normal 1 0 0
    outer loop
      vertex 1.75 -6 9
      vertex 1.75 -0.23293714059226867 7.8693332436601615
      vertex 1.75 -0.1562833599002373 7.886326977710987
    endloop
  endfacet
  facet normal 1 0 0
    outer loop
      vertex 1.75 -6 9
      vertex 1.75 -0.1562833599002373 7.886326977710987
      vertex 1.75 6 9
    endloop
  endfacet
  facet normal 1 0 0
    outer loop
      vertex 1.75 -6 2
      vertex 1.75 6 2
      vertex 1.75 0.23293714059226867 3.6306667563398385
    endloop
  endfacet
  facet normal 1 0 0
    outer loop
      vertex 1.75 6 2
      vertex 1.75 0.30781812899310185 3.6542766412926824
      vertex 1.75 0.23293714059226867 3.6306667563398385
    endloop
  endfacet
  facet normal 1 0 0
    outer loop
      vertex 1.75 6 2
      vertex 1.75 0.3803564355666295 3.684322991667015
      vertex 1.75 0.30781812899310185 3.6542766412926824
    endloop
  endfacet
  facet normal 1 0 0
    outer loop
      vertex 1.75 6 2
      vertex 1.75 0.45 3.720577136594005
      vertex 1.75 0.3803564355666295 3.684322991667015
    endloop
  endfacet
  facet normal 1 0 0
    outer loop
      vertex 1.75 6 2
      vertex 1.75 0.5162187927159415 3.762763160139907
      vertex 1.75 0.45 3.720577136594005
    endloop
  endfacet
  facet normal 1 0 0
    outer loop
      vertex 1.75 6 2
      vertex 1.75 0.5785088487178853 3.8105600011929197
      vertex 1.75 0.5162187927159415 3.762763160139907
    endloop
  endfacet
  facet normal 1 0 0
    outer loop
      vertex 1.75 6 2
      vertex 1.75 0.6363961030678928 3.863603896932107
      vertex 1.75 0.5785088487178853 3.8105600011929197
    endloop
  endfacet
  facet normal 1 0 0
    outer loop
      vertex 1.75 6 2
      vertex 1.75 0.6894399988070802 3.9214911512821145
      vertex 1.75 0.6363961030678928 3.863603896932107
    endloop
  endfacet
  facet normal 1 0 0
    outer loop
      vertex 1.75 6 2
      vertex 1.75 0.7372368398600926 3.9837812072840584
      vertex 1.75 0.6894399988070802 3.9214911512821145
    endloop
  endfacet
  facet normal 1 0 0
    outer loop
      vertex 1.75 6 2
      vertex 1.75 0.7794228634059948 4.05
      vertex 1.75 0.7372368398600926 3.9837812072840584
    endloop
  endfacet
  facet normal 1 0 0
    outer loop
      vertex 1.75 6 2
      vertex 1.75 0.815677008332985 4.11964356443337
      vertex 1.75 0.7794228634059948 4.05
    endloop
  endfacet
  facet normal 1 0 0
    outer loop
      vertex 1.75 6 2
      vertex 1.75 0.8457233587073176 4.192181871006898
      vertex 1.75 0.815677008332985 4.11964356443337
    endloop
  endfacet
  facet normal 1 0 0
    outer loop
      vertex 1.75 6 2
      vertex 1.75 0.8693332436601615 4.267062859407732
      vertex 1.75 0.8457233587073176 4.192181871006898
    endloop
  endfacet
  facet normal 1 0 0
    outer loop
      vertex 1.75 6 2
      vertex 1.75 0.8863269777109872 4.343716640099763
      vertex 1.75 0.8693332436601615 4.267062859407732
    endloop
  endfacet
  facet normal 1 0 0
    outer loop
      vertex 1.75 6 2
      vertex 1.75 0.896575228282571 4.421559831527108
      vertex 1.75 0.8863269777109872 4.343716640099763
    endloop
  endfacet
  facet normal 1 0 0
    outer loop
      vertex 1.75 6 2
      vertex 1.75 0.9 4.5
      vertex 1.75 0.896575228282571 4.421559831527108
    endloop
  endfacet
  facet normal 1 0 0
    outer loop
      vertex 1.75 6 2
      vertex 1.75 0.896575228282571 4.578440168472892
      vertex 1.75 0.9 4.5
    endloop
  endfacet
  facet normal 1 0 0
    outer loop
      vertex 1.75 6 2
      vertex 1.75 0.8863269777109872 4.656283359900237
      vertex 1.75 0.896575228282571 4.578440168472892
    endloop
  endfacet
  facet normal 1 0 0
    outer loop
      vertex 1.75 6 2
      vertex 1.75 0.8693332436601615 4.732937140592268
      vertex 1.75 0.8863269777109872 4.656283359900237
    endloop
  endfacet
  facet normal 1 0 0
    outer loop
      vertex 1.75 6 2
      vertex 1.75 0.8457233587073176 4.807818128993102
      vertex 1.75 0.8693332436601615 4.732937140592268
    endloop
  endfacet
  facet normal 1 0 0
    outer loop
      vertex 1.75 6 2
      vertex 1.75 0.815677008332985 4.88035643556663
      vertex 1.75 0.8457233587073176 4.807818128993102
    endloop
  endfacet
  facet normal 1 0 0
    outer loop
      vertex 1.75 -0.1562833599002373 5.386326977710987
      vertex 1.75 0.1562833599002373 6.113673022289013
      vertex 1.75 0.07844016847289235 6.103424771717429
    endloop
  endfacet
  facet normal 1 0 0
    outer loop
      vertex 1.75 -0.1562833599002373 5.386326977710987
      vertex 1.75 0.23293714059226867 6.1306667563398385
      vertex 1.75 0.1562833599002373 6.113673022289013
    endloop
  endfacet
  facet normal 1 0 0
    outer loop
      vertex 1.75 -0.1562833599002373 5.386326977710987
      vertex 1.75 0.30781812899310185 6.154276641292682
      vertex 1.75 0.23293714059226867 6.1306667563398385
    endloop
  endfacet
  facet normal 1 0 0
    outer loop
      vertex 1.75 -0.1562833599002373 5.386326977710987
      vertex 1.75 0.3803564355666295 6.184322991667015
      vertex 1.75 0.30781812899310185 6.154276641292682
    endloop
  endfacet
  facet normal 1 0 0
    outer loop
      vertex 1.75 -0.1562833599002373 5.386326977710987
      vertex 1.75 0.45 6.220577136594005
      vertex 1.75 0.3803564355666295 6.184322991667015
    endloop
  endfacet
  facet normal 1 0 0
    outer loop
      vertex 1.75 -0.1562833599002373 5.386326977710987
      vertex 1.75 0.5162187927159415 6.262763160139907
      vertex 1.75 0.45 6.220577136594005
    endloop
  endfacet
  facet normal 1 0 0
    outer loop
      vertex 1.75 -0.1562833599002373 5.386326977710987
      vertex 1.75 0.5785088487178853 6.31056000119292
      vertex 1.75 0.5162187927159415 6.262763160139907
    endloop
  endfacet
  facet normal 1 0 0
    outer loop
      vertex 1.75 -0.1562833599002373 5.386326977710987
      vertex 1.75 0.6363961030678928 6.363603896932107
      vertex 1.75 0.5785088487178853 6.31056000119292
    endloop
  endfacet
  facet normal 1 0 0
    outer loop
      vertex 1.75 -0.1562833599002373 5.386326977710987
      vertex 1.75 0.6894399988070802 6.4214911512821145
      vertex 1.75 0.6363961030678928 6.363603896932107
    endloop
  endfacet
  facet normal 1 0 0
    outer loop
      vertex 1.75 6 9
      vertex 1.75 -0.1562833599002373 5.386326977710987
      vertex 1.75 -0.07844016847289235 5.396575228282571
    endloop
  endfacet
  facet normal 1 0 0
    outer loop
      vertex 1.75 6 9
      vertex 1.75 -0.07844016847289235 5.396575228282571
      vertex 1.75 0 5.4
    endloop
  endfacet
  facet normal 1 0 0
    outer loop
      vertex 1.75 6 9
      vertex 1.75 0 5.4
      vertex 1.75 0.07844016847289235 5.396575228282571
    endloop
  endfacet
  facet normal 1 0 0
    outer loop
      vertex 1.75 6 9
      vertex 1.75 0.07844016847289235 5.396575228282571
      vertex 1.75 0.1562833599002373 5.386326977710987
    endloop
  endfacet
  facet normal 1 0 0
    outer loop
      vertex 1.75 6 9
      vertex 1.75 0.1562833599002373 5.386326977710987
      vertex 1.75 0.23293714059226867 5.3693332436601615
    endloop
  endfacet
  facet normal 1 0 0
    outer loop
      vertex 1.75 6 9
      vertex 1.75 0.23293714059226867 5.3693332436601615
      vertex 1.75 0.30781812899310185 5.345723358707318
    endloop
  endfacet
  facet normal 1 0 0
    outer loop
      vertex 1.75 6 9
      vertex 1.75 0.30781812899310185 5.345723358707318
      vertex 1.75 0.3803564355666295 5.315677008332985
    endloop
  endfacet
  facet normal 1 0 0
    outer loop
      vertex 1.75 6 9
      vertex 1.75 0.5785088487178853 5.18943999880708
      vertex 1.75 0.6363961030678928 5.136396103067893
    endloop
  endfacet
  facet normal 1 0 0
    outer loop
      vertex 1.75 6 9
      vertex 1.75 0.7372368398600926 5.016218792715941
      vertex 1.75 0.7794228634059948 4.95
    endloop
  endfacet
  facet normal 1 0 0
    outer loop
      vertex 1.75 6 9
      vertex 1.75 0.7794228634059948 4.95
      vertex 1.75 0.815677008332985 4.88035643556663
    endloop
  endfacet
  facet normal 1 0 0
    outer loop
      vertex 1.75 6 9
      vertex 1.75 0.6894399988070802 5.0785088487178855
      vertex 1.75 0.7372368398600926 5.016218792715941
    endloop
  endfacet
  facet normal 1 0 0
    outer loop
      vertex 1.75 6 9
      vertex 1.75 0.6363961030678928 5.136396103067893
      vertex 1.75 0.6894399988070802 5.0785088487178855
    endloop
  endfacet
  facet normal 1 0 0
    outer loop
      vertex 1.75 6 9
      vertex 1.75 0.3803564355666295 5.315677008332985
      vertex 1.75 0.45 5.279422863405995
    endloop
  endfacet
  facet normal 1 0 0
    outer loop
      vertex 1.75 6 9
      vertex 1.75 0.45 5.279422863405995
      vertex 1.75 0.5162187927159415 5.237236839860093
    endloop
  endfacet
  facet normal 1 0 0
    outer loop
      vertex 1.75 6 9
      vertex 1.75 0.5162187927159415 5.237236839860093
      vertex 1.75 0.5785088487178853 5.18943999880708
    endloop
  endfacet
  facet normal 1 0 0
    outer loop
      vertex 1.75 6 9
      vertex 1.75 0.6894399988070802 6.4214911512821145
      vertex 1.75 -0.1562833599002373 5.386326977710987
    endloop
  endfacet
  facet normal 1 0 0
    outer loop
      vertex 1.75 6 9
      vertex 1.75 0.7372368398600926 6.483781207284059
      vertex 1.75 0.6894399988070802 6.4214911512821145
    endloop
  endfacet
  facet normal 1 0 0
    outer loop
      vertex 1.75 6 9
      vertex 1.75 0.7794228634059948 6.55
      vertex 1.75 0.7372368398600926 6.483781207284059
    endloop
  endfacet
  facet normal 1 0 0
    outer loop
      vertex 1.75 6 9
      vertex 1.75 0.815677008332985 6.61964356443337
      vertex 1.75 0.7794228634059948 6.55
    endloop
  endfacet
  facet normal 1 0 0
    outer loop
      vertex 1.75 6 9
      vertex 1.75 0.8457233587073176 6.692181871006898
      vertex 1.75 0.815677008332985 6.61964356443337
    endloop
  endfacet
  facet normal 1 0 0
    outer loop
      vertex 1.75 6 9
      vertex 1.75 0.8693332436601615 6.767062859407732
      vertex 1.75 0.8457233587073176 6.692181871006898
    endloop
  endfacet
  facet normal 1 0 0
    outer loop
      vertex 1.75 6 9
      vertex 1.75 0.8863269777109872 6.843716640099763
      vertex 1.75 0.8693332436601615 6.767062859407732
    endloop
  endfacet
  facet normal 1 0 0
    outer loop
      vertex 1.75 6 9
      vertex 1.75 0.896575228282571 6.921559831527108
      vertex 1.75 0.8863269777109872 6.843716640099763
    endloop
  endfacet
  facet normal 1 0 0
    outer loop
      vertex 1.75 6 9
      vertex 1.75 0.9 7
      vertex 1.75 0.896575228282571 6.921559831527108
    endloop
  endfacet
  facet normal 1 0 0
    outer loop
      vertex 1.75 6 9
      vertex 1.75 0.896575228282571 7.078440168472892
      vertex 1.75 0.9 7
    endloop
  endfacet
  facet normal 1 0 0
    outer loop
      vertex 1.75 6 9
      vertex 1.75 0.8863269777109872 7.156283359900237
      vertex 1.75 0.896575228282571 7.078440168472892
    endloop
  endfacet
  facet normal 1 0 0
    outer loop
      vertex 1.75 6 9
      vertex 1.75 0.8693332436601615 7.232937140592268
      vertex 1.75 0.8863269777109872 7.156283359900237
    endloop
  endfacet
  facet normal 1 0 0
    outer loop
      vertex 1.75 6 9
      vertex 1.75 0.8457233587073176 7.307818128993102
      vertex 1.75 0.8693332436601615 7.232937140592268
    endloop
  endfacet
  facet normal 0 0 1
    outer loop
      vertex -1.75 6 9
      vertex 1.75 -6 9
      vertex 1.75 6 9
    endloop
  endfacet
  facet normal 1 0 0
    outer loop
      vertex 1.75 6 9
      vertex 1.75 -0.1562833599002373 7.886326977710987
      vertex 1.75 -0.07844016847289235 7.896575228282571
    endloop
  endfacet
  facet normal 1 0 0
    outer loop
      vertex 1.75 6 9
      vertex 1.75 -0.07844016847289235 7.896575228282571
      vertex 1.75 0 7.9
    endloop
  endfacet
  facet normal 1 0 0
    outer loop
      vertex 1.75 6 9
      vertex 1.75 0 7.9
      vertex 1.75 0.07844016847289235 7.896575228282571
    endloop
  endfacet
  facet normal 1 0 0
    outer loop
      vertex 1.75 6 9
      vertex 1.75 0.07844016847289235 7.896575228282571
      vertex 1.75 0.1562833599002373 7.886326977710987
    endloop
  endfacet
  facet normal 1 0 0
    outer loop
      vertex 1.75 6 9
      vertex 1.75 0.1562833599002373 7.886326977710987
      vertex 1.75 0.23293714059226867 7.8693332436601615
    endloop
  endfacet
  facet normal 1 0 0
    outer loop
      vertex 1.75 6 9
      vertex 1.75 0.30781812899310185 7.845723358707318
      vertex 1.75 0.3803564355666295 7.815677008332985
    endloop
  endfacet
  facet normal 1 0 0
    outer loop
      vertex 1.75 6 9
      vertex 1.75 0.23293714059226867 7.8693332436601615
      vertex 1.75 0.30781812899310185 7.845723358707318
    endloop
  endfacet
  facet normal 1 0 0
    outer loop
      vertex 1.75 6 9
      vertex 1.75 0.5162187927159415 7.737236839860093
      vertex 1.75 0.5785088487178853 7.68943999880708
    endloop
  endfacet
  facet normal 1 0 0
    outer loop
      vertex 1.75 6 9
      vertex 1.75 0.5785088487178853 7.68943999880708
      vertex 1.75 0.6363961030678928 7.636396103067893
    endloop
  endfacet
  facet normal 1 0 0
    outer loop
      vertex 1.75 6 9
      vertex 1.75 0.7372368398600926 7.516218792715941
      vertex 1.75 0.7794228634059948 7.45
    endloop
  endfacet
  facet normal 1 0 0
    outer loop
      vertex 1.75 6 9
      vertex 1.75 0.815677008332985 7.38035643556663
      vertex 1.75 0.8457233587073176 7.307818128993102
    endloop
  endfacet
  facet normal 1 0 0
    outer loop
      vertex 1.75 6 9
      vertex 1.75 0.7794228634059948 7.45
      vertex 1.75 0.815677008332985 7.38035643556663
    endloop
  endfacet
  facet normal 1 0 0
    outer loop
      vertex 1.75 6 9
      vertex 1.75 0.6894399988070802 7.5785088487178855
      vertex 1.75 0.7372368398600926 7.516218792715941
    endloop
  endfacet
  facet normal 1 0 0
    outer loop
      vertex 1.75 6 9
      vertex 1.75 0.6363961030678928 7.636396103067893
      vertex 1.75 0.6894399988070802 7.5785088487178855
    endloop
  endfacet
  facet normal 1 0 0
    outer loop
      vertex 1.75 6 9
      vertex 1.75 0.3803564355666295 7.815677008332985
      vertex 1.75 0.45 7.779422863405995
    endloop
  endfacet
  facet normal 1 0 0
    outer loop
      vertex 1.75 6 9
      vertex 1.75 0.45 7.779422863405995
      vertex 1.75 0.5162187927159415 7.737236839860093
    endloop
  endfacet
  facet normal 1 0 0
    outer loop
      vertex 1.75 6 2
      vertex 1.75 6 9
      vertex 1.75 0.815677008332985 4.88035643556663
    endloop
  endfacet
  facet normal 0 1 0
    outer loop
      vertex -1.75 6 9
      vertex 1.75 6 9
      vertex 1.75 6 2
    endloop
  endfacet
  facet normal -6.021367895314489e-19 0.8433914458128856 0.5372996083468241
    outer loop
      vertex -1.75 -0.7372368398600926 3.9837812072840584
      vertex -1.75 -0.7794228634059948 4.05
      vertex 1.75 -0.7794228634059948 4.05
    endloop
  endfacet
  facet normal 7.03201618515259e-19 0.8870108331782214 0.4617486132350347
    outer loop
      vertex -1.75 -0.7794228634059948 4.05
      vertex -1.75 -0.815677008332985 4.11964356443337
      vertex 1.75 -0.815677008332985 4.11964356443337
    endloop
  endfacet
  facet normal -1.6696027837990374e-19 0.9238795325112872 0.38268343236508867
    outer loop
      vertex -1.75 -0.815677008332985 4.11964356443337
      vertex -1.75 -0.8457233587073176 4.192181871006898
      vertex 1.75 -0.8457233587073176 4.192181871006898
    endloop
  endfacet
  facet normal 2.326556450600559e-19 0.9537169507482274 0.3007057995042718
    outer loop
      vertex -1.75 -0.8457233587073176 4.192181871006898
      vertex -1.75 -0.8693332436601615 4.267062859407732
      vertex 1.75 -0.8693332436601615 4.267062859407732
    endloop
  endfacet
  facet normal -1.3902746088350377e-19 0.9762960071199335 0.21643961393810202
    outer loop
      vertex -1.75 -0.8693332436601615 4.267062859407732
      vertex -1.75 -0.8863269777109872 4.343716640099763
      vertex 1.75 -0.8863269777109872 4.343716640099763
    endloop
  endfacet
  facet normal 6.530475064517582e-20 0.9914448613738103 0.1305261922200521
    outer loop
      vertex -1.75 -0.8863269777109872 4.343716640099763
      vertex -1.75 -0.896575228282571 4.421559831527108
      vertex 1.75 -0.896575228282571 4.421559831527108
    endloop
  endfacet
  facet normal -7.065248377464127e-20 0.9990482215818578 0.043619387365336534
    outer loop
      vertex -1.75 -0.896575228282571 4.421559831527108
      vertex -1.75 -0.9 4.5
      vertex 1.75 -0.9 4.5
    endloop
  endfacet
  facet normal 3.3345248499220206e-19 0.7372773368101243 0.6755902076156598
    outer loop
      vertex -1.75 -0.6363961030678928 3.863603896932107
      vertex -1.75 -0.6894399988070802 3.9214911512821145
      vertex 1.75 -0.6894399988070802 3.9214911512821145
    endloop
  endfacet
  facet normal 0 0.6755902076156592 0.7372773368101251
    outer loop
      vertex -1.75 -0.6363961030678928 3.863603896932107
      vertex 1.75 -0.6363961030678928 3.863603896932107
      vertex -1.75 -0.5785088487178853 3.8105600011929197
    endloop
  endfacet
  facet normal 0 0.6087614290087222 0.7933533402912338
    outer loop
      vertex -1.75 -0.5785088487178853 3.8105600011929197
      vertex 1.75 -0.5785088487178853 3.8105600011929197
      vertex -1.75 -0.5162187927159415 3.762763160139907
    endloop
  endfacet
  facet normal 0 0.5372996083468237 0.8433914458128856
    outer loop
      vertex -1.75 -0.5162187927159415 3.762763160139907
      vertex 1.75 -0.5162187927159415 3.762763160139907
      vertex -1.75 -0.45 3.720577136594005
    endloop
  endfacet
  facet normal 0 0.46174861323503186 0.8870108331782227
    outer loop
      vertex -1.75 -0.45 3.720577136594005
      vertex 1.75 -0.45 3.720577136594005
      vertex -1.75 -0.3803564355666295 3.684322991667015
    endloop
  endfacet
  facet normal 0 0.3007057995042728 0.953716950748227
    outer loop
      vertex -1.75 -0.30781812899310185 3.6542766412926824
      vertex 1.75 -0.30781812899310185 3.6542766412926824
      vertex -1.75 -0.23293714059226867 3.6306667563398385
    endloop
  endfacet
  facet normal 0 0.21643961393810193 0.9762960071199335
    outer loop
      vertex -1.75 -0.23293714059226867 3.6306667563398385
      vertex 1.75 -0.23293714059226867 3.6306667563398385
      vertex -1.75 -0.1562833599002373 3.6136730222890128
    endloop
  endfacet
  facet normal 0 0.13052619222005174 0.9914448613738103
    outer loop
      vertex -1.75 -0.1562833599002373 3.6136730222890128
      vertex 1.75 -0.1562833599002373 3.6136730222890128
      vertex -1.75 -0.07844016847289235 3.603424771717429
    endloop
  endfacet
  facet normal 0 0.04361938736533501 0.9990482215818578
    outer loop
      vertex -1.75 -0.07844016847289235 3.603424771717429
      vertex 1.75 -0.07844016847289235 3.603424771717429
      vertex -1.75 0 3.6
    endloop
  endfacet
  facet normal 0 0.38268343236509067 0.9238795325112864
    outer loop
      vertex -1.75 -0.3803564355666295 3.684322991667015
      vertex 1.75 -0.3803564355666295 3.684322991667015
      vertex -1.75 -0.30781812899310185 3.6542766412926824
    endloop
  endfacet
  facet normal -8.797214440062019e-21 0.793353340291235 0.6087614290087207
    outer loop
      vertex -1.75 -0.6894399988070802 3.9214911512821145
      vertex -1.75 -0.7372368398600926 3.9837812072840584
      vertex 1.75 -0.7372368398600926 3.9837812072840584
    endloop
  endfacet
  facet normal 7.065248377464127e-20 0.9990482215818578 -0.043619387365336534
    outer loop
      vertex -1.75 -0.9 4.5
      vertex -1.75 -0.896575228282571 4.578440168472892
      vertex 1.75 -0.896575228282571 4.578440168472892
    endloop
  endfacet
  facet normal -6.530475064517582e-20 0.9914448613738103 -0.1305261922200521
    outer loop
      vertex -1.75 -0.896575228282571 4.578440168472892
      vertex -1.75 -0.8863269777109872 4.656283359900237
      vertex 1.75 -0.8863269777109872 4.656283359900237
    endloop
  endfacet
  facet normal 1.3902746088350377e-19 0.9762960071199335 -0.21643961393810202
    outer loop
      vertex -1.75 -0.8863269777109872 4.656283359900237
      vertex -1.75 -0.8693332436601615 4.732937140592268
      vertex 1.75 -0.8693332436601615 4.732937140592268
    endloop
  endfacet
  facet normal -2.326556450600559e-19 0.9537169507482274 -0.3007057995042718
    outer loop
      vertex -1.75 -0.8693332436601615 4.732937140592268
      vertex -1.75 -0.8457233587073176 4.807818128993102
      vertex 1.75 -0.8457233587073176 4.807818128993102
    endloop
  endfacet
  facet normal 1.6696027837990374e-19 0.9238795325112872 -0.38268343236508867
    outer loop
      vertex -1.75 -0.8457233587073176 4.807818128993102
      vertex -1.75 -0.815677008332985 4.88035643556663
      vertex 1.75 -0.815677008332985 4.88035643556663
    endloop
  endfacet
  facet normal -7.03201618515259e-19 0.8870108331782214 -0.4617486132350347
    outer loop
      vertex -1.75 -0.815677008332985 4.88035643556663
      vertex -1.75 -0.7794228634059948 4.95
      vertex 1.75 -0.7794228634059948 4.95
    endloop
  endfacet
  facet normal 2.8889142565127e-19 0.8433914458128838 -0.5372996083468267
    outer loop
      vertex -1.75 -0.7794228634059948 4.95
      vertex -1.75 -0.7372368398600926 5.016218792715941
      vertex 1.75 -0.7372368398600926 5.016218792715941
    endloop
  endfacet
  facet normal -7.963442629991439e-20 0.7933533402912372 -0.608761429008718
    outer loop
      vertex -1.75 -0.7372368398600926 5.016218792715941
      vertex -1.75 -0.6894399988070802 5.0785088487178855
      vertex 1.75 -0.6894399988070802 5.0785088487178855
    endloop
  endfacet
  facet normal 1.6674311136313129e-19 0.737277336810127 -0.675590207615657
    outer loop
      vertex -1.75 -0.6894399988070802 5.0785088487178855
      vertex -1.75 -0.6363961030678928 5.136396103067893
      vertex 1.75 -0.6363961030678928 5.136396103067893
    endloop
  endfacet
  facet normal 0 0.675590207615653 -0.7372773368101305
    outer loop
      vertex -1.75 -0.5785088487178853 5.18943999880708
      vertex 1.75 -0.5785088487178853 5.18943999880708
      vertex -1.75 -0.6363961030678928 5.136396103067893
    endloop
  endfacet
  facet normal 0 0.6087614290087259 -0.7933533402912312
    outer loop
      vertex -1.75 -0.5162187927159415 5.237236839860093
      vertex 1.75 -0.5162187927159415 5.237236839860093
      vertex -1.75 -0.5785088487178853 5.18943999880708
    endloop
  endfacet
  facet normal 0 0.5372996083468237 -0.8433914458128856
    outer loop
      vertex -1.75 -0.45 5.279422863405995
      vertex 1.75 -0.45 5.279422863405995
      vertex -1.75 -0.5162187927159415 5.237236839860093
    endloop
  endfacet
  facet normal 0 0.46174861323503186 -0.8870108331782227
    outer loop
      vertex -1.75 -0.3803564355666295 5.315677008332985
      vertex 1.75 -0.3803564355666295 5.315677008332985
      vertex -1.75 -0.45 5.279422863405995
    endloop
  endfacet
  facet normal 0 0.38268343236509067 -0.9238795325112864
    outer loop
      vertex -1.75 -0.30781812899310185 5.345723358707318
      vertex 1.75 -0.30781812899310185 5.345723358707318
      vertex -1.75 -0.3803564355666295 5.315677008332985
    endloop
  endfacet
  facet normal 0 0.3007057995042728 -0.953716950748227
    outer loop
      vertex -1.75 -0.23293714059226867 5.3693332436601615
      vertex 1.75 -0.23293714059226867 5.3693332436601615
      vertex -1.75 -0.30781812899310185 5.345723358707318
    endloop
  endfacet
  facet normal 0 0.21643961393810193 -0.9762960071199335
    outer loop
      vertex -1.75 -0.1562833599002373 5.386326977710987
      vertex 1.75 -0.1562833599002373 5.386326977710987
      vertex -1.75 -0.23293714059226867 5.3693332436601615
    endloop
  endfacet
  facet normal 0 0.13052619222005174 -0.9914448613738103
    outer loop
      vertex -1.75 -0.07844016847289235 5.396575228282571
      vertex 1.75 -0.07844016847289235 5.396575228282571
      vertex -1.75 -0.1562833599002373 5.386326977710987
    endloop
  endfacet
  facet normal 0 0.043619387365340656 -0.9990482215818576
    outer loop
      vertex -1.75 0 5.4
      vertex 1.75 0 5.4
      vertex -1.75 -0.07844016847289235 5.396575228282571
    endloop
  endfacet
  facet normal 0 -0.04361938736533501 0.9990482215818578
    outer loop
      vertex -1.75 0 3.6
      vertex 1.75 0 3.6
      vertex -1.75 0.07844016847289235 3.603424771717429
    endloop
  endfacet
  facet normal 0 -0.13052619222005174 0.9914448613738103
    outer loop
      vertex -1.75 0.07844016847289235 3.603424771717429
      vertex 1.75 0.07844016847289235 3.603424771717429
      vertex -1.75 0.1562833599002373 3.6136730222890128
    endloop
  endfacet
  facet normal 0 -0.21643961393810193 0.9762960071199335
    outer loop
      vertex -1.75 0.1562833599002373 3.6136730222890128
      vertex 1.75 0.1562833599002373 3.6136730222890128
      vertex -1.75 0.23293714059226867 3.6306667563398385
    endloop
  endfacet
  facet normal 0 -0.3007057995042728 0.953716950748227
    outer loop
      vertex -1.75 0.23293714059226867 3.6306667563398385
      vertex 1.75 0.23293714059226867 3.6306667563398385
      vertex -1.75 0.30781812899310185 3.6542766412926824
    endloop
  endfacet
  facet normal 0 -0.38268343236509067 0.9238795325112864
    outer loop
      vertex -1.75 0.30781812899310185 3.6542766412926824
      vertex 1.75 0.30781812899310185 3.6542766412926824
      vertex -1.75 0.3803564355666295 3.684322991667015
    endloop
  endfacet
  facet normal 0 -0.46174861323503186 0.8870108331782227
    outer loop
      vertex -1.75 0.3803564355666295 3.684322991667015
      vertex 1.75 0.3803564355666295 3.684322991667015
      vertex -1.75 0.45 3.720577136594005
    endloop
  endfacet
  facet normal 0 -0.5372996083468237 0.8433914458128856
    outer loop
      vertex -1.75 0.45 3.720577136594005
      vertex 1.75 0.45 3.720577136594005
      vertex -1.75 0.5162187927159415 3.762763160139907
    endloop
  endfacet
  facet normal 0 -0.6087614290087222 0.7933533402912338
    outer loop
      vertex -1.75 0.5162187927159415 3.762763160139907
      vertex 1.75 0.5162187927159415 3.762763160139907
      vertex -1.75 0.5785088487178853 3.8105600011929197
    endloop
  endfacet
  facet normal 0 -0.6755902076156592 0.7372773368101251
    outer loop
      vertex -1.75 0.5785088487178853 3.8105600011929197
      vertex 1.75 0.5785088487178853 3.8105600011929197
      vertex -1.75 0.6363961030678928 3.863603896932107
    endloop
  endfacet
  facet normal 0 -0.7372773368101243 0.6755902076156598
    outer loop
      vertex -1.75 0.6363961030678928 3.863603896932107
      vertex 1.75 0.6363961030678928 3.863603896932107
      vertex -1.75 0.6894399988070802 3.9214911512821145
    endloop
  endfacet
  facet normal 8.797214440062019e-21 -0.793353340291235 0.6087614290087207
    outer loop
      vertex -1.75 0.7372368398600926 3.9837812072840584
      vertex -1.75 0.6894399988070802 3.9214911512821145
      vertex 1.75 0.6894399988070802 3.9214911512821145
    endloop
  endfacet
  facet normal 6.021367895314489e-19 -0.8433914458128856 0.5372996083468241
    outer loop
      vertex -1.75 0.7794228634059948 4.05
      vertex -1.75 0.7372368398600926 3.9837812072840584
      vertex 1.75 0.7372368398600926 3.9837812072840584
    endloop
  endfacet
  facet normal -7.03201618515259e-19 -0.8870108331782214 0.4617486132350347
    outer loop
      vertex -1.75 0.815677008332985 4.11964356443337
      vertex -1.75 0.7794228634059948 4.05
      vertex 1.75 0.7794228634059948 4.05
    endloop
  endfacet
  facet normal 1.6696027837990374e-19 -0.9238795325112872 0.38268343236508867
    outer loop
      vertex -1.75 0.8457233587073176 4.192181871006898
      vertex -1.75 0.815677008332985 4.11964356443337
      vertex 1.75 0.815677008332985 4.11964356443337
    endloop
  endfacet
  facet normal -2.326556450600559e-19 -0.9537169507482274 0.3007057995042718
    outer loop
      vertex -1.75 0.8693332436601615 4.267062859407732
      vertex -1.75 0.8457233587073176 4.192181871006898
      vertex 1.75 0.8457233587073176 4.192181871006898
    endloop
  endfacet
  facet normal 1.3902746088350377e-19 -0.9762960071199335 0.21643961393810202
    outer loop
      vertex -1.75 0.8863269777109872 4.343716640099763
      vertex -1.75 0.8693332436601615 4.267062859407732
      vertex 1.75 0.8693332436601615 4.267062859407732
    endloop
  endfacet
  facet normal -6.530475064517582e-20 -0.9914448613738103 0.1305261922200521
    outer loop
      vertex -1.75 0.896575228282571 4.421559831527108
      vertex -1.75 0.8863269777109872 4.343716640099763
      vertex 1.75 0.8863269777109872 4.343716640099763
    endloop
  endfacet
  facet normal 7.065248377464127e-20 -0.9990482215818578 0.043619387365336534
    outer loop
      vertex -1.75 0.9 4.5
      vertex -1.75 0.896575228282571 4.421559831527108
      vertex 1.75 0.896575228282571 4.421559831527108
    endloop
  endfacet
  facet normal 7.963442629991439e-20 -0.7933533402912372 -0.608761429008718
    outer loop
      vertex -1.75 0.6894399988070802 5.0785088487178855
      vertex -1.75 0.7372368398600926 5.016218792715941
      vertex 1.75 0.7372368398600926 5.016218792715941
    endloop
  endfacet
  facet normal 0 -0.38268343236509067 -0.9238795325112864
    outer loop
      vertex -1.75 0.3803564355666295 5.315677008332985
      vertex 1.75 0.3803564355666295 5.315677008332985
      vertex -1.75 0.30781812899310185 5.345723358707318
    endloop
  endfacet
  facet normal 0 -0.043619387365340656 -0.9990482215818576
    outer loop
      vertex -1.75 0.07844016847289235 5.396575228282571
      vertex 1.75 0.07844016847289235 5.396575228282571
      vertex -1.75 0 5.4
    endloop
  endfacet
  facet normal 0 -0.13052619222005174 -0.9914448613738103
    outer loop
      vertex -1.75 0.1562833599002373 5.386326977710987
      vertex 1.75 0.1562833599002373 5.386326977710987
      vertex -1.75 0.07844016847289235 5.396575228282571
    endloop
  endfacet
  facet normal -2.772723864501595e-19 -0.21643961393810193 -0.9762960071199335
    outer loop
      vertex -1.75 0.1562833599002373 5.386326977710987
      vertex -1.75 0.23293714059226867 5.3693332436601615
      vertex 1.75 0.23293714059226867 5.3693332436601615
    endloop
  endfacet
  facet normal 0 -0.3007057995042728 -0.953716950748227
    outer loop
      vertex -1.75 0.30781812899310185 5.345723358707318
      vertex 1.75 0.30781812899310185 5.345723358707318
      vertex -1.75 0.23293714059226867 5.3693332436601615
    endloop
  endfacet
  facet normal 0 -0.46174861323503186 -0.8870108331782227
    outer loop
      vertex -1.75 0.45 5.279422863405995
      vertex 1.75 0.45 5.279422863405995
      vertex -1.75 0.3803564355666295 5.315677008332985
    endloop
  endfacet
  facet normal 0 -0.5372996083468237 -0.8433914458128856
    outer loop
      vertex -1.75 0.5162187927159415 5.237236839860093
      vertex 1.75 0.5162187927159415 5.237236839860093
      vertex -1.75 0.45 5.279422863405995
    endloop
  endfacet
  facet normal 0 -0.6087614290087259 -0.7933533402912312
    outer loop
      vertex -1.75 0.5785088487178853 5.18943999880708
      vertex 1.75 0.5785088487178853 5.18943999880708
      vertex -1.75 0.5162187927159415 5.237236839860093
    endloop
  endfacet
  facet normal -3.364984738289524e-19 -0.675590207615653 -0.7372773368101305
    outer loop
      vertex -1.75 0.5785088487178853 5.18943999880708
      vertex -1.75 0.6363961030678928 5.136396103067893
      vertex 1.75 0.6363961030678928 5.136396103067893
    endloop
  endfacet
  facet normal -1.6674311136313129e-19 -0.737277336810127 -0.675590207615657
    outer loop
      vertex -1.75 0.6363961030678928 5.136396103067893
      vertex -1.75 0.6894399988070802 5.0785088487178855
      vertex 1.75 0.6894399988070802 5.0785088487178855
    endloop
  endfacet
  facet normal -7.065248377464127e-20 -0.9990482215818578 -0.043619387365336534
    outer loop
      vertex -1.75 0.896575228282571 4.578440168472892
      vertex -1.75 0.9 4.5
      vertex 1.75 0.9 4.5
    endloop
  endfacet
  facet normal 6.530475064517582e-20 -0.9914448613738103 -0.1305261922200521
    outer loop
      vertex -1.75 0.8863269777109872 4.656283359900237
      vertex -1.75 0.896575228282571 4.578440168472892
      vertex 1.75 0.896575228282571 4.578440168472892
    endloop
  endfacet
  facet normal -1.3902746088350377e-19 -0.9762960071199335 -0.21643961393810202
    outer loop
      vertex -1.75 0.8693332436601615 4.732937140592268
      vertex -1.75 0.8863269777109872 4.656283359900237
      vertex 1.75 0.8863269777109872 4.656283359900237
    endloop
  endfacet
  facet normal 2.326556450600559e-19 -0.9537169507482274 -0.3007057995042718
    outer loop
      vertex -1.75 0.8457233587073176 4.807818128993102
      vertex -1.75 0.8693332436601615 4.732937140592268
      vertex 1.75 0.8693332436601615 4.732937140592268
    endloop
  endfacet
  facet normal -1.6696027837990374e-19 -0.9238795325112872 -0.38268343236508867
    outer loop
      vertex -1.75 0.815677008332985 4.88035643556663
      vertex -1.75 0.8457233587073176 4.807818128993102
      vertex 1.75 0.8457233587073176 4.807818128993102
    endloop
  endfacet
  facet normal 7.03201618515259e-19 -0.8870108331782214 -0.4617486132350347
    outer loop
      vertex -1.75 0.7794228634059948 4.95
      vertex -1.75 0.815677008332985 4.88035643556663
      vertex 1.75 0.815677008332985 4.88035643556663
    endloop
  endfacet
  facet normal -2.8889142565127e-19 -0.8433914458128838 -0.5372996083468267
    outer loop
      vertex -1.75 0.7372368398600926 5.016218792715941
      vertex -1.75 0.7794228634059948 4.95
      vertex 1.75 0.7794228634059948 4.95
    endloop
  endfacet
  facet normal 0 0.8433914458128856 0.5372996083468241
    outer loop
      vertex -1.75 -0.7372368398600926 3.9837812072840584
      vertex 1.75 -0.7794228634059948 4.05
      vertex 1.75 -0.7372368398600926 3.9837812072840584
    endloop
  endfacet
  facet normal 0 0.8870108331782214 0.4617486132350347
    outer loop
      vertex -1.75 -0.7794228634059948 4.05
      vertex 1.75 -0.815677008332985 4.11964356443337
      vertex 1.75 -0.7794228634059948 4.05
    endloop
  endfacet
  facet normal 0 0.9537169507482274 0.3007057995042718
    outer loop
      vertex -1.75 -0.8457233587073176 4.192181871006898
      vertex 1.75 -0.8693332436601615 4.267062859407732
      vertex 1.75 -0.8457233587073176 4.192181871006898
    endloop
  endfacet
  facet normal 0 0.9238795325112872 0.38268343236508867
    outer loop
      vertex -1.75 -0.815677008332985 4.11964356443337
      vertex 1.75 -0.8457233587073176 4.192181871006898
      vertex 1.75 -0.815677008332985 4.11964356443337
    endloop
  endfacet
  facet normal 0 0.9762960071199335 0.21643961393810202
    outer loop
      vertex -1.75 -0.8693332436601615 4.267062859407732
      vertex 1.75 -0.8863269777109872 4.343716640099763
      vertex 1.75 -0.8693332436601615 4.267062859407732
    endloop
  endfacet
  facet normal 0 0.9914448613738103 0.1305261922200521
    outer loop
      vertex -1.75 -0.8863269777109872 4.343716640099763
      vertex 1.75 -0.896575228282571 4.421559831527108
      vertex 1.75 -0.8863269777109872 4.343716640099763
    endloop
  endfacet
  facet normal 0 0.9990482215818578 0.043619387365336534
    outer loop
      vertex -1.75 -0.896575228282571 4.421559831527108
      vertex 1.75 -0.9 4.5
      vertex 1.75 -0.896575228282571 4.421559831527108
    endloop
  endfacet
  facet normal 0 0.6755902076156592 0.7372773368101251
    outer loop
      vertex -1.75 -0.5785088487178853 3.8105600011929197
      vertex 1.75 -0.6363961030678928 3.863603896932107
      vertex 1.75 -0.5785088487178853 3.8105600011929197
    endloop
  endfacet
  facet normal 0 0.7372773368101243 0.6755902076156598
    outer loop
      vertex -1.75 -0.6363961030678928 3.863603896932107
      vertex 1.75 -0.6894399988070802 3.9214911512821145
      vertex 1.75 -0.6363961030678928 3.863603896932107
    endloop
  endfacet
  facet normal 0 0.6087614290087222 0.7933533402912338
    outer loop
      vertex -1.75 -0.5162187927159415 3.762763160139907
      vertex 1.75 -0.5785088487178853 3.8105600011929197
      vertex 1.75 -0.5162187927159415 3.762763160139907
    endloop
  endfacet
  facet normal 0 0.5372996083468237 0.8433914458128856
    outer loop
      vertex -1.75 -0.45 3.720577136594005
      vertex 1.75 -0.5162187927159415 3.762763160139907
      vertex 1.75 -0.45 3.720577136594005
    endloop
  endfacet
  facet normal 0 0.46174861323503186 0.8870108331782227
    outer loop
      vertex -1.75 -0.3803564355666295 3.684322991667015
      vertex 1.75 -0.45 3.720577136594005
      vertex 1.75 -0.3803564355666295 3.684322991667015
    endloop
  endfacet
  facet normal 0 0.3007057995042728 0.953716950748227
    outer loop
      vertex -1.75 -0.23293714059226867 3.6306667563398385
      vertex 1.75 -0.30781812899310185 3.6542766412926824
      vertex 1.75 -0.23293714059226867 3.6306667563398385
    endloop
  endfacet
  facet normal 0 0.21643961393810193 0.9762960071199335
    outer loop
      vertex -1.75 -0.1562833599002373 3.6136730222890128
      vertex 1.75 -0.23293714059226867 3.6306667563398385
      vertex 1.75 -0.1562833599002373 3.6136730222890128
    endloop
  endfacet
  facet normal 0 0.13052619222005174 0.9914448613738103
    outer loop
      vertex -1.75 -0.07844016847289235 3.603424771717429
      vertex 1.75 -0.1562833599002373 3.6136730222890128
      vertex 1.75 -0.07844016847289235 3.603424771717429
    endloop
  endfacet
  facet normal 0 0.04361938736533501 0.9990482215818578
    outer loop
      vertex -1.75 0 3.6
      vertex 1.75 -0.07844016847289235 3.603424771717429
      vertex 1.75 0 3.6
    endloop
  endfacet
  facet normal 0 0.38268343236509067 0.9238795325112864
    outer loop
      vertex -1.75 -0.30781812899310185 3.6542766412926824
      vertex 1.75 -0.3803564355666295 3.684322991667015
      vertex 1.75 -0.30781812899310185 3.6542766412926824
    endloop
  endfacet
  facet normal 0 0.793353340291235 0.6087614290087207
    outer loop
      vertex -1.75 -0.6894399988070802 3.9214911512821145
      vertex 1.75 -0.7372368398600926 3.9837812072840584
      vertex 1.75 -0.6894399988070802 3.9214911512821145
    endloop
  endfacet
  facet normal 0 0.9990482215818578 -0.043619387365336534
    outer loop
      vertex -1.75 -0.9 4.5
      vertex 1.75 -0.896575228282571 4.578440168472892
      vertex 1.75 -0.9 4.5
    endloop
  endfacet
  facet normal 0 0.9914448613738103 -0.1305261922200521
    outer loop
      vertex -1.75 -0.896575228282571 4.578440168472892
      vertex 1.75 -0.8863269777109872 4.656283359900237
      vertex 1.75 -0.896575228282571 4.578440168472892
    endloop
  endfacet
  facet normal 0 0.9762960071199335 -0.21643961393810202
    outer loop
      vertex -1.75 -0.8863269777109872 4.656283359900237
      vertex 1.75 -0.8693332436601615 4.732937140592268
      vertex 1.75 -0.8863269777109872 4.656283359900237
    endloop
  endfacet
  facet normal 0 0.9537169507482274 -0.3007057995042718
    outer loop
      vertex -1.75 -0.8693332436601615 4.732937140592268
      vertex 1.75 -0.8457233587073176 4.807818128993102
      vertex 1.75 -0.8693332436601615 4.732937140592268
    endloop
  endfacet
  facet normal 0 0.9238795325112872 -0.38268343236508867
    outer loop
      vertex -1.75 -0.8457233587073176 4.807818128993102
      vertex 1.75 -0.815677008332985 4.88035643556663
      vertex 1.75 -0.8457233587073176 4.807818128993102
    endloop
  endfacet
  facet normal 0 0.8870108331782214 -0.4617486132350347
    outer loop
      vertex -1.75 -0.815677008332985 4.88035643556663
      vertex 1.75 -0.7794228634059948 4.95
      vertex 1.75 -0.815677008332985 4.88035643556663
    endloop
  endfacet
  facet normal 0 0.8433914458128838 -0.5372996083468267
    outer loop
      vertex -1.75 -0.7794228634059948 4.95
      vertex 1.75 -0.7372368398600926 5.016218792715941
      vertex 1.75 -0.7794228634059948 4.95
    endloop
  endfacet
  facet normal 0 0.7933533402912372 -0.608761429008718
    outer loop
      vertex -1.75 -0.7372368398600926 5.016218792715941
      vertex 1.75 -0.6894399988070802 5.0785088487178855
      vertex 1.75 -0.7372368398600926 5.016218792715941
    endloop
  endfacet
  facet normal 1.6674311136313129e-19 0.737277336810127 -0.675590207615657
    outer loop
      vertex 1.75 -0.6363961030678928 5.136396103067893
      vertex 1.75 -0.6894399988070802 5.0785088487178855
      vertex -1.75 -0.6894399988070802 5.0785088487178855
    endloop
  endfacet
  facet normal 0 0.675590207615653 -0.7372773368101305
    outer loop
      vertex -1.75 -0.6363961030678928 5.136396103067893
      vertex 1.75 -0.5785088487178853 5.18943999880708
      vertex 1.75 -0.6363961030678928 5.136396103067893
    endloop
  endfacet
  facet normal 0 0.6087614290087259 -0.7933533402912312
    outer loop
      vertex -1.75 -0.5785088487178853 5.18943999880708
      vertex 1.75 -0.5162187927159415 5.237236839860093
      vertex 1.75 -0.5785088487178853 5.18943999880708
    endloop
  endfacet
  facet normal 0 0.5372996083468237 -0.8433914458128856
    outer loop
      vertex -1.75 -0.5162187927159415 5.237236839860093
      vertex 1.75 -0.45 5.279422863405995
      vertex 1.75 -0.5162187927159415 5.237236839860093
    endloop
  endfacet
  facet normal 0 0.46174861323503186 -0.8870108331782227
    outer loop
      vertex -1.75 -0.45 5.279422863405995
      vertex 1.75 -0.3803564355666295 5.315677008332985
      vertex 1.75 -0.45 5.279422863405995
    endloop
  endfacet
  facet normal 0 0.38268343236509067 -0.9238795325112864
    outer loop
      vertex -1.75 -0.3803564355666295 5.315677008332985
      vertex 1.75 -0.30781812899310185 5.345723358707318
      vertex 1.75 -0.3803564355666295 5.315677008332985
    endloop
  endfacet
  facet normal 0 0.3007057995042728 -0.953716950748227
    outer loop
      vertex -1.75 -0.30781812899310185 5.345723358707318
      vertex 1.75 -0.23293714059226867 5.3693332436601615
      vertex 1.75 -0.30781812899310185 5.345723358707318
    endloop
  endfacet
  facet normal 2.772723864501595e-19 0.21643961393810193 -0.9762960071199335
    outer loop
      vertex 1.75 -0.1562833599002373 5.386326977710987
      vertex 1.75 -0.23293714059226867 5.3693332436601615
      vertex -1.75 -0.23293714059226867 5.3693332436601615
    endloop
  endfacet
  facet normal 0 0.13052619222005174 -0.9914448613738103
    outer loop
      vertex -1.75 -0.1562833599002373 5.386326977710987
      vertex 1.75 -0.07844016847289235 5.396575228282571
      vertex 1.75 -0.1562833599002373 5.386326977710987
    endloop
  endfacet
  facet normal 0 0.043619387365340656 -0.9990482215818576
    outer loop
      vertex -1.75 -0.07844016847289235 5.396575228282571
      vertex 1.75 0 5.4
      vertex 1.75 -0.07844016847289235 5.396575228282571
    endloop
  endfacet
  facet normal 0 -0.04361938736533501 0.9990482215818578
    outer loop
      vertex -1.75 0.07844016847289235 3.603424771717429
      vertex 1.75 0 3.6
      vertex 1.75 0.07844016847289235 3.603424771717429
    endloop
  endfacet
  facet normal 0 -0.13052619222005174 0.9914448613738103
    outer loop
      vertex -1.75 0.1562833599002373 3.6136730222890128
      vertex 1.75 0.07844016847289235 3.603424771717429
      vertex 1.75 0.1562833599002373 3.6136730222890128
    endloop
  endfacet
  facet normal 0 -0.21643961393810193 0.9762960071199335
    outer loop
      vertex -1.75 0.23293714059226867 3.6306667563398385
      vertex 1.75 0.1562833599002373 3.6136730222890128
      vertex 1.75 0.23293714059226867 3.6306667563398385
    endloop
  endfacet
  facet normal 0 -0.3007057995042728 0.953716950748227
    outer loop
      vertex -1.75 0.30781812899310185 3.6542766412926824
      vertex 1.75 0.23293714059226867 3.6306667563398385
      vertex 1.75 0.30781812899310185 3.6542766412926824
    endloop
  endfacet
  facet normal 0 -0.38268343236509067 0.9238795325112864
    outer loop
      vertex -1.75 0.3803564355666295 3.684322991667015
      vertex 1.75 0.30781812899310185 3.6542766412926824
      vertex 1.75 0.3803564355666295 3.684322991667015
    endloop
  endfacet
  facet normal 0 -0.46174861323503186 0.8870108331782227
    outer loop
      vertex -1.75 0.45 3.720577136594005
      vertex 1.75 0.3803564355666295 3.684322991667015
      vertex 1.75 0.45 3.720577136594005
    endloop
  endfacet
  facet normal 0 -0.5372996083468237 0.8433914458128856
    outer loop
      vertex -1.75 0.5162187927159415 3.762763160139907
      vertex 1.75 0.45 3.720577136594005
      vertex 1.75 0.5162187927159415 3.762763160139907
    endloop
  endfacet
  facet normal 0 -0.6087614290087222 0.7933533402912338
    outer loop
      vertex -1.75 0.5785088487178853 3.8105600011929197
      vertex 1.75 0.5162187927159415 3.762763160139907
      vertex 1.75 0.5785088487178853 3.8105600011929197
    endloop
  endfacet
  facet normal 0 -0.6755902076156592 0.7372773368101251
    outer loop
      vertex -1.75 0.6363961030678928 3.863603896932107
      vertex 1.75 0.5785088487178853 3.8105600011929197
      vertex 1.75 0.6363961030678928 3.863603896932107
    endloop
  endfacet
  facet normal 0 -0.7372773368101243 0.6755902076156598
    outer loop
      vertex -1.75 0.6894399988070802 3.9214911512821145
      vertex 1.75 0.6363961030678928 3.863603896932107
      vertex 1.75 0.6894399988070802 3.9214911512821145
    endloop
  endfacet
  facet normal 0 -0.793353340291235 0.6087614290087207
    outer loop
      vertex -1.75 0.7372368398600926 3.9837812072840584
      vertex 1.75 0.6894399988070802 3.9214911512821145
      vertex 1.75 0.7372368398600926 3.9837812072840584
    endloop
  endfacet
  facet normal 0 -0.8433914458128856 0.5372996083468241
    outer loop
      vertex -1.75 0.7794228634059948 4.05
      vertex 1.75 0.7372368398600926 3.9837812072840584
      vertex 1.75 0.7794228634059948 4.05
    endloop
  endfacet
  facet normal 0 -0.8870108331782214 0.4617486132350347
    outer loop
      vertex -1.75 0.815677008332985 4.11964356443337
      vertex 1.75 0.7794228634059948 4.05
      vertex 1.75 0.815677008332985 4.11964356443337
    endloop
  endfacet
  facet normal 0 -0.9238795325112872 0.38268343236508867
    outer loop
      vertex -1.75 0.8457233587073176 4.192181871006898
      vertex 1.75 0.815677008332985 4.11964356443337
      vertex 1.75 0.8457233587073176 4.192181871006898
    endloop
  endfacet
  facet normal 0 -0.9537169507482274 0.3007057995042718
    outer loop
      vertex -1.75 0.8693332436601615 4.267062859407732
      vertex 1.75 0.8457233587073176 4.192181871006898
      vertex 1.75 0.8693332436601615 4.267062859407732
    endloop
  endfacet
  facet normal 0 -0.9762960071199335 0.21643961393810202
    outer loop
      vertex -1.75 0.8863269777109872 4.343716640099763
      vertex 1.75 0.8693332436601615 4.267062859407732
      vertex 1.75 0.8863269777109872 4.343716640099763
    endloop
  endfacet
  facet normal 0 -0.9914448613738103 0.1305261922200521
    outer loop
      vertex -1.75 0.896575228282571 4.421559831527108
      vertex 1.75 0.8863269777109872 4.343716640099763
      vertex 1.75 0.896575228282571 4.421559831527108
    endloop
  endfacet
  facet normal 0 -0.9990482215818578 0.043619387365336534
    outer loop
      vertex -1.75 0.9 4.5
      vertex 1.75 0.896575228282571 4.421559831527108
      vertex 1.75 0.9 4.5
    endloop
  endfacet
  facet normal 0 -0.7933533402912372 -0.608761429008718
    outer loop
      vertex -1.75 0.6894399988070802 5.0785088487178855
      vertex 1.75 0.7372368398600926 5.016218792715941
      vertex 1.75 0.6894399988070802 5.0785088487178855
    endloop
  endfacet
  facet normal 0 -0.38268343236509067 -0.9238795325112864
    outer loop
      vertex -1.75 0.30781812899310185 5.345723358707318
      vertex 1.75 0.3803564355666295 5.315677008332985
      vertex 1.75 0.30781812899310185 5.345723358707318
    endloop
  endfacet
  facet normal 0 -0.043619387365340656 -0.9990482215818576
    outer loop
      vertex -1.75 0 5.4
      vertex 1.75 0.07844016847289235 5.396575228282571
      vertex 1.75 0 5.4
    endloop
  endfacet
  facet normal 0 -0.13052619222005174 -0.9914448613738103
    outer loop
      vertex -1.75 0.07844016847289235 5.396575228282571
      vertex 1.75 0.1562833599002373 5.386326977710987
      vertex 1.75 0.07844016847289235 5.396575228282571
    endloop
  endfacet
  facet normal 0 -0.21643961393810193 -0.9762960071199335
    outer loop
      vertex -1.75 0.1562833599002373 5.386326977710987
      vertex 1.75 0.23293714059226867 5.3693332436601615
      vertex 1.75 0.1562833599002373 5.386326977710987
    endloop
  endfacet
  facet normal 0 -0.3007057995042728 -0.953716950748227
    outer loop
      vertex -1.75 0.23293714059226867 5.3693332436601615
      vertex 1.75 0.30781812899310185 5.345723358707318
      vertex 1.75 0.23293714059226867 5.3693332436601615
    endloop
  endfacet
  facet normal 0 -0.46174861323503186 -0.8870108331782227
    outer loop
      vertex -1.75 0.3803564355666295 5.315677008332985
      vertex 1.75 0.45 5.279422863405995
      vertex 1.75 0.3803564355666295 5.315677008332985
    endloop
  endfacet
  facet normal 0 -0.5372996083468237 -0.8433914458128856
    outer loop
      vertex -1.75 0.45 5.279422863405995
      vertex 1.75 0.5162187927159415 5.237236839860093
      vertex 1.75 0.45 5.279422863405995
    endloop
  endfacet
  facet normal 0 -0.6087614290087259 -0.7933533402912312
    outer loop
      vertex -1.75 0.5162187927159415 5.237236839860093
      vertex 1.75 0.5785088487178853 5.18943999880708
      vertex 1.75 0.5162187927159415 5.237236839860093
    endloop
  endfacet
  facet normal 0 -0.737277336810127 -0.675590207615657
    outer loop
      vertex -1.75 0.6363961030678928 5.136396103067893
      vertex 1.75 0.6894399988070802 5.0785088487178855
      vertex 1.75 0.6363961030678928 5.136396103067893
    endloop
  endfacet
  facet normal 0 -0.675590207615653 -0.7372773368101305
    outer loop
      vertex -1.75 0.5785088487178853 5.18943999880708
      vertex 1.75 0.6363961030678928 5.136396103067893
      vertex 1.75 0.5785088487178853 5.18943999880708
    endloop
  endfacet
  facet normal 0 -0.9990482215818578 -0.043619387365336534
    outer loop
      vertex -1.75 0.896575228282571 4.578440168472892
      vertex 1.75 0.9 4.5
      vertex 1.75 0.896575228282571 4.578440168472892
    endloop
  endfacet
  facet normal 0 -0.9914448613738103 -0.1305261922200521
    outer loop
      vertex -1.75 0.8863269777109872 4.656283359900237
      vertex 1.75 0.896575228282571 4.578440168472892
      vertex 1.75 0.8863269777109872 4.656283359900237
    endloop
  endfacet
  facet normal 0 -0.9762960071199335 -0.21643961393810202
    outer loop
      vertex -1.75 0.8693332436601615 4.732937140592268
      vertex 1.75 0.8863269777109872 4.656283359900237
      vertex 1.75 0.8693332436601615 4.732937140592268
    endloop
  endfacet
  facet normal 0 -0.9238795325112872 -0.38268343236508867
    outer loop
      vertex -1.75 0.815677008332985 4.88035643556663
      vertex 1.75 0.8457233587073176 4.807818128993102
      vertex 1.75 0.815677008332985 4.88035643556663
    endloop
  endfacet
  facet normal 0 -0.9537169507482274 -0.3007057995042718
    outer loop
      vertex -1.75 0.8457233587073176 4.807818128993102
      vertex 1.75 0.8693332436601615 4.732937140592268
      vertex 1.75 0.8457233587073176 4.807818128993102
    endloop
  endfacet
  facet normal 0 -0.8870108331782214 -0.4617486132350347
    outer loop
      vertex -1.75 0.7794228634059948 4.95
      vertex 1.75 0.815677008332985 4.88035643556663
      vertex 1.75 0.7794228634059948 4.95
    endloop
  endfacet
  facet normal 0 -0.8433914458128838 -0.5372996083468267
    outer loop
      vertex -1.75 0.7372368398600926 5.016218792715941
      vertex 1.75 0.7794228634059948 4.95
      vertex 1.75 0.7372368398600926 5.016218792715941
    endloop
  endfacet
  facet normal -2.8889142565127e-19 0.8433914458128838 0.5372996083468267
    outer loop
      vertex -1.75 -0.7372368398600926 6.483781207284059
      vertex -1.75 -0.7794228634059948 6.55
      vertex 1.75 -0.7794228634059948 6.55
    endloop
  endfacet
  facet normal 7.03201618515259e-19 0.8870108331782214 0.4617486132350347
    outer loop
      vertex -1.75 -0.7794228634059948 6.55
      vertex -1.75 -0.815677008332985 6.61964356443337
      vertex 1.75 -0.815677008332985 6.61964356443337
    endloop
  endfacet
  facet normal 2.326556450600559e-19 0.9537169507482274 0.3007057995042718
    outer loop
      vertex -1.75 -0.8457233587073176 6.692181871006898
      vertex -1.75 -0.8693332436601615 6.767062859407732
      vertex 1.75 -0.8693332436601615 6.767062859407732
    endloop
  endfacet
  facet normal -1.6696027837990374e-19 0.9238795325112872 0.38268343236508867
    outer loop
      vertex -1.75 -0.815677008332985 6.61964356443337
      vertex -1.75 -0.8457233587073176 6.692181871006898
      vertex 1.75 -0.8457233587073176 6.692181871006898
    endloop
  endfacet
  facet normal 0 0.38268343236509067 0.9238795325112864
    outer loop
      vertex -1.75 -0.3803564355666295 6.184322991667015
      vertex 1.75 -0.3803564355666295 6.184322991667015
      vertex -1.75 -0.30781812899310185 6.154276641292682
    endloop
  endfacet
  facet normal 0 0.3007057995042728 0.953716950748227
    outer loop
      vertex -1.75 -0.30781812899310185 6.154276641292682
      vertex 1.75 -0.30781812899310185 6.154276641292682
      vertex -1.75 -0.23293714059226867 6.1306667563398385
    endloop
  endfacet
  facet normal 0 0.21643961393810193 0.9762960071199335
    outer loop
      vertex -1.75 -0.23293714059226867 6.1306667563398385
      vertex 1.75 -0.23293714059226867 6.1306667563398385
      vertex -1.75 -0.1562833599002373 6.113673022289013
    endloop
  endfacet
  facet normal 0 0.13052619222005174 0.9914448613738103
    outer loop
      vertex -1.75 -0.1562833599002373 6.113673022289013
      vertex 1.75 -0.1562833599002373 6.113673022289013
      vertex -1.75 -0.07844016847289235 6.103424771717429
    endloop
  endfacet
  facet normal 0 0.043619387365340656 0.9990482215818576
    outer loop
      vertex -1.75 -0.07844016847289235 6.103424771717429
      vertex 1.75 -0.07844016847289235 6.103424771717429
      vertex -1.75 0 6.1
    endloop
  endfacet
  facet normal 7.963442629991439e-20 0.7933533402912372 0.608761429008718
    outer loop
      vertex -1.75 -0.6894399988070802 6.4214911512821145
      vertex -1.75 -0.7372368398600926 6.483781207284059
      vertex 1.75 -0.7372368398600926 6.483781207284059
    endloop
  endfacet
  facet normal -1.6674311136313129e-19 0.737277336810127 0.675590207615657
    outer loop
      vertex -1.75 -0.6363961030678928 6.363603896932107
      vertex -1.75 -0.6894399988070802 6.4214911512821145
      vertex 1.75 -0.6894399988070802 6.4214911512821145
    endloop
  endfacet
  facet normal 0 0.675590207615653 0.7372773368101305
    outer loop
      vertex -1.75 -0.6363961030678928 6.363603896932107
      vertex 1.75 -0.6363961030678928 6.363603896932107
      vertex -1.75 -0.5785088487178853 6.31056000119292
    endloop
  endfacet
  facet normal 0 0.5372996083468237 0.8433914458128856
    outer loop
      vertex -1.75 -0.5162187927159415 6.262763160139907
      vertex 1.75 -0.5162187927159415 6.262763160139907
      vertex -1.75 -0.45 6.220577136594005
    endloop
  endfacet
  facet normal 0 0.6087614290087259 0.7933533402912312
    outer loop
      vertex -1.75 -0.5785088487178853 6.31056000119292
      vertex 1.75 -0.5785088487178853 6.31056000119292
      vertex -1.75 -0.5162187927159415 6.262763160139907
    endloop
  endfacet
  facet normal 0 0.46174861323503186 0.8870108331782227
    outer loop
      vertex -1.75 -0.45 6.220577136594005
      vertex 1.75 -0.45 6.220577136594005
      vertex -1.75 -0.3803564355666295 6.184322991667015
    endloop
  endfacet
  facet normal -1.3902746088350377e-19 0.9762960071199335 0.21643961393810202
    outer loop
      vertex -1.75 -0.8693332436601615 6.767062859407732
      vertex -1.75 -0.8863269777109872 6.843716640099763
      vertex 1.75 -0.8863269777109872 6.843716640099763
    endloop
  endfacet
  facet normal 6.530475064517582e-20 0.9914448613738103 0.1305261922200521
    outer loop
      vertex -1.75 -0.8863269777109872 6.843716640099763
      vertex -1.75 -0.896575228282571 6.921559831527108
      vertex 1.75 -0.896575228282571 6.921559831527108
    endloop
  endfacet
  facet normal -7.065248377464127e-20 0.9990482215818578 0.043619387365336534
    outer loop
      vertex -1.75 -0.896575228282571 6.921559831527108
      vertex -1.75 -0.9 7
      vertex 1.75 -0.9 7
    endloop
  endfacet
  facet normal 7.065248377464127e-20 0.9990482215818578 -0.043619387365336534
    outer loop
      vertex -1.75 -0.9 7
      vertex -1.75 -0.896575228282571 7.078440168472892
      vertex 1.75 -0.896575228282571 7.078440168472892
    endloop
  endfacet
  facet normal -6.530475064517582e-20 0.9914448613738103 -0.1305261922200521
    outer loop
      vertex -1.75 -0.896575228282571 7.078440168472892
      vertex -1.75 -0.8863269777109872 7.156283359900237
      vertex 1.75 -0.8863269777109872 7.156283359900237
    endloop
  endfacet
  facet normal 1.3902746088350377e-19 0.9762960071199335 -0.21643961393810202
    outer loop
      vertex -1.75 -0.8863269777109872 7.156283359900237
      vertex -1.75 -0.8693332436601615 7.232937140592268
      vertex 1.75 -0.8693332436601615 7.232937140592268
    endloop
  endfacet
  facet normal -2.326556450600559e-19 0.9537169507482274 -0.3007057995042718
    outer loop
      vertex -1.75 -0.8693332436601615 7.232937140592268
      vertex -1.75 -0.8457233587073176 7.307818128993102
      vertex 1.75 -0.8457233587073176 7.307818128993102
    endloop
  endfacet
  facet normal 1.6696027837990374e-19 0.9238795325112872 -0.38268343236508867
    outer loop
      vertex -1.75 -0.8457233587073176 7.307818128993102
      vertex -1.75 -0.815677008332985 7.38035643556663
      vertex 1.75 -0.815677008332985 7.38035643556663
    endloop
  endfacet
  facet normal -7.03201618515259e-19 0.8870108331782214 -0.4617486132350347
    outer loop
      vertex -1.75 -0.815677008332985 7.38035643556663
      vertex -1.75 -0.7794228634059948 7.45
      vertex 1.75 -0.7794228634059948 7.45
    endloop
  endfacet
  facet normal 2.8889142565127e-19 0.8433914458128838 -0.5372996083468267
    outer loop
      vertex -1.75 -0.7794228634059948 7.45
      vertex -1.75 -0.7372368398600926 7.516218792715941
      vertex 1.75 -0.7372368398600926 7.516218792715941
    endloop
  endfacet
  facet normal -7.963442629991439e-20 0.7933533402912372 -0.608761429008718
    outer loop
      vertex -1.75 -0.7372368398600926 7.516218792715941
      vertex -1.75 -0.6894399988070802 7.5785088487178855
      vertex 1.75 -0.6894399988070802 7.5785088487178855
    endloop
  endfacet
  facet normal 1.6674311136313129e-19 0.737277336810127 -0.675590207615657
    outer loop
      vertex -1.75 -0.6894399988070802 7.5785088487178855
      vertex -1.75 -0.6363961030678928 7.636396103067893
      vertex 1.75 -0.6363961030678928 7.636396103067893
    endloop
  endfacet
  facet normal 0 0.675590207615653 -0.7372773368101305
    outer loop
      vertex -1.75 -0.5785088487178853 7.68943999880708
      vertex 1.75 -0.5785088487178853 7.68943999880708
      vertex -1.75 -0.6363961030678928 7.636396103067893
    endloop
  endfacet
  facet normal 0 0.6087614290087259 -0.7933533402912312
    outer loop
      vertex -1.75 -0.5162187927159415 7.737236839860093
      vertex 1.75 -0.5162187927159415 7.737236839860093
      vertex -1.75 -0.5785088487178853 7.68943999880708
    endloop
  endfacet
  facet normal 0 0.5372996083468237 -0.8433914458128856
    outer loop
      vertex -1.75 -0.45 7.779422863405995
      vertex 1.75 -0.45 7.779422863405995
      vertex -1.75 -0.5162187927159415 7.737236839860093
    endloop
  endfacet
  facet normal 0 0.46174861323503186 -0.8870108331782227
    outer loop
      vertex -1.75 -0.3803564355666295 7.815677008332985
      vertex 1.75 -0.3803564355666295 7.815677008332985
      vertex -1.75 -0.45 7.779422863405995
    endloop
  endfacet
  facet normal 0 0.38268343236509067 -0.9238795325112864
    outer loop
      vertex -1.75 -0.30781812899310185 7.845723358707318
      vertex 1.75 -0.30781812899310185 7.845723358707318
      vertex -1.75 -0.3803564355666295 7.815677008332985
    endloop
  endfacet
  facet normal 0 0.3007057995042728 -0.953716950748227
    outer loop
      vertex -1.75 -0.23293714059226867 7.8693332436601615
      vertex 1.75 -0.23293714059226867 7.8693332436601615
      vertex -1.75 -0.30781812899310185 7.845723358707318
    endloop
  endfacet
  facet normal 0 0.21643961393810193 -0.9762960071199335
    outer loop
      vertex -1.75 -0.1562833599002373 7.886326977710987
      vertex 1.75 -0.1562833599002373 7.886326977710987
      vertex -1.75 -0.23293714059226867 7.8693332436601615
    endloop
  endfacet
  facet normal 0 0.13052619222005174 -0.9914448613738103
    outer loop
      vertex -1.75 -0.07844016847289235 7.896575228282571
      vertex 1.75 -0.07844016847289235 7.896575228282571
      vertex -1.75 -0.1562833599002373 7.886326977710987
    endloop
  endfacet
  facet normal 0 0.043619387365340656 -0.9990482215818576
    outer loop
      vertex -1.75 0 7.9
      vertex 1.75 0 7.9
      vertex -1.75 -0.07844016847289235 7.896575228282571
    endloop
  endfacet
  facet normal 0 -0.043619387365340656 0.9990482215818576
    outer loop
      vertex -1.75 0 6.1
      vertex 1.75 0 6.1
      vertex -1.75 0.07844016847289235 6.103424771717429
    endloop
  endfacet
  facet normal 0 -0.13052619222005174 0.9914448613738103
    outer loop
      vertex -1.75 0.07844016847289235 6.103424771717429
      vertex 1.75 0.07844016847289235 6.103424771717429
      vertex -1.75 0.1562833599002373 6.113673022289013
    endloop
  endfacet
  facet normal 0 -0.21643961393810193 0.9762960071199335
    outer loop
      vertex -1.75 0.1562833599002373 6.113673022289013
      vertex 1.75 0.1562833599002373 6.113673022289013
      vertex -1.75 0.23293714059226867 6.1306667563398385
    endloop
  endfacet
  facet normal 0 -0.3007057995042728 0.953716950748227
    outer loop
      vertex -1.75 0.23293714059226867 6.1306667563398385
      vertex 1.75 0.23293714059226867 6.1306667563398385
      vertex -1.75 0.30781812899310185 6.154276641292682
    endloop
  endfacet
  facet normal 0 -0.38268343236509067 0.9238795325112864
    outer loop
      vertex -1.75 0.30781812899310185 6.154276641292682
      vertex 1.75 0.30781812899310185 6.154276641292682
      vertex -1.75 0.3803564355666295 6.184322991667015
    endloop
  endfacet
  facet normal 0 -0.46174861323503186 0.8870108331782227
    outer loop
      vertex -1.75 0.3803564355666295 6.184322991667015
      vertex 1.75 0.3803564355666295 6.184322991667015
      vertex -1.75 0.45 6.220577136594005
    endloop
  endfacet
  facet normal 0 -0.5372996083468237 0.8433914458128856
    outer loop
      vertex -1.75 0.45 6.220577136594005
      vertex 1.75 0.45 6.220577136594005
      vertex -1.75 0.5162187927159415 6.262763160139907
    endloop
  endfacet
  facet normal 0 -0.6087614290087259 0.7933533402912312
    outer loop
      vertex -1.75 0.5162187927159415 6.262763160139907
      vertex 1.75 0.5162187927159415 6.262763160139907
      vertex -1.75 0.5785088487178853 6.31056000119292
    endloop
  endfacet
  facet normal 0 -0.675590207615653 0.7372773368101305
    outer loop
      vertex -1.75 0.5785088487178853 6.31056000119292
      vertex 1.75 0.5785088487178853 6.31056000119292
      vertex -1.75 0.6363961030678928 6.363603896932107
    endloop
  endfacet
  facet normal 0 -0.737277336810127 0.675590207615657
    outer loop
      vertex -1.75 0.6363961030678928 6.363603896932107
      vertex 1.75 0.6363961030678928 6.363603896932107
      vertex -1.75 0.6894399988070802 6.4214911512821145
    endloop
  endfacet
  facet normal -7.963442629991439e-20 -0.7933533402912372 0.608761429008718
    outer loop
      vertex -1.75 0.7372368398600926 6.483781207284059
      vertex -1.75 0.6894399988070802 6.4214911512821145
      vertex 1.75 0.6894399988070802 6.4214911512821145
    endloop
  endfacet
  facet normal 2.8889142565127e-19 -0.8433914458128838 0.5372996083468267
    outer loop
      vertex -1.75 0.7794228634059948 6.55
      vertex -1.75 0.7372368398600926 6.483781207284059
      vertex 1.75 0.7372368398600926 6.483781207284059
    endloop
  endfacet
  facet normal -7.03201618515259e-19 -0.8870108331782214 0.4617486132350347
    outer loop
      vertex -1.75 0.815677008332985 6.61964356443337
      vertex -1.75 0.7794228634059948 6.55
      vertex 1.75 0.7794228634059948 6.55
    endloop
  endfacet
  facet normal 1.6696027837990374e-19 -0.9238795325112872 0.38268343236508867
    outer loop
      vertex -1.75 0.8457233587073176 6.692181871006898
      vertex -1.75 0.815677008332985 6.61964356443337
      vertex 1.75 0.815677008332985 6.61964356443337
    endloop
  endfacet
  facet normal -2.326556450600559e-19 -0.9537169507482274 0.3007057995042718
    outer loop
      vertex -1.75 0.8693332436601615 6.767062859407732
      vertex -1.75 0.8457233587073176 6.692181871006898
      vertex 1.75 0.8457233587073176 6.692181871006898
    endloop
  endfacet
  facet normal 0 -0.21643961393810193 -0.9762960071199335
    outer loop
      vertex -1.75 0.23293714059226867 7.8693332436601615
      vertex 1.75 0.23293714059226867 7.8693332436601615
      vertex -1.75 0.1562833599002373 7.886326977710987
    endloop
  endfacet
  facet normal 0 -0.3007057995042728 -0.953716950748227
    outer loop
      vertex -1.75 0.30781812899310185 7.845723358707318
      vertex 1.75 0.30781812899310185 7.845723358707318
      vertex -1.75 0.23293714059226867 7.8693332436601615
    endloop
  endfacet
  facet normal 0 -0.38268343236509067 -0.9238795325112864
    outer loop
      vertex -1.75 0.3803564355666295 7.815677008332985
      vertex 1.75 0.3803564355666295 7.815677008332985
      vertex -1.75 0.30781812899310185 7.845723358707318
    endloop
  endfacet
  facet normal 7.963442629991439e-20 -0.7933533402912372 -0.608761429008718
    outer loop
      vertex -1.75 0.6894399988070802 7.5785088487178855
      vertex -1.75 0.7372368398600926 7.516218792715941
      vertex 1.75 0.7372368398600926 7.516218792715941
    endloop
  endfacet
  facet normal 0 -0.6087614290087259 -0.7933533402912312
    outer loop
      vertex -1.75 0.5785088487178853 7.68943999880708
      vertex 1.75 0.5785088487178853 7.68943999880708
      vertex -1.75 0.5162187927159415 7.737236839860093
    endloop
  endfacet
  facet normal 0 -0.46174861323503186 -0.8870108331782227
    outer loop
      vertex -1.75 0.45 7.779422863405995
      vertex 1.75 0.45 7.779422863405995
      vertex -1.75 0.3803564355666295 7.815677008332985
    endloop
  endfacet
  facet normal 0 -0.5372996083468237 -0.8433914458128856
    outer loop
      vertex -1.75 0.5162187927159415 7.737236839860093
      vertex 1.75 0.5162187927159415 7.737236839860093
      vertex -1.75 0.45 7.779422863405995
    endloop
  endfacet
  facet normal 0 -0.675590207615653 -0.7372773368101305
    outer loop
      vertex -1.75 0.6363961030678928 7.636396103067893
      vertex 1.75 0.6363961030678928 7.636396103067893
      vertex -1.75 0.5785088487178853 7.68943999880708
    endloop
  endfacet
  facet normal -1.6674311136313129e-19 -0.737277336810127 -0.675590207615657
    outer loop
      vertex -1.75 0.6363961030678928 7.636396103067893
      vertex -1.75 0.6894399988070802 7.5785088487178855
      vertex 1.75 0.6894399988070802 7.5785088487178855
    endloop
  endfacet
  facet normal 1.3902746088350377e-19 -0.9762960071199335 0.21643961393810202
    outer loop
      vertex -1.75 0.8863269777109872 6.843716640099763
      vertex -1.75 0.8693332436601615 6.767062859407732
      vertex 1.75 0.8693332436601615 6.767062859407732
    endloop
  endfacet
  facet normal -6.530475064517582e-20 -0.9914448613738103 0.1305261922200521
    outer loop
      vertex -1.75 0.896575228282571 6.921559831527108
      vertex -1.75 0.8863269777109872 6.843716640099763
      vertex 1.75 0.8863269777109872 6.843716640099763
    endloop
  endfacet
  facet normal 7.065248377464127e-20 -0.9990482215818578 0.043619387365336534
    outer loop
      vertex -1.75 0.9 7
      vertex -1.75 0.896575228282571 6.921559831527108
      vertex 1.75 0.896575228282571 6.921559831527108
    endloop
  endfacet
  facet normal -7.065248377464127e-20 -0.9990482215818578 -0.043619387365336534
    outer loop
      vertex -1.75 0.896575228282571 7.078440168472892
      vertex -1.75 0.9 7
      vertex 1.75 0.9 7
    endloop
  endfacet
  facet normal 6.530475064517582e-20 -0.9914448613738103 -0.1305261922200521
    outer loop
      vertex -1.75 0.8863269777109872 7.156283359900237
      vertex -1.75 0.896575228282571 7.078440168472892
      vertex 1.75 0.896575228282571 7.078440168472892
    endloop
  endfacet
  facet normal -1.3902746088350377e-19 -0.9762960071199335 -0.21643961393810202
    outer loop
      vertex -1.75 0.8693332436601615 7.232937140592268
      vertex -1.75 0.8863269777109872 7.156283359900237
      vertex 1.75 0.8863269777109872 7.156283359900237
    endloop
  endfacet
  facet normal 2.326556450600559e-19 -0.9537169507482274 -0.3007057995042718
    outer loop
      vertex -1.75 0.8457233587073176 7.307818128993102
      vertex -1.75 0.8693332436601615 7.232937140592268
      vertex 1.75 0.8693332436601615 7.232937140592268
    endloop
  endfacet
  facet normal -1.6696027837990374e-19 -0.9238795325112872 -0.38268343236508867
    outer loop
      vertex -1.75 0.815677008332985 7.38035643556663
      vertex -1.75 0.8457233587073176 7.307818128993102
      vertex 1.75 0.8457233587073176 7.307818128993102
    endloop
  endfacet
  facet normal 7.03201618515259e-19 -0.8870108331782214 -0.4617486132350347
    outer loop
      vertex -1.75 0.7794228634059948 7.45
      vertex -1.75 0.815677008332985 7.38035643556663
      vertex 1.75 0.815677008332985 7.38035643556663
    endloop
  endfacet
  facet normal -2.8889142565127e-19 -0.8433914458128838 -0.5372996083468267
    outer loop
      vertex -1.75 0.7372368398600926 7.516218792715941
      vertex -1.75 0.7794228634059948 7.45
      vertex 1.75 0.7794228634059948 7.45
    endloop
  endfacet
  facet normal 0 -0.043619387365340656 -0.9990482215818576
    outer loop
      vertex -1.75 0.07844016847289235 7.896575228282571
      vertex 1.75 0.07844016847289235 7.896575228282571
      vertex -1.75 0 7.9
    endloop
  endfacet
  facet normal 0 -0.13052619222005174 -0.9914448613738103
    outer loop
      vertex -1.75 0.1562833599002373 7.886326977710987
      vertex 1.75 0.1562833599002373 7.886326977710987
      vertex -1.75 0.07844016847289235 7.896575228282571
    endloop
  endfacet
  facet normal 0 0.8433914458128838 0.5372996083468267
    outer loop
      vertex -1.75 -0.7372368398600926 6.483781207284059
      vertex 1.75 -0.7794228634059948 6.55
      vertex 1.75 -0.7372368398600926 6.483781207284059
    endloop
  endfacet
  facet normal 0 0.8870108331782214 0.4617486132350347
    outer loop
      vertex -1.75 -0.7794228634059948 6.55
      vertex 1.75 -0.815677008332985 6.61964356443337
      vertex 1.75 -0.7794228634059948 6.55
    endloop
  endfacet
  facet normal 0 0.9537169507482274 0.3007057995042718
    outer loop
      vertex -1.75 -0.8457233587073176 6.692181871006898
      vertex 1.75 -0.8693332436601615 6.767062859407732
      vertex 1.75 -0.8457233587073176 6.692181871006898
    endloop
  endfacet
  facet normal 0 0.9238795325112872 0.38268343236508867
    outer loop
      vertex -1.75 -0.815677008332985 6.61964356443337
      vertex 1.75 -0.8457233587073176 6.692181871006898
      vertex 1.75 -0.815677008332985 6.61964356443337
    endloop
  endfacet
  facet normal 0 0.38268343236509067 0.9238795325112864
    outer loop
      vertex -1.75 -0.30781812899310185 6.154276641292682
      vertex 1.75 -0.3803564355666295 6.184322991667015
      vertex 1.75 -0.30781812899310185 6.154276641292682
    endloop
  endfacet
  facet normal 0 0.3007057995042728 0.953716950748227
    outer loop
      vertex -1.75 -0.23293714059226867 6.1306667563398385
      vertex 1.75 -0.30781812899310185 6.154276641292682
      vertex 1.75 -0.23293714059226867 6.1306667563398385
    endloop
  endfacet
  facet normal 0 0.13052619222005174 0.9914448613738103
    outer loop
      vertex -1.75 -0.07844016847289235 6.103424771717429
      vertex 1.75 -0.1562833599002373 6.113673022289013
      vertex 1.75 -0.07844016847289235 6.103424771717429
    endloop
  endfacet
  facet normal 0 0.21643961393810193 0.9762960071199335
    outer loop
      vertex -1.75 -0.1562833599002373 6.113673022289013
      vertex 1.75 -0.23293714059226867 6.1306667563398385
      vertex 1.75 -0.1562833599002373 6.113673022289013
    endloop
  endfacet
  facet normal 0 0.043619387365340656 0.9990482215818576
    outer loop
      vertex -1.75 0 6.1
      vertex 1.75 -0.07844016847289235 6.103424771717429
      vertex 1.75 0 6.1
    endloop
  endfacet
  facet normal 0 0.7933533402912372 0.608761429008718
    outer loop
      vertex -1.75 -0.6894399988070802 6.4214911512821145
      vertex 1.75 -0.7372368398600926 6.483781207284059
      vertex 1.75 -0.6894399988070802 6.4214911512821145
    endloop
  endfacet
  facet normal 0 0.737277336810127 0.675590207615657
    outer loop
      vertex -1.75 -0.6363961030678928 6.363603896932107
      vertex 1.75 -0.6894399988070802 6.4214911512821145
      vertex 1.75 -0.6363961030678928 6.363603896932107
    endloop
  endfacet
  facet normal 0 0.675590207615653 0.7372773368101305
    outer loop
      vertex -1.75 -0.5785088487178853 6.31056000119292
      vertex 1.75 -0.6363961030678928 6.363603896932107
      vertex 1.75 -0.5785088487178853 6.31056000119292
    endloop
  endfacet
  facet normal 0 0.5372996083468237 0.8433914458128856
    outer loop
      vertex -1.75 -0.45 6.220577136594005
      vertex 1.75 -0.5162187927159415 6.262763160139907
      vertex 1.75 -0.45 6.220577136594005
    endloop
  endfacet
  facet normal 0 0.6087614290087259 0.7933533402912312
    outer loop
      vertex -1.75 -0.5162187927159415 6.262763160139907
      vertex 1.75 -0.5785088487178853 6.31056000119292
      vertex 1.75 -0.5162187927159415 6.262763160139907
    endloop
  endfacet
  facet normal 0 0.46174861323503186 0.8870108331782227
    outer loop
      vertex -1.75 -0.3803564355666295 6.184322991667015
      vertex 1.75 -0.45 6.220577136594005
      vertex 1.75 -0.3803564355666295 6.184322991667015
    endloop
  endfacet
  facet normal 0 0.9762960071199335 0.21643961393810202
    outer loop
      vertex -1.75 -0.8693332436601615 6.767062859407732
      vertex 1.75 -0.8863269777109872 6.843716640099763
      vertex 1.75 -0.8693332436601615 6.767062859407732
    endloop
  endfacet
  facet normal 0 0.9914448613738103 0.1305261922200521
    outer loop
      vertex -1.75 -0.8863269777109872 6.843716640099763
      vertex 1.75 -0.896575228282571 6.921559831527108
      vertex 1.75 -0.8863269777109872 6.843716640099763
    endloop
  endfacet
  facet normal 0 0.9990482215818578 0.043619387365336534
    outer loop
      vertex -1.75 -0.896575228282571 6.921559831527108
      vertex 1.75 -0.9 7
      vertex 1.75 -0.896575228282571 6.921559831527108
    endloop
  endfacet
  facet normal 0 0.9990482215818578 -0.043619387365336534
    outer loop
      vertex -1.75 -0.9 7
      vertex 1.75 -0.896575228282571 7.078440168472892
      vertex 1.75 -0.9 7
    endloop
  endfacet
  facet normal 0 0.9914448613738103 -0.1305261922200521
    outer loop
      vertex -1.75 -0.896575228282571 7.078440168472892
      vertex 1.75 -0.8863269777109872 7.156283359900237
      vertex 1.75 -0.896575228282571 7.078440168472892
    endloop
  endfacet
  facet normal 0 0.9762960071199335 -0.21643961393810202
    outer loop
      vertex -1.75 -0.8863269777109872 7.156283359900237
      vertex 1.75 -0.8693332436601615 7.232937140592268
      vertex 1.75 -0.8863269777109872 7.156283359900237
    endloop
  endfacet
  facet normal 0 0.9537169507482274 -0.3007057995042718
    outer loop
      vertex -1.75 -0.8693332436601615 7.232937140592268
      vertex 1.75 -0.8457233587073176 7.307818128993102
      vertex 1.75 -0.8693332436601615 7.232937140592268
    endloop
  endfacet
  facet normal 0 0.9238795325112872 -0.38268343236508867
    outer loop
      vertex -1.75 -0.8457233587073176 7.307818128993102
      vertex 1.75 -0.815677008332985 7.38035643556663
      vertex 1.75 -0.8457233587073176 7.307818128993102
    endloop
  endfacet
  facet normal 0 0.8870108331782214 -0.4617486132350347
    outer loop
      vertex -1.75 -0.815677008332985 7.38035643556663
      vertex 1.75 -0.7794228634059948 7.45
      vertex 1.75 -0.815677008332985 7.38035643556663
    endloop
  endfacet
  facet normal 0 0.8433914458128838 -0.5372996083468267
    outer loop
      vertex -1.75 -0.7794228634059948 7.45
      vertex 1.75 -0.7372368398600926 7.516218792715941
      vertex 1.75 -0.7794228634059948 7.45
    endloop
  endfacet
  facet normal 0 0.7933533402912372 -0.608761429008718
    outer loop
      vertex -1.75 -0.7372368398600926 7.516218792715941
      vertex 1.75 -0.6894399988070802 7.5785088487178855
      vertex 1.75 -0.7372368398600926 7.516218792715941
    endloop
  endfacet
  facet normal 0 0.737277336810127 -0.675590207615657
    outer loop
      vertex -1.75 -0.6894399988070802 7.5785088487178855
      vertex 1.75 -0.6363961030678928 7.636396103067893
      vertex 1.75 -0.6894399988070802 7.5785088487178855
    endloop
  endfacet
  facet normal 0 0.675590207615653 -0.7372773368101305
    outer loop
      vertex -1.75 -0.6363961030678928 7.636396103067893
      vertex 1.75 -0.5785088487178853 7.68943999880708
      vertex 1.75 -0.6363961030678928 7.636396103067893
    endloop
  endfacet
  facet normal 0 0.6087614290087259 -0.7933533402912312
    outer loop
      vertex -1.75 -0.5785088487178853 7.68943999880708
      vertex 1.75 -0.5162187927159415 7.737236839860093
      vertex 1.75 -0.5785088487178853 7.68943999880708
    endloop
  endfacet
  facet normal 0 0.5372996083468237 -0.8433914458128856
    outer loop
      vertex -1.75 -0.5162187927159415 7.737236839860093
      vertex 1.75 -0.45 7.779422863405995
      vertex 1.75 -0.5162187927159415 7.737236839860093
    endloop
  endfacet
  facet normal 0 0.46174861323503186 -0.8870108331782227
    outer loop
      vertex -1.75 -0.45 7.779422863405995
      vertex 1.75 -0.3803564355666295 7.815677008332985
      vertex 1.75 -0.45 7.779422863405995
    endloop
  endfacet
  facet normal 0 0.38268343236509067 -0.9238795325112864
    outer loop
      vertex -1.75 -0.3803564355666295 7.815677008332985
      vertex 1.75 -0.30781812899310185 7.845723358707318
      vertex 1.75 -0.3803564355666295 7.815677008332985
    endloop
  endfacet
  facet normal 0 0.3007057995042728 -0.953716950748227
    outer loop
      vertex -1.75 -0.30781812899310185 7.845723358707318
      vertex 1.75 -0.23293714059226867 7.8693332436601615
      vertex 1.75 -0.30781812899310185 7.845723358707318
    endloop
  endfacet
  facet normal 0 0.21643961393810193 -0.9762960071199335
    outer loop
      vertex -1.75 -0.23293714059226867 7.8693332436601615
      vertex 1.75 -0.1562833599002373 7.886326977710987
      vertex 1.75 -0.23293714059226867 7.8693332436601615
    endloop
  endfacet
  facet normal 0 0.13052619222005174 -0.9914448613738103
    outer loop
      vertex -1.75 -0.1562833599002373 7.886326977710987
      vertex 1.75 -0.07844016847289235 7.896575228282571
      vertex 1.75 -0.1562833599002373 7.886326977710987
    endloop
  endfacet
  facet normal 0 0.043619387365340656 -0.9990482215818576
    outer loop
      vertex -1.75 -0.07844016847289235 7.896575228282571
      vertex 1.75 0 7.9
      vertex 1.75 -0.07844016847289235 7.896575228282571
    endloop
  endfacet
  facet normal 0 -0.043619387365340656 0.9990482215818576
    outer loop
      vertex -1.75 0.07844016847289235 6.103424771717429
      vertex 1.75 0 6.1
      vertex 1.75 0.07844016847289235 6.103424771717429
    endloop
  endfacet
  facet normal 0 -0.13052619222005174 0.9914448613738103
    outer loop
      vertex -1.75 0.1562833599002373 6.113673022289013
      vertex 1.75 0.07844016847289235 6.103424771717429
      vertex 1.75 0.1562833599002373 6.113673022289013
    endloop
  endfacet
  facet normal 0 -0.21643961393810193 0.9762960071199335
    outer loop
      vertex -1.75 0.23293714059226867 6.1306667563398385
      vertex 1.75 0.1562833599002373 6.113673022289013
      vertex 1.75 0.23293714059226867 6.1306667563398385
    endloop
  endfacet
  facet normal 0 -0.3007057995042728 0.953716950748227
    outer loop
      vertex -1.75 0.30781812899310185 6.154276641292682
      vertex 1.75 0.23293714059226867 6.1306667563398385
      vertex 1.75 0.30781812899310185 6.154276641292682
    endloop
  endfacet
  facet normal 0 -0.38268343236509067 0.9238795325112864
    outer loop
      vertex -1.75 0.3803564355666295 6.184322991667015
      vertex 1.75 0.30781812899310185 6.154276641292682
      vertex 1.75 0.3803564355666295 6.184322991667015
    endloop
  endfacet
  facet normal 0 -0.46174861323503186 0.8870108331782227
    outer loop
      vertex -1.75 0.45 6.220577136594005
      vertex 1.75 0.3803564355666295 6.184322991667015
      vertex 1.75 0.45 6.220577136594005
    endloop
  endfacet
  facet normal 0 -0.5372996083468237 0.8433914458128856
    outer loop
      vertex -1.75 0.5162187927159415 6.262763160139907
      vertex 1.75 0.45 6.220577136594005
      vertex 1.75 0.5162187927159415 6.262763160139907
    endloop
  endfacet
  facet normal 0 -0.6087614290087259 0.7933533402912312
    outer loop
      vertex -1.75 0.5785088487178853 6.31056000119292
      vertex 1.75 0.5162187927159415 6.262763160139907
      vertex 1.75 0.5785088487178853 6.31056000119292
    endloop
  endfacet
  facet normal 0 -0.675590207615653 0.7372773368101305
    outer loop
      vertex -1.75 0.6363961030678928 6.363603896932107
      vertex 1.75 0.5785088487178853 6.31056000119292
      vertex 1.75 0.6363961030678928 6.363603896932107
    endloop
  endfacet
  facet normal 0 -0.737277336810127 0.675590207615657
    outer loop
      vertex -1.75 0.6894399988070802 6.4214911512821145
      vertex 1.75 0.6363961030678928 6.363603896932107
      vertex 1.75 0.6894399988070802 6.4214911512821145
    endloop
  endfacet
  facet normal 0 -0.7933533402912372 0.608761429008718
    outer loop
      vertex -1.75 0.7372368398600926 6.483781207284059
      vertex 1.75 0.6894399988070802 6.4214911512821145
      vertex 1.75 0.7372368398600926 6.483781207284059
    endloop
  endfacet
  facet normal 0 -0.8433914458128838 0.5372996083468267
    outer loop
      vertex -1.75 0.7794228634059948 6.55
      vertex 1.75 0.7372368398600926 6.483781207284059
      vertex 1.75 0.7794228634059948 6.55
    endloop
  endfacet
  facet normal 0 -0.8870108331782214 0.4617486132350347
    outer loop
      vertex -1.75 0.815677008332985 6.61964356443337
      vertex 1.75 0.7794228634059948 6.55
      vertex 1.75 0.815677008332985 6.61964356443337
    endloop
  endfacet
  facet normal 0 -0.9238795325112872 0.38268343236508867
    outer loop
      vertex -1.75 0.8457233587073176 6.692181871006898
      vertex 1.75 0.815677008332985 6.61964356443337
      vertex 1.75 0.8457233587073176 6.692181871006898
    endloop
  endfacet
  facet normal 0 -0.9537169507482274 0.3007057995042718
    outer loop
      vertex -1.75 0.8693332436601615 6.767062859407732
      vertex 1.75 0.8457233587073176 6.692181871006898
      vertex 1.75 0.8693332436601615 6.767062859407732
    endloop
  endfacet
  facet normal 0 -0.3007057995042728 -0.953716950748227
    outer loop
      vertex -1.75 0.23293714059226867 7.8693332436601615
      vertex 1.75 0.30781812899310185 7.845723358707318
      vertex 1.75 0.23293714059226867 7.8693332436601615
    endloop
  endfacet
  facet normal 0 -0.38268343236509067 -0.9238795325112864
    outer loop
      vertex -1.75 0.30781812899310185 7.845723358707318
      vertex 1.75 0.3803564355666295 7.815677008332985
      vertex 1.75 0.30781812899310185 7.845723358707318
    endloop
  endfacet
  facet normal 0 -0.7933533402912372 -0.608761429008718
    outer loop
      vertex -1.75 0.6894399988070802 7.5785088487178855
      vertex 1.75 0.7372368398600926 7.516218792715941
      vertex 1.75 0.6894399988070802 7.5785088487178855
    endloop
  endfacet
  facet normal 0 -0.6087614290087259 -0.7933533402912312
    outer loop
      vertex -1.75 0.5162187927159415 7.737236839860093
      vertex 1.75 0.5785088487178853 7.68943999880708
      vertex 1.75 0.5162187927159415 7.737236839860093
    endloop
  endfacet
  facet normal 0 -0.46174861323503186 -0.8870108331782227
    outer loop
      vertex -1.75 0.3803564355666295 7.815677008332985
      vertex 1.75 0.45 7.779422863405995
      vertex 1.75 0.3803564355666295 7.815677008332985
    endloop
  endfacet
  facet normal 0 -0.5372996083468237 -0.8433914458128856
    outer loop
      vertex -1.75 0.45 7.779422863405995
      vertex 1.75 0.5162187927159415 7.737236839860093
      vertex 1.75 0.45 7.779422863405995
    endloop
  endfacet
  facet normal 0 -0.737277336810127 -0.675590207615657
    outer loop
      vertex -1.75 0.6363961030678928 7.636396103067893
      vertex 1.75 0.6894399988070802 7.5785088487178855
      vertex 1.75 0.6363961030678928 7.636396103067893
    endloop
  endfacet
  facet normal 0 -0.675590207615653 -0.7372773368101305
    outer loop
      vertex -1.75 0.5785088487178853 7.68943999880708
      vertex 1.75 0.6363961030678928 7.636396103067893
      vertex 1.75 0.5785088487178853 7.68943999880708
    endloop
  endfacet
  facet normal 0 -0.9762960071199335 0.21643961393810202
    outer loop
      vertex -1.75 0.8863269777109872 6.843716640099763
      vertex 1.75 0.8693332436601615 6.767062859407732
      vertex 1.75 0.8863269777109872 6.843716640099763
    endloop
  endfacet
  facet normal 0 -0.9914448613738103 0.1305261922200521
    outer loop
      vertex -1.75 0.896575228282571 6.921559831527108
      vertex 1.75 0.8863269777109872 6.843716640099763
      vertex 1.75 0.896575228282571 6.921559831527108
    endloop
  endfacet
  facet normal 0 -0.9990482215818578 0.043619387365336534
    outer loop
      vertex -1.75 0.9 7
      vertex 1.75 0.896575228282571 6.921559831527108
      vertex 1.75 0.9 7
    endloop
  endfacet
  facet normal 0 -0.9990482215818578 -0.043619387365336534
    outer loop
      vertex -1.75 0.896575228282571 7.078440168472892
      vertex 1.75 0.9 7
      vertex 1.75 0.896575228282571 7.078440168472892
    endloop
  endfacet
  facet normal 0 -0.9914448613738103 -0.1305261922200521
    outer loop
      vertex -1.75 0.8863269777109872 7.156283359900237
      vertex 1.75 0.896575228282571 7.078440168472892
      vertex 1.75 0.8863269777109872 7.156283359900237
    endloop
  endfacet
  facet normal 0 -0.9762960071199335 -0.21643961393810202
    outer loop
      vertex -1.75 0.8693332436601615 7.232937140592268
      vertex 1.75 0.8863269777109872 7.156283359900237
      vertex 1.75 0.8693332436601615 7.232937140592268
    endloop
  endfacet
  facet normal 0 -0.9537169507482274 -0.3007057995042718
    outer loop
      vertex -1.75 0.8457233587073176 7.307818128993102
      vertex 1.75 0.8693332436601615 7.232937140592268
      vertex 1.75 0.8457233587073176 7.307818128993102
    endloop
  endfacet
  facet normal 0 -0.9238795325112872 -0.38268343236508867
    outer loop
      vertex -1.75 0.815677008332985 7.38035643556663
      vertex 1.75 0.8457233587073176 7.307818128993102
      vertex 1.75 0.815677008332985 7.38035643556663
    endloop
  endfacet
  facet normal 0 -0.8870108331782214 -0.4617486132350347
    outer loop
      vertex -1.75 0.7794228634059948 7.45
      vertex 1.75 0.815677008332985 7.38035643556663
      vertex 1.75 0.7794228634059948 7.45
    endloop
  endfacet
  facet normal 0 -0.8433914458128838 -0.5372996083468267
    outer loop
      vertex -1.75 0.7372368398600926 7.516218792715941
      vertex 1.75 0.7794228634059948 7.45
      vertex 1.75 0.7372368398600926 7.516218792715941
    endloop
  endfacet
  facet normal 0 -0.043619387365340656 -0.9990482215818576
    outer loop
      vertex -1.75 0 7.9
      vertex 1.75 0.07844016847289235 7.896575228282571
      vertex 1.75 0 7.9
    endloop
  endfacet
  facet normal 0 -0.13052619222005174 -0.9914448613738103
    outer loop
      vertex -1.75 0.07844016847289235 7.896575228282571
      vertex 1.75 0.1562833599002373 7.886326977710987
      vertex 1.75 0.07844016847289235 7.896575228282571
    endloop
  endfacet
  facet normal 0 -0.21643961393810193 -0.9762960071199335
    outer loop
      vertex -1.75 0.1562833599002373 7.886326977710987
      vertex 1.75 0.23293714059226867 7.8693332436601615
      vertex 1.75 0.1562833599002373 7.886326977710987
    endloop
  endfacet
  facet normal 0 1 0
    outer loop
      vertex -8 -4.5 0
      vertex -8 -4.5 0.59
      vertex 8 -4.5 0.59
    endloop
  endfacet
  facet normal 0 0 -1
    outer loop
      vertex -8 -3.5 0.59
      vertex 8 -3.5 0.59
      vertex -8 -4.5 0.59
    endloop
  endfacet
  facet normal 0 -1 0
    outer loop
      vertex -8 -3.5 0
      vertex 8 -3.5 0
      vertex -8 -3.5 0.59
    endloop
  endfacet
  facet normal 0 1 0
    outer loop
      vertex 8 -4.5 0
      vertex -8 -4.5 0
      vertex 8 -4.5 0.59
    endloop
  endfacet
  facet normal 0 0 -1
    outer loop
      vertex -8 -4.5 0.59
      vertex 8 -3.5 0.59
      vertex 8 -4.5 0.59
    endloop
  endfacet
  facet normal 0 -1 0
    outer loop
      vertex -8 -3.5 0.59
      vertex 8 -3.5 0
      vertex 8 -3.5 0.59
    endloop
  endfacet
  facet normal 0 1 0
    outer loop
      vertex -8 -0.5 0
      vertex -8 -0.5 0.59
      vertex 8 -0.5 0.59
    endloop
  endfacet
  facet normal 0 -1 0
    outer loop
      vertex -8 0.5 0
      vertex 8 0.5 0
      vertex -8 0.5 0.59
    endloop
  endfacet
  facet normal 0 0 -1
    outer loop
      vertex -8 0.5 0.59
      vertex 8 0.5 0.59
      vertex -8 -0.5 0.59
    endloop
  endfacet
  facet normal 0 1 0
    outer loop
      vertex 8 -0.5 0
      vertex -8 -0.5 0
      vertex 8 -0.5 0.59
    endloop
  endfacet
  facet normal 0 0 -1
    outer loop
      vertex -8 -0.5 0.59
      vertex 8 0.5 0.59
      vertex 8 -0.5 0.59
    endloop
  endfacet
  facet normal 0 -1 0
    outer loop
      vertex -8 0.5 0.59
      vertex 8 0.5 0
      vertex 8 0.5 0.59
    endloop
  endfacet
  facet normal 0 1 0
    outer loop
      vertex -8 3.5 0
      vertex -8 3.5 0.59
      vertex 8 3.5 0.59
    endloop
  endfacet
  facet normal 0 0 -1
    outer loop
      vertex -8 4.5 0.59
      vertex 8 4.5 0.59
      vertex -8 3.5 0.59
    endloop
  endfacet
  facet normal 0 -1 0
    outer loop
      vertex -8 4.5 0
      vertex 8 4.5 0
      vertex -8 4.5 0.59
    endloop
  endfacet
  facet normal 0 1 0
    outer loop
      vertex 8 3.5 0
      vertex -8 3.5 0
      vertex 8 3.5 0.59
    endloop
  endfacet
  facet normal 0 0 -1
    outer loop
      vertex -8 3.5 0.59
      vertex 8 4.5 0.59
      vertex 8 3.5 0.59
    endloop
  endfacet
  facet normal 0 -1 0
    outer loop
      vertex 8 4.5 0
      vertex 8 4.5 0.59
      vertex -8 4.5 0.59
    endloop
  endfacet
endsolid OpenSCAD_Model
