solid OpenSCAD_Model
  facet normal -0.8433914458128853 -0.5372996083468244 4.1260485882410737e-19
    outer loop
      vertex -4.914912265733951 -3.4414586181062763 0
      vertex -5.196152422706632 -3 10.5
      vertex -5.196152422706632 -3 0
    endloop
  endfacet
  facet normal -0.7933533402912353 -0.6087614290087204 -1.765519914500736e-18
    outer loop
      vertex -4.596266658713868 -3.8567256581192355 0
      vertex -4.914912265733951 -3.4414586181062763 10.5
      vertex -4.914912265733951 -3.4414586181062763 0
    endloop
  endfacet
  facet normal -0.6087614290087204 -0.7933533402912353 -1.765519914500736e-18
    outer loop
      vertex -3.8567256581192355 -4.596266658713868 0
      vertex -3.4414586181062763 -4.914912265733951 0
      vertex -3.4414586181062763 -4.914912265733951 10.5
    endloop
  endfacet
  facet normal -0.5372996083468244 -0.8433914458128853 4.1260485882410737e-19
    outer loop
      vertex -3.4414586181062763 -4.914912265733951 0
      vertex -3 -5.196152422706632 0
      vertex -3 -5.196152422706632 10.5
    endloop
  endfacet
  facet normal -0.7372773368101252 -0.6755902076156589 0
    outer loop
      vertex -4.596266658713868 -3.8567256581192355 0
      vertex -4.242640687119286 -4.242640687119286 0
      vertex -4.596266658713868 -3.8567256581192355 10.5
    endloop
  endfacet
  facet normal -0.6755902076156589 -0.7372773368101252 0
    outer loop
      vertex -3.8567256581192355 -4.596266658713868 0
      vertex -3.8567256581192355 -4.596266658713868 10.5
      vertex -4.242640687119286 -4.242640687119286 0
    endloop
  endfacet
  facet normal 0 0 -1
    outer loop
      vertex -5.437846722219899 -2.5357095704441965 0
      vertex -5.196152422706632 3 0
      vertex -5.196152422706632 -3 0
    endloop
  endfacet
  facet normal 0 0 -1
    outer loop
      vertex -5.638155724715451 -2.0521208599540124 0
      vertex -5.79555495773441 -1.5529142706151244 0
      vertex -5.638155724715451 2.0521208599540124 0
    endloop
  endfacet
  facet normal 0 0 -1
    outer loop
      vertex -5.79555495773441 -1.5529142706151244 0
      vertex -5.908846518073248 -1.041889066001582 0
      vertex -5.79555495773441 1.5529142706151244 0
    endloop
  endfacet
  facet normal 0 0 -1
    outer loop
      vertex -5.908846518073248 -1.041889066001582 0
      vertex -5.977168188550474 -0.522934456485949 0
      vertex -5.908846518073248 1.041889066001582 0
    endloop
  endfacet
  facet normal 0 0 -1
    outer loop
      vertex -5.437846722219899 -2.5357095704441965 0
      vertex -5.638155724715451 -2.0521208599540124 0
      vertex -5.437846722219899 2.5357095704441965 0
    endloop
  endfacet
  facet normal 0 0 -1
    outer loop
      vertex -4.914912265733951 -3.4414586181062763 0
      vertex -5.196152422706632 -3 0
      vertex -4.914912265733951 3.4414586181062763 0
    endloop
  endfacet
  facet normal 0 0 -1
    outer loop
      vertex -4.596266658713868 -3.8567256581192355 0
      vertex -4.914912265733951 -3.4414586181062763 0
      vertex -4.596266658713868 3.8567256581192355 0
    endloop
  endfacet
  facet normal 0 0 -1
    outer loop
      vertex -3.8567256581192355 -4.596266658713868 0
      vertex -3.4414586181062763 4.914912265733951 0
      vertex -3.4414586181062763 -4.914912265733951 0
    endloop
  endfacet
  facet normal 0 0 -1
    outer loop
      vertex -3.4414586181062763 -4.914912265733951 0
      vertex -3 5.196152422706632 0
      vertex -3 -5.196152422706632 0
    endloop
  endfacet
  facet normal 0 0 -1
    outer loop
      vertex -4.596266658713868 -3.8567256581192355 0
      vertex -4.242640687119286 4.242640687119286 0
      vertex -4.242640687119286 -4.242640687119286 0
    endloop
  endfacet
  facet normal 0 0 -1
    outer loop
      vertex -3.8567256581192355 -4.596266658713868 0
      vertex -4.242640687119286 -4.242640687119286 0
      vertex -3.8567256581192355 4.596266658713868 0
    endloop
  endfacet
  facet normal -0.8870108331782222 -0.46174861323503313 0
    outer loop
      vertex -5.437846722219899 -2.5357095704441965 0
      vertex -5.196152422706632 -3 0
      vertex -5.437846722219899 -2.5357095704441965 10.5
    endloop
  endfacet
  facet normal -0.9537169507482268 -0.30070579950427323 7.909107867702888e-19
    outer loop
      vertex -5.638155724715451 -2.0521208599540124 0
      vertex -5.79555495773441 -1.5529142706151244 10.5
      vertex -5.79555495773441 -1.5529142706151244 0
    endloop
  endfacet
  facet normal -0.9238795325112864 -0.38268343236509084 -7.771034136812584e-19
    outer loop
      vertex -5.437846722219899 -2.5357095704441965 0
      vertex -5.638155724715451 -2.0521208599540124 10.5
      vertex -5.638155724715451 -2.0521208599540124 0
    endloop
  endfacet
  facet normal -0.9762960071199337 -0.21643961393810138 4.0728206285023733e-19
    outer loop
      vertex -5.79555495773441 -1.5529142706151244 0
      vertex -5.908846518073248 -1.041889066001582 10.5
      vertex -5.908846518073248 -1.041889066001582 0
    endloop
  endfacet
  facet normal -0.9914448613738102 -0.13052619222005343 -1.9092848221113187e-19
    outer loop
      vertex -5.908846518073248 -1.041889066001582 0
      vertex -5.977168188550474 -0.522934456485949 10.5
      vertex -5.977168188550474 -0.522934456485949 0
    endloop
  endfacet
  facet normal -0.9990482215818578 -0.043619387365335 -5.223636835165513e-20
    outer loop
      vertex -5.977168188550474 -0.522934456485949 0
      vertex -6 0 10.5
      vertex -6 0 0
    endloop
  endfacet
  facet normal 0 0 -1
    outer loop
      vertex -2.0521208599540124 -5.638155724715451 0
      vertex -1.375 -2.381569860407206 0
      vertex -1.5529142706151244 -5.79555495773441 0
    endloop
  endfacet
  facet normal 0 0 -1
    outer loop
      vertex -2.5357095704441965 -5.437846722219899 0
      vertex -3 -5.196152422706632 0
      vertex -2.4923464143507874 -1.1622002197869234 0
    endloop
  endfacet
  facet normal 0 0 -1
    outer loop
      vertex -2.5357095704441965 -5.437846722219899 0
      vertex -1.9445436482630059 -1.9445436482630059 0
      vertex -2.0521208599540124 -5.638155724715451 0
    endloop
  endfacet
  facet normal 0 0 -1
    outer loop
      vertex -2.5357095704441965 -5.437846722219899 0
      vertex -2.1066222185771895 -1.7676659266379828 0
      vertex -1.9445436482630059 -1.9445436482630059 0
    endloop
  endfacet
  facet normal 0 0 -1
    outer loop
      vertex -2.0521208599540124 -5.638155724715451 0
      vertex -1.9445436482630059 -1.9445436482630059 0
      vertex -1.7676659266379828 -2.1066222185771895 0
    endloop
  endfacet
  facet normal 0 0 -1
    outer loop
      vertex -2.0521208599540124 -5.638155724715451 0
      vertex -1.5773351999653766 -2.2526681217947275 0
      vertex -1.375 -2.381569860407206 0
    endloop
  endfacet
  facet normal 0 0 -1
    outer loop
      vertex -2.0521208599540124 -5.638155724715451 0
      vertex -1.7676659266379828 -2.1066222185771895 0
      vertex -1.5773351999653766 -2.2526681217947275 0
    endloop
  endfacet
  facet normal 0 0 -1
    outer loop
      vertex -1.5529142706151244 -5.79555495773441 0
      vertex -0.940555394145589 -2.584154707161248 0
      vertex -1.041889066001582 -5.908846518073248 0
    endloop
  endfacet
  facet normal 0 0 -1
    outer loop
      vertex -1.041889066001582 -5.908846518073248 0
      vertex -0.4775324885840584 -2.708221320783572 0
      vertex -0.522934456485949 -5.977168188550474 0
    endloop
  endfacet
  facet normal 0 0 -1
    outer loop
      vertex -0.522934456485949 -5.977168188550474 0
      vertex -0.23967829255605996 -2.7395354197523 0
      vertex 0 -6 0
    endloop
  endfacet
  facet normal 0 0 -1
    outer loop
      vertex -1.5529142706151244 -5.79555495773441 0
      vertex -1.375 -2.381569860407206 0
      vertex -1.1622002197869234 -2.4923464143507874 0
    endloop
  endfacet
  facet normal 0 0 -1
    outer loop
      vertex -1.5529142706151244 -5.79555495773441 0
      vertex -1.1622002197869234 -2.4923464143507874 0
      vertex -0.940555394145589 -2.584154707161248 0
    endloop
  endfacet
  facet normal 0 0 -1
    outer loop
      vertex -1.041889066001582 -5.908846518073248 0
      vertex -0.940555394145589 -2.584154707161248 0
      vertex -0.711752374031932 -2.6562960222949377 0
    endloop
  endfacet
  facet normal 0 0 -1
    outer loop
      vertex -1.041889066001582 -5.908846518073248 0
      vertex -0.711752374031932 -2.6562960222949377 0
      vertex -0.4775324885840584 -2.708221320783572 0
    endloop
  endfacet
  facet normal 0 0 -1
    outer loop
      vertex -0.522934456485949 -5.977168188550474 0
      vertex -0.4775324885840584 -2.708221320783572 0
      vertex -0.23967829255605996 -2.7395354197523 0
    endloop
  endfacet
  facet normal 0 0 -1
    outer loop
      vertex 0 -6 0
      vertex -0.23967829255605996 -2.7395354197523 0
      vertex 0 -2.75 0
    endloop
  endfacet
  facet normal -0.46174861323503313 -0.8870108331782222 0
    outer loop
      vertex -2.5357095704441965 -5.437846722219899 0
      vertex -2.5357095704441965 -5.437846722219899 10.5
      vertex -3 -5.196152422706632 0
    endloop
  endfacet
  facet normal -0.38268343236509084 -0.9238795325112864 -7.771034136812584e-19
    outer loop
      vertex -2.5357095704441965 -5.437846722219899 0
      vertex -2.0521208599540124 -5.638155724715451 0
      vertex -2.0521208599540124 -5.638155724715451 10.5
    endloop
  endfacet
  facet normal -0.30070579950427323 -0.9537169507482268 7.909107867702888e-19
    outer loop
      vertex -2.0521208599540124 -5.638155724715451 0
      vertex -1.5529142706151244 -5.79555495773441 0
      vertex -1.5529142706151244 -5.79555495773441 10.5
    endloop
  endfacet
  facet normal -0.21643961393810138 -0.9762960071199337 4.0728206285023733e-19
    outer loop
      vertex -1.5529142706151244 -5.79555495773441 0
      vertex -1.041889066001582 -5.908846518073248 0
      vertex -1.041889066001582 -5.908846518073248 10.5
    endloop
  endfacet
  facet normal -0.13052619222005343 -0.9914448613738102 -1.9092848221113187e-19
    outer loop
      vertex -1.041889066001582 -5.908846518073248 0
      vertex -0.522934456485949 -5.977168188550474 0
      vertex -0.522934456485949 -5.977168188550474 10.5
    endloop
  endfacet
  facet normal -0.043619387365335 -0.9990482215818578 -5.223636835165513e-20
    outer loop
      vertex -0.522934456485949 -5.977168188550474 0
      vertex 0 -6 0
      vertex 0 -6 10.5
    endloop
  endfacet
  facet normal 0 0 -1
    outer loop
      vertex -3 -5.196152422706632 0
      vertex -2.6562960222949377 -0.711752374031932 0
      vertex -2.584154707161248 -0.940555394145589 0
    endloop
  endfacet
  facet normal 0 0 -1
    outer loop
      vertex -3 -5.196152422706632 0
      vertex -2.584154707161248 -0.940555394145589 0
      vertex -2.4923464143507874 -1.1622002197869234 0
    endloop
  endfacet
  facet normal 0 0 -1
    outer loop
      vertex -2.5357095704441965 -5.437846722219899 0
      vertex -2.4923464143507874 -1.1622002197869234 0
      vertex -2.381569860407206 -1.375 0
    endloop
  endfacet
  facet normal 0 0 -1
    outer loop
      vertex -2.5357095704441965 -5.437846722219899 0
      vertex -2.2526681217947275 -1.5773351999653766 0
      vertex -2.1066222185771895 -1.7676659266379828 0
    endloop
  endfacet
  facet normal 0 0 -1
    outer loop
      vertex -2.5357095704441965 -5.437846722219899 0
      vertex -2.381569860407206 -1.375 0
      vertex -2.2526681217947275 -1.5773351999653766 0
    endloop
  endfacet
  facet normal 0 0 -1
    outer loop
      vertex -3 -5.196152422706632 0
      vertex -2.7395354197523 -0.23967829255605996 0
      vertex -2.708221320783572 -0.4775324885840584 0
    endloop
  endfacet
  facet normal 0 0 -1
    outer loop
      vertex -3 -5.196152422706632 0
      vertex -2.708221320783572 -0.4775324885840584 0
      vertex -2.6562960222949377 -0.711752374031932 0
    endloop
  endfacet
  facet normal 0 0 -1
    outer loop
      vertex -3 -5.196152422706632 0
      vertex -2.75 0 0
      vertex -2.7395354197523 -0.23967829255605996 0
    endloop
  endfacet
  facet normal -0.8433914458128853 -0.5372996083468244 0
    outer loop
      vertex -4.914912265733951 -3.4414586181062763 0
      vertex -4.914912265733951 -3.4414586181062763 10.5
      vertex -5.196152422706632 -3 10.5
    endloop
  endfacet
  facet normal -0.7933533402912353 -0.6087614290087204 0
    outer loop
      vertex -4.596266658713868 -3.8567256581192355 0
      vertex -4.596266658713868 -3.8567256581192355 10.5
      vertex -4.914912265733951 -3.4414586181062763 10.5
    endloop
  endfacet
  facet normal -0.6087614290087204 -0.7933533402912353 0
    outer loop
      vertex -3.8567256581192355 -4.596266658713868 0
      vertex -3.4414586181062763 -4.914912265733951 10.5
      vertex -3.8567256581192355 -4.596266658713868 10.5
    endloop
  endfacet
  facet normal -0.5372996083468244 -0.8433914458128853 0
    outer loop
      vertex -3.4414586181062763 -4.914912265733951 0
      vertex -3 -5.196152422706632 10.5
      vertex -3.4414586181062763 -4.914912265733951 10.5
    endloop
  endfacet
  facet normal -0.7372773368101252 -0.6755902076156589 0
    outer loop
      vertex -4.242640687119286 -4.242640687119286 0
      vertex -4.242640687119286 -4.242640687119286 10.5
      vertex -4.596266658713868 -3.8567256581192355 10.5
    endloop
  endfacet
  facet normal -0.6755902076156589 -0.7372773368101252 0
    outer loop
      vertex -4.242640687119286 -4.242640687119286 0
      vertex -3.8567256581192355 -4.596266658713868 10.5
      vertex -4.242640687119286 -4.242640687119286 10.5
    endloop
  endfacet
  facet normal -0.8870108331782222 -0.46174861323503313 0
    outer loop
      vertex -5.196152422706632 -3 0
      vertex -5.196152422706632 -3 10.5
      vertex -5.437846722219899 -2.5357095704441965 10.5
    endloop
  endfacet
  facet normal -0.9238795325112864 -0.38268343236509084 0
    outer loop
      vertex -5.437846722219899 -2.5357095704441965 0
      vertex -5.437846722219899 -2.5357095704441965 10.5
      vertex -5.638155724715451 -2.0521208599540124 10.5
    endloop
  endfacet
  facet normal -0.9537169507482268 -0.30070579950427323 0
    outer loop
      vertex -5.638155724715451 -2.0521208599540124 0
      vertex -5.638155724715451 -2.0521208599540124 10.5
      vertex -5.79555495773441 -1.5529142706151244 10.5
    endloop
  endfacet
  facet normal -0.9762960071199337 -0.21643961393810138 0
    outer loop
      vertex -5.79555495773441 -1.5529142706151244 0
      vertex -5.79555495773441 -1.5529142706151244 10.5
      vertex -5.908846518073248 -1.041889066001582 10.5
    endloop
  endfacet
  facet normal -0.9914448613738102 -0.13052619222005343 0
    outer loop
      vertex -5.908846518073248 -1.041889066001582 0
      vertex -5.908846518073248 -1.041889066001582 10.5
      vertex -5.977168188550474 -0.522934456485949 10.5
    endloop
  endfacet
  facet normal -0.9990482215818578 -0.043619387365335 0
    outer loop
      vertex -5.977168188550474 -0.522934456485949 0
      vertex -5.977168188550474 -0.522934456485949 10.5
      vertex -6 0 10.5
    endloop
  endfacet
  facet normal 0 0 1
    outer loop
      vertex -5.437846722219899 -2.5357095704441965 10.5
      vertex -5.638155724715451 2.0521208599540124 10.5
      vertex -5.638155724715451 -2.0521208599540124 10.5
    endloop
  endfacet
  facet normal 0 0 1
    outer loop
      vertex -5.437846722219899 -2.5357095704441965 10.5
      vertex -5.196152422706632 -3 10.5
      vertex -5.437846722219899 2.5357095704441965 10.5
    endloop
  endfacet
  facet normal 0 0 1
    outer loop
      vertex -5.79555495773441 -1.5529142706151244 10.5
      vertex -5.908846518073248 1.041889066001582 10.5
      vertex -5.908846518073248 -1.041889066001582 10.5
    endloop
  endfacet
  facet normal 0 0 1
    outer loop
      vertex -5.638155724715451 -2.0521208599540124 10.5
      vertex -5.79555495773441 1.5529142706151244 10.5
      vertex -5.79555495773441 -1.5529142706151244 10.5
    endloop
  endfacet
  facet normal 0 0 1
    outer loop
      vertex -5.908846518073248 -1.041889066001582 10.5
      vertex -5.977168188550474 0.522934456485949 10.5
      vertex -5.977168188550474 -0.522934456485949 10.5
    endloop
  endfacet
  facet normal 0 0 1
    outer loop
      vertex -4.914912265733951 -3.4414586181062763 10.5
      vertex -5.196152422706632 3 10.5
      vertex -5.196152422706632 -3 10.5
    endloop
  endfacet
  facet normal 0 0 1
    outer loop
      vertex -4.596266658713868 -3.8567256581192355 10.5
      vertex -4.914912265733951 3.4414586181062763 10.5
      vertex -4.914912265733951 -3.4414586181062763 10.5
    endloop
  endfacet
  facet normal 0 0 1
    outer loop
      vertex -3.8567256581192355 -4.596266658713868 10.5
      vertex -4.242640687119286 4.242640687119286 10.5
      vertex -4.242640687119286 -4.242640687119286 10.5
    endloop
  endfacet
  facet normal 0 0 1
    outer loop
      vertex -3.8567256581192355 -4.596266658713868 10.5
      vertex -3.4414586181062763 -4.914912265733951 10.5
      vertex -3.8567256581192355 4.596266658713868 10.5
    endloop
  endfacet
  facet normal 0 0 1
    outer loop
      vertex -3.4414586181062763 -4.914912265733951 10.5
      vertex -3 -5.196152422706632 10.5
      vertex -3.4414586181062763 4.914912265733951 10.5
    endloop
  endfacet
  facet normal 0 0 1
    outer loop
      vertex -4.596266658713868 -3.8567256581192355 10.5
      vertex -4.242640687119286 -4.242640687119286 10.5
      vertex -4.596266658713868 3.8567256581192355 10.5
    endloop
  endfacet
  facet normal -0.46174861323503313 -0.8870108331782222 0
    outer loop
      vertex -3 -5.196152422706632 0
      vertex -2.5357095704441965 -5.437846722219899 10.5
      vertex -3 -5.196152422706632 10.5
    endloop
  endfacet
  facet normal -0.38268343236509084 -0.9238795325112864 0
    outer loop
      vertex -2.5357095704441965 -5.437846722219899 0
      vertex -2.0521208599540124 -5.638155724715451 10.5
      vertex -2.5357095704441965 -5.437846722219899 10.5
    endloop
  endfacet
  facet normal -0.30070579950427323 -0.9537169507482268 0
    outer loop
      vertex -2.0521208599540124 -5.638155724715451 0
      vertex -1.5529142706151244 -5.79555495773441 10.5
      vertex -2.0521208599540124 -5.638155724715451 10.5
    endloop
  endfacet
  facet normal -0.21643961393810138 -0.9762960071199337 0
    outer loop
      vertex -1.5529142706151244 -5.79555495773441 0
      vertex -1.041889066001582 -5.908846518073248 10.5
      vertex -1.5529142706151244 -5.79555495773441 10.5
    endloop
  endfacet
  facet normal -0.13052619222005343 -0.9914448613738102 0
    outer loop
      vertex -1.041889066001582 -5.908846518073248 0
      vertex -0.522934456485949 -5.977168188550474 10.5
      vertex -1.041889066001582 -5.908846518073248 10.5
    endloop
  endfacet
  facet normal -0.043619387365335 -0.9990482215818578 0
    outer loop
      vertex -0.522934456485949 -5.977168188550474 0
      vertex 0 -6 10.5
      vertex -0.522934456485949 -5.977168188550474 10.5
    endloop
  endfacet
  facet normal 0 0 1
    outer loop
      vertex -2.0521208599540124 -5.638155724715451 10.5
      vertex -1.5529142706151244 -5.79555495773441 10.5
      vertex -1.7676659266379828 -2.1066222185771895 10.5
    endloop
  endfacet
  facet normal 0 0 1
    outer loop
      vertex -2.5357095704441965 -5.437846722219899 10.5
      vertex -2.0521208599540124 -5.638155724715451 10.5
      vertex -2.2526681217947275 -1.5773351999653766 10.5
    endloop
  endfacet
  facet normal 0 0 1
    outer loop
      vertex -2.0521208599540124 -5.638155724715451 10.5
      vertex -1.7676659266379828 -2.1066222185771895 10.5
      vertex -1.9445436482630059 -1.9445436482630059 10.5
    endloop
  endfacet
  facet normal 0 0 1
    outer loop
      vertex -2.0521208599540124 -5.638155724715451 10.5
      vertex -1.9445436482630059 -1.9445436482630059 10.5
      vertex -2.1066222185771895 -1.7676659266379828 10.5
    endloop
  endfacet
  facet normal 0 0 1
    outer loop
      vertex -1.5529142706151244 -5.79555495773441 10.5
      vertex -1.5773351999653766 -2.2526681217947275 10.5
      vertex -1.7676659266379828 -2.1066222185771895 10.5
    endloop
  endfacet
  facet normal 0 0 1
    outer loop
      vertex -1.5529142706151244 -5.79555495773441 10.5
      vertex -1.375 -2.381569860407206 10.5
      vertex -1.5773351999653766 -2.2526681217947275 10.5
    endloop
  endfacet
  facet normal 0 0 1
    outer loop
      vertex -1.5529142706151244 -5.79555495773441 10.5
      vertex -1.041889066001582 -5.908846518073248 10.5
      vertex -1.375 -2.381569860407206 10.5
    endloop
  endfacet
  facet normal 0 0 1
    outer loop
      vertex -1.041889066001582 -5.908846518073248 10.5
      vertex -0.522934456485949 -5.977168188550474 10.5
      vertex -0.711752374031932 -2.6562960222949377 10.5
    endloop
  endfacet
  facet normal 0 0 1
    outer loop
      vertex -0.522934456485949 -5.977168188550474 10.5
      vertex 0 -6 10.5
      vertex -0.23967829255605996 -2.7395354197523 10.5
    endloop
  endfacet
  facet normal 0 0 1
    outer loop
      vertex -1.041889066001582 -5.908846518073248 10.5
      vertex -1.1622002197869234 -2.4923464143507874 10.5
      vertex -1.375 -2.381569860407206 10.5
    endloop
  endfacet
  facet normal 0 0 1
    outer loop
      vertex -1.041889066001582 -5.908846518073248 10.5
      vertex -0.940555394145589 -2.584154707161248 10.5
      vertex -1.1622002197869234 -2.4923464143507874 10.5
    endloop
  endfacet
  facet normal 0 0 1
    outer loop
      vertex -1.041889066001582 -5.908846518073248 10.5
      vertex -0.711752374031932 -2.6562960222949377 10.5
      vertex -0.940555394145589 -2.584154707161248 10.5
    endloop
  endfacet
  facet normal 0 0 1
    outer loop
      vertex -0.522934456485949 -5.977168188550474 10.5
      vertex -0.4775324885840584 -2.708221320783572 10.5
      vertex -0.711752374031932 -2.6562960222949377 10.5
    endloop
  endfacet
  facet normal 0 0 1
    outer loop
      vertex -0.522934456485949 -5.977168188550474 10.5
      vertex -0.23967829255605996 -2.7395354197523 10.5
      vertex -0.4775324885840584 -2.708221320783572 10.5
    endloop
  endfacet
  facet normal 0 0 1
    outer loop
      vertex 0 -6 10.5
      vertex 0 -2.75 10.5
      vertex -0.23967829255605996 -2.7395354197523 10.5
    endloop
  endfacet
  facet normal 0 0 1
    outer loop
      vertex -2.5357095704441965 -5.437846722219899 10.5
      vertex -2.381569860407206 -1.375 10.5
      vertex -2.4923464143507874 -1.1622002197869234 10.5
    endloop
  endfacet
  facet normal 0 0 1
    outer loop
      vertex -2.5357095704441965 -5.437846722219899 10.5
      vertex -2.2526681217947275 -1.5773351999653766 10.5
      vertex -2.381569860407206 -1.375 10.5
    endloop
  endfacet
  facet normal 0 0 1
    outer loop
      vertex -2.5357095704441965 -5.437846722219899 10.5
      vertex -2.4923464143507874 -1.1622002197869234 10.5
      vertex -2.584154707161248 -0.940555394145589 10.5
    endloop
  endfacet
  facet normal 0 0 1
    outer loop
      vertex -2.5357095704441965 -5.437846722219899 10.5
      vertex -2.584154707161248 -0.940555394145589 10.5
      vertex -2.6562960222949377 -0.711752374031932 10.5
    endloop
  endfacet
  facet normal 0 0 1
    outer loop
      vertex -2.5357095704441965 -5.437846722219899 10.5
      vertex -2.6562960222949377 -0.711752374031932 10.5
      vertex -2.708221320783572 -0.4775324885840584 10.5
    endloop
  endfacet
  facet normal 0 0 1
    outer loop
      vertex -2.5357095704441965 -5.437846722219899 10.5
      vertex -2.708221320783572 -0.4775324885840584 10.5
      vertex -2.7395354197523 -0.23967829255605996 10.5
    endloop
  endfacet
  facet normal 0 0 1
    outer loop
      vertex -2.5357095704441965 -5.437846722219899 10.5
      vertex -2.7395354197523 -0.23967829255605996 10.5
      vertex -2.75 0 10.5
    endloop
  endfacet
  facet normal 0 0 1
    outer loop
      vertex -2.5357095704441965 -5.437846722219899 10.5
      vertex -3 5.196152422706632 10.5
      vertex -3 -5.196152422706632 10.5
    endloop
  endfacet
  facet normal 0 0 1
    outer loop
      vertex -2.0521208599540124 -5.638155724715451 10.5
      vertex -2.1066222185771895 -1.7676659266379828 10.5
      vertex -2.2526681217947275 -1.5773351999653766 10.5
    endloop
  endfacet
  facet normal 0 0 1
    outer loop
      vertex -2.5357095704441965 -5.437846722219899 10.5
      vertex -2.75 0 10.5
      vertex -3 5.196152422706632 10.5
    endloop
  endfacet
  facet normal 0 0 -1
    outer loop
      vertex -5.977168188550474 -0.522934456485949 0
      vertex -6 0 0
      vertex -5.977168188550474 0.522934456485949 0
    endloop
  endfacet
  facet normal 0 0 -1
    outer loop
      vertex -5.977168188550474 -0.522934456485949 0
      vertex -5.977168188550474 0.522934456485949 0
      vertex -5.908846518073248 1.041889066001582 0
    endloop
  endfacet
  facet normal 0 0 -1
    outer loop
      vertex -5.908846518073248 -1.041889066001582 0
      vertex -5.908846518073248 1.041889066001582 0
      vertex -5.79555495773441 1.5529142706151244 0
    endloop
  endfacet
  facet normal 0 0 -1
    outer loop
      vertex -5.79555495773441 -1.5529142706151244 0
      vertex -5.79555495773441 1.5529142706151244 0
      vertex -5.638155724715451 2.0521208599540124 0
    endloop
  endfacet
  facet normal 0 0 -1
    outer loop
      vertex -5.638155724715451 -2.0521208599540124 0
      vertex -5.638155724715451 2.0521208599540124 0
      vertex -5.437846722219899 2.5357095704441965 0
    endloop
  endfacet
  facet normal 0 0 -1
    outer loop
      vertex -5.437846722219899 -2.5357095704441965 0
      vertex -5.437846722219899 2.5357095704441965 0
      vertex -5.196152422706632 3 0
    endloop
  endfacet
  facet normal 0 0 -1
    outer loop
      vertex -5.196152422706632 -3 0
      vertex -5.196152422706632 3 0
      vertex -4.914912265733951 3.4414586181062763 0
    endloop
  endfacet
  facet normal 0 0 -1
    outer loop
      vertex -4.914912265733951 -3.4414586181062763 0
      vertex -4.914912265733951 3.4414586181062763 0
      vertex -4.596266658713868 3.8567256581192355 0
    endloop
  endfacet
  facet normal 0 0 -1
    outer loop
      vertex -4.596266658713868 -3.8567256581192355 0
      vertex -4.596266658713868 3.8567256581192355 0
      vertex -4.242640687119286 4.242640687119286 0
    endloop
  endfacet
  facet normal 0 0 -1
    outer loop
      vertex -4.242640687119286 -4.242640687119286 0
      vertex -4.242640687119286 4.242640687119286 0
      vertex -3.8567256581192355 4.596266658713868 0
    endloop
  endfacet
  facet normal 0 0 -1
    outer loop
      vertex -3.8567256581192355 -4.596266658713868 0
      vertex -3.8567256581192355 4.596266658713868 0
      vertex -3.4414586181062763 4.914912265733951 0
    endloop
  endfacet
  facet normal 0 0 -1
    outer loop
      vertex -3.4414586181062763 -4.914912265733951 0
      vertex -3.4414586181062763 4.914912265733951 0
      vertex -3 5.196152422706632 0
    endloop
  endfacet
  facet normal -0.9990482215818578 0.043619387365335 5.223636835165513e-20
    outer loop
      vertex -6 0 0
      vertex -5.977168188550474 0.522934456485949 10.5
      vertex -5.977168188550474 0.522934456485949 0
    endloop
  endfacet
  facet normal -0.9914448613738102 0.13052619222005343 1.9092848221113187e-19
    outer loop
      vertex -5.977168188550474 0.522934456485949 0
      vertex -5.908846518073248 1.041889066001582 10.5
      vertex -5.908846518073248 1.041889066001582 0
    endloop
  endfacet
  facet normal -0.9762960071199337 0.21643961393810138 -4.0728206285023733e-19
    outer loop
      vertex -5.908846518073248 1.041889066001582 0
      vertex -5.79555495773441 1.5529142706151244 10.5
      vertex -5.79555495773441 1.5529142706151244 0
    endloop
  endfacet
  facet normal -0.9537169507482268 0.30070579950427323 -7.909107867702888e-19
    outer loop
      vertex -5.79555495773441 1.5529142706151244 0
      vertex -5.638155724715451 2.0521208599540124 10.5
      vertex -5.638155724715451 2.0521208599540124 0
    endloop
  endfacet
  facet normal -0.9238795325112864 0.38268343236509084 7.771034136812584e-19
    outer loop
      vertex -5.638155724715451 2.0521208599540124 0
      vertex -5.437846722219899 2.5357095704441965 10.5
      vertex -5.437846722219899 2.5357095704441965 0
    endloop
  endfacet
  facet normal -0.8870108331782222 0.46174861323503313 -1.161918995383674e-18
    outer loop
      vertex -5.437846722219899 2.5357095704441965 0
      vertex -5.196152422706632 3 10.5
      vertex -5.196152422706632 3 0
    endloop
  endfacet
  facet normal -0.8433914458128853 0.5372996083468244 -4.1260485882410737e-19
    outer loop
      vertex -5.196152422706632 3 0
      vertex -4.914912265733951 3.4414586181062763 10.5
      vertex -4.914912265733951 3.4414586181062763 0
    endloop
  endfacet
  facet normal -0.7933533402912353 0.6087614290087204 1.765519914500736e-18
    outer loop
      vertex -4.914912265733951 3.4414586181062763 0
      vertex -4.596266658713868 3.8567256581192355 10.5
      vertex -4.596266658713868 3.8567256581192355 0
    endloop
  endfacet
  facet normal -0.7372773368101252 0.6755902076156589 1.5384031137150255e-18
    outer loop
      vertex -4.596266658713868 3.8567256581192355 0
      vertex -4.242640687119286 4.242640687119286 10.5
      vertex -4.242640687119286 4.242640687119286 0
    endloop
  endfacet
  facet normal -0.6755902076156589 0.7372773368101252 0
    outer loop
      vertex -4.242640687119286 4.242640687119286 0
      vertex -4.242640687119286 4.242640687119286 10.5
      vertex -3.8567256581192355 4.596266658713868 0
    endloop
  endfacet
  facet normal -0.6087614290087204 0.7933533402912353 0
    outer loop
      vertex -3.8567256581192355 4.596266658713868 0
      vertex -3.8567256581192355 4.596266658713868 10.5
      vertex -3.4414586181062763 4.914912265733951 0
    endloop
  endfacet
  facet normal -0.5372996083468244 0.8433914458128853 0
    outer loop
      vertex -3.4414586181062763 4.914912265733951 0
      vertex -3.4414586181062763 4.914912265733951 10.5
      vertex -3 5.196152422706632 0
    endloop
  endfacet
  facet normal 0 0 -1
    outer loop
      vertex -3 -5.196152422706632 0
      vertex -2.5357095704441965 5.437846722219899 0
      vertex -2.75 0 0
    endloop
  endfacet
  facet normal 0 0 -1
    outer loop
      vertex -3 -5.196152422706632 0
      vertex -3 5.196152422706632 0
      vertex -2.5357095704441965 5.437846722219899 0
    endloop
  endfacet
  facet normal 0 0 -1
    outer loop
      vertex -2.5357095704441965 5.437846722219899 0
      vertex -2.7395354197523 0.23967829255605996 0
      vertex -2.75 0 0
    endloop
  endfacet
  facet normal 0 0 -1
    outer loop
      vertex -2.5357095704441965 5.437846722219899 0
      vertex -2.708221320783572 0.4775324885840584 0
      vertex -2.7395354197523 0.23967829255605996 0
    endloop
  endfacet
  facet normal 0 0 -1
    outer loop
      vertex -2.5357095704441965 5.437846722219899 0
      vertex -2.6562960222949377 0.711752374031932 0
      vertex -2.708221320783572 0.4775324885840584 0
    endloop
  endfacet
  facet normal 0 0 -1
    outer loop
      vertex -2.5357095704441965 5.437846722219899 0
      vertex -2.584154707161248 0.940555394145589 0
      vertex -2.6562960222949377 0.711752374031932 0
    endloop
  endfacet
  facet normal 0 0 -1
    outer loop
      vertex -2.5357095704441965 5.437846722219899 0
      vertex -2.4923464143507874 1.1622002197869234 0
      vertex -2.584154707161248 0.940555394145589 0
    endloop
  endfacet
  facet normal 0 0 -1
    outer loop
      vertex -2.5357095704441965 5.437846722219899 0
      vertex -2.381569860407206 1.375 0
      vertex -2.4923464143507874 1.1622002197869234 0
    endloop
  endfacet
  facet normal 0 0 -1
    outer loop
      vertex -2.5357095704441965 5.437846722219899 0
      vertex -2.2526681217947275 1.5773351999653766 0
      vertex -2.381569860407206 1.375 0
    endloop
  endfacet
  facet normal 0 0 -1
    outer loop
      vertex -2.0521208599540124 5.638155724715451 0
      vertex -2.1066222185771895 1.7676659266379828 0
      vertex -2.2526681217947275 1.5773351999653766 0
    endloop
  endfacet
  facet normal 0 0 -1
    outer loop
      vertex -2.5357095704441965 5.437846722219899 0
      vertex -2.0521208599540124 5.638155724715451 0
      vertex -2.2526681217947275 1.5773351999653766 0
    endloop
  endfacet
  facet normal 0 0 -1
    outer loop
      vertex -2.0521208599540124 5.638155724715451 0
      vertex -1.9445436482630059 1.9445436482630059 0
      vertex -2.1066222185771895 1.7676659266379828 0
    endloop
  endfacet
  facet normal 0 0 -1
    outer loop
      vertex -2.0521208599540124 5.638155724715451 0
      vertex -1.7676659266379828 2.1066222185771895 0
      vertex -1.9445436482630059 1.9445436482630059 0
    endloop
  endfacet
  facet normal 0 0 -1
    outer loop
      vertex -1.5529142706151244 5.79555495773441 0
      vertex -1.5773351999653766 2.2526681217947275 0
      vertex -1.7676659266379828 2.1066222185771895 0
    endloop
  endfacet
  facet normal 0 0 -1
    outer loop
      vertex -1.5529142706151244 5.79555495773441 0
      vertex -1.375 2.381569860407206 0
      vertex -1.5773351999653766 2.2526681217947275 0
    endloop
  endfacet
  facet normal 0 0 -1
    outer loop
      vertex -2.0521208599540124 5.638155724715451 0
      vertex -1.5529142706151244 5.79555495773441 0
      vertex -1.7676659266379828 2.1066222185771895 0
    endloop
  endfacet
  facet normal 0 0 -1
    outer loop
      vertex -1.041889066001582 5.908846518073248 0
      vertex -1.1622002197869234 2.4923464143507874 0
      vertex -1.375 2.381569860407206 0
    endloop
  endfacet
  facet normal 0 0 -1
    outer loop
      vertex -1.041889066001582 5.908846518073248 0
      vertex -0.940555394145589 2.584154707161248 0
      vertex -1.1622002197869234 2.4923464143507874 0
    endloop
  endfacet
  facet normal 0 0 -1
    outer loop
      vertex -1.041889066001582 5.908846518073248 0
      vertex -0.711752374031932 2.6562960222949377 0
      vertex -0.940555394145589 2.584154707161248 0
    endloop
  endfacet
  facet normal 0 0 -1
    outer loop
      vertex -0.522934456485949 5.977168188550474 0
      vertex -0.4775324885840584 2.708221320783572 0
      vertex -0.711752374031932 2.6562960222949377 0
    endloop
  endfacet
  facet normal 0 0 -1
    outer loop
      vertex -0.522934456485949 5.977168188550474 0
      vertex -0.23967829255605996 2.7395354197523 0
      vertex -0.4775324885840584 2.708221320783572 0
    endloop
  endfacet
  facet normal 0 0 -1
    outer loop
      vertex 0 6 0
      vertex 0 2.75 0
      vertex -0.23967829255605996 2.7395354197523 0
    endloop
  endfacet
  facet normal 0 0 -1
    outer loop
      vertex -1.5529142706151244 5.79555495773441 0
      vertex -1.041889066001582 5.908846518073248 0
      vertex -1.375 2.381569860407206 0
    endloop
  endfacet
  facet normal 0 0 -1
    outer loop
      vertex -1.041889066001582 5.908846518073248 0
      vertex -0.522934456485949 5.977168188550474 0
      vertex -0.711752374031932 2.6562960222949377 0
    endloop
  endfacet
  facet normal 0 0 -1
    outer loop
      vertex -0.522934456485949 5.977168188550474 0
      vertex 0 6 0
      vertex -0.23967829255605996 2.7395354197523 0
    endloop
  endfacet
  facet normal -0.46174861323503313 0.8870108331782222 0
    outer loop
      vertex -3 5.196152422706632 0
      vertex -3 5.196152422706632 10.5
      vertex -2.5357095704441965 5.437846722219899 0
    endloop
  endfacet
  facet normal -0.38268343236509084 0.9238795325112864 0
    outer loop
      vertex -2.5357095704441965 5.437846722219899 0
      vertex -2.5357095704441965 5.437846722219899 10.5
      vertex -2.0521208599540124 5.638155724715451 0
    endloop
  endfacet
  facet normal -0.30070579950427323 0.9537169507482268 0
    outer loop
      vertex -2.0521208599540124 5.638155724715451 0
      vertex -2.0521208599540124 5.638155724715451 10.5
      vertex -1.5529142706151244 5.79555495773441 0
    endloop
  endfacet
  facet normal -0.21643961393810138 0.9762960071199337 0
    outer loop
      vertex -1.5529142706151244 5.79555495773441 0
      vertex -1.5529142706151244 5.79555495773441 10.5
      vertex -1.041889066001582 5.908846518073248 0
    endloop
  endfacet
  facet normal -0.13052619222005343 0.9914448613738102 0
    outer loop
      vertex -1.041889066001582 5.908846518073248 0
      vertex -1.041889066001582 5.908846518073248 10.5
      vertex -0.522934456485949 5.977168188550474 0
    endloop
  endfacet
  facet normal -0.043619387365335 0.9990482215818578 0
    outer loop
      vertex -0.522934456485949 5.977168188550474 0
      vertex -0.522934456485949 5.977168188550474 10.5
      vertex 0 6 0
    endloop
  endfacet
  facet normal -0.9990482215818578 0.043619387365335 0
    outer loop
      vertex -6 0 0
      vertex -6 0 10.5
      vertex -5.977168188550474 0.522934456485949 10.5
    endloop
  endfacet
  facet normal -0.9914448613738102 0.13052619222005343 0
    outer loop
      vertex -5.977168188550474 0.522934456485949 0
      vertex -5.977168188550474 0.522934456485949 10.5
      vertex -5.908846518073248 1.041889066001582 10.5
    endloop
  endfacet
  facet normal -0.9762960071199337 0.21643961393810138 0
    outer loop
      vertex -5.908846518073248 1.041889066001582 0
      vertex -5.908846518073248 1.041889066001582 10.5
      vertex -5.79555495773441 1.5529142706151244 10.5
    endloop
  endfacet
  facet normal -0.9537169507482268 0.30070579950427323 0
    outer loop
      vertex -5.79555495773441 1.5529142706151244 0
      vertex -5.79555495773441 1.5529142706151244 10.5
      vertex -5.638155724715451 2.0521208599540124 10.5
    endloop
  endfacet
  facet normal -0.9238795325112864 0.38268343236509084 0
    outer loop
      vertex -5.638155724715451 2.0521208599540124 0
      vertex -5.638155724715451 2.0521208599540124 10.5
      vertex -5.437846722219899 2.5357095704441965 10.5
    endloop
  endfacet
  facet normal -0.8870108331782222 0.46174861323503313 0
    outer loop
      vertex -5.437846722219899 2.5357095704441965 0
      vertex -5.437846722219899 2.5357095704441965 10.5
      vertex -5.196152422706632 3 10.5
    endloop
  endfacet
  facet normal 0 0 1
    outer loop
      vertex -5.977168188550474 -0.522934456485949 10.5
      vertex -5.977168188550474 0.522934456485949 10.5
      vertex -6 0 10.5
    endloop
  endfacet
  facet normal 0 0 1
    outer loop
      vertex -5.908846518073248 -1.041889066001582 10.5
      vertex -5.908846518073248 1.041889066001582 10.5
      vertex -5.977168188550474 0.522934456485949 10.5
    endloop
  endfacet
  facet normal 0 0 1
    outer loop
      vertex -5.79555495773441 -1.5529142706151244 10.5
      vertex -5.79555495773441 1.5529142706151244 10.5
      vertex -5.908846518073248 1.041889066001582 10.5
    endloop
  endfacet
  facet normal 0 0 1
    outer loop
      vertex -5.638155724715451 -2.0521208599540124 10.5
      vertex -5.638155724715451 2.0521208599540124 10.5
      vertex -5.79555495773441 1.5529142706151244 10.5
    endloop
  endfacet
  facet normal 0 0 1
    outer loop
      vertex -5.437846722219899 -2.5357095704441965 10.5
      vertex -5.437846722219899 2.5357095704441965 10.5
      vertex -5.638155724715451 2.0521208599540124 10.5
    endloop
  endfacet
  facet normal 0 0 1
    outer loop
      vertex -5.196152422706632 -3 10.5
      vertex -5.196152422706632 3 10.5
      vertex -5.437846722219899 2.5357095704441965 10.5
    endloop
  endfacet
  facet normal 0 0 1
    outer loop
      vertex -4.914912265733951 -3.4414586181062763 10.5
      vertex -4.914912265733951 3.4414586181062763 10.5
      vertex -5.196152422706632 3 10.5
    endloop
  endfacet
  facet normal 0 0 1
    outer loop
      vertex -4.596266658713868 -3.8567256581192355 10.5
      vertex -4.596266658713868 3.8567256581192355 10.5
      vertex -4.914912265733951 3.4414586181062763 10.5
    endloop
  endfacet
  facet normal 0 0 1
    outer loop
      vertex -4.242640687119286 -4.242640687119286 10.5
      vertex -4.242640687119286 4.242640687119286 10.5
      vertex -4.596266658713868 3.8567256581192355 10.5
    endloop
  endfacet
  facet normal 0 0 1
    outer loop
      vertex -3.8567256581192355 -4.596266658713868 10.5
      vertex -3.8567256581192355 4.596266658713868 10.5
      vertex -4.242640687119286 4.242640687119286 10.5
    endloop
  endfacet
  facet normal 0 0 1
    outer loop
      vertex -3.4414586181062763 -4.914912265733951 10.5
      vertex -3.4414586181062763 4.914912265733951 10.5
      vertex -3.8567256581192355 4.596266658713868 10.5
    endloop
  endfacet
  facet normal 0 0 1
    outer loop
      vertex -3 -5.196152422706632 10.5
      vertex -3 5.196152422706632 10.5
      vertex -3.4414586181062763 4.914912265733951 10.5
    endloop
  endfacet
  facet normal -0.8433914458128853 0.5372996083468244 0
    outer loop
      vertex -5.196152422706632 3 0
      vertex -5.196152422706632 3 10.5
      vertex -4.914912265733951 3.4414586181062763 10.5
    endloop
  endfacet
  facet normal -0.7933533402912353 0.6087614290087204 0
    outer loop
      vertex -4.914912265733951 3.4414586181062763 0
      vertex -4.914912265733951 3.4414586181062763 10.5
      vertex -4.596266658713868 3.8567256581192355 10.5
    endloop
  endfacet
  facet normal -0.7372773368101252 0.6755902076156589 0
    outer loop
      vertex -4.596266658713868 3.8567256581192355 0
      vertex -4.596266658713868 3.8567256581192355 10.5
      vertex -4.242640687119286 4.242640687119286 10.5
    endloop
  endfacet
  facet normal -0.6755902076156589 0.7372773368101252 0
    outer loop
      vertex -3.8567256581192355 4.596266658713868 0
      vertex -4.242640687119286 4.242640687119286 10.5
      vertex -3.8567256581192355 4.596266658713868 10.5
    endloop
  endfacet
  facet normal -0.6087614290087204 0.7933533402912353 0
    outer loop
      vertex -3.4414586181062763 4.914912265733951 0
      vertex -3.8567256581192355 4.596266658713868 10.5
      vertex -3.4414586181062763 4.914912265733951 10.5
    endloop
  endfacet
  facet normal -0.5372996083468244 0.8433914458128853 0
    outer loop
      vertex -3 5.196152422706632 0
      vertex -3.4414586181062763 4.914912265733951 10.5
      vertex -3 5.196152422706632 10.5
    endloop
  endfacet
  facet normal 0 0 1
    outer loop
      vertex -3 5.196152422706632 10.5
      vertex -2.75 0 10.5
      vertex -2.7395354197523 0.23967829255605996 10.5
    endloop
  endfacet
  facet normal 0 0 1
    outer loop
      vertex -3 5.196152422706632 10.5
      vertex -2.7395354197523 0.23967829255605996 10.5
      vertex -2.708221320783572 0.4775324885840584 10.5
    endloop
  endfacet
  facet normal 0 0 1
    outer loop
      vertex -3 5.196152422706632 10.5
      vertex -2.708221320783572 0.4775324885840584 10.5
      vertex -2.6562960222949377 0.711752374031932 10.5
    endloop
  endfacet
  facet normal 0 0 1
    outer loop
      vertex -3 5.196152422706632 10.5
      vertex -2.6562960222949377 0.711752374031932 10.5
      vertex -2.584154707161248 0.940555394145589 10.5
    endloop
  endfacet
  facet normal 0 0 1
    outer loop
      vertex -3 5.196152422706632 10.5
      vertex -2.584154707161248 0.940555394145589 10.5
      vertex -2.4923464143507874 1.1622002197869234 10.5
    endloop
  endfacet
  facet normal 0 0 1
    outer loop
      vertex -2.5357095704441965 5.437846722219899 10.5
      vertex -2.4923464143507874 1.1622002197869234 10.5
      vertex -2.381569860407206 1.375 10.5
    endloop
  endfacet
  facet normal 0 0 1
    outer loop
      vertex -2.5357095704441965 5.437846722219899 10.5
      vertex -2.381569860407206 1.375 10.5
      vertex -2.2526681217947275 1.5773351999653766 10.5
    endloop
  endfacet
  facet normal 0 0 1
    outer loop
      vertex -2.5357095704441965 5.437846722219899 10.5
      vertex -2.2526681217947275 1.5773351999653766 10.5
      vertex -2.1066222185771895 1.7676659266379828 10.5
    endloop
  endfacet
  facet normal -0.46174861323503313 0.8870108331782222 0
    outer loop
      vertex -2.5357095704441965 5.437846722219899 0
      vertex -3 5.196152422706632 10.5
      vertex -2.5357095704441965 5.437846722219899 10.5
    endloop
  endfacet
  facet normal -0.38268343236509084 0.9238795325112864 0
    outer loop
      vertex -2.0521208599540124 5.638155724715451 0
      vertex -2.5357095704441965 5.437846722219899 10.5
      vertex -2.0521208599540124 5.638155724715451 10.5
    endloop
  endfacet
  facet normal -0.30070579950427323 0.9537169507482268 0
    outer loop
      vertex -1.5529142706151244 5.79555495773441 0
      vertex -2.0521208599540124 5.638155724715451 10.5
      vertex -1.5529142706151244 5.79555495773441 10.5
    endloop
  endfacet
  facet normal -0.21643961393810138 0.9762960071199337 0
    outer loop
      vertex -1.041889066001582 5.908846518073248 0
      vertex -1.5529142706151244 5.79555495773441 10.5
      vertex -1.041889066001582 5.908846518073248 10.5
    endloop
  endfacet
  facet normal -0.13052619222005343 0.9914448613738102 0
    outer loop
      vertex -0.522934456485949 5.977168188550474 0
      vertex -1.041889066001582 5.908846518073248 10.5
      vertex -0.522934456485949 5.977168188550474 10.5
    endloop
  endfacet
  facet normal -0.043619387365335 0.9990482215818578 5.223636835165513e-20
    outer loop
      vertex -0.522934456485949 5.977168188550474 10.5
      vertex 0 6 10.5
      vertex 0 6 0
    endloop
  endfacet
  facet normal 0 0 1
    outer loop
      vertex -3 5.196152422706632 10.5
      vertex -2.4923464143507874 1.1622002197869234 10.5
      vertex -2.5357095704441965 5.437846722219899 10.5
    endloop
  endfacet
  facet normal 0 0 1
    outer loop
      vertex -2.5357095704441965 5.437846722219899 10.5
      vertex -2.1066222185771895 1.7676659266379828 10.5
      vertex -1.9445436482630059 1.9445436482630059 10.5
    endloop
  endfacet
  facet normal 0 0 1
    outer loop
      vertex -2.0521208599540124 5.638155724715451 10.5
      vertex -1.9445436482630059 1.9445436482630059 10.5
      vertex -1.7676659266379828 2.1066222185771895 10.5
    endloop
  endfacet
  facet normal 0 0 1
    outer loop
      vertex -2.0521208599540124 5.638155724715451 10.5
      vertex -1.7676659266379828 2.1066222185771895 10.5
      vertex -1.5773351999653766 2.2526681217947275 10.5
    endloop
  endfacet
  facet normal 0 0 1
    outer loop
      vertex -2.0521208599540124 5.638155724715451 10.5
      vertex -1.5773351999653766 2.2526681217947275 10.5
      vertex -1.375 2.381569860407206 10.5
    endloop
  endfacet
  facet normal 0 0 1
    outer loop
      vertex -2.5357095704441965 5.437846722219899 10.5
      vertex -1.9445436482630059 1.9445436482630059 10.5
      vertex -2.0521208599540124 5.638155724715451 10.5
    endloop
  endfacet
  facet normal 0 0 1
    outer loop
      vertex -2.0521208599540124 5.638155724715451 10.5
      vertex -1.375 2.381569860407206 10.5
      vertex -1.5529142706151244 5.79555495773441 10.5
    endloop
  endfacet
  facet normal 0 0 1
    outer loop
      vertex -1.5529142706151244 5.79555495773441 10.5
      vertex -1.375 2.381569860407206 10.5
      vertex -1.1622002197869234 2.4923464143507874 10.5
    endloop
  endfacet
  facet normal 0 0 1
    outer loop
      vertex -1.5529142706151244 5.79555495773441 10.5
      vertex -1.1622002197869234 2.4923464143507874 10.5
      vertex -0.940555394145589 2.584154707161248 10.5
    endloop
  endfacet
  facet normal 0 0 1
    outer loop
      vertex -1.041889066001582 5.908846518073248 10.5
      vertex -0.940555394145589 2.584154707161248 10.5
      vertex -0.711752374031932 2.6562960222949377 10.5
    endloop
  endfacet
  facet normal 0 0 1
    outer loop
      vertex -1.041889066001582 5.908846518073248 10.5
      vertex -0.711752374031932 2.6562960222949377 10.5
      vertex -0.4775324885840584 2.708221320783572 10.5
    endloop
  endfacet
  facet normal 0 0 1
    outer loop
      vertex -0.522934456485949 5.977168188550474 10.5
      vertex -0.4775324885840584 2.708221320783572 10.5
      vertex -0.23967829255605996 2.7395354197523 10.5
    endloop
  endfacet
  facet normal 0 0 1
    outer loop
      vertex 0 6 10.5
      vertex -0.23967829255605996 2.7395354197523 10.5
      vertex 0 2.75 10.5
    endloop
  endfacet
  facet normal 0 0 1
    outer loop
      vertex -1.5529142706151244 5.79555495773441 10.5
      vertex -0.940555394145589 2.584154707161248 10.5
      vertex -1.041889066001582 5.908846518073248 10.5
    endloop
  endfacet
  facet normal 0 0 1
    outer loop
      vertex -1.041889066001582 5.908846518073248 10.5
      vertex -0.4775324885840584 2.708221320783572 10.5
      vertex -0.522934456485949 5.977168188550474 10.5
    endloop
  endfacet
  facet normal 0 0 1
    outer loop
      vertex -0.522934456485949 5.977168188550474 10.5
      vertex -0.23967829255605996 2.7395354197523 10.5
      vertex 0 6 10.5
    endloop
  endfacet
  facet normal 0 0 -1
    outer loop
      vertex 0 -6 0
      vertex 0.23967829255605996 -2.7395354197523 0
      vertex 0.522934456485949 -5.977168188550474 0
    endloop
  endfacet
  facet normal 0 0 -1
    outer loop
      vertex 0.522934456485949 -5.977168188550474 0
      vertex 0.711752374031932 -2.6562960222949377 0
      vertex 1.041889066001582 -5.908846518073248 0
    endloop
  endfacet
  facet normal 0 0 -1
    outer loop
      vertex 1.041889066001582 -5.908846518073248 0
      vertex 1.375 -2.381569860407206 0
      vertex 1.5529142706151244 -5.79555495773441 0
    endloop
  endfacet
  facet normal 0 0 -1
    outer loop
      vertex 0 -6 0
      vertex 0 -2.75 0
      vertex 0.23967829255605996 -2.7395354197523 0
    endloop
  endfacet
  facet normal 0 0 -1
    outer loop
      vertex 0.522934456485949 -5.977168188550474 0
      vertex 0.23967829255605996 -2.7395354197523 0
      vertex 0.4775324885840584 -2.708221320783572 0
    endloop
  endfacet
  facet normal 0 0 -1
    outer loop
      vertex 0.522934456485949 -5.977168188550474 0
      vertex 0.4775324885840584 -2.708221320783572 0
      vertex 0.711752374031932 -2.6562960222949377 0
    endloop
  endfacet
  facet normal 0 0 -1
    outer loop
      vertex 1.041889066001582 -5.908846518073248 0
      vertex 0.711752374031932 -2.6562960222949377 0
      vertex 0.940555394145589 -2.584154707161248 0
    endloop
  endfacet
  facet normal 0 0 -1
    outer loop
      vertex 1.041889066001582 -5.908846518073248 0
      vertex 0.940555394145589 -2.584154707161248 0
      vertex 1.1622002197869234 -2.4923464143507874 0
    endloop
  endfacet
  facet normal 0 0 -1
    outer loop
      vertex 1.041889066001582 -5.908846518073248 0
      vertex 1.1622002197869234 -2.4923464143507874 0
      vertex 1.375 -2.381569860407206 0
    endloop
  endfacet
  facet normal 0 0 -1
    outer loop
      vertex 1.5529142706151244 -5.79555495773441 0
      vertex 1.7676659266379828 -2.1066222185771895 0
      vertex 2.0521208599540124 -5.638155724715451 0
    endloop
  endfacet
  facet normal 0 0 -1
    outer loop
      vertex 1.5529142706151244 -5.79555495773441 0
      vertex 1.375 -2.381569860407206 0
      vertex 1.5773351999653766 -2.2526681217947275 0
    endloop
  endfacet
  facet normal 0 0 -1
    outer loop
      vertex 1.5529142706151244 -5.79555495773441 0
      vertex 1.5773351999653766 -2.2526681217947275 0
      vertex 1.7676659266379828 -2.1066222185771895 0
    endloop
  endfacet
  facet normal 0 0 -1
    outer loop
      vertex 2.0521208599540124 -5.638155724715451 0
      vertex 1.7676659266379828 -2.1066222185771895 0
      vertex 1.9445436482630059 -1.9445436482630059 0
    endloop
  endfacet
  facet normal 0 0 -1
    outer loop
      vertex 2.0521208599540124 -5.638155724715451 0
      vertex 1.9445436482630059 -1.9445436482630059 0
      vertex 2.1066222185771895 -1.7676659266379828 0
    endloop
  endfacet
  facet normal 0 0 -1
    outer loop
      vertex 2.0521208599540124 -5.638155724715451 0
      vertex 2.2526681217947275 -1.5773351999653766 0
      vertex 2.5357095704441965 -5.437846722219899 0
    endloop
  endfacet
  facet normal 0.043619387365335 -0.9990482215818578 5.223636835165513e-20
    outer loop
      vertex 0 -6 0
      vertex 0.522934456485949 -5.977168188550474 0
      vertex 0.522934456485949 -5.977168188550474 10.5
    endloop
  endfacet
  facet normal 0.13052619222005343 -0.9914448613738102 1.9092848221113187e-19
    outer loop
      vertex 0.522934456485949 -5.977168188550474 0
      vertex 1.041889066001582 -5.908846518073248 0
      vertex 1.041889066001582 -5.908846518073248 10.5
    endloop
  endfacet
  facet normal 0.21643961393810138 -0.9762960071199337 -4.0728206285023733e-19
    outer loop
      vertex 1.041889066001582 -5.908846518073248 0
      vertex 1.5529142706151244 -5.79555495773441 0
      vertex 1.5529142706151244 -5.79555495773441 10.5
    endloop
  endfacet
  facet normal 0.30070579950427323 -0.9537169507482268 -7.909107867702888e-19
    outer loop
      vertex 1.5529142706151244 -5.79555495773441 0
      vertex 2.0521208599540124 -5.638155724715451 0
      vertex 2.0521208599540124 -5.638155724715451 10.5
    endloop
  endfacet
  facet normal 0.38268343236509084 -0.9238795325112864 7.771034136812584e-19
    outer loop
      vertex 2.0521208599540124 -5.638155724715451 0
      vertex 2.5357095704441965 -5.437846722219899 0
      vertex 2.5357095704441965 -5.437846722219899 10.5
    endloop
  endfacet
  facet normal 0.46174861323503313 -0.8870108331782222 -1.161918995383674e-18
    outer loop
      vertex 2.5357095704441965 -5.437846722219899 0
      vertex 3 -5.196152422706632 0
      vertex 3 -5.196152422706632 10.5
    endloop
  endfacet
  facet normal 0 0 -1
    outer loop
      vertex 2.0521208599540124 -5.638155724715451 0
      vertex 2.1066222185771895 -1.7676659266379828 0
      vertex 2.2526681217947275 -1.5773351999653766 0
    endloop
  endfacet
  facet normal 0 0 -1
    outer loop
      vertex 2.5357095704441965 -5.437846722219899 0
      vertex 2.2526681217947275 -1.5773351999653766 0
      vertex 2.381569860407206 -1.375 0
    endloop
  endfacet
  facet normal 0 0 -1
    outer loop
      vertex 2.5357095704441965 -5.437846722219899 0
      vertex 2.381569860407206 -1.375 0
      vertex 2.4923464143507874 -1.1622002197869234 0
    endloop
  endfacet
  facet normal 0 0 -1
    outer loop
      vertex 2.5357095704441965 -5.437846722219899 0
      vertex 2.4923464143507874 -1.1622002197869234 0
      vertex 2.584154707161248 -0.940555394145589 0
    endloop
  endfacet
  facet normal 0 0 -1
    outer loop
      vertex 2.5357095704441965 -5.437846722219899 0
      vertex 2.584154707161248 -0.940555394145589 0
      vertex 2.6562960222949377 -0.711752374031932 0
    endloop
  endfacet
  facet normal 0 0 -1
    outer loop
      vertex 2.5357095704441965 -5.437846722219899 0
      vertex 2.6562960222949377 -0.711752374031932 0
      vertex 2.708221320783572 -0.4775324885840584 0
    endloop
  endfacet
  facet normal 0 0 -1
    outer loop
      vertex 2.5357095704441965 -5.437846722219899 0
      vertex 2.708221320783572 -0.4775324885840584 0
      vertex 2.7395354197523 -0.23967829255605996 0
    endloop
  endfacet
  facet normal 0 0 -1
    outer loop
      vertex 2.5357095704441965 -5.437846722219899 0
      vertex 2.7395354197523 -0.23967829255605996 0
      vertex 2.75 0 0
    endloop
  endfacet
  facet normal 0 0 -1
    outer loop
      vertex 2.5357095704441965 -5.437846722219899 0
      vertex 3 5.196152422706632 0
      vertex 3 -5.196152422706632 0
    endloop
  endfacet
  facet normal 0 0 -1
    outer loop
      vertex 2.5357095704441965 -5.437846722219899 0
      vertex 2.75 0 0
      vertex 3 5.196152422706632 0
    endloop
  endfacet
  facet normal 0.5372996083468244 -0.8433914458128853 -4.1260485882410737e-19
    outer loop
      vertex 3 -5.196152422706632 0
      vertex 3.4414586181062763 -4.914912265733951 0
      vertex 3.4414586181062763 -4.914912265733951 10.5
    endloop
  endfacet
  facet normal 0.6087614290087204 -0.7933533402912353 1.765519914500736e-18
    outer loop
      vertex 3.4414586181062763 -4.914912265733951 0
      vertex 3.8567256581192355 -4.596266658713868 0
      vertex 3.8567256581192355 -4.596266658713868 10.5
    endloop
  endfacet
  facet normal 0.6755902076156589 -0.7372773368101252 1.5384031137150255e-18
    outer loop
      vertex 3.8567256581192355 -4.596266658713868 0
      vertex 4.242640687119286 -4.242640687119286 0
      vertex 4.242640687119286 -4.242640687119286 10.5
    endloop
  endfacet
  facet normal 0.7372773368101252 -0.6755902076156589 0
    outer loop
      vertex 4.242640687119286 -4.242640687119286 0
      vertex 4.596266658713868 -3.8567256581192355 0
      vertex 4.242640687119286 -4.242640687119286 10.5
    endloop
  endfacet
  facet normal 0.7933533402912353 -0.6087614290087204 0
    outer loop
      vertex 4.596266658713868 -3.8567256581192355 0
      vertex 4.914912265733951 -3.4414586181062763 0
      vertex 4.596266658713868 -3.8567256581192355 10.5
    endloop
  endfacet
  facet normal 0.8433914458128853 -0.5372996083468244 0
    outer loop
      vertex 4.914912265733951 -3.4414586181062763 0
      vertex 5.196152422706632 -3 0
      vertex 4.914912265733951 -3.4414586181062763 10.5
    endloop
  endfacet
  facet normal 0 0 -1
    outer loop
      vertex 3 -5.196152422706632 0
      vertex 3.4414586181062763 4.914912265733951 0
      vertex 3.4414586181062763 -4.914912265733951 0
    endloop
  endfacet
  facet normal 0 0 -1
    outer loop
      vertex 3.4414586181062763 -4.914912265733951 0
      vertex 3.8567256581192355 4.596266658713868 0
      vertex 3.8567256581192355 -4.596266658713868 0
    endloop
  endfacet
  facet normal 0 0 -1
    outer loop
      vertex 3.8567256581192355 -4.596266658713868 0
      vertex 4.242640687119286 4.242640687119286 0
      vertex 4.242640687119286 -4.242640687119286 0
    endloop
  endfacet
  facet normal 0 0 -1
    outer loop
      vertex 4.242640687119286 -4.242640687119286 0
      vertex 4.596266658713868 3.8567256581192355 0
      vertex 4.596266658713868 -3.8567256581192355 0
    endloop
  endfacet
  facet normal 0 0 -1
    outer loop
      vertex 4.596266658713868 -3.8567256581192355 0
      vertex 4.914912265733951 3.4414586181062763 0
      vertex 4.914912265733951 -3.4414586181062763 0
    endloop
  endfacet
  facet normal 0 0 -1
    outer loop
      vertex 4.914912265733951 -3.4414586181062763 0
      vertex 5.196152422706632 3 0
      vertex 5.196152422706632 -3 0
    endloop
  endfacet
  facet normal 0 0 -1
    outer loop
      vertex 5.196152422706632 -3 0
      vertex 5.437846722219899 2.5357095704441965 0
      vertex 5.437846722219899 -2.5357095704441965 0
    endloop
  endfacet
  facet normal 0 0 -1
    outer loop
      vertex 5.437846722219899 -2.5357095704441965 0
      vertex 5.638155724715451 2.0521208599540124 0
      vertex 5.638155724715451 -2.0521208599540124 0
    endloop
  endfacet
  facet normal 0 0 -1
    outer loop
      vertex 5.638155724715451 -2.0521208599540124 0
      vertex 5.79555495773441 1.5529142706151244 0
      vertex 5.79555495773441 -1.5529142706151244 0
    endloop
  endfacet
  facet normal 0 0 -1
    outer loop
      vertex 5.79555495773441 -1.5529142706151244 0
      vertex 5.908846518073248 1.041889066001582 0
      vertex 5.908846518073248 -1.041889066001582 0
    endloop
  endfacet
  facet normal 0 0 -1
    outer loop
      vertex 5.908846518073248 -1.041889066001582 0
      vertex 5.977168188550474 0.522934456485949 0
      vertex 5.977168188550474 -0.522934456485949 0
    endloop
  endfacet
  facet normal 0.8870108331782222 -0.46174861323503313 0
    outer loop
      vertex 5.196152422706632 -3 0
      vertex 5.437846722219899 -2.5357095704441965 0
      vertex 5.196152422706632 -3 10.5
    endloop
  endfacet
  facet normal 0.9238795325112864 -0.38268343236509084 0
    outer loop
      vertex 5.437846722219899 -2.5357095704441965 0
      vertex 5.638155724715451 -2.0521208599540124 0
      vertex 5.437846722219899 -2.5357095704441965 10.5
    endloop
  endfacet
  facet normal 0.9537169507482268 -0.30070579950427323 0
    outer loop
      vertex 5.638155724715451 -2.0521208599540124 0
      vertex 5.79555495773441 -1.5529142706151244 0
      vertex 5.638155724715451 -2.0521208599540124 10.5
    endloop
  endfacet
  facet normal 0.9762960071199337 -0.21643961393810138 0
    outer loop
      vertex 5.79555495773441 -1.5529142706151244 0
      vertex 5.908846518073248 -1.041889066001582 0
      vertex 5.79555495773441 -1.5529142706151244 10.5
    endloop
  endfacet
  facet normal 0.9914448613738102 -0.13052619222005343 0
    outer loop
      vertex 5.908846518073248 -1.041889066001582 0
      vertex 5.977168188550474 -0.522934456485949 0
      vertex 5.908846518073248 -1.041889066001582 10.5
    endloop
  endfacet
  facet normal 0.9990482215818578 -0.043619387365335 0
    outer loop
      vertex 5.977168188550474 -0.522934456485949 0
      vertex 6 0 0
      vertex 5.977168188550474 -0.522934456485949 10.5
    endloop
  endfacet
  facet normal 0.043619387365335 -0.9990482215818578 0
    outer loop
      vertex 0 -6 0
      vertex 0.522934456485949 -5.977168188550474 10.5
      vertex 0 -6 10.5
    endloop
  endfacet
  facet normal 0.13052619222005343 -0.9914448613738102 0
    outer loop
      vertex 0.522934456485949 -5.977168188550474 0
      vertex 1.041889066001582 -5.908846518073248 10.5
      vertex 0.522934456485949 -5.977168188550474 10.5
    endloop
  endfacet
  facet normal 0.21643961393810138 -0.9762960071199337 0
    outer loop
      vertex 1.041889066001582 -5.908846518073248 0
      vertex 1.5529142706151244 -5.79555495773441 10.5
      vertex 1.041889066001582 -5.908846518073248 10.5
    endloop
  endfacet
  facet normal 0.30070579950427323 -0.9537169507482268 0
    outer loop
      vertex 1.5529142706151244 -5.79555495773441 0
      vertex 2.0521208599540124 -5.638155724715451 10.5
      vertex 1.5529142706151244 -5.79555495773441 10.5
    endloop
  endfacet
  facet normal 0.38268343236509084 -0.9238795325112864 0
    outer loop
      vertex 2.0521208599540124 -5.638155724715451 0
      vertex 2.5357095704441965 -5.437846722219899 10.5
      vertex 2.0521208599540124 -5.638155724715451 10.5
    endloop
  endfacet
  facet normal 0.46174861323503313 -0.8870108331782222 0
    outer loop
      vertex 2.5357095704441965 -5.437846722219899 0
      vertex 3 -5.196152422706632 10.5
      vertex 2.5357095704441965 -5.437846722219899 10.5
    endloop
  endfacet
  facet normal 0 0 1
    outer loop
      vertex 0 -6 10.5
      vertex 0.522934456485949 -5.977168188550474 10.5
      vertex 0.23967829255605996 -2.7395354197523 10.5
    endloop
  endfacet
  facet normal 0 0 1
    outer loop
      vertex 0.522934456485949 -5.977168188550474 10.5
      vertex 1.041889066001582 -5.908846518073248 10.5
      vertex 0.4775324885840584 -2.708221320783572 10.5
    endloop
  endfacet
  facet normal 0 0 1
    outer loop
      vertex 1.041889066001582 -5.908846518073248 10.5
      vertex 1.5529142706151244 -5.79555495773441 10.5
      vertex 0.940555394145589 -2.584154707161248 10.5
    endloop
  endfacet
  facet normal 0 0 1
    outer loop
      vertex 0 -6 10.5
      vertex 0.23967829255605996 -2.7395354197523 10.5
      vertex 0 -2.75 10.5
    endloop
  endfacet
  facet normal 0 0 1
    outer loop
      vertex 0.522934456485949 -5.977168188550474 10.5
      vertex 0.4775324885840584 -2.708221320783572 10.5
      vertex 0.23967829255605996 -2.7395354197523 10.5
    endloop
  endfacet
  facet normal 0 0 1
    outer loop
      vertex 1.041889066001582 -5.908846518073248 10.5
      vertex 0.711752374031932 -2.6562960222949377 10.5
      vertex 0.4775324885840584 -2.708221320783572 10.5
    endloop
  endfacet
  facet normal 0 0 1
    outer loop
      vertex 1.041889066001582 -5.908846518073248 10.5
      vertex 0.940555394145589 -2.584154707161248 10.5
      vertex 0.711752374031932 -2.6562960222949377 10.5
    endloop
  endfacet
  facet normal 0 0 1
    outer loop
      vertex 1.5529142706151244 -5.79555495773441 10.5
      vertex 1.1622002197869234 -2.4923464143507874 10.5
      vertex 0.940555394145589 -2.584154707161248 10.5
    endloop
  endfacet
  facet normal 0 0 1
    outer loop
      vertex 1.5529142706151244 -5.79555495773441 10.5
      vertex 1.375 -2.381569860407206 10.5
      vertex 1.1622002197869234 -2.4923464143507874 10.5
    endloop
  endfacet
  facet normal 0 0 1
    outer loop
      vertex 1.5529142706151244 -5.79555495773441 10.5
      vertex 2.0521208599540124 -5.638155724715451 10.5
      vertex 1.375 -2.381569860407206 10.5
    endloop
  endfacet
  facet normal 0 0 1
    outer loop
      vertex 2.0521208599540124 -5.638155724715451 10.5
      vertex 2.5357095704441965 -5.437846722219899 10.5
      vertex 1.9445436482630059 -1.9445436482630059 10.5
    endloop
  endfacet
  facet normal 0 0 1
    outer loop
      vertex 2.0521208599540124 -5.638155724715451 10.5
      vertex 1.5773351999653766 -2.2526681217947275 10.5
      vertex 1.375 -2.381569860407206 10.5
    endloop
  endfacet
  facet normal 0 0 1
    outer loop
      vertex 2.0521208599540124 -5.638155724715451 10.5
      vertex 1.7676659266379828 -2.1066222185771895 10.5
      vertex 1.5773351999653766 -2.2526681217947275 10.5
    endloop
  endfacet
  facet normal 0 0 1
    outer loop
      vertex 2.0521208599540124 -5.638155724715451 10.5
      vertex 1.9445436482630059 -1.9445436482630059 10.5
      vertex 1.7676659266379828 -2.1066222185771895 10.5
    endloop
  endfacet
  facet normal 0 0 1
    outer loop
      vertex 2.5357095704441965 -5.437846722219899 10.5
      vertex 2.1066222185771895 -1.7676659266379828 10.5
      vertex 1.9445436482630059 -1.9445436482630059 10.5
    endloop
  endfacet
  facet normal 0 0 1
    outer loop
      vertex 2.5357095704441965 -5.437846722219899 10.5
      vertex 3 -5.196152422706632 10.5
      vertex 2.4923464143507874 -1.1622002197869234 10.5
    endloop
  endfacet
  facet normal 0 0 1
    outer loop
      vertex 2.5357095704441965 -5.437846722219899 10.5
      vertex 2.2526681217947275 -1.5773351999653766 10.5
      vertex 2.1066222185771895 -1.7676659266379828 10.5
    endloop
  endfacet
  facet normal 0 0 1
    outer loop
      vertex 2.5357095704441965 -5.437846722219899 10.5
      vertex 2.381569860407206 -1.375 10.5
      vertex 2.2526681217947275 -1.5773351999653766 10.5
    endloop
  endfacet
  facet normal 0 0 1
    outer loop
      vertex 2.5357095704441965 -5.437846722219899 10.5
      vertex 2.4923464143507874 -1.1622002197869234 10.5
      vertex 2.381569860407206 -1.375 10.5
    endloop
  endfacet
  facet normal 0 0 1
    outer loop
      vertex 3 -5.196152422706632 10.5
      vertex 2.584154707161248 -0.940555394145589 10.5
      vertex 2.4923464143507874 -1.1622002197869234 10.5
    endloop
  endfacet
  facet normal 0 0 1
    outer loop
      vertex 3 -5.196152422706632 10.5
      vertex 2.6562960222949377 -0.711752374031932 10.5
      vertex 2.584154707161248 -0.940555394145589 10.5
    endloop
  endfacet
  facet normal 0 0 1
    outer loop
      vertex 3 -5.196152422706632 10.5
      vertex 2.708221320783572 -0.4775324885840584 10.5
      vertex 2.6562960222949377 -0.711752374031932 10.5
    endloop
  endfacet
  facet normal 0 0 1
    outer loop
      vertex 3 -5.196152422706632 10.5
      vertex 2.7395354197523 -0.23967829255605996 10.5
      vertex 2.708221320783572 -0.4775324885840584 10.5
    endloop
  endfacet
  facet normal 0 0 1
    outer loop
      vertex 3 -5.196152422706632 10.5
      vertex 2.75 0 10.5
      vertex 2.7395354197523 -0.23967829255605996 10.5
    endloop
  endfacet
  facet normal 0.5372996083468244 -0.8433914458128853 0
    outer loop
      vertex 3 -5.196152422706632 0
      vertex 3.4414586181062763 -4.914912265733951 10.5
      vertex 3 -5.196152422706632 10.5
    endloop
  endfacet
  facet normal 0.6087614290087204 -0.7933533402912353 0
    outer loop
      vertex 3.4414586181062763 -4.914912265733951 0
      vertex 3.8567256581192355 -4.596266658713868 10.5
      vertex 3.4414586181062763 -4.914912265733951 10.5
    endloop
  endfacet
  facet normal 0.6755902076156589 -0.7372773368101252 0
    outer loop
      vertex 3.8567256581192355 -4.596266658713868 0
      vertex 4.242640687119286 -4.242640687119286 10.5
      vertex 3.8567256581192355 -4.596266658713868 10.5
    endloop
  endfacet
  facet normal 0.7372773368101252 -0.6755902076156589 0
    outer loop
      vertex 4.596266658713868 -3.8567256581192355 0
      vertex 4.596266658713868 -3.8567256581192355 10.5
      vertex 4.242640687119286 -4.242640687119286 10.5
    endloop
  endfacet
  facet normal 0.7933533402912353 -0.6087614290087204 0
    outer loop
      vertex 4.914912265733951 -3.4414586181062763 0
      vertex 4.914912265733951 -3.4414586181062763 10.5
      vertex 4.596266658713868 -3.8567256581192355 10.5
    endloop
  endfacet
  facet normal 0.8433914458128853 -0.5372996083468244 0
    outer loop
      vertex 5.196152422706632 -3 0
      vertex 5.196152422706632 -3 10.5
      vertex 4.914912265733951 -3.4414586181062763 10.5
    endloop
  endfacet
  facet normal 0.8870108331782222 -0.46174861323503313 0
    outer loop
      vertex 5.437846722219899 -2.5357095704441965 0
      vertex 5.437846722219899 -2.5357095704441965 10.5
      vertex 5.196152422706632 -3 10.5
    endloop
  endfacet
  facet normal 0.9238795325112864 -0.38268343236509084 0
    outer loop
      vertex 5.638155724715451 -2.0521208599540124 0
      vertex 5.638155724715451 -2.0521208599540124 10.5
      vertex 5.437846722219899 -2.5357095704441965 10.5
    endloop
  endfacet
  facet normal 0.9537169507482268 -0.30070579950427323 0
    outer loop
      vertex 5.79555495773441 -1.5529142706151244 0
      vertex 5.79555495773441 -1.5529142706151244 10.5
      vertex 5.638155724715451 -2.0521208599540124 10.5
    endloop
  endfacet
  facet normal 0.9762960071199337 -0.21643961393810138 0
    outer loop
      vertex 5.908846518073248 -1.041889066001582 0
      vertex 5.908846518073248 -1.041889066001582 10.5
      vertex 5.79555495773441 -1.5529142706151244 10.5
    endloop
  endfacet
  facet normal 0.9914448613738102 -0.13052619222005343 0
    outer loop
      vertex 5.977168188550474 -0.522934456485949 0
      vertex 5.977168188550474 -0.522934456485949 10.5
      vertex 5.908846518073248 -1.041889066001582 10.5
    endloop
  endfacet
  facet normal 0.9990482215818578 -0.043619387365335 5.223636835165513e-20
    outer loop
      vertex 5.977168188550474 -0.522934456485949 10.5
      vertex 6 0 0
      vertex 6 0 10.5
    endloop
  endfacet
  facet normal 0 0 1
    outer loop
      vertex 3 -5.196152422706632 10.5
      vertex 3.4414586181062763 -4.914912265733951 10.5
      vertex 3 5.196152422706632 10.5
    endloop
  endfacet
  facet normal 0 0 1
    outer loop
      vertex 3.4414586181062763 -4.914912265733951 10.5
      vertex 3.8567256581192355 -4.596266658713868 10.5
      vertex 3.4414586181062763 4.914912265733951 10.5
    endloop
  endfacet
  facet normal 0 0 1
    outer loop
      vertex 3.8567256581192355 -4.596266658713868 10.5
      vertex 4.242640687119286 -4.242640687119286 10.5
      vertex 3.8567256581192355 4.596266658713868 10.5
    endloop
  endfacet
  facet normal 0 0 1
    outer loop
      vertex 4.242640687119286 -4.242640687119286 10.5
      vertex 4.596266658713868 -3.8567256581192355 10.5
      vertex 4.242640687119286 4.242640687119286 10.5
    endloop
  endfacet
  facet normal 0 0 1
    outer loop
      vertex 4.596266658713868 -3.8567256581192355 10.5
      vertex 4.914912265733951 -3.4414586181062763 10.5
      vertex 4.596266658713868 3.8567256581192355 10.5
    endloop
  endfacet
  facet normal 0 0 1
    outer loop
      vertex 4.914912265733951 -3.4414586181062763 10.5
      vertex 5.196152422706632 -3 10.5
      vertex 4.914912265733951 3.4414586181062763 10.5
    endloop
  endfacet
  facet normal 0 0 1
    outer loop
      vertex 5.196152422706632 -3 10.5
      vertex 5.437846722219899 -2.5357095704441965 10.5
      vertex 5.196152422706632 3 10.5
    endloop
  endfacet
  facet normal 0 0 1
    outer loop
      vertex 5.437846722219899 -2.5357095704441965 10.5
      vertex 5.638155724715451 -2.0521208599540124 10.5
      vertex 5.437846722219899 2.5357095704441965 10.5
    endloop
  endfacet
  facet normal 0 0 1
    outer loop
      vertex 5.638155724715451 -2.0521208599540124 10.5
      vertex 5.79555495773441 -1.5529142706151244 10.5
      vertex 5.638155724715451 2.0521208599540124 10.5
    endloop
  endfacet
  facet normal 0 0 1
    outer loop
      vertex 5.79555495773441 -1.5529142706151244 10.5
      vertex 5.908846518073248 -1.041889066001582 10.5
      vertex 5.79555495773441 1.5529142706151244 10.5
    endloop
  endfacet
  facet normal 0 0 1
    outer loop
      vertex 5.908846518073248 -1.041889066001582 10.5
      vertex 5.977168188550474 -0.522934456485949 10.5
      vertex 5.908846518073248 1.041889066001582 10.5
    endloop
  endfacet
  facet normal 0 0 -1
    outer loop
      vertex 3 5.196152422706632 0
      vertex 2.75 0 0
      vertex 2.7395354197523 0.23967829255605996 0
    endloop
  endfacet
  facet normal 0 0 -1
    outer loop
      vertex 3 5.196152422706632 0
      vertex 2.708221320783572 0.4775324885840584 0
      vertex 2.6562960222949377 0.711752374031932 0
    endloop
  endfacet
  facet normal 0 0 -1
    outer loop
      vertex 3 5.196152422706632 0
      vertex 2.7395354197523 0.23967829255605996 0
      vertex 2.708221320783572 0.4775324885840584 0
    endloop
  endfacet
  facet normal 0 0 -1
    outer loop
      vertex 2.5357095704441965 5.437846722219899 0
      vertex 2.381569860407206 1.375 0
      vertex 2.2526681217947275 1.5773351999653766 0
    endloop
  endfacet
  facet normal 0 0 -1
    outer loop
      vertex 2.5357095704441965 5.437846722219899 0
      vertex 2.2526681217947275 1.5773351999653766 0
      vertex 2.1066222185771895 1.7676659266379828 0
    endloop
  endfacet
  facet normal 0 0 -1
    outer loop
      vertex 2.5357095704441965 5.437846722219899 0
      vertex 2.4923464143507874 1.1622002197869234 0
      vertex 2.381569860407206 1.375 0
    endloop
  endfacet
  facet normal 0 0 -1
    outer loop
      vertex 3 5.196152422706632 0
      vertex 2.584154707161248 0.940555394145589 0
      vertex 2.4923464143507874 1.1622002197869234 0
    endloop
  endfacet
  facet normal 0 0 -1
    outer loop
      vertex 3 5.196152422706632 0
      vertex 2.6562960222949377 0.711752374031932 0
      vertex 2.584154707161248 0.940555394145589 0
    endloop
  endfacet
  facet normal 0 0 -1
    outer loop
      vertex 0 6 0
      vertex 0.23967829255605996 2.7395354197523 0
      vertex 0 2.75 0
    endloop
  endfacet
  facet normal 0 0 -1
    outer loop
      vertex 0.522934456485949 5.977168188550474 0
      vertex 0.4775324885840584 2.708221320783572 0
      vertex 0.23967829255605996 2.7395354197523 0
    endloop
  endfacet
  facet normal 0 0 -1
    outer loop
      vertex 1.041889066001582 5.908846518073248 0
      vertex 0.711752374031932 2.6562960222949377 0
      vertex 0.4775324885840584 2.708221320783572 0
    endloop
  endfacet
  facet normal 0 0 -1
    outer loop
      vertex 1.041889066001582 5.908846518073248 0
      vertex 0.940555394145589 2.584154707161248 0
      vertex 0.711752374031932 2.6562960222949377 0
    endloop
  endfacet
  facet normal 0 0 -1
    outer loop
      vertex 1.5529142706151244 5.79555495773441 0
      vertex 1.1622002197869234 2.4923464143507874 0
      vertex 0.940555394145589 2.584154707161248 0
    endloop
  endfacet
  facet normal 0 0 -1
    outer loop
      vertex 1.5529142706151244 5.79555495773441 0
      vertex 1.375 2.381569860407206 0
      vertex 1.1622002197869234 2.4923464143507874 0
    endloop
  endfacet
  facet normal 0 0 -1
    outer loop
      vertex 0 6 0
      vertex 0.522934456485949 5.977168188550474 0
      vertex 0.23967829255605996 2.7395354197523 0
    endloop
  endfacet
  facet normal 0 0 -1
    outer loop
      vertex 0.522934456485949 5.977168188550474 0
      vertex 1.041889066001582 5.908846518073248 0
      vertex 0.4775324885840584 2.708221320783572 0
    endloop
  endfacet
  facet normal 0 0 -1
    outer loop
      vertex 1.041889066001582 5.908846518073248 0
      vertex 1.5529142706151244 5.79555495773441 0
      vertex 0.940555394145589 2.584154707161248 0
    endloop
  endfacet
  facet normal 0 0 -1
    outer loop
      vertex 2.0521208599540124 5.638155724715451 0
      vertex 1.7676659266379828 2.1066222185771895 0
      vertex 1.5773351999653766 2.2526681217947275 0
    endloop
  endfacet
  facet normal 0 0 -1
    outer loop
      vertex 2.0521208599540124 5.638155724715451 0
      vertex 1.5773351999653766 2.2526681217947275 0
      vertex 1.375 2.381569860407206 0
    endloop
  endfacet
  facet normal 0 0 -1
    outer loop
      vertex 2.0521208599540124 5.638155724715451 0
      vertex 1.9445436482630059 1.9445436482630059 0
      vertex 1.7676659266379828 2.1066222185771895 0
    endloop
  endfacet
  facet normal 0 0 -1
    outer loop
      vertex 2.5357095704441965 5.437846722219899 0
      vertex 2.1066222185771895 1.7676659266379828 0
      vertex 1.9445436482630059 1.9445436482630059 0
    endloop
  endfacet
  facet normal 0 0 -1
    outer loop
      vertex 2.0521208599540124 5.638155724715451 0
      vertex 2.5357095704441965 5.437846722219899 0
      vertex 1.9445436482630059 1.9445436482630059 0
    endloop
  endfacet
  facet normal 0 0 -1
    outer loop
      vertex 2.5357095704441965 5.437846722219899 0
      vertex 3 5.196152422706632 0
      vertex 2.4923464143507874 1.1622002197869234 0
    endloop
  endfacet
  facet normal 0 0 -1
    outer loop
      vertex 1.5529142706151244 5.79555495773441 0
      vertex 2.0521208599540124 5.638155724715451 0
      vertex 1.375 2.381569860407206 0
    endloop
  endfacet
  facet normal 0.043619387365335 0.9990482215818578 0
    outer loop
      vertex 0 6 0
      vertex 0 6 10.5
      vertex 0.522934456485949 5.977168188550474 0
    endloop
  endfacet
  facet normal 0.13052619222005343 0.9914448613738102 0
    outer loop
      vertex 0.522934456485949 5.977168188550474 0
      vertex 0.522934456485949 5.977168188550474 10.5
      vertex 1.041889066001582 5.908846518073248 0
    endloop
  endfacet
  facet normal 0.21643961393810138 0.9762960071199337 0
    outer loop
      vertex 1.041889066001582 5.908846518073248 0
      vertex 1.041889066001582 5.908846518073248 10.5
      vertex 1.5529142706151244 5.79555495773441 0
    endloop
  endfacet
  facet normal 0.30070579950427323 0.9537169507482268 0
    outer loop
      vertex 1.5529142706151244 5.79555495773441 0
      vertex 1.5529142706151244 5.79555495773441 10.5
      vertex 2.0521208599540124 5.638155724715451 0
    endloop
  endfacet
  facet normal 0.38268343236509084 0.9238795325112864 0
    outer loop
      vertex 2.0521208599540124 5.638155724715451 0
      vertex 2.0521208599540124 5.638155724715451 10.5
      vertex 2.5357095704441965 5.437846722219899 0
    endloop
  endfacet
  facet normal 0.46174861323503313 0.8870108331782222 0
    outer loop
      vertex 2.5357095704441965 5.437846722219899 0
      vertex 2.5357095704441965 5.437846722219899 10.5
      vertex 3 5.196152422706632 0
    endloop
  endfacet
  facet normal 0 0 -1
    outer loop
      vertex 3.8567256581192355 -4.596266658713868 0
      vertex 3.8567256581192355 4.596266658713868 0
      vertex 4.242640687119286 4.242640687119286 0
    endloop
  endfacet
  facet normal 0 0 -1
    outer loop
      vertex 4.242640687119286 -4.242640687119286 0
      vertex 4.242640687119286 4.242640687119286 0
      vertex 4.596266658713868 3.8567256581192355 0
    endloop
  endfacet
  facet normal 0 0 -1
    outer loop
      vertex 3 -5.196152422706632 0
      vertex 3 5.196152422706632 0
      vertex 3.4414586181062763 4.914912265733951 0
    endloop
  endfacet
  facet normal 0 0 -1
    outer loop
      vertex 3.4414586181062763 -4.914912265733951 0
      vertex 3.4414586181062763 4.914912265733951 0
      vertex 3.8567256581192355 4.596266658713868 0
    endloop
  endfacet
  facet normal 0 0 -1
    outer loop
      vertex 4.596266658713868 -3.8567256581192355 0
      vertex 4.596266658713868 3.8567256581192355 0
      vertex 4.914912265733951 3.4414586181062763 0
    endloop
  endfacet
  facet normal 0 0 -1
    outer loop
      vertex 4.914912265733951 -3.4414586181062763 0
      vertex 4.914912265733951 3.4414586181062763 0
      vertex 5.196152422706632 3 0
    endloop
  endfacet
  facet normal 0 0 -1
    outer loop
      vertex 5.437846722219899 -2.5357095704441965 0
      vertex 5.437846722219899 2.5357095704441965 0
      vertex 5.638155724715451 2.0521208599540124 0
    endloop
  endfacet
  facet normal 0 0 -1
    outer loop
      vertex 5.977168188550474 -0.522934456485949 0
      vertex 5.977168188550474 0.522934456485949 0
      vertex 6 0 0
    endloop
  endfacet
  facet normal 0 0 -1
    outer loop
      vertex 5.908846518073248 -1.041889066001582 0
      vertex 5.908846518073248 1.041889066001582 0
      vertex 5.977168188550474 0.522934456485949 0
    endloop
  endfacet
  facet normal 0 0 -1
    outer loop
      vertex 5.79555495773441 -1.5529142706151244 0
      vertex 5.79555495773441 1.5529142706151244 0
      vertex 5.908846518073248 1.041889066001582 0
    endloop
  endfacet
  facet normal 0 0 -1
    outer loop
      vertex 5.638155724715451 -2.0521208599540124 0
      vertex 5.638155724715451 2.0521208599540124 0
      vertex 5.79555495773441 1.5529142706151244 0
    endloop
  endfacet
  facet normal 0 0 -1
    outer loop
      vertex 5.196152422706632 -3 0
      vertex 5.196152422706632 3 0
      vertex 5.437846722219899 2.5357095704441965 0
    endloop
  endfacet
  facet normal 0.9990482215818578 0.043619387365335 0
    outer loop
      vertex 6 0 0
      vertex 5.977168188550474 0.522934456485949 0
      vertex 6 0 10.5
    endloop
  endfacet
  facet normal 0.9914448613738102 0.13052619222005343 0
    outer loop
      vertex 5.977168188550474 0.522934456485949 0
      vertex 5.908846518073248 1.041889066001582 0
      vertex 5.977168188550474 0.522934456485949 10.5
    endloop
  endfacet
  facet normal 0.9762960071199337 0.21643961393810138 0
    outer loop
      vertex 5.908846518073248 1.041889066001582 0
      vertex 5.79555495773441 1.5529142706151244 0
      vertex 5.908846518073248 1.041889066001582 10.5
    endloop
  endfacet
  facet normal 0.9238795325112864 0.38268343236509084 0
    outer loop
      vertex 5.638155724715451 2.0521208599540124 0
      vertex 5.437846722219899 2.5357095704441965 0
      vertex 5.638155724715451 2.0521208599540124 10.5
    endloop
  endfacet
  facet normal 0.9537169507482268 0.30070579950427323 0
    outer loop
      vertex 5.79555495773441 1.5529142706151244 0
      vertex 5.638155724715451 2.0521208599540124 0
      vertex 5.79555495773441 1.5529142706151244 10.5
    endloop
  endfacet
  facet normal 0.8870108331782222 0.46174861323503313 0
    outer loop
      vertex 5.437846722219899 2.5357095704441965 0
      vertex 5.196152422706632 3 0
      vertex 5.437846722219899 2.5357095704441965 10.5
    endloop
  endfacet
  facet normal 0.6755902076156589 0.7372773368101252 -1.5384031137150255e-18
    outer loop
      vertex 4.242640687119286 4.242640687119286 0
      vertex 3.8567256581192355 4.596266658713868 0
      vertex 3.8567256581192355 4.596266658713868 10.5
    endloop
  endfacet
  facet normal 0.7372773368101252 0.6755902076156589 -1.5384031137150255e-18
    outer loop
      vertex 4.242640687119286 4.242640687119286 0
      vertex 4.596266658713868 3.8567256581192355 10.5
      vertex 4.596266658713868 3.8567256581192355 0
    endloop
  endfacet
  facet normal 0.5372996083468244 0.8433914458128853 0
    outer loop
      vertex 3 5.196152422706632 0
      vertex 3 5.196152422706632 10.5
      vertex 3.4414586181062763 4.914912265733951 0
    endloop
  endfacet
  facet normal 0.6087614290087204 0.7933533402912353 0
    outer loop
      vertex 3.4414586181062763 4.914912265733951 0
      vertex 3.4414586181062763 4.914912265733951 10.5
      vertex 3.8567256581192355 4.596266658713868 0
    endloop
  endfacet
  facet normal 0.7933533402912353 0.6087614290087204 0
    outer loop
      vertex 4.914912265733951 3.4414586181062763 0
      vertex 4.596266658713868 3.8567256581192355 0
      vertex 4.914912265733951 3.4414586181062763 10.5
    endloop
  endfacet
  facet normal 0.8433914458128853 0.5372996083468244 0
    outer loop
      vertex 5.196152422706632 3 0
      vertex 4.914912265733951 3.4414586181062763 0
      vertex 5.196152422706632 3 10.5
    endloop
  endfacet
  facet normal 0 0 1
    outer loop
      vertex 3 -5.196152422706632 10.5
      vertex 2.5357095704441965 5.437846722219899 10.5
      vertex 2.75 0 10.5
    endloop
  endfacet
  facet normal 0 0 1
    outer loop
      vertex 2.0521208599540124 5.638155724715451 10.5
      vertex 2.1066222185771895 1.7676659266379828 10.5
      vertex 2.2526681217947275 1.5773351999653766 10.5
    endloop
  endfacet
  facet normal 0 0 1
    outer loop
      vertex 3 -5.196152422706632 10.5
      vertex 3 5.196152422706632 10.5
      vertex 2.5357095704441965 5.437846722219899 10.5
    endloop
  endfacet
  facet normal 0 0 1
    outer loop
      vertex 2.5357095704441965 5.437846722219899 10.5
      vertex 2.7395354197523 0.23967829255605996 10.5
      vertex 2.75 0 10.5
    endloop
  endfacet
  facet normal 0 0 1
    outer loop
      vertex 2.5357095704441965 5.437846722219899 10.5
      vertex 2.708221320783572 0.4775324885840584 10.5
      vertex 2.7395354197523 0.23967829255605996 10.5
    endloop
  endfacet
  facet normal 0 0 1
    outer loop
      vertex 2.5357095704441965 5.437846722219899 10.5
      vertex 2.6562960222949377 0.711752374031932 10.5
      vertex 2.708221320783572 0.4775324885840584 10.5
    endloop
  endfacet
  facet normal 0 0 1
    outer loop
      vertex 2.5357095704441965 5.437846722219899 10.5
      vertex 2.584154707161248 0.940555394145589 10.5
      vertex 2.6562960222949377 0.711752374031932 10.5
    endloop
  endfacet
  facet normal 0 0 1
    outer loop
      vertex 2.5357095704441965 5.437846722219899 10.5
      vertex 2.4923464143507874 1.1622002197869234 10.5
      vertex 2.584154707161248 0.940555394145589 10.5
    endloop
  endfacet
  facet normal 0 0 1
    outer loop
      vertex 2.5357095704441965 5.437846722219899 10.5
      vertex 2.2526681217947275 1.5773351999653766 10.5
      vertex 2.381569860407206 1.375 10.5
    endloop
  endfacet
  facet normal 0 0 1
    outer loop
      vertex 2.5357095704441965 5.437846722219899 10.5
      vertex 2.381569860407206 1.375 10.5
      vertex 2.4923464143507874 1.1622002197869234 10.5
    endloop
  endfacet
  facet normal 0.043619387365335 0.9990482215818578 0
    outer loop
      vertex 0.522934456485949 5.977168188550474 0
      vertex 0 6 10.5
      vertex 0.522934456485949 5.977168188550474 10.5
    endloop
  endfacet
  facet normal 0.13052619222005343 0.9914448613738102 0
    outer loop
      vertex 1.041889066001582 5.908846518073248 0
      vertex 0.522934456485949 5.977168188550474 10.5
      vertex 1.041889066001582 5.908846518073248 10.5
    endloop
  endfacet
  facet normal 0.21643961393810138 0.9762960071199337 0
    outer loop
      vertex 1.5529142706151244 5.79555495773441 0
      vertex 1.041889066001582 5.908846518073248 10.5
      vertex 1.5529142706151244 5.79555495773441 10.5
    endloop
  endfacet
  facet normal 0.30070579950427323 0.9537169507482268 0
    outer loop
      vertex 2.0521208599540124 5.638155724715451 0
      vertex 1.5529142706151244 5.79555495773441 10.5
      vertex 2.0521208599540124 5.638155724715451 10.5
    endloop
  endfacet
  facet normal 0.38268343236509084 0.9238795325112864 0
    outer loop
      vertex 2.5357095704441965 5.437846722219899 0
      vertex 2.0521208599540124 5.638155724715451 10.5
      vertex 2.5357095704441965 5.437846722219899 10.5
    endloop
  endfacet
  facet normal 0.46174861323503313 0.8870108331782222 0
    outer loop
      vertex 3 5.196152422706632 0
      vertex 2.5357095704441965 5.437846722219899 10.5
      vertex 3 5.196152422706632 10.5
    endloop
  endfacet
  facet normal 0 0 1
    outer loop
      vertex 0 6 10.5
      vertex 0 2.75 10.5
      vertex 0.23967829255605996 2.7395354197523 10.5
    endloop
  endfacet
  facet normal 0 0 1
    outer loop
      vertex 0.522934456485949 5.977168188550474 10.5
      vertex 0.23967829255605996 2.7395354197523 10.5
      vertex 0.4775324885840584 2.708221320783572 10.5
    endloop
  endfacet
  facet normal 0 0 1
    outer loop
      vertex 0.522934456485949 5.977168188550474 10.5
      vertex 0.4775324885840584 2.708221320783572 10.5
      vertex 0.711752374031932 2.6562960222949377 10.5
    endloop
  endfacet
  facet normal 0 0 1
    outer loop
      vertex 1.041889066001582 5.908846518073248 10.5
      vertex 0.711752374031932 2.6562960222949377 10.5
      vertex 0.940555394145589 2.584154707161248 10.5
    endloop
  endfacet
  facet normal 0 0 1
    outer loop
      vertex 1.041889066001582 5.908846518073248 10.5
      vertex 0.940555394145589 2.584154707161248 10.5
      vertex 1.1622002197869234 2.4923464143507874 10.5
    endloop
  endfacet
  facet normal 0 0 1
    outer loop
      vertex 1.041889066001582 5.908846518073248 10.5
      vertex 1.1622002197869234 2.4923464143507874 10.5
      vertex 1.375 2.381569860407206 10.5
    endloop
  endfacet
  facet normal 0 0 1
    outer loop
      vertex 0 6 10.5
      vertex 0.23967829255605996 2.7395354197523 10.5
      vertex 0.522934456485949 5.977168188550474 10.5
    endloop
  endfacet
  facet normal 0 0 1
    outer loop
      vertex 0.522934456485949 5.977168188550474 10.5
      vertex 0.711752374031932 2.6562960222949377 10.5
      vertex 1.041889066001582 5.908846518073248 10.5
    endloop
  endfacet
  facet normal 0 0 1
    outer loop
      vertex 1.041889066001582 5.908846518073248 10.5
      vertex 1.375 2.381569860407206 10.5
      vertex 1.5529142706151244 5.79555495773441 10.5
    endloop
  endfacet
  facet normal 0 0 1
    outer loop
      vertex 1.5529142706151244 5.79555495773441 10.5
      vertex 1.375 2.381569860407206 10.5
      vertex 1.5773351999653766 2.2526681217947275 10.5
    endloop
  endfacet
  facet normal 0 0 1
    outer loop
      vertex 1.5529142706151244 5.79555495773441 10.5
      vertex 1.5773351999653766 2.2526681217947275 10.5
      vertex 1.7676659266379828 2.1066222185771895 10.5
    endloop
  endfacet
  facet normal 0 0 1
    outer loop
      vertex 2.0521208599540124 5.638155724715451 10.5
      vertex 1.9445436482630059 1.9445436482630059 10.5
      vertex 2.1066222185771895 1.7676659266379828 10.5
    endloop
  endfacet
  facet normal 0 0 1
    outer loop
      vertex 2.0521208599540124 5.638155724715451 10.5
      vertex 1.7676659266379828 2.1066222185771895 10.5
      vertex 1.9445436482630059 1.9445436482630059 10.5
    endloop
  endfacet
  facet normal 0 0 1
    outer loop
      vertex 2.0521208599540124 5.638155724715451 10.5
      vertex 2.2526681217947275 1.5773351999653766 10.5
      vertex 2.5357095704441965 5.437846722219899 10.5
    endloop
  endfacet
  facet normal 0 0 1
    outer loop
      vertex 1.5529142706151244 5.79555495773441 10.5
      vertex 1.7676659266379828 2.1066222185771895 10.5
      vertex 2.0521208599540124 5.638155724715451 10.5
    endloop
  endfacet
  facet normal 0.9990482215818578 0.043619387365335 0
    outer loop
      vertex 5.977168188550474 0.522934456485949 0
      vertex 5.977168188550474 0.522934456485949 10.5
      vertex 6 0 10.5
    endloop
  endfacet
  facet normal 0.9914448613738102 0.13052619222005343 0
    outer loop
      vertex 5.908846518073248 1.041889066001582 0
      vertex 5.908846518073248 1.041889066001582 10.5
      vertex 5.977168188550474 0.522934456485949 10.5
    endloop
  endfacet
  facet normal 0.9762960071199337 0.21643961393810138 0
    outer loop
      vertex 5.79555495773441 1.5529142706151244 0
      vertex 5.79555495773441 1.5529142706151244 10.5
      vertex 5.908846518073248 1.041889066001582 10.5
    endloop
  endfacet
  facet normal 0.9537169507482268 0.30070579950427323 0
    outer loop
      vertex 5.638155724715451 2.0521208599540124 0
      vertex 5.638155724715451 2.0521208599540124 10.5
      vertex 5.79555495773441 1.5529142706151244 10.5
    endloop
  endfacet
  facet normal 0.9238795325112864 0.38268343236509084 0
    outer loop
      vertex 5.437846722219899 2.5357095704441965 0
      vertex 5.437846722219899 2.5357095704441965 10.5
      vertex 5.638155724715451 2.0521208599540124 10.5
    endloop
  endfacet
  facet normal 0.8870108331782222 0.46174861323503313 0
    outer loop
      vertex 5.196152422706632 3 0
      vertex 5.196152422706632 3 10.5
      vertex 5.437846722219899 2.5357095704441965 10.5
    endloop
  endfacet
  facet normal 0 0 1
    outer loop
      vertex 4.596266658713868 -3.8567256581192355 10.5
      vertex 4.596266658713868 3.8567256581192355 10.5
      vertex 4.242640687119286 4.242640687119286 10.5
    endloop
  endfacet
  facet normal 0 0 1
    outer loop
      vertex 3.4414586181062763 -4.914912265733951 10.5
      vertex 3.4414586181062763 4.914912265733951 10.5
      vertex 3 5.196152422706632 10.5
    endloop
  endfacet
  facet normal 0 0 1
    outer loop
      vertex 3.8567256581192355 -4.596266658713868 10.5
      vertex 3.8567256581192355 4.596266658713868 10.5
      vertex 3.4414586181062763 4.914912265733951 10.5
    endloop
  endfacet
  facet normal 0 0 1
    outer loop
      vertex 4.242640687119286 -4.242640687119286 10.5
      vertex 4.242640687119286 4.242640687119286 10.5
      vertex 3.8567256581192355 4.596266658713868 10.5
    endloop
  endfacet
  facet normal 0 0 1
    outer loop
      vertex 4.914912265733951 -3.4414586181062763 10.5
      vertex 4.914912265733951 3.4414586181062763 10.5
      vertex 4.596266658713868 3.8567256581192355 10.5
    endloop
  endfacet
  facet normal 0 0 1
    outer loop
      vertex 5.196152422706632 -3 10.5
      vertex 5.196152422706632 3 10.5
      vertex 4.914912265733951 3.4414586181062763 10.5
    endloop
  endfacet
  facet normal 0 0 1
    outer loop
      vertex 5.977168188550474 -0.522934456485949 10.5
      vertex 6 0 10.5
      vertex 5.977168188550474 0.522934456485949 10.5
    endloop
  endfacet
  facet normal 0 0 1
    outer loop
      vertex 5.977168188550474 -0.522934456485949 10.5
      vertex 5.977168188550474 0.522934456485949 10.5
      vertex 5.908846518073248 1.041889066001582 10.5
    endloop
  endfacet
  facet normal 0 0 1
    outer loop
      vertex 5.79555495773441 -1.5529142706151244 10.5
      vertex 5.79555495773441 1.5529142706151244 10.5
      vertex 5.638155724715451 2.0521208599540124 10.5
    endloop
  endfacet
  facet normal 0 0 1
    outer loop
      vertex 5.908846518073248 -1.041889066001582 10.5
      vertex 5.908846518073248 1.041889066001582 10.5
      vertex 5.79555495773441 1.5529142706151244 10.5
    endloop
  endfacet
  facet normal 0 0 1
    outer loop
      vertex 5.437846722219899 -2.5357095704441965 10.5
      vertex 5.437846722219899 2.5357095704441965 10.5
      vertex 5.196152422706632 3 10.5
    endloop
  endfacet
  facet normal 0 0 1
    outer loop
      vertex 5.638155724715451 -2.0521208599540124 10.5
      vertex 5.638155724715451 2.0521208599540124 10.5
      vertex 5.437846722219899 2.5357095704441965 10.5
    endloop
  endfacet
  facet normal 0.6755902076156589 0.7372773368101252 0
    outer loop
      vertex 4.242640687119286 4.242640687119286 0
      vertex 3.8567256581192355 4.596266658713868 10.5
      vertex 4.242640687119286 4.242640687119286 10.5
    endloop
  endfacet
  facet normal 0.7372773368101252 0.6755902076156589 0
    outer loop
      vertex 4.242640687119286 4.242640687119286 0
      vertex 4.242640687119286 4.242640687119286 10.5
      vertex 4.596266658713868 3.8567256581192355 10.5
    endloop
  endfacet
  facet normal 0.5372996083468244 0.8433914458128853 0
    outer loop
      vertex 3.4414586181062763 4.914912265733951 0
      vertex 3 5.196152422706632 10.5
      vertex 3.4414586181062763 4.914912265733951 10.5
    endloop
  endfacet
  facet normal 0.6087614290087204 0.7933533402912353 0
    outer loop
      vertex 3.8567256581192355 4.596266658713868 0
      vertex 3.4414586181062763 4.914912265733951 10.5
      vertex 3.8567256581192355 4.596266658713868 10.5
    endloop
  endfacet
  facet normal 0.7933533402912353 0.6087614290087204 0
    outer loop
      vertex 4.596266658713868 3.8567256581192355 0
      vertex 4.596266658713868 3.8567256581192355 10.5
      vertex 4.914912265733951 3.4414586181062763 10.5
    endloop
  endfacet
  facet normal 0.8433914458128853 0.5372996083468244 0
    outer loop
      vertex 4.914912265733951 3.4414586181062763 0
      vertex 4.914912265733951 3.4414586181062763 10.5
      vertex 5.196152422706632 3 10.5
    endloop
  endfacet
  facet normal 0.5372996083468236 0.8433914458128859 0
    outer loop
      vertex -1.5773351999653766 -2.2526681217947275 0
      vertex -1.5773351999653766 -2.2526681217947275 10.5
      vertex -1.375 -2.381569860407206 0
    endloop
  endfacet
  facet normal 0.6755902076156586 0.7372773368101255 0
    outer loop
      vertex -1.9445436482630059 -1.9445436482630059 10.5
      vertex -1.7676659266379828 -2.1066222185771895 0
      vertex -1.9445436482630059 -1.9445436482630059 0
    endloop
  endfacet
  facet normal 0.7933533402912344 0.6087614290087218 3.9115480079713777e-19
    outer loop
      vertex -2.1066222185771895 -1.7676659266379828 0
      vertex -2.2526681217947275 -1.5773351999653766 0
      vertex -2.2526681217947275 -1.5773351999653766 10.5
    endloop
  endfacet
  facet normal 0.7372773368101255 0.6755902076156586 -1.1114195713120145e-19
    outer loop
      vertex -1.9445436482630059 -1.9445436482630059 0
      vertex -2.1066222185771895 -1.7676659266379828 0
      vertex -2.1066222185771895 -1.7676659266379828 10.5
    endloop
  endfacet
  facet normal 0.6087614290087218 0.7933533402912344 0
    outer loop
      vertex -1.7676659266379828 -2.1066222185771895 0
      vertex -1.7676659266379828 -2.1066222185771895 10.5
      vertex -1.5773351999653766 -2.2526681217947275 0
    endloop
  endfacet
  facet normal 0.953716950748227 0.30070579950427256 -6.798837075730051e-19
    outer loop
      vertex -2.584154707161248 -0.940555394145589 0
      vertex -2.6562960222949377 -0.711752374031932 0
      vertex -2.6562960222949377 -0.711752374031932 10.5
    endloop
  endfacet
  facet normal 0.8870108331782215 0.4617486132350342 0
    outer loop
      vertex -2.4923464143507874 -1.1622002197869234 10.5
      vertex -2.381569860407206 -1.375 0
      vertex -2.4923464143507874 -1.1622002197869234 0
    endloop
  endfacet
  facet normal 0.8433914458128859 0.5372996083468236 -7.791544336851437e-20
    outer loop
      vertex -2.2526681217947275 -1.5773351999653766 0
      vertex -2.381569860407206 -1.375 0
      vertex -2.381569860407206 -1.375 10.5
    endloop
  endfacet
  facet normal 0.9238795325112868 0.3826834323650897 1.6544708717089615e-19
    outer loop
      vertex -2.4923464143507874 -1.1622002197869234 0
      vertex -2.584154707161248 -0.940555394145589 0
      vertex -2.584154707161248 -0.940555394145589 10.5
    endloop
  endfacet
  facet normal 0.9762960071199333 0.21643961393810326 2.8136756837505887e-19
    outer loop
      vertex -2.6562960222949377 -0.711752374031932 0
      vertex -2.708221320783572 -0.4775324885840584 0
      vertex -2.708221320783572 -0.4775324885840584 10.5
    endloop
  endfacet
  facet normal 0.9914448613738105 0.13052619222005118 -1.0917728197986457e-19
    outer loop
      vertex -2.708221320783572 -0.4775324885840584 0
      vertex -2.7395354197523 -0.23967829255605996 0
      vertex -2.7395354197523 -0.23967829255605996 10.5
    endloop
  endfacet
  facet normal 0.9990482215818578 0.04361938736533655 -2.1997915551094175e-20
    outer loop
      vertex -2.7395354197523 -0.23967829255605996 0
      vertex -2.75 0 0
      vertex -2.75 0 10.5
    endloop
  endfacet
  facet normal 0.4617486132350342 0.8870108331782215 0
    outer loop
      vertex -1.375 -2.381569860407206 0
      vertex -1.375 -2.381569860407206 10.5
      vertex -1.1622002197869234 -2.4923464143507874 0
    endloop
  endfacet
  facet normal 0.3826834323650897 0.9238795325112868 0
    outer loop
      vertex -1.1622002197869234 -2.4923464143507874 0
      vertex -1.1622002197869234 -2.4923464143507874 10.5
      vertex -0.940555394145589 -2.584154707161248 0
    endloop
  endfacet
  facet normal 0.30070579950427256 0.953716950748227 0
    outer loop
      vertex -0.940555394145589 -2.584154707161248 10.5
      vertex -0.711752374031932 -2.6562960222949377 0
      vertex -0.940555394145589 -2.584154707161248 0
    endloop
  endfacet
  facet normal 0.21643961393810326 0.9762960071199333 0
    outer loop
      vertex -0.711752374031932 -2.6562960222949377 0
      vertex -0.711752374031932 -2.6562960222949377 10.5
      vertex -0.4775324885840584 -2.708221320783572 0
    endloop
  endfacet
  facet normal 0.13052619222005118 0.9914448613738105 0
    outer loop
      vertex -0.4775324885840584 -2.708221320783572 10.5
      vertex -0.23967829255605996 -2.7395354197523 0
      vertex -0.4775324885840584 -2.708221320783572 0
    endloop
  endfacet
  facet normal 0.04361938736533655 0.9990482215818578 0
    outer loop
      vertex -0.23967829255605996 -2.7395354197523 0
      vertex -0.23967829255605996 -2.7395354197523 10.5
      vertex 0 -2.75 0
    endloop
  endfacet
  facet normal 0.8433914458128859 0.5372996083468236 0
    outer loop
      vertex -2.2526681217947275 -1.5773351999653766 0
      vertex -2.381569860407206 -1.375 10.5
      vertex -2.2526681217947275 -1.5773351999653766 10.5
    endloop
  endfacet
  facet normal 0.7372773368101255 0.6755902076156586 -1.1114195713120145e-19
    outer loop
      vertex -2.1066222185771895 -1.7676659266379828 10.5
      vertex -1.9445436482630059 -1.9445436482630059 10.5
      vertex -1.9445436482630059 -1.9445436482630059 0
    endloop
  endfacet
  facet normal 0.7933533402912344 0.6087614290087218 3.9115480079713777e-19
    outer loop
      vertex -2.2526681217947275 -1.5773351999653766 10.5
      vertex -2.1066222185771895 -1.7676659266379828 10.5
      vertex -2.1066222185771895 -1.7676659266379828 0
    endloop
  endfacet
  facet normal 0.6755902076156586 0.7372773368101255 0
    outer loop
      vertex -1.7676659266379828 -2.1066222185771895 0
      vertex -1.9445436482630059 -1.9445436482630059 10.5
      vertex -1.7676659266379828 -2.1066222185771895 10.5
    endloop
  endfacet
  facet normal 0.6087614290087218 0.7933533402912344 0
    outer loop
      vertex -1.5773351999653766 -2.2526681217947275 0
      vertex -1.7676659266379828 -2.1066222185771895 10.5
      vertex -1.5773351999653766 -2.2526681217947275 10.5
    endloop
  endfacet
  facet normal 0.8870108331782215 0.4617486132350342 7.735437469129088e-20
    outer loop
      vertex -2.4923464143507874 -1.1622002197869234 10.5
      vertex -2.381569860407206 -1.375 10.5
      vertex -2.381569860407206 -1.375 0
    endloop
  endfacet
  facet normal 0.9238795325112868 0.3826834323650897 1.6544708717089615e-19
    outer loop
      vertex -2.584154707161248 -0.940555394145589 10.5
      vertex -2.4923464143507874 -1.1622002197869234 10.5
      vertex -2.4923464143507874 -1.1622002197869234 0
    endloop
  endfacet
  facet normal 0.953716950748227 0.30070579950427256 0
    outer loop
      vertex -2.584154707161248 -0.940555394145589 0
      vertex -2.6562960222949377 -0.711752374031932 10.5
      vertex -2.584154707161248 -0.940555394145589 10.5
    endloop
  endfacet
  facet normal 0.9762960071199333 0.21643961393810326 0
    outer loop
      vertex -2.6562960222949377 -0.711752374031932 0
      vertex -2.708221320783572 -0.4775324885840584 10.5
      vertex -2.6562960222949377 -0.711752374031932 10.5
    endloop
  endfacet
  facet normal 0.9914448613738105 0.13052619222005118 0
    outer loop
      vertex -2.708221320783572 -0.4775324885840584 0
      vertex -2.7395354197523 -0.23967829255605996 10.5
      vertex -2.708221320783572 -0.4775324885840584 10.5
    endloop
  endfacet
  facet normal 0.9990482215818578 0.04361938736533655 0
    outer loop
      vertex -2.7395354197523 -0.23967829255605996 0
      vertex -2.75 0 10.5
      vertex -2.7395354197523 -0.23967829255605996 10.5
    endloop
  endfacet
  facet normal 0.5372996083468236 0.8433914458128859 0
    outer loop
      vertex -1.375 -2.381569860407206 0
      vertex -1.5773351999653766 -2.2526681217947275 10.5
      vertex -1.375 -2.381569860407206 10.5
    endloop
  endfacet
  facet normal 0.4617486132350342 0.8870108331782215 0
    outer loop
      vertex -1.1622002197869234 -2.4923464143507874 0
      vertex -1.375 -2.381569860407206 10.5
      vertex -1.1622002197869234 -2.4923464143507874 10.5
    endloop
  endfacet
  facet normal 0.30070579950427256 0.953716950748227 0
    outer loop
      vertex -0.711752374031932 -2.6562960222949377 0
      vertex -0.940555394145589 -2.584154707161248 10.5
      vertex -0.711752374031932 -2.6562960222949377 10.5
    endloop
  endfacet
  facet normal 0.3826834323650897 0.9238795325112868 0
    outer loop
      vertex -0.940555394145589 -2.584154707161248 10.5
      vertex -0.940555394145589 -2.584154707161248 0
      vertex -1.1622002197869234 -2.4923464143507874 10.5
    endloop
  endfacet
  facet normal 0.21643961393810326 0.9762960071199333 0
    outer loop
      vertex -0.4775324885840584 -2.708221320783572 10.5
      vertex -0.4775324885840584 -2.708221320783572 0
      vertex -0.711752374031932 -2.6562960222949377 10.5
    endloop
  endfacet
  facet normal 0.13052619222005118 0.9914448613738105 0
    outer loop
      vertex -0.23967829255605996 -2.7395354197523 0
      vertex -0.4775324885840584 -2.708221320783572 10.5
      vertex -0.23967829255605996 -2.7395354197523 10.5
    endloop
  endfacet
  facet normal 0.04361938736533655 0.9990482215818578 0
    outer loop
      vertex 0 -2.75 0
      vertex -0.23967829255605996 -2.7395354197523 10.5
      vertex 0 -2.75 10.5
    endloop
  endfacet
  facet normal 0.9990482215818578 -0.04361938736533655 2.1997915551094175e-20
    outer loop
      vertex -2.75 0 0
      vertex -2.7395354197523 0.23967829255605996 0
      vertex -2.7395354197523 0.23967829255605996 10.5
    endloop
  endfacet
  facet normal 0.9914448613738105 -0.13052619222005118 1.0917728197986457e-19
    outer loop
      vertex -2.7395354197523 0.23967829255605996 0
      vertex -2.708221320783572 0.4775324885840584 0
      vertex -2.708221320783572 0.4775324885840584 10.5
    endloop
  endfacet
  facet normal 0.9762960071199333 -0.21643961393810326 -2.8136756837505887e-19
    outer loop
      vertex -2.708221320783572 0.4775324885840584 0
      vertex -2.6562960222949377 0.711752374031932 0
      vertex -2.6562960222949377 0.711752374031932 10.5
    endloop
  endfacet
  facet normal 0.953716950748227 -0.30070579950427256 6.798837075730051e-19
    outer loop
      vertex -2.6562960222949377 0.711752374031932 0
      vertex -2.584154707161248 0.940555394145589 0
      vertex -2.584154707161248 0.940555394145589 10.5
    endloop
  endfacet
  facet normal 0.9238795325112868 -0.3826834323650897 -1.6544708717089615e-19
    outer loop
      vertex -2.584154707161248 0.940555394145589 0
      vertex -2.4923464143507874 1.1622002197869234 0
      vertex -2.4923464143507874 1.1622002197869234 10.5
    endloop
  endfacet
  facet normal 0.8870108331782215 -0.4617486132350342 0
    outer loop
      vertex -2.381569860407206 1.375 10.5
      vertex -2.4923464143507874 1.1622002197869234 0
      vertex -2.381569860407206 1.375 0
    endloop
  endfacet
  facet normal 0.8433914458128859 -0.5372996083468236 7.791544336851437e-20
    outer loop
      vertex -2.381569860407206 1.375 0
      vertex -2.2526681217947275 1.5773351999653766 0
      vertex -2.2526681217947275 1.5773351999653766 10.5
    endloop
  endfacet
  facet normal 0.7933533402912344 -0.6087614290087218 -3.9115480079713777e-19
    outer loop
      vertex -2.2526681217947275 1.5773351999653766 0
      vertex -2.1066222185771895 1.7676659266379828 0
      vertex -2.1066222185771895 1.7676659266379828 10.5
    endloop
  endfacet
  facet normal 0.7372773368101255 -0.6755902076156586 1.1114195713120145e-19
    outer loop
      vertex -2.1066222185771895 1.7676659266379828 0
      vertex -1.9445436482630059 1.9445436482630059 0
      vertex -1.9445436482630059 1.9445436482630059 10.5
    endloop
  endfacet
  facet normal 0.6755902076156586 -0.7372773368101255 0
    outer loop
      vertex -1.7676659266379828 2.1066222185771895 0
      vertex -1.7676659266379828 2.1066222185771895 10.5
      vertex -1.9445436482630059 1.9445436482630059 0
    endloop
  endfacet
  facet normal 0.6087614290087218 -0.7933533402912344 0
    outer loop
      vertex -1.5773351999653766 2.2526681217947275 0
      vertex -1.5773351999653766 2.2526681217947275 10.5
      vertex -1.7676659266379828 2.1066222185771895 0
    endloop
  endfacet
  facet normal 0.5372996083468236 -0.8433914458128859 0
    outer loop
      vertex -1.375 2.381569860407206 0
      vertex -1.375 2.381569860407206 10.5
      vertex -1.5773351999653766 2.2526681217947275 0
    endloop
  endfacet
  facet normal 0.4617486132350342 -0.8870108331782215 0
    outer loop
      vertex -1.1622002197869234 2.4923464143507874 0
      vertex -1.1622002197869234 2.4923464143507874 10.5
      vertex -1.375 2.381569860407206 0
    endloop
  endfacet
  facet normal 0.3826834323650897 -0.9238795325112868 0
    outer loop
      vertex -0.940555394145589 2.584154707161248 10.5
      vertex -1.1622002197869234 2.4923464143507874 0
      vertex -0.940555394145589 2.584154707161248 0
    endloop
  endfacet
  facet normal 0.30070579950427256 -0.953716950748227 0
    outer loop
      vertex -0.711752374031932 2.6562960222949377 0
      vertex -0.711752374031932 2.6562960222949377 10.5
      vertex -0.940555394145589 2.584154707161248 0
    endloop
  endfacet
  facet normal 0.21643961393810326 -0.9762960071199333 0
    outer loop
      vertex -0.4775324885840584 2.708221320783572 10.5
      vertex -0.711752374031932 2.6562960222949377 0
      vertex -0.4775324885840584 2.708221320783572 0
    endloop
  endfacet
  facet normal 0.13052619222005118 -0.9914448613738105 0
    outer loop
      vertex -0.23967829255605996 2.7395354197523 0
      vertex -0.23967829255605996 2.7395354197523 10.5
      vertex -0.4775324885840584 2.708221320783572 0
    endloop
  endfacet
  facet normal 0.04361938736533655 -0.9990482215818578 0
    outer loop
      vertex 0 2.75 10.5
      vertex -0.23967829255605996 2.7395354197523 0
      vertex 0 2.75 0
    endloop
  endfacet
  facet normal 0.9990482215818578 -0.04361938736533655 0
    outer loop
      vertex -2.75 0 0
      vertex -2.7395354197523 0.23967829255605996 10.5
      vertex -2.75 0 10.5
    endloop
  endfacet
  facet normal 0.9914448613738105 -0.13052619222005118 0
    outer loop
      vertex -2.7395354197523 0.23967829255605996 0
      vertex -2.708221320783572 0.4775324885840584 10.5
      vertex -2.7395354197523 0.23967829255605996 10.5
    endloop
  endfacet
  facet normal 0.9762960071199333 -0.21643961393810326 0
    outer loop
      vertex -2.708221320783572 0.4775324885840584 0
      vertex -2.6562960222949377 0.711752374031932 10.5
      vertex -2.708221320783572 0.4775324885840584 10.5
    endloop
  endfacet
  facet normal 0.953716950748227 -0.30070579950427256 0
    outer loop
      vertex -2.6562960222949377 0.711752374031932 0
      vertex -2.584154707161248 0.940555394145589 10.5
      vertex -2.6562960222949377 0.711752374031932 10.5
    endloop
  endfacet
  facet normal 0.9238795325112868 -0.3826834323650897 -1.6544708717089615e-19
    outer loop
      vertex -2.4923464143507874 1.1622002197869234 10.5
      vertex -2.584154707161248 0.940555394145589 10.5
      vertex -2.584154707161248 0.940555394145589 0
    endloop
  endfacet
  facet normal 0.8870108331782215 -0.4617486132350342 -7.735437469129088e-20
    outer loop
      vertex -2.381569860407206 1.375 10.5
      vertex -2.4923464143507874 1.1622002197869234 10.5
      vertex -2.4923464143507874 1.1622002197869234 0
    endloop
  endfacet
  facet normal 0.8433914458128859 -0.5372996083468236 7.791544336851437e-20
    outer loop
      vertex -2.2526681217947275 1.5773351999653766 10.5
      vertex -2.381569860407206 1.375 10.5
      vertex -2.381569860407206 1.375 0
    endloop
  endfacet
  facet normal 0.7933533402912344 -0.6087614290087218 0
    outer loop
      vertex -2.2526681217947275 1.5773351999653766 0
      vertex -2.1066222185771895 1.7676659266379828 10.5
      vertex -2.2526681217947275 1.5773351999653766 10.5
    endloop
  endfacet
  facet normal 0.7372773368101255 -0.6755902076156586 1.1114195713120145e-19
    outer loop
      vertex -1.9445436482630059 1.9445436482630059 10.5
      vertex -2.1066222185771895 1.7676659266379828 10.5
      vertex -2.1066222185771895 1.7676659266379828 0
    endloop
  endfacet
  facet normal 0.6755902076156586 -0.7372773368101255 0
    outer loop
      vertex -1.9445436482630059 1.9445436482630059 10.5
      vertex -1.9445436482630059 1.9445436482630059 0
      vertex -1.7676659266379828 2.1066222185771895 10.5
    endloop
  endfacet
  facet normal 0.6087614290087218 -0.7933533402912344 0
    outer loop
      vertex -1.7676659266379828 2.1066222185771895 0
      vertex -1.5773351999653766 2.2526681217947275 10.5
      vertex -1.7676659266379828 2.1066222185771895 10.5
    endloop
  endfacet
  facet normal 0.5372996083468236 -0.8433914458128859 0
    outer loop
      vertex -1.5773351999653766 2.2526681217947275 0
      vertex -1.375 2.381569860407206 10.5
      vertex -1.5773351999653766 2.2526681217947275 10.5
    endloop
  endfacet
  facet normal 0.4617486132350342 -0.8870108331782215 0
    outer loop
      vertex -1.375 2.381569860407206 0
      vertex -1.1622002197869234 2.4923464143507874 10.5
      vertex -1.375 2.381569860407206 10.5
    endloop
  endfacet
  facet normal 0.3826834323650897 -0.9238795325112868 0
    outer loop
      vertex -1.1622002197869234 2.4923464143507874 0
      vertex -0.940555394145589 2.584154707161248 10.5
      vertex -1.1622002197869234 2.4923464143507874 10.5
    endloop
  endfacet
  facet normal 0.30070579950427256 -0.953716950748227 0
    outer loop
      vertex -0.940555394145589 2.584154707161248 10.5
      vertex -0.940555394145589 2.584154707161248 0
      vertex -0.711752374031932 2.6562960222949377 10.5
    endloop
  endfacet
  facet normal 0.21643961393810326 -0.9762960071199333 0
    outer loop
      vertex -0.711752374031932 2.6562960222949377 0
      vertex -0.4775324885840584 2.708221320783572 10.5
      vertex -0.711752374031932 2.6562960222949377 10.5
    endloop
  endfacet
  facet normal 0.13052619222005118 -0.9914448613738105 0
    outer loop
      vertex -0.4775324885840584 2.708221320783572 10.5
      vertex -0.4775324885840584 2.708221320783572 0
      vertex -0.23967829255605996 2.7395354197523 10.5
    endloop
  endfacet
  facet normal 0.04361938736533655 -0.9990482215818578 2.1997915551094175e-20
    outer loop
      vertex 0 2.75 10.5
      vertex -0.23967829255605996 2.7395354197523 10.5
      vertex -0.23967829255605996 2.7395354197523 0
    endloop
  endfacet
  facet normal -0.04361938736533655 0.9990482215818578 0
    outer loop
      vertex 0 -2.75 0
      vertex 0 -2.75 10.5
      vertex 0.23967829255605996 -2.7395354197523 0
    endloop
  endfacet
  facet normal -0.13052619222005118 0.9914448613738105 0
    outer loop
      vertex 0.23967829255605996 -2.7395354197523 0
      vertex 0.23967829255605996 -2.7395354197523 10.5
      vertex 0.4775324885840584 -2.708221320783572 0
    endloop
  endfacet
  facet normal -0.21643961393810326 0.9762960071199333 0
    outer loop
      vertex 0.4775324885840584 -2.708221320783572 0
      vertex 0.4775324885840584 -2.708221320783572 10.5
      vertex 0.711752374031932 -2.6562960222949377 0
    endloop
  endfacet
  facet normal -0.30070579950427256 0.953716950748227 0
    outer loop
      vertex 0.711752374031932 -2.6562960222949377 0
      vertex 0.711752374031932 -2.6562960222949377 10.5
      vertex 0.940555394145589 -2.584154707161248 0
    endloop
  endfacet
  facet normal -0.3826834323650897 0.9238795325112868 0
    outer loop
      vertex 0.940555394145589 -2.584154707161248 0
      vertex 0.940555394145589 -2.584154707161248 10.5
      vertex 1.1622002197869234 -2.4923464143507874 0
    endloop
  endfacet
  facet normal -0.4617486132350342 0.8870108331782215 0
    outer loop
      vertex 1.1622002197869234 -2.4923464143507874 10.5
      vertex 1.375 -2.381569860407206 0
      vertex 1.1622002197869234 -2.4923464143507874 0
    endloop
  endfacet
  facet normal -0.5372996083468236 0.8433914458128859 0
    outer loop
      vertex 1.375 -2.381569860407206 0
      vertex 1.375 -2.381569860407206 10.5
      vertex 1.5773351999653766 -2.2526681217947275 0
    endloop
  endfacet
  facet normal -0.6087614290087218 0.7933533402912344 0
    outer loop
      vertex 1.5773351999653766 -2.2526681217947275 10.5
      vertex 1.7676659266379828 -2.1066222185771895 0
      vertex 1.5773351999653766 -2.2526681217947275 0
    endloop
  endfacet
  facet normal -0.6755902076156586 0.7372773368101255 0
    outer loop
      vertex 1.7676659266379828 -2.1066222185771895 0
      vertex 1.7676659266379828 -2.1066222185771895 10.5
      vertex 1.9445436482630059 -1.9445436482630059 0
    endloop
  endfacet
  facet normal -0.7372773368101255 0.6755902076156586 1.1114195713120145e-19
    outer loop
      vertex 2.1066222185771895 -1.7676659266379828 0
      vertex 1.9445436482630059 -1.9445436482630059 0
      vertex 1.9445436482630059 -1.9445436482630059 10.5
    endloop
  endfacet
  facet normal -0.7933533402912344 0.6087614290087218 -3.9115480079713777e-19
    outer loop
      vertex 2.2526681217947275 -1.5773351999653766 0
      vertex 2.1066222185771895 -1.7676659266379828 0
      vertex 2.1066222185771895 -1.7676659266379828 10.5
    endloop
  endfacet
  facet normal -0.8433914458128859 0.5372996083468236 7.791544336851437e-20
    outer loop
      vertex 2.381569860407206 -1.375 0
      vertex 2.2526681217947275 -1.5773351999653766 0
      vertex 2.2526681217947275 -1.5773351999653766 10.5
    endloop
  endfacet
  facet normal -0.8870108331782215 0.4617486132350342 -7.735437469129088e-20
    outer loop
      vertex 2.4923464143507874 -1.1622002197869234 0
      vertex 2.381569860407206 -1.375 0
      vertex 2.381569860407206 -1.375 10.5
    endloop
  endfacet
  facet normal -0.9238795325112868 0.3826834323650897 -1.6544708717089615e-19
    outer loop
      vertex 2.584154707161248 -0.940555394145589 0
      vertex 2.4923464143507874 -1.1622002197869234 0
      vertex 2.4923464143507874 -1.1622002197869234 10.5
    endloop
  endfacet
  facet normal -0.953716950748227 0.30070579950427256 0
    outer loop
      vertex 2.584154707161248 -0.940555394145589 10.5
      vertex 2.6562960222949377 -0.711752374031932 0
      vertex 2.584154707161248 -0.940555394145589 0
    endloop
  endfacet
  facet normal -0.9762960071199333 0.21643961393810326 0
    outer loop
      vertex 2.6562960222949377 -0.711752374031932 10.5
      vertex 2.708221320783572 -0.4775324885840584 0
      vertex 2.6562960222949377 -0.711752374031932 0
    endloop
  endfacet
  facet normal -0.9914448613738105 0.13052619222005118 0
    outer loop
      vertex 2.708221320783572 -0.4775324885840584 10.5
      vertex 2.7395354197523 -0.23967829255605996 0
      vertex 2.708221320783572 -0.4775324885840584 0
    endloop
  endfacet
  facet normal -0.9990482215818578 0.04361938736533655 0
    outer loop
      vertex 2.7395354197523 -0.23967829255605996 0
      vertex 2.7395354197523 -0.23967829255605996 10.5
      vertex 2.75 0 0
    endloop
  endfacet
  facet normal -0.04361938736533655 0.9990482215818578 0
    outer loop
      vertex 0.23967829255605996 -2.7395354197523 0
      vertex 0 -2.75 10.5
      vertex 0.23967829255605996 -2.7395354197523 10.5
    endloop
  endfacet
  facet normal -0.13052619222005118 0.9914448613738105 0
    outer loop
      vertex 0.4775324885840584 -2.708221320783572 0
      vertex 0.23967829255605996 -2.7395354197523 10.5
      vertex 0.4775324885840584 -2.708221320783572 10.5
    endloop
  endfacet
  facet normal -0.21643961393810326 0.9762960071199333 0
    outer loop
      vertex 0.711752374031932 -2.6562960222949377 0
      vertex 0.4775324885840584 -2.708221320783572 10.5
      vertex 0.711752374031932 -2.6562960222949377 10.5
    endloop
  endfacet
  facet normal -0.30070579950427256 0.953716950748227 0
    outer loop
      vertex 0.940555394145589 -2.584154707161248 0
      vertex 0.711752374031932 -2.6562960222949377 10.5
      vertex 0.940555394145589 -2.584154707161248 10.5
    endloop
  endfacet
  facet normal -0.3826834323650897 0.9238795325112868 0
    outer loop
      vertex 1.1622002197869234 -2.4923464143507874 10.5
      vertex 1.1622002197869234 -2.4923464143507874 0
      vertex 0.940555394145589 -2.584154707161248 10.5
    endloop
  endfacet
  facet normal -0.4617486132350342 0.8870108331782215 0
    outer loop
      vertex 1.375 -2.381569860407206 0
      vertex 1.1622002197869234 -2.4923464143507874 10.5
      vertex 1.375 -2.381569860407206 10.5
    endloop
  endfacet
  facet normal -0.5372996083468236 0.8433914458128859 0
    outer loop
      vertex 1.5773351999653766 -2.2526681217947275 10.5
      vertex 1.5773351999653766 -2.2526681217947275 0
      vertex 1.375 -2.381569860407206 10.5
    endloop
  endfacet
  facet normal -0.6087614290087218 0.7933533402912344 0
    outer loop
      vertex 1.7676659266379828 -2.1066222185771895 0
      vertex 1.5773351999653766 -2.2526681217947275 10.5
      vertex 1.7676659266379828 -2.1066222185771895 10.5
    endloop
  endfacet
  facet normal -0.6755902076156586 0.7372773368101255 0
    outer loop
      vertex 1.9445436482630059 -1.9445436482630059 0
      vertex 1.7676659266379828 -2.1066222185771895 10.5
      vertex 1.9445436482630059 -1.9445436482630059 10.5
    endloop
  endfacet
  facet normal -0.7372773368101255 0.6755902076156586 1.1114195713120145e-19
    outer loop
      vertex 1.9445436482630059 -1.9445436482630059 10.5
      vertex 2.1066222185771895 -1.7676659266379828 10.5
      vertex 2.1066222185771895 -1.7676659266379828 0
    endloop
  endfacet
  facet normal -0.7933533402912344 0.6087614290087218 0
    outer loop
      vertex 2.2526681217947275 -1.5773351999653766 0
      vertex 2.1066222185771895 -1.7676659266379828 10.5
      vertex 2.2526681217947275 -1.5773351999653766 10.5
    endloop
  endfacet
  facet normal -0.8433914458128859 0.5372996083468236 7.791544336851437e-20
    outer loop
      vertex 2.2526681217947275 -1.5773351999653766 10.5
      vertex 2.381569860407206 -1.375 10.5
      vertex 2.381569860407206 -1.375 0
    endloop
  endfacet
  facet normal -0.8870108331782215 0.4617486132350342 0
    outer loop
      vertex 2.4923464143507874 -1.1622002197869234 0
      vertex 2.381569860407206 -1.375 10.5
      vertex 2.4923464143507874 -1.1622002197869234 10.5
    endloop
  endfacet
  facet normal -0.9238795325112868 0.3826834323650897 -1.6544708717089615e-19
    outer loop
      vertex 2.4923464143507874 -1.1622002197869234 10.5
      vertex 2.584154707161248 -0.940555394145589 10.5
      vertex 2.584154707161248 -0.940555394145589 0
    endloop
  endfacet
  facet normal -0.953716950748227 0.30070579950427256 6.798837075730051e-19
    outer loop
      vertex 2.584154707161248 -0.940555394145589 10.5
      vertex 2.6562960222949377 -0.711752374031932 10.5
      vertex 2.6562960222949377 -0.711752374031932 0
    endloop
  endfacet
  facet normal -0.9762960071199333 0.21643961393810326 -2.8136756837505887e-19
    outer loop
      vertex 2.6562960222949377 -0.711752374031932 10.5
      vertex 2.708221320783572 -0.4775324885840584 10.5
      vertex 2.708221320783572 -0.4775324885840584 0
    endloop
  endfacet
  facet normal -0.9914448613738105 0.13052619222005118 1.0917728197986457e-19
    outer loop
      vertex 2.708221320783572 -0.4775324885840584 10.5
      vertex 2.7395354197523 -0.23967829255605996 10.5
      vertex 2.7395354197523 -0.23967829255605996 0
    endloop
  endfacet
  facet normal -0.9990482215818578 0.04361938736533655 2.1997915551094175e-20
    outer loop
      vertex 2.7395354197523 -0.23967829255605996 10.5
      vertex 2.75 0 10.5
      vertex 2.75 0 0
    endloop
  endfacet
  facet normal -0.04361938736533655 -0.9990482215818578 0
    outer loop
      vertex 0.23967829255605996 2.7395354197523 0
      vertex 0.23967829255605996 2.7395354197523 10.5
      vertex 0 2.75 0
    endloop
  endfacet
  facet normal -0.13052619222005118 -0.9914448613738105 0
    outer loop
      vertex 0.4775324885840584 2.708221320783572 0
      vertex 0.4775324885840584 2.708221320783572 10.5
      vertex 0.23967829255605996 2.7395354197523 0
    endloop
  endfacet
  facet normal -0.21643961393810326 -0.9762960071199333 0
    outer loop
      vertex 0.711752374031932 2.6562960222949377 0
      vertex 0.711752374031932 2.6562960222949377 10.5
      vertex 0.4775324885840584 2.708221320783572 0
    endloop
  endfacet
  facet normal -0.30070579950427256 -0.953716950748227 0
    outer loop
      vertex 0.940555394145589 2.584154707161248 0
      vertex 0.940555394145589 2.584154707161248 10.5
      vertex 0.711752374031932 2.6562960222949377 0
    endloop
  endfacet
  facet normal -0.3826834323650897 -0.9238795325112868 0
    outer loop
      vertex 1.1622002197869234 2.4923464143507874 10.5
      vertex 0.940555394145589 2.584154707161248 0
      vertex 1.1622002197869234 2.4923464143507874 0
    endloop
  endfacet
  facet normal -0.4617486132350342 -0.8870108331782215 0
    outer loop
      vertex 1.375 2.381569860407206 0
      vertex 1.375 2.381569860407206 10.5
      vertex 1.1622002197869234 2.4923464143507874 0
    endloop
  endfacet
  facet normal -0.9990482215818578 -0.04361938736533655 0
    outer loop
      vertex 2.75 0 0
      vertex 2.75 0 10.5
      vertex 2.7395354197523 0.23967829255605996 0
    endloop
  endfacet
  facet normal -0.9914448613738105 -0.13052619222005118 0
    outer loop
      vertex 2.7395354197523 0.23967829255605996 10.5
      vertex 2.708221320783572 0.4775324885840584 0
      vertex 2.7395354197523 0.23967829255605996 0
    endloop
  endfacet
  facet normal -0.9762960071199333 -0.21643961393810326 0
    outer loop
      vertex 2.708221320783572 0.4775324885840584 10.5
      vertex 2.6562960222949377 0.711752374031932 0
      vertex 2.708221320783572 0.4775324885840584 0
    endloop
  endfacet
  facet normal -0.9238795325112868 -0.3826834323650897 1.6544708717089615e-19
    outer loop
      vertex 2.4923464143507874 1.1622002197869234 0
      vertex 2.584154707161248 0.940555394145589 0
      vertex 2.584154707161248 0.940555394145589 10.5
    endloop
  endfacet
  facet normal -0.8433914458128859 -0.5372996083468236 -7.791544336851437e-20
    outer loop
      vertex 2.2526681217947275 1.5773351999653766 0
      vertex 2.381569860407206 1.375 0
      vertex 2.381569860407206 1.375 10.5
    endloop
  endfacet
  facet normal -0.8870108331782215 -0.4617486132350342 7.735437469129088e-20
    outer loop
      vertex 2.381569860407206 1.375 0
      vertex 2.4923464143507874 1.1622002197869234 0
      vertex 2.4923464143507874 1.1622002197869234 10.5
    endloop
  endfacet
  facet normal -0.953716950748227 -0.30070579950427256 0
    outer loop
      vertex 2.6562960222949377 0.711752374031932 10.5
      vertex 2.584154707161248 0.940555394145589 0
      vertex 2.6562960222949377 0.711752374031932 0
    endloop
  endfacet
  facet normal -0.6087614290087218 -0.7933533402912344 0
    outer loop
      vertex 1.7676659266379828 2.1066222185771895 0
      vertex 1.7676659266379828 2.1066222185771895 10.5
      vertex 1.5773351999653766 2.2526681217947275 0
    endloop
  endfacet
  facet normal -0.7372773368101255 -0.6755902076156586 -1.1114195713120145e-19
    outer loop
      vertex 1.9445436482630059 1.9445436482630059 0
      vertex 2.1066222185771895 1.7676659266379828 0
      vertex 2.1066222185771895 1.7676659266379828 10.5
    endloop
  endfacet
  facet normal -0.7933533402912344 -0.6087614290087218 3.9115480079713777e-19
    outer loop
      vertex 2.1066222185771895 1.7676659266379828 0
      vertex 2.2526681217947275 1.5773351999653766 0
      vertex 2.2526681217947275 1.5773351999653766 10.5
    endloop
  endfacet
  facet normal -0.6755902076156586 -0.7372773368101255 -1.1114195713120145e-19
    outer loop
      vertex 1.7676659266379828 2.1066222185771895 0
      vertex 1.9445436482630059 1.9445436482630059 0
      vertex 1.9445436482630059 1.9445436482630059 10.5
    endloop
  endfacet
  facet normal -0.5372996083468236 -0.8433914458128859 0
    outer loop
      vertex 1.5773351999653766 2.2526681217947275 10.5
      vertex 1.375 2.381569860407206 0
      vertex 1.5773351999653766 2.2526681217947275 0
    endloop
  endfacet
  facet normal -0.04361938736533655 -0.9990482215818578 0
    outer loop
      vertex 0 2.75 0
      vertex 0.23967829255605996 2.7395354197523 10.5
      vertex 0 2.75 10.5
    endloop
  endfacet
  facet normal -0.13052619222005118 -0.9914448613738105 0
    outer loop
      vertex 0.23967829255605996 2.7395354197523 0
      vertex 0.4775324885840584 2.708221320783572 10.5
      vertex 0.23967829255605996 2.7395354197523 10.5
    endloop
  endfacet
  facet normal -0.21643961393810326 -0.9762960071199333 0
    outer loop
      vertex 0.4775324885840584 2.708221320783572 0
      vertex 0.711752374031932 2.6562960222949377 10.5
      vertex 0.4775324885840584 2.708221320783572 10.5
    endloop
  endfacet
  facet normal -0.3826834323650897 -0.9238795325112868 0
    outer loop
      vertex 0.940555394145589 2.584154707161248 0
      vertex 1.1622002197869234 2.4923464143507874 10.5
      vertex 0.940555394145589 2.584154707161248 10.5
    endloop
  endfacet
  facet normal -0.30070579950427256 -0.953716950748227 0
    outer loop
      vertex 0.711752374031932 2.6562960222949377 0
      vertex 0.940555394145589 2.584154707161248 10.5
      vertex 0.711752374031932 2.6562960222949377 10.5
    endloop
  endfacet
  facet normal -0.4617486132350342 -0.8870108331782215 0
    outer loop
      vertex 1.1622002197869234 2.4923464143507874 10.5
      vertex 1.1622002197869234 2.4923464143507874 0
      vertex 1.375 2.381569860407206 10.5
    endloop
  endfacet
  facet normal -0.5372996083468236 -0.8433914458128859 0
    outer loop
      vertex 1.375 2.381569860407206 0
      vertex 1.5773351999653766 2.2526681217947275 10.5
      vertex 1.375 2.381569860407206 10.5
    endloop
  endfacet
  facet normal -0.9990482215818578 -0.04361938736533655 -2.1997915551094175e-20
    outer loop
      vertex 2.75 0 10.5
      vertex 2.7395354197523 0.23967829255605996 10.5
      vertex 2.7395354197523 0.23967829255605996 0
    endloop
  endfacet
  facet normal -0.9914448613738105 -0.13052619222005118 -1.0917728197986457e-19
    outer loop
      vertex 2.7395354197523 0.23967829255605996 10.5
      vertex 2.708221320783572 0.4775324885840584 10.5
      vertex 2.708221320783572 0.4775324885840584 0
    endloop
  endfacet
  facet normal -0.9762960071199333 -0.21643961393810326 2.8136756837505887e-19
    outer loop
      vertex 2.708221320783572 0.4775324885840584 10.5
      vertex 2.6562960222949377 0.711752374031932 10.5
      vertex 2.6562960222949377 0.711752374031932 0
    endloop
  endfacet
  facet normal -0.953716950748227 -0.30070579950427256 -6.798837075730051e-19
    outer loop
      vertex 2.6562960222949377 0.711752374031932 10.5
      vertex 2.584154707161248 0.940555394145589 10.5
      vertex 2.584154707161248 0.940555394145589 0
    endloop
  endfacet
  facet normal -0.9238795325112868 -0.3826834323650897 1.6544708717089615e-19
    outer loop
      vertex 2.584154707161248 0.940555394145589 10.5
      vertex 2.4923464143507874 1.1622002197869234 10.5
      vertex 2.4923464143507874 1.1622002197869234 0
    endloop
  endfacet
  facet normal -0.8870108331782215 -0.4617486132350342 0
    outer loop
      vertex 2.381569860407206 1.375 0
      vertex 2.4923464143507874 1.1622002197869234 10.5
      vertex 2.381569860407206 1.375 10.5
    endloop
  endfacet
  facet normal -0.6087614290087218 -0.7933533402912344 0
    outer loop
      vertex 1.5773351999653766 2.2526681217947275 10.5
      vertex 1.5773351999653766 2.2526681217947275 0
      vertex 1.7676659266379828 2.1066222185771895 10.5
    endloop
  endfacet
  facet normal -0.6755902076156586 -0.7372773368101255 0
    outer loop
      vertex 1.7676659266379828 2.1066222185771895 0
      vertex 1.9445436482630059 1.9445436482630059 10.5
      vertex 1.7676659266379828 2.1066222185771895 10.5
    endloop
  endfacet
  facet normal -0.7933533402912344 -0.6087614290087218 3.9115480079713777e-19
    outer loop
      vertex 2.2526681217947275 1.5773351999653766 10.5
      vertex 2.1066222185771895 1.7676659266379828 10.5
      vertex 2.1066222185771895 1.7676659266379828 0
    endloop
  endfacet
  facet normal -0.7372773368101255 -0.6755902076156586 -1.1114195713120145e-19
    outer loop
      vertex 2.1066222185771895 1.7676659266379828 10.5
      vertex 1.9445436482630059 1.9445436482630059 10.5
      vertex 1.9445436482630059 1.9445436482630059 0
    endloop
  endfacet
  facet normal -0.8433914458128859 -0.5372996083468236 0
    outer loop
      vertex 2.2526681217947275 1.5773351999653766 0
      vertex 2.381569860407206 1.375 10.5
      vertex 2.2526681217947275 1.5773351999653766 10.5
    endloop
  endfacet
endsolid OpenSCAD_Model
