solid OpenSCAD_Model
  facet normal -0.216458 -0.976292 0
    outer loop
      vertex -11.6857 -43.6115 0
      vertex -7.84021 -44.4641 4
      vertex -11.6857 -43.6115 4
    endloop
  endfacet
  facet normal -0.216458 -0.976292 -0
    outer loop
      vertex -7.84021 -44.4641 4
      vertex -11.6857 -43.6115 0
      vertex -7.84021 -44.4641 0
    endloop
  endfacet
  facet normal 0.991446 0.130521 0
    outer loop
      vertex 44.9782 3.93508 4
      vertex 44.4641 7.84021 0
      vertex 44.4641 7.84021 4
    endloop
  endfacet
  facet normal 0.991446 0.130521 0
    outer loop
      vertex 44.4641 7.84021 0
      vertex 44.9782 3.93508 4
      vertex 44.9782 3.93508 0
    endloop
  endfacet
  facet normal 0.999048 0.043617 0
    outer loop
      vertex 45.15 0 4
      vertex 44.9782 3.93508 0
      vertex 44.9782 3.93508 4
    endloop
  endfacet
  facet normal 0.999048 0.043617 0
    outer loop
      vertex 44.9782 3.93508 0
      vertex 45.15 0 4
      vertex 45.15 0 0
    endloop
  endfacet
  facet normal 0.976292 0.216458 0
    outer loop
      vertex 44.4641 7.84021 4
      vertex 43.6115 11.6857 0
      vertex 43.6115 11.6857 4
    endloop
  endfacet
  facet normal 0.976292 0.216458 0
    outer loop
      vertex 43.6115 11.6857 0
      vertex 44.4641 7.84021 4
      vertex 44.4641 7.84021 0
    endloop
  endfacet
  facet normal 0.953718 0.300701 0
    outer loop
      vertex 43.6115 11.6857 4
      vertex 42.4271 15.4422 0
      vertex 42.4271 15.4422 4
    endloop
  endfacet
  facet normal 0.953718 0.300701 0
    outer loop
      vertex 42.4271 15.4422 0
      vertex 43.6115 11.6857 4
      vertex 43.6115 11.6857 0
    endloop
  endfacet
  facet normal -0.976292 0.216458 0
    outer loop
      vertex -44.4641 7.84021 0
      vertex -43.6115 11.6857 4
      vertex -43.6115 11.6857 0
    endloop
  endfacet
  facet normal -0.976292 0.216458 0
    outer loop
      vertex -43.6115 11.6857 4
      vertex -44.4641 7.84021 0
      vertex -44.4641 7.84021 4
    endloop
  endfacet
  facet normal -0.737281 -0.675587 0
    outer loop
      vertex -31.9259 -31.9259 0
      vertex -34.5869 -29.0219 4
      vertex -34.5869 -29.0219 0
    endloop
  endfacet
  facet normal -0.737281 -0.675587 0
    outer loop
      vertex -34.5869 -29.0219 4
      vertex -31.9259 -31.9259 0
      vertex -31.9259 -31.9259 4
    endloop
  endfacet
  facet normal 0.991446 -0.130521 0
    outer loop
      vertex 44.4641 -7.84021 4
      vertex 44.9782 -3.93508 0
      vertex 44.9782 -3.93508 4
    endloop
  endfacet
  facet normal 0.991446 -0.130521 0
    outer loop
      vertex 44.9782 -3.93508 0
      vertex 44.4641 -7.84021 4
      vertex 44.4641 -7.84021 0
    endloop
  endfacet
  facet normal -0.843397 0.537291 0
    outer loop
      vertex -39.101 22.575 0
      vertex -36.9847 25.897 4
      vertex -36.9847 25.897 0
    endloop
  endfacet
  facet normal -0.843397 0.537291 0
    outer loop
      vertex -36.9847 25.897 4
      vertex -39.101 22.575 0
      vertex -39.101 22.575 4
    endloop
  endfacet
  facet normal 0.793356 0.608758 0
    outer loop
      vertex 36.9847 25.897 4
      vertex 34.5869 29.0219 0
      vertex 34.5869 29.0219 4
    endloop
  endfacet
  facet normal 0.793356 0.608758 0
    outer loop
      vertex 34.5869 29.0219 0
      vertex 36.9847 25.897 4
      vertex 36.9847 25.897 0
    endloop
  endfacet
  facet normal 0.843397 0.537291 0
    outer loop
      vertex 39.101 22.575 4
      vertex 36.9847 25.897 0
      vertex 36.9847 25.897 4
    endloop
  endfacet
  facet normal 0.843397 0.537291 0
    outer loop
      vertex 36.9847 25.897 0
      vertex 39.101 22.575 4
      vertex 39.101 22.575 0
    endloop
  endfacet
  facet normal 0.608758 -0.793356 0
    outer loop
      vertex 25.897 -36.9847 0
      vertex 29.0219 -34.5869 4
      vertex 25.897 -36.9847 4
    endloop
  endfacet
  facet normal 0.608758 -0.793356 0
    outer loop
      vertex 29.0219 -34.5869 4
      vertex 25.897 -36.9847 0
      vertex 29.0219 -34.5869 0
    endloop
  endfacet
  facet normal 0.923882 0.382678 0
    outer loop
      vertex 42.4271 15.4422 4
      vertex 40.9198 19.0812 0
      vertex 40.9198 19.0812 4
    endloop
  endfacet
  facet normal 0.923882 0.382678 0
    outer loop
      vertex 40.9198 19.0812 0
      vertex 42.4271 15.4422 4
      vertex 42.4271 15.4422 0
    endloop
  endfacet
  facet normal -0.793356 -0.608758 0
    outer loop
      vertex -34.5869 -29.0219 0
      vertex -36.9847 -25.897 4
      vertex -36.9847 -25.897 0
    endloop
  endfacet
  facet normal -0.793356 -0.608758 0
    outer loop
      vertex -36.9847 -25.897 4
      vertex -34.5869 -29.0219 0
      vertex -34.5869 -29.0219 4
    endloop
  endfacet
  facet normal 0.130521 -0.991446 0
    outer loop
      vertex 3.93508 -44.9782 0
      vertex 7.84021 -44.4641 4
      vertex 3.93508 -44.9782 4
    endloop
  endfacet
  facet normal 0.130521 -0.991446 0
    outer loop
      vertex 7.84021 -44.4641 4
      vertex 3.93508 -44.9782 0
      vertex 7.84021 -44.4641 0
    endloop
  endfacet
  facet normal 0.923882 -0.382678 0
    outer loop
      vertex 40.9198 -19.0812 4
      vertex 42.4271 -15.4422 0
      vertex 42.4271 -15.4422 4
    endloop
  endfacet
  facet normal 0.923882 -0.382678 0
    outer loop
      vertex 42.4271 -15.4422 0
      vertex 40.9198 -19.0812 4
      vertex 40.9198 -19.0812 0
    endloop
  endfacet
  facet normal 0.537291 -0.843397 0
    outer loop
      vertex 22.575 -39.101 0
      vertex 25.897 -36.9847 4
      vertex 22.575 -39.101 4
    endloop
  endfacet
  facet normal 0.537291 -0.843397 0
    outer loop
      vertex 25.897 -36.9847 4
      vertex 22.575 -39.101 0
      vertex 25.897 -36.9847 0
    endloop
  endfacet
  facet normal -0.999048 -0.043617 0
    outer loop
      vertex -44.9782 -3.93508 0
      vertex -45.15 0 4
      vertex -45.15 0 0
    endloop
  endfacet
  facet normal -0.999048 -0.043617 0
    outer loop
      vertex -45.15 0 4
      vertex -44.9782 -3.93508 0
      vertex -44.9782 -3.93508 4
    endloop
  endfacet
  facet normal -0.216458 0.976292 0
    outer loop
      vertex -7.84021 44.4641 0
      vertex -11.6857 43.6115 4
      vertex -7.84021 44.4641 4
    endloop
  endfacet
  facet normal -0.216458 0.976292 0
    outer loop
      vertex -11.6857 43.6115 4
      vertex -7.84021 44.4641 0
      vertex -11.6857 43.6115 0
    endloop
  endfacet
  facet normal -0.953718 -0.300701 0
    outer loop
      vertex -42.4271 -15.4422 0
      vertex -43.6115 -11.6857 4
      vertex -43.6115 -11.6857 0
    endloop
  endfacet
  facet normal -0.953718 -0.300701 0
    outer loop
      vertex -43.6115 -11.6857 4
      vertex -42.4271 -15.4422 0
      vertex -42.4271 -15.4422 4
    endloop
  endfacet
  facet normal -0.461757 0.887006 0
    outer loop
      vertex -19.0812 40.9198 0
      vertex -22.575 39.101 4
      vertex -19.0812 40.9198 4
    endloop
  endfacet
  facet normal -0.461757 0.887006 0
    outer loop
      vertex -22.575 39.101 4
      vertex -19.0812 40.9198 0
      vertex -22.575 39.101 0
    endloop
  endfacet
  facet normal 0.675587 0.737281 -0
    outer loop
      vertex 31.9259 31.9259 0
      vertex 29.0219 34.5869 4
      vertex 31.9259 31.9259 4
    endloop
  endfacet
  facet normal 0.675587 0.737281 0
    outer loop
      vertex 29.0219 34.5869 4
      vertex 31.9259 31.9259 0
      vertex 29.0219 34.5869 0
    endloop
  endfacet
  facet normal -0.675587 -0.737281 0
    outer loop
      vertex -31.9259 -31.9259 0
      vertex -29.0219 -34.5869 4
      vertex -31.9259 -31.9259 4
    endloop
  endfacet
  facet normal -0.675587 -0.737281 -0
    outer loop
      vertex -29.0219 -34.5869 4
      vertex -31.9259 -31.9259 0
      vertex -29.0219 -34.5869 0
    endloop
  endfacet
  facet normal -0.382678 0.923882 0
    outer loop
      vertex -15.4422 42.4271 0
      vertex -19.0812 40.9198 4
      vertex -15.4422 42.4271 4
    endloop
  endfacet
  facet normal -0.382678 0.923882 0
    outer loop
      vertex -19.0812 40.9198 4
      vertex -15.4422 42.4271 0
      vertex -19.0812 40.9198 0
    endloop
  endfacet
  facet normal -0.999048 0.043617 0
    outer loop
      vertex -45.15 0 0
      vertex -44.9782 3.93508 4
      vertex -44.9782 3.93508 0
    endloop
  endfacet
  facet normal -0.999048 0.043617 0
    outer loop
      vertex -44.9782 3.93508 4
      vertex -45.15 0 0
      vertex -45.15 0 4
    endloop
  endfacet
  facet normal 0.216458 0.976292 -0
    outer loop
      vertex 11.6857 43.6115 0
      vertex 7.84021 44.4641 4
      vertex 11.6857 43.6115 4
    endloop
  endfacet
  facet normal 0.216458 0.976292 0
    outer loop
      vertex 7.84021 44.4641 4
      vertex 11.6857 43.6115 0
      vertex 7.84021 44.4641 0
    endloop
  endfacet
  facet normal -0.793356 0.608758 0
    outer loop
      vertex -36.9847 25.897 0
      vertex -34.5869 29.0219 4
      vertex -34.5869 29.0219 0
    endloop
  endfacet
  facet normal -0.793356 0.608758 0
    outer loop
      vertex -34.5869 29.0219 4
      vertex -36.9847 25.897 0
      vertex -36.9847 25.897 4
    endloop
  endfacet
  facet normal 0.300701 0.953718 -0
    outer loop
      vertex 15.4422 42.4271 0
      vertex 11.6857 43.6115 4
      vertex 15.4422 42.4271 4
    endloop
  endfacet
  facet normal 0.300701 0.953718 0
    outer loop
      vertex 11.6857 43.6115 4
      vertex 15.4422 42.4271 0
      vertex 11.6857 43.6115 0
    endloop
  endfacet
  facet normal -0.300701 0.953718 0
    outer loop
      vertex -11.6857 43.6115 0
      vertex -15.4422 42.4271 4
      vertex -11.6857 43.6115 4
    endloop
  endfacet
  facet normal -0.300701 0.953718 0
    outer loop
      vertex -15.4422 42.4271 4
      vertex -11.6857 43.6115 0
      vertex -15.4422 42.4271 0
    endloop
  endfacet
  facet normal 0.887006 0.461757 0
    outer loop
      vertex 40.9198 19.0812 4
      vertex 39.101 22.575 0
      vertex 39.101 22.575 4
    endloop
  endfacet
  facet normal 0.887006 0.461757 0
    outer loop
      vertex 39.101 22.575 0
      vertex 40.9198 19.0812 4
      vertex 40.9198 19.0812 0
    endloop
  endfacet
  facet normal 0.461757 0.887006 -0
    outer loop
      vertex 22.575 39.101 0
      vertex 19.0812 40.9198 4
      vertex 22.575 39.101 4
    endloop
  endfacet
  facet normal 0.461757 0.887006 0
    outer loop
      vertex 19.0812 40.9198 4
      vertex 22.575 39.101 0
      vertex 19.0812 40.9198 0
    endloop
  endfacet
  facet normal -0.608758 0.793356 0
    outer loop
      vertex -25.897 36.9847 0
      vertex -29.0219 34.5869 4
      vertex -25.897 36.9847 4
    endloop
  endfacet
  facet normal -0.608758 0.793356 0
    outer loop
      vertex -29.0219 34.5869 4
      vertex -25.897 36.9847 0
      vertex -29.0219 34.5869 0
    endloop
  endfacet
  facet normal -0.887006 -0.461757 0
    outer loop
      vertex -39.101 -22.575 0
      vertex -40.9198 -19.0812 4
      vertex -40.9198 -19.0812 0
    endloop
  endfacet
  facet normal -0.887006 -0.461757 0
    outer loop
      vertex -40.9198 -19.0812 4
      vertex -39.101 -22.575 0
      vertex -39.101 -22.575 4
    endloop
  endfacet
  facet normal -0.382678 -0.923882 0
    outer loop
      vertex -19.0812 -40.9198 0
      vertex -15.4422 -42.4271 4
      vertex -19.0812 -40.9198 4
    endloop
  endfacet
  facet normal -0.382678 -0.923882 -0
    outer loop
      vertex -15.4422 -42.4271 4
      vertex -19.0812 -40.9198 0
      vertex -15.4422 -42.4271 0
    endloop
  endfacet
  facet normal 0.953718 -0.300701 0
    outer loop
      vertex 42.4271 -15.4422 4
      vertex 43.6115 -11.6857 0
      vertex 43.6115 -11.6857 4
    endloop
  endfacet
  facet normal 0.953718 -0.300701 0
    outer loop
      vertex 43.6115 -11.6857 0
      vertex 42.4271 -15.4422 4
      vertex 42.4271 -15.4422 0
    endloop
  endfacet
  facet normal 0.843397 -0.537291 0
    outer loop
      vertex 36.9847 -25.897 4
      vertex 39.101 -22.575 0
      vertex 39.101 -22.575 4
    endloop
  endfacet
  facet normal 0.843397 -0.537291 0
    outer loop
      vertex 39.101 -22.575 0
      vertex 36.9847 -25.897 4
      vertex 36.9847 -25.897 0
    endloop
  endfacet
  facet normal 0.461757 -0.887006 0
    outer loop
      vertex 19.0812 -40.9198 0
      vertex 22.575 -39.101 4
      vertex 19.0812 -40.9198 4
    endloop
  endfacet
  facet normal 0.461757 -0.887006 0
    outer loop
      vertex 22.575 -39.101 4
      vertex 19.0812 -40.9198 0
      vertex 22.575 -39.101 0
    endloop
  endfacet
  facet normal -0.991446 0.130521 0
    outer loop
      vertex -44.9782 3.93508 0
      vertex -44.4641 7.84021 4
      vertex -44.4641 7.84021 0
    endloop
  endfacet
  facet normal -0.991446 0.130521 0
    outer loop
      vertex -44.4641 7.84021 4
      vertex -44.9782 3.93508 0
      vertex -44.9782 3.93508 4
    endloop
  endfacet
  facet normal 0.608758 0.793356 -0
    outer loop
      vertex 29.0219 34.5869 0
      vertex 25.897 36.9847 4
      vertex 29.0219 34.5869 4
    endloop
  endfacet
  facet normal 0.608758 0.793356 0
    outer loop
      vertex 25.897 36.9847 4
      vertex 29.0219 34.5869 0
      vertex 25.897 36.9847 0
    endloop
  endfacet
  facet normal 0.130521 0.991446 -0
    outer loop
      vertex 7.84021 44.4641 0
      vertex 3.93508 44.9782 4
      vertex 7.84021 44.4641 4
    endloop
  endfacet
  facet normal 0.130521 0.991446 0
    outer loop
      vertex 3.93508 44.9782 4
      vertex 7.84021 44.4641 0
      vertex 3.93508 44.9782 0
    endloop
  endfacet
  facet normal 0.737281 0.675587 0
    outer loop
      vertex 34.5869 29.0219 4
      vertex 31.9259 31.9259 0
      vertex 31.9259 31.9259 4
    endloop
  endfacet
  facet normal 0.737281 0.675587 0
    outer loop
      vertex 31.9259 31.9259 0
      vertex 34.5869 29.0219 4
      vertex 34.5869 29.0219 0
    endloop
  endfacet
  facet normal 0.043617 -0.999048 0
    outer loop
      vertex 0 -45.15 0
      vertex 3.93508 -44.9782 4
      vertex 0 -45.15 4
    endloop
  endfacet
  facet normal 0.043617 -0.999048 0
    outer loop
      vertex 3.93508 -44.9782 4
      vertex 0 -45.15 0
      vertex 3.93508 -44.9782 0
    endloop
  endfacet
  facet normal 0.999048 -0.043617 0
    outer loop
      vertex 44.9782 -3.93508 4
      vertex 45.15 0 0
      vertex 45.15 0 4
    endloop
  endfacet
  facet normal 0.999048 -0.043617 0
    outer loop
      vertex 45.15 0 0
      vertex 44.9782 -3.93508 4
      vertex 44.9782 -3.93508 0
    endloop
  endfacet
  facet normal -0.043617 -0.999048 0
    outer loop
      vertex -3.93508 -44.9782 0
      vertex 0 -45.15 4
      vertex -3.93508 -44.9782 4
    endloop
  endfacet
  facet normal -0.043617 -0.999048 -0
    outer loop
      vertex 0 -45.15 4
      vertex -3.93508 -44.9782 0
      vertex 0 -45.15 0
    endloop
  endfacet
  facet normal -0.923882 0.382678 0
    outer loop
      vertex -42.4271 15.4422 0
      vertex -40.9198 19.0812 4
      vertex -40.9198 19.0812 0
    endloop
  endfacet
  facet normal -0.923882 0.382678 0
    outer loop
      vertex -40.9198 19.0812 4
      vertex -42.4271 15.4422 0
      vertex -42.4271 15.4422 4
    endloop
  endfacet
  facet normal -0.130521 0.991446 0
    outer loop
      vertex -3.93508 44.9782 0
      vertex -7.84021 44.4641 4
      vertex -3.93508 44.9782 4
    endloop
  endfacet
  facet normal -0.130521 0.991446 0
    outer loop
      vertex -7.84021 44.4641 4
      vertex -3.93508 44.9782 0
      vertex -7.84021 44.4641 0
    endloop
  endfacet
  facet normal -0.043617 0.999048 0
    outer loop
      vertex 0 45.15 0
      vertex -3.93508 44.9782 4
      vertex 0 45.15 4
    endloop
  endfacet
  facet normal -0.043617 0.999048 0
    outer loop
      vertex -3.93508 44.9782 4
      vertex 0 45.15 0
      vertex -3.93508 44.9782 0
    endloop
  endfacet
  facet normal 0.382678 0.923882 -0
    outer loop
      vertex 19.0812 40.9198 0
      vertex 15.4422 42.4271 4
      vertex 19.0812 40.9198 4
    endloop
  endfacet
  facet normal 0.382678 0.923882 0
    outer loop
      vertex 15.4422 42.4271 4
      vertex 19.0812 40.9198 0
      vertex 15.4422 42.4271 0
    endloop
  endfacet
  facet normal -0.953718 0.300701 0
    outer loop
      vertex -43.6115 11.6857 0
      vertex -42.4271 15.4422 4
      vertex -42.4271 15.4422 0
    endloop
  endfacet
  facet normal -0.953718 0.300701 0
    outer loop
      vertex -42.4271 15.4422 4
      vertex -43.6115 11.6857 0
      vertex -43.6115 11.6857 4
    endloop
  endfacet
  facet normal 0.300701 -0.953718 0
    outer loop
      vertex 11.6857 -43.6115 0
      vertex 15.4422 -42.4271 4
      vertex 11.6857 -43.6115 4
    endloop
  endfacet
  facet normal 0.300701 -0.953718 0
    outer loop
      vertex 15.4422 -42.4271 4
      vertex 11.6857 -43.6115 0
      vertex 15.4422 -42.4271 0
    endloop
  endfacet
  facet normal -0.887006 0.461757 0
    outer loop
      vertex -40.9198 19.0812 0
      vertex -39.101 22.575 4
      vertex -39.101 22.575 0
    endloop
  endfacet
  facet normal -0.887006 0.461757 0
    outer loop
      vertex -39.101 22.575 4
      vertex -40.9198 19.0812 0
      vertex -40.9198 19.0812 4
    endloop
  endfacet
  facet normal 0.537291 0.843397 -0
    outer loop
      vertex 25.897 36.9847 0
      vertex 22.575 39.101 4
      vertex 25.897 36.9847 4
    endloop
  endfacet
  facet normal 0.537291 0.843397 0
    outer loop
      vertex 22.575 39.101 4
      vertex 25.897 36.9847 0
      vertex 22.575 39.101 0
    endloop
  endfacet
  facet normal -0.923882 -0.382678 0
    outer loop
      vertex -40.9198 -19.0812 0
      vertex -42.4271 -15.4422 4
      vertex -42.4271 -15.4422 0
    endloop
  endfacet
  facet normal -0.923882 -0.382678 0
    outer loop
      vertex -42.4271 -15.4422 4
      vertex -40.9198 -19.0812 0
      vertex -40.9198 -19.0812 4
    endloop
  endfacet
  facet normal 0.976292 -0.216458 0
    outer loop
      vertex 43.6115 -11.6857 4
      vertex 44.4641 -7.84021 0
      vertex 44.4641 -7.84021 4
    endloop
  endfacet
  facet normal 0.976292 -0.216458 0
    outer loop
      vertex 44.4641 -7.84021 0
      vertex 43.6115 -11.6857 4
      vertex 43.6115 -11.6857 0
    endloop
  endfacet
  facet normal -0.737281 0.675587 0
    outer loop
      vertex -34.5869 29.0219 0
      vertex -31.9259 31.9259 4
      vertex -31.9259 31.9259 0
    endloop
  endfacet
  facet normal -0.737281 0.675587 0
    outer loop
      vertex -31.9259 31.9259 4
      vertex -34.5869 29.0219 0
      vertex -34.5869 29.0219 4
    endloop
  endfacet
  facet normal 0.216458 -0.976292 0
    outer loop
      vertex 7.84021 -44.4641 0
      vertex 11.6857 -43.6115 4
      vertex 7.84021 -44.4641 4
    endloop
  endfacet
  facet normal 0.216458 -0.976292 0
    outer loop
      vertex 11.6857 -43.6115 4
      vertex 7.84021 -44.4641 0
      vertex 11.6857 -43.6115 0
    endloop
  endfacet
  facet normal 0.793356 -0.608758 0
    outer loop
      vertex 34.5869 -29.0219 4
      vertex 36.9847 -25.897 0
      vertex 36.9847 -25.897 4
    endloop
  endfacet
  facet normal 0.793356 -0.608758 0
    outer loop
      vertex 36.9847 -25.897 0
      vertex 34.5869 -29.0219 4
      vertex 34.5869 -29.0219 0
    endloop
  endfacet
  facet normal -0.675587 0.737281 0
    outer loop
      vertex -29.0219 34.5869 0
      vertex -31.9259 31.9259 4
      vertex -29.0219 34.5869 4
    endloop
  endfacet
  facet normal -0.675587 0.737281 0
    outer loop
      vertex -31.9259 31.9259 4
      vertex -29.0219 34.5869 0
      vertex -31.9259 31.9259 0
    endloop
  endfacet
  facet normal -0.976292 -0.216458 0
    outer loop
      vertex -43.6115 -11.6857 0
      vertex -44.4641 -7.84021 4
      vertex -44.4641 -7.84021 0
    endloop
  endfacet
  facet normal -0.976292 -0.216458 0
    outer loop
      vertex -44.4641 -7.84021 4
      vertex -43.6115 -11.6857 0
      vertex -43.6115 -11.6857 4
    endloop
  endfacet
  facet normal -0.991446 -0.130521 0
    outer loop
      vertex -44.4641 -7.84021 0
      vertex -44.9782 -3.93508 4
      vertex -44.9782 -3.93508 0
    endloop
  endfacet
  facet normal -0.991446 -0.130521 0
    outer loop
      vertex -44.9782 -3.93508 4
      vertex -44.4641 -7.84021 0
      vertex -44.4641 -7.84021 4
    endloop
  endfacet
  facet normal 0 0 1
    outer loop
      vertex -21.9512 -26.1604 4
      vertex -25.5815 -26.8541 4
      vertex -25.5761 -26.9761 4
    endloop
  endfacet
  facet normal 0 0 1
    outer loop
      vertex -21.9512 -26.1604 4
      vertex -25.5974 -26.733 4
      vertex -25.5815 -26.8541 4
    endloop
  endfacet
  facet normal 0 0 1
    outer loop
      vertex -21.9512 -26.1604 4
      vertex -25.6238 -26.6138 4
      vertex -25.5974 -26.733 4
    endloop
  endfacet
  facet normal 0 0 1
    outer loop
      vertex -24.1477 -24.1477 4
      vertex -25.6606 -26.4973 4
      vertex -25.6238 -26.6138 4
    endloop
  endfacet
  facet normal 0 0 1
    outer loop
      vertex -24.1477 -24.1477 4
      vertex -25.7073 -26.3845 4
      vertex -25.6606 -26.4973 4
    endloop
  endfacet
  facet normal 0 0 1
    outer loop
      vertex -24.1477 -24.1477 4
      vertex -25.7637 -26.2761 4
      vertex -25.7073 -26.3845 4
    endloop
  endfacet
  facet normal 0 0 1
    outer loop
      vertex -24.1477 -24.1477 4
      vertex -25.8293 -26.1731 4
      vertex -25.7637 -26.2761 4
    endloop
  endfacet
  facet normal 0 0 1
    outer loop
      vertex -24.1477 -24.1477 4
      vertex -25.9037 -26.0762 4
      vertex -25.8293 -26.1731 4
    endloop
  endfacet
  facet normal 0 0 1
    outer loop
      vertex -24.1477 -24.1477 4
      vertex -25.9862 -25.9862 4
      vertex -25.9037 -26.0762 4
    endloop
  endfacet
  facet normal 0 0 1
    outer loop
      vertex -24.1477 -24.1477 4
      vertex -26.0762 -25.9037 4
      vertex -25.9862 -25.9862 4
    endloop
  endfacet
  facet normal 0 0 1
    outer loop
      vertex -26.6138 -25.6238 4
      vertex -24.1477 -24.1477 4
      vertex -26.1604 -21.9512 4
    endloop
  endfacet
  facet normal 0 0 1
    outer loop
      vertex -24.1477 -24.1477 4
      vertex -26.1731 -25.8293 4
      vertex -26.0762 -25.9037 4
    endloop
  endfacet
  facet normal 0 0 1
    outer loop
      vertex -24.1477 -24.1477 4
      vertex -26.2761 -25.7637 4
      vertex -26.1731 -25.8293 4
    endloop
  endfacet
  facet normal 0 0 1
    outer loop
      vertex -24.1477 -24.1477 4
      vertex -26.3845 -25.7073 4
      vertex -26.2761 -25.7637 4
    endloop
  endfacet
  facet normal 0 0 1
    outer loop
      vertex -24.1477 -24.1477 4
      vertex -26.4973 -25.6606 4
      vertex -26.3845 -25.7073 4
    endloop
  endfacet
  facet normal 0 0 1
    outer loop
      vertex -24.1477 -24.1477 4
      vertex -26.6138 -25.6238 4
      vertex -26.4973 -25.6606 4
    endloop
  endfacet
  facet normal 0 0 1
    outer loop
      vertex -26.1604 -21.9512 4
      vertex -26.733 -25.5974 4
      vertex -26.6138 -25.6238 4
    endloop
  endfacet
  facet normal 0 0 1
    outer loop
      vertex -26.1604 -21.9512 4
      vertex -26.8541 -25.5815 4
      vertex -26.733 -25.5974 4
    endloop
  endfacet
  facet normal 0 0 1
    outer loop
      vertex -26.1604 -21.9512 4
      vertex -26.9761 -25.5761 4
      vertex -26.8541 -25.5815 4
    endloop
  endfacet
  facet normal 0 0 1
    outer loop
      vertex -26.1604 -21.9512 4
      vertex -27.0981 -25.5815 4
      vertex -26.9761 -25.5761 4
    endloop
  endfacet
  facet normal 0 0 1
    outer loop
      vertex -26.1604 -21.9512 4
      vertex -27.2192 -25.5974 4
      vertex -27.0981 -25.5815 4
    endloop
  endfacet
  facet normal 0 0 1
    outer loop
      vertex -26.1604 -21.9512 4
      vertex -27.3385 -25.6238 4
      vertex -27.2192 -25.5974 4
    endloop
  endfacet
  facet normal 0 0 1
    outer loop
      vertex -26.1604 -21.9512 4
      vertex -27.455 -25.6606 4
      vertex -27.3385 -25.6238 4
    endloop
  endfacet
  facet normal 0 0 1
    outer loop
      vertex -26.1604 -21.9512 4
      vertex -27.5678 -25.7073 4
      vertex -27.455 -25.6606 4
    endloop
  endfacet
  facet normal 0 0 1
    outer loop
      vertex -26.1604 -21.9512 4
      vertex -27.6761 -25.7637 4
      vertex -27.5678 -25.7073 4
    endloop
  endfacet
  facet normal 0 0 1
    outer loop
      vertex -26.1604 -21.9512 4
      vertex -27.7791 -25.8293 4
      vertex -27.6761 -25.7637 4
    endloop
  endfacet
  facet normal 0 0 1
    outer loop
      vertex -27.974 -19.5876 4
      vertex -27.7791 -25.8293 4
      vertex -26.1604 -21.9512 4
    endloop
  endfacet
  facet normal 0 0 1
    outer loop
      vertex -27.7791 -25.8293 4
      vertex -27.974 -19.5876 4
      vertex -27.876 -25.9037 4
    endloop
  endfacet
  facet normal 0 0 1
    outer loop
      vertex -27.876 -25.9037 4
      vertex -27.974 -19.5876 4
      vertex -27.9661 -25.9862 4
    endloop
  endfacet
  facet normal 0 0 1
    outer loop
      vertex -27.974 -19.5876 4
      vertex -28.0486 -26.0762 4
      vertex -27.9661 -25.9862 4
    endloop
  endfacet
  facet normal 0 0 1
    outer loop
      vertex -27.974 -19.5876 4
      vertex -28.1229 -26.1731 4
      vertex -28.0486 -26.0762 4
    endloop
  endfacet
  facet normal -0 0 1
    outer loop
      vertex -36.9847 -25.897 4
      vertex -28.1229 -26.1731 4
      vertex -27.974 -19.5876 4
    endloop
  endfacet
  facet normal 0 0 1
    outer loop
      vertex -28.1229 -26.1731 4
      vertex -36.9847 -25.897 4
      vertex -28.1886 -26.2761 4
    endloop
  endfacet
  facet normal 0 0 1
    outer loop
      vertex -28.1886 -26.2761 4
      vertex -36.9847 -25.897 4
      vertex -28.245 -26.3845 4
    endloop
  endfacet
  facet normal 0 0 1
    outer loop
      vertex -28.245 -26.3845 4
      vertex -36.9847 -25.897 4
      vertex -28.2917 -26.4973 4
    endloop
  endfacet
  facet normal 0 -0 1
    outer loop
      vertex -34.5869 -29.0219 4
      vertex -28.2917 -26.4973 4
      vertex -36.9847 -25.897 4
    endloop
  endfacet
  facet normal 0 0 1
    outer loop
      vertex -28.2917 -26.4973 4
      vertex -34.5869 -29.0219 4
      vertex -28.3284 -26.6138 4
    endloop
  endfacet
  facet normal 0 0 1
    outer loop
      vertex -34.5869 -29.0219 4
      vertex -28.3761 -26.9761 4
      vertex -28.3708 -26.8541 4
    endloop
  endfacet
  facet normal 0 0 1
    outer loop
      vertex -28.3284 -26.6138 4
      vertex -34.5869 -29.0219 4
      vertex -28.3549 -26.733 4
    endloop
  endfacet
  facet normal 0 0 1
    outer loop
      vertex -36.9847 -25.897 4
      vertex -27.974 -19.5876 4
      vertex -29.5748 -17.075 4
    endloop
  endfacet
  facet normal 0 0 1
    outer loop
      vertex -39.101 -22.575 4
      vertex -29.5748 -17.075 4
      vertex -30.9504 -14.4324 4
    endloop
  endfacet
  facet normal 0 0 1
    outer loop
      vertex -28.3761 -26.9761 4
      vertex -31.9259 -31.9259 4
      vertex -29.0219 -34.5869 4
    endloop
  endfacet
  facet normal 0 0 1
    outer loop
      vertex -40.9198 -19.0812 4
      vertex -30.9504 -14.4324 4
      vertex -32.0905 -11.68 4
    endloop
  endfacet
  facet normal 0 0 1
    outer loop
      vertex -42.4271 -15.4422 4
      vertex -32.0905 -11.68 4
      vertex -32.9864 -8.83867 4
    endloop
  endfacet
  facet normal 0 0 1
    outer loop
      vertex -43.6115 -11.6857 4
      vertex -32.9864 -8.83867 4
      vertex -33.6312 -5.93009 4
    endloop
  endfacet
  facet normal 0 0 1
    outer loop
      vertex -44.4641 -7.84021 4
      vertex -33.6312 -5.93009 4
      vertex -34.0201 -2.97637 4
    endloop
  endfacet
  facet normal 0 0 1
    outer loop
      vertex -28.3761 -26.9761 4
      vertex -34.5869 -29.0219 4
      vertex -31.9259 -31.9259 4
    endloop
  endfacet
  facet normal 0 0 1
    outer loop
      vertex -44.9782 -3.93508 4
      vertex -34.0201 -2.97637 4
      vertex -34.15 0 4
    endloop
  endfacet
  facet normal 0 0 1
    outer loop
      vertex -32.0905 11.68 4
      vertex -42.4271 15.4422 4
      vertex -32.9864 8.83867 4
    endloop
  endfacet
  facet normal -0 0 1
    outer loop
      vertex -43.6115 11.6857 4
      vertex -32.9864 8.83867 4
      vertex -42.4271 15.4422 4
    endloop
  endfacet
  facet normal 0 0 1
    outer loop
      vertex -28.3549 -26.733 4
      vertex -34.5869 -29.0219 4
      vertex -28.3708 -26.8541 4
    endloop
  endfacet
  facet normal 0 0 1
    outer loop
      vertex -32.9864 8.83867 4
      vertex -43.6115 11.6857 4
      vertex -33.6312 5.93009 4
    endloop
  endfacet
  facet normal 0 0 1
    outer loop
      vertex -29.5748 -17.075 4
      vertex -39.101 -22.575 4
      vertex -36.9847 -25.897 4
    endloop
  endfacet
  facet normal -0 0 1
    outer loop
      vertex -44.4641 7.84021 4
      vertex -33.6312 5.93009 4
      vertex -43.6115 11.6857 4
    endloop
  endfacet
  facet normal 0 0 1
    outer loop
      vertex -30.9504 -14.4324 4
      vertex -40.9198 -19.0812 4
      vertex -39.101 -22.575 4
    endloop
  endfacet
  facet normal 0 0 1
    outer loop
      vertex -33.6312 5.93009 4
      vertex -44.4641 7.84021 4
      vertex -34.0201 2.97637 4
    endloop
  endfacet
  facet normal 0 0 1
    outer loop
      vertex -32.0905 -11.68 4
      vertex -42.4271 -15.4422 4
      vertex -40.9198 -19.0812 4
    endloop
  endfacet
  facet normal -0 0 1
    outer loop
      vertex -44.9782 3.93508 4
      vertex -34.0201 2.97637 4
      vertex -44.4641 7.84021 4
    endloop
  endfacet
  facet normal 0 0 1
    outer loop
      vertex -32.9864 -8.83867 4
      vertex -43.6115 -11.6857 4
      vertex -42.4271 -15.4422 4
    endloop
  endfacet
  facet normal 0 0 1
    outer loop
      vertex -34.0201 2.97637 4
      vertex -44.9782 3.93508 4
      vertex -34.15 0 4
    endloop
  endfacet
  facet normal 0 0 1
    outer loop
      vertex -33.6312 -5.93009 4
      vertex -44.4641 -7.84021 4
      vertex -43.6115 -11.6857 4
    endloop
  endfacet
  facet normal 0 0 1
    outer loop
      vertex -45.15 0 4
      vertex -34.15 0 4
      vertex -44.9782 3.93508 4
    endloop
  endfacet
  facet normal 0 0 1
    outer loop
      vertex -34.0201 -2.97637 4
      vertex -44.9782 -3.93508 4
      vertex -44.4641 -7.84021 4
    endloop
  endfacet
  facet normal 0 0 1
    outer loop
      vertex -34.15 0 4
      vertex -45.15 0 4
      vertex -44.9782 -3.93508 4
    endloop
  endfacet
  facet normal -0 0 1
    outer loop
      vertex -25.5974 26.733 4
      vertex -21.9512 26.1604 4
      vertex -25.5815 26.8541 4
    endloop
  endfacet
  facet normal -0 0 1
    outer loop
      vertex -25.6238 26.6138 4
      vertex -21.9512 26.1604 4
      vertex -25.5974 26.733 4
    endloop
  endfacet
  facet normal 0 0 1
    outer loop
      vertex -21.9512 26.1604 4
      vertex -25.6238 26.6138 4
      vertex -24.1477 24.1477 4
    endloop
  endfacet
  facet normal -0 0 1
    outer loop
      vertex -25.6606 26.4973 4
      vertex -24.1477 24.1477 4
      vertex -25.6238 26.6138 4
    endloop
  endfacet
  facet normal -0 0 1
    outer loop
      vertex -25.7073 26.3845 4
      vertex -24.1477 24.1477 4
      vertex -25.6606 26.4973 4
    endloop
  endfacet
  facet normal -0 0 1
    outer loop
      vertex -25.7637 26.2761 4
      vertex -24.1477 24.1477 4
      vertex -25.7073 26.3845 4
    endloop
  endfacet
  facet normal -0 0 1
    outer loop
      vertex -25.8293 26.1731 4
      vertex -24.1477 24.1477 4
      vertex -25.7637 26.2761 4
    endloop
  endfacet
  facet normal -0 0 1
    outer loop
      vertex -25.9037 26.0762 4
      vertex -24.1477 24.1477 4
      vertex -25.8293 26.1731 4
    endloop
  endfacet
  facet normal -0 0 1
    outer loop
      vertex -25.9862 25.9862 4
      vertex -24.1477 24.1477 4
      vertex -25.9037 26.0762 4
    endloop
  endfacet
  facet normal -0 0 1
    outer loop
      vertex -26.0762 25.9037 4
      vertex -24.1477 24.1477 4
      vertex -25.9862 25.9862 4
    endloop
  endfacet
  facet normal -0 0 1
    outer loop
      vertex -26.1731 25.8293 4
      vertex -24.1477 24.1477 4
      vertex -26.0762 25.9037 4
    endloop
  endfacet
  facet normal -0 0 1
    outer loop
      vertex -26.2761 25.7637 4
      vertex -24.1477 24.1477 4
      vertex -26.1731 25.8293 4
    endloop
  endfacet
  facet normal -0 0 1
    outer loop
      vertex -26.3845 25.7073 4
      vertex -24.1477 24.1477 4
      vertex -26.2761 25.7637 4
    endloop
  endfacet
  facet normal -0 0 1
    outer loop
      vertex -26.4973 25.6606 4
      vertex -24.1477 24.1477 4
      vertex -26.3845 25.7073 4
    endloop
  endfacet
  facet normal -0 0 1
    outer loop
      vertex -26.6138 25.6238 4
      vertex -24.1477 24.1477 4
      vertex -26.4973 25.6606 4
    endloop
  endfacet
  facet normal 0 0 1
    outer loop
      vertex -24.1477 24.1477 4
      vertex -26.6138 25.6238 4
      vertex -26.1604 21.9512 4
    endloop
  endfacet
  facet normal -0 0 1
    outer loop
      vertex -26.733 25.5974 4
      vertex -26.1604 21.9512 4
      vertex -26.6138 25.6238 4
    endloop
  endfacet
  facet normal -0 0 1
    outer loop
      vertex -26.8541 25.5815 4
      vertex -26.1604 21.9512 4
      vertex -26.733 25.5974 4
    endloop
  endfacet
  facet normal -0 0 1
    outer loop
      vertex -26.9761 25.5761 4
      vertex -26.1604 21.9512 4
      vertex -26.8541 25.5815 4
    endloop
  endfacet
  facet normal 0 0 1
    outer loop
      vertex -27.0981 25.5815 4
      vertex -26.1604 21.9512 4
      vertex -26.9761 25.5761 4
    endloop
  endfacet
  facet normal 0 0 1
    outer loop
      vertex -27.2192 25.5974 4
      vertex -26.1604 21.9512 4
      vertex -27.0981 25.5815 4
    endloop
  endfacet
  facet normal 0 0 1
    outer loop
      vertex -27.3385 25.6238 4
      vertex -26.1604 21.9512 4
      vertex -27.2192 25.5974 4
    endloop
  endfacet
  facet normal 0 0 1
    outer loop
      vertex -27.455 25.6606 4
      vertex -26.1604 21.9512 4
      vertex -27.3385 25.6238 4
    endloop
  endfacet
  facet normal 0 0 1
    outer loop
      vertex -27.5678 25.7073 4
      vertex -26.1604 21.9512 4
      vertex -27.455 25.6606 4
    endloop
  endfacet
  facet normal 0 0 1
    outer loop
      vertex -27.6761 25.7637 4
      vertex -26.1604 21.9512 4
      vertex -27.5678 25.7073 4
    endloop
  endfacet
  facet normal 0 0 1
    outer loop
      vertex -27.7791 25.8293 4
      vertex -26.1604 21.9512 4
      vertex -27.6761 25.7637 4
    endloop
  endfacet
  facet normal 0 0 1
    outer loop
      vertex -27.974 19.5876 4
      vertex -27.7791 25.8293 4
      vertex -27.876 25.9037 4
    endloop
  endfacet
  facet normal 0 0 1
    outer loop
      vertex -27.974 19.5876 4
      vertex -27.876 25.9037 4
      vertex -27.9661 25.9862 4
    endloop
  endfacet
  facet normal 0 0 1
    outer loop
      vertex -27.7791 25.8293 4
      vertex -27.974 19.5876 4
      vertex -26.1604 21.9512 4
    endloop
  endfacet
  facet normal 0 0 1
    outer loop
      vertex -28.0486 26.0762 4
      vertex -27.974 19.5876 4
      vertex -27.9661 25.9862 4
    endloop
  endfacet
  facet normal 0 0 1
    outer loop
      vertex -28.1229 26.1731 4
      vertex -27.974 19.5876 4
      vertex -28.0486 26.0762 4
    endloop
  endfacet
  facet normal 0 0 1
    outer loop
      vertex -36.9847 25.897 4
      vertex -28.1229 26.1731 4
      vertex -28.1886 26.2761 4
    endloop
  endfacet
  facet normal 0 0 1
    outer loop
      vertex -28.2917 26.4973 4
      vertex -36.9847 25.897 4
      vertex -28.245 26.3845 4
    endloop
  endfacet
  facet normal 0 0 1
    outer loop
      vertex -36.9847 25.897 4
      vertex -28.2917 26.4973 4
      vertex -34.5869 29.0219 4
    endloop
  endfacet
  facet normal 0 0 1
    outer loop
      vertex -34.5869 29.0219 4
      vertex -28.2917 26.4973 4
      vertex -28.3284 26.6138 4
    endloop
  endfacet
  facet normal 0 0 1
    outer loop
      vertex -34.5869 29.0219 4
      vertex -28.3284 26.6138 4
      vertex -28.3549 26.733 4
    endloop
  endfacet
  facet normal 0 0 1
    outer loop
      vertex -34.5869 29.0219 4
      vertex -28.3549 26.733 4
      vertex -28.3708 26.8541 4
    endloop
  endfacet
  facet normal 0 0 1
    outer loop
      vertex -28.3549 27.2192 4
      vertex -34.5869 29.0219 4
      vertex -28.3708 27.0981 4
    endloop
  endfacet
  facet normal 0 0 1
    outer loop
      vertex -28.3708 27.0981 4
      vertex -34.5869 29.0219 4
      vertex -28.3761 26.9761 4
    endloop
  endfacet
  facet normal 0 0 1
    outer loop
      vertex -28.3761 26.9761 4
      vertex -34.5869 29.0219 4
      vertex -28.3708 26.8541 4
    endloop
  endfacet
  facet normal 0 0 1
    outer loop
      vertex -28.245 26.3845 4
      vertex -36.9847 25.897 4
      vertex -28.1886 26.2761 4
    endloop
  endfacet
  facet normal 0 0 1
    outer loop
      vertex -28.1229 26.1731 4
      vertex -36.9847 25.897 4
      vertex -27.974 19.5876 4
    endloop
  endfacet
  facet normal 0 0 1
    outer loop
      vertex -27.974 19.5876 4
      vertex -36.9847 25.897 4
      vertex -29.5748 17.075 4
    endloop
  endfacet
  facet normal -0 0 1
    outer loop
      vertex -39.101 22.575 4
      vertex -29.5748 17.075 4
      vertex -36.9847 25.897 4
    endloop
  endfacet
  facet normal 0 0 1
    outer loop
      vertex -29.5748 17.075 4
      vertex -39.101 22.575 4
      vertex -30.9504 14.4324 4
    endloop
  endfacet
  facet normal -0 0 1
    outer loop
      vertex -40.9198 19.0812 4
      vertex -30.9504 14.4324 4
      vertex -39.101 22.575 4
    endloop
  endfacet
  facet normal -0 0 1
    outer loop
      vertex -42.4271 15.4422 4
      vertex -32.0905 11.68 4
      vertex -40.9198 19.0812 4
    endloop
  endfacet
  facet normal 0 0 1
    outer loop
      vertex -30.9504 14.4324 4
      vertex -40.9198 19.0812 4
      vertex -32.0905 11.68 4
    endloop
  endfacet
  facet normal 0 0 1
    outer loop
      vertex 34.5869 29.0219 4
      vertex 28.3708 27.0981 4
      vertex 28.3761 26.9761 4
    endloop
  endfacet
  facet normal 0 0 1
    outer loop
      vertex 31.9259 31.9259 4
      vertex 28.3549 27.2192 4
      vertex 28.3708 27.0981 4
    endloop
  endfacet
  facet normal 0 0 1
    outer loop
      vertex 31.9259 31.9259 4
      vertex 28.3284 27.3385 4
      vertex 28.3549 27.2192 4
    endloop
  endfacet
  facet normal 0 0 1
    outer loop
      vertex 31.9259 31.9259 4
      vertex 28.2917 27.455 4
      vertex 28.3284 27.3385 4
    endloop
  endfacet
  facet normal 0 0 1
    outer loop
      vertex 31.9259 31.9259 4
      vertex 28.245 27.5678 4
      vertex 28.2917 27.455 4
    endloop
  endfacet
  facet normal 0 0 1
    outer loop
      vertex 31.9259 31.9259 4
      vertex 28.1886 27.6761 4
      vertex 28.245 27.5678 4
    endloop
  endfacet
  facet normal 0 0 1
    outer loop
      vertex 31.9259 31.9259 4
      vertex 28.1229 27.7791 4
      vertex 28.1886 27.6761 4
    endloop
  endfacet
  facet normal 0 0 1
    outer loop
      vertex 31.9259 31.9259 4
      vertex 28.0486 27.876 4
      vertex 28.1229 27.7791 4
    endloop
  endfacet
  facet normal 0 0 1
    outer loop
      vertex 31.9259 31.9259 4
      vertex 27.9661 27.9661 4
      vertex 28.0486 27.876 4
    endloop
  endfacet
  facet normal 0 0 1
    outer loop
      vertex 31.9259 31.9259 4
      vertex 27.876 28.0486 4
      vertex 27.9661 27.9661 4
    endloop
  endfacet
  facet normal 0 0 1
    outer loop
      vertex 31.9259 31.9259 4
      vertex 27.7791 28.1229 4
      vertex 27.876 28.0486 4
    endloop
  endfacet
  facet normal 0 0 1
    outer loop
      vertex 31.9259 31.9259 4
      vertex 27.6761 28.1886 4
      vertex 27.7791 28.1229 4
    endloop
  endfacet
  facet normal 0 0 1
    outer loop
      vertex 31.9259 31.9259 4
      vertex 27.5678 28.245 4
      vertex 27.6761 28.1886 4
    endloop
  endfacet
  facet normal 0 0 1
    outer loop
      vertex 31.9259 31.9259 4
      vertex 27.455 28.2917 4
      vertex 27.5678 28.245 4
    endloop
  endfacet
  facet normal 0 0 1
    outer loop
      vertex 29.0219 34.5869 4
      vertex 27.3385 28.3284 4
      vertex 27.455 28.2917 4
    endloop
  endfacet
  facet normal 0 0 1
    outer loop
      vertex 29.0219 34.5869 4
      vertex 27.2192 28.3549 4
      vertex 27.3385 28.3284 4
    endloop
  endfacet
  facet normal 0 0 1
    outer loop
      vertex 29.0219 34.5869 4
      vertex 27.0981 28.3708 4
      vertex 27.2192 28.3549 4
    endloop
  endfacet
  facet normal 0 0 1
    outer loop
      vertex 29.0219 34.5869 4
      vertex 26.9761 28.3761 4
      vertex 27.0981 28.3708 4
    endloop
  endfacet
  facet normal 0 0 1
    outer loop
      vertex 29.0219 34.5869 4
      vertex 26.8541 28.3708 4
      vertex 26.9761 28.3761 4
    endloop
  endfacet
  facet normal 0 0 1
    outer loop
      vertex 29.0219 34.5869 4
      vertex 26.733 28.3549 4
      vertex 26.8541 28.3708 4
    endloop
  endfacet
  facet normal 0 0 1
    outer loop
      vertex 29.0219 34.5869 4
      vertex 26.6138 28.3284 4
      vertex 26.733 28.3549 4
    endloop
  endfacet
  facet normal 0 0 1
    outer loop
      vertex 29.0219 34.5869 4
      vertex 26.4973 28.2917 4
      vertex 26.6138 28.3284 4
    endloop
  endfacet
  facet normal 0 0 1
    outer loop
      vertex 25.897 36.9847 4
      vertex 26.4973 28.2917 4
      vertex 29.0219 34.5869 4
    endloop
  endfacet
  facet normal 0 0 1
    outer loop
      vertex 26.4973 28.2917 4
      vertex 25.897 36.9847 4
      vertex 26.3845 28.245 4
    endloop
  endfacet
  facet normal 0 0 1
    outer loop
      vertex 26.3845 28.245 4
      vertex 25.897 36.9847 4
      vertex 26.2761 28.1886 4
    endloop
  endfacet
  facet normal 0 0 1
    outer loop
      vertex 26.2761 28.1886 4
      vertex 25.897 36.9847 4
      vertex 26.1731 28.1229 4
    endloop
  endfacet
  facet normal 0 0 1
    outer loop
      vertex 26.1731 28.1229 4
      vertex 25.897 36.9847 4
      vertex 26.0762 28.0486 4
    endloop
  endfacet
  facet normal 0 0 1
    outer loop
      vertex 19.5876 27.974 4
      vertex 26.0762 28.0486 4
      vertex 25.897 36.9847 4
    endloop
  endfacet
  facet normal 0 0 1
    outer loop
      vertex 26.0762 28.0486 4
      vertex 19.5876 27.974 4
      vertex 25.9862 27.9661 4
    endloop
  endfacet
  facet normal 0 0 1
    outer loop
      vertex 25.9862 27.9661 4
      vertex 19.5876 27.974 4
      vertex 25.9037 27.876 4
    endloop
  endfacet
  facet normal 0 0 1
    outer loop
      vertex 25.9037 27.876 4
      vertex 19.5876 27.974 4
      vertex 25.8293 27.7791 4
    endloop
  endfacet
  facet normal 0 0 1
    outer loop
      vertex 25.8293 27.7791 4
      vertex 19.5876 27.974 4
      vertex 25.7637 27.6761 4
    endloop
  endfacet
  facet normal 0 -0 1
    outer loop
      vertex 21.9512 26.1604 4
      vertex 25.7637 27.6761 4
      vertex 19.5876 27.974 4
    endloop
  endfacet
  facet normal 0 0 1
    outer loop
      vertex 25.7637 27.6761 4
      vertex 21.9512 26.1604 4
      vertex 25.7073 27.5678 4
    endloop
  endfacet
  facet normal 0 0 1
    outer loop
      vertex 25.7073 27.5678 4
      vertex 21.9512 26.1604 4
      vertex 25.6606 27.455 4
    endloop
  endfacet
  facet normal 0 0 1
    outer loop
      vertex 25.6606 27.455 4
      vertex 21.9512 26.1604 4
      vertex 25.6238 27.3385 4
    endloop
  endfacet
  facet normal 0 0 1
    outer loop
      vertex 25.6238 27.3385 4
      vertex 21.9512 26.1604 4
      vertex 25.5974 27.2192 4
    endloop
  endfacet
  facet normal 0 0 1
    outer loop
      vertex 25.5974 27.2192 4
      vertex 21.9512 26.1604 4
      vertex 25.5815 27.0981 4
    endloop
  endfacet
  facet normal 0 0 1
    outer loop
      vertex 19.5876 27.974 4
      vertex 25.897 36.9847 4
      vertex 22.575 39.101 4
    endloop
  endfacet
  facet normal 0 0 1
    outer loop
      vertex 25.5761 26.9761 4
      vertex 21.9512 26.1604 4
      vertex 24.1477 24.1477 4
    endloop
  endfacet
  facet normal 0 0 1
    outer loop
      vertex 25.5815 27.0981 4
      vertex 21.9512 26.1604 4
      vertex 25.5761 26.9761 4
    endloop
  endfacet
  facet normal 0 0 1
    outer loop
      vertex 17.075 29.5748 4
      vertex 22.575 39.101 4
      vertex 19.0812 40.9198 4
    endloop
  endfacet
  facet normal 0 0 1
    outer loop
      vertex 22.575 39.101 4
      vertex 17.075 29.5748 4
      vertex 19.5876 27.974 4
    endloop
  endfacet
  facet normal 0 0 1
    outer loop
      vertex 14.4324 30.9504 4
      vertex 19.0812 40.9198 4
      vertex 15.4422 42.4271 4
    endloop
  endfacet
  facet normal 0 0 1
    outer loop
      vertex 19.0812 40.9198 4
      vertex 14.4324 30.9504 4
      vertex 17.075 29.5748 4
    endloop
  endfacet
  facet normal 0 0 1
    outer loop
      vertex 11.68 32.0905 4
      vertex 15.4422 42.4271 4
      vertex 11.6857 43.6115 4
    endloop
  endfacet
  facet normal 0 0 1
    outer loop
      vertex 15.4422 42.4271 4
      vertex 11.68 32.0905 4
      vertex 14.4324 30.9504 4
    endloop
  endfacet
  facet normal 0 0 1
    outer loop
      vertex 11.6857 43.6115 4
      vertex 8.83867 32.9864 4
      vertex 11.68 32.0905 4
    endloop
  endfacet
  facet normal 0 0 1
    outer loop
      vertex 7.84021 44.4641 4
      vertex 8.83867 32.9864 4
      vertex 11.6857 43.6115 4
    endloop
  endfacet
  facet normal 0 0 1
    outer loop
      vertex 7.84021 44.4641 4
      vertex 5.93009 33.6312 4
      vertex 8.83867 32.9864 4
    endloop
  endfacet
  facet normal 0 0 1
    outer loop
      vertex 3.93508 44.9782 4
      vertex 5.93009 33.6312 4
      vertex 7.84021 44.4641 4
    endloop
  endfacet
  facet normal 0 0 1
    outer loop
      vertex 3.93508 44.9782 4
      vertex 2.97637 34.0201 4
      vertex 5.93009 33.6312 4
    endloop
  endfacet
  facet normal 0 0 1
    outer loop
      vertex 0 45.15 4
      vertex 2.97637 34.0201 4
      vertex 3.93508 44.9782 4
    endloop
  endfacet
  facet normal 0 0 1
    outer loop
      vertex 0 45.15 4
      vertex 0 34.15 4
      vertex 2.97637 34.0201 4
    endloop
  endfacet
  facet normal 0 0 1
    outer loop
      vertex 0 45.15 4
      vertex -2.97637 34.0201 4
      vertex 0 34.15 4
    endloop
  endfacet
  facet normal -0 0 1
    outer loop
      vertex -3.93508 44.9782 4
      vertex -2.97637 34.0201 4
      vertex 0 45.15 4
    endloop
  endfacet
  facet normal 0 0 1
    outer loop
      vertex -3.93508 44.9782 4
      vertex -5.93009 33.6312 4
      vertex -2.97637 34.0201 4
    endloop
  endfacet
  facet normal -0 0 1
    outer loop
      vertex -7.84021 44.4641 4
      vertex -5.93009 33.6312 4
      vertex -3.93508 44.9782 4
    endloop
  endfacet
  facet normal 0 0 1
    outer loop
      vertex -7.84021 44.4641 4
      vertex -8.83867 32.9864 4
      vertex -5.93009 33.6312 4
    endloop
  endfacet
  facet normal -0 0 1
    outer loop
      vertex -11.6857 43.6115 4
      vertex -8.83867 32.9864 4
      vertex -7.84021 44.4641 4
    endloop
  endfacet
  facet normal 0 0 1
    outer loop
      vertex -8.83867 32.9864 4
      vertex -11.6857 43.6115 4
      vertex -11.68 32.0905 4
    endloop
  endfacet
  facet normal -0 0 1
    outer loop
      vertex -15.4422 42.4271 4
      vertex -11.68 32.0905 4
      vertex -11.6857 43.6115 4
    endloop
  endfacet
  facet normal 0 0 1
    outer loop
      vertex -11.68 32.0905 4
      vertex -15.4422 42.4271 4
      vertex -14.4324 30.9504 4
    endloop
  endfacet
  facet normal -0 0 1
    outer loop
      vertex -19.0812 40.9198 4
      vertex -14.4324 30.9504 4
      vertex -15.4422 42.4271 4
    endloop
  endfacet
  facet normal 0 0 1
    outer loop
      vertex -14.4324 30.9504 4
      vertex -19.0812 40.9198 4
      vertex -17.075 29.5748 4
    endloop
  endfacet
  facet normal -0 0 1
    outer loop
      vertex -22.575 39.101 4
      vertex -17.075 29.5748 4
      vertex -19.0812 40.9198 4
    endloop
  endfacet
  facet normal 0 0 1
    outer loop
      vertex -17.075 29.5748 4
      vertex -22.575 39.101 4
      vertex -19.5876 27.974 4
    endloop
  endfacet
  facet normal -0 0 1
    outer loop
      vertex -25.897 36.9847 4
      vertex -19.5876 27.974 4
      vertex -22.575 39.101 4
    endloop
  endfacet
  facet normal -0 0 1
    outer loop
      vertex -26.0762 28.0486 4
      vertex -19.5876 27.974 4
      vertex -25.897 36.9847 4
    endloop
  endfacet
  facet normal -0 -0 1
    outer loop
      vertex -25.5974 27.2192 4
      vertex -21.9512 26.1604 4
      vertex -25.6238 27.3385 4
    endloop
  endfacet
  facet normal -0 0 1
    outer loop
      vertex -25.5815 26.8541 4
      vertex -21.9512 26.1604 4
      vertex -25.5761 26.9761 4
    endloop
  endfacet
  facet normal -0 -0 1
    outer loop
      vertex -25.5761 26.9761 4
      vertex -21.9512 26.1604 4
      vertex -25.5815 27.0981 4
    endloop
  endfacet
  facet normal -0 -0 1
    outer loop
      vertex -25.5815 27.0981 4
      vertex -21.9512 26.1604 4
      vertex -25.5974 27.2192 4
    endloop
  endfacet
  facet normal 0 0 1
    outer loop
      vertex -21.9512 26.1604 4
      vertex -25.6606 27.455 4
      vertex -25.6238 27.3385 4
    endloop
  endfacet
  facet normal 0 0 1
    outer loop
      vertex -21.9512 26.1604 4
      vertex -25.7073 27.5678 4
      vertex -25.6606 27.455 4
    endloop
  endfacet
  facet normal 0 0 1
    outer loop
      vertex -21.9512 26.1604 4
      vertex -25.7637 27.6761 4
      vertex -25.7073 27.5678 4
    endloop
  endfacet
  facet normal 0 0 1
    outer loop
      vertex -21.9512 26.1604 4
      vertex -25.8293 27.7791 4
      vertex -25.7637 27.6761 4
    endloop
  endfacet
  facet normal 0 -0 1
    outer loop
      vertex -25.9037 27.876 4
      vertex -19.5876 27.974 4
      vertex -25.9862 27.9661 4
    endloop
  endfacet
  facet normal 0 0 1
    outer loop
      vertex -19.5876 27.974 4
      vertex -25.8293 27.7791 4
      vertex -21.9512 26.1604 4
    endloop
  endfacet
  facet normal 0 -0 1
    outer loop
      vertex -25.8293 27.7791 4
      vertex -19.5876 27.974 4
      vertex -25.9037 27.876 4
    endloop
  endfacet
  facet normal 0 0 1
    outer loop
      vertex -19.5876 27.974 4
      vertex -26.0762 28.0486 4
      vertex -25.9862 27.9661 4
    endloop
  endfacet
  facet normal 0 0 1
    outer loop
      vertex -25.897 36.9847 4
      vertex -26.1731 28.1229 4
      vertex -26.0762 28.0486 4
    endloop
  endfacet
  facet normal 0 0 1
    outer loop
      vertex -25.897 36.9847 4
      vertex -26.2761 28.1886 4
      vertex -26.1731 28.1229 4
    endloop
  endfacet
  facet normal 0 0 1
    outer loop
      vertex -25.897 36.9847 4
      vertex -26.3845 28.245 4
      vertex -26.2761 28.1886 4
    endloop
  endfacet
  facet normal 0 0 1
    outer loop
      vertex -25.897 36.9847 4
      vertex -26.4973 28.2917 4
      vertex -26.3845 28.245 4
    endloop
  endfacet
  facet normal -0 0 1
    outer loop
      vertex -29.0219 34.5869 4
      vertex -26.4973 28.2917 4
      vertex -25.897 36.9847 4
    endloop
  endfacet
  facet normal 0 0 1
    outer loop
      vertex -26.4973 28.2917 4
      vertex -29.0219 34.5869 4
      vertex -26.6138 28.3284 4
    endloop
  endfacet
  facet normal 0 0 1
    outer loop
      vertex -26.6138 28.3284 4
      vertex -29.0219 34.5869 4
      vertex -26.733 28.3549 4
    endloop
  endfacet
  facet normal 0 0 1
    outer loop
      vertex -26.733 28.3549 4
      vertex -29.0219 34.5869 4
      vertex -26.8541 28.3708 4
    endloop
  endfacet
  facet normal 0 0 1
    outer loop
      vertex -26.8541 28.3708 4
      vertex -29.0219 34.5869 4
      vertex -26.9761 28.3761 4
    endloop
  endfacet
  facet normal 0 0 1
    outer loop
      vertex -26.9761 28.3761 4
      vertex -29.0219 34.5869 4
      vertex -27.0981 28.3708 4
    endloop
  endfacet
  facet normal 0 0 1
    outer loop
      vertex -27.0981 28.3708 4
      vertex -29.0219 34.5869 4
      vertex -27.2192 28.3549 4
    endloop
  endfacet
  facet normal 0 0 1
    outer loop
      vertex -27.2192 28.3549 4
      vertex -29.0219 34.5869 4
      vertex -27.3385 28.3284 4
    endloop
  endfacet
  facet normal 0 0 1
    outer loop
      vertex -27.3385 28.3284 4
      vertex -29.0219 34.5869 4
      vertex -27.455 28.2917 4
    endloop
  endfacet
  facet normal -0 0 1
    outer loop
      vertex -31.9259 31.9259 4
      vertex -27.455 28.2917 4
      vertex -29.0219 34.5869 4
    endloop
  endfacet
  facet normal 0 0 1
    outer loop
      vertex -27.455 28.2917 4
      vertex -31.9259 31.9259 4
      vertex -27.5678 28.245 4
    endloop
  endfacet
  facet normal 0 0 1
    outer loop
      vertex -27.5678 28.245 4
      vertex -31.9259 31.9259 4
      vertex -27.6761 28.1886 4
    endloop
  endfacet
  facet normal 0 0 1
    outer loop
      vertex -27.6761 28.1886 4
      vertex -31.9259 31.9259 4
      vertex -27.7791 28.1229 4
    endloop
  endfacet
  facet normal 0 0 1
    outer loop
      vertex -27.7791 28.1229 4
      vertex -31.9259 31.9259 4
      vertex -27.876 28.0486 4
    endloop
  endfacet
  facet normal 0 0 1
    outer loop
      vertex -27.876 28.0486 4
      vertex -31.9259 31.9259 4
      vertex -27.9661 27.9661 4
    endloop
  endfacet
  facet normal 0 0 1
    outer loop
      vertex -27.9661 27.9661 4
      vertex -31.9259 31.9259 4
      vertex -28.0486 27.876 4
    endloop
  endfacet
  facet normal 0 0 1
    outer loop
      vertex -28.0486 27.876 4
      vertex -31.9259 31.9259 4
      vertex -28.1229 27.7791 4
    endloop
  endfacet
  facet normal 0 0 1
    outer loop
      vertex -28.1229 27.7791 4
      vertex -31.9259 31.9259 4
      vertex -28.1886 27.6761 4
    endloop
  endfacet
  facet normal 0 0 1
    outer loop
      vertex -28.1886 27.6761 4
      vertex -31.9259 31.9259 4
      vertex -28.245 27.5678 4
    endloop
  endfacet
  facet normal 0 0 1
    outer loop
      vertex -28.3284 27.3385 4
      vertex -34.5869 29.0219 4
      vertex -28.3549 27.2192 4
    endloop
  endfacet
  facet normal 0 0 1
    outer loop
      vertex -28.2917 27.455 4
      vertex -34.5869 29.0219 4
      vertex -28.3284 27.3385 4
    endloop
  endfacet
  facet normal -0 0 1
    outer loop
      vertex -34.5869 29.0219 4
      vertex -28.2917 27.455 4
      vertex -31.9259 31.9259 4
    endloop
  endfacet
  facet normal 0 0 1
    outer loop
      vertex -28.245 27.5678 4
      vertex -31.9259 31.9259 4
      vertex -28.2917 27.455 4
    endloop
  endfacet
  facet normal 0 0 1
    outer loop
      vertex 34.15 0 4
      vertex 45.15 0 4
      vertex 44.9782 3.93508 4
    endloop
  endfacet
  facet normal 0 0 1
    outer loop
      vertex 34.0201 2.97637 4
      vertex 44.9782 3.93508 4
      vertex 44.4641 7.84021 4
    endloop
  endfacet
  facet normal 0 0 1
    outer loop
      vertex 45.15 0 4
      vertex 34.15 0 4
      vertex 44.9782 -3.93508 4
    endloop
  endfacet
  facet normal 0 0 1
    outer loop
      vertex 33.6312 5.93009 4
      vertex 44.4641 7.84021 4
      vertex 43.6115 11.6857 4
    endloop
  endfacet
  facet normal -0 0 1
    outer loop
      vertex 34.0201 -2.97637 4
      vertex 44.9782 -3.93508 4
      vertex 34.15 0 4
    endloop
  endfacet
  facet normal 0 0 1
    outer loop
      vertex 32.9864 8.83867 4
      vertex 43.6115 11.6857 4
      vertex 42.4271 15.4422 4
    endloop
  endfacet
  facet normal 0 0 1
    outer loop
      vertex 44.9782 -3.93508 4
      vertex 34.0201 -2.97637 4
      vertex 44.4641 -7.84021 4
    endloop
  endfacet
  facet normal 0 0 1
    outer loop
      vertex 32.0905 11.68 4
      vertex 42.4271 15.4422 4
      vertex 40.9198 19.0812 4
    endloop
  endfacet
  facet normal -0 0 1
    outer loop
      vertex 33.6312 -5.93009 4
      vertex 44.4641 -7.84021 4
      vertex 34.0201 -2.97637 4
    endloop
  endfacet
  facet normal 0 0 1
    outer loop
      vertex 30.9504 14.4324 4
      vertex 40.9198 19.0812 4
      vertex 39.101 22.575 4
    endloop
  endfacet
  facet normal 0 0 1
    outer loop
      vertex 44.4641 -7.84021 4
      vertex 33.6312 -5.93009 4
      vertex 43.6115 -11.6857 4
    endloop
  endfacet
  facet normal 0 0 1
    outer loop
      vertex 29.5748 17.075 4
      vertex 39.101 22.575 4
      vertex 36.9847 25.897 4
    endloop
  endfacet
  facet normal -0 0 1
    outer loop
      vertex 32.9864 -8.83867 4
      vertex 43.6115 -11.6857 4
      vertex 33.6312 -5.93009 4
    endloop
  endfacet
  facet normal -0 0 1
    outer loop
      vertex 28.2917 26.4973 4
      vertex 36.9847 25.897 4
      vertex 34.5869 29.0219 4
    endloop
  endfacet
  facet normal 0 0 1
    outer loop
      vertex 43.6115 -11.6857 4
      vertex 32.9864 -8.83867 4
      vertex 42.4271 -15.4422 4
    endloop
  endfacet
  facet normal -0 0 1
    outer loop
      vertex 32.0905 -11.68 4
      vertex 42.4271 -15.4422 4
      vertex 32.9864 -8.83867 4
    endloop
  endfacet
  facet normal 0 0 1
    outer loop
      vertex 44.9782 3.93508 4
      vertex 34.0201 2.97637 4
      vertex 34.15 0 4
    endloop
  endfacet
  facet normal 0 0 1
    outer loop
      vertex 44.4641 7.84021 4
      vertex 33.6312 5.93009 4
      vertex 34.0201 2.97637 4
    endloop
  endfacet
  facet normal 0 0 1
    outer loop
      vertex 43.6115 11.6857 4
      vertex 32.9864 8.83867 4
      vertex 33.6312 5.93009 4
    endloop
  endfacet
  facet normal 0 0 1
    outer loop
      vertex 42.4271 15.4422 4
      vertex 32.0905 11.68 4
      vertex 32.9864 8.83867 4
    endloop
  endfacet
  facet normal 0 0 1
    outer loop
      vertex 28.3708 27.0981 4
      vertex 34.5869 29.0219 4
      vertex 31.9259 31.9259 4
    endloop
  endfacet
  facet normal 0 0 1
    outer loop
      vertex 40.9198 19.0812 4
      vertex 30.9504 14.4324 4
      vertex 32.0905 11.68 4
    endloop
  endfacet
  facet normal 0 0 1
    outer loop
      vertex 39.101 22.575 4
      vertex 29.5748 17.075 4
      vertex 30.9504 14.4324 4
    endloop
  endfacet
  facet normal 0 0 1
    outer loop
      vertex 27.455 28.2917 4
      vertex 31.9259 31.9259 4
      vertex 29.0219 34.5869 4
    endloop
  endfacet
  facet normal 0 0 1
    outer loop
      vertex 34.5869 29.0219 4
      vertex 28.3761 26.9761 4
      vertex 28.3708 26.8541 4
    endloop
  endfacet
  facet normal 0 0 1
    outer loop
      vertex 34.5869 29.0219 4
      vertex 28.3708 26.8541 4
      vertex 28.3549 26.733 4
    endloop
  endfacet
  facet normal 0 0 1
    outer loop
      vertex 34.5869 29.0219 4
      vertex 28.3549 26.733 4
      vertex 28.3284 26.6138 4
    endloop
  endfacet
  facet normal 0 0 1
    outer loop
      vertex 28.2917 26.4973 4
      vertex 34.5869 29.0219 4
      vertex 28.3284 26.6138 4
    endloop
  endfacet
  facet normal 0 0 1
    outer loop
      vertex 36.9847 25.897 4
      vertex 28.2917 26.4973 4
      vertex 28.245 26.3845 4
    endloop
  endfacet
  facet normal 0 0 1
    outer loop
      vertex 36.9847 25.897 4
      vertex 28.245 26.3845 4
      vertex 28.1886 26.2761 4
    endloop
  endfacet
  facet normal -0 0 1
    outer loop
      vertex 28.1229 26.1731 4
      vertex 36.9847 25.897 4
      vertex 28.1886 26.2761 4
    endloop
  endfacet
  facet normal 0 0 1
    outer loop
      vertex 36.9847 25.897 4
      vertex 28.1229 26.1731 4
      vertex 27.974 19.5876 4
    endloop
  endfacet
  facet normal 0 0 1
    outer loop
      vertex 27.974 19.5876 4
      vertex 28.1229 26.1731 4
      vertex 28.0486 26.0762 4
    endloop
  endfacet
  facet normal 0 0 1
    outer loop
      vertex 36.9847 25.897 4
      vertex 27.974 19.5876 4
      vertex 29.5748 17.075 4
    endloop
  endfacet
  facet normal -0 0 1
    outer loop
      vertex 27.9661 25.9862 4
      vertex 27.974 19.5876 4
      vertex 28.0486 26.0762 4
    endloop
  endfacet
  facet normal -0 0 1
    outer loop
      vertex 27.876 25.9037 4
      vertex 27.974 19.5876 4
      vertex 27.9661 25.9862 4
    endloop
  endfacet
  facet normal -0 0 1
    outer loop
      vertex 27.7791 25.8293 4
      vertex 27.974 19.5876 4
      vertex 27.876 25.9037 4
    endloop
  endfacet
  facet normal -0 0 1
    outer loop
      vertex 27.6761 25.7637 4
      vertex 27.974 19.5876 4
      vertex 27.7791 25.8293 4
    endloop
  endfacet
  facet normal 0 0 1
    outer loop
      vertex 26.1604 21.9512 4
      vertex 27.6761 25.7637 4
      vertex 27.5678 25.7073 4
    endloop
  endfacet
  facet normal 0 0 1
    outer loop
      vertex 26.1604 21.9512 4
      vertex 27.5678 25.7073 4
      vertex 27.455 25.6606 4
    endloop
  endfacet
  facet normal 0 0 1
    outer loop
      vertex 26.1604 21.9512 4
      vertex 27.455 25.6606 4
      vertex 27.3385 25.6238 4
    endloop
  endfacet
  facet normal 0 0 1
    outer loop
      vertex 26.1604 21.9512 4
      vertex 27.3385 25.6238 4
      vertex 27.2192 25.5974 4
    endloop
  endfacet
  facet normal 0 0 1
    outer loop
      vertex 26.1604 21.9512 4
      vertex 27.2192 25.5974 4
      vertex 27.0981 25.5815 4
    endloop
  endfacet
  facet normal 0 0 1
    outer loop
      vertex 26.1604 21.9512 4
      vertex 27.0981 25.5815 4
      vertex 26.9761 25.5761 4
    endloop
  endfacet
  facet normal 0 0 1
    outer loop
      vertex 26.1604 21.9512 4
      vertex 26.9761 25.5761 4
      vertex 26.8541 25.5815 4
    endloop
  endfacet
  facet normal 0 0 1
    outer loop
      vertex 26.1604 21.9512 4
      vertex 26.8541 25.5815 4
      vertex 26.733 25.5974 4
    endloop
  endfacet
  facet normal 0 0 1
    outer loop
      vertex 26.1604 21.9512 4
      vertex 26.733 25.5974 4
      vertex 26.6138 25.6238 4
    endloop
  endfacet
  facet normal 0 0 1
    outer loop
      vertex 24.1477 24.1477 4
      vertex 26.6138 25.6238 4
      vertex 26.4973 25.6606 4
    endloop
  endfacet
  facet normal 0 0 1
    outer loop
      vertex 24.1477 24.1477 4
      vertex 26.4973 25.6606 4
      vertex 26.3845 25.7073 4
    endloop
  endfacet
  facet normal 0 0 1
    outer loop
      vertex 24.1477 24.1477 4
      vertex 26.3845 25.7073 4
      vertex 26.2761 25.7637 4
    endloop
  endfacet
  facet normal 0 0 1
    outer loop
      vertex 24.1477 24.1477 4
      vertex 26.2761 25.7637 4
      vertex 26.1731 25.8293 4
    endloop
  endfacet
  facet normal 0 0 1
    outer loop
      vertex 27.6761 25.7637 4
      vertex 26.1604 21.9512 4
      vertex 27.974 19.5876 4
    endloop
  endfacet
  facet normal 0 0 1
    outer loop
      vertex 24.1477 24.1477 4
      vertex 26.1731 25.8293 4
      vertex 26.0762 25.9037 4
    endloop
  endfacet
  facet normal 0 0 1
    outer loop
      vertex 24.1477 24.1477 4
      vertex 26.0762 25.9037 4
      vertex 25.9862 25.9862 4
    endloop
  endfacet
  facet normal 0 0 1
    outer loop
      vertex 24.1477 24.1477 4
      vertex 25.9862 25.9862 4
      vertex 25.9037 26.0762 4
    endloop
  endfacet
  facet normal 0 0 1
    outer loop
      vertex 24.1477 24.1477 4
      vertex 25.9037 26.0762 4
      vertex 25.8293 26.1731 4
    endloop
  endfacet
  facet normal 0 0 1
    outer loop
      vertex 24.1477 24.1477 4
      vertex 25.8293 26.1731 4
      vertex 25.7637 26.2761 4
    endloop
  endfacet
  facet normal 0 0 1
    outer loop
      vertex 24.1477 24.1477 4
      vertex 25.7637 26.2761 4
      vertex 25.7073 26.3845 4
    endloop
  endfacet
  facet normal 0 0 1
    outer loop
      vertex 24.1477 24.1477 4
      vertex 25.7073 26.3845 4
      vertex 25.6606 26.4973 4
    endloop
  endfacet
  facet normal 0 0 1
    outer loop
      vertex 24.1477 24.1477 4
      vertex 25.6606 26.4973 4
      vertex 25.6238 26.6138 4
    endloop
  endfacet
  facet normal 0 0 1
    outer loop
      vertex 24.1477 24.1477 4
      vertex 25.6238 26.6138 4
      vertex 25.5974 26.733 4
    endloop
  endfacet
  facet normal 0 0 1
    outer loop
      vertex 24.1477 24.1477 4
      vertex 25.5974 26.733 4
      vertex 25.5815 26.8541 4
    endloop
  endfacet
  facet normal 0 0 1
    outer loop
      vertex 26.6138 25.6238 4
      vertex 24.1477 24.1477 4
      vertex 26.1604 21.9512 4
    endloop
  endfacet
  facet normal 0 0 1
    outer loop
      vertex 24.1477 24.1477 4
      vertex 25.5815 26.8541 4
      vertex 25.5761 26.9761 4
    endloop
  endfacet
  facet normal 0 0 1
    outer loop
      vertex 42.4271 -15.4422 4
      vertex 32.0905 -11.68 4
      vertex 40.9198 -19.0812 4
    endloop
  endfacet
  facet normal -0 0 1
    outer loop
      vertex 30.9504 -14.4324 4
      vertex 40.9198 -19.0812 4
      vertex 32.0905 -11.68 4
    endloop
  endfacet
  facet normal 0 0 1
    outer loop
      vertex 40.9198 -19.0812 4
      vertex 30.9504 -14.4324 4
      vertex 39.101 -22.575 4
    endloop
  endfacet
  facet normal -0 0 1
    outer loop
      vertex 29.5748 -17.075 4
      vertex 39.101 -22.575 4
      vertex 30.9504 -14.4324 4
    endloop
  endfacet
  facet normal 0 0 1
    outer loop
      vertex 39.101 -22.575 4
      vertex 29.5748 -17.075 4
      vertex 36.9847 -25.897 4
    endloop
  endfacet
  facet normal -0 0 1
    outer loop
      vertex 27.974 -19.5876 4
      vertex 36.9847 -25.897 4
      vertex 29.5748 -17.075 4
    endloop
  endfacet
  facet normal 0 -0 1
    outer loop
      vertex 28.1229 -26.1731 4
      vertex 36.9847 -25.897 4
      vertex 27.974 -19.5876 4
    endloop
  endfacet
  facet normal -0 -0 1
    outer loop
      vertex 28.3549 -26.733 4
      vertex 34.5869 -29.0219 4
      vertex 28.3284 -26.6138 4
    endloop
  endfacet
  facet normal -0 0 1
    outer loop
      vertex 28.3549 -27.2192 4
      vertex 34.5869 -29.0219 4
      vertex 28.3708 -27.0981 4
    endloop
  endfacet
  facet normal -0 0 1
    outer loop
      vertex 28.3708 -27.0981 4
      vertex 34.5869 -29.0219 4
      vertex 28.3761 -26.9761 4
    endloop
  endfacet
  facet normal -0 -0 1
    outer loop
      vertex 28.3761 -26.9761 4
      vertex 34.5869 -29.0219 4
      vertex 28.3708 -26.8541 4
    endloop
  endfacet
  facet normal -0 -0 1
    outer loop
      vertex 28.3708 -26.8541 4
      vertex 34.5869 -29.0219 4
      vertex 28.3549 -26.733 4
    endloop
  endfacet
  facet normal 0 0 1
    outer loop
      vertex 34.5869 -29.0219 4
      vertex 28.2917 -26.4973 4
      vertex 28.3284 -26.6138 4
    endloop
  endfacet
  facet normal 0 0 1
    outer loop
      vertex 36.9847 -25.897 4
      vertex 28.2917 -26.4973 4
      vertex 34.5869 -29.0219 4
    endloop
  endfacet
  facet normal 0 -0 1
    outer loop
      vertex 28.245 -26.3845 4
      vertex 36.9847 -25.897 4
      vertex 28.1886 -26.2761 4
    endloop
  endfacet
  facet normal 0 -0 1
    outer loop
      vertex 28.2917 -26.4973 4
      vertex 36.9847 -25.897 4
      vertex 28.245 -26.3845 4
    endloop
  endfacet
  facet normal 0 0 1
    outer loop
      vertex 36.9847 -25.897 4
      vertex 28.1229 -26.1731 4
      vertex 28.1886 -26.2761 4
    endloop
  endfacet
  facet normal 0 0 1
    outer loop
      vertex 28.1229 -26.1731 4
      vertex 27.974 -19.5876 4
      vertex 28.0486 -26.0762 4
    endloop
  endfacet
  facet normal 0 0 1
    outer loop
      vertex 27.974 -19.5876 4
      vertex 27.9661 -25.9862 4
      vertex 28.0486 -26.0762 4
    endloop
  endfacet
  facet normal 0 0 1
    outer loop
      vertex 27.974 -19.5876 4
      vertex 27.876 -25.9037 4
      vertex 27.9661 -25.9862 4
    endloop
  endfacet
  facet normal 0 0 1
    outer loop
      vertex 27.974 -19.5876 4
      vertex 27.7791 -25.8293 4
      vertex 27.876 -25.9037 4
    endloop
  endfacet
  facet normal 0 0 1
    outer loop
      vertex 27.974 -19.5876 4
      vertex 27.6761 -25.7637 4
      vertex 27.7791 -25.8293 4
    endloop
  endfacet
  facet normal -0 0 1
    outer loop
      vertex 26.1604 -21.9512 4
      vertex 27.6761 -25.7637 4
      vertex 27.974 -19.5876 4
    endloop
  endfacet
  facet normal 0 0 1
    outer loop
      vertex 27.6761 -25.7637 4
      vertex 26.1604 -21.9512 4
      vertex 27.5678 -25.7073 4
    endloop
  endfacet
  facet normal 0 0 1
    outer loop
      vertex 27.5678 -25.7073 4
      vertex 26.1604 -21.9512 4
      vertex 27.455 -25.6606 4
    endloop
  endfacet
  facet normal 0 0 1
    outer loop
      vertex 27.455 -25.6606 4
      vertex 26.1604 -21.9512 4
      vertex 27.3385 -25.6238 4
    endloop
  endfacet
  facet normal 0 0 1
    outer loop
      vertex 27.3385 -25.6238 4
      vertex 26.1604 -21.9512 4
      vertex 27.2192 -25.5974 4
    endloop
  endfacet
  facet normal 0 0 1
    outer loop
      vertex 27.2192 -25.5974 4
      vertex 26.1604 -21.9512 4
      vertex 27.0981 -25.5815 4
    endloop
  endfacet
  facet normal 0 0 1
    outer loop
      vertex 27.0981 -25.5815 4
      vertex 26.1604 -21.9512 4
      vertex 26.9761 -25.5761 4
    endloop
  endfacet
  facet normal 0 0 1
    outer loop
      vertex 26.9761 -25.5761 4
      vertex 26.1604 -21.9512 4
      vertex 26.8541 -25.5815 4
    endloop
  endfacet
  facet normal 0 0 1
    outer loop
      vertex 26.8541 -25.5815 4
      vertex 26.1604 -21.9512 4
      vertex 26.733 -25.5974 4
    endloop
  endfacet
  facet normal 0 0 1
    outer loop
      vertex 26.733 -25.5974 4
      vertex 26.1604 -21.9512 4
      vertex 26.6138 -25.6238 4
    endloop
  endfacet
  facet normal -0 0 1
    outer loop
      vertex 24.1477 -24.1477 4
      vertex 26.6138 -25.6238 4
      vertex 26.1604 -21.9512 4
    endloop
  endfacet
  facet normal 0 0 1
    outer loop
      vertex 26.6138 -25.6238 4
      vertex 24.1477 -24.1477 4
      vertex 26.4973 -25.6606 4
    endloop
  endfacet
  facet normal 0 0 1
    outer loop
      vertex 26.4973 -25.6606 4
      vertex 24.1477 -24.1477 4
      vertex 26.3845 -25.7073 4
    endloop
  endfacet
  facet normal 0 0 1
    outer loop
      vertex 26.3845 -25.7073 4
      vertex 24.1477 -24.1477 4
      vertex 26.2761 -25.7637 4
    endloop
  endfacet
  facet normal 0 0 1
    outer loop
      vertex 26.2761 -25.7637 4
      vertex 24.1477 -24.1477 4
      vertex 26.1731 -25.8293 4
    endloop
  endfacet
  facet normal 0 0 1
    outer loop
      vertex 26.1731 -25.8293 4
      vertex 24.1477 -24.1477 4
      vertex 26.0762 -25.9037 4
    endloop
  endfacet
  facet normal 0 0 1
    outer loop
      vertex 26.0762 -25.9037 4
      vertex 24.1477 -24.1477 4
      vertex 25.9862 -25.9862 4
    endloop
  endfacet
  facet normal 0 0 1
    outer loop
      vertex 25.9862 -25.9862 4
      vertex 24.1477 -24.1477 4
      vertex 25.9037 -26.0762 4
    endloop
  endfacet
  facet normal 0 0 1
    outer loop
      vertex 25.9037 -26.0762 4
      vertex 24.1477 -24.1477 4
      vertex 25.8293 -26.1731 4
    endloop
  endfacet
  facet normal 0 0 1
    outer loop
      vertex 25.8293 -26.1731 4
      vertex 24.1477 -24.1477 4
      vertex 25.7637 -26.2761 4
    endloop
  endfacet
  facet normal 0 0 1
    outer loop
      vertex 25.7637 -26.2761 4
      vertex 24.1477 -24.1477 4
      vertex 25.7073 -26.3845 4
    endloop
  endfacet
  facet normal 0 0 1
    outer loop
      vertex 25.7073 -26.3845 4
      vertex 24.1477 -24.1477 4
      vertex 25.6606 -26.4973 4
    endloop
  endfacet
  facet normal 0 0 1
    outer loop
      vertex 25.6606 -26.4973 4
      vertex 24.1477 -24.1477 4
      vertex 25.6238 -26.6138 4
    endloop
  endfacet
  facet normal -0 0 1
    outer loop
      vertex 21.9512 -26.1604 4
      vertex 25.6238 -26.6138 4
      vertex 24.1477 -24.1477 4
    endloop
  endfacet
  facet normal 0 0 1
    outer loop
      vertex 25.5974 -26.733 4
      vertex 21.9512 -26.1604 4
      vertex 25.5815 -26.8541 4
    endloop
  endfacet
  facet normal 0 0 1
    outer loop
      vertex 25.6238 -26.6138 4
      vertex 21.9512 -26.1604 4
      vertex 25.5974 -26.733 4
    endloop
  endfacet
  facet normal -0 0 1
    outer loop
      vertex 28.3284 -27.3385 4
      vertex 34.5869 -29.0219 4
      vertex 28.3549 -27.2192 4
    endloop
  endfacet
  facet normal -0 0 1
    outer loop
      vertex 28.2917 -27.455 4
      vertex 34.5869 -29.0219 4
      vertex 28.3284 -27.3385 4
    endloop
  endfacet
  facet normal 0 0 1
    outer loop
      vertex 34.5869 -29.0219 4
      vertex 28.2917 -27.455 4
      vertex 31.9259 -31.9259 4
    endloop
  endfacet
  facet normal -0 0 1
    outer loop
      vertex 28.245 -27.5678 4
      vertex 31.9259 -31.9259 4
      vertex 28.2917 -27.455 4
    endloop
  endfacet
  facet normal -0 0 1
    outer loop
      vertex 28.1886 -27.6761 4
      vertex 31.9259 -31.9259 4
      vertex 28.245 -27.5678 4
    endloop
  endfacet
  facet normal -0 0 1
    outer loop
      vertex 28.1229 -27.7791 4
      vertex 31.9259 -31.9259 4
      vertex 28.1886 -27.6761 4
    endloop
  endfacet
  facet normal -0 0 1
    outer loop
      vertex 28.0486 -27.876 4
      vertex 31.9259 -31.9259 4
      vertex 28.1229 -27.7791 4
    endloop
  endfacet
  facet normal -0 0 1
    outer loop
      vertex 27.9661 -27.9661 4
      vertex 31.9259 -31.9259 4
      vertex 28.0486 -27.876 4
    endloop
  endfacet
  facet normal -0 0 1
    outer loop
      vertex 27.876 -28.0486 4
      vertex 31.9259 -31.9259 4
      vertex 27.9661 -27.9661 4
    endloop
  endfacet
  facet normal -0 0 1
    outer loop
      vertex 27.7791 -28.1229 4
      vertex 31.9259 -31.9259 4
      vertex 27.876 -28.0486 4
    endloop
  endfacet
  facet normal -0 0 1
    outer loop
      vertex 27.6761 -28.1886 4
      vertex 31.9259 -31.9259 4
      vertex 27.7791 -28.1229 4
    endloop
  endfacet
  facet normal -0 0 1
    outer loop
      vertex 27.5678 -28.245 4
      vertex 31.9259 -31.9259 4
      vertex 27.6761 -28.1886 4
    endloop
  endfacet
  facet normal -0 0 1
    outer loop
      vertex 27.455 -28.2917 4
      vertex 31.9259 -31.9259 4
      vertex 27.5678 -28.245 4
    endloop
  endfacet
  facet normal 0 0 1
    outer loop
      vertex 31.9259 -31.9259 4
      vertex 27.455 -28.2917 4
      vertex 29.0219 -34.5869 4
    endloop
  endfacet
  facet normal -0 0 1
    outer loop
      vertex 27.3385 -28.3284 4
      vertex 29.0219 -34.5869 4
      vertex 27.455 -28.2917 4
    endloop
  endfacet
  facet normal -0 0 1
    outer loop
      vertex 27.2192 -28.3549 4
      vertex 29.0219 -34.5869 4
      vertex 27.3385 -28.3284 4
    endloop
  endfacet
  facet normal -0 0 1
    outer loop
      vertex 27.0981 -28.3708 4
      vertex 29.0219 -34.5869 4
      vertex 27.2192 -28.3549 4
    endloop
  endfacet
  facet normal -0 0 1
    outer loop
      vertex 26.9761 -28.3761 4
      vertex 29.0219 -34.5869 4
      vertex 27.0981 -28.3708 4
    endloop
  endfacet
  facet normal 0 0 1
    outer loop
      vertex 26.8541 -28.3708 4
      vertex 29.0219 -34.5869 4
      vertex 26.9761 -28.3761 4
    endloop
  endfacet
  facet normal 0 0 1
    outer loop
      vertex 26.733 -28.3549 4
      vertex 29.0219 -34.5869 4
      vertex 26.8541 -28.3708 4
    endloop
  endfacet
  facet normal 0 0 1
    outer loop
      vertex 26.6138 -28.3284 4
      vertex 29.0219 -34.5869 4
      vertex 26.733 -28.3549 4
    endloop
  endfacet
  facet normal 0 0 1
    outer loop
      vertex 26.4973 -28.2917 4
      vertex 29.0219 -34.5869 4
      vertex 26.6138 -28.3284 4
    endloop
  endfacet
  facet normal 0 0 1
    outer loop
      vertex 25.897 -36.9847 4
      vertex 26.4973 -28.2917 4
      vertex 26.3845 -28.245 4
    endloop
  endfacet
  facet normal 0 0 1
    outer loop
      vertex 25.897 -36.9847 4
      vertex 26.3845 -28.245 4
      vertex 26.2761 -28.1886 4
    endloop
  endfacet
  facet normal 0 0 1
    outer loop
      vertex 25.897 -36.9847 4
      vertex 26.2761 -28.1886 4
      vertex 26.1731 -28.1229 4
    endloop
  endfacet
  facet normal 0 0 1
    outer loop
      vertex 25.897 -36.9847 4
      vertex 26.1731 -28.1229 4
      vertex 26.0762 -28.0486 4
    endloop
  endfacet
  facet normal -0 0 1
    outer loop
      vertex 19.5876 -27.974 4
      vertex 26.0762 -28.0486 4
      vertex 25.9862 -27.9661 4
    endloop
  endfacet
  facet normal 0 0 1
    outer loop
      vertex 19.5876 -27.974 4
      vertex 25.9862 -27.9661 4
      vertex 25.9037 -27.876 4
    endloop
  endfacet
  facet normal 0 0 1
    outer loop
      vertex 26.4973 -28.2917 4
      vertex 25.897 -36.9847 4
      vertex 29.0219 -34.5869 4
    endloop
  endfacet
  facet normal 0 0 1
    outer loop
      vertex 19.5876 -27.974 4
      vertex 25.9037 -27.876 4
      vertex 25.8293 -27.7791 4
    endloop
  endfacet
  facet normal 0 0 1
    outer loop
      vertex 19.5876 -27.974 4
      vertex 25.8293 -27.7791 4
      vertex 25.7637 -27.6761 4
    endloop
  endfacet
  facet normal 0 0 1
    outer loop
      vertex 21.9512 -26.1604 4
      vertex 25.7637 -27.6761 4
      vertex 25.7073 -27.5678 4
    endloop
  endfacet
  facet normal 0 0 1
    outer loop
      vertex 21.9512 -26.1604 4
      vertex 25.7073 -27.5678 4
      vertex 25.6606 -27.455 4
    endloop
  endfacet
  facet normal 0 0 1
    outer loop
      vertex 21.9512 -26.1604 4
      vertex 25.6606 -27.455 4
      vertex 25.6238 -27.3385 4
    endloop
  endfacet
  facet normal 0 0 1
    outer loop
      vertex 21.9512 -26.1604 4
      vertex 25.6238 -27.3385 4
      vertex 25.5974 -27.2192 4
    endloop
  endfacet
  facet normal 0 0 1
    outer loop
      vertex 21.9512 -26.1604 4
      vertex 25.5974 -27.2192 4
      vertex 25.5815 -27.0981 4
    endloop
  endfacet
  facet normal 0 0 1
    outer loop
      vertex 21.9512 -26.1604 4
      vertex 25.5815 -27.0981 4
      vertex 25.5761 -26.9761 4
    endloop
  endfacet
  facet normal 0 0 1
    outer loop
      vertex 25.5815 -26.8541 4
      vertex 21.9512 -26.1604 4
      vertex 25.5761 -26.9761 4
    endloop
  endfacet
  facet normal 0 0 1
    outer loop
      vertex 25.7637 -27.6761 4
      vertex 21.9512 -26.1604 4
      vertex 19.5876 -27.974 4
    endloop
  endfacet
  facet normal 0 0 1
    outer loop
      vertex 26.0762 -28.0486 4
      vertex 19.5876 -27.974 4
      vertex 25.897 -36.9847 4
    endloop
  endfacet
  facet normal 0 0 1
    outer loop
      vertex 25.897 -36.9847 4
      vertex 19.5876 -27.974 4
      vertex 22.575 -39.101 4
    endloop
  endfacet
  facet normal -0 0 1
    outer loop
      vertex 17.075 -29.5748 4
      vertex 22.575 -39.101 4
      vertex 19.5876 -27.974 4
    endloop
  endfacet
  facet normal 0 0 1
    outer loop
      vertex 22.575 -39.101 4
      vertex 17.075 -29.5748 4
      vertex 19.0812 -40.9198 4
    endloop
  endfacet
  facet normal -0 0 1
    outer loop
      vertex 14.4324 -30.9504 4
      vertex 19.0812 -40.9198 4
      vertex 17.075 -29.5748 4
    endloop
  endfacet
  facet normal 0 0 1
    outer loop
      vertex 19.0812 -40.9198 4
      vertex 14.4324 -30.9504 4
      vertex 15.4422 -42.4271 4
    endloop
  endfacet
  facet normal -0 0 1
    outer loop
      vertex 11.68 -32.0905 4
      vertex 15.4422 -42.4271 4
      vertex 14.4324 -30.9504 4
    endloop
  endfacet
  facet normal 0 0 1
    outer loop
      vertex 15.4422 -42.4271 4
      vertex 11.68 -32.0905 4
      vertex 11.6857 -43.6115 4
    endloop
  endfacet
  facet normal -0 0 1
    outer loop
      vertex 8.83867 -32.9864 4
      vertex 11.6857 -43.6115 4
      vertex 11.68 -32.0905 4
    endloop
  endfacet
  facet normal 0 0 1
    outer loop
      vertex 8.83867 -32.9864 4
      vertex 7.84021 -44.4641 4
      vertex 11.6857 -43.6115 4
    endloop
  endfacet
  facet normal -0 0 1
    outer loop
      vertex 5.93009 -33.6312 4
      vertex 7.84021 -44.4641 4
      vertex 8.83867 -32.9864 4
    endloop
  endfacet
  facet normal 0 0 1
    outer loop
      vertex 5.93009 -33.6312 4
      vertex 3.93508 -44.9782 4
      vertex 7.84021 -44.4641 4
    endloop
  endfacet
  facet normal -0 0 1
    outer loop
      vertex 2.97637 -34.0201 4
      vertex 3.93508 -44.9782 4
      vertex 5.93009 -33.6312 4
    endloop
  endfacet
  facet normal -0 0 1
    outer loop
      vertex 0 -34.15 4
      vertex 3.93508 -44.9782 4
      vertex 2.97637 -34.0201 4
    endloop
  endfacet
  facet normal 0 0 1
    outer loop
      vertex 0 -34.15 4
      vertex 0 -45.15 4
      vertex 3.93508 -44.9782 4
    endloop
  endfacet
  facet normal 0 0 1
    outer loop
      vertex -2.97637 -34.0201 4
      vertex 0 -45.15 4
      vertex 0 -34.15 4
    endloop
  endfacet
  facet normal 0 0 1
    outer loop
      vertex -2.97637 -34.0201 4
      vertex -3.93508 -44.9782 4
      vertex 0 -45.15 4
    endloop
  endfacet
  facet normal 0 0 1
    outer loop
      vertex -5.93009 -33.6312 4
      vertex -3.93508 -44.9782 4
      vertex -2.97637 -34.0201 4
    endloop
  endfacet
  facet normal 0 0 1
    outer loop
      vertex -5.93009 -33.6312 4
      vertex -7.84021 -44.4641 4
      vertex -3.93508 -44.9782 4
    endloop
  endfacet
  facet normal 0 0 1
    outer loop
      vertex -8.83867 -32.9864 4
      vertex -7.84021 -44.4641 4
      vertex -5.93009 -33.6312 4
    endloop
  endfacet
  facet normal 0 0 1
    outer loop
      vertex -11.6857 -43.6115 4
      vertex -8.83867 -32.9864 4
      vertex -11.68 -32.0905 4
    endloop
  endfacet
  facet normal 0 0 1
    outer loop
      vertex -8.83867 -32.9864 4
      vertex -11.6857 -43.6115 4
      vertex -7.84021 -44.4641 4
    endloop
  endfacet
  facet normal 0 0 1
    outer loop
      vertex -15.4422 -42.4271 4
      vertex -11.68 -32.0905 4
      vertex -14.4324 -30.9504 4
    endloop
  endfacet
  facet normal 0 0 1
    outer loop
      vertex -11.68 -32.0905 4
      vertex -15.4422 -42.4271 4
      vertex -11.6857 -43.6115 4
    endloop
  endfacet
  facet normal 0 0 1
    outer loop
      vertex -19.0812 -40.9198 4
      vertex -14.4324 -30.9504 4
      vertex -17.075 -29.5748 4
    endloop
  endfacet
  facet normal 0 0 1
    outer loop
      vertex -14.4324 -30.9504 4
      vertex -19.0812 -40.9198 4
      vertex -15.4422 -42.4271 4
    endloop
  endfacet
  facet normal 0 0 1
    outer loop
      vertex -22.575 -39.101 4
      vertex -17.075 -29.5748 4
      vertex -19.5876 -27.974 4
    endloop
  endfacet
  facet normal -0 0 1
    outer loop
      vertex -25.8293 -27.7791 4
      vertex -19.5876 -27.974 4
      vertex -21.9512 -26.1604 4
    endloop
  endfacet
  facet normal 0 0 1
    outer loop
      vertex -17.075 -29.5748 4
      vertex -22.575 -39.101 4
      vertex -19.0812 -40.9198 4
    endloop
  endfacet
  facet normal 0 0 1
    outer loop
      vertex -25.6238 -26.6138 4
      vertex -21.9512 -26.1604 4
      vertex -24.1477 -24.1477 4
    endloop
  endfacet
  facet normal 0 0 1
    outer loop
      vertex -21.9512 -26.1604 4
      vertex -25.5761 -26.9761 4
      vertex -25.5815 -27.0981 4
    endloop
  endfacet
  facet normal 0 0 1
    outer loop
      vertex -21.9512 -26.1604 4
      vertex -25.5815 -27.0981 4
      vertex -25.5974 -27.2192 4
    endloop
  endfacet
  facet normal 0 0 1
    outer loop
      vertex -21.9512 -26.1604 4
      vertex -25.5974 -27.2192 4
      vertex -25.6238 -27.3385 4
    endloop
  endfacet
  facet normal 0 0 1
    outer loop
      vertex -25.6606 -27.455 4
      vertex -21.9512 -26.1604 4
      vertex -25.6238 -27.3385 4
    endloop
  endfacet
  facet normal 0 0 1
    outer loop
      vertex -25.7073 -27.5678 4
      vertex -21.9512 -26.1604 4
      vertex -25.6606 -27.455 4
    endloop
  endfacet
  facet normal 0 0 1
    outer loop
      vertex -25.7637 -27.6761 4
      vertex -21.9512 -26.1604 4
      vertex -25.7073 -27.5678 4
    endloop
  endfacet
  facet normal 0 0 1
    outer loop
      vertex -25.8293 -27.7791 4
      vertex -21.9512 -26.1604 4
      vertex -25.7637 -27.6761 4
    endloop
  endfacet
  facet normal 0 0 1
    outer loop
      vertex -19.5876 -27.974 4
      vertex -25.8293 -27.7791 4
      vertex -25.9037 -27.876 4
    endloop
  endfacet
  facet normal 0 0 1
    outer loop
      vertex -19.5876 -27.974 4
      vertex -25.9037 -27.876 4
      vertex -25.9862 -27.9661 4
    endloop
  endfacet
  facet normal 0 0 1
    outer loop
      vertex -19.5876 -27.974 4
      vertex -25.897 -36.9847 4
      vertex -22.575 -39.101 4
    endloop
  endfacet
  facet normal 0 0 1
    outer loop
      vertex -26.0762 -28.0486 4
      vertex -19.5876 -27.974 4
      vertex -25.9862 -27.9661 4
    endloop
  endfacet
  facet normal 0 0 1
    outer loop
      vertex -19.5876 -27.974 4
      vertex -26.0762 -28.0486 4
      vertex -25.897 -36.9847 4
    endloop
  endfacet
  facet normal -0 0 1
    outer loop
      vertex -26.1731 -28.1229 4
      vertex -25.897 -36.9847 4
      vertex -26.0762 -28.0486 4
    endloop
  endfacet
  facet normal -0 0 1
    outer loop
      vertex -26.2761 -28.1886 4
      vertex -25.897 -36.9847 4
      vertex -26.1731 -28.1229 4
    endloop
  endfacet
  facet normal -0 0 1
    outer loop
      vertex -26.3845 -28.245 4
      vertex -25.897 -36.9847 4
      vertex -26.2761 -28.1886 4
    endloop
  endfacet
  facet normal -0 0 1
    outer loop
      vertex -26.4973 -28.2917 4
      vertex -25.897 -36.9847 4
      vertex -26.3845 -28.245 4
    endloop
  endfacet
  facet normal 0 0 1
    outer loop
      vertex -29.0219 -34.5869 4
      vertex -26.4973 -28.2917 4
      vertex -26.6138 -28.3284 4
    endloop
  endfacet
  facet normal 0 0 1
    outer loop
      vertex -29.0219 -34.5869 4
      vertex -26.6138 -28.3284 4
      vertex -26.733 -28.3549 4
    endloop
  endfacet
  facet normal 0 0 1
    outer loop
      vertex -29.0219 -34.5869 4
      vertex -26.733 -28.3549 4
      vertex -26.8541 -28.3708 4
    endloop
  endfacet
  facet normal 0 0 1
    outer loop
      vertex -29.0219 -34.5869 4
      vertex -26.8541 -28.3708 4
      vertex -26.9761 -28.3761 4
    endloop
  endfacet
  facet normal 0 0 1
    outer loop
      vertex -29.0219 -34.5869 4
      vertex -26.9761 -28.3761 4
      vertex -27.0981 -28.3708 4
    endloop
  endfacet
  facet normal 0 0 1
    outer loop
      vertex -29.0219 -34.5869 4
      vertex -27.0981 -28.3708 4
      vertex -27.2192 -28.3549 4
    endloop
  endfacet
  facet normal 0 0 1
    outer loop
      vertex -29.0219 -34.5869 4
      vertex -27.2192 -28.3549 4
      vertex -27.3385 -28.3284 4
    endloop
  endfacet
  facet normal 0 0 1
    outer loop
      vertex -29.0219 -34.5869 4
      vertex -27.3385 -28.3284 4
      vertex -27.455 -28.2917 4
    endloop
  endfacet
  facet normal 0 0 1
    outer loop
      vertex -29.0219 -34.5869 4
      vertex -27.455 -28.2917 4
      vertex -27.5678 -28.245 4
    endloop
  endfacet
  facet normal 0 0 1
    outer loop
      vertex -29.0219 -34.5869 4
      vertex -27.5678 -28.245 4
      vertex -27.6761 -28.1886 4
    endloop
  endfacet
  facet normal 0 0 1
    outer loop
      vertex -29.0219 -34.5869 4
      vertex -27.6761 -28.1886 4
      vertex -27.7791 -28.1229 4
    endloop
  endfacet
  facet normal 0 0 1
    outer loop
      vertex -29.0219 -34.5869 4
      vertex -27.7791 -28.1229 4
      vertex -27.876 -28.0486 4
    endloop
  endfacet
  facet normal 0 0 1
    outer loop
      vertex -29.0219 -34.5869 4
      vertex -27.876 -28.0486 4
      vertex -27.9661 -27.9661 4
    endloop
  endfacet
  facet normal 0 0 1
    outer loop
      vertex -29.0219 -34.5869 4
      vertex -27.9661 -27.9661 4
      vertex -28.0486 -27.876 4
    endloop
  endfacet
  facet normal 0 0 1
    outer loop
      vertex -29.0219 -34.5869 4
      vertex -28.0486 -27.876 4
      vertex -28.1229 -27.7791 4
    endloop
  endfacet
  facet normal 0 0 1
    outer loop
      vertex -29.0219 -34.5869 4
      vertex -28.1229 -27.7791 4
      vertex -28.1886 -27.6761 4
    endloop
  endfacet
  facet normal 0 0 1
    outer loop
      vertex -29.0219 -34.5869 4
      vertex -28.1886 -27.6761 4
      vertex -28.245 -27.5678 4
    endloop
  endfacet
  facet normal 0 0 1
    outer loop
      vertex -29.0219 -34.5869 4
      vertex -28.245 -27.5678 4
      vertex -28.2917 -27.455 4
    endloop
  endfacet
  facet normal 0 0 1
    outer loop
      vertex -29.0219 -34.5869 4
      vertex -28.2917 -27.455 4
      vertex -28.3284 -27.3385 4
    endloop
  endfacet
  facet normal 0 0 1
    outer loop
      vertex -26.4973 -28.2917 4
      vertex -29.0219 -34.5869 4
      vertex -25.897 -36.9847 4
    endloop
  endfacet
  facet normal 0 0 1
    outer loop
      vertex -28.3549 -27.2192 4
      vertex -29.0219 -34.5869 4
      vertex -28.3284 -27.3385 4
    endloop
  endfacet
  facet normal 0 0 1
    outer loop
      vertex -28.3708 -27.0981 4
      vertex -29.0219 -34.5869 4
      vertex -28.3549 -27.2192 4
    endloop
  endfacet
  facet normal 0 0 1
    outer loop
      vertex -29.0219 -34.5869 4
      vertex -28.3708 -27.0981 4
      vertex -28.3761 -26.9761 4
    endloop
  endfacet
  facet normal 0.043617 0.999048 -0
    outer loop
      vertex 3.93508 44.9782 0
      vertex 0 45.15 4
      vertex 3.93508 44.9782 4
    endloop
  endfacet
  facet normal 0.043617 0.999048 0
    outer loop
      vertex 0 45.15 4
      vertex 3.93508 44.9782 0
      vertex 0 45.15 0
    endloop
  endfacet
  facet normal -0.300701 -0.953718 0
    outer loop
      vertex -15.4422 -42.4271 0
      vertex -11.6857 -43.6115 4
      vertex -15.4422 -42.4271 4
    endloop
  endfacet
  facet normal -0.300701 -0.953718 -0
    outer loop
      vertex -11.6857 -43.6115 4
      vertex -15.4422 -42.4271 0
      vertex -11.6857 -43.6115 0
    endloop
  endfacet
  facet normal 0.382678 -0.923882 0
    outer loop
      vertex 15.4422 -42.4271 0
      vertex 19.0812 -40.9198 4
      vertex 15.4422 -42.4271 4
    endloop
  endfacet
  facet normal 0.382678 -0.923882 0
    outer loop
      vertex 19.0812 -40.9198 4
      vertex 15.4422 -42.4271 0
      vertex 19.0812 -40.9198 0
    endloop
  endfacet
  facet normal 0.887006 -0.461757 0
    outer loop
      vertex 39.101 -22.575 4
      vertex 40.9198 -19.0812 0
      vertex 40.9198 -19.0812 4
    endloop
  endfacet
  facet normal 0.887006 -0.461757 0
    outer loop
      vertex 40.9198 -19.0812 0
      vertex 39.101 -22.575 4
      vertex 39.101 -22.575 0
    endloop
  endfacet
  facet normal -0.130521 -0.991446 0
    outer loop
      vertex -7.84021 -44.4641 0
      vertex -3.93508 -44.9782 4
      vertex -7.84021 -44.4641 4
    endloop
  endfacet
  facet normal -0.130521 -0.991446 -0
    outer loop
      vertex -3.93508 -44.9782 4
      vertex -7.84021 -44.4641 0
      vertex -3.93508 -44.9782 0
    endloop
  endfacet
  facet normal -0.461757 -0.887006 0
    outer loop
      vertex -22.575 -39.101 0
      vertex -19.0812 -40.9198 4
      vertex -22.575 -39.101 4
    endloop
  endfacet
  facet normal -0.461757 -0.887006 -0
    outer loop
      vertex -19.0812 -40.9198 4
      vertex -22.575 -39.101 0
      vertex -19.0812 -40.9198 0
    endloop
  endfacet
  facet normal -0.537291 0.843397 0
    outer loop
      vertex -22.575 39.101 0
      vertex -25.897 36.9847 4
      vertex -22.575 39.101 4
    endloop
  endfacet
  facet normal -0.537291 0.843397 0
    outer loop
      vertex -25.897 36.9847 4
      vertex -22.575 39.101 0
      vertex -25.897 36.9847 0
    endloop
  endfacet
  facet normal 0.675587 -0.737281 0
    outer loop
      vertex 29.0219 -34.5869 0
      vertex 31.9259 -31.9259 4
      vertex 29.0219 -34.5869 4
    endloop
  endfacet
  facet normal 0.675587 -0.737281 0
    outer loop
      vertex 31.9259 -31.9259 4
      vertex 29.0219 -34.5869 0
      vertex 31.9259 -31.9259 0
    endloop
  endfacet
  facet normal 0.737281 -0.675587 0
    outer loop
      vertex 31.9259 -31.9259 4
      vertex 34.5869 -29.0219 0
      vertex 34.5869 -29.0219 4
    endloop
  endfacet
  facet normal 0.737281 -0.675587 0
    outer loop
      vertex 34.5869 -29.0219 0
      vertex 31.9259 -31.9259 4
      vertex 31.9259 -31.9259 0
    endloop
  endfacet
  facet normal -0.537291 -0.843397 0
    outer loop
      vertex -25.897 -36.9847 0
      vertex -22.575 -39.101 4
      vertex -25.897 -36.9847 4
    endloop
  endfacet
  facet normal -0.537291 -0.843397 -0
    outer loop
      vertex -22.575 -39.101 4
      vertex -25.897 -36.9847 0
      vertex -22.575 -39.101 0
    endloop
  endfacet
  facet normal -0 0 -1
    outer loop
      vertex -8.48528 -8.48528 0
      vertex -26.0762 -25.9037 0
      vertex -9.19253 -7.71345 0
    endloop
  endfacet
  facet normal 0 0 -1
    outer loop
      vertex -12 0 0
      vertex -25.5815 26.8541 0
      vertex -25.5761 26.9761 0
    endloop
  endfacet
  facet normal 0 0 -1
    outer loop
      vertex -26.1731 -25.8293 0
      vertex -9.19253 -7.71345 0
      vertex -26.0762 -25.9037 0
    endloop
  endfacet
  facet normal 0 0 -1
    outer loop
      vertex -12 0 0
      vertex -25.5974 26.733 0
      vertex -25.5815 26.8541 0
    endloop
  endfacet
  facet normal 0 0 -1
    outer loop
      vertex -26.2761 -25.7637 0
      vertex -9.19253 -7.71345 0
      vertex -26.1731 -25.8293 0
    endloop
  endfacet
  facet normal 0 0 -1
    outer loop
      vertex -12 0 0
      vertex -25.6238 26.6138 0
      vertex -25.5974 26.733 0
    endloop
  endfacet
  facet normal -0 0 -1
    outer loop
      vertex -9.19253 -7.71345 0
      vertex -26.2761 -25.7637 0
      vertex -9.82982 -6.88292 0
    endloop
  endfacet
  facet normal 0 0 -1
    outer loop
      vertex -12 0 0
      vertex -25.6606 26.4973 0
      vertex -25.6238 26.6138 0
    endloop
  endfacet
  facet normal 0 0 -1
    outer loop
      vertex -26.3845 -25.7073 0
      vertex -9.82982 -6.88292 0
      vertex -26.2761 -25.7637 0
    endloop
  endfacet
  facet normal 0 0 -1
    outer loop
      vertex -12 0 0
      vertex -25.7073 26.3845 0
      vertex -25.6606 26.4973 0
    endloop
  endfacet
  facet normal -0 0 -1
    outer loop
      vertex -9.82982 -6.88292 0
      vertex -26.3845 -25.7073 0
      vertex -10.3923 -6 0
    endloop
  endfacet
  facet normal 0 0 -1
    outer loop
      vertex -12 0 0
      vertex -25.7637 26.2761 0
      vertex -25.7073 26.3845 0
    endloop
  endfacet
  facet normal 0 0 -1
    outer loop
      vertex -26.4973 -25.6606 0
      vertex -10.3923 -6 0
      vertex -26.3845 -25.7073 0
    endloop
  endfacet
  facet normal 0 0 -1
    outer loop
      vertex -12 0 0
      vertex -25.8293 26.1731 0
      vertex -25.7637 26.2761 0
    endloop
  endfacet
  facet normal 0 0 -1
    outer loop
      vertex -26.6138 -25.6238 0
      vertex -10.3923 -6 0
      vertex -26.4973 -25.6606 0
    endloop
  endfacet
  facet normal 0 0 -1
    outer loop
      vertex -12 0 0
      vertex -25.9037 26.0762 0
      vertex -25.8293 26.1731 0
    endloop
  endfacet
  facet normal -0 0 -1
    outer loop
      vertex -10.3923 -6 0
      vertex -26.6138 -25.6238 0
      vertex -10.8757 -5.07142 0
    endloop
  endfacet
  facet normal 0 0 -1
    outer loop
      vertex -12 0 0
      vertex -25.9862 25.9862 0
      vertex -25.9037 26.0762 0
    endloop
  endfacet
  facet normal 0 0 -1
    outer loop
      vertex -26.733 -25.5974 0
      vertex -10.8757 -5.07142 0
      vertex -26.6138 -25.6238 0
    endloop
  endfacet
  facet normal 0 0 -1
    outer loop
      vertex -12 0 0
      vertex -26.0762 25.9037 0
      vertex -25.9862 25.9862 0
    endloop
  endfacet
  facet normal 0 0 -1
    outer loop
      vertex -26.8541 -25.5815 0
      vertex -10.8757 -5.07142 0
      vertex -26.733 -25.5974 0
    endloop
  endfacet
  facet normal 0 0 -1
    outer loop
      vertex -12 0 0
      vertex -26.1731 25.8293 0
      vertex -26.0762 25.9037 0
    endloop
  endfacet
  facet normal -0 0 -1
    outer loop
      vertex -10.8757 -5.07142 0
      vertex -26.8541 -25.5815 0
      vertex -11.2763 -4.10424 0
    endloop
  endfacet
  facet normal 0 0 -1
    outer loop
      vertex -12 0 0
      vertex -26.2761 25.7637 0
      vertex -26.1731 25.8293 0
    endloop
  endfacet
  facet normal 0 0 -1
    outer loop
      vertex -26.9761 -25.5761 0
      vertex -11.2763 -4.10424 0
      vertex -26.8541 -25.5815 0
    endloop
  endfacet
  facet normal 0 0 -1
    outer loop
      vertex -12 0 0
      vertex -26.3845 25.7073 0
      vertex -26.2761 25.7637 0
    endloop
  endfacet
  facet normal 0 0 -1
    outer loop
      vertex -42.4271 -15.4422 0
      vertex -11.2763 -4.10424 0
      vertex -26.9761 -25.5761 0
    endloop
  endfacet
  facet normal 0 0 -1
    outer loop
      vertex -12 0 0
      vertex -26.4973 25.6606 0
      vertex -26.3845 25.7073 0
    endloop
  endfacet
  facet normal -0 0 -1
    outer loop
      vertex -11.2763 -4.10424 0
      vertex -42.4271 -15.4422 0
      vertex -11.5911 -3.10583 0
    endloop
  endfacet
  facet normal 0 -0 -1
    outer loop
      vertex -44.9782 3.93508 0
      vertex -12 0 0
      vertex -45.15 0 0
    endloop
  endfacet
  facet normal 0 0 -1
    outer loop
      vertex -43.6115 -11.6857 0
      vertex -11.5911 -3.10583 0
      vertex -42.4271 -15.4422 0
    endloop
  endfacet
  facet normal 0 0 -1
    outer loop
      vertex -12 0 0
      vertex -26.6138 25.6238 0
      vertex -26.4973 25.6606 0
    endloop
  endfacet
  facet normal -0 0 -1
    outer loop
      vertex -11.5911 -3.10583 0
      vertex -43.6115 -11.6857 0
      vertex -11.8177 -2.08378 0
    endloop
  endfacet
  facet normal 0 -0 -1
    outer loop
      vertex -44.4641 7.84021 0
      vertex -12 0 0
      vertex -44.9782 3.93508 0
    endloop
  endfacet
  facet normal -0 0 -1
    outer loop
      vertex -11.8177 -2.08378 0
      vertex -44.4641 -7.84021 0
      vertex -11.9543 -1.04587 0
    endloop
  endfacet
  facet normal 0 0 -1
    outer loop
      vertex -12 0 0
      vertex -26.733 25.5974 0
      vertex -26.6138 25.6238 0
    endloop
  endfacet
  facet normal 0 0 -1
    outer loop
      vertex -42.4271 -15.4422 0
      vertex -26.9761 -25.5761 0
      vertex -27.0981 -25.5815 0
    endloop
  endfacet
  facet normal 0 -0 -1
    outer loop
      vertex -43.6115 11.6857 0
      vertex -12 0 0
      vertex -44.4641 7.84021 0
    endloop
  endfacet
  facet normal 0 0 -1
    outer loop
      vertex -42.4271 -15.4422 0
      vertex -27.0981 -25.5815 0
      vertex -27.2192 -25.5974 0
    endloop
  endfacet
  facet normal 0 0 -1
    outer loop
      vertex -12 0 0
      vertex -26.8541 25.5815 0
      vertex -26.733 25.5974 0
    endloop
  endfacet
  facet normal 0 0 -1
    outer loop
      vertex -40.9198 -19.0812 0
      vertex -27.2192 -25.5974 0
      vertex -27.3385 -25.6238 0
    endloop
  endfacet
  facet normal 0 -0 -1
    outer loop
      vertex -26.9761 25.5761 0
      vertex -12 0 0
      vertex -43.6115 11.6857 0
    endloop
  endfacet
  facet normal 0 0 -1
    outer loop
      vertex -40.9198 -19.0812 0
      vertex -27.3385 -25.6238 0
      vertex -27.455 -25.6606 0
    endloop
  endfacet
  facet normal 0 0 -1
    outer loop
      vertex -12 0 0
      vertex -26.9761 25.5761 0
      vertex -26.8541 25.5815 0
    endloop
  endfacet
  facet normal 0 0 -1
    outer loop
      vertex -39.101 -22.575 0
      vertex -27.455 -25.6606 0
      vertex -27.5678 -25.7073 0
    endloop
  endfacet
  facet normal 0 -0 -1
    outer loop
      vertex -42.4271 15.4422 0
      vertex -26.9761 25.5761 0
      vertex -43.6115 11.6857 0
    endloop
  endfacet
  facet normal 0 0 -1
    outer loop
      vertex -39.101 -22.575 0
      vertex -27.5678 -25.7073 0
      vertex -27.6761 -25.7637 0
    endloop
  endfacet
  facet normal -0 0 -1
    outer loop
      vertex -26.9761 25.5761 0
      vertex -42.4271 15.4422 0
      vertex -27.0981 25.5815 0
    endloop
  endfacet
  facet normal 0 0 -1
    outer loop
      vertex -39.101 -22.575 0
      vertex -27.6761 -25.7637 0
      vertex -27.7791 -25.8293 0
    endloop
  endfacet
  facet normal -0 0 -1
    outer loop
      vertex -27.0981 25.5815 0
      vertex -42.4271 15.4422 0
      vertex -27.2192 25.5974 0
    endloop
  endfacet
  facet normal 0 0 -1
    outer loop
      vertex -39.101 -22.575 0
      vertex -27.7791 -25.8293 0
      vertex -27.876 -25.9037 0
    endloop
  endfacet
  facet normal 0 -0 -1
    outer loop
      vertex -40.9198 19.0812 0
      vertex -27.2192 25.5974 0
      vertex -42.4271 15.4422 0
    endloop
  endfacet
  facet normal 0 0 -1
    outer loop
      vertex -36.9847 -25.897 0
      vertex -27.876 -25.9037 0
      vertex -27.9661 -25.9862 0
    endloop
  endfacet
  facet normal -0 0 -1
    outer loop
      vertex -27.2192 25.5974 0
      vertex -40.9198 19.0812 0
      vertex -27.3385 25.6238 0
    endloop
  endfacet
  facet normal 0 0 -1
    outer loop
      vertex -36.9847 -25.897 0
      vertex -27.9661 -25.9862 0
      vertex -28.0486 -26.0762 0
    endloop
  endfacet
  facet normal -0 0 -1
    outer loop
      vertex -27.3385 25.6238 0
      vertex -40.9198 19.0812 0
      vertex -27.455 25.6606 0
    endloop
  endfacet
  facet normal 0 0 -1
    outer loop
      vertex -36.9847 -25.897 0
      vertex -28.0486 -26.0762 0
      vertex -28.1229 -26.1731 0
    endloop
  endfacet
  facet normal 0 -0 -1
    outer loop
      vertex -39.101 22.575 0
      vertex -27.455 25.6606 0
      vertex -40.9198 19.0812 0
    endloop
  endfacet
  facet normal 0 0 -1
    outer loop
      vertex -36.9847 -25.897 0
      vertex -28.1229 -26.1731 0
      vertex -28.1886 -26.2761 0
    endloop
  endfacet
  facet normal -0 0 -1
    outer loop
      vertex -27.455 25.6606 0
      vertex -39.101 22.575 0
      vertex -27.5678 25.7073 0
    endloop
  endfacet
  facet normal 0 0 -1
    outer loop
      vertex -36.9847 -25.897 0
      vertex -28.1886 -26.2761 0
      vertex -28.245 -26.3845 0
    endloop
  endfacet
  facet normal -0 0 -1
    outer loop
      vertex -27.5678 25.7073 0
      vertex -39.101 22.575 0
      vertex -27.6761 25.7637 0
    endloop
  endfacet
  facet normal 0 0 -1
    outer loop
      vertex -36.9847 -25.897 0
      vertex -28.245 -26.3845 0
      vertex -28.2917 -26.4973 0
    endloop
  endfacet
  facet normal -0 0 -1
    outer loop
      vertex -27.6761 25.7637 0
      vertex -39.101 22.575 0
      vertex -27.7791 25.8293 0
    endloop
  endfacet
  facet normal 0 0 -1
    outer loop
      vertex -34.5869 -29.0219 0
      vertex -28.2917 -26.4973 0
      vertex -28.3284 -26.6138 0
    endloop
  endfacet
  facet normal -0 0 -1
    outer loop
      vertex -27.7791 25.8293 0
      vertex -39.101 22.575 0
      vertex -27.876 25.9037 0
    endloop
  endfacet
  facet normal 0 0 -1
    outer loop
      vertex -34.5869 -29.0219 0
      vertex -28.3284 -26.6138 0
      vertex -28.3549 -26.733 0
    endloop
  endfacet
  facet normal 0 -0 -1
    outer loop
      vertex -36.9847 25.897 0
      vertex -27.876 25.9037 0
      vertex -39.101 22.575 0
    endloop
  endfacet
  facet normal 0 0 -1
    outer loop
      vertex -34.5869 -29.0219 0
      vertex -28.3549 -26.733 0
      vertex -28.3708 -26.8541 0
    endloop
  endfacet
  facet normal -0 0 -1
    outer loop
      vertex -27.876 25.9037 0
      vertex -36.9847 25.897 0
      vertex -27.9661 25.9862 0
    endloop
  endfacet
  facet normal 0 0 -1
    outer loop
      vertex -34.5869 -29.0219 0
      vertex -28.3708 -26.8541 0
      vertex -28.3761 -26.9761 0
    endloop
  endfacet
  facet normal -0 0 -1
    outer loop
      vertex -27.9661 25.9862 0
      vertex -36.9847 25.897 0
      vertex -28.0486 26.0762 0
    endloop
  endfacet
  facet normal 0 0 -1
    outer loop
      vertex -25.5974 27.2192 0
      vertex -15.4422 42.4271 0
      vertex -25.5815 27.0981 0
    endloop
  endfacet
  facet normal 0 0 -1
    outer loop
      vertex -15.4422 42.4271 0
      vertex -25.5974 27.2192 0
      vertex -19.0812 40.9198 0
    endloop
  endfacet
  facet normal 0 0 -1
    outer loop
      vertex -25.6238 27.3385 0
      vertex -19.0812 40.9198 0
      vertex -25.5974 27.2192 0
    endloop
  endfacet
  facet normal 0 0 -1
    outer loop
      vertex -25.6606 27.455 0
      vertex -19.0812 40.9198 0
      vertex -25.6238 27.3385 0
    endloop
  endfacet
  facet normal 0 0 -1
    outer loop
      vertex -19.0812 40.9198 0
      vertex -25.6606 27.455 0
      vertex -22.575 39.101 0
    endloop
  endfacet
  facet normal 0 0 -1
    outer loop
      vertex -25.7073 27.5678 0
      vertex -22.575 39.101 0
      vertex -25.6606 27.455 0
    endloop
  endfacet
  facet normal 0 0 -1
    outer loop
      vertex -25.7637 27.6761 0
      vertex -22.575 39.101 0
      vertex -25.7073 27.5678 0
    endloop
  endfacet
  facet normal 0 0 -1
    outer loop
      vertex -25.8293 27.7791 0
      vertex -22.575 39.101 0
      vertex -25.7637 27.6761 0
    endloop
  endfacet
  facet normal 0 0 -1
    outer loop
      vertex -25.9037 27.876 0
      vertex -22.575 39.101 0
      vertex -25.8293 27.7791 0
    endloop
  endfacet
  facet normal 0 0 -1
    outer loop
      vertex -22.575 39.101 0
      vertex -25.9037 27.876 0
      vertex -25.897 36.9847 0
    endloop
  endfacet
  facet normal 0 0 -1
    outer loop
      vertex -25.9862 27.9661 0
      vertex -25.897 36.9847 0
      vertex -25.9037 27.876 0
    endloop
  endfacet
  facet normal 0 0 -1
    outer loop
      vertex -26.0762 28.0486 0
      vertex -25.897 36.9847 0
      vertex -25.9862 27.9661 0
    endloop
  endfacet
  facet normal 0 0 -1
    outer loop
      vertex -26.1731 28.1229 0
      vertex -25.897 36.9847 0
      vertex -26.0762 28.0486 0
    endloop
  endfacet
  facet normal 0 0 -1
    outer loop
      vertex -26.2761 28.1886 0
      vertex -25.897 36.9847 0
      vertex -26.1731 28.1229 0
    endloop
  endfacet
  facet normal 0 0 -1
    outer loop
      vertex -26.3845 28.245 0
      vertex -25.897 36.9847 0
      vertex -26.2761 28.1886 0
    endloop
  endfacet
  facet normal 0 0 -1
    outer loop
      vertex -26.4973 28.2917 0
      vertex -25.897 36.9847 0
      vertex -26.3845 28.245 0
    endloop
  endfacet
  facet normal 0 0 -1
    outer loop
      vertex -29.0219 34.5869 0
      vertex -26.4973 28.2917 0
      vertex -26.6138 28.3284 0
    endloop
  endfacet
  facet normal 0 0 -1
    outer loop
      vertex -29.0219 34.5869 0
      vertex -26.6138 28.3284 0
      vertex -26.733 28.3549 0
    endloop
  endfacet
  facet normal 0 0 -1
    outer loop
      vertex -29.0219 34.5869 0
      vertex -26.733 28.3549 0
      vertex -26.8541 28.3708 0
    endloop
  endfacet
  facet normal 0 0 -1
    outer loop
      vertex -29.0219 34.5869 0
      vertex -26.8541 28.3708 0
      vertex -26.9761 28.3761 0
    endloop
  endfacet
  facet normal 0 0 -1
    outer loop
      vertex -29.0219 34.5869 0
      vertex -26.9761 28.3761 0
      vertex -27.0981 28.3708 0
    endloop
  endfacet
  facet normal 0 0 -1
    outer loop
      vertex -29.0219 34.5869 0
      vertex -27.0981 28.3708 0
      vertex -27.2192 28.3549 0
    endloop
  endfacet
  facet normal 0 0 -1
    outer loop
      vertex -29.0219 34.5869 0
      vertex -27.2192 28.3549 0
      vertex -27.3385 28.3284 0
    endloop
  endfacet
  facet normal 0 0 -1
    outer loop
      vertex -29.0219 34.5869 0
      vertex -27.3385 28.3284 0
      vertex -27.455 28.2917 0
    endloop
  endfacet
  facet normal 0 0 -1
    outer loop
      vertex -31.9259 31.9259 0
      vertex -27.455 28.2917 0
      vertex -27.5678 28.245 0
    endloop
  endfacet
  facet normal 0 0 -1
    outer loop
      vertex -31.9259 31.9259 0
      vertex -27.5678 28.245 0
      vertex -27.6761 28.1886 0
    endloop
  endfacet
  facet normal 0 0 -1
    outer loop
      vertex -31.9259 31.9259 0
      vertex -27.6761 28.1886 0
      vertex -27.7791 28.1229 0
    endloop
  endfacet
  facet normal 0 0 -1
    outer loop
      vertex -31.9259 31.9259 0
      vertex -27.7791 28.1229 0
      vertex -27.876 28.0486 0
    endloop
  endfacet
  facet normal 0 0 -1
    outer loop
      vertex -31.9259 31.9259 0
      vertex -27.876 28.0486 0
      vertex -27.9661 27.9661 0
    endloop
  endfacet
  facet normal 0 0 -1
    outer loop
      vertex -31.9259 31.9259 0
      vertex -27.9661 27.9661 0
      vertex -28.0486 27.876 0
    endloop
  endfacet
  facet normal 0 0 -1
    outer loop
      vertex -31.9259 31.9259 0
      vertex -28.0486 27.876 0
      vertex -28.1229 27.7791 0
    endloop
  endfacet
  facet normal 0 0 -1
    outer loop
      vertex -31.9259 31.9259 0
      vertex -28.1229 27.7791 0
      vertex -28.1886 27.6761 0
    endloop
  endfacet
  facet normal 0 0 -1
    outer loop
      vertex -31.9259 31.9259 0
      vertex -28.1886 27.6761 0
      vertex -28.245 27.5678 0
    endloop
  endfacet
  facet normal 0 0 -1
    outer loop
      vertex -31.9259 31.9259 0
      vertex -28.245 27.5678 0
      vertex -28.2917 27.455 0
    endloop
  endfacet
  facet normal 0 0 -1
    outer loop
      vertex -34.5869 29.0219 0
      vertex -28.2917 27.455 0
      vertex -28.3284 27.3385 0
    endloop
  endfacet
  facet normal 0 0 -1
    outer loop
      vertex -26.4973 28.2917 0
      vertex -29.0219 34.5869 0
      vertex -25.897 36.9847 0
    endloop
  endfacet
  facet normal 0 0 -1
    outer loop
      vertex -34.5869 29.0219 0
      vertex -28.3284 27.3385 0
      vertex -28.3549 27.2192 0
    endloop
  endfacet
  facet normal 0 0 -1
    outer loop
      vertex -34.5869 29.0219 0
      vertex -28.3549 27.2192 0
      vertex -28.3708 27.0981 0
    endloop
  endfacet
  facet normal 0 0 -1
    outer loop
      vertex -34.5869 29.0219 0
      vertex -28.3708 27.0981 0
      vertex -28.3761 26.9761 0
    endloop
  endfacet
  facet normal -0 0 -1
    outer loop
      vertex -28.3708 -27.0981 0
      vertex -34.5869 -29.0219 0
      vertex -28.3761 -26.9761 0
    endloop
  endfacet
  facet normal -0 0 -1
    outer loop
      vertex -28.2917 -26.4973 0
      vertex -34.5869 -29.0219 0
      vertex -36.9847 -25.897 0
    endloop
  endfacet
  facet normal 0 0 -1
    outer loop
      vertex -27.455 28.2917 0
      vertex -31.9259 31.9259 0
      vertex -29.0219 34.5869 0
    endloop
  endfacet
  facet normal 0 0 -1
    outer loop
      vertex -27.876 -25.9037 0
      vertex -36.9847 -25.897 0
      vertex -39.101 -22.575 0
    endloop
  endfacet
  facet normal 0 0 -1
    outer loop
      vertex -28.2917 27.455 0
      vertex -34.5869 29.0219 0
      vertex -31.9259 31.9259 0
    endloop
  endfacet
  facet normal 0 0 -1
    outer loop
      vertex -27.455 -25.6606 0
      vertex -39.101 -22.575 0
      vertex -40.9198 -19.0812 0
    endloop
  endfacet
  facet normal 0 0 -1
    outer loop
      vertex -28.3708 26.8541 0
      vertex -34.5869 29.0219 0
      vertex -28.3761 26.9761 0
    endloop
  endfacet
  facet normal 0 0 -1
    outer loop
      vertex -27.2192 -25.5974 0
      vertex -40.9198 -19.0812 0
      vertex -42.4271 -15.4422 0
    endloop
  endfacet
  facet normal 0 0 -1
    outer loop
      vertex -28.3549 26.733 0
      vertex -34.5869 29.0219 0
      vertex -28.3708 26.8541 0
    endloop
  endfacet
  facet normal 0 0 -1
    outer loop
      vertex -44.4641 -7.84021 0
      vertex -11.8177 -2.08378 0
      vertex -43.6115 -11.6857 0
    endloop
  endfacet
  facet normal 0 0 -1
    outer loop
      vertex -28.3284 26.6138 0
      vertex -34.5869 29.0219 0
      vertex -28.3549 26.733 0
    endloop
  endfacet
  facet normal 0 0 -1
    outer loop
      vertex -44.9782 -3.93508 0
      vertex -11.9543 -1.04587 0
      vertex -44.4641 -7.84021 0
    endloop
  endfacet
  facet normal 0 0 -1
    outer loop
      vertex -28.2917 26.4973 0
      vertex -34.5869 29.0219 0
      vertex -28.3284 26.6138 0
    endloop
  endfacet
  facet normal -0 0 -1
    outer loop
      vertex -11.9543 -1.04587 0
      vertex -44.9782 -3.93508 0
      vertex -12 0 0
    endloop
  endfacet
  facet normal 0 -0 -1
    outer loop
      vertex -34.5869 29.0219 0
      vertex -28.2917 26.4973 0
      vertex -36.9847 25.897 0
    endloop
  endfacet
  facet normal -0 0 -1
    outer loop
      vertex -12 0 0
      vertex -44.9782 -3.93508 0
      vertex -45.15 0 0
    endloop
  endfacet
  facet normal -0 0 -1
    outer loop
      vertex -28.245 26.3845 0
      vertex -36.9847 25.897 0
      vertex -28.2917 26.4973 0
    endloop
  endfacet
  facet normal -0 0 -1
    outer loop
      vertex -28.0486 26.0762 0
      vertex -36.9847 25.897 0
      vertex -28.1229 26.1731 0
    endloop
  endfacet
  facet normal -0 0 -1
    outer loop
      vertex -28.1886 26.2761 0
      vertex -36.9847 25.897 0
      vertex -28.245 26.3845 0
    endloop
  endfacet
  facet normal -0 0 -1
    outer loop
      vertex -28.1229 26.1731 0
      vertex -36.9847 25.897 0
      vertex -28.1886 26.2761 0
    endloop
  endfacet
  facet normal -0 0 -1
    outer loop
      vertex 26.0762 25.9037 0
      vertex 8.48528 8.48528 0
      vertex 25.9862 25.9862 0
    endloop
  endfacet
  facet normal -0 0 -1
    outer loop
      vertex 25.9862 25.9862 0
      vertex 8.48528 8.48528 0
      vertex 25.9037 26.0762 0
    endloop
  endfacet
  facet normal 0 0 -1
    outer loop
      vertex 7.71345 9.19253 0
      vertex 25.9037 26.0762 0
      vertex 8.48528 8.48528 0
    endloop
  endfacet
  facet normal -0 0 -1
    outer loop
      vertex 25.9037 26.0762 0
      vertex 7.71345 9.19253 0
      vertex 25.8293 26.1731 0
    endloop
  endfacet
  facet normal -0 0 -1
    outer loop
      vertex 25.8293 26.1731 0
      vertex 7.71345 9.19253 0
      vertex 25.7637 26.2761 0
    endloop
  endfacet
  facet normal 0 0 -1
    outer loop
      vertex 6.88292 9.82982 0
      vertex 25.7637 26.2761 0
      vertex 7.71345 9.19253 0
    endloop
  endfacet
  facet normal -0 0 -1
    outer loop
      vertex 25.7637 26.2761 0
      vertex 6.88292 9.82982 0
      vertex 25.7073 26.3845 0
    endloop
  endfacet
  facet normal 0 0 -1
    outer loop
      vertex 6 10.3923 0
      vertex 25.7073 26.3845 0
      vertex 6.88292 9.82982 0
    endloop
  endfacet
  facet normal -0 0 -1
    outer loop
      vertex 25.7073 26.3845 0
      vertex 6 10.3923 0
      vertex 25.6606 26.4973 0
    endloop
  endfacet
  facet normal -0 0 -1
    outer loop
      vertex 25.6606 26.4973 0
      vertex 6 10.3923 0
      vertex 25.6238 26.6138 0
    endloop
  endfacet
  facet normal 0 0 -1
    outer loop
      vertex 5.07142 10.8757 0
      vertex 25.6238 26.6138 0
      vertex 6 10.3923 0
    endloop
  endfacet
  facet normal -0 0 -1
    outer loop
      vertex 25.6238 26.6138 0
      vertex 5.07142 10.8757 0
      vertex 25.5974 26.733 0
    endloop
  endfacet
  facet normal 0 0 -1
    outer loop
      vertex 4.10424 11.2763 0
      vertex 25.5974 26.733 0
      vertex 5.07142 10.8757 0
    endloop
  endfacet
  facet normal -0 0 -1
    outer loop
      vertex 25.5974 26.733 0
      vertex 4.10424 11.2763 0
      vertex 15.4422 42.4271 0
    endloop
  endfacet
  facet normal -0 0 -1
    outer loop
      vertex 15.4422 42.4271 0
      vertex 4.10424 11.2763 0
      vertex 11.6857 43.6115 0
    endloop
  endfacet
  facet normal 0 0 -1
    outer loop
      vertex 3.10583 11.5911 0
      vertex 11.6857 43.6115 0
      vertex 4.10424 11.2763 0
    endloop
  endfacet
  facet normal -0 0 -1
    outer loop
      vertex 11.6857 43.6115 0
      vertex 3.10583 11.5911 0
      vertex 7.84021 44.4641 0
    endloop
  endfacet
  facet normal 0 0 -1
    outer loop
      vertex 2.08378 11.8177 0
      vertex 7.84021 44.4641 0
      vertex 3.10583 11.5911 0
    endloop
  endfacet
  facet normal -0 0 -1
    outer loop
      vertex 7.84021 44.4641 0
      vertex 2.08378 11.8177 0
      vertex 3.93508 44.9782 0
    endloop
  endfacet
  facet normal 0 0 -1
    outer loop
      vertex 1.04587 11.9543 0
      vertex 3.93508 44.9782 0
      vertex 2.08378 11.8177 0
    endloop
  endfacet
  facet normal 0 0 -1
    outer loop
      vertex 0 12 0
      vertex 3.93508 44.9782 0
      vertex 1.04587 11.9543 0
    endloop
  endfacet
  facet normal 0 0 -1
    outer loop
      vertex 0 12 0
      vertex 0 45.15 0
      vertex 3.93508 44.9782 0
    endloop
  endfacet
  facet normal 0 0 -1
    outer loop
      vertex -1.04587 11.9543 0
      vertex 0 45.15 0
      vertex 0 12 0
    endloop
  endfacet
  facet normal 0 0 -1
    outer loop
      vertex -3.93508 44.9782 0
      vertex -1.04587 11.9543 0
      vertex -2.08378 11.8177 0
    endloop
  endfacet
  facet normal 0 0 -1
    outer loop
      vertex -7.84021 44.4641 0
      vertex -2.08378 11.8177 0
      vertex -3.10583 11.5911 0
    endloop
  endfacet
  facet normal 0 0 -1
    outer loop
      vertex -1.04587 11.9543 0
      vertex -3.93508 44.9782 0
      vertex 0 45.15 0
    endloop
  endfacet
  facet normal 0 0 -1
    outer loop
      vertex -11.6857 43.6115 0
      vertex -3.10583 11.5911 0
      vertex -4.10424 11.2763 0
    endloop
  endfacet
  facet normal 0 0 -1
    outer loop
      vertex -25.5761 26.9761 0
      vertex -4.10424 11.2763 0
      vertex -5.07142 10.8757 0
    endloop
  endfacet
  facet normal 0 0 -1
    outer loop
      vertex -25.5761 26.9761 0
      vertex -5.07142 10.8757 0
      vertex -6 10.3923 0
    endloop
  endfacet
  facet normal 0 0 -1
    outer loop
      vertex -25.5761 26.9761 0
      vertex -6 10.3923 0
      vertex -6.88292 9.82982 0
    endloop
  endfacet
  facet normal 0 0 -1
    outer loop
      vertex -25.5761 26.9761 0
      vertex -6.88292 9.82982 0
      vertex -7.71345 9.19253 0
    endloop
  endfacet
  facet normal 0 0 -1
    outer loop
      vertex -2.08378 11.8177 0
      vertex -7.84021 44.4641 0
      vertex -3.93508 44.9782 0
    endloop
  endfacet
  facet normal 0 0 -1
    outer loop
      vertex -25.5761 26.9761 0
      vertex -7.71345 9.19253 0
      vertex -8.48528 8.48528 0
    endloop
  endfacet
  facet normal 0 0 -1
    outer loop
      vertex -25.5761 26.9761 0
      vertex -8.48528 8.48528 0
      vertex -9.19253 7.71345 0
    endloop
  endfacet
  facet normal 0 0 -1
    outer loop
      vertex -25.5761 26.9761 0
      vertex -9.19253 7.71345 0
      vertex -9.82982 6.88292 0
    endloop
  endfacet
  facet normal 0 0 -1
    outer loop
      vertex -25.5761 26.9761 0
      vertex -9.82982 6.88292 0
      vertex -10.3923 6 0
    endloop
  endfacet
  facet normal 0 0 -1
    outer loop
      vertex -25.5761 26.9761 0
      vertex -10.3923 6 0
      vertex -10.8757 5.07142 0
    endloop
  endfacet
  facet normal 0 0 -1
    outer loop
      vertex -25.5761 26.9761 0
      vertex -10.8757 5.07142 0
      vertex -11.2763 4.10424 0
    endloop
  endfacet
  facet normal 0 0 -1
    outer loop
      vertex -25.5761 26.9761 0
      vertex -11.2763 4.10424 0
      vertex -11.5911 3.10583 0
    endloop
  endfacet
  facet normal 0 0 -1
    outer loop
      vertex -3.10583 11.5911 0
      vertex -11.6857 43.6115 0
      vertex -7.84021 44.4641 0
    endloop
  endfacet
  facet normal 0 0 -1
    outer loop
      vertex -25.5761 26.9761 0
      vertex -11.5911 3.10583 0
      vertex -11.8177 2.08378 0
    endloop
  endfacet
  facet normal 0 0 -1
    outer loop
      vertex -25.5761 26.9761 0
      vertex -11.8177 2.08378 0
      vertex -11.9543 1.04587 0
    endloop
  endfacet
  facet normal 0 0 -1
    outer loop
      vertex -26.0762 -25.9037 0
      vertex -8.48528 -8.48528 0
      vertex -25.9862 -25.9862 0
    endloop
  endfacet
  facet normal 0 0 -1
    outer loop
      vertex -25.9862 -25.9862 0
      vertex -8.48528 -8.48528 0
      vertex -25.9037 -26.0762 0
    endloop
  endfacet
  facet normal 0 0 -1
    outer loop
      vertex -12 0 0
      vertex -25.5761 26.9761 0
      vertex -11.9543 1.04587 0
    endloop
  endfacet
  facet normal 0 0 -1
    outer loop
      vertex -25.5974 -27.2192 0
      vertex -15.4422 -42.4271 0
      vertex -19.0812 -40.9198 0
    endloop
  endfacet
  facet normal 0 0 -1
    outer loop
      vertex -4.10424 11.2763 0
      vertex -15.4422 42.4271 0
      vertex -11.6857 43.6115 0
    endloop
  endfacet
  facet normal 0 0 -1
    outer loop
      vertex -25.6606 -27.455 0
      vertex -19.0812 -40.9198 0
      vertex -22.575 -39.101 0
    endloop
  endfacet
  facet normal 0 0 -1
    outer loop
      vertex -4.10424 11.2763 0
      vertex -25.5761 26.9761 0
      vertex -15.4422 42.4271 0
    endloop
  endfacet
  facet normal 0 0 -1
    outer loop
      vertex -25.5815 27.0981 0
      vertex -15.4422 42.4271 0
      vertex -25.5761 26.9761 0
    endloop
  endfacet
  facet normal 0 0 -1
    outer loop
      vertex -15.4422 -42.4271 0
      vertex -25.5815 -27.0981 0
      vertex -25.5761 -26.9761 0
    endloop
  endfacet
  facet normal 0 0 -1
    outer loop
      vertex -15.4422 -42.4271 0
      vertex -25.5974 -27.2192 0
      vertex -25.5815 -27.0981 0
    endloop
  endfacet
  facet normal 0 0 -1
    outer loop
      vertex -19.0812 -40.9198 0
      vertex -25.6238 -27.3385 0
      vertex -25.5974 -27.2192 0
    endloop
  endfacet
  facet normal 0 0 -1
    outer loop
      vertex -19.0812 -40.9198 0
      vertex -25.6606 -27.455 0
      vertex -25.6238 -27.3385 0
    endloop
  endfacet
  facet normal 0 0 -1
    outer loop
      vertex -22.575 -39.101 0
      vertex -25.7073 -27.5678 0
      vertex -25.6606 -27.455 0
    endloop
  endfacet
  facet normal 0 0 -1
    outer loop
      vertex -22.575 -39.101 0
      vertex -25.7637 -27.6761 0
      vertex -25.7073 -27.5678 0
    endloop
  endfacet
  facet normal 0 0 -1
    outer loop
      vertex -22.575 -39.101 0
      vertex -25.8293 -27.7791 0
      vertex -25.7637 -27.6761 0
    endloop
  endfacet
  facet normal 0 0 -1
    outer loop
      vertex -25.9037 -27.876 0
      vertex -22.575 -39.101 0
      vertex -25.897 -36.9847 0
    endloop
  endfacet
  facet normal 0 0 -1
    outer loop
      vertex -22.575 -39.101 0
      vertex -25.9037 -27.876 0
      vertex -25.8293 -27.7791 0
    endloop
  endfacet
  facet normal 0 0 -1
    outer loop
      vertex -25.897 -36.9847 0
      vertex -25.9862 -27.9661 0
      vertex -25.9037 -27.876 0
    endloop
  endfacet
  facet normal 0 0 -1
    outer loop
      vertex -25.897 -36.9847 0
      vertex -26.0762 -28.0486 0
      vertex -25.9862 -27.9661 0
    endloop
  endfacet
  facet normal 0 0 -1
    outer loop
      vertex -25.897 -36.9847 0
      vertex -26.1731 -28.1229 0
      vertex -26.0762 -28.0486 0
    endloop
  endfacet
  facet normal 0 0 -1
    outer loop
      vertex -25.897 -36.9847 0
      vertex -26.2761 -28.1886 0
      vertex -26.1731 -28.1229 0
    endloop
  endfacet
  facet normal 0 0 -1
    outer loop
      vertex -25.897 -36.9847 0
      vertex -26.3845 -28.245 0
      vertex -26.2761 -28.1886 0
    endloop
  endfacet
  facet normal 0 0 -1
    outer loop
      vertex -25.897 -36.9847 0
      vertex -26.4973 -28.2917 0
      vertex -26.3845 -28.245 0
    endloop
  endfacet
  facet normal 0 0 -1
    outer loop
      vertex -29.0219 -34.5869 0
      vertex -26.4973 -28.2917 0
      vertex -25.897 -36.9847 0
    endloop
  endfacet
  facet normal 0 0 -1
    outer loop
      vertex -26.4973 -28.2917 0
      vertex -29.0219 -34.5869 0
      vertex -26.6138 -28.3284 0
    endloop
  endfacet
  facet normal 0 0 -1
    outer loop
      vertex -26.6138 -28.3284 0
      vertex -29.0219 -34.5869 0
      vertex -26.733 -28.3549 0
    endloop
  endfacet
  facet normal 0 0 -1
    outer loop
      vertex -26.733 -28.3549 0
      vertex -29.0219 -34.5869 0
      vertex -26.8541 -28.3708 0
    endloop
  endfacet
  facet normal 0 0 -1
    outer loop
      vertex -26.8541 -28.3708 0
      vertex -29.0219 -34.5869 0
      vertex -26.9761 -28.3761 0
    endloop
  endfacet
  facet normal -0 0 -1
    outer loop
      vertex -26.9761 -28.3761 0
      vertex -29.0219 -34.5869 0
      vertex -27.0981 -28.3708 0
    endloop
  endfacet
  facet normal -0 0 -1
    outer loop
      vertex -27.0981 -28.3708 0
      vertex -29.0219 -34.5869 0
      vertex -27.2192 -28.3549 0
    endloop
  endfacet
  facet normal -0 0 -1
    outer loop
      vertex -27.2192 -28.3549 0
      vertex -29.0219 -34.5869 0
      vertex -27.3385 -28.3284 0
    endloop
  endfacet
  facet normal -0 0 -1
    outer loop
      vertex -27.3385 -28.3284 0
      vertex -29.0219 -34.5869 0
      vertex -27.455 -28.2917 0
    endloop
  endfacet
  facet normal 0 0 -1
    outer loop
      vertex -31.9259 -31.9259 0
      vertex -27.455 -28.2917 0
      vertex -29.0219 -34.5869 0
    endloop
  endfacet
  facet normal -0 0 -1
    outer loop
      vertex -27.455 -28.2917 0
      vertex -31.9259 -31.9259 0
      vertex -27.5678 -28.245 0
    endloop
  endfacet
  facet normal -0 0 -1
    outer loop
      vertex -27.5678 -28.245 0
      vertex -31.9259 -31.9259 0
      vertex -27.6761 -28.1886 0
    endloop
  endfacet
  facet normal -0 0 -1
    outer loop
      vertex -27.6761 -28.1886 0
      vertex -31.9259 -31.9259 0
      vertex -27.7791 -28.1229 0
    endloop
  endfacet
  facet normal -0 0 -1
    outer loop
      vertex -27.7791 -28.1229 0
      vertex -31.9259 -31.9259 0
      vertex -27.876 -28.0486 0
    endloop
  endfacet
  facet normal -0 0 -1
    outer loop
      vertex -27.876 -28.0486 0
      vertex -31.9259 -31.9259 0
      vertex -27.9661 -27.9661 0
    endloop
  endfacet
  facet normal -0 0 -1
    outer loop
      vertex -27.9661 -27.9661 0
      vertex -31.9259 -31.9259 0
      vertex -28.0486 -27.876 0
    endloop
  endfacet
  facet normal -0 0 -1
    outer loop
      vertex -28.0486 -27.876 0
      vertex -31.9259 -31.9259 0
      vertex -28.1229 -27.7791 0
    endloop
  endfacet
  facet normal -0 0 -1
    outer loop
      vertex -28.1229 -27.7791 0
      vertex -31.9259 -31.9259 0
      vertex -28.1886 -27.6761 0
    endloop
  endfacet
  facet normal -0 0 -1
    outer loop
      vertex -28.1886 -27.6761 0
      vertex -31.9259 -31.9259 0
      vertex -28.245 -27.5678 0
    endloop
  endfacet
  facet normal -0 0 -1
    outer loop
      vertex -28.3549 -27.2192 0
      vertex -34.5869 -29.0219 0
      vertex -28.3708 -27.0981 0
    endloop
  endfacet
  facet normal -0 0 -1
    outer loop
      vertex -28.3284 -27.3385 0
      vertex -34.5869 -29.0219 0
      vertex -28.3549 -27.2192 0
    endloop
  endfacet
  facet normal -0 0 -1
    outer loop
      vertex -28.2917 -27.455 0
      vertex -34.5869 -29.0219 0
      vertex -28.3284 -27.3385 0
    endloop
  endfacet
  facet normal 0 0 -1
    outer loop
      vertex -34.5869 -29.0219 0
      vertex -28.2917 -27.455 0
      vertex -31.9259 -31.9259 0
    endloop
  endfacet
  facet normal -0 0 -1
    outer loop
      vertex -28.245 -27.5678 0
      vertex -31.9259 -31.9259 0
      vertex -28.2917 -27.455 0
    endloop
  endfacet
  facet normal 0 0 -1
    outer loop
      vertex 27.9661 -25.9862 0
      vertex 36.9847 -25.897 0
      vertex 28.0486 -26.0762 0
    endloop
  endfacet
  facet normal 0 0 -1
    outer loop
      vertex 45.15 0 0
      vertex 28.3708 26.8541 0
      vertex 28.3761 26.9761 0
    endloop
  endfacet
  facet normal 0 0 -1
    outer loop
      vertex 27.876 -25.9037 0
      vertex 36.9847 -25.897 0
      vertex 27.9661 -25.9862 0
    endloop
  endfacet
  facet normal 0 0 -1
    outer loop
      vertex 45.15 0 0
      vertex 28.3549 26.733 0
      vertex 28.3708 26.8541 0
    endloop
  endfacet
  facet normal -0 0 -1
    outer loop
      vertex 36.9847 -25.897 0
      vertex 27.876 -25.9037 0
      vertex 39.101 -22.575 0
    endloop
  endfacet
  facet normal 0 0 -1
    outer loop
      vertex 45.15 0 0
      vertex 28.3284 26.6138 0
      vertex 28.3549 26.733 0
    endloop
  endfacet
  facet normal 0 0 -1
    outer loop
      vertex 27.7791 -25.8293 0
      vertex 39.101 -22.575 0
      vertex 27.876 -25.9037 0
    endloop
  endfacet
  facet normal 0 0 -1
    outer loop
      vertex 45.15 0 0
      vertex 28.2917 26.4973 0
      vertex 28.3284 26.6138 0
    endloop
  endfacet
  facet normal 0 0 -1
    outer loop
      vertex 27.6761 -25.7637 0
      vertex 39.101 -22.575 0
      vertex 27.7791 -25.8293 0
    endloop
  endfacet
  facet normal 0 0 -1
    outer loop
      vertex 45.15 0 0
      vertex 28.245 26.3845 0
      vertex 28.2917 26.4973 0
    endloop
  endfacet
  facet normal 0 0 -1
    outer loop
      vertex 27.5678 -25.7073 0
      vertex 39.101 -22.575 0
      vertex 27.6761 -25.7637 0
    endloop
  endfacet
  facet normal 0 0 -1
    outer loop
      vertex 45.15 0 0
      vertex 28.1886 26.2761 0
      vertex 28.245 26.3845 0
    endloop
  endfacet
  facet normal 0 0 -1
    outer loop
      vertex 27.455 -25.6606 0
      vertex 39.101 -22.575 0
      vertex 27.5678 -25.7073 0
    endloop
  endfacet
  facet normal 0 0 -1
    outer loop
      vertex 45.15 0 0
      vertex 28.1229 26.1731 0
      vertex 28.1886 26.2761 0
    endloop
  endfacet
  facet normal -0 0 -1
    outer loop
      vertex 39.101 -22.575 0
      vertex 27.455 -25.6606 0
      vertex 40.9198 -19.0812 0
    endloop
  endfacet
  facet normal 0 0 -1
    outer loop
      vertex 45.15 0 0
      vertex 28.0486 26.0762 0
      vertex 28.1229 26.1731 0
    endloop
  endfacet
  facet normal 0 0 -1
    outer loop
      vertex 27.3385 -25.6238 0
      vertex 40.9198 -19.0812 0
      vertex 27.455 -25.6606 0
    endloop
  endfacet
  facet normal 0 0 -1
    outer loop
      vertex 45.15 0 0
      vertex 27.9661 25.9862 0
      vertex 28.0486 26.0762 0
    endloop
  endfacet
  facet normal 0 0 -1
    outer loop
      vertex 27.2192 -25.5974 0
      vertex 40.9198 -19.0812 0
      vertex 27.3385 -25.6238 0
    endloop
  endfacet
  facet normal 0 0 -1
    outer loop
      vertex 45.15 0 0
      vertex 27.876 25.9037 0
      vertex 27.9661 25.9862 0
    endloop
  endfacet
  facet normal -0 0 -1
    outer loop
      vertex 40.9198 -19.0812 0
      vertex 27.2192 -25.5974 0
      vertex 42.4271 -15.4422 0
    endloop
  endfacet
  facet normal 0 0 -1
    outer loop
      vertex 45.15 0 0
      vertex 27.7791 25.8293 0
      vertex 27.876 25.9037 0
    endloop
  endfacet
  facet normal 0 0 -1
    outer loop
      vertex 27.0981 -25.5815 0
      vertex 42.4271 -15.4422 0
      vertex 27.2192 -25.5974 0
    endloop
  endfacet
  facet normal 0 0 -1
    outer loop
      vertex 45.15 0 0
      vertex 27.6761 25.7637 0
      vertex 27.7791 25.8293 0
    endloop
  endfacet
  facet normal 0 0 -1
    outer loop
      vertex 26.9761 -25.5761 0
      vertex 42.4271 -15.4422 0
      vertex 27.0981 -25.5815 0
    endloop
  endfacet
  facet normal 0 0 -1
    outer loop
      vertex 45.15 0 0
      vertex 27.5678 25.7073 0
      vertex 27.6761 25.7637 0
    endloop
  endfacet
  facet normal 0 0 -1
    outer loop
      vertex 11.2763 -4.10424 0
      vertex 42.4271 -15.4422 0
      vertex 26.9761 -25.5761 0
    endloop
  endfacet
  facet normal 0 0 -1
    outer loop
      vertex 11.9543 1.04587 0
      vertex 45.15 0 0
      vertex 12 0 0
    endloop
  endfacet
  facet normal 0 0 -1
    outer loop
      vertex 42.4271 -15.4422 0
      vertex 11.2763 -4.10424 0
      vertex 43.6115 -11.6857 0
    endloop
  endfacet
  facet normal 0 0 -1
    outer loop
      vertex 45.15 0 0
      vertex 27.455 25.6606 0
      vertex 27.5678 25.7073 0
    endloop
  endfacet
  facet normal 0 -0 -1
    outer loop
      vertex 11.8177 -2.08378 0
      vertex 44.4641 -7.84021 0
      vertex 11.5911 -3.10583 0
    endloop
  endfacet
  facet normal 0 0 -1
    outer loop
      vertex 45.15 0 0
      vertex 27.3385 25.6238 0
      vertex 27.455 25.6606 0
    endloop
  endfacet
  facet normal 0 0 -1
    outer loop
      vertex 44.4641 -7.84021 0
      vertex 11.8177 -2.08378 0
      vertex 44.9782 -3.93508 0
    endloop
  endfacet
  facet normal 0 0 -1
    outer loop
      vertex 45.15 0 0
      vertex 27.2192 25.5974 0
      vertex 27.3385 25.6238 0
    endloop
  endfacet
  facet normal 0 0 -1
    outer loop
      vertex 43.6115 -11.6857 0
      vertex 11.5911 -3.10583 0
      vertex 44.4641 -7.84021 0
    endloop
  endfacet
  facet normal 0 0 -1
    outer loop
      vertex 45.15 0 0
      vertex 27.0981 25.5815 0
      vertex 27.2192 25.5974 0
    endloop
  endfacet
  facet normal 0 0 -1
    outer loop
      vertex 11.2763 -4.10424 0
      vertex 26.9761 -25.5761 0
      vertex 26.8541 -25.5815 0
    endloop
  endfacet
  facet normal 0 0 -1
    outer loop
      vertex 11.8177 2.08378 0
      vertex 45.15 0 0
      vertex 11.9543 1.04587 0
    endloop
  endfacet
  facet normal 0 0 -1
    outer loop
      vertex 10.8757 -5.07142 0
      vertex 26.8541 -25.5815 0
      vertex 26.733 -25.5974 0
    endloop
  endfacet
  facet normal 0 0 -1
    outer loop
      vertex 11.5911 3.10583 0
      vertex 45.15 0 0
      vertex 11.8177 2.08378 0
    endloop
  endfacet
  facet normal 0 0 -1
    outer loop
      vertex 10.8757 -5.07142 0
      vertex 26.733 -25.5974 0
      vertex 26.6138 -25.6238 0
    endloop
  endfacet
  facet normal 0 0 -1
    outer loop
      vertex 45.15 0 0
      vertex 11.5911 3.10583 0
      vertex 27.0981 25.5815 0
    endloop
  endfacet
  facet normal 0 0 -1
    outer loop
      vertex 10.3923 -6 0
      vertex 26.6138 -25.6238 0
      vertex 26.4973 -25.6606 0
    endloop
  endfacet
  facet normal 0 0 -1
    outer loop
      vertex 27.0981 25.5815 0
      vertex 11.5911 3.10583 0
      vertex 26.9761 25.5761 0
    endloop
  endfacet
  facet normal 0 0 -1
    outer loop
      vertex 10.3923 -6 0
      vertex 26.4973 -25.6606 0
      vertex 26.3845 -25.7073 0
    endloop
  endfacet
  facet normal 0 0 -1
    outer loop
      vertex 11.2763 4.10424 0
      vertex 26.9761 25.5761 0
      vertex 11.5911 3.10583 0
    endloop
  endfacet
  facet normal 0 0 -1
    outer loop
      vertex 9.82982 -6.88292 0
      vertex 26.3845 -25.7073 0
      vertex 26.2761 -25.7637 0
    endloop
  endfacet
  facet normal -0 0 -1
    outer loop
      vertex 26.9761 25.5761 0
      vertex 11.2763 4.10424 0
      vertex 26.8541 25.5815 0
    endloop
  endfacet
  facet normal 0 0 -1
    outer loop
      vertex 9.19253 -7.71345 0
      vertex 26.2761 -25.7637 0
      vertex 26.1731 -25.8293 0
    endloop
  endfacet
  facet normal 0 0 -1
    outer loop
      vertex 10.8757 5.07142 0
      vertex 26.8541 25.5815 0
      vertex 11.2763 4.10424 0
    endloop
  endfacet
  facet normal 0 0 -1
    outer loop
      vertex 9.19253 -7.71345 0
      vertex 26.1731 -25.8293 0
      vertex 26.0762 -25.9037 0
    endloop
  endfacet
  facet normal -0 0 -1
    outer loop
      vertex 26.8541 25.5815 0
      vertex 10.8757 5.07142 0
      vertex 26.733 25.5974 0
    endloop
  endfacet
  facet normal 0 0 -1
    outer loop
      vertex 8.48528 -8.48528 0
      vertex 26.0762 -25.9037 0
      vertex 25.9862 -25.9862 0
    endloop
  endfacet
  facet normal -0 0 -1
    outer loop
      vertex 26.733 25.5974 0
      vertex 10.8757 5.07142 0
      vertex 26.6138 25.6238 0
    endloop
  endfacet
  facet normal 0 0 -1
    outer loop
      vertex 8.48528 -8.48528 0
      vertex 25.9862 -25.9862 0
      vertex 25.9037 -26.0762 0
    endloop
  endfacet
  facet normal 0 0 -1
    outer loop
      vertex 10.3923 6 0
      vertex 26.6138 25.6238 0
      vertex 10.8757 5.07142 0
    endloop
  endfacet
  facet normal 0 0 -1
    outer loop
      vertex 7.71345 -9.19253 0
      vertex 25.9037 -26.0762 0
      vertex 25.8293 -26.1731 0
    endloop
  endfacet
  facet normal -0 0 -1
    outer loop
      vertex 26.6138 25.6238 0
      vertex 10.3923 6 0
      vertex 26.4973 25.6606 0
    endloop
  endfacet
  facet normal 0 0 -1
    outer loop
      vertex 7.71345 -9.19253 0
      vertex 25.8293 -26.1731 0
      vertex 25.7637 -26.2761 0
    endloop
  endfacet
  facet normal -0 0 -1
    outer loop
      vertex 26.4973 25.6606 0
      vertex 10.3923 6 0
      vertex 26.3845 25.7073 0
    endloop
  endfacet
  facet normal 0 0 -1
    outer loop
      vertex 6.88292 -9.82982 0
      vertex 25.7637 -26.2761 0
      vertex 25.7073 -26.3845 0
    endloop
  endfacet
  facet normal 0 0 -1
    outer loop
      vertex 9.82982 6.88292 0
      vertex 26.3845 25.7073 0
      vertex 10.3923 6 0
    endloop
  endfacet
  facet normal 0 0 -1
    outer loop
      vertex 6 -10.3923 0
      vertex 25.7073 -26.3845 0
      vertex 25.6606 -26.4973 0
    endloop
  endfacet
  facet normal -0 0 -1
    outer loop
      vertex 26.3845 25.7073 0
      vertex 9.82982 6.88292 0
      vertex 26.2761 25.7637 0
    endloop
  endfacet
  facet normal 0 0 -1
    outer loop
      vertex 6 -10.3923 0
      vertex 25.6606 -26.4973 0
      vertex 25.6238 -26.6138 0
    endloop
  endfacet
  facet normal 0 0 -1
    outer loop
      vertex 9.19253 7.71345 0
      vertex 26.2761 25.7637 0
      vertex 9.82982 6.88292 0
    endloop
  endfacet
  facet normal 0 0 -1
    outer loop
      vertex 5.07142 -10.8757 0
      vertex 25.6238 -26.6138 0
      vertex 25.5974 -26.733 0
    endloop
  endfacet
  facet normal -0 0 -1
    outer loop
      vertex 26.2761 25.7637 0
      vertex 9.19253 7.71345 0
      vertex 26.1731 25.8293 0
    endloop
  endfacet
  facet normal 0 0 -1
    outer loop
      vertex 5.07142 -10.8757 0
      vertex 25.5974 -26.733 0
      vertex 25.5815 -26.8541 0
    endloop
  endfacet
  facet normal -0 0 -1
    outer loop
      vertex 26.1731 25.8293 0
      vertex 9.19253 7.71345 0
      vertex 26.0762 25.9037 0
    endloop
  endfacet
  facet normal 0 0 -1
    outer loop
      vertex 4.10424 -11.2763 0
      vertex 25.5815 -26.8541 0
      vertex 25.5761 -26.9761 0
    endloop
  endfacet
  facet normal 0 0 -1
    outer loop
      vertex 8.48528 8.48528 0
      vertex 26.0762 25.9037 0
      vertex 9.19253 7.71345 0
    endloop
  endfacet
  facet normal 0 0 -1
    outer loop
      vertex 28.1229 -26.1731 0
      vertex 36.9847 -25.897 0
      vertex 28.1886 -26.2761 0
    endloop
  endfacet
  facet normal 0 0 -1
    outer loop
      vertex 28.1886 -26.2761 0
      vertex 36.9847 -25.897 0
      vertex 28.245 -26.3845 0
    endloop
  endfacet
  facet normal 0 0 -1
    outer loop
      vertex 28.0486 -26.0762 0
      vertex 36.9847 -25.897 0
      vertex 28.1229 -26.1731 0
    endloop
  endfacet
  facet normal 0 0 -1
    outer loop
      vertex 28.245 -26.3845 0
      vertex 36.9847 -25.897 0
      vertex 28.2917 -26.4973 0
    endloop
  endfacet
  facet normal 0 0 -1
    outer loop
      vertex 45.15 0 0
      vertex 28.3761 26.9761 0
      vertex 44.9782 3.93508 0
    endloop
  endfacet
  facet normal 0 0 -1
    outer loop
      vertex 34.5869 -29.0219 0
      vertex 28.2917 -26.4973 0
      vertex 36.9847 -25.897 0
    endloop
  endfacet
  facet normal 0 0 -1
    outer loop
      vertex 44.9782 3.93508 0
      vertex 28.3761 26.9761 0
      vertex 44.4641 7.84021 0
    endloop
  endfacet
  facet normal 0 0 -1
    outer loop
      vertex 28.2917 -26.4973 0
      vertex 34.5869 -29.0219 0
      vertex 28.3284 -26.6138 0
    endloop
  endfacet
  facet normal 0 0 -1
    outer loop
      vertex 44.4641 7.84021 0
      vertex 28.3761 26.9761 0
      vertex 43.6115 11.6857 0
    endloop
  endfacet
  facet normal 0 0 -1
    outer loop
      vertex 28.3284 -26.6138 0
      vertex 34.5869 -29.0219 0
      vertex 28.3549 -26.733 0
    endloop
  endfacet
  facet normal 0 0 -1
    outer loop
      vertex 43.6115 11.6857 0
      vertex 28.3761 26.9761 0
      vertex 42.4271 15.4422 0
    endloop
  endfacet
  facet normal 0 0 -1
    outer loop
      vertex 28.3549 -26.733 0
      vertex 34.5869 -29.0219 0
      vertex 28.3708 -26.8541 0
    endloop
  endfacet
  facet normal 0 0 -1
    outer loop
      vertex 42.4271 15.4422 0
      vertex 28.3761 26.9761 0
      vertex 40.9198 19.0812 0
    endloop
  endfacet
  facet normal 0 0 -1
    outer loop
      vertex 28.3708 -26.8541 0
      vertex 34.5869 -29.0219 0
      vertex 28.3761 -26.9761 0
    endloop
  endfacet
  facet normal 0 0 -1
    outer loop
      vertex 40.9198 19.0812 0
      vertex 28.3761 26.9761 0
      vertex 39.101 22.575 0
    endloop
  endfacet
  facet normal 0 0 -1
    outer loop
      vertex 28.2917 -27.455 0
      vertex 34.5869 -29.0219 0
      vertex 31.9259 -31.9259 0
    endloop
  endfacet
  facet normal 0 0 -1
    outer loop
      vertex 39.101 22.575 0
      vertex 28.3761 26.9761 0
      vertex 36.9847 25.897 0
    endloop
  endfacet
  facet normal 0 0 -1
    outer loop
      vertex 27.455 -28.2917 0
      vertex 31.9259 -31.9259 0
      vertex 29.0219 -34.5869 0
    endloop
  endfacet
  facet normal 0 0 -1
    outer loop
      vertex 36.9847 25.897 0
      vertex 28.3761 26.9761 0
      vertex 34.5869 29.0219 0
    endloop
  endfacet
  facet normal 0 0 -1
    outer loop
      vertex 28.3708 27.0981 0
      vertex 34.5869 29.0219 0
      vertex 28.3761 26.9761 0
    endloop
  endfacet
  facet normal 0 0 -1
    outer loop
      vertex 34.5869 -29.0219 0
      vertex 28.3708 -27.0981 0
      vertex 28.3761 -26.9761 0
    endloop
  endfacet
  facet normal 0 0 -1
    outer loop
      vertex 34.5869 -29.0219 0
      vertex 28.3549 -27.2192 0
      vertex 28.3708 -27.0981 0
    endloop
  endfacet
  facet normal 0 0 -1
    outer loop
      vertex 34.5869 -29.0219 0
      vertex 28.3284 -27.3385 0
      vertex 28.3549 -27.2192 0
    endloop
  endfacet
  facet normal 0 0 -1
    outer loop
      vertex 34.5869 -29.0219 0
      vertex 28.2917 -27.455 0
      vertex 28.3284 -27.3385 0
    endloop
  endfacet
  facet normal 0 0 -1
    outer loop
      vertex 31.9259 -31.9259 0
      vertex 28.245 -27.5678 0
      vertex 28.2917 -27.455 0
    endloop
  endfacet
  facet normal 0 0 -1
    outer loop
      vertex 31.9259 -31.9259 0
      vertex 28.1886 -27.6761 0
      vertex 28.245 -27.5678 0
    endloop
  endfacet
  facet normal 0 0 -1
    outer loop
      vertex 31.9259 -31.9259 0
      vertex 28.1229 -27.7791 0
      vertex 28.1886 -27.6761 0
    endloop
  endfacet
  facet normal 0 0 -1
    outer loop
      vertex 31.9259 -31.9259 0
      vertex 28.0486 -27.876 0
      vertex 28.1229 -27.7791 0
    endloop
  endfacet
  facet normal 0 0 -1
    outer loop
      vertex 31.9259 -31.9259 0
      vertex 27.9661 -27.9661 0
      vertex 28.0486 -27.876 0
    endloop
  endfacet
  facet normal 0 0 -1
    outer loop
      vertex 31.9259 -31.9259 0
      vertex 27.876 -28.0486 0
      vertex 27.9661 -27.9661 0
    endloop
  endfacet
  facet normal 0 0 -1
    outer loop
      vertex 31.9259 -31.9259 0
      vertex 27.7791 -28.1229 0
      vertex 27.876 -28.0486 0
    endloop
  endfacet
  facet normal 0 0 -1
    outer loop
      vertex 31.9259 -31.9259 0
      vertex 27.6761 -28.1886 0
      vertex 27.7791 -28.1229 0
    endloop
  endfacet
  facet normal 0 0 -1
    outer loop
      vertex 31.9259 -31.9259 0
      vertex 27.5678 -28.245 0
      vertex 27.6761 -28.1886 0
    endloop
  endfacet
  facet normal 0 0 -1
    outer loop
      vertex 31.9259 -31.9259 0
      vertex 27.455 -28.2917 0
      vertex 27.5678 -28.245 0
    endloop
  endfacet
  facet normal 0 0 -1
    outer loop
      vertex 29.0219 -34.5869 0
      vertex 27.3385 -28.3284 0
      vertex 27.455 -28.2917 0
    endloop
  endfacet
  facet normal 0 0 -1
    outer loop
      vertex 29.0219 -34.5869 0
      vertex 27.2192 -28.3549 0
      vertex 27.3385 -28.3284 0
    endloop
  endfacet
  facet normal 0 0 -1
    outer loop
      vertex 29.0219 -34.5869 0
      vertex 27.0981 -28.3708 0
      vertex 27.2192 -28.3549 0
    endloop
  endfacet
  facet normal 0 0 -1
    outer loop
      vertex 29.0219 -34.5869 0
      vertex 26.9761 -28.3761 0
      vertex 27.0981 -28.3708 0
    endloop
  endfacet
  facet normal 0 0 -1
    outer loop
      vertex 29.0219 -34.5869 0
      vertex 26.8541 -28.3708 0
      vertex 26.9761 -28.3761 0
    endloop
  endfacet
  facet normal 0 0 -1
    outer loop
      vertex 29.0219 -34.5869 0
      vertex 26.733 -28.3549 0
      vertex 26.8541 -28.3708 0
    endloop
  endfacet
  facet normal 0 0 -1
    outer loop
      vertex 29.0219 -34.5869 0
      vertex 26.6138 -28.3284 0
      vertex 26.733 -28.3549 0
    endloop
  endfacet
  facet normal 0 0 -1
    outer loop
      vertex 29.0219 -34.5869 0
      vertex 26.4973 -28.2917 0
      vertex 26.6138 -28.3284 0
    endloop
  endfacet
  facet normal 0 0 -1
    outer loop
      vertex 25.897 -36.9847 0
      vertex 26.4973 -28.2917 0
      vertex 29.0219 -34.5869 0
    endloop
  endfacet
  facet normal -0 0 -1
    outer loop
      vertex 26.4973 -28.2917 0
      vertex 25.897 -36.9847 0
      vertex 26.3845 -28.245 0
    endloop
  endfacet
  facet normal -0 0 -1
    outer loop
      vertex 26.3845 -28.245 0
      vertex 25.897 -36.9847 0
      vertex 26.2761 -28.1886 0
    endloop
  endfacet
  facet normal -0 0 -1
    outer loop
      vertex 26.2761 -28.1886 0
      vertex 25.897 -36.9847 0
      vertex 26.1731 -28.1229 0
    endloop
  endfacet
  facet normal -0 0 -1
    outer loop
      vertex 26.1731 -28.1229 0
      vertex 25.897 -36.9847 0
      vertex 26.0762 -28.0486 0
    endloop
  endfacet
  facet normal -0 0 -1
    outer loop
      vertex 26.0762 -28.0486 0
      vertex 25.897 -36.9847 0
      vertex 25.9862 -27.9661 0
    endloop
  endfacet
  facet normal -0 0 -1
    outer loop
      vertex 25.9862 -27.9661 0
      vertex 25.897 -36.9847 0
      vertex 25.9037 -27.876 0
    endloop
  endfacet
  facet normal 0 0 -1
    outer loop
      vertex 22.575 -39.101 0
      vertex 25.9037 -27.876 0
      vertex 25.897 -36.9847 0
    endloop
  endfacet
  facet normal -0 0 -1
    outer loop
      vertex 25.9037 -27.876 0
      vertex 22.575 -39.101 0
      vertex 25.8293 -27.7791 0
    endloop
  endfacet
  facet normal -0 0 -1
    outer loop
      vertex 25.8293 -27.7791 0
      vertex 22.575 -39.101 0
      vertex 25.7637 -27.6761 0
    endloop
  endfacet
  facet normal -0 0 -1
    outer loop
      vertex 25.7637 -27.6761 0
      vertex 22.575 -39.101 0
      vertex 25.7073 -27.5678 0
    endloop
  endfacet
  facet normal -0 0 -1
    outer loop
      vertex 25.7073 -27.5678 0
      vertex 22.575 -39.101 0
      vertex 25.6606 -27.455 0
    endloop
  endfacet
  facet normal 0 0 -1
    outer loop
      vertex 19.0812 -40.9198 0
      vertex 25.6606 -27.455 0
      vertex 22.575 -39.101 0
    endloop
  endfacet
  facet normal -0 0 -1
    outer loop
      vertex 25.6606 -27.455 0
      vertex 19.0812 -40.9198 0
      vertex 25.6238 -27.3385 0
    endloop
  endfacet
  facet normal -0 0 -1
    outer loop
      vertex 25.6238 -27.3385 0
      vertex 19.0812 -40.9198 0
      vertex 25.5974 -27.2192 0
    endloop
  endfacet
  facet normal -0 0 -1
    outer loop
      vertex 25.5974 -27.2192 0
      vertex 15.4422 -42.4271 0
      vertex 25.5815 -27.0981 0
    endloop
  endfacet
  facet normal 0 0 -1
    outer loop
      vertex 15.4422 -42.4271 0
      vertex 25.5974 -27.2192 0
      vertex 19.0812 -40.9198 0
    endloop
  endfacet
  facet normal 0 0 -1
    outer loop
      vertex 28.3549 27.2192 0
      vertex 34.5869 29.0219 0
      vertex 28.3708 27.0981 0
    endloop
  endfacet
  facet normal 0 0 -1
    outer loop
      vertex 28.3284 27.3385 0
      vertex 34.5869 29.0219 0
      vertex 28.3549 27.2192 0
    endloop
  endfacet
  facet normal 0 0 -1
    outer loop
      vertex 28.2917 27.455 0
      vertex 34.5869 29.0219 0
      vertex 28.3284 27.3385 0
    endloop
  endfacet
  facet normal -0 0 -1
    outer loop
      vertex 34.5869 29.0219 0
      vertex 28.2917 27.455 0
      vertex 31.9259 31.9259 0
    endloop
  endfacet
  facet normal 0 0 -1
    outer loop
      vertex 28.245 27.5678 0
      vertex 31.9259 31.9259 0
      vertex 28.2917 27.455 0
    endloop
  endfacet
  facet normal 0 0 -1
    outer loop
      vertex 28.1886 27.6761 0
      vertex 31.9259 31.9259 0
      vertex 28.245 27.5678 0
    endloop
  endfacet
  facet normal 0 0 -1
    outer loop
      vertex 28.1229 27.7791 0
      vertex 31.9259 31.9259 0
      vertex 28.1886 27.6761 0
    endloop
  endfacet
  facet normal 0 0 -1
    outer loop
      vertex 28.0486 27.876 0
      vertex 31.9259 31.9259 0
      vertex 28.1229 27.7791 0
    endloop
  endfacet
  facet normal 0 0 -1
    outer loop
      vertex 27.9661 27.9661 0
      vertex 31.9259 31.9259 0
      vertex 28.0486 27.876 0
    endloop
  endfacet
  facet normal 0 0 -1
    outer loop
      vertex 27.876 28.0486 0
      vertex 31.9259 31.9259 0
      vertex 27.9661 27.9661 0
    endloop
  endfacet
  facet normal 0 0 -1
    outer loop
      vertex 27.7791 28.1229 0
      vertex 31.9259 31.9259 0
      vertex 27.876 28.0486 0
    endloop
  endfacet
  facet normal 0 0 -1
    outer loop
      vertex 27.6761 28.1886 0
      vertex 31.9259 31.9259 0
      vertex 27.7791 28.1229 0
    endloop
  endfacet
  facet normal 0 0 -1
    outer loop
      vertex 27.5678 28.245 0
      vertex 31.9259 31.9259 0
      vertex 27.6761 28.1886 0
    endloop
  endfacet
  facet normal 0 0 -1
    outer loop
      vertex 27.455 28.2917 0
      vertex 31.9259 31.9259 0
      vertex 27.5678 28.245 0
    endloop
  endfacet
  facet normal -0 0 -1
    outer loop
      vertex 31.9259 31.9259 0
      vertex 27.455 28.2917 0
      vertex 29.0219 34.5869 0
    endloop
  endfacet
  facet normal 0 0 -1
    outer loop
      vertex 27.3385 28.3284 0
      vertex 29.0219 34.5869 0
      vertex 27.455 28.2917 0
    endloop
  endfacet
  facet normal 0 0 -1
    outer loop
      vertex 27.2192 28.3549 0
      vertex 29.0219 34.5869 0
      vertex 27.3385 28.3284 0
    endloop
  endfacet
  facet normal 0 0 -1
    outer loop
      vertex 27.0981 28.3708 0
      vertex 29.0219 34.5869 0
      vertex 27.2192 28.3549 0
    endloop
  endfacet
  facet normal 0 0 -1
    outer loop
      vertex 26.9761 28.3761 0
      vertex 29.0219 34.5869 0
      vertex 27.0981 28.3708 0
    endloop
  endfacet
  facet normal 0 0 -1
    outer loop
      vertex 26.8541 28.3708 0
      vertex 29.0219 34.5869 0
      vertex 26.9761 28.3761 0
    endloop
  endfacet
  facet normal 0 0 -1
    outer loop
      vertex 26.733 28.3549 0
      vertex 29.0219 34.5869 0
      vertex 26.8541 28.3708 0
    endloop
  endfacet
  facet normal 0 0 -1
    outer loop
      vertex 26.6138 28.3284 0
      vertex 29.0219 34.5869 0
      vertex 26.733 28.3549 0
    endloop
  endfacet
  facet normal 0 0 -1
    outer loop
      vertex 26.4973 28.2917 0
      vertex 29.0219 34.5869 0
      vertex 26.6138 28.3284 0
    endloop
  endfacet
  facet normal 0 0 -1
    outer loop
      vertex 25.897 36.9847 0
      vertex 26.4973 28.2917 0
      vertex 26.3845 28.245 0
    endloop
  endfacet
  facet normal 0 0 -1
    outer loop
      vertex 25.897 36.9847 0
      vertex 26.3845 28.245 0
      vertex 26.2761 28.1886 0
    endloop
  endfacet
  facet normal 0 0 -1
    outer loop
      vertex 25.897 36.9847 0
      vertex 26.2761 28.1886 0
      vertex 26.1731 28.1229 0
    endloop
  endfacet
  facet normal 0 0 -1
    outer loop
      vertex 25.897 36.9847 0
      vertex 26.1731 28.1229 0
      vertex 26.0762 28.0486 0
    endloop
  endfacet
  facet normal 0 0 -1
    outer loop
      vertex 25.897 36.9847 0
      vertex 26.0762 28.0486 0
      vertex 25.9862 27.9661 0
    endloop
  endfacet
  facet normal 0 0 -1
    outer loop
      vertex 25.897 36.9847 0
      vertex 25.9862 27.9661 0
      vertex 25.9037 27.876 0
    endloop
  endfacet
  facet normal 0 0 -1
    outer loop
      vertex 26.4973 28.2917 0
      vertex 25.897 36.9847 0
      vertex 29.0219 34.5869 0
    endloop
  endfacet
  facet normal 0 0 -1
    outer loop
      vertex 22.575 39.101 0
      vertex 25.9037 27.876 0
      vertex 25.8293 27.7791 0
    endloop
  endfacet
  facet normal 0 0 -1
    outer loop
      vertex 22.575 39.101 0
      vertex 25.8293 27.7791 0
      vertex 25.7637 27.6761 0
    endloop
  endfacet
  facet normal 0 0 -1
    outer loop
      vertex 22.575 39.101 0
      vertex 25.7637 27.6761 0
      vertex 25.7073 27.5678 0
    endloop
  endfacet
  facet normal 0 0 -1
    outer loop
      vertex 22.575 39.101 0
      vertex 25.7073 27.5678 0
      vertex 25.6606 27.455 0
    endloop
  endfacet
  facet normal 0 0 -1
    outer loop
      vertex 19.0812 40.9198 0
      vertex 25.6606 27.455 0
      vertex 25.6238 27.3385 0
    endloop
  endfacet
  facet normal 0 0 -1
    outer loop
      vertex 19.0812 40.9198 0
      vertex 25.6238 27.3385 0
      vertex 25.5974 27.2192 0
    endloop
  endfacet
  facet normal 0 0 -1
    outer loop
      vertex 15.4422 42.4271 0
      vertex 25.5974 27.2192 0
      vertex 25.5815 27.0981 0
    endloop
  endfacet
  facet normal 0 0 -1
    outer loop
      vertex 15.4422 42.4271 0
      vertex 25.5815 27.0981 0
      vertex 25.5761 26.9761 0
    endloop
  endfacet
  facet normal -0 0 -1
    outer loop
      vertex 45.15 0 0
      vertex 11.9543 -1.04587 0
      vertex 12 0 0
    endloop
  endfacet
  facet normal 0 0 -1
    outer loop
      vertex 25.5815 26.8541 0
      vertex 15.4422 42.4271 0
      vertex 25.5761 26.9761 0
    endloop
  endfacet
  facet normal -0 0 -1
    outer loop
      vertex 25.5815 -27.0981 0
      vertex 15.4422 -42.4271 0
      vertex 25.5761 -26.9761 0
    endloop
  endfacet
  facet normal 0 0 -1
    outer loop
      vertex 25.9037 27.876 0
      vertex 22.575 39.101 0
      vertex 25.897 36.9847 0
    endloop
  endfacet
  facet normal 0 0 -1
    outer loop
      vertex 4.10424 -11.2763 0
      vertex 25.5761 -26.9761 0
      vertex 15.4422 -42.4271 0
    endloop
  endfacet
  facet normal 0 0 -1
    outer loop
      vertex 25.6606 27.455 0
      vertex 19.0812 40.9198 0
      vertex 22.575 39.101 0
    endloop
  endfacet
  facet normal 0 0 -1
    outer loop
      vertex 25.5974 27.2192 0
      vertex 15.4422 42.4271 0
      vertex 19.0812 40.9198 0
    endloop
  endfacet
  facet normal 0 0 -1
    outer loop
      vertex 25.5974 26.733 0
      vertex 15.4422 42.4271 0
      vertex 25.5815 26.8541 0
    endloop
  endfacet
  facet normal 0 0 -1
    outer loop
      vertex 44.9782 -3.93508 0
      vertex 11.9543 -1.04587 0
      vertex 45.15 0 0
    endloop
  endfacet
  facet normal 0 0 -1
    outer loop
      vertex 4.10424 -11.2763 0
      vertex 15.4422 -42.4271 0
      vertex 11.6857 -43.6115 0
    endloop
  endfacet
  facet normal 0 -0 -1
    outer loop
      vertex 11.9543 -1.04587 0
      vertex 44.9782 -3.93508 0
      vertex 11.8177 -2.08378 0
    endloop
  endfacet
  facet normal 0 0 -1
    outer loop
      vertex 43.6115 -11.6857 0
      vertex 11.2763 -4.10424 0
      vertex 11.5911 -3.10583 0
    endloop
  endfacet
  facet normal 0 0 -1
    outer loop
      vertex 26.8541 -25.5815 0
      vertex 10.8757 -5.07142 0
      vertex 11.2763 -4.10424 0
    endloop
  endfacet
  facet normal 0 0 -1
    outer loop
      vertex 26.6138 -25.6238 0
      vertex 10.3923 -6 0
      vertex 10.8757 -5.07142 0
    endloop
  endfacet
  facet normal 0 0 -1
    outer loop
      vertex 26.3845 -25.7073 0
      vertex 9.82982 -6.88292 0
      vertex 10.3923 -6 0
    endloop
  endfacet
  facet normal 0 0 -1
    outer loop
      vertex 26.2761 -25.7637 0
      vertex 9.19253 -7.71345 0
      vertex 9.82982 -6.88292 0
    endloop
  endfacet
  facet normal 0 0 -1
    outer loop
      vertex 26.0762 -25.9037 0
      vertex 8.48528 -8.48528 0
      vertex 9.19253 -7.71345 0
    endloop
  endfacet
  facet normal 0 0 -1
    outer loop
      vertex 3.10583 -11.5911 0
      vertex 11.6857 -43.6115 0
      vertex 7.84021 -44.4641 0
    endloop
  endfacet
  facet normal 0 0 -1
    outer loop
      vertex 25.9037 -26.0762 0
      vertex 7.71345 -9.19253 0
      vertex 8.48528 -8.48528 0
    endloop
  endfacet
  facet normal 0 0 -1
    outer loop
      vertex 25.7637 -26.2761 0
      vertex 6.88292 -9.82982 0
      vertex 7.71345 -9.19253 0
    endloop
  endfacet
  facet normal 0 0 -1
    outer loop
      vertex 25.7073 -26.3845 0
      vertex 6 -10.3923 0
      vertex 6.88292 -9.82982 0
    endloop
  endfacet
  facet normal 0 0 -1
    outer loop
      vertex 25.6238 -26.6138 0
      vertex 5.07142 -10.8757 0
      vertex 6 -10.3923 0
    endloop
  endfacet
  facet normal 0 0 -1
    outer loop
      vertex 25.5815 -26.8541 0
      vertex 4.10424 -11.2763 0
      vertex 5.07142 -10.8757 0
    endloop
  endfacet
  facet normal 0 0 -1
    outer loop
      vertex 2.08378 -11.8177 0
      vertex 7.84021 -44.4641 0
      vertex 3.93508 -44.9782 0
    endloop
  endfacet
  facet normal 0 0 -1
    outer loop
      vertex 11.6857 -43.6115 0
      vertex 3.10583 -11.5911 0
      vertex 4.10424 -11.2763 0
    endloop
  endfacet
  facet normal 0 0 -1
    outer loop
      vertex 7.84021 -44.4641 0
      vertex 2.08378 -11.8177 0
      vertex 3.10583 -11.5911 0
    endloop
  endfacet
  facet normal 0 0 -1
    outer loop
      vertex 3.93508 -44.9782 0
      vertex 1.04587 -11.9543 0
      vertex 2.08378 -11.8177 0
    endloop
  endfacet
  facet normal 0 0 -1
    outer loop
      vertex 0 -45.15 0
      vertex 1.04587 -11.9543 0
      vertex 3.93508 -44.9782 0
    endloop
  endfacet
  facet normal 0 0 -1
    outer loop
      vertex 0 -45.15 0
      vertex 0 -12 0
      vertex 1.04587 -11.9543 0
    endloop
  endfacet
  facet normal 0 0 -1
    outer loop
      vertex 0 -45.15 0
      vertex -1.04587 -11.9543 0
      vertex 0 -12 0
    endloop
  endfacet
  facet normal 0 0 -1
    outer loop
      vertex -3.93508 -44.9782 0
      vertex -1.04587 -11.9543 0
      vertex 0 -45.15 0
    endloop
  endfacet
  facet normal -0 0 -1
    outer loop
      vertex -1.04587 -11.9543 0
      vertex -3.93508 -44.9782 0
      vertex -2.08378 -11.8177 0
    endloop
  endfacet
  facet normal 0 0 -1
    outer loop
      vertex -7.84021 -44.4641 0
      vertex -2.08378 -11.8177 0
      vertex -3.93508 -44.9782 0
    endloop
  endfacet
  facet normal -0 0 -1
    outer loop
      vertex -2.08378 -11.8177 0
      vertex -7.84021 -44.4641 0
      vertex -3.10583 -11.5911 0
    endloop
  endfacet
  facet normal 0 0 -1
    outer loop
      vertex -11.6857 -43.6115 0
      vertex -3.10583 -11.5911 0
      vertex -7.84021 -44.4641 0
    endloop
  endfacet
  facet normal -0 0 -1
    outer loop
      vertex -3.10583 -11.5911 0
      vertex -11.6857 -43.6115 0
      vertex -4.10424 -11.2763 0
    endloop
  endfacet
  facet normal 0 0 -1
    outer loop
      vertex -15.4422 -42.4271 0
      vertex -4.10424 -11.2763 0
      vertex -11.6857 -43.6115 0
    endloop
  endfacet
  facet normal 0 0 -1
    outer loop
      vertex -25.5761 -26.9761 0
      vertex -4.10424 -11.2763 0
      vertex -15.4422 -42.4271 0
    endloop
  endfacet
  facet normal 0 0 -1
    outer loop
      vertex -25.5815 -26.8541 0
      vertex -4.10424 -11.2763 0
      vertex -25.5761 -26.9761 0
    endloop
  endfacet
  facet normal -0 0 -1
    outer loop
      vertex -4.10424 -11.2763 0
      vertex -25.5815 -26.8541 0
      vertex -5.07142 -10.8757 0
    endloop
  endfacet
  facet normal 0 0 -1
    outer loop
      vertex -25.5974 -26.733 0
      vertex -5.07142 -10.8757 0
      vertex -25.5815 -26.8541 0
    endloop
  endfacet
  facet normal 0 0 -1
    outer loop
      vertex -25.6238 -26.6138 0
      vertex -5.07142 -10.8757 0
      vertex -25.5974 -26.733 0
    endloop
  endfacet
  facet normal -0 0 -1
    outer loop
      vertex -5.07142 -10.8757 0
      vertex -25.6238 -26.6138 0
      vertex -6 -10.3923 0
    endloop
  endfacet
  facet normal 0 0 -1
    outer loop
      vertex -25.6606 -26.4973 0
      vertex -6 -10.3923 0
      vertex -25.6238 -26.6138 0
    endloop
  endfacet
  facet normal 0 0 -1
    outer loop
      vertex -25.7073 -26.3845 0
      vertex -6 -10.3923 0
      vertex -25.6606 -26.4973 0
    endloop
  endfacet
  facet normal -0 0 -1
    outer loop
      vertex -6 -10.3923 0
      vertex -25.7073 -26.3845 0
      vertex -6.88292 -9.82982 0
    endloop
  endfacet
  facet normal 0 0 -1
    outer loop
      vertex -25.7637 -26.2761 0
      vertex -6.88292 -9.82982 0
      vertex -25.7073 -26.3845 0
    endloop
  endfacet
  facet normal -0 0 -1
    outer loop
      vertex -6.88292 -9.82982 0
      vertex -25.7637 -26.2761 0
      vertex -7.71345 -9.19253 0
    endloop
  endfacet
  facet normal 0 0 -1
    outer loop
      vertex -25.8293 -26.1731 0
      vertex -7.71345 -9.19253 0
      vertex -25.7637 -26.2761 0
    endloop
  endfacet
  facet normal 0 0 -1
    outer loop
      vertex -25.9037 -26.0762 0
      vertex -7.71345 -9.19253 0
      vertex -25.8293 -26.1731 0
    endloop
  endfacet
  facet normal -0 0 -1
    outer loop
      vertex -7.71345 -9.19253 0
      vertex -25.9037 -26.0762 0
      vertex -8.48528 -8.48528 0
    endloop
  endfacet
  facet normal -0.843397 -0.537291 0
    outer loop
      vertex -36.9847 -25.897 0
      vertex -39.101 -22.575 4
      vertex -39.101 -22.575 0
    endloop
  endfacet
  facet normal -0.843397 -0.537291 0
    outer loop
      vertex -39.101 -22.575 4
      vertex -36.9847 -25.897 0
      vertex -36.9847 -25.897 4
    endloop
  endfacet
  facet normal -0.608758 -0.793356 0
    outer loop
      vertex -29.0219 -34.5869 0
      vertex -25.897 -36.9847 4
      vertex -29.0219 -34.5869 4
    endloop
  endfacet
  facet normal -0.608758 -0.793356 -0
    outer loop
      vertex -25.897 -36.9847 4
      vertex -29.0219 -34.5869 0
      vertex -25.897 -36.9847 0
    endloop
  endfacet
  facet normal 0.991443 0.130538 0
    outer loop
      vertex 34.0201 2.97637 40
      vertex 33.6312 5.93009 4
      vertex 33.6312 5.93009 40
    endloop
  endfacet
  facet normal 0.991443 0.130538 0
    outer loop
      vertex 33.6312 5.93009 4
      vertex 34.0201 2.97637 40
      vertex 34.0201 2.97637 4
    endloop
  endfacet
  facet normal 0.999049 0.0435979 0
    outer loop
      vertex 34.0201 2.97637 40
      vertex 34.0758 1.7 25
      vertex 34.0201 2.97637 4
    endloop
  endfacet
  facet normal 0.999008 0.0445204 -7.86479e-05
    outer loop
      vertex 34.0201 2.97637 40
      vertex 34.0761 1.69353 25.1482
      vertex 34.0758 1.7 25
    endloop
  endfacet
  facet normal 0.999109 0.0422079 0.000121477
    outer loop
      vertex 34.0201 2.97637 40
      vertex 34.0769 1.67417 25.2952
      vertex 34.0761 1.69353 25.1482
    endloop
  endfacet
  facet normal 0.99905 0.0435736 3.02475e-07
    outer loop
      vertex 34.0201 2.97637 40
      vertex 34.0783 1.64207 25.44
      vertex 34.0769 1.67417 25.2952
    endloop
  endfacet
  facet normal 0.999008 0.0445309 -8.75869e-05
    outer loop
      vertex 34.0201 2.97637 40
      vertex 34.0803 1.59748 25.5814
      vertex 34.0783 1.64207 25.44
    endloop
  endfacet
  facet normal 0.999096 0.0425029 0.000106724
    outer loop
      vertex 34.0201 2.97637 40
      vertex 34.0827 1.54072 25.7185
      vertex 34.0803 1.59748 25.5814
    endloop
  endfacet
  facet normal 0.999043 0.0437334 -1.72121e-05
    outer loop
      vertex 34.0201 2.97637 40
      vertex 34.0857 1.47224 25.85
      vertex 34.0827 1.54072 25.7185
    endloop
  endfacet
  facet normal 0.999039 0.0438388 -2.84356e-05
    outer loop
      vertex 34.0201 2.97637 40
      vertex 34.0892 1.39256 25.9751
      vertex 34.0857 1.47224 25.85
    endloop
  endfacet
  facet normal 0.999066 0.0432095 4.27671e-05
    outer loop
      vertex 34.0201 2.97637 40
      vertex 34.0931 1.30227 26.0927
      vertex 34.0892 1.39256 25.9751
    endloop
  endfacet
  facet normal 0.999039 0.0438382 -3.30601e-05
    outer loop
      vertex 34.0201 2.97637 40
      vertex 34.0975 1.20208 26.2021
      vertex 34.0931 1.30227 26.0927
    endloop
  endfacet
  facet normal 0.999039 0.0438284 -3.17973e-05
    outer loop
      vertex 34.0201 2.97637 40
      vertex 34.1023 1.09274 26.3023
      vertex 34.0975 1.20208 26.2021
    endloop
  endfacet
  facet normal 0.999061 0.0433325 3.65244e-05
    outer loop
      vertex 34.0201 2.97637 40
      vertex 34.1074 0.97508 26.3926
      vertex 34.1023 1.09274 26.3023
    endloop
  endfacet
  facet normal 0.999036 0.0438992 -4.69768e-05
    outer loop
      vertex 34.0201 2.97637 40
      vertex 34.1129 0.849999 26.4722
      vertex 34.1074 0.97508 26.3926
    endloop
  endfacet
  facet normal 0.999062 0.0433131 4.53237e-05
    outer loop
      vertex 34.0201 2.97637 40
      vertex 34.1186 0.718451 26.5407
      vertex 34.1129 0.849999 26.4722
    endloop
  endfacet
  facet normal 0.999043 0.0437372 -2.59539e-05
    outer loop
      vertex 34.0201 2.97637 40
      vertex 34.1246 0.581433 26.5975
      vertex 34.1186 0.718451 26.5407
    endloop
  endfacet
  facet normal 0.999041 0.0437818 -3.39378e-05
    outer loop
      vertex 34.0201 2.97637 40
      vertex 34.1308 0.439992 26.6421
      vertex 34.1246 0.581433 26.5975
    endloop
  endfacet
  facet normal 0.999055 0.0434753 2.43787e-05
    outer loop
      vertex 34.0201 2.97637 40
      vertex 34.1371 0.295201 26.6742
      vertex 34.1308 0.439992 26.6421
    endloop
  endfacet
  facet normal 0.999049 0.0436023 -1.22324e-06
    outer loop
      vertex 34.15 0 40
      vertex 34.1371 0.295201 26.6742
      vertex 34.0201 2.97637 40
    endloop
  endfacet
  facet normal 0.999054 0.0434851 -3.82404e-06
    outer loop
      vertex 34.1371 0.295201 26.6742
      vertex 34.15 0 40
      vertex 34.1435 0.148165 26.6935
    endloop
  endfacet
  facet normal 0.999039 0.0438279 0
    outer loop
      vertex 34.1435 0.148165 26.6935
      vertex 34.15 0 40
      vertex 34.15 0 26.7
    endloop
  endfacet
  facet normal 0.998999 0.0447351 6.92539e-05
    outer loop
      vertex 34.0761 1.69353 24.8518
      vertex 34.0201 2.97637 4
      vertex 34.0758 1.7 25
    endloop
  endfacet
  facet normal 0.999116 0.0420273 -9.76531e-05
    outer loop
      vertex 34.0769 1.67417 24.7048
      vertex 34.0201 2.97637 4
      vertex 34.0761 1.69353 24.8518
    endloop
  endfacet
  facet normal 0.99905 0.0435733 -2.34194e-07
    outer loop
      vertex 34.0783 1.64207 24.56
      vertex 34.0201 2.97637 4
      vertex 34.0769 1.67417 24.7048
    endloop
  endfacet
  facet normal 0.999005 0.044598 6.63888e-05
    outer loop
      vertex 34.0803 1.59748 24.4186
      vertex 34.0201 2.97637 4
      vertex 34.0783 1.64207 24.56
    endloop
  endfacet
  facet normal 0.999099 0.0424379 -7.97616e-05
    outer loop
      vertex 34.0827 1.54072 24.2815
      vertex 34.0201 2.97637 4
      vertex 34.0803 1.59748 24.4186
    endloop
  endfacet
  facet normal 0.999043 0.043742 1.27294e-05
    outer loop
      vertex 34.0857 1.47224 24.15
      vertex 34.0201 2.97637 4
      vertex 34.0827 1.54072 24.2815
    endloop
  endfacet
  facet normal 0.999038 0.0438507 2.08567e-05
    outer loop
      vertex 34.0892 1.39256 24.0249
      vertex 34.0201 2.97637 4
      vertex 34.0857 1.47224 24.15
    endloop
  endfacet
  facet normal 0.999067 0.0431944 -3.11497e-05
    outer loop
      vertex 34.0931 1.30227 23.9073
      vertex 34.0201 2.97637 4
      vertex 34.0892 1.39256 24.0249
    endloop
  endfacet
  facet normal 0.999038 0.0438482 2.39339e-05
    outer loop
      vertex 34.0975 1.20208 23.7979
      vertex 34.0201 2.97637 4
      vertex 34.0931 1.30227 23.9073
    endloop
  endfacet
  facet normal 0.999039 0.0438366 2.28921e-05
    outer loop
      vertex 34.1023 1.09274 23.6977
      vertex 34.0201 2.97637 4
      vertex 34.0975 1.20208 23.7979
    endloop
  endfacet
  facet normal 0.999061 0.0433246 -2.61596e-05
    outer loop
      vertex 34.1074 0.97508 23.6074
      vertex 34.0201 2.97637 4
      vertex 34.1023 1.09274 23.6977
    endloop
  endfacet
  facet normal 0.999036 0.0439078 3.34784e-05
    outer loop
      vertex 34.1129 0.849999 23.5278
      vertex 34.0201 2.97637 4
      vertex 34.1074 0.97508 23.6074
    endloop
  endfacet
  facet normal 0.999062 0.0433063 -3.21451e-05
    outer loop
      vertex 34.1186 0.718451 23.4593
      vertex 34.0201 2.97637 4
      vertex 34.1129 0.849999 23.5278
    endloop
  endfacet
  facet normal 0.999043 0.0437404 1.83187e-05
    outer loop
      vertex 34.1246 0.581433 23.4025
      vertex 34.0201 2.97637 4
      vertex 34.1186 0.718451 23.4593
    endloop
  endfacet
  facet normal 0.999041 0.043785 2.38361e-05
    outer loop
      vertex 34.1308 0.439992 23.3579
      vertex 34.0201 2.97637 4
      vertex 34.1246 0.581433 23.4025
    endloop
  endfacet
  facet normal 0.999055 0.0434736 -1.70358e-05
    outer loop
      vertex 34.1371 0.295201 23.3258
      vertex 34.0201 2.97637 4
      vertex 34.1308 0.439992 23.3579
    endloop
  endfacet
  facet normal 0.999054 0.0434876 -1.50999e-05
    outer loop
      vertex 34.1435 0.148165 23.3065
      vertex 34.0201 2.97637 4
      vertex 34.1371 0.295201 23.3258
    endloop
  endfacet
  facet normal 0.999039 0.0438279 -0
    outer loop
      vertex 34.15 0 4
      vertex 34.1435 0.148165 23.3065
      vertex 34.15 0 23.3
    endloop
  endfacet
  facet normal 0.999049 0.0436023 1.73461e-06
    outer loop
      vertex 34.1435 0.148165 23.3065
      vertex 34.15 0 4
      vertex 34.0201 2.97637 4
    endloop
  endfacet
  facet normal 0.976297 0.216434 0
    outer loop
      vertex 33.6312 5.93009 40
      vertex 32.9864 8.83867 4
      vertex 32.9864 8.83867 40
    endloop
  endfacet
  facet normal 0.976297 0.216434 0
    outer loop
      vertex 32.9864 8.83867 4
      vertex 33.6312 5.93009 40
      vertex 33.6312 5.93009 4
    endloop
  endfacet
  facet normal 0.216434 -0.976297 0
    outer loop
      vertex 5.93009 -33.6312 4
      vertex 8.83867 -32.9864 40
      vertex 5.93009 -33.6312 40
    endloop
  endfacet
  facet normal 0.216434 -0.976297 0
    outer loop
      vertex 8.83867 -32.9864 40
      vertex 5.93009 -33.6312 4
      vertex 8.83867 -32.9864 4
    endloop
  endfacet
  facet normal -0.216434 0.976297 0
    outer loop
      vertex -5.93009 33.6312 4
      vertex -8.83867 32.9864 40
      vertex -5.93009 33.6312 40
    endloop
  endfacet
  facet normal -0.216434 0.976297 0
    outer loop
      vertex -8.83867 32.9864 40
      vertex -5.93009 33.6312 4
      vertex -8.83867 32.9864 4
    endloop
  endfacet
  facet normal -0.887018 -0.461735 0
    outer loop
      vertex -29.5748 -17.075 4
      vertex -30.9504 -14.4324 40
      vertex -30.9504 -14.4324 4
    endloop
  endfacet
  facet normal -0.887018 -0.461735 0
    outer loop
      vertex -30.9504 -14.4324 40
      vertex -29.5748 -17.075 4
      vertex -29.5748 -17.075 40
    endloop
  endfacet
  facet normal -0.887018 0.461735 0
    outer loop
      vertex -30.9504 14.4324 4
      vertex -29.5748 17.075 40
      vertex -29.5748 17.075 4
    endloop
  endfacet
  facet normal -0.887018 0.461735 0
    outer loop
      vertex -29.5748 17.075 40
      vertex -30.9504 14.4324 4
      vertex -30.9504 14.4324 40
    endloop
  endfacet
  facet normal -0.537323 -0.843377 0
    outer loop
      vertex -19.5876 -27.974 4
      vertex -17.075 -29.5748 40
      vertex -19.5876 -27.974 40
    endloop
  endfacet
  facet normal -0.537323 -0.843377 -0
    outer loop
      vertex -17.075 -29.5748 40
      vertex -19.5876 -27.974 4
      vertex -17.075 -29.5748 4
    endloop
  endfacet
  facet normal -0.537323 0.843377 0
    outer loop
      vertex -17.075 29.5748 4
      vertex -19.5876 27.974 40
      vertex -17.075 29.5748 40
    endloop
  endfacet
  facet normal -0.537323 0.843377 0
    outer loop
      vertex -19.5876 27.974 40
      vertex -17.075 29.5748 4
      vertex -19.5876 27.974 4
    endloop
  endfacet
  facet normal 0.130538 -0.991443 0
    outer loop
      vertex 2.97637 -34.0201 4
      vertex 5.93009 -33.6312 40
      vertex 2.97637 -34.0201 40
    endloop
  endfacet
  facet normal 0.130538 -0.991443 0
    outer loop
      vertex 5.93009 -33.6312 40
      vertex 2.97637 -34.0201 4
      vertex 5.93009 -33.6312 4
    endloop
  endfacet
  facet normal -0.737281 0.675586 0
    outer loop
      vertex -26.1604 21.9512 4
      vertex -24.1477 24.1477 40
      vertex -24.1477 24.1477 4
    endloop
  endfacet
  facet normal -0.737281 0.675586 0
    outer loop
      vertex -24.1477 24.1477 40
      vertex -26.1604 21.9512 4
      vertex -26.1604 21.9512 40
    endloop
  endfacet
  facet normal 0.675586 0.737281 -0
    outer loop
      vertex 24.1477 24.1477 4
      vertex 21.9512 26.1604 40
      vertex 24.1477 24.1477 40
    endloop
  endfacet
  facet normal 0.675586 0.737281 0
    outer loop
      vertex 21.9512 26.1604 40
      vertex 24.1477 24.1477 4
      vertex 21.9512 26.1604 4
    endloop
  endfacet
  facet normal -0.923877 -0.382689 0
    outer loop
      vertex -30.9504 -14.4324 4
      vertex -32.0905 -11.68 40
      vertex -32.0905 -11.68 4
    endloop
  endfacet
  facet normal -0.923877 -0.382689 0
    outer loop
      vertex -32.0905 -11.68 40
      vertex -30.9504 -14.4324 4
      vertex -30.9504 -14.4324 40
    endloop
  endfacet
  facet normal 0.737281 -0.675586 0
    outer loop
      vertex 24.1477 -24.1477 40
      vertex 26.1604 -21.9512 4
      vertex 26.1604 -21.9512 40
    endloop
  endfacet
  facet normal 0.737281 -0.675586 0
    outer loop
      vertex 26.1604 -21.9512 4
      vertex 24.1477 -24.1477 40
      vertex 24.1477 -24.1477 4
    endloop
  endfacet
  facet normal 0.843377 0.537323 0
    outer loop
      vertex 29.5748 17.075 40
      vertex 27.974 19.5876 4
      vertex 27.974 19.5876 40
    endloop
  endfacet
  facet normal 0.843377 0.537323 0
    outer loop
      vertex 27.974 19.5876 4
      vertex 29.5748 17.075 40
      vertex 29.5748 17.075 4
    endloop
  endfacet
  facet normal 0.887018 0.461735 0
    outer loop
      vertex 30.9504 14.4324 40
      vertex 29.5748 17.075 4
      vertex 29.5748 17.075 40
    endloop
  endfacet
  facet normal 0.887018 0.461735 0
    outer loop
      vertex 29.5748 17.075 4
      vertex 30.9504 14.4324 40
      vertex 30.9504 14.4324 4
    endloop
  endfacet
  facet normal 0.382689 0.923877 -0
    outer loop
      vertex 14.4324 30.9504 4
      vertex 11.68 32.0905 40
      vertex 14.4324 30.9504 40
    endloop
  endfacet
  facet normal 0.382689 0.923877 0
    outer loop
      vertex 11.68 32.0905 40
      vertex 14.4324 30.9504 4
      vertex 11.68 32.0905 4
    endloop
  endfacet
  facet normal 0.793362 -0.60875 0
    outer loop
      vertex 26.1604 -21.9512 40
      vertex 27.974 -19.5876 4
      vertex 27.974 -19.5876 40
    endloop
  endfacet
  facet normal 0.793362 -0.60875 0
    outer loop
      vertex 27.974 -19.5876 4
      vertex 26.1604 -21.9512 40
      vertex 26.1604 -21.9512 4
    endloop
  endfacet
  facet normal 0.976297 -0.216434 0
    outer loop
      vertex 32.9864 -8.83867 40
      vertex 33.6312 -5.93009 4
      vertex 33.6312 -5.93009 40
    endloop
  endfacet
  facet normal 0.976297 -0.216434 0
    outer loop
      vertex 33.6312 -5.93009 4
      vertex 32.9864 -8.83867 40
      vertex 32.9864 -8.83867 4
    endloop
  endfacet
  facet normal -0.793362 -0.60875 0
    outer loop
      vertex -26.1604 -21.9512 4
      vertex -27.974 -19.5876 40
      vertex -27.974 -19.5876 4
    endloop
  endfacet
  facet normal -0.793362 -0.60875 0
    outer loop
      vertex -27.974 -19.5876 40
      vertex -26.1604 -21.9512 4
      vertex -26.1604 -21.9512 40
    endloop
  endfacet
  facet normal 0.537323 0.843377 -0
    outer loop
      vertex 19.5876 27.974 4
      vertex 17.075 29.5748 40
      vertex 19.5876 27.974 40
    endloop
  endfacet
  facet normal 0.537323 0.843377 0
    outer loop
      vertex 17.075 29.5748 40
      vertex 19.5876 27.974 4
      vertex 17.075 29.5748 4
    endloop
  endfacet
  facet normal 0.60875 0.793362 -0
    outer loop
      vertex 21.9512 26.1604 4
      vertex 19.5876 27.974 40
      vertex 21.9512 26.1604 40
    endloop
  endfacet
  facet normal 0.60875 0.793362 0
    outer loop
      vertex 19.5876 27.974 40
      vertex 21.9512 26.1604 4
      vertex 19.5876 27.974 4
    endloop
  endfacet
  facet normal -0.60875 0.793362 0
    outer loop
      vertex -19.5876 27.974 4
      vertex -21.9512 26.1604 40
      vertex -19.5876 27.974 40
    endloop
  endfacet
  facet normal -0.60875 0.793362 0
    outer loop
      vertex -21.9512 26.1604 40
      vertex -19.5876 27.974 4
      vertex -21.9512 26.1604 4
    endloop
  endfacet
  facet normal 0.953714 0.300716 0
    outer loop
      vertex 32.9864 8.83867 40
      vertex 32.0905 11.68 4
      vertex 32.0905 11.68 40
    endloop
  endfacet
  facet normal 0.953714 0.300716 0
    outer loop
      vertex 32.0905 11.68 4
      vertex 32.9864 8.83867 40
      vertex 32.9864 8.83867 4
    endloop
  endfacet
  facet normal 0.923877 -0.382689 0
    outer loop
      vertex 30.9504 -14.4324 40
      vertex 32.0905 -11.68 4
      vertex 32.0905 -11.68 40
    endloop
  endfacet
  facet normal 0.923877 -0.382689 0
    outer loop
      vertex 32.0905 -11.68 4
      vertex 30.9504 -14.4324 40
      vertex 30.9504 -14.4324 4
    endloop
  endfacet
  facet normal 0.461735 0.887018 -0
    outer loop
      vertex 17.075 29.5748 4
      vertex 14.4324 30.9504 40
      vertex 17.075 29.5748 40
    endloop
  endfacet
  facet normal 0.461735 0.887018 0
    outer loop
      vertex 14.4324 30.9504 40
      vertex 17.075 29.5748 4
      vertex 14.4324 30.9504 4
    endloop
  endfacet
  facet normal -0.793362 0.60875 0
    outer loop
      vertex -27.974 19.5876 4
      vertex -26.1604 21.9512 40
      vertex -26.1604 21.9512 4
    endloop
  endfacet
  facet normal -0.793362 0.60875 0
    outer loop
      vertex -26.1604 21.9512 40
      vertex -27.974 19.5876 4
      vertex -27.974 19.5876 40
    endloop
  endfacet
  facet normal -0.991443 0.130538 0
    outer loop
      vertex -34.0201 2.97637 4
      vertex -33.6312 5.93009 40
      vertex -33.6312 5.93009 4
    endloop
  endfacet
  facet normal -0.991443 0.130538 0
    outer loop
      vertex -33.6312 5.93009 40
      vertex -34.0201 2.97637 4
      vertex -34.0201 2.97637 40
    endloop
  endfacet
  facet normal -0.60875 -0.793362 0
    outer loop
      vertex -21.9512 -26.1604 4
      vertex -19.5876 -27.974 40
      vertex -21.9512 -26.1604 40
    endloop
  endfacet
  facet normal -0.60875 -0.793362 -0
    outer loop
      vertex -19.5876 -27.974 40
      vertex -21.9512 -26.1604 4
      vertex -19.5876 -27.974 4
    endloop
  endfacet
  facet normal 0.537323 -0.843377 0
    outer loop
      vertex 17.075 -29.5748 4
      vertex 19.5876 -27.974 40
      vertex 17.075 -29.5748 40
    endloop
  endfacet
  facet normal 0.537323 -0.843377 0
    outer loop
      vertex 19.5876 -27.974 40
      vertex 17.075 -29.5748 4
      vertex 19.5876 -27.974 4
    endloop
  endfacet
  facet normal 0.0436023 0.999049 -0
    outer loop
      vertex 2.97637 34.0201 4
      vertex 0 34.15 40
      vertex 2.97637 34.0201 40
    endloop
  endfacet
  facet normal 0.0436023 0.999049 0
    outer loop
      vertex 0 34.15 40
      vertex 2.97637 34.0201 4
      vertex 0 34.15 4
    endloop
  endfacet
  facet normal 0.461735 -0.887018 0
    outer loop
      vertex 14.4324 -30.9504 4
      vertex 17.075 -29.5748 40
      vertex 14.4324 -30.9504 40
    endloop
  endfacet
  facet normal 0.461735 -0.887018 0
    outer loop
      vertex 17.075 -29.5748 40
      vertex 14.4324 -30.9504 4
      vertex 17.075 -29.5748 4
    endloop
  endfacet
  facet normal -0.216434 -0.976297 0
    outer loop
      vertex -8.83867 -32.9864 4
      vertex -5.93009 -33.6312 40
      vertex -8.83867 -32.9864 40
    endloop
  endfacet
  facet normal -0.216434 -0.976297 -0
    outer loop
      vertex -5.93009 -33.6312 40
      vertex -8.83867 -32.9864 4
      vertex -5.93009 -33.6312 4
    endloop
  endfacet
  facet normal 0.0436023 -0.999049 0
    outer loop
      vertex 0 -34.15 4
      vertex 2.97637 -34.0201 40
      vertex 0 -34.15 40
    endloop
  endfacet
  facet normal 0.0436023 -0.999049 0
    outer loop
      vertex 2.97637 -34.0201 40
      vertex 0 -34.15 4
      vertex 2.97637 -34.0201 4
    endloop
  endfacet
  facet normal 0.953714 -0.300716 0
    outer loop
      vertex 32.0905 -11.68 40
      vertex 32.9864 -8.83867 4
      vertex 32.9864 -8.83867 40
    endloop
  endfacet
  facet normal 0.953714 -0.300716 0
    outer loop
      vertex 32.9864 -8.83867 4
      vertex 32.0905 -11.68 40
      vertex 32.0905 -11.68 4
    endloop
  endfacet
  facet normal -0.923877 0.382689 0
    outer loop
      vertex -32.0905 11.68 4
      vertex -30.9504 14.4324 40
      vertex -30.9504 14.4324 4
    endloop
  endfacet
  facet normal -0.923877 0.382689 0
    outer loop
      vertex -30.9504 14.4324 40
      vertex -32.0905 11.68 4
      vertex -32.0905 11.68 40
    endloop
  endfacet
  facet normal -0.130538 0.991443 0
    outer loop
      vertex -2.97637 34.0201 4
      vertex -5.93009 33.6312 40
      vertex -2.97637 34.0201 40
    endloop
  endfacet
  facet normal -0.130538 0.991443 0
    outer loop
      vertex -5.93009 33.6312 40
      vertex -2.97637 34.0201 4
      vertex -5.93009 33.6312 4
    endloop
  endfacet
  facet normal -0.130538 -0.991443 0
    outer loop
      vertex -5.93009 -33.6312 4
      vertex -2.97637 -34.0201 40
      vertex -5.93009 -33.6312 40
    endloop
  endfacet
  facet normal -0.130538 -0.991443 -0
    outer loop
      vertex -2.97637 -34.0201 40
      vertex -5.93009 -33.6312 4
      vertex -2.97637 -34.0201 4
    endloop
  endfacet
  facet normal -0.461735 -0.887018 0
    outer loop
      vertex -17.075 -29.5748 4
      vertex -14.4324 -30.9504 40
      vertex -17.075 -29.5748 40
    endloop
  endfacet
  facet normal -0.461735 -0.887018 -0
    outer loop
      vertex -14.4324 -30.9504 40
      vertex -17.075 -29.5748 4
      vertex -14.4324 -30.9504 4
    endloop
  endfacet
  facet normal -0.953714 -0.300716 0
    outer loop
      vertex -32.0905 -11.68 4
      vertex -32.9864 -8.83867 40
      vertex -32.9864 -8.83867 4
    endloop
  endfacet
  facet normal -0.953714 -0.300716 0
    outer loop
      vertex -32.9864 -8.83867 40
      vertex -32.0905 -11.68 4
      vertex -32.0905 -11.68 40
    endloop
  endfacet
  facet normal 0.923877 0.382689 0
    outer loop
      vertex 32.0905 11.68 40
      vertex 30.9504 14.4324 4
      vertex 30.9504 14.4324 40
    endloop
  endfacet
  facet normal 0.923877 0.382689 0
    outer loop
      vertex 30.9504 14.4324 4
      vertex 32.0905 11.68 40
      vertex 32.0905 11.68 4
    endloop
  endfacet
  facet normal 0.999039 -0.0438279 0
    outer loop
      vertex 34.15 0 40
      vertex 34.1435 -0.148165 26.6935
      vertex 34.15 0 26.7
    endloop
  endfacet
  facet normal 0.999054 -0.0434851 -3.82404e-06
    outer loop
      vertex 34.15 0 40
      vertex 34.1371 -0.295201 26.6742
      vertex 34.1435 -0.148165 26.6935
    endloop
  endfacet
  facet normal 0.999049 -0.0436023 -1.22324e-06
    outer loop
      vertex 34.0201 -2.97637 40
      vertex 34.1371 -0.295201 26.6742
      vertex 34.15 0 40
    endloop
  endfacet
  facet normal 0.999055 -0.0434753 2.43787e-05
    outer loop
      vertex 34.1371 -0.295201 26.6742
      vertex 34.0201 -2.97637 40
      vertex 34.1308 -0.439992 26.6421
    endloop
  endfacet
  facet normal 0.999041 -0.0437818 -3.39378e-05
    outer loop
      vertex 34.1308 -0.439992 26.6421
      vertex 34.0201 -2.97637 40
      vertex 34.1246 -0.581433 26.5975
    endloop
  endfacet
  facet normal 0.999043 -0.0437372 -2.59539e-05
    outer loop
      vertex 34.1246 -0.581433 26.5975
      vertex 34.0201 -2.97637 40
      vertex 34.1186 -0.718451 26.5407
    endloop
  endfacet
  facet normal 0.999062 -0.0433131 4.53237e-05
    outer loop
      vertex 34.1186 -0.718451 26.5407
      vertex 34.0201 -2.97637 40
      vertex 34.1129 -0.849999 26.4722
    endloop
  endfacet
  facet normal 0.999036 -0.0438992 -4.69768e-05
    outer loop
      vertex 34.1129 -0.849999 26.4722
      vertex 34.0201 -2.97637 40
      vertex 34.1074 -0.97508 26.3926
    endloop
  endfacet
  facet normal 0.999061 -0.0433325 3.65244e-05
    outer loop
      vertex 34.1074 -0.97508 26.3926
      vertex 34.0201 -2.97637 40
      vertex 34.1023 -1.09274 26.3023
    endloop
  endfacet
  facet normal 0.999039 -0.0438284 -3.17973e-05
    outer loop
      vertex 34.1023 -1.09274 26.3023
      vertex 34.0201 -2.97637 40
      vertex 34.0975 -1.20208 26.2021
    endloop
  endfacet
  facet normal 0.999039 -0.0438382 -3.30601e-05
    outer loop
      vertex 34.0975 -1.20208 26.2021
      vertex 34.0201 -2.97637 40
      vertex 34.0931 -1.30227 26.0927
    endloop
  endfacet
  facet normal 0.999066 -0.0432095 4.27671e-05
    outer loop
      vertex 34.0931 -1.30227 26.0927
      vertex 34.0201 -2.97637 40
      vertex 34.0892 -1.39256 25.9751
    endloop
  endfacet
  facet normal 0.999039 -0.0438388 -2.84356e-05
    outer loop
      vertex 34.0892 -1.39256 25.9751
      vertex 34.0201 -2.97637 40
      vertex 34.0857 -1.47224 25.85
    endloop
  endfacet
  facet normal 0.999043 -0.0437334 -1.72121e-05
    outer loop
      vertex 34.0857 -1.47224 25.85
      vertex 34.0201 -2.97637 40
      vertex 34.0827 -1.54072 25.7185
    endloop
  endfacet
  facet normal 0.999096 -0.0425029 0.000106724
    outer loop
      vertex 34.0827 -1.54072 25.7185
      vertex 34.0201 -2.97637 40
      vertex 34.0803 -1.59748 25.5814
    endloop
  endfacet
  facet normal 0.999008 -0.0445309 -8.75869e-05
    outer loop
      vertex 34.0803 -1.59748 25.5814
      vertex 34.0201 -2.97637 40
      vertex 34.0783 -1.64207 25.44
    endloop
  endfacet
  facet normal 0.99905 -0.0435736 3.02475e-07
    outer loop
      vertex 34.0783 -1.64207 25.44
      vertex 34.0201 -2.97637 40
      vertex 34.0769 -1.67417 25.2952
    endloop
  endfacet
  facet normal 0.999008 -0.0445204 -7.86479e-05
    outer loop
      vertex 34.0761 -1.69353 25.1482
      vertex 34.0201 -2.97637 40
      vertex 34.0758 -1.7 25
    endloop
  endfacet
  facet normal 0.999109 -0.0422079 0.000121477
    outer loop
      vertex 34.0769 -1.67417 25.2952
      vertex 34.0201 -2.97637 40
      vertex 34.0761 -1.69353 25.1482
    endloop
  endfacet
  facet normal 0.999039 -0.0438279 0
    outer loop
      vertex 34.1435 -0.148165 23.3065
      vertex 34.15 0 4
      vertex 34.15 0 23.3
    endloop
  endfacet
  facet normal 0.999054 -0.0434852 2.63442e-06
    outer loop
      vertex 34.1371 -0.295201 23.3258
      vertex 34.15 0 4
      vertex 34.1435 -0.148165 23.3065
    endloop
  endfacet
  facet normal 0.999055 -0.0434736 -1.70358e-05
    outer loop
      vertex 34.0201 -2.97637 4
      vertex 34.1371 -0.295201 23.3258
      vertex 34.1308 -0.439992 23.3579
    endloop
  endfacet
  facet normal 0.999041 -0.043785 2.38361e-05
    outer loop
      vertex 34.0201 -2.97637 4
      vertex 34.1308 -0.439992 23.3579
      vertex 34.1246 -0.581433 23.4025
    endloop
  endfacet
  facet normal 0.999043 -0.0437404 1.83187e-05
    outer loop
      vertex 34.0201 -2.97637 4
      vertex 34.1246 -0.581433 23.4025
      vertex 34.1186 -0.718451 23.4593
    endloop
  endfacet
  facet normal 0.999062 -0.0433063 -3.21451e-05
    outer loop
      vertex 34.0201 -2.97637 4
      vertex 34.1186 -0.718451 23.4593
      vertex 34.1129 -0.849999 23.5278
    endloop
  endfacet
  facet normal 0.999036 -0.0439078 3.34784e-05
    outer loop
      vertex 34.0201 -2.97637 4
      vertex 34.1129 -0.849999 23.5278
      vertex 34.1074 -0.97508 23.6074
    endloop
  endfacet
  facet normal 0.999061 -0.0433246 -2.61596e-05
    outer loop
      vertex 34.0201 -2.97637 4
      vertex 34.1074 -0.97508 23.6074
      vertex 34.1023 -1.09274 23.6977
    endloop
  endfacet
  facet normal 0.999039 -0.0438366 2.28921e-05
    outer loop
      vertex 34.0201 -2.97637 4
      vertex 34.1023 -1.09274 23.6977
      vertex 34.0975 -1.20208 23.7979
    endloop
  endfacet
  facet normal 0.999038 -0.0438482 2.39339e-05
    outer loop
      vertex 34.0201 -2.97637 4
      vertex 34.0975 -1.20208 23.7979
      vertex 34.0931 -1.30227 23.9073
    endloop
  endfacet
  facet normal 0.999067 -0.0431944 -3.11497e-05
    outer loop
      vertex 34.0201 -2.97637 4
      vertex 34.0931 -1.30227 23.9073
      vertex 34.0892 -1.39256 24.0249
    endloop
  endfacet
  facet normal 0.999038 -0.0438507 2.08567e-05
    outer loop
      vertex 34.0201 -2.97637 4
      vertex 34.0892 -1.39256 24.0249
      vertex 34.0857 -1.47224 24.15
    endloop
  endfacet
  facet normal 0.999043 -0.043742 1.27294e-05
    outer loop
      vertex 34.0201 -2.97637 4
      vertex 34.0857 -1.47224 24.15
      vertex 34.0827 -1.54072 24.2815
    endloop
  endfacet
  facet normal 0.999099 -0.0424379 -7.97616e-05
    outer loop
      vertex 34.0201 -2.97637 4
      vertex 34.0827 -1.54072 24.2815
      vertex 34.0803 -1.59748 24.4186
    endloop
  endfacet
  facet normal 0.999005 -0.044598 6.63888e-05
    outer loop
      vertex 34.0201 -2.97637 4
      vertex 34.0803 -1.59748 24.4186
      vertex 34.0783 -1.64207 24.56
    endloop
  endfacet
  facet normal 0.99905 -0.0435733 -2.34194e-07
    outer loop
      vertex 34.0201 -2.97637 4
      vertex 34.0783 -1.64207 24.56
      vertex 34.0769 -1.67417 24.7048
    endloop
  endfacet
  facet normal 0.999116 -0.0420273 -9.76531e-05
    outer loop
      vertex 34.0201 -2.97637 4
      vertex 34.0769 -1.67417 24.7048
      vertex 34.0761 -1.69353 24.8518
    endloop
  endfacet
  facet normal 0.999049 -0.0435979 0
    outer loop
      vertex 34.0201 -2.97637 4
      vertex 34.0758 -1.7 25
      vertex 34.0201 -2.97637 40
    endloop
  endfacet
  facet normal 0.998999 -0.0447351 6.92539e-05
    outer loop
      vertex 34.0758 -1.7 25
      vertex 34.0201 -2.97637 4
      vertex 34.0761 -1.69353 24.8518
    endloop
  endfacet
  facet normal 0.999049 -0.0436023 8.43468e-07
    outer loop
      vertex 34.1371 -0.295201 23.3258
      vertex 34.0201 -2.97637 4
      vertex 34.15 0 4
    endloop
  endfacet
  facet normal -0.976297 0.216434 0
    outer loop
      vertex -33.6312 5.93009 4
      vertex -32.9864 8.83867 40
      vertex -32.9864 8.83867 4
    endloop
  endfacet
  facet normal -0.976297 0.216434 0
    outer loop
      vertex -32.9864 8.83867 40
      vertex -33.6312 5.93009 4
      vertex -33.6312 5.93009 40
    endloop
  endfacet
  facet normal 0.991443 -0.130538 0
    outer loop
      vertex 33.6312 -5.93009 40
      vertex 34.0201 -2.97637 4
      vertex 34.0201 -2.97637 40
    endloop
  endfacet
  facet normal 0.991443 -0.130538 0
    outer loop
      vertex 34.0201 -2.97637 4
      vertex 33.6312 -5.93009 40
      vertex 33.6312 -5.93009 4
    endloop
  endfacet
  facet normal -0.675586 0.737281 0
    outer loop
      vertex -21.9512 26.1604 4
      vertex -24.1477 24.1477 40
      vertex -21.9512 26.1604 40
    endloop
  endfacet
  facet normal -0.675586 0.737281 0
    outer loop
      vertex -24.1477 24.1477 40
      vertex -21.9512 26.1604 4
      vertex -24.1477 24.1477 4
    endloop
  endfacet
  facet normal -0.382689 0.923877 0
    outer loop
      vertex -11.68 32.0905 4
      vertex -14.4324 30.9504 40
      vertex -11.68 32.0905 40
    endloop
  endfacet
  facet normal -0.382689 0.923877 0
    outer loop
      vertex -14.4324 30.9504 40
      vertex -11.68 32.0905 4
      vertex -14.4324 30.9504 4
    endloop
  endfacet
  facet normal -0.999049 -0.0436023 0
    outer loop
      vertex -34.0201 -2.97637 4
      vertex -34.15 0 40
      vertex -34.15 0 4
    endloop
  endfacet
  facet normal -0.999049 -0.0436023 0
    outer loop
      vertex -34.15 0 40
      vertex -34.0201 -2.97637 4
      vertex -34.0201 -2.97637 40
    endloop
  endfacet
  facet normal 0.60875 -0.793362 0
    outer loop
      vertex 19.5876 -27.974 4
      vertex 21.9512 -26.1604 40
      vertex 19.5876 -27.974 40
    endloop
  endfacet
  facet normal 0.60875 -0.793362 0
    outer loop
      vertex 21.9512 -26.1604 40
      vertex 19.5876 -27.974 4
      vertex 21.9512 -26.1604 4
    endloop
  endfacet
  facet normal -0.0436023 0.999049 0
    outer loop
      vertex 0 34.15 4
      vertex -2.97637 34.0201 40
      vertex 0 34.15 40
    endloop
  endfacet
  facet normal -0.0436023 0.999049 0
    outer loop
      vertex -2.97637 34.0201 40
      vertex 0 34.15 4
      vertex -2.97637 34.0201 4
    endloop
  endfacet
  facet normal 0.130538 0.991443 -0
    outer loop
      vertex 5.93009 33.6312 4
      vertex 2.97637 34.0201 40
      vertex 5.93009 33.6312 40
    endloop
  endfacet
  facet normal 0.130538 0.991443 0
    outer loop
      vertex 2.97637 34.0201 40
      vertex 5.93009 33.6312 4
      vertex 2.97637 34.0201 4
    endloop
  endfacet
  facet normal 0.382689 -0.923877 0
    outer loop
      vertex 11.68 -32.0905 4
      vertex 14.4324 -30.9504 40
      vertex 11.68 -32.0905 40
    endloop
  endfacet
  facet normal 0.382689 -0.923877 0
    outer loop
      vertex 14.4324 -30.9504 40
      vertex 11.68 -32.0905 4
      vertex 14.4324 -30.9504 4
    endloop
  endfacet
  facet normal -0.953714 0.300716 0
    outer loop
      vertex -32.9864 8.83867 4
      vertex -32.0905 11.68 40
      vertex -32.0905 11.68 4
    endloop
  endfacet
  facet normal -0.953714 0.300716 0
    outer loop
      vertex -32.0905 11.68 40
      vertex -32.9864 8.83867 4
      vertex -32.9864 8.83867 40
    endloop
  endfacet
  facet normal -0.461735 0.887018 0
    outer loop
      vertex -14.4324 30.9504 4
      vertex -17.075 29.5748 40
      vertex -14.4324 30.9504 40
    endloop
  endfacet
  facet normal -0.461735 0.887018 0
    outer loop
      vertex -17.075 29.5748 40
      vertex -14.4324 30.9504 4
      vertex -17.075 29.5748 4
    endloop
  endfacet
  facet normal -0.737281 -0.675586 0
    outer loop
      vertex -24.1477 -24.1477 4
      vertex -26.1604 -21.9512 40
      vertex -26.1604 -21.9512 4
    endloop
  endfacet
  facet normal -0.737281 -0.675586 0
    outer loop
      vertex -26.1604 -21.9512 40
      vertex -24.1477 -24.1477 4
      vertex -24.1477 -24.1477 40
    endloop
  endfacet
  facet normal 0.737281 0.675586 0
    outer loop
      vertex 26.1604 21.9512 40
      vertex 24.1477 24.1477 4
      vertex 24.1477 24.1477 40
    endloop
  endfacet
  facet normal 0.737281 0.675586 0
    outer loop
      vertex 24.1477 24.1477 4
      vertex 26.1604 21.9512 40
      vertex 26.1604 21.9512 4
    endloop
  endfacet
  facet normal -0.991443 -0.130538 0
    outer loop
      vertex -33.6312 -5.93009 4
      vertex -34.0201 -2.97637 40
      vertex -34.0201 -2.97637 4
    endloop
  endfacet
  facet normal -0.991443 -0.130538 0
    outer loop
      vertex -34.0201 -2.97637 40
      vertex -33.6312 -5.93009 4
      vertex -33.6312 -5.93009 40
    endloop
  endfacet
  facet normal 0.216434 0.976297 -0
    outer loop
      vertex 8.83867 32.9864 4
      vertex 5.93009 33.6312 40
      vertex 8.83867 32.9864 40
    endloop
  endfacet
  facet normal 0.216434 0.976297 0
    outer loop
      vertex 5.93009 33.6312 40
      vertex 8.83867 32.9864 4
      vertex 5.93009 33.6312 4
    endloop
  endfacet
  facet normal 0.843377 -0.537323 0
    outer loop
      vertex 27.974 -19.5876 40
      vertex 29.5748 -17.075 4
      vertex 29.5748 -17.075 40
    endloop
  endfacet
  facet normal 0.843377 -0.537323 0
    outer loop
      vertex 29.5748 -17.075 4
      vertex 27.974 -19.5876 40
      vertex 27.974 -19.5876 4
    endloop
  endfacet
  facet normal 0.887018 -0.461735 0
    outer loop
      vertex 29.5748 -17.075 40
      vertex 30.9504 -14.4324 4
      vertex 30.9504 -14.4324 40
    endloop
  endfacet
  facet normal 0.887018 -0.461735 0
    outer loop
      vertex 30.9504 -14.4324 4
      vertex 29.5748 -17.075 40
      vertex 29.5748 -17.075 4
    endloop
  endfacet
  facet normal 0.300716 -0.953714 0
    outer loop
      vertex 8.83867 -32.9864 4
      vertex 11.68 -32.0905 40
      vertex 8.83867 -32.9864 40
    endloop
  endfacet
  facet normal 0.300716 -0.953714 0
    outer loop
      vertex 11.68 -32.0905 40
      vertex 8.83867 -32.9864 4
      vertex 11.68 -32.0905 4
    endloop
  endfacet
  facet normal -0.382689 -0.923877 0
    outer loop
      vertex -14.4324 -30.9504 4
      vertex -11.68 -32.0905 40
      vertex -14.4324 -30.9504 40
    endloop
  endfacet
  facet normal -0.382689 -0.923877 -0
    outer loop
      vertex -11.68 -32.0905 40
      vertex -14.4324 -30.9504 4
      vertex -11.68 -32.0905 4
    endloop
  endfacet
  facet normal 0.793362 0.60875 0
    outer loop
      vertex 27.974 19.5876 40
      vertex 26.1604 21.9512 4
      vertex 26.1604 21.9512 40
    endloop
  endfacet
  facet normal 0.793362 0.60875 0
    outer loop
      vertex 26.1604 21.9512 4
      vertex 27.974 19.5876 40
      vertex 27.974 19.5876 4
    endloop
  endfacet
  facet normal -0.300716 -0.953714 0
    outer loop
      vertex -11.68 -32.0905 4
      vertex -8.83867 -32.9864 40
      vertex -11.68 -32.0905 40
    endloop
  endfacet
  facet normal -0.300716 -0.953714 -0
    outer loop
      vertex -8.83867 -32.9864 40
      vertex -11.68 -32.0905 4
      vertex -8.83867 -32.9864 4
    endloop
  endfacet
  facet normal -0.300716 0.953714 0
    outer loop
      vertex -8.83867 32.9864 4
      vertex -11.68 32.0905 40
      vertex -8.83867 32.9864 40
    endloop
  endfacet
  facet normal -0.300716 0.953714 0
    outer loop
      vertex -11.68 32.0905 40
      vertex -8.83867 32.9864 4
      vertex -11.68 32.0905 4
    endloop
  endfacet
  facet normal -0.843377 -0.537323 0
    outer loop
      vertex -27.974 -19.5876 4
      vertex -29.5748 -17.075 40
      vertex -29.5748 -17.075 4
    endloop
  endfacet
  facet normal -0.843377 -0.537323 0
    outer loop
      vertex -29.5748 -17.075 40
      vertex -27.974 -19.5876 4
      vertex -27.974 -19.5876 40
    endloop
  endfacet
  facet normal -0.999049 0.0436023 0
    outer loop
      vertex -34.15 0 4
      vertex -34.0201 2.97637 40
      vertex -34.0201 2.97637 4
    endloop
  endfacet
  facet normal -0.999049 0.0436023 0
    outer loop
      vertex -34.0201 2.97637 40
      vertex -34.15 0 4
      vertex -34.15 0 40
    endloop
  endfacet
  facet normal 0 0 1
    outer loop
      vertex 30.45 0 40
      vertex 34.15 0 40
      vertex 34.0201 2.97637 40
    endloop
  endfacet
  facet normal 0 0 1
    outer loop
      vertex 30.3341 2.65389 40
      vertex 34.0201 2.97637 40
      vertex 33.6312 5.93009 40
    endloop
  endfacet
  facet normal 0 0 1
    outer loop
      vertex 34.15 0 40
      vertex 30.45 0 40
      vertex 34.0201 -2.97637 40
    endloop
  endfacet
  facet normal 0 0 1
    outer loop
      vertex 29.9874 5.28759 40
      vertex 33.6312 5.93009 40
      vertex 32.9864 8.83867 40
    endloop
  endfacet
  facet normal -0 0 1
    outer loop
      vertex 30.3341 -2.65389 40
      vertex 34.0201 -2.97637 40
      vertex 30.45 0 40
    endloop
  endfacet
  facet normal 0 0 1
    outer loop
      vertex 29.4124 7.88104 40
      vertex 32.9864 8.83867 40
      vertex 32.0905 11.68 40
    endloop
  endfacet
  facet normal 0 0 1
    outer loop
      vertex 34.0201 -2.97637 40
      vertex 30.3341 -2.65389 40
      vertex 33.6312 -5.93009 40
    endloop
  endfacet
  facet normal 0 0 1
    outer loop
      vertex 28.6136 10.4145 40
      vertex 32.0905 11.68 40
      vertex 30.9504 14.4324 40
    endloop
  endfacet
  facet normal -0 0 1
    outer loop
      vertex 29.9874 -5.28759 40
      vertex 33.6312 -5.93009 40
      vertex 30.3341 -2.65389 40
    endloop
  endfacet
  facet normal 0 0 1
    outer loop
      vertex 33.6312 -5.93009 40
      vertex 29.9874 -5.28759 40
      vertex 32.9864 -8.83867 40
    endloop
  endfacet
  facet normal 0 0 1
    outer loop
      vertex 34.0201 2.97637 40
      vertex 30.3341 2.65389 40
      vertex 30.45 0 40
    endloop
  endfacet
  facet normal 0 0 1
    outer loop
      vertex 33.6312 5.93009 40
      vertex 29.9874 5.28759 40
      vertex 30.3341 2.65389 40
    endloop
  endfacet
  facet normal 0 0 1
    outer loop
      vertex 27.5971 12.8687 40
      vertex 30.9504 14.4324 40
      vertex 29.5748 17.075 40
    endloop
  endfacet
  facet normal 0 0 1
    outer loop
      vertex 32.9864 8.83867 40
      vertex 29.4124 7.88104 40
      vertex 29.9874 5.28759 40
    endloop
  endfacet
  facet normal 0 0 1
    outer loop
      vertex 32.0905 11.68 40
      vertex 28.6136 10.4145 40
      vertex 29.4124 7.88104 40
    endloop
  endfacet
  facet normal 0 0 1
    outer loop
      vertex 26.3705 15.225 40
      vertex 29.5748 17.075 40
      vertex 27.974 19.5876 40
    endloop
  endfacet
  facet normal 0 0 1
    outer loop
      vertex 30.9504 14.4324 40
      vertex 27.5971 12.8687 40
      vertex 28.6136 10.4145 40
    endloop
  endfacet
  facet normal 0 0 1
    outer loop
      vertex 29.5748 17.075 40
      vertex 26.3705 15.225 40
      vertex 27.5971 12.8687 40
    endloop
  endfacet
  facet normal 0 0 1
    outer loop
      vertex 24.9432 17.4654 40
      vertex 27.974 19.5876 40
      vertex 26.1604 21.9512 40
    endloop
  endfacet
  facet normal 0 0 1
    outer loop
      vertex 27.974 19.5876 40
      vertex 24.9432 17.4654 40
      vertex 26.3705 15.225 40
    endloop
  endfacet
  facet normal 0 0 1
    outer loop
      vertex 23.3261 19.5729 40
      vertex 26.1604 21.9512 40
      vertex 24.1477 24.1477 40
    endloop
  endfacet
  facet normal 0 0 1
    outer loop
      vertex 26.1604 21.9512 40
      vertex 23.3261 19.5729 40
      vertex 24.9432 17.4654 40
    endloop
  endfacet
  facet normal 0 0 1
    outer loop
      vertex 21.5314 21.5314 40
      vertex 24.1477 24.1477 40
      vertex 21.9512 26.1604 40
    endloop
  endfacet
  facet normal 0 0 1
    outer loop
      vertex 24.1477 24.1477 40
      vertex 21.5314 21.5314 40
      vertex 23.3261 19.5729 40
    endloop
  endfacet
  facet normal 0 0 1
    outer loop
      vertex 19.5729 23.3261 40
      vertex 21.9512 26.1604 40
      vertex 19.5876 27.974 40
    endloop
  endfacet
  facet normal 0 0 1
    outer loop
      vertex 21.9512 26.1604 40
      vertex 19.5729 23.3261 40
      vertex 21.5314 21.5314 40
    endloop
  endfacet
  facet normal 0 0 1
    outer loop
      vertex 19.5876 27.974 40
      vertex 17.4654 24.9432 40
      vertex 19.5729 23.3261 40
    endloop
  endfacet
  facet normal 0 0 1
    outer loop
      vertex 17.075 29.5748 40
      vertex 17.4654 24.9432 40
      vertex 19.5876 27.974 40
    endloop
  endfacet
  facet normal 0 0 1
    outer loop
      vertex 17.075 29.5748 40
      vertex 15.225 26.3705 40
      vertex 17.4654 24.9432 40
    endloop
  endfacet
  facet normal 0 0 1
    outer loop
      vertex 14.4324 30.9504 40
      vertex 15.225 26.3705 40
      vertex 17.075 29.5748 40
    endloop
  endfacet
  facet normal 0 0 1
    outer loop
      vertex 14.4324 30.9504 40
      vertex 12.8687 27.5971 40
      vertex 15.225 26.3705 40
    endloop
  endfacet
  facet normal 0 0 1
    outer loop
      vertex 11.68 32.0905 40
      vertex 12.8687 27.5971 40
      vertex 14.4324 30.9504 40
    endloop
  endfacet
  facet normal 0 0 1
    outer loop
      vertex 11.68 32.0905 40
      vertex 10.4145 28.6136 40
      vertex 12.8687 27.5971 40
    endloop
  endfacet
  facet normal 0 0 1
    outer loop
      vertex 8.83867 32.9864 40
      vertex 10.4145 28.6136 40
      vertex 11.68 32.0905 40
    endloop
  endfacet
  facet normal 0 0 1
    outer loop
      vertex 8.83867 32.9864 40
      vertex 7.88104 29.4124 40
      vertex 10.4145 28.6136 40
    endloop
  endfacet
  facet normal 0 0 1
    outer loop
      vertex 5.93009 33.6312 40
      vertex 7.88104 29.4124 40
      vertex 8.83867 32.9864 40
    endloop
  endfacet
  facet normal 0 0 1
    outer loop
      vertex 5.93009 33.6312 40
      vertex 5.28759 29.9874 40
      vertex 7.88104 29.4124 40
    endloop
  endfacet
  facet normal 0 0 1
    outer loop
      vertex 2.97637 34.0201 40
      vertex 5.28759 29.9874 40
      vertex 5.93009 33.6312 40
    endloop
  endfacet
  facet normal 0 0 1
    outer loop
      vertex 2.97637 34.0201 40
      vertex 2.65389 30.3341 40
      vertex 5.28759 29.9874 40
    endloop
  endfacet
  facet normal 0 0 1
    outer loop
      vertex 0 34.15 40
      vertex 2.65389 30.3341 40
      vertex 2.97637 34.0201 40
    endloop
  endfacet
  facet normal 0 0 1
    outer loop
      vertex 0 34.15 40
      vertex 0 30.45 40
      vertex 2.65389 30.3341 40
    endloop
  endfacet
  facet normal 0 0 1
    outer loop
      vertex 0 34.15 40
      vertex -2.65389 30.3341 40
      vertex 0 30.45 40
    endloop
  endfacet
  facet normal -0 0 1
    outer loop
      vertex -2.97637 34.0201 40
      vertex -2.65389 30.3341 40
      vertex 0 34.15 40
    endloop
  endfacet
  facet normal 0 0 1
    outer loop
      vertex -2.97637 34.0201 40
      vertex -5.28759 29.9874 40
      vertex -2.65389 30.3341 40
    endloop
  endfacet
  facet normal -0 0 1
    outer loop
      vertex -5.93009 33.6312 40
      vertex -5.28759 29.9874 40
      vertex -2.97637 34.0201 40
    endloop
  endfacet
  facet normal 0 0 1
    outer loop
      vertex -5.93009 33.6312 40
      vertex -7.88104 29.4124 40
      vertex -5.28759 29.9874 40
    endloop
  endfacet
  facet normal -0 0 1
    outer loop
      vertex -8.83867 32.9864 40
      vertex -7.88104 29.4124 40
      vertex -5.93009 33.6312 40
    endloop
  endfacet
  facet normal 0 0 1
    outer loop
      vertex -8.83867 32.9864 40
      vertex -10.4145 28.6136 40
      vertex -7.88104 29.4124 40
    endloop
  endfacet
  facet normal -0 0 1
    outer loop
      vertex -11.68 32.0905 40
      vertex -10.4145 28.6136 40
      vertex -8.83867 32.9864 40
    endloop
  endfacet
  facet normal 0 0 1
    outer loop
      vertex -11.68 32.0905 40
      vertex -12.8687 27.5971 40
      vertex -10.4145 28.6136 40
    endloop
  endfacet
  facet normal -0 0 1
    outer loop
      vertex -14.4324 30.9504 40
      vertex -12.8687 27.5971 40
      vertex -11.68 32.0905 40
    endloop
  endfacet
  facet normal 0 0 1
    outer loop
      vertex -14.4324 30.9504 40
      vertex -15.225 26.3705 40
      vertex -12.8687 27.5971 40
    endloop
  endfacet
  facet normal -0 0 1
    outer loop
      vertex -17.075 29.5748 40
      vertex -15.225 26.3705 40
      vertex -14.4324 30.9504 40
    endloop
  endfacet
  facet normal 0 0 1
    outer loop
      vertex -17.075 29.5748 40
      vertex -17.4654 24.9432 40
      vertex -15.225 26.3705 40
    endloop
  endfacet
  facet normal -0 0 1
    outer loop
      vertex -19.5876 27.974 40
      vertex -17.4654 24.9432 40
      vertex -17.075 29.5748 40
    endloop
  endfacet
  facet normal 0 0 1
    outer loop
      vertex -17.4654 24.9432 40
      vertex -19.5876 27.974 40
      vertex -19.5729 23.3261 40
    endloop
  endfacet
  facet normal -0 0 1
    outer loop
      vertex -21.9512 26.1604 40
      vertex -19.5729 23.3261 40
      vertex -19.5876 27.974 40
    endloop
  endfacet
  facet normal 0 0 1
    outer loop
      vertex -19.5729 23.3261 40
      vertex -21.9512 26.1604 40
      vertex -21.5314 21.5314 40
    endloop
  endfacet
  facet normal -0 0 1
    outer loop
      vertex -24.1477 24.1477 40
      vertex -21.5314 21.5314 40
      vertex -21.9512 26.1604 40
    endloop
  endfacet
  facet normal 0 0 1
    outer loop
      vertex -21.5314 21.5314 40
      vertex -24.1477 24.1477 40
      vertex -23.3261 19.5729 40
    endloop
  endfacet
  facet normal -0 0 1
    outer loop
      vertex -26.1604 21.9512 40
      vertex -23.3261 19.5729 40
      vertex -24.1477 24.1477 40
    endloop
  endfacet
  facet normal 0 0 1
    outer loop
      vertex -23.3261 19.5729 40
      vertex -26.1604 21.9512 40
      vertex -24.9432 17.4654 40
    endloop
  endfacet
  facet normal -0 0 1
    outer loop
      vertex -27.974 19.5876 40
      vertex -24.9432 17.4654 40
      vertex -26.1604 21.9512 40
    endloop
  endfacet
  facet normal 0 0 1
    outer loop
      vertex -24.9432 17.4654 40
      vertex -27.974 19.5876 40
      vertex -26.3705 15.225 40
    endloop
  endfacet
  facet normal -0 0 1
    outer loop
      vertex -29.5748 17.075 40
      vertex -26.3705 15.225 40
      vertex -27.974 19.5876 40
    endloop
  endfacet
  facet normal 0 0 1
    outer loop
      vertex -26.3705 15.225 40
      vertex -29.5748 17.075 40
      vertex -27.5971 12.8687 40
    endloop
  endfacet
  facet normal -0 0 1
    outer loop
      vertex -30.9504 14.4324 40
      vertex -27.5971 12.8687 40
      vertex -29.5748 17.075 40
    endloop
  endfacet
  facet normal 0 0 1
    outer loop
      vertex -27.5971 12.8687 40
      vertex -30.9504 14.4324 40
      vertex -28.6136 10.4145 40
    endloop
  endfacet
  facet normal -0 0 1
    outer loop
      vertex -32.0905 11.68 40
      vertex -28.6136 10.4145 40
      vertex -30.9504 14.4324 40
    endloop
  endfacet
  facet normal 0 0 1
    outer loop
      vertex -28.6136 10.4145 40
      vertex -32.0905 11.68 40
      vertex -29.4124 7.88104 40
    endloop
  endfacet
  facet normal 0 0 1
    outer loop
      vertex -29.4124 7.88104 40
      vertex -32.9864 8.83867 40
      vertex -29.9874 5.28759 40
    endloop
  endfacet
  facet normal -0 0 1
    outer loop
      vertex -32.9864 8.83867 40
      vertex -29.4124 7.88104 40
      vertex -32.0905 11.68 40
    endloop
  endfacet
  facet normal -0 0 1
    outer loop
      vertex 29.4124 -7.88104 40
      vertex 32.9864 -8.83867 40
      vertex 29.9874 -5.28759 40
    endloop
  endfacet
  facet normal 0 0 1
    outer loop
      vertex 32.9864 -8.83867 40
      vertex 29.4124 -7.88104 40
      vertex 32.0905 -11.68 40
    endloop
  endfacet
  facet normal -0 0 1
    outer loop
      vertex 28.6136 -10.4145 40
      vertex 32.0905 -11.68 40
      vertex 29.4124 -7.88104 40
    endloop
  endfacet
  facet normal 0 0 1
    outer loop
      vertex 32.0905 -11.68 40
      vertex 28.6136 -10.4145 40
      vertex 30.9504 -14.4324 40
    endloop
  endfacet
  facet normal -0 0 1
    outer loop
      vertex 27.5971 -12.8687 40
      vertex 30.9504 -14.4324 40
      vertex 28.6136 -10.4145 40
    endloop
  endfacet
  facet normal 0 0 1
    outer loop
      vertex 30.9504 -14.4324 40
      vertex 27.5971 -12.8687 40
      vertex 29.5748 -17.075 40
    endloop
  endfacet
  facet normal -0 0 1
    outer loop
      vertex 26.3705 -15.225 40
      vertex 29.5748 -17.075 40
      vertex 27.5971 -12.8687 40
    endloop
  endfacet
  facet normal 0 0 1
    outer loop
      vertex 29.5748 -17.075 40
      vertex 26.3705 -15.225 40
      vertex 27.974 -19.5876 40
    endloop
  endfacet
  facet normal -0 0 1
    outer loop
      vertex 24.9432 -17.4654 40
      vertex 27.974 -19.5876 40
      vertex 26.3705 -15.225 40
    endloop
  endfacet
  facet normal 0 0 1
    outer loop
      vertex 27.974 -19.5876 40
      vertex 24.9432 -17.4654 40
      vertex 26.1604 -21.9512 40
    endloop
  endfacet
  facet normal -0 0 1
    outer loop
      vertex 23.3261 -19.5729 40
      vertex 26.1604 -21.9512 40
      vertex 24.9432 -17.4654 40
    endloop
  endfacet
  facet normal 0 0 1
    outer loop
      vertex 26.1604 -21.9512 40
      vertex 23.3261 -19.5729 40
      vertex 24.1477 -24.1477 40
    endloop
  endfacet
  facet normal -0 0 1
    outer loop
      vertex 21.5314 -21.5314 40
      vertex 24.1477 -24.1477 40
      vertex 23.3261 -19.5729 40
    endloop
  endfacet
  facet normal 0 0 1
    outer loop
      vertex 24.1477 -24.1477 40
      vertex 21.5314 -21.5314 40
      vertex 21.9512 -26.1604 40
    endloop
  endfacet
  facet normal -0 0 1
    outer loop
      vertex 19.5729 -23.3261 40
      vertex 21.9512 -26.1604 40
      vertex 21.5314 -21.5314 40
    endloop
  endfacet
  facet normal 0 0 1
    outer loop
      vertex 21.9512 -26.1604 40
      vertex 19.5729 -23.3261 40
      vertex 19.5876 -27.974 40
    endloop
  endfacet
  facet normal -0 0 1
    outer loop
      vertex 17.4654 -24.9432 40
      vertex 19.5876 -27.974 40
      vertex 19.5729 -23.3261 40
    endloop
  endfacet
  facet normal 0 0 1
    outer loop
      vertex 17.4654 -24.9432 40
      vertex 17.075 -29.5748 40
      vertex 19.5876 -27.974 40
    endloop
  endfacet
  facet normal -0 0 1
    outer loop
      vertex 15.225 -26.3705 40
      vertex 17.075 -29.5748 40
      vertex 17.4654 -24.9432 40
    endloop
  endfacet
  facet normal 0 0 1
    outer loop
      vertex 15.225 -26.3705 40
      vertex 14.4324 -30.9504 40
      vertex 17.075 -29.5748 40
    endloop
  endfacet
  facet normal -0 0 1
    outer loop
      vertex 12.8687 -27.5971 40
      vertex 14.4324 -30.9504 40
      vertex 15.225 -26.3705 40
    endloop
  endfacet
  facet normal 0 0 1
    outer loop
      vertex 12.8687 -27.5971 40
      vertex 11.68 -32.0905 40
      vertex 14.4324 -30.9504 40
    endloop
  endfacet
  facet normal -0 0 1
    outer loop
      vertex 10.4145 -28.6136 40
      vertex 11.68 -32.0905 40
      vertex 12.8687 -27.5971 40
    endloop
  endfacet
  facet normal 0 0 1
    outer loop
      vertex 10.4145 -28.6136 40
      vertex 8.83867 -32.9864 40
      vertex 11.68 -32.0905 40
    endloop
  endfacet
  facet normal -0 0 1
    outer loop
      vertex 7.88104 -29.4124 40
      vertex 8.83867 -32.9864 40
      vertex 10.4145 -28.6136 40
    endloop
  endfacet
  facet normal 0 0 1
    outer loop
      vertex 7.88104 -29.4124 40
      vertex 5.93009 -33.6312 40
      vertex 8.83867 -32.9864 40
    endloop
  endfacet
  facet normal -0 0 1
    outer loop
      vertex 5.28759 -29.9874 40
      vertex 5.93009 -33.6312 40
      vertex 7.88104 -29.4124 40
    endloop
  endfacet
  facet normal 0 0 1
    outer loop
      vertex 5.28759 -29.9874 40
      vertex 2.97637 -34.0201 40
      vertex 5.93009 -33.6312 40
    endloop
  endfacet
  facet normal -0 0 1
    outer loop
      vertex 2.65389 -30.3341 40
      vertex 2.97637 -34.0201 40
      vertex 5.28759 -29.9874 40
    endloop
  endfacet
  facet normal -0 0 1
    outer loop
      vertex 0 -30.45 40
      vertex 2.97637 -34.0201 40
      vertex 2.65389 -30.3341 40
    endloop
  endfacet
  facet normal 0 0 1
    outer loop
      vertex 0 -30.45 40
      vertex 0 -34.15 40
      vertex 2.97637 -34.0201 40
    endloop
  endfacet
  facet normal 0 0 1
    outer loop
      vertex -2.65389 -30.3341 40
      vertex 0 -34.15 40
      vertex 0 -30.45 40
    endloop
  endfacet
  facet normal 0 0 1
    outer loop
      vertex -2.65389 -30.3341 40
      vertex -2.97637 -34.0201 40
      vertex 0 -34.15 40
    endloop
  endfacet
  facet normal 0 0 1
    outer loop
      vertex -5.28759 -29.9874 40
      vertex -2.97637 -34.0201 40
      vertex -2.65389 -30.3341 40
    endloop
  endfacet
  facet normal 0 0 1
    outer loop
      vertex -5.28759 -29.9874 40
      vertex -5.93009 -33.6312 40
      vertex -2.97637 -34.0201 40
    endloop
  endfacet
  facet normal 0 0 1
    outer loop
      vertex -7.88104 -29.4124 40
      vertex -5.93009 -33.6312 40
      vertex -5.28759 -29.9874 40
    endloop
  endfacet
  facet normal 0 0 1
    outer loop
      vertex -7.88104 -29.4124 40
      vertex -8.83867 -32.9864 40
      vertex -5.93009 -33.6312 40
    endloop
  endfacet
  facet normal 0 0 1
    outer loop
      vertex -10.4145 -28.6136 40
      vertex -8.83867 -32.9864 40
      vertex -7.88104 -29.4124 40
    endloop
  endfacet
  facet normal 0 0 1
    outer loop
      vertex -10.4145 -28.6136 40
      vertex -11.68 -32.0905 40
      vertex -8.83867 -32.9864 40
    endloop
  endfacet
  facet normal 0 0 1
    outer loop
      vertex -12.8687 -27.5971 40
      vertex -11.68 -32.0905 40
      vertex -10.4145 -28.6136 40
    endloop
  endfacet
  facet normal 0 0 1
    outer loop
      vertex -12.8687 -27.5971 40
      vertex -14.4324 -30.9504 40
      vertex -11.68 -32.0905 40
    endloop
  endfacet
  facet normal 0 0 1
    outer loop
      vertex -15.225 -26.3705 40
      vertex -14.4324 -30.9504 40
      vertex -12.8687 -27.5971 40
    endloop
  endfacet
  facet normal 0 0 1
    outer loop
      vertex -15.225 -26.3705 40
      vertex -17.075 -29.5748 40
      vertex -14.4324 -30.9504 40
    endloop
  endfacet
  facet normal 0 0 1
    outer loop
      vertex -17.4654 -24.9432 40
      vertex -17.075 -29.5748 40
      vertex -15.225 -26.3705 40
    endloop
  endfacet
  facet normal 0 0 1
    outer loop
      vertex -19.5876 -27.974 40
      vertex -17.4654 -24.9432 40
      vertex -19.5729 -23.3261 40
    endloop
  endfacet
  facet normal 0 0 1
    outer loop
      vertex -17.4654 -24.9432 40
      vertex -19.5876 -27.974 40
      vertex -17.075 -29.5748 40
    endloop
  endfacet
  facet normal 0 0 1
    outer loop
      vertex -21.9512 -26.1604 40
      vertex -19.5729 -23.3261 40
      vertex -21.5314 -21.5314 40
    endloop
  endfacet
  facet normal 0 0 1
    outer loop
      vertex -19.5729 -23.3261 40
      vertex -21.9512 -26.1604 40
      vertex -19.5876 -27.974 40
    endloop
  endfacet
  facet normal 0 0 1
    outer loop
      vertex -24.1477 -24.1477 40
      vertex -21.5314 -21.5314 40
      vertex -23.3261 -19.5729 40
    endloop
  endfacet
  facet normal 0 0 1
    outer loop
      vertex -21.5314 -21.5314 40
      vertex -24.1477 -24.1477 40
      vertex -21.9512 -26.1604 40
    endloop
  endfacet
  facet normal 0 0 1
    outer loop
      vertex -26.1604 -21.9512 40
      vertex -23.3261 -19.5729 40
      vertex -24.9432 -17.4654 40
    endloop
  endfacet
  facet normal 0 0 1
    outer loop
      vertex -23.3261 -19.5729 40
      vertex -26.1604 -21.9512 40
      vertex -24.1477 -24.1477 40
    endloop
  endfacet
  facet normal 0 0 1
    outer loop
      vertex -27.974 -19.5876 40
      vertex -24.9432 -17.4654 40
      vertex -26.3705 -15.225 40
    endloop
  endfacet
  facet normal 0 0 1
    outer loop
      vertex -29.5748 -17.075 40
      vertex -26.3705 -15.225 40
      vertex -27.5971 -12.8687 40
    endloop
  endfacet
  facet normal 0 0 1
    outer loop
      vertex -24.9432 -17.4654 40
      vertex -27.974 -19.5876 40
      vertex -26.1604 -21.9512 40
    endloop
  endfacet
  facet normal 0 0 1
    outer loop
      vertex -30.9504 -14.4324 40
      vertex -27.5971 -12.8687 40
      vertex -28.6136 -10.4145 40
    endloop
  endfacet
  facet normal 0 0 1
    outer loop
      vertex -32.0905 -11.68 40
      vertex -28.6136 -10.4145 40
      vertex -29.4124 -7.88104 40
    endloop
  endfacet
  facet normal 0 0 1
    outer loop
      vertex -26.3705 -15.225 40
      vertex -29.5748 -17.075 40
      vertex -27.974 -19.5876 40
    endloop
  endfacet
  facet normal 0 0 1
    outer loop
      vertex -32.9864 -8.83867 40
      vertex -29.4124 -7.88104 40
      vertex -29.9874 -5.28759 40
    endloop
  endfacet
  facet normal 0 0 1
    outer loop
      vertex -33.6312 -5.93009 40
      vertex -29.9874 -5.28759 40
      vertex -30.3341 -2.65389 40
    endloop
  endfacet
  facet normal 0 0 1
    outer loop
      vertex -27.5971 -12.8687 40
      vertex -30.9504 -14.4324 40
      vertex -29.5748 -17.075 40
    endloop
  endfacet
  facet normal 0 0 1
    outer loop
      vertex -34.0201 -2.97637 40
      vertex -30.3341 -2.65389 40
      vertex -30.45 0 40
    endloop
  endfacet
  facet normal -0 0 1
    outer loop
      vertex -33.6312 5.93009 40
      vertex -29.9874 5.28759 40
      vertex -32.9864 8.83867 40
    endloop
  endfacet
  facet normal 0 0 1
    outer loop
      vertex -29.9874 5.28759 40
      vertex -33.6312 5.93009 40
      vertex -30.3341 2.65389 40
    endloop
  endfacet
  facet normal 0 0 1
    outer loop
      vertex -28.6136 -10.4145 40
      vertex -32.0905 -11.68 40
      vertex -30.9504 -14.4324 40
    endloop
  endfacet
  facet normal -0 0 1
    outer loop
      vertex -34.0201 2.97637 40
      vertex -30.3341 2.65389 40
      vertex -33.6312 5.93009 40
    endloop
  endfacet
  facet normal 0 0 1
    outer loop
      vertex -29.4124 -7.88104 40
      vertex -32.9864 -8.83867 40
      vertex -32.0905 -11.68 40
    endloop
  endfacet
  facet normal 0 0 1
    outer loop
      vertex -30.3341 2.65389 40
      vertex -34.0201 2.97637 40
      vertex -30.45 0 40
    endloop
  endfacet
  facet normal 0 0 1
    outer loop
      vertex -29.9874 -5.28759 40
      vertex -33.6312 -5.93009 40
      vertex -32.9864 -8.83867 40
    endloop
  endfacet
  facet normal 0 0 1
    outer loop
      vertex -34.15 0 40
      vertex -30.45 0 40
      vertex -34.0201 2.97637 40
    endloop
  endfacet
  facet normal 0 0 1
    outer loop
      vertex -30.3341 -2.65389 40
      vertex -34.0201 -2.97637 40
      vertex -33.6312 -5.93009 40
    endloop
  endfacet
  facet normal 0 0 1
    outer loop
      vertex -30.45 0 40
      vertex -34.15 0 40
      vertex -34.0201 -2.97637 40
    endloop
  endfacet
  facet normal -0.675586 -0.737281 0
    outer loop
      vertex -24.1477 -24.1477 4
      vertex -21.9512 -26.1604 40
      vertex -24.1477 -24.1477 40
    endloop
  endfacet
  facet normal -0.675586 -0.737281 -0
    outer loop
      vertex -21.9512 -26.1604 40
      vertex -24.1477 -24.1477 4
      vertex -21.9512 -26.1604 4
    endloop
  endfacet
  facet normal -0.0436023 -0.999049 0
    outer loop
      vertex -2.97637 -34.0201 4
      vertex 0 -34.15 40
      vertex -2.97637 -34.0201 40
    endloop
  endfacet
  facet normal -0.0436023 -0.999049 -0
    outer loop
      vertex 0 -34.15 40
      vertex -2.97637 -34.0201 4
      vertex 0 -34.15 4
    endloop
  endfacet
  facet normal 0.675586 -0.737281 0
    outer loop
      vertex 21.9512 -26.1604 4
      vertex 24.1477 -24.1477 40
      vertex 21.9512 -26.1604 40
    endloop
  endfacet
  facet normal 0.675586 -0.737281 0
    outer loop
      vertex 24.1477 -24.1477 40
      vertex 21.9512 -26.1604 4
      vertex 24.1477 -24.1477 4
    endloop
  endfacet
  facet normal -0.976297 -0.216434 0
    outer loop
      vertex -32.9864 -8.83867 4
      vertex -33.6312 -5.93009 40
      vertex -33.6312 -5.93009 4
    endloop
  endfacet
  facet normal -0.976297 -0.216434 0
    outer loop
      vertex -33.6312 -5.93009 40
      vertex -32.9864 -8.83867 4
      vertex -32.9864 -8.83867 40
    endloop
  endfacet
  facet normal -0.843377 0.537323 0
    outer loop
      vertex -29.5748 17.075 4
      vertex -27.974 19.5876 40
      vertex -27.974 19.5876 4
    endloop
  endfacet
  facet normal -0.843377 0.537323 0
    outer loop
      vertex -27.974 19.5876 40
      vertex -29.5748 17.075 4
      vertex -29.5748 17.075 40
    endloop
  endfacet
  facet normal 0.300716 0.953714 -0
    outer loop
      vertex 11.68 32.0905 4
      vertex 8.83867 32.9864 40
      vertex 11.68 32.0905 40
    endloop
  endfacet
  facet normal 0.300716 0.953714 0
    outer loop
      vertex 8.83867 32.9864 40
      vertex 11.68 32.0905 4
      vertex 8.83867 32.9864 4
    endloop
  endfacet
  facet normal 0.953558 0.30121 0
    outer loop
      vertex 25.6606 26.4973 4
      vertex 25.6238 26.6138 0
      vertex 25.6238 26.6138 4
    endloop
  endfacet
  facet normal 0.953558 0.30121 0
    outer loop
      vertex 25.6238 26.6138 0
      vertex 25.6606 26.4973 4
      vertex 25.6606 26.4973 0
    endloop
  endfacet
  facet normal -0.608483 -0.793567 0
    outer loop
      vertex 27.7791 28.1229 0
      vertex 27.876 28.0486 4
      vertex 27.7791 28.1229 4
    endloop
  endfacet
  facet normal -0.608483 -0.793567 -0
    outer loop
      vertex 27.876 28.0486 4
      vertex 27.7791 28.1229 0
      vertex 27.876 28.0486 0
    endloop
  endfacet
  facet normal -0.675317 -0.737528 0
    outer loop
      vertex 27.876 28.0486 0
      vertex 27.9661 27.9661 4
      vertex 27.876 28.0486 4
    endloop
  endfacet
  facet normal -0.675317 -0.737528 -0
    outer loop
      vertex 27.9661 27.9661 4
      vertex 27.876 28.0486 0
      vertex 27.9661 27.9661 0
    endloop
  endfacet
  facet normal -0.537776 -0.843088 0
    outer loop
      vertex 27.6761 28.1886 0
      vertex 27.7791 28.1229 4
      vertex 27.6761 28.1886 4
    endloop
  endfacet
  facet normal -0.537776 -0.843088 -0
    outer loop
      vertex 27.7791 28.1229 4
      vertex 27.6761 28.1886 0
      vertex 27.7791 28.1229 0
    endloop
  endfacet
  facet normal -0.461894 -0.886935 0
    outer loop
      vertex 27.5678 28.245 0
      vertex 27.6761 28.1886 4
      vertex 27.5678 28.245 4
    endloop
  endfacet
  facet normal -0.461894 -0.886935 -0
    outer loop
      vertex 27.6761 28.1886 4
      vertex 27.5678 28.245 0
      vertex 27.6761 28.1886 0
    endloop
  endfacet
  facet normal 0.675725 0.737154 -0
    outer loop
      vertex 26.0762 25.9037 0
      vertex 25.9862 25.9862 4
      vertex 26.0762 25.9037 4
    endloop
  endfacet
  facet normal 0.675725 0.737154 0
    outer loop
      vertex 25.9862 25.9862 4
      vertex 26.0762 25.9037 0
      vertex 25.9862 25.9862 0
    endloop
  endfacet
  facet normal 0.953558 -0.30121 0
    outer loop
      vertex 25.6238 27.3385 4
      vertex 25.6606 27.455 0
      vertex 25.6606 27.455 4
    endloop
  endfacet
  facet normal 0.953558 -0.30121 0
    outer loop
      vertex 25.6606 27.455 0
      vertex 25.6238 27.3385 4
      vertex 25.6238 27.3385 0
    endloop
  endfacet
  facet normal 0.99149 0.130179 0
    outer loop
      vertex 25.5974 26.733 4
      vertex 25.5815 26.8541 0
      vertex 25.5815 26.8541 4
    endloop
  endfacet
  facet normal 0.99149 0.130179 0
    outer loop
      vertex 25.5815 26.8541 0
      vertex 25.5974 26.733 4
      vertex 25.5974 26.733 0
    endloop
  endfacet
  facet normal 0.608998 0.793171 -0
    outer loop
      vertex 26.1731 25.8293 0
      vertex 26.0762 25.9037 4
      vertex 26.1731 25.8293 4
    endloop
  endfacet
  facet normal 0.608998 0.793171 0
    outer loop
      vertex 26.0762 25.9037 4
      vertex 26.1731 25.8293 0
      vertex 26.0762 25.9037 0
    endloop
  endfacet
  facet normal -0.737528 -0.675317 0
    outer loop
      vertex 28.0486 27.876 0
      vertex 27.9661 27.9661 4
      vertex 27.9661 27.9661 0
    endloop
  endfacet
  facet normal -0.737528 -0.675317 0
    outer loop
      vertex 27.9661 27.9661 4
      vertex 28.0486 27.876 0
      vertex 28.0486 27.876 4
    endloop
  endfacet
  facet normal -0.216844 -0.976206 0
    outer loop
      vertex 27.2192 28.3549 0
      vertex 27.3385 28.3284 4
      vertex 27.2192 28.3549 4
    endloop
  endfacet
  facet normal -0.216844 -0.976206 -0
    outer loop
      vertex 27.3385 28.3284 4
      vertex 27.2192 28.3549 0
      vertex 27.3385 28.3284 0
    endloop
  endfacet
  facet normal -0.793567 0.608483 0
    outer loop
      vertex 28.0486 26.0762 0
      vertex 28.1229 26.1731 4
      vertex 28.1229 26.1731 0
    endloop
  endfacet
  facet normal -0.793567 0.608483 0
    outer loop
      vertex 28.1229 26.1731 4
      vertex 28.0486 26.0762 0
      vertex 28.0486 26.0762 4
    endloop
  endfacet
  facet normal -0.382521 -0.923947 0
    outer loop
      vertex 27.455 28.2917 0
      vertex 27.5678 28.245 4
      vertex 27.455 28.2917 4
    endloop
  endfacet
  facet normal -0.382521 -0.923947 -0
    outer loop
      vertex 27.5678 28.245 4
      vertex 27.455 28.2917 0
      vertex 27.5678 28.245 0
    endloop
  endfacet
  facet normal -0.886935 -0.461894 0
    outer loop
      vertex 28.245 27.5678 0
      vertex 28.1886 27.6761 4
      vertex 28.1886 27.6761 0
    endloop
  endfacet
  facet normal -0.886935 -0.461894 0
    outer loop
      vertex 28.1886 27.6761 4
      vertex 28.245 27.5678 0
      vertex 28.245 27.5678 4
    endloop
  endfacet
  facet normal 0.923947 -0.382521 0
    outer loop
      vertex 25.6606 27.455 4
      vertex 25.7073 27.5678 0
      vertex 25.7073 27.5678 4
    endloop
  endfacet
  facet normal 0.923947 -0.382521 0
    outer loop
      vertex 25.7073 27.5678 0
      vertex 25.6606 27.455 4
      vertex 25.6606 27.455 0
    endloop
  endfacet
  facet normal 0.793171 -0.608998 0
    outer loop
      vertex 25.8293 27.7791 4
      vertex 25.9037 27.876 0
      vertex 25.9037 27.876 4
    endloop
  endfacet
  facet normal 0.793171 -0.608998 0
    outer loop
      vertex 25.9037 27.876 0
      vertex 25.8293 27.7791 4
      vertex 25.8293 27.7791 0
    endloop
  endfacet
  facet normal 0.675725 -0.737154 0
    outer loop
      vertex 25.9862 27.9661 0
      vertex 26.0762 28.0486 4
      vertex 25.9862 27.9661 4
    endloop
  endfacet
  facet normal 0.675725 -0.737154 0
    outer loop
      vertex 26.0762 28.0486 4
      vertex 25.9862 27.9661 0
      vertex 26.0762 28.0486 0
    endloop
  endfacet
  facet normal -0.30121 0.953558 0
    outer loop
      vertex 27.455 25.6606 0
      vertex 27.3385 25.6238 4
      vertex 27.455 25.6606 4
    endloop
  endfacet
  facet normal -0.30121 0.953558 0
    outer loop
      vertex 27.3385 25.6238 4
      vertex 27.455 25.6606 0
      vertex 27.3385 25.6238 0
    endloop
  endfacet
  facet normal -0.130179 0.99149 0
    outer loop
      vertex 27.2192 25.5974 0
      vertex 27.0981 25.5815 4
      vertex 27.2192 25.5974 4
    endloop
  endfacet
  facet normal -0.130179 0.99149 0
    outer loop
      vertex 27.0981 25.5815 4
      vertex 27.2192 25.5974 0
      vertex 27.0981 25.5815 0
    endloop
  endfacet
  facet normal 0.886935 -0.461894 0
    outer loop
      vertex 25.7073 27.5678 4
      vertex 25.7637 27.6761 0
      vertex 25.7637 27.6761 4
    endloop
  endfacet
  facet normal 0.886935 -0.461894 0
    outer loop
      vertex 25.7637 27.6761 0
      vertex 25.7073 27.5678 4
      vertex 25.7073 27.5678 0
    endloop
  endfacet
  facet normal -0.300465 -0.953793 0
    outer loop
      vertex 27.3385 28.3284 0
      vertex 27.455 28.2917 4
      vertex 27.3385 28.3284 4
    endloop
  endfacet
  facet normal -0.300465 -0.953793 -0
    outer loop
      vertex 27.455 28.2917 4
      vertex 27.3385 28.3284 0
      vertex 27.455 28.2917 0
    endloop
  endfacet
  facet normal -0.675317 0.737528 0
    outer loop
      vertex 27.9661 25.9862 0
      vertex 27.876 25.9037 4
      vertex 27.9661 25.9862 4
    endloop
  endfacet
  facet normal -0.675317 0.737528 0
    outer loop
      vertex 27.876 25.9037 4
      vertex 27.9661 25.9862 0
      vertex 27.876 25.9037 0
    endloop
  endfacet
  facet normal -0.130179 -0.99149 0
    outer loop
      vertex 27.0981 28.3708 0
      vertex 27.2192 28.3549 4
      vertex 27.0981 28.3708 4
    endloop
  endfacet
  facet normal -0.130179 -0.99149 -0
    outer loop
      vertex 27.2192 28.3549 4
      vertex 27.0981 28.3708 0
      vertex 27.2192 28.3549 0
    endloop
  endfacet
  facet normal -0.976168 0.217017 0
    outer loop
      vertex 28.3284 26.6138 0
      vertex 28.3549 26.733 4
      vertex 28.3549 26.733 0
    endloop
  endfacet
  facet normal -0.976168 0.217017 0
    outer loop
      vertex 28.3549 26.733 4
      vertex 28.3284 26.6138 0
      vertex 28.3284 26.6138 4
    endloop
  endfacet
  facet normal 0.999022 0.044219 0
    outer loop
      vertex 25.5815 26.8541 4
      vertex 25.5761 26.9761 0
      vertex 25.5761 26.9761 4
    endloop
  endfacet
  facet normal 0.999022 0.044219 0
    outer loop
      vertex 25.5761 26.9761 0
      vertex 25.5815 26.8541 4
      vertex 25.5815 26.8541 0
    endloop
  endfacet
  facet normal -0.953793 0.300465 0
    outer loop
      vertex 28.2917 26.4973 0
      vertex 28.3284 26.6138 4
      vertex 28.3284 26.6138 0
    endloop
  endfacet
  facet normal -0.953793 0.300465 0
    outer loop
      vertex 28.3284 26.6138 4
      vertex 28.2917 26.4973 0
      vertex 28.2917 26.4973 4
    endloop
  endfacet
  facet normal -0.216064 0.976379 0
    outer loop
      vertex 27.3385 25.6238 0
      vertex 27.2192 25.5974 4
      vertex 27.3385 25.6238 4
    endloop
  endfacet
  facet normal -0.216064 0.976379 0
    outer loop
      vertex 27.2192 25.5974 4
      vertex 27.3385 25.6238 0
      vertex 27.2192 25.5974 0
    endloop
  endfacet
  facet normal 0.044219 0.999022 -0
    outer loop
      vertex 26.9761 25.5761 0
      vertex 26.8541 25.5815 4
      vertex 26.9761 25.5761 4
    endloop
  endfacet
  facet normal 0.044219 0.999022 0
    outer loop
      vertex 26.8541 25.5815 4
      vertex 26.9761 25.5761 0
      vertex 26.8541 25.5815 0
    endloop
  endfacet
  facet normal 0.737528 -0.675317 0
    outer loop
      vertex 25.9037 27.876 4
      vertex 25.9862 27.9661 0
      vertex 25.9862 27.9661 4
    endloop
  endfacet
  facet normal 0.737528 -0.675317 0
    outer loop
      vertex 25.9862 27.9661 0
      vertex 25.9037 27.876 4
      vertex 25.9037 27.876 0
    endloop
  endfacet
  facet normal 0.843459 -0.537193 0
    outer loop
      vertex 25.7637 27.6761 4
      vertex 25.8293 27.7791 0
      vertex 25.8293 27.7791 4
    endloop
  endfacet
  facet normal 0.843459 -0.537193 0
    outer loop
      vertex 25.8293 27.7791 0
      vertex 25.7637 27.6761 4
      vertex 25.7637 27.6761 0
    endloop
  endfacet
  facet normal 0.382521 -0.923947 0
    outer loop
      vertex 26.3845 28.245 0
      vertex 26.4973 28.2917 4
      vertex 26.3845 28.245 4
    endloop
  endfacet
  facet normal 0.382521 -0.923947 0
    outer loop
      vertex 26.4973 28.2917 4
      vertex 26.3845 28.245 0
      vertex 26.4973 28.2917 0
    endloop
  endfacet
  facet normal 0.382521 0.923947 -0
    outer loop
      vertex 26.4973 25.6606 0
      vertex 26.3845 25.7073 4
      vertex 26.4973 25.6606 4
    endloop
  endfacet
  facet normal 0.382521 0.923947 0
    outer loop
      vertex 26.3845 25.7073 4
      vertex 26.4973 25.6606 0
      vertex 26.3845 25.7073 0
    endloop
  endfacet
  facet normal 0.999022 -0.044219 0
    outer loop
      vertex 25.5761 26.9761 4
      vertex 25.5815 27.0981 0
      vertex 25.5815 27.0981 4
    endloop
  endfacet
  facet normal 0.999022 -0.044219 0
    outer loop
      vertex 25.5815 27.0981 0
      vertex 25.5761 26.9761 4
      vertex 25.5761 26.9761 0
    endloop
  endfacet
  facet normal -0.843088 0.537776 0
    outer loop
      vertex 28.1229 26.1731 0
      vertex 28.1886 26.2761 4
      vertex 28.1886 26.2761 0
    endloop
  endfacet
  facet normal -0.843088 0.537776 0
    outer loop
      vertex 28.1886 26.2761 4
      vertex 28.1229 26.1731 0
      vertex 28.1229 26.1731 4
    endloop
  endfacet
  facet normal 0.843459 0.537193 0
    outer loop
      vertex 25.8293 26.1731 4
      vertex 25.7637 26.2761 0
      vertex 25.7637 26.2761 4
    endloop
  endfacet
  facet normal 0.843459 0.537193 0
    outer loop
      vertex 25.7637 26.2761 0
      vertex 25.8293 26.1731 4
      vertex 25.8293 26.1731 0
    endloop
  endfacet
  facet normal 0.537193 0.843459 -0
    outer loop
      vertex 26.2761 25.7637 0
      vertex 26.1731 25.8293 4
      vertex 26.2761 25.7637 4
    endloop
  endfacet
  facet normal 0.537193 0.843459 0
    outer loop
      vertex 26.1731 25.8293 4
      vertex 26.2761 25.7637 0
      vertex 26.1731 25.8293 0
    endloop
  endfacet
  facet normal 0.88711 0.461559 0
    outer loop
      vertex 25.7637 26.2761 4
      vertex 25.7073 26.3845 0
      vertex 25.7073 26.3845 4
    endloop
  endfacet
  facet normal 0.88711 0.461559 0
    outer loop
      vertex 25.7073 26.3845 0
      vertex 25.7637 26.2761 4
      vertex 25.7637 26.2761 0
    endloop
  endfacet
  facet normal -0.953793 -0.300465 0
    outer loop
      vertex 28.3284 27.3385 0
      vertex 28.2917 27.455 4
      vertex 28.2917 27.455 0
    endloop
  endfacet
  facet normal -0.953793 -0.300465 0
    outer loop
      vertex 28.2917 27.455 4
      vertex 28.3284 27.3385 0
      vertex 28.3284 27.3385 4
    endloop
  endfacet
  facet normal 0.0434017 -0.999058 0
    outer loop
      vertex 26.8541 28.3708 0
      vertex 26.9761 28.3761 4
      vertex 26.8541 28.3708 4
    endloop
  endfacet
  facet normal 0.0434017 -0.999058 0
    outer loop
      vertex 26.9761 28.3761 4
      vertex 26.8541 28.3708 0
      vertex 26.9761 28.3761 0
    endloop
  endfacet
  facet normal -0.382521 0.923947 0
    outer loop
      vertex 27.5678 25.7073 0
      vertex 27.455 25.6606 4
      vertex 27.5678 25.7073 4
    endloop
  endfacet
  facet normal -0.382521 0.923947 0
    outer loop
      vertex 27.455 25.6606 4
      vertex 27.5678 25.7073 0
      vertex 27.455 25.6606 0
    endloop
  endfacet
  facet normal 0.608483 -0.793567 0
    outer loop
      vertex 26.0762 28.0486 0
      vertex 26.1731 28.1229 4
      vertex 26.0762 28.0486 4
    endloop
  endfacet
  facet normal 0.608483 -0.793567 0
    outer loop
      vertex 26.1731 28.1229 4
      vertex 26.0762 28.0486 0
      vertex 26.1731 28.1229 0
    endloop
  endfacet
  facet normal -0.88711 0.461559 0
    outer loop
      vertex 28.1886 26.2761 0
      vertex 28.245 26.3845 4
      vertex 28.245 26.3845 0
    endloop
  endfacet
  facet normal -0.88711 0.461559 0
    outer loop
      vertex 28.245 26.3845 4
      vertex 28.1886 26.2761 0
      vertex 28.1886 26.2761 4
    endloop
  endfacet
  facet normal 0.976379 -0.216064 0
    outer loop
      vertex 25.5974 27.2192 4
      vertex 25.6238 27.3385 0
      vertex 25.6238 27.3385 4
    endloop
  endfacet
  facet normal 0.976379 -0.216064 0
    outer loop
      vertex 25.6238 27.3385 0
      vertex 25.5974 27.2192 4
      vertex 25.5974 27.2192 0
    endloop
  endfacet
  facet normal -0.793567 -0.608483 0
    outer loop
      vertex 28.1229 27.7791 0
      vertex 28.0486 27.876 4
      vertex 28.0486 27.876 0
    endloop
  endfacet
  facet normal -0.793567 -0.608483 0
    outer loop
      vertex 28.0486 27.876 4
      vertex 28.1229 27.7791 0
      vertex 28.1229 27.7791 4
    endloop
  endfacet
  facet normal 0.793171 0.608998 0
    outer loop
      vertex 25.9037 26.0762 4
      vertex 25.8293 26.1731 0
      vertex 25.8293 26.1731 4
    endloop
  endfacet
  facet normal 0.793171 0.608998 0
    outer loop
      vertex 25.8293 26.1731 0
      vertex 25.9037 26.0762 4
      vertex 25.9037 26.0762 0
    endloop
  endfacet
  facet normal 0.99149 -0.130179 0
    outer loop
      vertex 25.5815 27.0981 4
      vertex 25.5974 27.2192 0
      vertex 25.5974 27.2192 4
    endloop
  endfacet
  facet normal 0.99149 -0.130179 0
    outer loop
      vertex 25.5974 27.2192 0
      vertex 25.5815 27.0981 4
      vertex 25.5815 27.0981 0
    endloop
  endfacet
  facet normal -0.976206 -0.216844 0
    outer loop
      vertex 28.3549 27.2192 0
      vertex 28.3284 27.3385 4
      vertex 28.3284 27.3385 0
    endloop
  endfacet
  facet normal -0.976206 -0.216844 0
    outer loop
      vertex 28.3284 27.3385 4
      vertex 28.3549 27.2192 0
      vertex 28.3549 27.2192 4
    endloop
  endfacet
  facet normal 0.976341 0.216237 0
    outer loop
      vertex 25.6238 26.6138 4
      vertex 25.5974 26.733 0
      vertex 25.5974 26.733 4
    endloop
  endfacet
  facet normal 0.976341 0.216237 0
    outer loop
      vertex 25.5974 26.733 0
      vertex 25.6238 26.6138 4
      vertex 25.6238 26.6138 0
    endloop
  endfacet
  facet normal 0.130179 -0.99149 0
    outer loop
      vertex 26.733 28.3549 0
      vertex 26.8541 28.3708 4
      vertex 26.733 28.3549 4
    endloop
  endfacet
  facet normal 0.130179 -0.99149 0
    outer loop
      vertex 26.8541 28.3708 4
      vertex 26.733 28.3549 0
      vertex 26.8541 28.3708 0
    endloop
  endfacet
  facet normal 0.300465 -0.953793 0
    outer loop
      vertex 26.4973 28.2917 0
      vertex 26.6138 28.3284 4
      vertex 26.4973 28.2917 4
    endloop
  endfacet
  facet normal 0.300465 -0.953793 0
    outer loop
      vertex 26.6138 28.3284 4
      vertex 26.4973 28.2917 0
      vertex 26.6138 28.3284 0
    endloop
  endfacet
  facet normal -0.843088 -0.537776 0
    outer loop
      vertex 28.1886 27.6761 0
      vertex 28.1229 27.7791 4
      vertex 28.1229 27.7791 0
    endloop
  endfacet
  facet normal -0.843088 -0.537776 0
    outer loop
      vertex 28.1229 27.7791 4
      vertex 28.1886 27.6761 0
      vertex 28.1886 27.6761 4
    endloop
  endfacet
  facet normal 0.217017 -0.976168 0
    outer loop
      vertex 26.6138 28.3284 0
      vertex 26.733 28.3549 4
      vertex 26.6138 28.3284 4
    endloop
  endfacet
  facet normal 0.217017 -0.976168 0
    outer loop
      vertex 26.733 28.3549 4
      vertex 26.6138 28.3284 0
      vertex 26.733 28.3549 0
    endloop
  endfacet
  facet normal -0.737154 0.675725 0
    outer loop
      vertex 27.9661 25.9862 0
      vertex 28.0486 26.0762 4
      vertex 28.0486 26.0762 0
    endloop
  endfacet
  facet normal -0.737154 0.675725 0
    outer loop
      vertex 28.0486 26.0762 4
      vertex 27.9661 25.9862 0
      vertex 27.9661 25.9862 4
    endloop
  endfacet
  facet normal 0.130179 0.99149 -0
    outer loop
      vertex 26.8541 25.5815 0
      vertex 26.733 25.5974 4
      vertex 26.8541 25.5815 4
    endloop
  endfacet
  facet normal 0.130179 0.99149 0
    outer loop
      vertex 26.733 25.5974 4
      vertex 26.8541 25.5815 0
      vertex 26.733 25.5974 0
    endloop
  endfacet
  facet normal 0.216237 0.976341 -0
    outer loop
      vertex 26.733 25.5974 0
      vertex 26.6138 25.6238 4
      vertex 26.733 25.5974 4
    endloop
  endfacet
  facet normal 0.216237 0.976341 0
    outer loop
      vertex 26.6138 25.6238 4
      vertex 26.733 25.5974 0
      vertex 26.6138 25.6238 0
    endloop
  endfacet
  facet normal -0.99149 -0.130179 0
    outer loop
      vertex 28.3708 27.0981 0
      vertex 28.3549 27.2192 4
      vertex 28.3549 27.2192 0
    endloop
  endfacet
  facet normal -0.99149 -0.130179 0
    outer loop
      vertex 28.3549 27.2192 4
      vertex 28.3708 27.0981 0
      vertex 28.3708 27.0981 4
    endloop
  endfacet
  facet normal -0.461894 0.886935 0
    outer loop
      vertex 27.6761 25.7637 0
      vertex 27.5678 25.7073 4
      vertex 27.6761 25.7637 4
    endloop
  endfacet
  facet normal -0.461894 0.886935 0
    outer loop
      vertex 27.5678 25.7073 4
      vertex 27.6761 25.7637 0
      vertex 27.5678 25.7073 0
    endloop
  endfacet
  facet normal 0.461559 0.88711 -0
    outer loop
      vertex 26.3845 25.7073 0
      vertex 26.2761 25.7637 4
      vertex 26.3845 25.7073 4
    endloop
  endfacet
  facet normal 0.461559 0.88711 0
    outer loop
      vertex 26.2761 25.7637 4
      vertex 26.3845 25.7073 0
      vertex 26.2761 25.7637 0
    endloop
  endfacet
  facet normal -0.999058 -0.0434017 0
    outer loop
      vertex 28.3761 26.9761 0
      vertex 28.3708 27.0981 4
      vertex 28.3708 27.0981 0
    endloop
  endfacet
  facet normal -0.999058 -0.0434017 0
    outer loop
      vertex 28.3708 27.0981 4
      vertex 28.3761 26.9761 0
      vertex 28.3761 26.9761 4
    endloop
  endfacet
  facet normal -0.99149 0.130179 0
    outer loop
      vertex 28.3549 26.733 0
      vertex 28.3708 26.8541 4
      vertex 28.3708 26.8541 0
    endloop
  endfacet
  facet normal -0.99149 0.130179 0
    outer loop
      vertex 28.3708 26.8541 4
      vertex 28.3549 26.733 0
      vertex 28.3549 26.733 4
    endloop
  endfacet
  facet normal -0.0434017 -0.999058 0
    outer loop
      vertex 26.9761 28.3761 0
      vertex 27.0981 28.3708 4
      vertex 26.9761 28.3761 4
    endloop
  endfacet
  facet normal -0.0434017 -0.999058 -0
    outer loop
      vertex 27.0981 28.3708 4
      vertex 26.9761 28.3761 0
      vertex 27.0981 28.3708 0
    endloop
  endfacet
  facet normal -0.923947 0.382521 0
    outer loop
      vertex 28.245 26.3845 0
      vertex 28.2917 26.4973 4
      vertex 28.2917 26.4973 0
    endloop
  endfacet
  facet normal -0.923947 0.382521 0
    outer loop
      vertex 28.2917 26.4973 4
      vertex 28.245 26.3845 0
      vertex 28.245 26.3845 4
    endloop
  endfacet
  facet normal -0.923947 -0.382521 0
    outer loop
      vertex 28.2917 27.455 0
      vertex 28.245 27.5678 4
      vertex 28.245 27.5678 0
    endloop
  endfacet
  facet normal -0.923947 -0.382521 0
    outer loop
      vertex 28.245 27.5678 4
      vertex 28.2917 27.455 0
      vertex 28.2917 27.455 4
    endloop
  endfacet
  facet normal 0.923947 0.382521 0
    outer loop
      vertex 25.7073 26.3845 4
      vertex 25.6606 26.4973 0
      vertex 25.6606 26.4973 4
    endloop
  endfacet
  facet normal 0.923947 0.382521 0
    outer loop
      vertex 25.6606 26.4973 0
      vertex 25.7073 26.3845 4
      vertex 25.7073 26.3845 0
    endloop
  endfacet
  facet normal 0.737154 0.675725 0
    outer loop
      vertex 25.9862 25.9862 4
      vertex 25.9037 26.0762 0
      vertex 25.9037 26.0762 4
    endloop
  endfacet
  facet normal 0.737154 0.675725 0
    outer loop
      vertex 25.9037 26.0762 0
      vertex 25.9862 25.9862 4
      vertex 25.9862 25.9862 0
    endloop
  endfacet
  facet normal -0.044219 0.999022 0
    outer loop
      vertex 27.0981 25.5815 0
      vertex 26.9761 25.5761 4
      vertex 27.0981 25.5815 4
    endloop
  endfacet
  facet normal -0.044219 0.999022 0
    outer loop
      vertex 26.9761 25.5761 4
      vertex 27.0981 25.5815 0
      vertex 26.9761 25.5761 0
    endloop
  endfacet
  facet normal -0.999058 0.0434017 0
    outer loop
      vertex 28.3708 26.8541 0
      vertex 28.3761 26.9761 4
      vertex 28.3761 26.9761 0
    endloop
  endfacet
  facet normal -0.999058 0.0434017 0
    outer loop
      vertex 28.3761 26.9761 4
      vertex 28.3708 26.8541 0
      vertex 28.3708 26.8541 4
    endloop
  endfacet
  facet normal 0.461559 -0.88711 0
    outer loop
      vertex 26.2761 28.1886 0
      vertex 26.3845 28.245 4
      vertex 26.2761 28.1886 4
    endloop
  endfacet
  facet normal 0.461559 -0.88711 0
    outer loop
      vertex 26.3845 28.245 4
      vertex 26.2761 28.1886 0
      vertex 26.3845 28.245 0
    endloop
  endfacet
  facet normal -0.537193 0.843459 0
    outer loop
      vertex 27.7791 25.8293 0
      vertex 27.6761 25.7637 4
      vertex 27.7791 25.8293 4
    endloop
  endfacet
  facet normal -0.537193 0.843459 0
    outer loop
      vertex 27.6761 25.7637 4
      vertex 27.7791 25.8293 0
      vertex 27.6761 25.7637 0
    endloop
  endfacet
  facet normal 0.537776 -0.843088 0
    outer loop
      vertex 26.1731 28.1229 0
      vertex 26.2761 28.1886 4
      vertex 26.1731 28.1229 4
    endloop
  endfacet
  facet normal 0.537776 -0.843088 0
    outer loop
      vertex 26.2761 28.1886 4
      vertex 26.1731 28.1229 0
      vertex 26.2761 28.1886 0
    endloop
  endfacet
  facet normal -0.608998 0.793171 0
    outer loop
      vertex 27.876 25.9037 0
      vertex 27.7791 25.8293 4
      vertex 27.876 25.9037 4
    endloop
  endfacet
  facet normal -0.608998 0.793171 0
    outer loop
      vertex 27.7791 25.8293 4
      vertex 27.876 25.9037 0
      vertex 27.7791 25.8293 0
    endloop
  endfacet
  facet normal 0.30121 0.953558 -0
    outer loop
      vertex 26.6138 25.6238 0
      vertex 26.4973 25.6606 4
      vertex 26.6138 25.6238 4
    endloop
  endfacet
  facet normal 0.30121 0.953558 0
    outer loop
      vertex 26.4973 25.6606 4
      vertex 26.6138 25.6238 0
      vertex 26.4973 25.6606 0
    endloop
  endfacet
  facet normal -0.30121 0.953558 0
    outer loop
      vertex -26.4973 25.6606 0
      vertex -26.6138 25.6238 4
      vertex -26.4973 25.6606 4
    endloop
  endfacet
  facet normal -0.30121 0.953558 0
    outer loop
      vertex -26.6138 25.6238 4
      vertex -26.4973 25.6606 0
      vertex -26.6138 25.6238 0
    endloop
  endfacet
  facet normal 0.793567 -0.608483 0
    outer loop
      vertex -28.1229 27.7791 4
      vertex -28.0486 27.876 0
      vertex -28.0486 27.876 4
    endloop
  endfacet
  facet normal 0.793567 -0.608483 0
    outer loop
      vertex -28.0486 27.876 0
      vertex -28.1229 27.7791 4
      vertex -28.1229 27.7791 0
    endloop
  endfacet
  facet normal 0.737528 -0.675317 0
    outer loop
      vertex -28.0486 27.876 4
      vertex -27.9661 27.9661 0
      vertex -27.9661 27.9661 4
    endloop
  endfacet
  facet normal 0.737528 -0.675317 0
    outer loop
      vertex -27.9661 27.9661 0
      vertex -28.0486 27.876 4
      vertex -28.0486 27.876 0
    endloop
  endfacet
  facet normal 0.843088 -0.537776 0
    outer loop
      vertex -28.1886 27.6761 4
      vertex -28.1229 27.7791 0
      vertex -28.1229 27.7791 4
    endloop
  endfacet
  facet normal 0.843088 -0.537776 0
    outer loop
      vertex -28.1229 27.7791 0
      vertex -28.1886 27.6761 4
      vertex -28.1886 27.6761 0
    endloop
  endfacet
  facet normal 0.886935 -0.461894 0
    outer loop
      vertex -28.245 27.5678 4
      vertex -28.1886 27.6761 0
      vertex -28.1886 27.6761 4
    endloop
  endfacet
  facet normal 0.886935 -0.461894 0
    outer loop
      vertex -28.1886 27.6761 0
      vertex -28.245 27.5678 4
      vertex -28.245 27.5678 0
    endloop
  endfacet
  facet normal -0.737154 0.675725 0
    outer loop
      vertex -25.9862 25.9862 0
      vertex -25.9037 26.0762 4
      vertex -25.9037 26.0762 0
    endloop
  endfacet
  facet normal -0.737154 0.675725 0
    outer loop
      vertex -25.9037 26.0762 4
      vertex -25.9862 25.9862 0
      vertex -25.9862 25.9862 4
    endloop
  endfacet
  facet normal -0.130179 0.99149 0
    outer loop
      vertex -26.733 25.5974 0
      vertex -26.8541 25.5815 4
      vertex -26.733 25.5974 4
    endloop
  endfacet
  facet normal -0.130179 0.99149 0
    outer loop
      vertex -26.8541 25.5815 4
      vertex -26.733 25.5974 0
      vertex -26.8541 25.5815 0
    endloop
  endfacet
  facet normal -0.793171 0.608998 0
    outer loop
      vertex -25.9037 26.0762 0
      vertex -25.8293 26.1731 4
      vertex -25.8293 26.1731 0
    endloop
  endfacet
  facet normal -0.793171 0.608998 0
    outer loop
      vertex -25.8293 26.1731 4
      vertex -25.9037 26.0762 0
      vertex -25.9037 26.0762 4
    endloop
  endfacet
  facet normal 0.461894 0.886935 -0
    outer loop
      vertex -27.5678 25.7073 0
      vertex -27.6761 25.7637 4
      vertex -27.5678 25.7073 4
    endloop
  endfacet
  facet normal 0.461894 0.886935 0
    outer loop
      vertex -27.6761 25.7637 4
      vertex -27.5678 25.7073 0
      vertex -27.6761 25.7637 0
    endloop
  endfacet
  facet normal 0.675317 -0.737528 0
    outer loop
      vertex -27.9661 27.9661 0
      vertex -27.876 28.0486 4
      vertex -27.9661 27.9661 4
    endloop
  endfacet
  facet normal 0.675317 -0.737528 0
    outer loop
      vertex -27.876 28.0486 4
      vertex -27.9661 27.9661 0
      vertex -27.876 28.0486 0
    endloop
  endfacet
  facet normal 0.976206 -0.216844 0
    outer loop
      vertex -28.3549 27.2192 4
      vertex -28.3284 27.3385 0
      vertex -28.3284 27.3385 4
    endloop
  endfacet
  facet normal 0.976206 -0.216844 0
    outer loop
      vertex -28.3284 27.3385 0
      vertex -28.3549 27.2192 4
      vertex -28.3549 27.2192 0
    endloop
  endfacet
  facet normal -0.608483 -0.793567 0
    outer loop
      vertex -26.1731 28.1229 0
      vertex -26.0762 28.0486 4
      vertex -26.1731 28.1229 4
    endloop
  endfacet
  facet normal -0.608483 -0.793567 -0
    outer loop
      vertex -26.0762 28.0486 4
      vertex -26.1731 28.1229 0
      vertex -26.0762 28.0486 0
    endloop
  endfacet
  facet normal 0.923947 -0.382521 0
    outer loop
      vertex -28.2917 27.455 4
      vertex -28.245 27.5678 0
      vertex -28.245 27.5678 4
    endloop
  endfacet
  facet normal 0.923947 -0.382521 0
    outer loop
      vertex -28.245 27.5678 0
      vertex -28.2917 27.455 4
      vertex -28.2917 27.455 0
    endloop
  endfacet
  facet normal 0.461894 -0.886935 0
    outer loop
      vertex -27.6761 28.1886 0
      vertex -27.5678 28.245 4
      vertex -27.6761 28.1886 4
    endloop
  endfacet
  facet normal 0.461894 -0.886935 0
    outer loop
      vertex -27.5678 28.245 4
      vertex -27.6761 28.1886 0
      vertex -27.5678 28.245 0
    endloop
  endfacet
  facet normal 0.382521 0.923947 -0
    outer loop
      vertex -27.455 25.6606 0
      vertex -27.5678 25.7073 4
      vertex -27.455 25.6606 4
    endloop
  endfacet
  facet normal 0.382521 0.923947 0
    outer loop
      vertex -27.5678 25.7073 4
      vertex -27.455 25.6606 0
      vertex -27.5678 25.7073 0
    endloop
  endfacet
  facet normal 0.608998 0.793171 -0
    outer loop
      vertex -27.7791 25.8293 0
      vertex -27.876 25.9037 4
      vertex -27.7791 25.8293 4
    endloop
  endfacet
  facet normal 0.608998 0.793171 0
    outer loop
      vertex -27.876 25.9037 4
      vertex -27.7791 25.8293 0
      vertex -27.876 25.9037 0
    endloop
  endfacet
  facet normal -0.99149 -0.130179 0
    outer loop
      vertex -25.5815 27.0981 0
      vertex -25.5974 27.2192 4
      vertex -25.5974 27.2192 0
    endloop
  endfacet
  facet normal -0.99149 -0.130179 0
    outer loop
      vertex -25.5974 27.2192 4
      vertex -25.5815 27.0981 0
      vertex -25.5815 27.0981 4
    endloop
  endfacet
  facet normal 0.953793 -0.300465 0
    outer loop
      vertex -28.3284 27.3385 4
      vertex -28.2917 27.455 0
      vertex -28.2917 27.455 4
    endloop
  endfacet
  facet normal 0.953793 -0.300465 0
    outer loop
      vertex -28.2917 27.455 0
      vertex -28.3284 27.3385 4
      vertex -28.3284 27.3385 0
    endloop
  endfacet
  facet normal -0.737528 -0.675317 0
    outer loop
      vertex -25.9037 27.876 0
      vertex -25.9862 27.9661 4
      vertex -25.9862 27.9661 0
    endloop
  endfacet
  facet normal -0.737528 -0.675317 0
    outer loop
      vertex -25.9862 27.9661 4
      vertex -25.9037 27.876 0
      vertex -25.9037 27.876 4
    endloop
  endfacet
  facet normal 0.99149 -0.130179 0
    outer loop
      vertex -28.3708 27.0981 4
      vertex -28.3549 27.2192 0
      vertex -28.3549 27.2192 4
    endloop
  endfacet
  facet normal 0.99149 -0.130179 0
    outer loop
      vertex -28.3549 27.2192 0
      vertex -28.3708 27.0981 4
      vertex -28.3708 27.0981 0
    endloop
  endfacet
  facet normal -0.217017 -0.976168 0
    outer loop
      vertex -26.733 28.3549 0
      vertex -26.6138 28.3284 4
      vertex -26.733 28.3549 4
    endloop
  endfacet
  facet normal -0.217017 -0.976168 -0
    outer loop
      vertex -26.6138 28.3284 4
      vertex -26.733 28.3549 0
      vertex -26.6138 28.3284 0
    endloop
  endfacet
  facet normal -0.044219 0.999022 0
    outer loop
      vertex -26.8541 25.5815 0
      vertex -26.9761 25.5761 4
      vertex -26.8541 25.5815 4
    endloop
  endfacet
  facet normal -0.044219 0.999022 0
    outer loop
      vertex -26.9761 25.5761 4
      vertex -26.8541 25.5815 0
      vertex -26.9761 25.5761 0
    endloop
  endfacet
  facet normal -0.461559 -0.88711 0
    outer loop
      vertex -26.3845 28.245 0
      vertex -26.2761 28.1886 4
      vertex -26.3845 28.245 4
    endloop
  endfacet
  facet normal -0.461559 -0.88711 -0
    outer loop
      vertex -26.2761 28.1886 4
      vertex -26.3845 28.245 0
      vertex -26.2761 28.1886 0
    endloop
  endfacet
  facet normal -0.300465 -0.953793 0
    outer loop
      vertex -26.6138 28.3284 0
      vertex -26.4973 28.2917 4
      vertex -26.6138 28.3284 4
    endloop
  endfacet
  facet normal -0.300465 -0.953793 -0
    outer loop
      vertex -26.4973 28.2917 4
      vertex -26.6138 28.3284 0
      vertex -26.4973 28.2917 0
    endloop
  endfacet
  facet normal -0.999022 0.044219 0
    outer loop
      vertex -25.5815 26.8541 0
      vertex -25.5761 26.9761 4
      vertex -25.5761 26.9761 0
    endloop
  endfacet
  facet normal -0.999022 0.044219 0
    outer loop
      vertex -25.5761 26.9761 4
      vertex -25.5815 26.8541 0
      vertex -25.5815 26.8541 4
    endloop
  endfacet
  facet normal 0.675317 0.737528 -0
    outer loop
      vertex -27.876 25.9037 0
      vertex -27.9661 25.9862 4
      vertex -27.876 25.9037 4
    endloop
  endfacet
  facet normal 0.675317 0.737528 0
    outer loop
      vertex -27.9661 25.9862 4
      vertex -27.876 25.9037 0
      vertex -27.9661 25.9862 0
    endloop
  endfacet
  facet normal -0.923947 0.382521 0
    outer loop
      vertex -25.7073 26.3845 0
      vertex -25.6606 26.4973 4
      vertex -25.6606 26.4973 0
    endloop
  endfacet
  facet normal -0.923947 0.382521 0
    outer loop
      vertex -25.6606 26.4973 4
      vertex -25.7073 26.3845 0
      vertex -25.7073 26.3845 4
    endloop
  endfacet
  facet normal 0.30121 0.953558 -0
    outer loop
      vertex -27.3385 25.6238 0
      vertex -27.455 25.6606 4
      vertex -27.3385 25.6238 4
    endloop
  endfacet
  facet normal 0.30121 0.953558 0
    outer loop
      vertex -27.455 25.6606 4
      vertex -27.3385 25.6238 0
      vertex -27.455 25.6606 0
    endloop
  endfacet
  facet normal 0.044219 0.999022 -0
    outer loop
      vertex -26.9761 25.5761 0
      vertex -27.0981 25.5815 4
      vertex -26.9761 25.5761 4
    endloop
  endfacet
  facet normal 0.044219 0.999022 0
    outer loop
      vertex -27.0981 25.5815 4
      vertex -26.9761 25.5761 0
      vertex -27.0981 25.5815 0
    endloop
  endfacet
  facet normal -0.537193 0.843459 0
    outer loop
      vertex -26.1731 25.8293 0
      vertex -26.2761 25.7637 4
      vertex -26.1731 25.8293 4
    endloop
  endfacet
  facet normal -0.537193 0.843459 0
    outer loop
      vertex -26.2761 25.7637 4
      vertex -26.1731 25.8293 0
      vertex -26.2761 25.7637 0
    endloop
  endfacet
  facet normal -0.843459 0.537193 0
    outer loop
      vertex -25.8293 26.1731 0
      vertex -25.7637 26.2761 4
      vertex -25.7637 26.2761 0
    endloop
  endfacet
  facet normal -0.843459 0.537193 0
    outer loop
      vertex -25.7637 26.2761 4
      vertex -25.8293 26.1731 0
      vertex -25.8293 26.1731 4
    endloop
  endfacet
  facet normal -0.461559 0.88711 0
    outer loop
      vertex -26.2761 25.7637 0
      vertex -26.3845 25.7073 4
      vertex -26.2761 25.7637 4
    endloop
  endfacet
  facet normal -0.461559 0.88711 0
    outer loop
      vertex -26.3845 25.7073 4
      vertex -26.2761 25.7637 0
      vertex -26.3845 25.7073 0
    endloop
  endfacet
  facet normal -0.0434017 -0.999058 0
    outer loop
      vertex -26.9761 28.3761 0
      vertex -26.8541 28.3708 4
      vertex -26.9761 28.3761 4
    endloop
  endfacet
  facet normal -0.0434017 -0.999058 -0
    outer loop
      vertex -26.8541 28.3708 4
      vertex -26.9761 28.3761 0
      vertex -26.8541 28.3708 0
    endloop
  endfacet
  facet normal 0.300465 -0.953793 0
    outer loop
      vertex -27.455 28.2917 0
      vertex -27.3385 28.3284 4
      vertex -27.455 28.2917 4
    endloop
  endfacet
  facet normal 0.300465 -0.953793 0
    outer loop
      vertex -27.3385 28.3284 4
      vertex -27.455 28.2917 0
      vertex -27.3385 28.3284 0
    endloop
  endfacet
  facet normal 0.999058 0.0434017 0
    outer loop
      vertex -28.3708 26.8541 4
      vertex -28.3761 26.9761 0
      vertex -28.3761 26.9761 4
    endloop
  endfacet
  facet normal 0.999058 0.0434017 0
    outer loop
      vertex -28.3761 26.9761 0
      vertex -28.3708 26.8541 4
      vertex -28.3708 26.8541 0
    endloop
  endfacet
  facet normal -0.923947 -0.382521 0
    outer loop
      vertex -25.6606 27.455 0
      vertex -25.7073 27.5678 4
      vertex -25.7073 27.5678 0
    endloop
  endfacet
  facet normal -0.923947 -0.382521 0
    outer loop
      vertex -25.7073 27.5678 4
      vertex -25.6606 27.455 0
      vertex -25.6606 27.455 4
    endloop
  endfacet
  facet normal 0.793567 0.608483 0
    outer loop
      vertex -28.0486 26.0762 4
      vertex -28.1229 26.1731 0
      vertex -28.1229 26.1731 4
    endloop
  endfacet
  facet normal 0.793567 0.608483 0
    outer loop
      vertex -28.1229 26.1731 0
      vertex -28.0486 26.0762 4
      vertex -28.0486 26.0762 0
    endloop
  endfacet
  facet normal 0.608483 -0.793567 0
    outer loop
      vertex -27.876 28.0486 0
      vertex -27.7791 28.1229 4
      vertex -27.876 28.0486 4
    endloop
  endfacet
  facet normal 0.608483 -0.793567 0
    outer loop
      vertex -27.7791 28.1229 4
      vertex -27.876 28.0486 0
      vertex -27.7791 28.1229 0
    endloop
  endfacet
  facet normal -0.608998 0.793171 0
    outer loop
      vertex -26.0762 25.9037 0
      vertex -26.1731 25.8293 4
      vertex -26.0762 25.9037 4
    endloop
  endfacet
  facet normal -0.608998 0.793171 0
    outer loop
      vertex -26.1731 25.8293 4
      vertex -26.0762 25.9037 0
      vertex -26.1731 25.8293 0
    endloop
  endfacet
  facet normal 0.216844 -0.976206 0
    outer loop
      vertex -27.3385 28.3284 0
      vertex -27.2192 28.3549 4
      vertex -27.3385 28.3284 4
    endloop
  endfacet
  facet normal 0.216844 -0.976206 0
    outer loop
      vertex -27.2192 28.3549 4
      vertex -27.3385 28.3284 0
      vertex -27.2192 28.3549 0
    endloop
  endfacet
  facet normal -0.216237 0.976341 0
    outer loop
      vertex -26.6138 25.6238 0
      vertex -26.733 25.5974 4
      vertex -26.6138 25.6238 4
    endloop
  endfacet
  facet normal -0.216237 0.976341 0
    outer loop
      vertex -26.733 25.5974 4
      vertex -26.6138 25.6238 0
      vertex -26.733 25.5974 0
    endloop
  endfacet
  facet normal 0.99149 0.130179 0
    outer loop
      vertex -28.3549 26.733 4
      vertex -28.3708 26.8541 0
      vertex -28.3708 26.8541 4
    endloop
  endfacet
  facet normal 0.99149 0.130179 0
    outer loop
      vertex -28.3708 26.8541 0
      vertex -28.3549 26.733 4
      vertex -28.3549 26.733 0
    endloop
  endfacet
  facet normal 0.953793 0.300465 0
    outer loop
      vertex -28.2917 26.4973 4
      vertex -28.3284 26.6138 0
      vertex -28.3284 26.6138 4
    endloop
  endfacet
  facet normal 0.953793 0.300465 0
    outer loop
      vertex -28.3284 26.6138 0
      vertex -28.2917 26.4973 4
      vertex -28.2917 26.4973 0
    endloop
  endfacet
  facet normal 0.923947 0.382521 0
    outer loop
      vertex -28.245 26.3845 4
      vertex -28.2917 26.4973 0
      vertex -28.2917 26.4973 4
    endloop
  endfacet
  facet normal 0.923947 0.382521 0
    outer loop
      vertex -28.2917 26.4973 0
      vertex -28.245 26.3845 4
      vertex -28.245 26.3845 0
    endloop
  endfacet
  facet normal 0.537776 -0.843088 0
    outer loop
      vertex -27.7791 28.1229 0
      vertex -27.6761 28.1886 4
      vertex -27.7791 28.1229 4
    endloop
  endfacet
  facet normal 0.537776 -0.843088 0
    outer loop
      vertex -27.6761 28.1886 4
      vertex -27.7791 28.1229 0
      vertex -27.6761 28.1886 0
    endloop
  endfacet
  facet normal 0.976168 0.217017 0
    outer loop
      vertex -28.3284 26.6138 4
      vertex -28.3549 26.733 0
      vertex -28.3549 26.733 4
    endloop
  endfacet
  facet normal 0.976168 0.217017 0
    outer loop
      vertex -28.3549 26.733 0
      vertex -28.3284 26.6138 4
      vertex -28.3284 26.6138 0
    endloop
  endfacet
  facet normal -0.953558 -0.30121 0
    outer loop
      vertex -25.6238 27.3385 0
      vertex -25.6606 27.455 4
      vertex -25.6606 27.455 0
    endloop
  endfacet
  facet normal -0.953558 -0.30121 0
    outer loop
      vertex -25.6606 27.455 4
      vertex -25.6238 27.3385 0
      vertex -25.6238 27.3385 4
    endloop
  endfacet
  facet normal -0.99149 0.130179 0
    outer loop
      vertex -25.5974 26.733 0
      vertex -25.5815 26.8541 4
      vertex -25.5815 26.8541 0
    endloop
  endfacet
  facet normal -0.99149 0.130179 0
    outer loop
      vertex -25.5815 26.8541 4
      vertex -25.5974 26.733 0
      vertex -25.5974 26.733 4
    endloop
  endfacet
  facet normal -0.976341 0.216237 0
    outer loop
      vertex -25.6238 26.6138 0
      vertex -25.5974 26.733 4
      vertex -25.5974 26.733 0
    endloop
  endfacet
  facet normal -0.976341 0.216237 0
    outer loop
      vertex -25.5974 26.733 4
      vertex -25.6238 26.6138 0
      vertex -25.6238 26.6138 4
    endloop
  endfacet
  facet normal 0.737154 0.675725 0
    outer loop
      vertex -27.9661 25.9862 4
      vertex -28.0486 26.0762 0
      vertex -28.0486 26.0762 4
    endloop
  endfacet
  facet normal 0.737154 0.675725 0
    outer loop
      vertex -28.0486 26.0762 0
      vertex -27.9661 25.9862 4
      vertex -27.9661 25.9862 0
    endloop
  endfacet
  facet normal 0.130179 -0.99149 0
    outer loop
      vertex -27.2192 28.3549 0
      vertex -27.0981 28.3708 4
      vertex -27.2192 28.3549 4
    endloop
  endfacet
  facet normal 0.130179 -0.99149 0
    outer loop
      vertex -27.0981 28.3708 4
      vertex -27.2192 28.3549 0
      vertex -27.0981 28.3708 0
    endloop
  endfacet
  facet normal -0.886935 -0.461894 0
    outer loop
      vertex -25.7073 27.5678 0
      vertex -25.7637 27.6761 4
      vertex -25.7637 27.6761 0
    endloop
  endfacet
  facet normal -0.886935 -0.461894 0
    outer loop
      vertex -25.7637 27.6761 4
      vertex -25.7073 27.5678 0
      vertex -25.7073 27.5678 4
    endloop
  endfacet
  facet normal -0.999022 -0.044219 0
    outer loop
      vertex -25.5761 26.9761 0
      vertex -25.5815 27.0981 4
      vertex -25.5815 27.0981 0
    endloop
  endfacet
  facet normal -0.999022 -0.044219 0
    outer loop
      vertex -25.5815 27.0981 4
      vertex -25.5761 26.9761 0
      vertex -25.5761 26.9761 4
    endloop
  endfacet
  facet normal 0.216064 0.976379 -0
    outer loop
      vertex -27.2192 25.5974 0
      vertex -27.3385 25.6238 4
      vertex -27.2192 25.5974 4
    endloop
  endfacet
  facet normal 0.216064 0.976379 0
    outer loop
      vertex -27.3385 25.6238 4
      vertex -27.2192 25.5974 0
      vertex -27.3385 25.6238 0
    endloop
  endfacet
  facet normal -0.88711 0.461559 0
    outer loop
      vertex -25.7637 26.2761 0
      vertex -25.7073 26.3845 4
      vertex -25.7073 26.3845 0
    endloop
  endfacet
  facet normal -0.88711 0.461559 0
    outer loop
      vertex -25.7073 26.3845 4
      vertex -25.7637 26.2761 0
      vertex -25.7637 26.2761 4
    endloop
  endfacet
  facet normal 0.0434017 -0.999058 0
    outer loop
      vertex -27.0981 28.3708 0
      vertex -26.9761 28.3761 4
      vertex -27.0981 28.3708 4
    endloop
  endfacet
  facet normal 0.0434017 -0.999058 0
    outer loop
      vertex -26.9761 28.3761 4
      vertex -27.0981 28.3708 0
      vertex -26.9761 28.3761 0
    endloop
  endfacet
  facet normal -0.976379 -0.216064 0
    outer loop
      vertex -25.5974 27.2192 0
      vertex -25.6238 27.3385 4
      vertex -25.6238 27.3385 0
    endloop
  endfacet
  facet normal -0.976379 -0.216064 0
    outer loop
      vertex -25.6238 27.3385 4
      vertex -25.5974 27.2192 0
      vertex -25.5974 27.2192 4
    endloop
  endfacet
  facet normal -0.675725 -0.737154 0
    outer loop
      vertex -26.0762 28.0486 0
      vertex -25.9862 27.9661 4
      vertex -26.0762 28.0486 4
    endloop
  endfacet
  facet normal -0.675725 -0.737154 -0
    outer loop
      vertex -25.9862 27.9661 4
      vertex -26.0762 28.0486 0
      vertex -25.9862 27.9661 0
    endloop
  endfacet
  facet normal 0.130179 0.99149 -0
    outer loop
      vertex -27.0981 25.5815 0
      vertex -27.2192 25.5974 4
      vertex -27.0981 25.5815 4
    endloop
  endfacet
  facet normal 0.130179 0.99149 0
    outer loop
      vertex -27.2192 25.5974 4
      vertex -27.0981 25.5815 0
      vertex -27.2192 25.5974 0
    endloop
  endfacet
  facet normal 0.999058 -0.0434017 0
    outer loop
      vertex -28.3761 26.9761 4
      vertex -28.3708 27.0981 0
      vertex -28.3708 27.0981 4
    endloop
  endfacet
  facet normal 0.999058 -0.0434017 0
    outer loop
      vertex -28.3708 27.0981 0
      vertex -28.3761 26.9761 4
      vertex -28.3761 26.9761 0
    endloop
  endfacet
  facet normal -0.537776 -0.843088 0
    outer loop
      vertex -26.2761 28.1886 0
      vertex -26.1731 28.1229 4
      vertex -26.2761 28.1886 4
    endloop
  endfacet
  facet normal -0.537776 -0.843088 -0
    outer loop
      vertex -26.1731 28.1229 4
      vertex -26.2761 28.1886 0
      vertex -26.1731 28.1229 0
    endloop
  endfacet
  facet normal 0.537193 0.843459 -0
    outer loop
      vertex -27.6761 25.7637 0
      vertex -27.7791 25.8293 4
      vertex -27.6761 25.7637 4
    endloop
  endfacet
  facet normal 0.537193 0.843459 0
    outer loop
      vertex -27.7791 25.8293 4
      vertex -27.6761 25.7637 0
      vertex -27.7791 25.8293 0
    endloop
  endfacet
  facet normal -0.382521 -0.923947 0
    outer loop
      vertex -26.4973 28.2917 0
      vertex -26.3845 28.245 4
      vertex -26.4973 28.2917 4
    endloop
  endfacet
  facet normal -0.382521 -0.923947 -0
    outer loop
      vertex -26.3845 28.245 4
      vertex -26.4973 28.2917 0
      vertex -26.3845 28.245 0
    endloop
  endfacet
  facet normal -0.130179 -0.99149 0
    outer loop
      vertex -26.8541 28.3708 0
      vertex -26.733 28.3549 4
      vertex -26.8541 28.3708 4
    endloop
  endfacet
  facet normal -0.130179 -0.99149 -0
    outer loop
      vertex -26.733 28.3549 4
      vertex -26.8541 28.3708 0
      vertex -26.733 28.3549 0
    endloop
  endfacet
  facet normal 0.382521 -0.923947 0
    outer loop
      vertex -27.5678 28.245 0
      vertex -27.455 28.2917 4
      vertex -27.5678 28.245 4
    endloop
  endfacet
  facet normal 0.382521 -0.923947 0
    outer loop
      vertex -27.455 28.2917 4
      vertex -27.5678 28.245 0
      vertex -27.455 28.2917 0
    endloop
  endfacet
  facet normal -0.382521 0.923947 0
    outer loop
      vertex -26.3845 25.7073 0
      vertex -26.4973 25.6606 4
      vertex -26.3845 25.7073 4
    endloop
  endfacet
  facet normal -0.382521 0.923947 0
    outer loop
      vertex -26.4973 25.6606 4
      vertex -26.3845 25.7073 0
      vertex -26.4973 25.6606 0
    endloop
  endfacet
  facet normal -0.843459 -0.537193 0
    outer loop
      vertex -25.7637 27.6761 0
      vertex -25.8293 27.7791 4
      vertex -25.8293 27.7791 0
    endloop
  endfacet
  facet normal -0.843459 -0.537193 0
    outer loop
      vertex -25.8293 27.7791 4
      vertex -25.7637 27.6761 0
      vertex -25.7637 27.6761 4
    endloop
  endfacet
  facet normal -0.675725 0.737154 0
    outer loop
      vertex -25.9862 25.9862 0
      vertex -26.0762 25.9037 4
      vertex -25.9862 25.9862 4
    endloop
  endfacet
  facet normal -0.675725 0.737154 0
    outer loop
      vertex -26.0762 25.9037 4
      vertex -25.9862 25.9862 0
      vertex -26.0762 25.9037 0
    endloop
  endfacet
  facet normal 0.88711 0.461559 0
    outer loop
      vertex -28.1886 26.2761 4
      vertex -28.245 26.3845 0
      vertex -28.245 26.3845 4
    endloop
  endfacet
  facet normal 0.88711 0.461559 0
    outer loop
      vertex -28.245 26.3845 0
      vertex -28.1886 26.2761 4
      vertex -28.1886 26.2761 0
    endloop
  endfacet
  facet normal 0.843088 0.537776 0
    outer loop
      vertex -28.1229 26.1731 4
      vertex -28.1886 26.2761 0
      vertex -28.1886 26.2761 4
    endloop
  endfacet
  facet normal 0.843088 0.537776 0
    outer loop
      vertex -28.1886 26.2761 0
      vertex -28.1229 26.1731 4
      vertex -28.1229 26.1731 0
    endloop
  endfacet
  facet normal -0.793171 -0.608998 0
    outer loop
      vertex -25.8293 27.7791 0
      vertex -25.9037 27.876 4
      vertex -25.9037 27.876 0
    endloop
  endfacet
  facet normal -0.793171 -0.608998 0
    outer loop
      vertex -25.9037 27.876 4
      vertex -25.8293 27.7791 0
      vertex -25.8293 27.7791 4
    endloop
  endfacet
  facet normal -0.953558 0.30121 0
    outer loop
      vertex -25.6606 26.4973 0
      vertex -25.6238 26.6138 4
      vertex -25.6238 26.6138 0
    endloop
  endfacet
  facet normal -0.953558 0.30121 0
    outer loop
      vertex -25.6238 26.6138 4
      vertex -25.6606 26.4973 0
      vertex -25.6606 26.4973 4
    endloop
  endfacet
  facet normal -0.953558 -0.30121 0
    outer loop
      vertex -25.6238 -26.6138 0
      vertex -25.6606 -26.4973 4
      vertex -25.6606 -26.4973 0
    endloop
  endfacet
  facet normal -0.953558 -0.30121 0
    outer loop
      vertex -25.6606 -26.4973 4
      vertex -25.6238 -26.6138 0
      vertex -25.6238 -26.6138 4
    endloop
  endfacet
  facet normal 0.537776 0.843088 -0
    outer loop
      vertex -27.6761 -28.1886 0
      vertex -27.7791 -28.1229 4
      vertex -27.6761 -28.1886 4
    endloop
  endfacet
  facet normal 0.537776 0.843088 0
    outer loop
      vertex -27.7791 -28.1229 4
      vertex -27.6761 -28.1886 0
      vertex -27.7791 -28.1229 0
    endloop
  endfacet
  facet normal 0.461894 0.886935 -0
    outer loop
      vertex -27.5678 -28.245 0
      vertex -27.6761 -28.1886 4
      vertex -27.5678 -28.245 4
    endloop
  endfacet
  facet normal 0.461894 0.886935 0
    outer loop
      vertex -27.6761 -28.1886 4
      vertex -27.5678 -28.245 0
      vertex -27.6761 -28.1886 0
    endloop
  endfacet
  facet normal -0.675725 -0.737154 0
    outer loop
      vertex -26.0762 -25.9037 0
      vertex -25.9862 -25.9862 4
      vertex -26.0762 -25.9037 4
    endloop
  endfacet
  facet normal -0.675725 -0.737154 -0
    outer loop
      vertex -25.9862 -25.9862 4
      vertex -26.0762 -25.9037 0
      vertex -25.9862 -25.9862 0
    endloop
  endfacet
  facet normal -0.99149 -0.130179 0
    outer loop
      vertex -25.5815 -26.8541 0
      vertex -25.5974 -26.733 4
      vertex -25.5974 -26.733 0
    endloop
  endfacet
  facet normal -0.99149 -0.130179 0
    outer loop
      vertex -25.5974 -26.733 4
      vertex -25.5815 -26.8541 0
      vertex -25.5815 -26.8541 4
    endloop
  endfacet
  facet normal -0.886935 0.461894 0
    outer loop
      vertex -25.7637 -27.6761 0
      vertex -25.7073 -27.5678 4
      vertex -25.7073 -27.5678 0
    endloop
  endfacet
  facet normal -0.886935 0.461894 0
    outer loop
      vertex -25.7073 -27.5678 4
      vertex -25.7637 -27.6761 0
      vertex -25.7637 -27.6761 4
    endloop
  endfacet
  facet normal 0.737528 0.675317 0
    outer loop
      vertex -27.9661 -27.9661 4
      vertex -28.0486 -27.876 0
      vertex -28.0486 -27.876 4
    endloop
  endfacet
  facet normal 0.737528 0.675317 0
    outer loop
      vertex -28.0486 -27.876 0
      vertex -27.9661 -27.9661 4
      vertex -27.9661 -27.9661 0
    endloop
  endfacet
  facet normal 0.216844 0.976206 -0
    outer loop
      vertex -27.2192 -28.3549 0
      vertex -27.3385 -28.3284 4
      vertex -27.2192 -28.3549 4
    endloop
  endfacet
  facet normal 0.216844 0.976206 0
    outer loop
      vertex -27.3385 -28.3284 4
      vertex -27.2192 -28.3549 0
      vertex -27.3385 -28.3284 0
    endloop
  endfacet
  facet normal 0.793567 -0.608483 0
    outer loop
      vertex -28.1229 -26.1731 4
      vertex -28.0486 -26.0762 0
      vertex -28.0486 -26.0762 4
    endloop
  endfacet
  facet normal 0.793567 -0.608483 0
    outer loop
      vertex -28.0486 -26.0762 0
      vertex -28.1229 -26.1731 4
      vertex -28.1229 -26.1731 0
    endloop
  endfacet
  facet normal 0.382521 0.923947 -0
    outer loop
      vertex -27.455 -28.2917 0
      vertex -27.5678 -28.245 4
      vertex -27.455 -28.2917 4
    endloop
  endfacet
  facet normal 0.382521 0.923947 0
    outer loop
      vertex -27.5678 -28.245 4
      vertex -27.455 -28.2917 0
      vertex -27.5678 -28.245 0
    endloop
  endfacet
  facet normal 0.675317 0.737528 -0
    outer loop
      vertex -27.876 -28.0486 0
      vertex -27.9661 -27.9661 4
      vertex -27.876 -28.0486 4
    endloop
  endfacet
  facet normal 0.675317 0.737528 0
    outer loop
      vertex -27.9661 -27.9661 4
      vertex -27.876 -28.0486 0
      vertex -27.9661 -27.9661 0
    endloop
  endfacet
  facet normal -0.923947 0.382521 0
    outer loop
      vertex -25.7073 -27.5678 0
      vertex -25.6606 -27.455 4
      vertex -25.6606 -27.455 0
    endloop
  endfacet
  facet normal -0.923947 0.382521 0
    outer loop
      vertex -25.6606 -27.455 4
      vertex -25.7073 -27.5678 0
      vertex -25.7073 -27.5678 4
    endloop
  endfacet
  facet normal -0.793171 0.608998 0
    outer loop
      vertex -25.9037 -27.876 0
      vertex -25.8293 -27.7791 4
      vertex -25.8293 -27.7791 0
    endloop
  endfacet
  facet normal -0.793171 0.608998 0
    outer loop
      vertex -25.8293 -27.7791 4
      vertex -25.9037 -27.876 0
      vertex -25.9037 -27.876 4
    endloop
  endfacet
  facet normal 0.130179 -0.99149 0
    outer loop
      vertex -27.2192 -25.5974 0
      vertex -27.0981 -25.5815 4
      vertex -27.2192 -25.5974 4
    endloop
  endfacet
  facet normal 0.130179 -0.99149 0
    outer loop
      vertex -27.0981 -25.5815 4
      vertex -27.2192 -25.5974 0
      vertex -27.0981 -25.5815 0
    endloop
  endfacet
  facet normal 0.793567 0.608483 0
    outer loop
      vertex -28.0486 -27.876 4
      vertex -28.1229 -27.7791 0
      vertex -28.1229 -27.7791 4
    endloop
  endfacet
  facet normal 0.793567 0.608483 0
    outer loop
      vertex -28.1229 -27.7791 0
      vertex -28.0486 -27.876 4
      vertex -28.0486 -27.876 0
    endloop
  endfacet
  facet normal 0.675317 -0.737528 0
    outer loop
      vertex -27.9661 -25.9862 0
      vertex -27.876 -25.9037 4
      vertex -27.9661 -25.9862 4
    endloop
  endfacet
  facet normal 0.675317 -0.737528 0
    outer loop
      vertex -27.876 -25.9037 4
      vertex -27.9661 -25.9862 0
      vertex -27.876 -25.9037 0
    endloop
  endfacet
  facet normal 0.976168 -0.217017 0
    outer loop
      vertex -28.3549 -26.733 4
      vertex -28.3284 -26.6138 0
      vertex -28.3284 -26.6138 4
    endloop
  endfacet
  facet normal 0.976168 -0.217017 0
    outer loop
      vertex -28.3284 -26.6138 0
      vertex -28.3549 -26.733 4
      vertex -28.3549 -26.733 0
    endloop
  endfacet
  facet normal -0.976341 -0.216237 0
    outer loop
      vertex -25.5974 -26.733 0
      vertex -25.6238 -26.6138 4
      vertex -25.6238 -26.6138 0
    endloop
  endfacet
  facet normal -0.976341 -0.216237 0
    outer loop
      vertex -25.6238 -26.6138 4
      vertex -25.5974 -26.733 0
      vertex -25.5974 -26.733 4
    endloop
  endfacet
  facet normal 0.88711 -0.461559 0
    outer loop
      vertex -28.245 -26.3845 4
      vertex -28.1886 -26.2761 0
      vertex -28.1886 -26.2761 4
    endloop
  endfacet
  facet normal 0.88711 -0.461559 0
    outer loop
      vertex -28.1886 -26.2761 0
      vertex -28.245 -26.3845 4
      vertex -28.245 -26.3845 0
    endloop
  endfacet
  facet normal 0.953793 -0.300465 0
    outer loop
      vertex -28.3284 -26.6138 4
      vertex -28.2917 -26.4973 0
      vertex -28.2917 -26.4973 4
    endloop
  endfacet
  facet normal 0.953793 -0.300465 0
    outer loop
      vertex -28.2917 -26.4973 0
      vertex -28.3284 -26.6138 4
      vertex -28.3284 -26.6138 0
    endloop
  endfacet
  facet normal -0.044219 -0.999022 0
    outer loop
      vertex -26.9761 -25.5761 0
      vertex -26.8541 -25.5815 4
      vertex -26.9761 -25.5761 4
    endloop
  endfacet
  facet normal -0.044219 -0.999022 -0
    outer loop
      vertex -26.8541 -25.5815 4
      vertex -26.9761 -25.5761 0
      vertex -26.8541 -25.5815 0
    endloop
  endfacet
  facet normal -0.737528 0.675317 0
    outer loop
      vertex -25.9862 -27.9661 0
      vertex -25.9037 -27.876 4
      vertex -25.9037 -27.876 0
    endloop
  endfacet
  facet normal -0.737528 0.675317 0
    outer loop
      vertex -25.9037 -27.876 4
      vertex -25.9862 -27.9661 0
      vertex -25.9862 -27.9661 4
    endloop
  endfacet
  facet normal -0.843459 0.537193 0
    outer loop
      vertex -25.8293 -27.7791 0
      vertex -25.7637 -27.6761 4
      vertex -25.7637 -27.6761 0
    endloop
  endfacet
  facet normal -0.843459 0.537193 0
    outer loop
      vertex -25.7637 -27.6761 4
      vertex -25.8293 -27.7791 0
      vertex -25.8293 -27.7791 4
    endloop
  endfacet
  facet normal -0.953558 0.30121 0
    outer loop
      vertex -25.6606 -27.455 0
      vertex -25.6238 -27.3385 4
      vertex -25.6238 -27.3385 0
    endloop
  endfacet
  facet normal -0.953558 0.30121 0
    outer loop
      vertex -25.6238 -27.3385 4
      vertex -25.6606 -27.455 0
      vertex -25.6606 -27.455 4
    endloop
  endfacet
  facet normal -0.999022 0.044219 0
    outer loop
      vertex -25.5815 -27.0981 0
      vertex -25.5761 -26.9761 4
      vertex -25.5761 -26.9761 0
    endloop
  endfacet
  facet normal -0.999022 0.044219 0
    outer loop
      vertex -25.5761 -26.9761 4
      vertex -25.5815 -27.0981 0
      vertex -25.5815 -27.0981 4
    endloop
  endfacet
  facet normal -0.537193 -0.843459 0
    outer loop
      vertex -26.2761 -25.7637 0
      vertex -26.1731 -25.8293 4
      vertex -26.2761 -25.7637 4
    endloop
  endfacet
  facet normal -0.537193 -0.843459 -0
    outer loop
      vertex -26.1731 -25.8293 4
      vertex -26.2761 -25.7637 0
      vertex -26.1731 -25.8293 0
    endloop
  endfacet
  facet normal -0.608998 -0.793171 0
    outer loop
      vertex -26.1731 -25.8293 0
      vertex -26.0762 -25.9037 4
      vertex -26.1731 -25.8293 4
    endloop
  endfacet
  facet normal -0.608998 -0.793171 -0
    outer loop
      vertex -26.0762 -25.9037 4
      vertex -26.1731 -25.8293 0
      vertex -26.0762 -25.9037 0
    endloop
  endfacet
  facet normal -0.843459 -0.537193 0
    outer loop
      vertex -25.7637 -26.2761 0
      vertex -25.8293 -26.1731 4
      vertex -25.8293 -26.1731 0
    endloop
  endfacet
  facet normal -0.843459 -0.537193 0
    outer loop
      vertex -25.8293 -26.1731 4
      vertex -25.7637 -26.2761 0
      vertex -25.7637 -26.2761 4
    endloop
  endfacet
  facet normal -0.537776 0.843088 0
    outer loop
      vertex -26.1731 -28.1229 0
      vertex -26.2761 -28.1886 4
      vertex -26.1731 -28.1229 4
    endloop
  endfacet
  facet normal -0.537776 0.843088 0
    outer loop
      vertex -26.2761 -28.1886 4
      vertex -26.1731 -28.1229 0
      vertex -26.2761 -28.1886 0
    endloop
  endfacet
  facet normal 0.999058 -0.0434017 0
    outer loop
      vertex -28.3761 -26.9761 4
      vertex -28.3708 -26.8541 0
      vertex -28.3708 -26.8541 4
    endloop
  endfacet
  facet normal 0.999058 -0.0434017 0
    outer loop
      vertex -28.3708 -26.8541 0
      vertex -28.3761 -26.9761 4
      vertex -28.3761 -26.9761 0
    endloop
  endfacet
  facet normal 0.953793 0.300465 0
    outer loop
      vertex -28.2917 -27.455 4
      vertex -28.3284 -27.3385 0
      vertex -28.3284 -27.3385 4
    endloop
  endfacet
  facet normal 0.953793 0.300465 0
    outer loop
      vertex -28.3284 -27.3385 0
      vertex -28.2917 -27.455 4
      vertex -28.2917 -27.455 0
    endloop
  endfacet
  facet normal -0.0434017 0.999058 0
    outer loop
      vertex -26.8541 -28.3708 0
      vertex -26.9761 -28.3761 4
      vertex -26.8541 -28.3708 4
    endloop
  endfacet
  facet normal -0.0434017 0.999058 0
    outer loop
      vertex -26.9761 -28.3761 4
      vertex -26.8541 -28.3708 0
      vertex -26.9761 -28.3761 0
    endloop
  endfacet
  facet normal 0.382521 -0.923947 0
    outer loop
      vertex -27.5678 -25.7073 0
      vertex -27.455 -25.6606 4
      vertex -27.5678 -25.7073 4
    endloop
  endfacet
  facet normal 0.382521 -0.923947 0
    outer loop
      vertex -27.455 -25.6606 4
      vertex -27.5678 -25.7073 0
      vertex -27.455 -25.6606 0
    endloop
  endfacet
  facet normal -0.608483 0.793567 0
    outer loop
      vertex -26.0762 -28.0486 0
      vertex -26.1731 -28.1229 4
      vertex -26.0762 -28.0486 4
    endloop
  endfacet
  facet normal -0.608483 0.793567 0
    outer loop
      vertex -26.1731 -28.1229 4
      vertex -26.0762 -28.0486 0
      vertex -26.1731 -28.1229 0
    endloop
  endfacet
  facet normal 0.300465 0.953793 -0
    outer loop
      vertex -27.3385 -28.3284 0
      vertex -27.455 -28.2917 4
      vertex -27.3385 -28.3284 4
    endloop
  endfacet
  facet normal 0.300465 0.953793 0
    outer loop
      vertex -27.455 -28.2917 4
      vertex -27.3385 -28.3284 0
      vertex -27.455 -28.2917 0
    endloop
  endfacet
  facet normal 0.130179 0.99149 -0
    outer loop
      vertex -27.0981 -28.3708 0
      vertex -27.2192 -28.3549 4
      vertex -27.0981 -28.3708 4
    endloop
  endfacet
  facet normal 0.130179 0.99149 0
    outer loop
      vertex -27.2192 -28.3549 4
      vertex -27.0981 -28.3708 0
      vertex -27.2192 -28.3549 0
    endloop
  endfacet
  facet normal -0.793171 -0.608998 0
    outer loop
      vertex -25.8293 -26.1731 0
      vertex -25.9037 -26.0762 4
      vertex -25.9037 -26.0762 0
    endloop
  endfacet
  facet normal -0.793171 -0.608998 0
    outer loop
      vertex -25.9037 -26.0762 4
      vertex -25.8293 -26.1731 0
      vertex -25.8293 -26.1731 4
    endloop
  endfacet
  facet normal -0.130179 0.99149 0
    outer loop
      vertex -26.733 -28.3549 0
      vertex -26.8541 -28.3708 4
      vertex -26.733 -28.3549 4
    endloop
  endfacet
  facet normal -0.130179 0.99149 0
    outer loop
      vertex -26.8541 -28.3708 4
      vertex -26.733 -28.3549 0
      vertex -26.8541 -28.3708 0
    endloop
  endfacet
  facet normal -0.300465 0.953793 0
    outer loop
      vertex -26.4973 -28.2917 0
      vertex -26.6138 -28.3284 4
      vertex -26.4973 -28.2917 4
    endloop
  endfacet
  facet normal -0.300465 0.953793 0
    outer loop
      vertex -26.6138 -28.3284 4
      vertex -26.4973 -28.2917 0
      vertex -26.6138 -28.3284 0
    endloop
  endfacet
  facet normal -0.382521 0.923947 0
    outer loop
      vertex -26.3845 -28.245 0
      vertex -26.4973 -28.2917 4
      vertex -26.3845 -28.245 4
    endloop
  endfacet
  facet normal -0.382521 0.923947 0
    outer loop
      vertex -26.4973 -28.2917 4
      vertex -26.3845 -28.245 0
      vertex -26.4973 -28.2917 0
    endloop
  endfacet
  facet normal -0.382521 -0.923947 0
    outer loop
      vertex -26.4973 -25.6606 0
      vertex -26.3845 -25.7073 4
      vertex -26.4973 -25.6606 4
    endloop
  endfacet
  facet normal -0.382521 -0.923947 -0
    outer loop
      vertex -26.3845 -25.7073 4
      vertex -26.4973 -25.6606 0
      vertex -26.3845 -25.7073 0
    endloop
  endfacet
  facet normal 0.886935 0.461894 0
    outer loop
      vertex -28.1886 -27.6761 4
      vertex -28.245 -27.5678 0
      vertex -28.245 -27.5678 4
    endloop
  endfacet
  facet normal 0.886935 0.461894 0
    outer loop
      vertex -28.245 -27.5678 0
      vertex -28.1886 -27.6761 4
      vertex -28.1886 -27.6761 0
    endloop
  endfacet
  facet normal 0.843088 0.537776 0
    outer loop
      vertex -28.1229 -27.7791 4
      vertex -28.1886 -27.6761 0
      vertex -28.1886 -27.6761 4
    endloop
  endfacet
  facet normal 0.843088 0.537776 0
    outer loop
      vertex -28.1886 -27.6761 0
      vertex -28.1229 -27.7791 4
      vertex -28.1229 -27.7791 0
    endloop
  endfacet
  facet normal -0.217017 0.976168 0
    outer loop
      vertex -26.6138 -28.3284 0
      vertex -26.733 -28.3549 4
      vertex -26.6138 -28.3284 4
    endloop
  endfacet
  facet normal -0.217017 0.976168 0
    outer loop
      vertex -26.733 -28.3549 4
      vertex -26.6138 -28.3284 0
      vertex -26.733 -28.3549 0
    endloop
  endfacet
  facet normal 0.30121 -0.953558 0
    outer loop
      vertex -27.455 -25.6606 0
      vertex -27.3385 -25.6238 4
      vertex -27.455 -25.6606 4
    endloop
  endfacet
  facet normal 0.30121 -0.953558 0
    outer loop
      vertex -27.3385 -25.6238 4
      vertex -27.455 -25.6606 0
      vertex -27.3385 -25.6238 0
    endloop
  endfacet
  facet normal -0.130179 -0.99149 0
    outer loop
      vertex -26.8541 -25.5815 0
      vertex -26.733 -25.5974 4
      vertex -26.8541 -25.5815 4
    endloop
  endfacet
  facet normal -0.130179 -0.99149 -0
    outer loop
      vertex -26.733 -25.5974 4
      vertex -26.8541 -25.5815 0
      vertex -26.733 -25.5974 0
    endloop
  endfacet
  facet normal 0.608483 0.793567 -0
    outer loop
      vertex -27.7791 -28.1229 0
      vertex -27.876 -28.0486 4
      vertex -27.7791 -28.1229 4
    endloop
  endfacet
  facet normal 0.608483 0.793567 0
    outer loop
      vertex -27.876 -28.0486 4
      vertex -27.7791 -28.1229 0
      vertex -27.876 -28.0486 0
    endloop
  endfacet
  facet normal -0.216237 -0.976341 0
    outer loop
      vertex -26.733 -25.5974 0
      vertex -26.6138 -25.6238 4
      vertex -26.733 -25.5974 4
    endloop
  endfacet
  facet normal -0.216237 -0.976341 -0
    outer loop
      vertex -26.6138 -25.6238 4
      vertex -26.733 -25.5974 0
      vertex -26.6138 -25.6238 0
    endloop
  endfacet
  facet normal -0.675725 0.737154 0
    outer loop
      vertex -25.9862 -27.9661 0
      vertex -26.0762 -28.0486 4
      vertex -25.9862 -27.9661 4
    endloop
  endfacet
  facet normal -0.675725 0.737154 0
    outer loop
      vertex -26.0762 -28.0486 4
      vertex -25.9862 -27.9661 0
      vertex -26.0762 -28.0486 0
    endloop
  endfacet
  facet normal 0.99149 0.130179 0
    outer loop
      vertex -28.3549 -27.2192 4
      vertex -28.3708 -27.0981 0
      vertex -28.3708 -27.0981 4
    endloop
  endfacet
  facet normal 0.99149 0.130179 0
    outer loop
      vertex -28.3708 -27.0981 0
      vertex -28.3549 -27.2192 4
      vertex -28.3549 -27.2192 0
    endloop
  endfacet
  facet normal 0.461894 -0.886935 0
    outer loop
      vertex -27.6761 -25.7637 0
      vertex -27.5678 -25.7073 4
      vertex -27.6761 -25.7637 4
    endloop
  endfacet
  facet normal 0.461894 -0.886935 0
    outer loop
      vertex -27.5678 -25.7073 4
      vertex -27.6761 -25.7637 0
      vertex -27.5678 -25.7073 0
    endloop
  endfacet
  facet normal 0.044219 -0.999022 0
    outer loop
      vertex -27.0981 -25.5815 0
      vertex -26.9761 -25.5761 4
      vertex -27.0981 -25.5815 4
    endloop
  endfacet
  facet normal 0.044219 -0.999022 0
    outer loop
      vertex -26.9761 -25.5761 4
      vertex -27.0981 -25.5815 0
      vertex -26.9761 -25.5761 0
    endloop
  endfacet
  facet normal -0.976379 0.216064 0
    outer loop
      vertex -25.6238 -27.3385 0
      vertex -25.5974 -27.2192 4
      vertex -25.5974 -27.2192 0
    endloop
  endfacet
  facet normal -0.976379 0.216064 0
    outer loop
      vertex -25.5974 -27.2192 4
      vertex -25.6238 -27.3385 0
      vertex -25.6238 -27.3385 4
    endloop
  endfacet
  facet normal -0.999022 -0.044219 0
    outer loop
      vertex -25.5761 -26.9761 0
      vertex -25.5815 -26.8541 4
      vertex -25.5815 -26.8541 0
    endloop
  endfacet
  facet normal -0.999022 -0.044219 0
    outer loop
      vertex -25.5815 -26.8541 4
      vertex -25.5761 -26.9761 0
      vertex -25.5761 -26.9761 4
    endloop
  endfacet
  facet normal -0.461559 -0.88711 0
    outer loop
      vertex -26.3845 -25.7073 0
      vertex -26.2761 -25.7637 4
      vertex -26.3845 -25.7073 4
    endloop
  endfacet
  facet normal -0.461559 -0.88711 -0
    outer loop
      vertex -26.2761 -25.7637 4
      vertex -26.3845 -25.7073 0
      vertex -26.2761 -25.7637 0
    endloop
  endfacet
  facet normal 0.999058 0.0434017 0
    outer loop
      vertex -28.3708 -27.0981 4
      vertex -28.3761 -26.9761 0
      vertex -28.3761 -26.9761 4
    endloop
  endfacet
  facet normal 0.999058 0.0434017 0
    outer loop
      vertex -28.3761 -26.9761 0
      vertex -28.3708 -27.0981 4
      vertex -28.3708 -27.0981 0
    endloop
  endfacet
  facet normal 0.923947 0.382521 0
    outer loop
      vertex -28.245 -27.5678 4
      vertex -28.2917 -27.455 0
      vertex -28.2917 -27.455 4
    endloop
  endfacet
  facet normal 0.923947 0.382521 0
    outer loop
      vertex -28.2917 -27.455 0
      vertex -28.245 -27.5678 4
      vertex -28.245 -27.5678 0
    endloop
  endfacet
  facet normal 0.216064 -0.976379 0
    outer loop
      vertex -27.3385 -25.6238 0
      vertex -27.2192 -25.5974 4
      vertex -27.3385 -25.6238 4
    endloop
  endfacet
  facet normal 0.216064 -0.976379 0
    outer loop
      vertex -27.2192 -25.5974 4
      vertex -27.3385 -25.6238 0
      vertex -27.2192 -25.5974 0
    endloop
  endfacet
  facet normal 0.737154 -0.675725 0
    outer loop
      vertex -28.0486 -26.0762 4
      vertex -27.9661 -25.9862 0
      vertex -27.9661 -25.9862 4
    endloop
  endfacet
  facet normal 0.737154 -0.675725 0
    outer loop
      vertex -27.9661 -25.9862 0
      vertex -28.0486 -26.0762 4
      vertex -28.0486 -26.0762 0
    endloop
  endfacet
  facet normal -0.99149 0.130179 0
    outer loop
      vertex -25.5974 -27.2192 0
      vertex -25.5815 -27.0981 4
      vertex -25.5815 -27.0981 0
    endloop
  endfacet
  facet normal -0.99149 0.130179 0
    outer loop
      vertex -25.5815 -27.0981 4
      vertex -25.5974 -27.2192 0
      vertex -25.5974 -27.2192 4
    endloop
  endfacet
  facet normal -0.88711 -0.461559 0
    outer loop
      vertex -25.7073 -26.3845 0
      vertex -25.7637 -26.2761 4
      vertex -25.7637 -26.2761 0
    endloop
  endfacet
  facet normal -0.88711 -0.461559 0
    outer loop
      vertex -25.7637 -26.2761 4
      vertex -25.7073 -26.3845 0
      vertex -25.7073 -26.3845 4
    endloop
  endfacet
  facet normal 0.976206 0.216844 0
    outer loop
      vertex -28.3284 -27.3385 4
      vertex -28.3549 -27.2192 0
      vertex -28.3549 -27.2192 4
    endloop
  endfacet
  facet normal 0.976206 0.216844 0
    outer loop
      vertex -28.3549 -27.2192 0
      vertex -28.3284 -27.3385 4
      vertex -28.3284 -27.3385 0
    endloop
  endfacet
  facet normal 0.0434017 0.999058 -0
    outer loop
      vertex -26.9761 -28.3761 0
      vertex -27.0981 -28.3708 4
      vertex -26.9761 -28.3761 4
    endloop
  endfacet
  facet normal 0.0434017 0.999058 0
    outer loop
      vertex -27.0981 -28.3708 4
      vertex -26.9761 -28.3761 0
      vertex -27.0981 -28.3708 0
    endloop
  endfacet
  facet normal 0.843088 -0.537776 0
    outer loop
      vertex -28.1886 -26.2761 4
      vertex -28.1229 -26.1731 0
      vertex -28.1229 -26.1731 4
    endloop
  endfacet
  facet normal 0.843088 -0.537776 0
    outer loop
      vertex -28.1229 -26.1731 0
      vertex -28.1886 -26.2761 4
      vertex -28.1886 -26.2761 0
    endloop
  endfacet
  facet normal 0.923947 -0.382521 0
    outer loop
      vertex -28.2917 -26.4973 4
      vertex -28.245 -26.3845 0
      vertex -28.245 -26.3845 4
    endloop
  endfacet
  facet normal 0.923947 -0.382521 0
    outer loop
      vertex -28.245 -26.3845 0
      vertex -28.2917 -26.4973 4
      vertex -28.2917 -26.4973 0
    endloop
  endfacet
  facet normal 0.99149 -0.130179 0
    outer loop
      vertex -28.3708 -26.8541 4
      vertex -28.3549 -26.733 0
      vertex -28.3549 -26.733 4
    endloop
  endfacet
  facet normal 0.99149 -0.130179 0
    outer loop
      vertex -28.3549 -26.733 0
      vertex -28.3708 -26.8541 4
      vertex -28.3708 -26.8541 0
    endloop
  endfacet
  facet normal -0.923947 -0.382521 0
    outer loop
      vertex -25.6606 -26.4973 0
      vertex -25.7073 -26.3845 4
      vertex -25.7073 -26.3845 0
    endloop
  endfacet
  facet normal -0.923947 -0.382521 0
    outer loop
      vertex -25.7073 -26.3845 4
      vertex -25.6606 -26.4973 0
      vertex -25.6606 -26.4973 4
    endloop
  endfacet
  facet normal 0.537193 -0.843459 0
    outer loop
      vertex -27.7791 -25.8293 0
      vertex -27.6761 -25.7637 4
      vertex -27.7791 -25.8293 4
    endloop
  endfacet
  facet normal 0.537193 -0.843459 0
    outer loop
      vertex -27.6761 -25.7637 4
      vertex -27.7791 -25.8293 0
      vertex -27.6761 -25.7637 0
    endloop
  endfacet
  facet normal -0.737154 -0.675725 0
    outer loop
      vertex -25.9037 -26.0762 0
      vertex -25.9862 -25.9862 4
      vertex -25.9862 -25.9862 0
    endloop
  endfacet
  facet normal -0.737154 -0.675725 0
    outer loop
      vertex -25.9862 -25.9862 4
      vertex -25.9037 -26.0762 0
      vertex -25.9037 -26.0762 4
    endloop
  endfacet
  facet normal -0.461559 0.88711 0
    outer loop
      vertex -26.2761 -28.1886 0
      vertex -26.3845 -28.245 4
      vertex -26.2761 -28.1886 4
    endloop
  endfacet
  facet normal -0.461559 0.88711 0
    outer loop
      vertex -26.3845 -28.245 4
      vertex -26.2761 -28.1886 0
      vertex -26.3845 -28.245 0
    endloop
  endfacet
  facet normal 0.608998 -0.793171 0
    outer loop
      vertex -27.876 -25.9037 0
      vertex -27.7791 -25.8293 4
      vertex -27.876 -25.9037 4
    endloop
  endfacet
  facet normal 0.608998 -0.793171 0
    outer loop
      vertex -27.7791 -25.8293 4
      vertex -27.876 -25.9037 0
      vertex -27.7791 -25.8293 0
    endloop
  endfacet
  facet normal -0.30121 -0.953558 0
    outer loop
      vertex -26.6138 -25.6238 0
      vertex -26.4973 -25.6606 4
      vertex -26.6138 -25.6238 4
    endloop
  endfacet
  facet normal -0.30121 -0.953558 -0
    outer loop
      vertex -26.4973 -25.6606 4
      vertex -26.6138 -25.6238 0
      vertex -26.4973 -25.6606 0
    endloop
  endfacet
  facet normal 0.30121 -0.953558 0
    outer loop
      vertex 26.4973 -25.6606 0
      vertex 26.6138 -25.6238 4
      vertex 26.4973 -25.6606 4
    endloop
  endfacet
  facet normal 0.30121 -0.953558 0
    outer loop
      vertex 26.6138 -25.6238 4
      vertex 26.4973 -25.6606 0
      vertex 26.6138 -25.6238 0
    endloop
  endfacet
  facet normal -0.843088 0.537776 0
    outer loop
      vertex 28.1229 -27.7791 0
      vertex 28.1886 -27.6761 4
      vertex 28.1886 -27.6761 0
    endloop
  endfacet
  facet normal -0.843088 0.537776 0
    outer loop
      vertex 28.1886 -27.6761 4
      vertex 28.1229 -27.7791 0
      vertex 28.1229 -27.7791 4
    endloop
  endfacet
  facet normal -0.886935 0.461894 0
    outer loop
      vertex 28.1886 -27.6761 0
      vertex 28.245 -27.5678 4
      vertex 28.245 -27.5678 0
    endloop
  endfacet
  facet normal -0.886935 0.461894 0
    outer loop
      vertex 28.245 -27.5678 4
      vertex 28.1886 -27.6761 0
      vertex 28.1886 -27.6761 4
    endloop
  endfacet
  facet normal 0.737154 -0.675725 0
    outer loop
      vertex 25.9037 -26.0762 4
      vertex 25.9862 -25.9862 0
      vertex 25.9862 -25.9862 4
    endloop
  endfacet
  facet normal 0.737154 -0.675725 0
    outer loop
      vertex 25.9862 -25.9862 0
      vertex 25.9037 -26.0762 4
      vertex 25.9037 -26.0762 0
    endloop
  endfacet
  facet normal -0.30121 -0.953558 0
    outer loop
      vertex 27.3385 -25.6238 0
      vertex 27.455 -25.6606 4
      vertex 27.3385 -25.6238 4
    endloop
  endfacet
  facet normal -0.30121 -0.953558 -0
    outer loop
      vertex 27.455 -25.6606 4
      vertex 27.3385 -25.6238 0
      vertex 27.455 -25.6606 0
    endloop
  endfacet
  facet normal 0.130179 -0.99149 0
    outer loop
      vertex 26.733 -25.5974 0
      vertex 26.8541 -25.5815 4
      vertex 26.733 -25.5974 4
    endloop
  endfacet
  facet normal 0.130179 -0.99149 0
    outer loop
      vertex 26.8541 -25.5815 4
      vertex 26.733 -25.5974 0
      vertex 26.8541 -25.5815 0
    endloop
  endfacet
  facet normal -0.675317 0.737528 0
    outer loop
      vertex 27.9661 -27.9661 0
      vertex 27.876 -28.0486 4
      vertex 27.9661 -27.9661 4
    endloop
  endfacet
  facet normal -0.675317 0.737528 0
    outer loop
      vertex 27.876 -28.0486 4
      vertex 27.9661 -27.9661 0
      vertex 27.876 -28.0486 0
    endloop
  endfacet
  facet normal -0.976206 0.216844 0
    outer loop
      vertex 28.3284 -27.3385 0
      vertex 28.3549 -27.2192 4
      vertex 28.3549 -27.2192 0
    endloop
  endfacet
  facet normal -0.976206 0.216844 0
    outer loop
      vertex 28.3549 -27.2192 4
      vertex 28.3284 -27.3385 0
      vertex 28.3284 -27.3385 4
    endloop
  endfacet
  facet normal 0.608483 0.793567 -0
    outer loop
      vertex 26.1731 -28.1229 0
      vertex 26.0762 -28.0486 4
      vertex 26.1731 -28.1229 4
    endloop
  endfacet
  facet normal 0.608483 0.793567 0
    outer loop
      vertex 26.0762 -28.0486 4
      vertex 26.1731 -28.1229 0
      vertex 26.0762 -28.0486 0
    endloop
  endfacet
  facet normal -0.923947 0.382521 0
    outer loop
      vertex 28.245 -27.5678 0
      vertex 28.2917 -27.455 4
      vertex 28.2917 -27.455 0
    endloop
  endfacet
  facet normal -0.923947 0.382521 0
    outer loop
      vertex 28.2917 -27.455 4
      vertex 28.245 -27.5678 0
      vertex 28.245 -27.5678 4
    endloop
  endfacet
  facet normal -0.737528 0.675317 0
    outer loop
      vertex 27.9661 -27.9661 0
      vertex 28.0486 -27.876 4
      vertex 28.0486 -27.876 0
    endloop
  endfacet
  facet normal -0.737528 0.675317 0
    outer loop
      vertex 28.0486 -27.876 4
      vertex 27.9661 -27.9661 0
      vertex 27.9661 -27.9661 4
    endloop
  endfacet
  facet normal -0.382521 -0.923947 0
    outer loop
      vertex 27.455 -25.6606 0
      vertex 27.5678 -25.7073 4
      vertex 27.455 -25.6606 4
    endloop
  endfacet
  facet normal -0.382521 -0.923947 -0
    outer loop
      vertex 27.5678 -25.7073 4
      vertex 27.455 -25.6606 0
      vertex 27.5678 -25.7073 0
    endloop
  endfacet
  facet normal -0.608998 -0.793171 0
    outer loop
      vertex 27.7791 -25.8293 0
      vertex 27.876 -25.9037 4
      vertex 27.7791 -25.8293 4
    endloop
  endfacet
  facet normal -0.608998 -0.793171 -0
    outer loop
      vertex 27.876 -25.9037 4
      vertex 27.7791 -25.8293 0
      vertex 27.876 -25.9037 0
    endloop
  endfacet
  facet normal -0.737154 -0.675725 0
    outer loop
      vertex 28.0486 -26.0762 0
      vertex 27.9661 -25.9862 4
      vertex 27.9661 -25.9862 0
    endloop
  endfacet
  facet normal -0.737154 -0.675725 0
    outer loop
      vertex 27.9661 -25.9862 4
      vertex 28.0486 -26.0762 0
      vertex 28.0486 -26.0762 4
    endloop
  endfacet
  facet normal 0.953558 0.30121 0
    outer loop
      vertex 25.6606 -27.455 4
      vertex 25.6238 -27.3385 0
      vertex 25.6238 -27.3385 4
    endloop
  endfacet
  facet normal 0.953558 0.30121 0
    outer loop
      vertex 25.6238 -27.3385 0
      vertex 25.6606 -27.455 4
      vertex 25.6606 -27.455 0
    endloop
  endfacet
  facet normal 0.99149 0.130179 0
    outer loop
      vertex 25.5974 -27.2192 4
      vertex 25.5815 -27.0981 0
      vertex 25.5815 -27.0981 4
    endloop
  endfacet
  facet normal 0.99149 0.130179 0
    outer loop
      vertex 25.5815 -27.0981 0
      vertex 25.5974 -27.2192 4
      vertex 25.5974 -27.2192 0
    endloop
  endfacet
  facet normal -0.461894 -0.886935 0
    outer loop
      vertex 27.5678 -25.7073 0
      vertex 27.6761 -25.7637 4
      vertex 27.5678 -25.7073 4
    endloop
  endfacet
  facet normal -0.461894 -0.886935 -0
    outer loop
      vertex 27.6761 -25.7637 4
      vertex 27.5678 -25.7073 0
      vertex 27.6761 -25.7637 0
    endloop
  endfacet
  facet normal -0.608483 0.793567 0
    outer loop
      vertex 27.876 -28.0486 0
      vertex 27.7791 -28.1229 4
      vertex 27.876 -28.0486 4
    endloop
  endfacet
  facet normal -0.608483 0.793567 0
    outer loop
      vertex 27.7791 -28.1229 4
      vertex 27.876 -28.0486 0
      vertex 27.7791 -28.1229 0
    endloop
  endfacet
  facet normal 0.737528 0.675317 0
    outer loop
      vertex 25.9862 -27.9661 4
      vertex 25.9037 -27.876 0
      vertex 25.9037 -27.876 4
    endloop
  endfacet
  facet normal 0.737528 0.675317 0
    outer loop
      vertex 25.9037 -27.876 0
      vertex 25.9862 -27.9661 4
      vertex 25.9862 -27.9661 0
    endloop
  endfacet
  facet normal 0.217017 0.976168 -0
    outer loop
      vertex 26.733 -28.3549 0
      vertex 26.6138 -28.3284 4
      vertex 26.733 -28.3549 4
    endloop
  endfacet
  facet normal 0.217017 0.976168 0
    outer loop
      vertex 26.6138 -28.3284 4
      vertex 26.733 -28.3549 0
      vertex 26.6138 -28.3284 0
    endloop
  endfacet
  facet normal 0.216237 -0.976341 0
    outer loop
      vertex 26.6138 -25.6238 0
      vertex 26.733 -25.5974 4
      vertex 26.6138 -25.6238 4
    endloop
  endfacet
  facet normal 0.216237 -0.976341 0
    outer loop
      vertex 26.733 -25.5974 4
      vertex 26.6138 -25.6238 0
      vertex 26.733 -25.5974 0
    endloop
  endfacet
  facet normal 0.300465 0.953793 -0
    outer loop
      vertex 26.6138 -28.3284 0
      vertex 26.4973 -28.2917 4
      vertex 26.6138 -28.3284 4
    endloop
  endfacet
  facet normal 0.300465 0.953793 0
    outer loop
      vertex 26.4973 -28.2917 4
      vertex 26.6138 -28.3284 0
      vertex 26.4973 -28.2917 0
    endloop
  endfacet
  facet normal 0.976379 0.216064 0
    outer loop
      vertex 25.6238 -27.3385 4
      vertex 25.5974 -27.2192 0
      vertex 25.5974 -27.2192 4
    endloop
  endfacet
  facet normal 0.976379 0.216064 0
    outer loop
      vertex 25.5974 -27.2192 0
      vertex 25.6238 -27.3385 4
      vertex 25.6238 -27.3385 0
    endloop
  endfacet
  facet normal 0.999022 -0.044219 0
    outer loop
      vertex 25.5761 -26.9761 4
      vertex 25.5815 -26.8541 0
      vertex 25.5815 -26.8541 4
    endloop
  endfacet
  facet normal 0.999022 -0.044219 0
    outer loop
      vertex 25.5815 -26.8541 0
      vertex 25.5761 -26.9761 4
      vertex 25.5761 -26.9761 0
    endloop
  endfacet
  facet normal -0.675317 -0.737528 0
    outer loop
      vertex 27.876 -25.9037 0
      vertex 27.9661 -25.9862 4
      vertex 27.876 -25.9037 4
    endloop
  endfacet
  facet normal -0.675317 -0.737528 -0
    outer loop
      vertex 27.9661 -25.9862 4
      vertex 27.876 -25.9037 0
      vertex 27.9661 -25.9862 0
    endloop
  endfacet
  facet normal -0.537193 -0.843459 0
    outer loop
      vertex 27.6761 -25.7637 0
      vertex 27.7791 -25.8293 4
      vertex 27.6761 -25.7637 4
    endloop
  endfacet
  facet normal -0.537193 -0.843459 -0
    outer loop
      vertex 27.7791 -25.8293 4
      vertex 27.6761 -25.7637 0
      vertex 27.7791 -25.8293 0
    endloop
  endfacet
  facet normal -0.923947 -0.382521 0
    outer loop
      vertex 28.2917 -26.4973 0
      vertex 28.245 -26.3845 4
      vertex 28.245 -26.3845 0
    endloop
  endfacet
  facet normal -0.923947 -0.382521 0
    outer loop
      vertex 28.245 -26.3845 4
      vertex 28.2917 -26.4973 0
      vertex 28.2917 -26.4973 4
    endloop
  endfacet
  facet normal -0.044219 -0.999022 0
    outer loop
      vertex 26.9761 -25.5761 0
      vertex 27.0981 -25.5815 4
      vertex 26.9761 -25.5761 4
    endloop
  endfacet
  facet normal -0.044219 -0.999022 -0
    outer loop
      vertex 27.0981 -25.5815 4
      vertex 26.9761 -25.5761 0
      vertex 27.0981 -25.5815 0
    endloop
  endfacet
  facet normal 0.537776 0.843088 -0
    outer loop
      vertex 26.2761 -28.1886 0
      vertex 26.1731 -28.1229 4
      vertex 26.2761 -28.1886 4
    endloop
  endfacet
  facet normal 0.537776 0.843088 0
    outer loop
      vertex 26.1731 -28.1229 4
      vertex 26.2761 -28.1886 0
      vertex 26.1731 -28.1229 0
    endloop
  endfacet
  facet normal 0.843459 -0.537193 0
    outer loop
      vertex 25.7637 -26.2761 4
      vertex 25.8293 -26.1731 0
      vertex 25.8293 -26.1731 4
    endloop
  endfacet
  facet normal 0.843459 -0.537193 0
    outer loop
      vertex 25.8293 -26.1731 0
      vertex 25.7637 -26.2761 4
      vertex 25.7637 -26.2761 0
    endloop
  endfacet
  facet normal 0.793171 -0.608998 0
    outer loop
      vertex 25.8293 -26.1731 4
      vertex 25.9037 -26.0762 0
      vertex 25.9037 -26.0762 4
    endloop
  endfacet
  facet normal 0.793171 -0.608998 0
    outer loop
      vertex 25.9037 -26.0762 0
      vertex 25.8293 -26.1731 4
      vertex 25.8293 -26.1731 0
    endloop
  endfacet
  facet normal 0.537193 -0.843459 0
    outer loop
      vertex 26.1731 -25.8293 0
      vertex 26.2761 -25.7637 4
      vertex 26.1731 -25.8293 4
    endloop
  endfacet
  facet normal 0.537193 -0.843459 0
    outer loop
      vertex 26.2761 -25.7637 4
      vertex 26.1731 -25.8293 0
      vertex 26.2761 -25.7637 0
    endloop
  endfacet
  facet normal -0.300465 0.953793 0
    outer loop
      vertex 27.455 -28.2917 0
      vertex 27.3385 -28.3284 4
      vertex 27.455 -28.2917 4
    endloop
  endfacet
  facet normal -0.300465 0.953793 0
    outer loop
      vertex 27.3385 -28.3284 4
      vertex 27.455 -28.2917 0
      vertex 27.3385 -28.3284 0
    endloop
  endfacet
  facet normal -0.999058 -0.0434017 0
    outer loop
      vertex 28.3761 -26.9761 0
      vertex 28.3708 -26.8541 4
      vertex 28.3708 -26.8541 0
    endloop
  endfacet
  facet normal -0.999058 -0.0434017 0
    outer loop
      vertex 28.3708 -26.8541 4
      vertex 28.3761 -26.9761 0
      vertex 28.3761 -26.9761 4
    endloop
  endfacet
  facet normal 0.923947 0.382521 0
    outer loop
      vertex 25.7073 -27.5678 4
      vertex 25.6606 -27.455 0
      vertex 25.6606 -27.455 4
    endloop
  endfacet
  facet normal 0.923947 0.382521 0
    outer loop
      vertex 25.6606 -27.455 0
      vertex 25.7073 -27.5678 4
      vertex 25.7073 -27.5678 0
    endloop
  endfacet
  facet normal -0.793567 -0.608483 0
    outer loop
      vertex 28.1229 -26.1731 0
      vertex 28.0486 -26.0762 4
      vertex 28.0486 -26.0762 0
    endloop
  endfacet
  facet normal -0.793567 -0.608483 0
    outer loop
      vertex 28.0486 -26.0762 4
      vertex 28.1229 -26.1731 0
      vertex 28.1229 -26.1731 4
    endloop
  endfacet
  facet normal 0.461559 0.88711 -0
    outer loop
      vertex 26.3845 -28.245 0
      vertex 26.2761 -28.1886 4
      vertex 26.3845 -28.245 4
    endloop
  endfacet
  facet normal 0.461559 0.88711 0
    outer loop
      vertex 26.2761 -28.1886 4
      vertex 26.3845 -28.245 0
      vertex 26.2761 -28.1886 0
    endloop
  endfacet
  facet normal -0.216064 -0.976379 0
    outer loop
      vertex 27.2192 -25.5974 0
      vertex 27.3385 -25.6238 4
      vertex 27.2192 -25.5974 4
    endloop
  endfacet
  facet normal -0.216064 -0.976379 -0
    outer loop
      vertex 27.3385 -25.6238 4
      vertex 27.2192 -25.5974 0
      vertex 27.3385 -25.6238 0
    endloop
  endfacet
  facet normal -0.953793 0.300465 0
    outer loop
      vertex 28.2917 -27.455 0
      vertex 28.3284 -27.3385 4
      vertex 28.3284 -27.3385 0
    endloop
  endfacet
  facet normal -0.953793 0.300465 0
    outer loop
      vertex 28.3284 -27.3385 4
      vertex 28.2917 -27.455 0
      vertex 28.2917 -27.455 4
    endloop
  endfacet
  facet normal -0.99149 0.130179 0
    outer loop
      vertex 28.3549 -27.2192 0
      vertex 28.3708 -27.0981 4
      vertex 28.3708 -27.0981 0
    endloop
  endfacet
  facet normal -0.99149 0.130179 0
    outer loop
      vertex 28.3708 -27.0981 4
      vertex 28.3549 -27.2192 0
      vertex 28.3549 -27.2192 4
    endloop
  endfacet
  facet normal -0.130179 -0.99149 0
    outer loop
      vertex 27.0981 -25.5815 0
      vertex 27.2192 -25.5974 4
      vertex 27.0981 -25.5815 4
    endloop
  endfacet
  facet normal -0.130179 -0.99149 -0
    outer loop
      vertex 27.2192 -25.5974 4
      vertex 27.0981 -25.5815 0
      vertex 27.2192 -25.5974 0
    endloop
  endfacet
  facet normal 0.608998 -0.793171 0
    outer loop
      vertex 26.0762 -25.9037 0
      vertex 26.1731 -25.8293 4
      vertex 26.0762 -25.9037 4
    endloop
  endfacet
  facet normal 0.608998 -0.793171 0
    outer loop
      vertex 26.1731 -25.8293 4
      vertex 26.0762 -25.9037 0
      vertex 26.1731 -25.8293 0
    endloop
  endfacet
  facet normal -0.99149 -0.130179 0
    outer loop
      vertex 28.3708 -26.8541 0
      vertex 28.3549 -26.733 4
      vertex 28.3549 -26.733 0
    endloop
  endfacet
  facet normal -0.99149 -0.130179 0
    outer loop
      vertex 28.3549 -26.733 4
      vertex 28.3708 -26.8541 0
      vertex 28.3708 -26.8541 4
    endloop
  endfacet
  facet normal -0.953793 -0.300465 0
    outer loop
      vertex 28.3284 -26.6138 0
      vertex 28.2917 -26.4973 4
      vertex 28.2917 -26.4973 0
    endloop
  endfacet
  facet normal -0.953793 -0.300465 0
    outer loop
      vertex 28.2917 -26.4973 4
      vertex 28.3284 -26.6138 0
      vertex 28.3284 -26.6138 4
    endloop
  endfacet
  facet normal 0.923947 -0.382521 0
    outer loop
      vertex 25.6606 -26.4973 4
      vertex 25.7073 -26.3845 0
      vertex 25.7073 -26.3845 4
    endloop
  endfacet
  facet normal 0.923947 -0.382521 0
    outer loop
      vertex 25.7073 -26.3845 0
      vertex 25.6606 -26.4973 4
      vertex 25.6606 -26.4973 0
    endloop
  endfacet
  facet normal -0.461894 0.886935 0
    outer loop
      vertex 27.6761 -28.1886 0
      vertex 27.5678 -28.245 4
      vertex 27.6761 -28.1886 4
    endloop
  endfacet
  facet normal -0.461894 0.886935 0
    outer loop
      vertex 27.5678 -28.245 4
      vertex 27.6761 -28.1886 0
      vertex 27.5678 -28.245 0
    endloop
  endfacet
  facet normal -0.537776 0.843088 0
    outer loop
      vertex 27.7791 -28.1229 0
      vertex 27.6761 -28.1886 4
      vertex 27.7791 -28.1229 4
    endloop
  endfacet
  facet normal -0.537776 0.843088 0
    outer loop
      vertex 27.6761 -28.1886 4
      vertex 27.7791 -28.1229 0
      vertex 27.6761 -28.1886 0
    endloop
  endfacet
  facet normal -0.976168 -0.217017 0
    outer loop
      vertex 28.3549 -26.733 0
      vertex 28.3284 -26.6138 4
      vertex 28.3284 -26.6138 0
    endloop
  endfacet
  facet normal -0.976168 -0.217017 0
    outer loop
      vertex 28.3284 -26.6138 4
      vertex 28.3549 -26.733 0
      vertex 28.3549 -26.733 4
    endloop
  endfacet
  facet normal 0.99149 -0.130179 0
    outer loop
      vertex 25.5815 -26.8541 4
      vertex 25.5974 -26.733 0
      vertex 25.5974 -26.733 4
    endloop
  endfacet
  facet normal 0.99149 -0.130179 0
    outer loop
      vertex 25.5974 -26.733 0
      vertex 25.5815 -26.8541 4
      vertex 25.5815 -26.8541 0
    endloop
  endfacet
  facet normal 0.675725 0.737154 -0
    outer loop
      vertex 26.0762 -28.0486 0
      vertex 25.9862 -27.9661 4
      vertex 26.0762 -28.0486 4
    endloop
  endfacet
  facet normal 0.675725 0.737154 0
    outer loop
      vertex 25.9862 -27.9661 4
      vertex 26.0762 -28.0486 0
      vertex 25.9862 -27.9661 0
    endloop
  endfacet
  facet normal -0.793567 0.608483 0
    outer loop
      vertex 28.0486 -27.876 0
      vertex 28.1229 -27.7791 4
      vertex 28.1229 -27.7791 0
    endloop
  endfacet
  facet normal -0.793567 0.608483 0
    outer loop
      vertex 28.1229 -27.7791 4
      vertex 28.0486 -27.876 0
      vertex 28.0486 -27.876 4
    endloop
  endfacet
  facet normal 0.976341 -0.216237 0
    outer loop
      vertex 25.5974 -26.733 4
      vertex 25.6238 -26.6138 0
      vertex 25.6238 -26.6138 4
    endloop
  endfacet
  facet normal 0.976341 -0.216237 0
    outer loop
      vertex 25.6238 -26.6138 0
      vertex 25.5974 -26.733 4
      vertex 25.5974 -26.733 0
    endloop
  endfacet
  facet normal -0.130179 0.99149 0
    outer loop
      vertex 27.2192 -28.3549 0
      vertex 27.0981 -28.3708 4
      vertex 27.2192 -28.3549 4
    endloop
  endfacet
  facet normal -0.130179 0.99149 0
    outer loop
      vertex 27.0981 -28.3708 4
      vertex 27.2192 -28.3549 0
      vertex 27.0981 -28.3708 0
    endloop
  endfacet
  facet normal 0.886935 0.461894 0
    outer loop
      vertex 25.7637 -27.6761 4
      vertex 25.7073 -27.5678 0
      vertex 25.7073 -27.5678 4
    endloop
  endfacet
  facet normal 0.886935 0.461894 0
    outer loop
      vertex 25.7073 -27.5678 0
      vertex 25.7637 -27.6761 4
      vertex 25.7637 -27.6761 0
    endloop
  endfacet
  facet normal 0.044219 -0.999022 0
    outer loop
      vertex 26.8541 -25.5815 0
      vertex 26.9761 -25.5761 4
      vertex 26.8541 -25.5815 4
    endloop
  endfacet
  facet normal 0.044219 -0.999022 0
    outer loop
      vertex 26.9761 -25.5761 4
      vertex 26.8541 -25.5815 0
      vertex 26.9761 -25.5761 0
    endloop
  endfacet
  facet normal 0.88711 -0.461559 0
    outer loop
      vertex 25.7073 -26.3845 4
      vertex 25.7637 -26.2761 0
      vertex 25.7637 -26.2761 4
    endloop
  endfacet
  facet normal 0.88711 -0.461559 0
    outer loop
      vertex 25.7637 -26.2761 0
      vertex 25.7073 -26.3845 4
      vertex 25.7073 -26.3845 0
    endloop
  endfacet
  facet normal -0.0434017 0.999058 0
    outer loop
      vertex 27.0981 -28.3708 0
      vertex 26.9761 -28.3761 4
      vertex 27.0981 -28.3708 4
    endloop
  endfacet
  facet normal -0.0434017 0.999058 0
    outer loop
      vertex 26.9761 -28.3761 4
      vertex 27.0981 -28.3708 0
      vertex 26.9761 -28.3761 0
    endloop
  endfacet
  facet normal -0.382521 0.923947 0
    outer loop
      vertex 27.5678 -28.245 0
      vertex 27.455 -28.2917 4
      vertex 27.5678 -28.245 4
    endloop
  endfacet
  facet normal -0.382521 0.923947 0
    outer loop
      vertex 27.455 -28.2917 4
      vertex 27.5678 -28.245 0
      vertex 27.455 -28.2917 0
    endloop
  endfacet
  facet normal 0.130179 0.99149 -0
    outer loop
      vertex 26.8541 -28.3708 0
      vertex 26.733 -28.3549 4
      vertex 26.8541 -28.3708 4
    endloop
  endfacet
  facet normal 0.130179 0.99149 0
    outer loop
      vertex 26.733 -28.3549 4
      vertex 26.8541 -28.3708 0
      vertex 26.733 -28.3549 0
    endloop
  endfacet
  facet normal 0.461559 -0.88711 0
    outer loop
      vertex 26.2761 -25.7637 0
      vertex 26.3845 -25.7073 4
      vertex 26.2761 -25.7637 4
    endloop
  endfacet
  facet normal 0.461559 -0.88711 0
    outer loop
      vertex 26.3845 -25.7073 4
      vertex 26.2761 -25.7637 0
      vertex 26.3845 -25.7073 0
    endloop
  endfacet
  facet normal -0.216844 0.976206 0
    outer loop
      vertex 27.3385 -28.3284 0
      vertex 27.2192 -28.3549 4
      vertex 27.3385 -28.3284 4
    endloop
  endfacet
  facet normal -0.216844 0.976206 0
    outer loop
      vertex 27.2192 -28.3549 4
      vertex 27.3385 -28.3284 0
      vertex 27.2192 -28.3549 0
    endloop
  endfacet
  facet normal -0.999058 0.0434017 0
    outer loop
      vertex 28.3708 -27.0981 0
      vertex 28.3761 -26.9761 4
      vertex 28.3761 -26.9761 0
    endloop
  endfacet
  facet normal -0.999058 0.0434017 0
    outer loop
      vertex 28.3761 -26.9761 4
      vertex 28.3708 -27.0981 0
      vertex 28.3708 -27.0981 4
    endloop
  endfacet
  facet normal 0.382521 0.923947 -0
    outer loop
      vertex 26.4973 -28.2917 0
      vertex 26.3845 -28.245 4
      vertex 26.4973 -28.2917 4
    endloop
  endfacet
  facet normal 0.382521 0.923947 0
    outer loop
      vertex 26.3845 -28.245 4
      vertex 26.4973 -28.2917 0
      vertex 26.3845 -28.245 0
    endloop
  endfacet
  facet normal 0.382521 -0.923947 0
    outer loop
      vertex 26.3845 -25.7073 0
      vertex 26.4973 -25.6606 4
      vertex 26.3845 -25.7073 4
    endloop
  endfacet
  facet normal 0.382521 -0.923947 0
    outer loop
      vertex 26.4973 -25.6606 4
      vertex 26.3845 -25.7073 0
      vertex 26.4973 -25.6606 0
    endloop
  endfacet
  facet normal 0.675725 -0.737154 0
    outer loop
      vertex 25.9862 -25.9862 0
      vertex 26.0762 -25.9037 4
      vertex 25.9862 -25.9862 4
    endloop
  endfacet
  facet normal 0.675725 -0.737154 0
    outer loop
      vertex 26.0762 -25.9037 4
      vertex 25.9862 -25.9862 0
      vertex 26.0762 -25.9037 0
    endloop
  endfacet
  facet normal 0.999022 0.044219 0
    outer loop
      vertex 25.5815 -27.0981 4
      vertex 25.5761 -26.9761 0
      vertex 25.5761 -26.9761 4
    endloop
  endfacet
  facet normal 0.999022 0.044219 0
    outer loop
      vertex 25.5761 -26.9761 0
      vertex 25.5815 -27.0981 4
      vertex 25.5815 -27.0981 0
    endloop
  endfacet
  facet normal 0.0434017 0.999058 -0
    outer loop
      vertex 26.9761 -28.3761 0
      vertex 26.8541 -28.3708 4
      vertex 26.9761 -28.3761 4
    endloop
  endfacet
  facet normal 0.0434017 0.999058 0
    outer loop
      vertex 26.8541 -28.3708 4
      vertex 26.9761 -28.3761 0
      vertex 26.8541 -28.3708 0
    endloop
  endfacet
  facet normal -0.88711 -0.461559 0
    outer loop
      vertex 28.245 -26.3845 0
      vertex 28.1886 -26.2761 4
      vertex 28.1886 -26.2761 0
    endloop
  endfacet
  facet normal -0.88711 -0.461559 0
    outer loop
      vertex 28.1886 -26.2761 4
      vertex 28.245 -26.3845 0
      vertex 28.245 -26.3845 4
    endloop
  endfacet
  facet normal 0.843459 0.537193 0
    outer loop
      vertex 25.8293 -27.7791 4
      vertex 25.7637 -27.6761 0
      vertex 25.7637 -27.6761 4
    endloop
  endfacet
  facet normal 0.843459 0.537193 0
    outer loop
      vertex 25.7637 -27.6761 0
      vertex 25.8293 -27.7791 4
      vertex 25.8293 -27.7791 0
    endloop
  endfacet
  facet normal -0.843088 -0.537776 0
    outer loop
      vertex 28.1886 -26.2761 0
      vertex 28.1229 -26.1731 4
      vertex 28.1229 -26.1731 0
    endloop
  endfacet
  facet normal -0.843088 -0.537776 0
    outer loop
      vertex 28.1229 -26.1731 4
      vertex 28.1886 -26.2761 0
      vertex 28.1886 -26.2761 4
    endloop
  endfacet
  facet normal 0.793171 0.608998 0
    outer loop
      vertex 25.9037 -27.876 4
      vertex 25.8293 -27.7791 0
      vertex 25.8293 -27.7791 4
    endloop
  endfacet
  facet normal 0.793171 0.608998 0
    outer loop
      vertex 25.8293 -27.7791 0
      vertex 25.9037 -27.876 4
      vertex 25.9037 -27.876 0
    endloop
  endfacet
  facet normal 0.953558 -0.30121 0
    outer loop
      vertex 25.6238 -26.6138 4
      vertex 25.6606 -26.4973 0
      vertex 25.6606 -26.4973 4
    endloop
  endfacet
  facet normal 0.953558 -0.30121 0
    outer loop
      vertex 25.6606 -26.4973 0
      vertex 25.6238 -26.6138 4
      vertex 25.6238 -26.6138 0
    endloop
  endfacet
  facet normal -0.99145 -0.130485 0
    outer loop
      vertex 11.9543 1.04587 0
      vertex 11.8177 2.08378 4
      vertex 11.8177 2.08378 0
    endloop
  endfacet
  facet normal -0.99145 -0.130485 0
    outer loop
      vertex 11.8177 2.08378 4
      vertex 11.9543 1.04587 0
      vertex 11.9543 1.04587 4
    endloop
  endfacet
  facet normal -0.999047 -0.043654 0
    outer loop
      vertex 12 0 0
      vertex 11.9543 1.04587 4
      vertex 11.9543 1.04587 0
    endloop
  endfacet
  facet normal -0.999047 -0.043654 0
    outer loop
      vertex 11.9543 1.04587 4
      vertex 12 0 0
      vertex 12 0 4
    endloop
  endfacet
  facet normal -0.976293 -0.216455 0
    outer loop
      vertex 11.8177 2.08378 0
      vertex 11.5911 3.10583 4
      vertex 11.5911 3.10583 0
    endloop
  endfacet
  facet normal -0.976293 -0.216455 0
    outer loop
      vertex 11.5911 3.10583 4
      vertex 11.8177 2.08378 0
      vertex 11.8177 2.08378 4
    endloop
  endfacet
  facet normal 0.923886 0.382668 0
    outer loop
      vertex -10.8757 -5.07142 4
      vertex -11.2763 -4.10424 0
      vertex -11.2763 -4.10424 4
    endloop
  endfacet
  facet normal 0.923886 0.382668 0
    outer loop
      vertex -11.2763 -4.10424 0
      vertex -10.8757 -5.07142 4
      vertex -10.8757 -5.07142 0
    endloop
  endfacet
  facet normal 0.887006 -0.461758 0
    outer loop
      vertex -10.8757 5.07142 4
      vertex -10.3923 6 0
      vertex -10.3923 6 4
    endloop
  endfacet
  facet normal 0.887006 -0.461758 0
    outer loop
      vertex -10.3923 6 0
      vertex -10.8757 5.07142 4
      vertex -10.8757 5.07142 0
    endloop
  endfacet
  facet normal -0.537298 0.843392 0
    outer loop
      vertex 6.88292 -9.82982 0
      vertex 6 -10.3923 4
      vertex 6.88292 -9.82982 4
    endloop
  endfacet
  facet normal -0.537298 0.843392 0
    outer loop
      vertex 6 -10.3923 4
      vertex 6.88292 -9.82982 0
      vertex 6 -10.3923 0
    endloop
  endfacet
  facet normal -0.608763 0.793352 0
    outer loop
      vertex 7.71345 -9.19253 0
      vertex 6.88292 -9.82982 4
      vertex 7.71345 -9.19253 4
    endloop
  endfacet
  facet normal -0.608763 0.793352 0
    outer loop
      vertex 6.88292 -9.82982 4
      vertex 7.71345 -9.19253 0
      vertex 6.88292 -9.82982 0
    endloop
  endfacet
  facet normal 0.793352 0.608763 0
    outer loop
      vertex -9.19253 -7.71345 4
      vertex -9.82982 -6.88292 0
      vertex -9.82982 -6.88292 4
    endloop
  endfacet
  facet normal 0.793352 0.608763 0
    outer loop
      vertex -9.82982 -6.88292 0
      vertex -9.19253 -7.71345 4
      vertex -9.19253 -7.71345 0
    endloop
  endfacet
  facet normal -0.976293 0.216455 0
    outer loop
      vertex 11.5911 -3.10583 0
      vertex 11.8177 -2.08378 4
      vertex 11.8177 -2.08378 0
    endloop
  endfacet
  facet normal -0.976293 0.216455 0
    outer loop
      vertex 11.8177 -2.08378 4
      vertex 11.5911 -3.10583 0
      vertex 11.5911 -3.10583 4
    endloop
  endfacet
  facet normal -0.130485 -0.99145 0
    outer loop
      vertex 1.04587 11.9543 0
      vertex 2.08378 11.8177 4
      vertex 1.04587 11.9543 4
    endloop
  endfacet
  facet normal -0.130485 -0.99145 -0
    outer loop
      vertex 2.08378 11.8177 4
      vertex 1.04587 11.9543 0
      vertex 2.08378 11.8177 0
    endloop
  endfacet
  facet normal -0.043654 0.999047 0
    outer loop
      vertex 1.04587 -11.9543 0
      vertex 0 -12 4
      vertex 1.04587 -11.9543 4
    endloop
  endfacet
  facet normal -0.043654 0.999047 0
    outer loop
      vertex 0 -12 4
      vertex 1.04587 -11.9543 0
      vertex 0 -12 0
    endloop
  endfacet
  facet normal 0.382668 -0.923886 0
    outer loop
      vertex -5.07142 10.8757 0
      vertex -4.10424 11.2763 4
      vertex -5.07142 10.8757 4
    endloop
  endfacet
  facet normal 0.382668 -0.923886 0
    outer loop
      vertex -4.10424 11.2763 4
      vertex -5.07142 10.8757 0
      vertex -4.10424 11.2763 0
    endloop
  endfacet
  facet normal -0.461758 0.887006 0
    outer loop
      vertex 6 -10.3923 0
      vertex 5.07142 -10.8757 4
      vertex 6 -10.3923 4
    endloop
  endfacet
  facet normal -0.461758 0.887006 0
    outer loop
      vertex 5.07142 -10.8757 4
      vertex 6 -10.3923 0
      vertex 5.07142 -10.8757 0
    endloop
  endfacet
  facet normal -0.843392 -0.537298 0
    outer loop
      vertex 10.3923 6 0
      vertex 9.82982 6.88292 4
      vertex 9.82982 6.88292 0
    endloop
  endfacet
  facet normal -0.843392 -0.537298 0
    outer loop
      vertex 9.82982 6.88292 4
      vertex 10.3923 6 0
      vertex 10.3923 6 4
    endloop
  endfacet
  facet normal 0.300708 0.953716 -0
    outer loop
      vertex -3.10583 -11.5911 0
      vertex -4.10424 -11.2763 4
      vertex -3.10583 -11.5911 4
    endloop
  endfacet
  facet normal 0.300708 0.953716 0
    outer loop
      vertex -4.10424 -11.2763 4
      vertex -3.10583 -11.5911 0
      vertex -4.10424 -11.2763 0
    endloop
  endfacet
  facet normal 0.843392 0.537298 0
    outer loop
      vertex -9.82982 -6.88292 4
      vertex -10.3923 -6 0
      vertex -10.3923 -6 4
    endloop
  endfacet
  facet normal 0.843392 0.537298 0
    outer loop
      vertex -10.3923 -6 0
      vertex -9.82982 -6.88292 4
      vertex -9.82982 -6.88292 0
    endloop
  endfacet
  facet normal -0.043654 -0.999047 0
    outer loop
      vertex 0 12 0
      vertex 1.04587 11.9543 4
      vertex 0 12 4
    endloop
  endfacet
  facet normal -0.043654 -0.999047 -0
    outer loop
      vertex 1.04587 11.9543 4
      vertex 0 12 0
      vertex 1.04587 11.9543 0
    endloop
  endfacet
  facet normal -0.537298 -0.843392 0
    outer loop
      vertex 6 10.3923 0
      vertex 6.88292 9.82982 4
      vertex 6 10.3923 4
    endloop
  endfacet
  facet normal -0.537298 -0.843392 -0
    outer loop
      vertex 6.88292 9.82982 4
      vertex 6 10.3923 0
      vertex 6.88292 9.82982 0
    endloop
  endfacet
  facet normal -0.737278 0.675589 0
    outer loop
      vertex 8.48528 -8.48528 0
      vertex 9.19253 -7.71345 4
      vertex 9.19253 -7.71345 0
    endloop
  endfacet
  facet normal -0.737278 0.675589 0
    outer loop
      vertex 9.19253 -7.71345 4
      vertex 8.48528 -8.48528 0
      vertex 8.48528 -8.48528 4
    endloop
  endfacet
  facet normal 0.216455 0.976293 -0
    outer loop
      vertex -2.08378 -11.8177 0
      vertex -3.10583 -11.5911 4
      vertex -2.08378 -11.8177 4
    endloop
  endfacet
  facet normal 0.216455 0.976293 0
    outer loop
      vertex -3.10583 -11.5911 4
      vertex -2.08378 -11.8177 0
      vertex -3.10583 -11.5911 0
    endloop
  endfacet
  facet normal 0.675589 0.737278 -0
    outer loop
      vertex -7.71345 -9.19253 0
      vertex -8.48528 -8.48528 4
      vertex -7.71345 -9.19253 4
    endloop
  endfacet
  facet normal 0.675589 0.737278 0
    outer loop
      vertex -8.48528 -8.48528 4
      vertex -7.71345 -9.19253 0
      vertex -8.48528 -8.48528 0
    endloop
  endfacet
  facet normal 0.608763 -0.793352 0
    outer loop
      vertex -7.71345 9.19253 0
      vertex -6.88292 9.82982 4
      vertex -7.71345 9.19253 4
    endloop
  endfacet
  facet normal 0.608763 -0.793352 0
    outer loop
      vertex -6.88292 9.82982 4
      vertex -7.71345 9.19253 0
      vertex -6.88292 9.82982 0
    endloop
  endfacet
  facet normal -0.999047 0.043654 0
    outer loop
      vertex 11.9543 -1.04587 0
      vertex 12 0 4
      vertex 12 0 0
    endloop
  endfacet
  facet normal -0.999047 0.043654 0
    outer loop
      vertex 12 0 4
      vertex 11.9543 -1.04587 0
      vertex 11.9543 -1.04587 4
    endloop
  endfacet
  facet normal 0.130485 -0.99145 0
    outer loop
      vertex -2.08378 11.8177 0
      vertex -1.04587 11.9543 4
      vertex -2.08378 11.8177 4
    endloop
  endfacet
  facet normal 0.130485 -0.99145 0
    outer loop
      vertex -1.04587 11.9543 4
      vertex -2.08378 11.8177 0
      vertex -1.04587 11.9543 0
    endloop
  endfacet
  facet normal 0.887006 0.461758 0
    outer loop
      vertex -10.3923 -6 4
      vertex -10.8757 -5.07142 0
      vertex -10.8757 -5.07142 4
    endloop
  endfacet
  facet normal 0.887006 0.461758 0
    outer loop
      vertex -10.8757 -5.07142 0
      vertex -10.3923 -6 4
      vertex -10.3923 -6 0
    endloop
  endfacet
  facet normal -0.923886 -0.382668 0
    outer loop
      vertex 11.2763 4.10424 0
      vertex 10.8757 5.07142 4
      vertex 10.8757 5.07142 0
    endloop
  endfacet
  facet normal -0.923886 -0.382668 0
    outer loop
      vertex 10.8757 5.07142 4
      vertex 11.2763 4.10424 0
      vertex 11.2763 4.10424 4
    endloop
  endfacet
  facet normal -0.737278 -0.675589 0
    outer loop
      vertex 9.19253 7.71345 0
      vertex 8.48528 8.48528 4
      vertex 8.48528 8.48528 0
    endloop
  endfacet
  facet normal -0.737278 -0.675589 0
    outer loop
      vertex 8.48528 8.48528 4
      vertex 9.19253 7.71345 0
      vertex 9.19253 7.71345 4
    endloop
  endfacet
  facet normal -0.216455 -0.976293 0
    outer loop
      vertex 2.08378 11.8177 0
      vertex 3.10583 11.5911 4
      vertex 2.08378 11.8177 4
    endloop
  endfacet
  facet normal -0.216455 -0.976293 -0
    outer loop
      vertex 3.10583 11.5911 4
      vertex 2.08378 11.8177 0
      vertex 3.10583 11.5911 0
    endloop
  endfacet
  facet normal -0.461758 -0.887006 0
    outer loop
      vertex 5.07142 10.8757 0
      vertex 6 10.3923 4
      vertex 5.07142 10.8757 4
    endloop
  endfacet
  facet normal -0.461758 -0.887006 -0
    outer loop
      vertex 6 10.3923 4
      vertex 5.07142 10.8757 0
      vertex 6 10.3923 0
    endloop
  endfacet
  facet normal 0.537298 0.843392 -0
    outer loop
      vertex -6 -10.3923 0
      vertex -6.88292 -9.82982 4
      vertex -6 -10.3923 4
    endloop
  endfacet
  facet normal 0.537298 0.843392 0
    outer loop
      vertex -6.88292 -9.82982 4
      vertex -6 -10.3923 0
      vertex -6.88292 -9.82982 0
    endloop
  endfacet
  facet normal -0.887006 0.461758 0
    outer loop
      vertex 10.3923 -6 0
      vertex 10.8757 -5.07142 4
      vertex 10.8757 -5.07142 0
    endloop
  endfacet
  facet normal -0.887006 0.461758 0
    outer loop
      vertex 10.8757 -5.07142 4
      vertex 10.3923 -6 0
      vertex 10.3923 -6 4
    endloop
  endfacet
  facet normal 0.99145 -0.130485 0
    outer loop
      vertex -11.9543 1.04587 4
      vertex -11.8177 2.08378 0
      vertex -11.8177 2.08378 4
    endloop
  endfacet
  facet normal 0.99145 -0.130485 0
    outer loop
      vertex -11.8177 2.08378 0
      vertex -11.9543 1.04587 4
      vertex -11.9543 1.04587 0
    endloop
  endfacet
  facet normal -0.300708 -0.953716 0
    outer loop
      vertex 3.10583 11.5911 0
      vertex 4.10424 11.2763 4
      vertex 3.10583 11.5911 4
    endloop
  endfacet
  facet normal -0.300708 -0.953716 -0
    outer loop
      vertex 4.10424 11.2763 4
      vertex 3.10583 11.5911 0
      vertex 4.10424 11.2763 0
    endloop
  endfacet
  facet normal -0.130485 0.99145 0
    outer loop
      vertex 2.08378 -11.8177 0
      vertex 1.04587 -11.9543 4
      vertex 2.08378 -11.8177 4
    endloop
  endfacet
  facet normal -0.130485 0.99145 0
    outer loop
      vertex 1.04587 -11.9543 4
      vertex 2.08378 -11.8177 0
      vertex 1.04587 -11.9543 0
    endloop
  endfacet
  facet normal 0.976293 0.216455 0
    outer loop
      vertex -11.5911 -3.10583 4
      vertex -11.8177 -2.08378 0
      vertex -11.8177 -2.08378 4
    endloop
  endfacet
  facet normal 0.976293 0.216455 0
    outer loop
      vertex -11.8177 -2.08378 0
      vertex -11.5911 -3.10583 4
      vertex -11.5911 -3.10583 0
    endloop
  endfacet
  facet normal 0.537298 -0.843392 0
    outer loop
      vertex -6.88292 9.82982 0
      vertex -6 10.3923 4
      vertex -6.88292 9.82982 4
    endloop
  endfacet
  facet normal 0.537298 -0.843392 0
    outer loop
      vertex -6 10.3923 4
      vertex -6.88292 9.82982 0
      vertex -6 10.3923 0
    endloop
  endfacet
  facet normal -0.793352 0.608763 0
    outer loop
      vertex 9.19253 -7.71345 0
      vertex 9.82982 -6.88292 4
      vertex 9.82982 -6.88292 0
    endloop
  endfacet
  facet normal -0.793352 0.608763 0
    outer loop
      vertex 9.82982 -6.88292 4
      vertex 9.19253 -7.71345 0
      vertex 9.19253 -7.71345 4
    endloop
  endfacet
  facet normal 0.216455 -0.976293 0
    outer loop
      vertex -3.10583 11.5911 0
      vertex -2.08378 11.8177 4
      vertex -3.10583 11.5911 4
    endloop
  endfacet
  facet normal 0.216455 -0.976293 0
    outer loop
      vertex -2.08378 11.8177 4
      vertex -3.10583 11.5911 0
      vertex -2.08378 11.8177 0
    endloop
  endfacet
  facet normal -0.608763 -0.793352 0
    outer loop
      vertex 6.88292 9.82982 0
      vertex 7.71345 9.19253 4
      vertex 6.88292 9.82982 4
    endloop
  endfacet
  facet normal -0.608763 -0.793352 -0
    outer loop
      vertex 7.71345 9.19253 4
      vertex 6.88292 9.82982 0
      vertex 7.71345 9.19253 0
    endloop
  endfacet
  facet normal 0.793352 -0.608763 0
    outer loop
      vertex -9.82982 6.88292 4
      vertex -9.19253 7.71345 0
      vertex -9.19253 7.71345 4
    endloop
  endfacet
  facet normal 0.793352 -0.608763 0
    outer loop
      vertex -9.19253 7.71345 0
      vertex -9.82982 6.88292 4
      vertex -9.82982 6.88292 0
    endloop
  endfacet
  facet normal -0.843392 0.537298 0
    outer loop
      vertex 9.82982 -6.88292 0
      vertex 10.3923 -6 4
      vertex 10.3923 -6 0
    endloop
  endfacet
  facet normal -0.843392 0.537298 0
    outer loop
      vertex 10.3923 -6 4
      vertex 9.82982 -6.88292 0
      vertex 9.82982 -6.88292 4
    endloop
  endfacet
  facet normal -0.675589 -0.737278 0
    outer loop
      vertex 7.71345 9.19253 0
      vertex 8.48528 8.48528 4
      vertex 7.71345 9.19253 4
    endloop
  endfacet
  facet normal -0.675589 -0.737278 -0
    outer loop
      vertex 8.48528 8.48528 4
      vertex 7.71345 9.19253 0
      vertex 8.48528 8.48528 0
    endloop
  endfacet
  facet normal 0.461758 -0.887006 0
    outer loop
      vertex -6 10.3923 0
      vertex -5.07142 10.8757 4
      vertex -6 10.3923 4
    endloop
  endfacet
  facet normal 0.461758 -0.887006 0
    outer loop
      vertex -5.07142 10.8757 4
      vertex -6 10.3923 0
      vertex -5.07142 10.8757 0
    endloop
  endfacet
  facet normal 0.043654 0.999047 -0
    outer loop
      vertex 0 -12 0
      vertex -1.04587 -11.9543 4
      vertex 0 -12 4
    endloop
  endfacet
  facet normal 0.043654 0.999047 0
    outer loop
      vertex -1.04587 -11.9543 4
      vertex 0 -12 0
      vertex -1.04587 -11.9543 0
    endloop
  endfacet
  facet normal -0.953716 -0.300708 0
    outer loop
      vertex 11.5911 3.10583 0
      vertex 11.2763 4.10424 4
      vertex 11.2763 4.10424 0
    endloop
  endfacet
  facet normal -0.953716 -0.300708 0
    outer loop
      vertex 11.2763 4.10424 4
      vertex 11.5911 3.10583 0
      vertex 11.5911 3.10583 4
    endloop
  endfacet
  facet normal -0.887006 -0.461758 0
    outer loop
      vertex 10.8757 5.07142 0
      vertex 10.3923 6 4
      vertex 10.3923 6 0
    endloop
  endfacet
  facet normal -0.887006 -0.461758 0
    outer loop
      vertex 10.3923 6 4
      vertex 10.8757 5.07142 0
      vertex 10.8757 5.07142 4
    endloop
  endfacet
  facet normal -0.382668 0.923886 0
    outer loop
      vertex 5.07142 -10.8757 0
      vertex 4.10424 -11.2763 4
      vertex 5.07142 -10.8757 4
    endloop
  endfacet
  facet normal -0.382668 0.923886 0
    outer loop
      vertex 4.10424 -11.2763 4
      vertex 5.07142 -10.8757 0
      vertex 4.10424 -11.2763 0
    endloop
  endfacet
  facet normal -0.99145 0.130485 0
    outer loop
      vertex 11.8177 -2.08378 0
      vertex 11.9543 -1.04587 4
      vertex 11.9543 -1.04587 0
    endloop
  endfacet
  facet normal -0.99145 0.130485 0
    outer loop
      vertex 11.9543 -1.04587 4
      vertex 11.8177 -2.08378 0
      vertex 11.8177 -2.08378 4
    endloop
  endfacet
  facet normal 0.675589 -0.737278 0
    outer loop
      vertex -8.48528 8.48528 0
      vertex -7.71345 9.19253 4
      vertex -8.48528 8.48528 4
    endloop
  endfacet
  facet normal 0.675589 -0.737278 0
    outer loop
      vertex -7.71345 9.19253 4
      vertex -8.48528 8.48528 0
      vertex -7.71345 9.19253 0
    endloop
  endfacet
  facet normal 0.953716 -0.300708 0
    outer loop
      vertex -11.5911 3.10583 4
      vertex -11.2763 4.10424 0
      vertex -11.2763 4.10424 4
    endloop
  endfacet
  facet normal 0.953716 -0.300708 0
    outer loop
      vertex -11.2763 4.10424 0
      vertex -11.5911 3.10583 4
      vertex -11.5911 3.10583 0
    endloop
  endfacet
  facet normal 0.300708 -0.953716 0
    outer loop
      vertex -4.10424 11.2763 0
      vertex -3.10583 11.5911 4
      vertex -4.10424 11.2763 4
    endloop
  endfacet
  facet normal 0.300708 -0.953716 0
    outer loop
      vertex -3.10583 11.5911 4
      vertex -4.10424 11.2763 0
      vertex -3.10583 11.5911 0
    endloop
  endfacet
  facet normal 0.999047 0.043654 0
    outer loop
      vertex -11.9543 -1.04587 4
      vertex -12 0 0
      vertex -12 0 4
    endloop
  endfacet
  facet normal 0.999047 0.043654 0
    outer loop
      vertex -12 0 0
      vertex -11.9543 -1.04587 4
      vertex -11.9543 -1.04587 0
    endloop
  endfacet
  facet normal 0.043654 -0.999047 0
    outer loop
      vertex -1.04587 11.9543 0
      vertex 0 12 4
      vertex -1.04587 11.9543 4
    endloop
  endfacet
  facet normal 0.043654 -0.999047 0
    outer loop
      vertex 0 12 4
      vertex -1.04587 11.9543 0
      vertex 0 12 0
    endloop
  endfacet
  facet normal -0.216455 0.976293 0
    outer loop
      vertex 3.10583 -11.5911 0
      vertex 2.08378 -11.8177 4
      vertex 3.10583 -11.5911 4
    endloop
  endfacet
  facet normal -0.216455 0.976293 0
    outer loop
      vertex 2.08378 -11.8177 4
      vertex 3.10583 -11.5911 0
      vertex 2.08378 -11.8177 0
    endloop
  endfacet
  facet normal 0.976293 -0.216455 0
    outer loop
      vertex -11.8177 2.08378 4
      vertex -11.5911 3.10583 0
      vertex -11.5911 3.10583 4
    endloop
  endfacet
  facet normal 0.976293 -0.216455 0
    outer loop
      vertex -11.5911 3.10583 0
      vertex -11.8177 2.08378 4
      vertex -11.8177 2.08378 0
    endloop
  endfacet
  facet normal 0.737278 0.675589 0
    outer loop
      vertex -8.48528 -8.48528 4
      vertex -9.19253 -7.71345 0
      vertex -9.19253 -7.71345 4
    endloop
  endfacet
  facet normal 0.737278 0.675589 0
    outer loop
      vertex -9.19253 -7.71345 0
      vertex -8.48528 -8.48528 4
      vertex -8.48528 -8.48528 0
    endloop
  endfacet
  facet normal 0.99145 0.130485 0
    outer loop
      vertex -11.8177 -2.08378 4
      vertex -11.9543 -1.04587 0
      vertex -11.9543 -1.04587 4
    endloop
  endfacet
  facet normal 0.99145 0.130485 0
    outer loop
      vertex -11.9543 -1.04587 0
      vertex -11.8177 -2.08378 4
      vertex -11.8177 -2.08378 0
    endloop
  endfacet
  facet normal 0.461758 0.887006 -0
    outer loop
      vertex -5.07142 -10.8757 0
      vertex -6 -10.3923 4
      vertex -5.07142 -10.8757 4
    endloop
  endfacet
  facet normal 0.461758 0.887006 0
    outer loop
      vertex -6 -10.3923 4
      vertex -5.07142 -10.8757 0
      vertex -6 -10.3923 0
    endloop
  endfacet
  facet normal 0.953716 0.300708 0
    outer loop
      vertex -11.2763 -4.10424 4
      vertex -11.5911 -3.10583 0
      vertex -11.5911 -3.10583 4
    endloop
  endfacet
  facet normal 0.953716 0.300708 0
    outer loop
      vertex -11.5911 -3.10583 0
      vertex -11.2763 -4.10424 4
      vertex -11.2763 -4.10424 0
    endloop
  endfacet
  facet normal -0.923886 0.382668 0
    outer loop
      vertex 10.8757 -5.07142 0
      vertex 11.2763 -4.10424 4
      vertex 11.2763 -4.10424 0
    endloop
  endfacet
  facet normal -0.923886 0.382668 0
    outer loop
      vertex 11.2763 -4.10424 4
      vertex 10.8757 -5.07142 0
      vertex 10.8757 -5.07142 4
    endloop
  endfacet
  facet normal 0.737278 -0.675589 0
    outer loop
      vertex -9.19253 7.71345 4
      vertex -8.48528 8.48528 0
      vertex -8.48528 8.48528 4
    endloop
  endfacet
  facet normal 0.737278 -0.675589 0
    outer loop
      vertex -8.48528 8.48528 0
      vertex -9.19253 7.71345 4
      vertex -9.19253 7.71345 0
    endloop
  endfacet
  facet normal -0.793352 -0.608763 0
    outer loop
      vertex 9.82982 6.88292 0
      vertex 9.19253 7.71345 4
      vertex 9.19253 7.71345 0
    endloop
  endfacet
  facet normal -0.793352 -0.608763 0
    outer loop
      vertex 9.19253 7.71345 4
      vertex 9.82982 6.88292 0
      vertex 9.82982 6.88292 4
    endloop
  endfacet
  facet normal 0.382668 0.923886 -0
    outer loop
      vertex -4.10424 -11.2763 0
      vertex -5.07142 -10.8757 4
      vertex -4.10424 -11.2763 4
    endloop
  endfacet
  facet normal 0.382668 0.923886 0
    outer loop
      vertex -5.07142 -10.8757 4
      vertex -4.10424 -11.2763 0
      vertex -5.07142 -10.8757 0
    endloop
  endfacet
  facet normal 0.130485 0.99145 -0
    outer loop
      vertex -1.04587 -11.9543 0
      vertex -2.08378 -11.8177 4
      vertex -1.04587 -11.9543 4
    endloop
  endfacet
  facet normal 0.130485 0.99145 0
    outer loop
      vertex -2.08378 -11.8177 4
      vertex -1.04587 -11.9543 0
      vertex -2.08378 -11.8177 0
    endloop
  endfacet
  facet normal 0.843392 -0.537298 0
    outer loop
      vertex -10.3923 6 4
      vertex -9.82982 6.88292 0
      vertex -9.82982 6.88292 4
    endloop
  endfacet
  facet normal 0.843392 -0.537298 0
    outer loop
      vertex -9.82982 6.88292 0
      vertex -10.3923 6 4
      vertex -10.3923 6 0
    endloop
  endfacet
  facet normal 0.999047 -0.043654 0
    outer loop
      vertex -12 0 4
      vertex -11.9543 1.04587 0
      vertex -11.9543 1.04587 4
    endloop
  endfacet
  facet normal 0.999047 -0.043654 0
    outer loop
      vertex -11.9543 1.04587 0
      vertex -12 0 4
      vertex -12 0 0
    endloop
  endfacet
  facet normal -0.300708 0.953716 0
    outer loop
      vertex 4.10424 -11.2763 0
      vertex 3.10583 -11.5911 4
      vertex 4.10424 -11.2763 4
    endloop
  endfacet
  facet normal -0.300708 0.953716 0
    outer loop
      vertex 3.10583 -11.5911 4
      vertex 4.10424 -11.2763 0
      vertex 3.10583 -11.5911 0
    endloop
  endfacet
  facet normal 0.923886 -0.382668 0
    outer loop
      vertex -11.2763 4.10424 4
      vertex -10.8757 5.07142 0
      vertex -10.8757 5.07142 4
    endloop
  endfacet
  facet normal 0.923886 -0.382668 0
    outer loop
      vertex -10.8757 5.07142 0
      vertex -11.2763 4.10424 4
      vertex -11.2763 4.10424 0
    endloop
  endfacet
  facet normal 0.608763 0.793352 -0
    outer loop
      vertex -6.88292 -9.82982 0
      vertex -7.71345 -9.19253 4
      vertex -6.88292 -9.82982 4
    endloop
  endfacet
  facet normal 0.608763 0.793352 0
    outer loop
      vertex -7.71345 -9.19253 4
      vertex -6.88292 -9.82982 0
      vertex -7.71345 -9.19253 0
    endloop
  endfacet
  facet normal -0.953716 0.300708 0
    outer loop
      vertex 11.2763 -4.10424 0
      vertex 11.5911 -3.10583 4
      vertex 11.5911 -3.10583 0
    endloop
  endfacet
  facet normal -0.953716 0.300708 0
    outer loop
      vertex 11.5911 -3.10583 4
      vertex 11.2763 -4.10424 0
      vertex 11.2763 -4.10424 4
    endloop
  endfacet
  facet normal -0.675589 0.737278 0
    outer loop
      vertex 8.48528 -8.48528 0
      vertex 7.71345 -9.19253 4
      vertex 8.48528 -8.48528 4
    endloop
  endfacet
  facet normal -0.675589 0.737278 0
    outer loop
      vertex 7.71345 -9.19253 4
      vertex 8.48528 -8.48528 0
      vertex 7.71345 -9.19253 0
    endloop
  endfacet
  facet normal -0.382668 -0.923886 0
    outer loop
      vertex 4.10424 11.2763 0
      vertex 5.07142 10.8757 4
      vertex 4.10424 11.2763 4
    endloop
  endfacet
  facet normal -0.382668 -0.923886 -0
    outer loop
      vertex 5.07142 10.8757 4
      vertex 4.10424 11.2763 0
      vertex 5.07142 10.8757 0
    endloop
  endfacet
  facet normal -0.991446 -0.130514 0
    outer loop
      vertex 30.3341 2.65389 4
      vertex 29.9874 5.28759 40
      vertex 29.9874 5.28759 4
    endloop
  endfacet
  facet normal -0.991446 -0.130514 0
    outer loop
      vertex 29.9874 5.28759 40
      vertex 30.3341 2.65389 4
      vertex 30.3341 2.65389 40
    endloop
  endfacet
  facet normal -0.999046 -0.043674 0
    outer loop
      vertex 30.3341 2.65389 4
      vertex 30.3758 1.7 25
      vertex 30.3341 2.65389 40
    endloop
  endfacet
  facet normal -0.998988 -0.04497 -5.89801e-05
    outer loop
      vertex 30.3341 2.65389 4
      vertex 30.3761 1.69353 24.8518
      vertex 30.3758 1.7 25
    endloop
  endfacet
  facet normal -0.999121 -0.0419102 8.22088e-05
    outer loop
      vertex 30.3341 2.65389 4
      vertex 30.3769 1.67417 24.7048
      vertex 30.3761 1.69353 24.8518
    endloop
  endfacet
  facet normal -0.99905 -0.043585 2.81448e-06
    outer loop
      vertex 30.3341 2.65389 4
      vertex 30.3783 1.64207 24.56
      vertex 30.3769 1.67417 24.7048
    endloop
  endfacet
  facet normal -0.999003 -0.0446507 -4.97333e-05
    outer loop
      vertex 30.3341 2.65389 4
      vertex 30.3803 1.59748 24.4186
      vertex 30.3783 1.64207 24.56
    endloop
  endfacet
  facet normal -0.9991 -0.0424062 6.66132e-05
    outer loop
      vertex 30.3341 2.65389 4
      vertex 30.3827 1.54072 24.2815
      vertex 30.3803 1.59748 24.4186
    endloop
  endfacet
  facet normal -0.999042 -0.0437522 -7.40663e-06
    outer loop
      vertex 30.3341 2.65389 4
      vertex 30.3857 1.47224 24.15
      vertex 30.3827 1.54072 24.2815
    endloop
  endfacet
  facet normal -0.999038 -0.0438617 -1.38382e-05
    outer loop
      vertex 30.3341 2.65389 4
      vertex 30.3892 1.39256 24.0249
      vertex 30.3857 1.47224 24.15
    endloop
  endfacet
  facet normal -0.999067 -0.043191 2.84914e-05
    outer loop
      vertex 30.3341 2.65389 4
      vertex 30.3931 1.30227 23.9073
      vertex 30.3892 1.39256 24.0249
    endloop
  endfacet
  facet normal -0.999038 -0.043856 -1.67493e-05
    outer loop
      vertex 30.3341 2.65389 4
      vertex 30.3975 1.20208 23.7979
      vertex 30.3931 1.30227 23.9073
    endloop
  endfacet
  facet normal -0.999038 -0.0438431 -1.57983e-05
    outer loop
      vertex 30.3341 2.65389 4
      vertex 30.4023 1.09274 23.6977
      vertex 30.3975 1.20208 23.7979
    endloop
  endfacet
  facet normal -0.999061 -0.043324 2.54162e-05
    outer loop
      vertex 30.3341 2.65389 4
      vertex 30.4074 0.97508 23.6074
      vertex 30.4023 1.09274 23.6977
    endloop
  endfacet
  facet normal -0.999035 -0.0439131 -2.51165e-05
    outer loop
      vertex 30.3341 2.65389 4
      vertex 30.4129 0.849999 23.5278
      vertex 30.4074 0.97508 23.6074
    endloop
  endfacet
  facet normal -0.999062 -0.0433057 3.10967e-05
    outer loop
      vertex 30.3341 2.65389 4
      vertex 30.4186 0.718451 23.4593
      vertex 30.4129 0.849999 23.5278
    endloop
  endfacet
  facet normal -0.999043 -0.0437428 -1.24558e-05
    outer loop
      vertex 30.3341 2.65389 4
      vertex 30.4246 0.581433 23.4025
      vertex 30.4186 0.718451 23.4593
    endloop
  endfacet
  facet normal -0.999041 -0.0437871 -1.71944e-05
    outer loop
      vertex 30.3341 2.65389 4
      vertex 30.4308 0.439992 23.3579
      vertex 30.4246 0.581433 23.4025
    endloop
  endfacet
  facet normal -0.999055 -0.043474 1.86789e-05
    outer loop
      vertex 30.3341 2.65389 4
      vertex 30.4371 0.295201 23.3258
      vertex 30.4308 0.439992 23.3579
    endloop
  endfacet
  facet normal -0.999054 -0.0434878 1.699e-05
    outer loop
      vertex 30.3341 2.65389 4
      vertex 30.4435 0.148165 23.3065
      vertex 30.4371 0.295201 23.3258
    endloop
  endfacet
  facet normal -0.999048 -0.0436302 -1.52013e-06
    outer loop
      vertex 30.45 0 4
      vertex 30.4435 0.148165 23.3065
      vertex 30.3341 2.65389 4
    endloop
  endfacet
  facet normal -0.999039 -0.0438279 0
    outer loop
      vertex 30.4435 0.148165 23.3065
      vertex 30.45 0 4
      vertex 30.45 0 23.3
    endloop
  endfacet
  facet normal -0.998998 -0.0447504 6.85842e-05
    outer loop
      vertex 30.3761 1.69353 25.1482
      vertex 30.3341 2.65389 40
      vertex 30.3758 1.7 25
    endloop
  endfacet
  facet normal -0.999114 -0.0420791 -0.000104483
    outer loop
      vertex 30.3769 1.67417 25.2952
      vertex 30.3341 2.65389 40
      vertex 30.3761 1.69353 25.1482
    endloop
  endfacet
  facet normal -0.99905 -0.0435889 -3.69749e-06
    outer loop
      vertex 30.3783 1.64207 25.44
      vertex 30.3341 2.65389 40
      vertex 30.3769 1.67417 25.2952
    endloop
  endfacet
  facet normal -0.999005 -0.0445975 6.65271e-05
    outer loop
      vertex 30.3803 1.59748 25.5814
      vertex 30.3341 2.65389 40
      vertex 30.3783 1.64207 25.44
    endloop
  endfacet
  facet normal -0.999098 -0.0424629 -9.01646e-05
    outer loop
      vertex 30.3827 1.54072 25.7185
      vertex 30.3341 2.65389 40
      vertex 30.3803 1.59748 25.5814
    endloop
  endfacet
  facet normal -0.999043 -0.0437471 1.01132e-05
    outer loop
      vertex 30.3857 1.47224 25.85
      vertex 30.3341 2.65389 40
      vertex 30.3827 1.54072 25.7185
    endloop
  endfacet
  facet normal -0.999038 -0.0438536 1.90259e-05
    outer loop
      vertex 30.3892 1.39256 25.9751
      vertex 30.3341 2.65389 40
      vertex 30.3857 1.47224 25.85
    endloop
  endfacet
  facet normal -0.999066 -0.0432051 -3.94022e-05
    outer loop
      vertex 30.3931 1.30227 26.0927
      vertex 30.3341 2.65389 40
      vertex 30.3892 1.39256 25.9751
    endloop
  endfacet
  facet normal -0.999038 -0.0438489 2.32822e-05
    outer loop
      vertex 30.3975 1.20208 26.2021
      vertex 30.3341 2.65389 40
      vertex 30.3931 1.30227 26.0927
    endloop
  endfacet
  facet normal -0.999039 -0.0438373 2.2064e-05
    outer loop
      vertex 30.4023 1.09274 26.3023
      vertex 30.3341 2.65389 40
      vertex 30.3975 1.20208 26.2021
    endloop
  endfacet
  facet normal -0.999061 -0.0433319 -3.56537e-05
    outer loop
      vertex 30.4074 0.97508 26.3926
      vertex 30.3341 2.65389 40
      vertex 30.4023 1.09274 26.3023
    endloop
  endfacet
  facet normal -0.999036 -0.0439066 3.53851e-05
    outer loop
      vertex 30.4129 0.849999 26.4722
      vertex 30.3341 2.65389 40
      vertex 30.4074 0.97508 26.3926
    endloop
  endfacet
  facet normal -0.999062 -0.0433124 -4.39935e-05
    outer loop
      vertex 30.4186 0.718451 26.5407
      vertex 30.3341 2.65389 40
      vertex 30.4129 0.849999 26.4722
    endloop
  endfacet
  facet normal -0.999043 -0.0437406 1.76961e-05
    outer loop
      vertex 30.4246 0.581433 26.5975
      vertex 30.3341 2.65389 40
      vertex 30.4186 0.718451 26.5407
    endloop
  endfacet
  facet normal -0.999041 -0.0437848 2.45341e-05
    outer loop
      vertex 30.4308 0.439992 26.6421
      vertex 30.3341 2.65389 40
      vertex 30.4246 0.581433 26.5975
    endloop
  endfacet
  facet normal -0.999054 -0.0434758 -2.67715e-05
    outer loop
      vertex 30.4371 0.295201 26.6742
      vertex 30.3341 2.65389 40
      vertex 30.4308 0.439992 26.6421
    endloop
  endfacet
  facet normal -0.999054 -0.0434851 3.82404e-06
    outer loop
      vertex 30.45 0 40
      vertex 30.4371 0.295201 26.6742
      vertex 30.4435 0.148165 26.6935
    endloop
  endfacet
  facet normal -0.999039 -0.0438279 -0
    outer loop
      vertex 30.45 0 40
      vertex 30.4435 0.148165 26.6935
      vertex 30.45 0 26.7
    endloop
  endfacet
  facet normal -0.999048 -0.0436302 6.04117e-07
    outer loop
      vertex 30.4371 0.295201 26.6742
      vertex 30.45 0 40
      vertex 30.3341 2.65389 40
    endloop
  endfacet
  facet normal -0.976292 -0.216456 0
    outer loop
      vertex 29.9874 5.28759 4
      vertex 29.4124 7.88104 40
      vertex 29.4124 7.88104 4
    endloop
  endfacet
  facet normal -0.976292 -0.216456 0
    outer loop
      vertex 29.4124 7.88104 40
      vertex 29.9874 5.28759 4
      vertex 29.9874 5.28759 40
    endloop
  endfacet
  facet normal -0.216456 -0.976292 0
    outer loop
      vertex 5.28759 29.9874 4
      vertex 7.88104 29.4124 40
      vertex 5.28759 29.9874 40
    endloop
  endfacet
  facet normal -0.216456 -0.976292 -0
    outer loop
      vertex 7.88104 29.4124 40
      vertex 5.28759 29.9874 4
      vertex 7.88104 29.4124 4
    endloop
  endfacet
  facet normal -0.300707 -0.953717 0
    outer loop
      vertex 7.88104 29.4124 4
      vertex 10.4145 28.6136 40
      vertex 7.88104 29.4124 40
    endloop
  endfacet
  facet normal -0.300707 -0.953717 -0
    outer loop
      vertex 10.4145 28.6136 40
      vertex 7.88104 29.4124 4
      vertex 10.4145 28.6136 4
    endloop
  endfacet
  facet normal 0.130514 0.991446 -0
    outer loop
      vertex -2.65389 -30.3341 4
      vertex -5.28759 -29.9874 40
      vertex -2.65389 -30.3341 40
    endloop
  endfacet
  facet normal 0.130514 0.991446 0
    outer loop
      vertex -5.28759 -29.9874 40
      vertex -2.65389 -30.3341 4
      vertex -5.28759 -29.9874 4
    endloop
  endfacet
  facet normal -0.976292 0.216456 0
    outer loop
      vertex 29.4124 -7.88104 4
      vertex 29.9874 -5.28759 40
      vertex 29.9874 -5.28759 4
    endloop
  endfacet
  facet normal -0.976292 0.216456 0
    outer loop
      vertex 29.9874 -5.28759 40
      vertex 29.4124 -7.88104 4
      vertex 29.4124 -7.88104 40
    endloop
  endfacet
  facet normal 0.887013 0.461745 0
    outer loop
      vertex -26.3705 -15.225 40
      vertex -27.5971 -12.8687 4
      vertex -27.5971 -12.8687 40
    endloop
  endfacet
  facet normal 0.887013 0.461745 0
    outer loop
      vertex -27.5971 -12.8687 4
      vertex -26.3705 -15.225 40
      vertex -26.3705 -15.225 4
    endloop
  endfacet
  facet normal 0.608752 0.793361 -0
    outer loop
      vertex -17.4654 -24.9432 4
      vertex -19.5729 -23.3261 40
      vertex -17.4654 -24.9432 40
    endloop
  endfacet
  facet normal 0.608752 0.793361 0
    outer loop
      vertex -19.5729 -23.3261 40
      vertex -17.4654 -24.9432 4
      vertex -19.5729 -23.3261 4
    endloop
  endfacet
  facet normal 0.923888 0.382663 0
    outer loop
      vertex -27.5971 -12.8687 40
      vertex -28.6136 -10.4145 4
      vertex -28.6136 -10.4145 40
    endloop
  endfacet
  facet normal 0.923888 0.382663 0
    outer loop
      vertex -28.6136 -10.4145 4
      vertex -27.5971 -12.8687 40
      vertex -27.5971 -12.8687 4
    endloop
  endfacet
  facet normal 0.382663 0.923888 -0
    outer loop
      vertex -10.4145 -28.6136 4
      vertex -12.8687 -27.5971 40
      vertex -10.4145 -28.6136 40
    endloop
  endfacet
  facet normal 0.382663 0.923888 0
    outer loop
      vertex -12.8687 -27.5971 40
      vertex -10.4145 -28.6136 4
      vertex -12.8687 -27.5971 4
    endloop
  endfacet
  facet normal 0.608752 -0.793361 0
    outer loop
      vertex -19.5729 23.3261 4
      vertex -17.4654 24.9432 40
      vertex -19.5729 23.3261 40
    endloop
  endfacet
  facet normal 0.608752 -0.793361 0
    outer loop
      vertex -17.4654 24.9432 40
      vertex -19.5729 23.3261 4
      vertex -17.4654 24.9432 4
    endloop
  endfacet
  facet normal -0.991446 0.130514 0
    outer loop
      vertex 29.9874 -5.28759 4
      vertex 30.3341 -2.65389 40
      vertex 30.3341 -2.65389 4
    endloop
  endfacet
  facet normal -0.991446 0.130514 0
    outer loop
      vertex 30.3341 -2.65389 40
      vertex 29.9874 -5.28759 4
      vertex 29.9874 -5.28759 40
    endloop
  endfacet
  facet normal -0.675604 -0.737265 0
    outer loop
      vertex 19.5729 23.3261 4
      vertex 21.5314 21.5314 40
      vertex 19.5729 23.3261 40
    endloop
  endfacet
  facet normal -0.675604 -0.737265 -0
    outer loop
      vertex 21.5314 21.5314 40
      vertex 19.5729 23.3261 4
      vertex 21.5314 21.5314 4
    endloop
  endfacet
  facet normal 0.300707 0.953717 -0
    outer loop
      vertex -7.88104 -29.4124 4
      vertex -10.4145 -28.6136 40
      vertex -7.88104 -29.4124 40
    endloop
  endfacet
  facet normal 0.300707 0.953717 0
    outer loop
      vertex -10.4145 -28.6136 40
      vertex -7.88104 -29.4124 4
      vertex -10.4145 -28.6136 4
    endloop
  endfacet
  facet normal -0.608752 -0.793361 0
    outer loop
      vertex 17.4654 24.9432 4
      vertex 19.5729 23.3261 40
      vertex 17.4654 24.9432 40
    endloop
  endfacet
  facet normal -0.608752 -0.793361 -0
    outer loop
      vertex 19.5729 23.3261 40
      vertex 17.4654 24.9432 4
      vertex 19.5729 23.3261 4
    endloop
  endfacet
  facet normal -0.537302 -0.84339 0
    outer loop
      vertex 15.225 26.3705 4
      vertex 17.4654 24.9432 40
      vertex 15.225 26.3705 40
    endloop
  endfacet
  facet normal -0.537302 -0.84339 -0
    outer loop
      vertex 17.4654 24.9432 40
      vertex 15.225 26.3705 4
      vertex 17.4654 24.9432 4
    endloop
  endfacet
  facet normal 0.84339 0.537302 0
    outer loop
      vertex -24.9432 -17.4654 40
      vertex -26.3705 -15.225 4
      vertex -26.3705 -15.225 40
    endloop
  endfacet
  facet normal 0.84339 0.537302 0
    outer loop
      vertex -26.3705 -15.225 4
      vertex -24.9432 -17.4654 40
      vertex -24.9432 -17.4654 4
    endloop
  endfacet
  facet normal -0.793361 0.608752 0
    outer loop
      vertex 23.3261 -19.5729 4
      vertex 24.9432 -17.4654 40
      vertex 24.9432 -17.4654 4
    endloop
  endfacet
  facet normal -0.793361 0.608752 0
    outer loop
      vertex 24.9432 -17.4654 40
      vertex 23.3261 -19.5729 4
      vertex 23.3261 -19.5729 40
    endloop
  endfacet
  facet normal 0.216456 -0.976292 0
    outer loop
      vertex -7.88104 29.4124 4
      vertex -5.28759 29.9874 40
      vertex -7.88104 29.4124 40
    endloop
  endfacet
  facet normal 0.216456 -0.976292 0
    outer loop
      vertex -5.28759 29.9874 40
      vertex -7.88104 29.4124 4
      vertex -5.28759 29.9874 4
    endloop
  endfacet
  facet normal 0.84339 -0.537302 0
    outer loop
      vertex -26.3705 15.225 40
      vertex -24.9432 17.4654 4
      vertex -24.9432 17.4654 40
    endloop
  endfacet
  facet normal 0.84339 -0.537302 0
    outer loop
      vertex -24.9432 17.4654 4
      vertex -26.3705 15.225 40
      vertex -26.3705 15.225 4
    endloop
  endfacet
  facet normal -0.953717 -0.300707 0
    outer loop
      vertex 29.4124 7.88104 4
      vertex 28.6136 10.4145 40
      vertex 28.6136 10.4145 4
    endloop
  endfacet
  facet normal -0.953717 -0.300707 0
    outer loop
      vertex 28.6136 10.4145 40
      vertex 29.4124 7.88104 4
      vertex 29.4124 7.88104 40
    endloop
  endfacet
  facet normal 0.793361 0.608752 0
    outer loop
      vertex -23.3261 -19.5729 40
      vertex -24.9432 -17.4654 4
      vertex -24.9432 -17.4654 40
    endloop
  endfacet
  facet normal 0.793361 0.608752 0
    outer loop
      vertex -24.9432 -17.4654 4
      vertex -23.3261 -19.5729 40
      vertex -23.3261 -19.5729 4
    endloop
  endfacet
  facet normal 0.675604 0.737265 -0
    outer loop
      vertex -19.5729 -23.3261 4
      vertex -21.5314 -21.5314 40
      vertex -19.5729 -23.3261 40
    endloop
  endfacet
  facet normal 0.675604 0.737265 0
    outer loop
      vertex -21.5314 -21.5314 40
      vertex -19.5729 -23.3261 4
      vertex -21.5314 -21.5314 4
    endloop
  endfacet
  facet normal 0.923888 -0.382663 0
    outer loop
      vertex -28.6136 10.4145 40
      vertex -27.5971 12.8687 4
      vertex -27.5971 12.8687 40
    endloop
  endfacet
  facet normal 0.923888 -0.382663 0
    outer loop
      vertex -27.5971 12.8687 4
      vertex -28.6136 10.4145 40
      vertex -28.6136 10.4145 4
    endloop
  endfacet
  facet normal -0.923888 0.382663 0
    outer loop
      vertex 27.5971 -12.8687 4
      vertex 28.6136 -10.4145 40
      vertex 28.6136 -10.4145 4
    endloop
  endfacet
  facet normal -0.923888 0.382663 0
    outer loop
      vertex 28.6136 -10.4145 40
      vertex 27.5971 -12.8687 4
      vertex 27.5971 -12.8687 40
    endloop
  endfacet
  facet normal -0.84339 -0.537302 0
    outer loop
      vertex 26.3705 15.225 4
      vertex 24.9432 17.4654 40
      vertex 24.9432 17.4654 4
    endloop
  endfacet
  facet normal -0.84339 -0.537302 0
    outer loop
      vertex 24.9432 17.4654 40
      vertex 26.3705 15.225 4
      vertex 26.3705 15.225 40
    endloop
  endfacet
  facet normal -0.999039 0.0438279 0
    outer loop
      vertex 30.45 0 4
      vertex 30.4435 -0.148165 23.3065
      vertex 30.45 0 23.3
    endloop
  endfacet
  facet normal -0.999048 0.0436302 -1.52013e-06
    outer loop
      vertex 30.3341 -2.65389 4
      vertex 30.4435 -0.148165 23.3065
      vertex 30.45 0 4
    endloop
  endfacet
  facet normal -0.999054 0.0434878 1.699e-05
    outer loop
      vertex 30.4435 -0.148165 23.3065
      vertex 30.3341 -2.65389 4
      vertex 30.4371 -0.295201 23.3258
    endloop
  endfacet
  facet normal -0.999055 0.043474 1.86789e-05
    outer loop
      vertex 30.4371 -0.295201 23.3258
      vertex 30.3341 -2.65389 4
      vertex 30.4308 -0.439992 23.3579
    endloop
  endfacet
  facet normal -0.999041 0.0437871 -1.71944e-05
    outer loop
      vertex 30.4308 -0.439992 23.3579
      vertex 30.3341 -2.65389 4
      vertex 30.4246 -0.581433 23.4025
    endloop
  endfacet
  facet normal -0.999043 0.0437428 -1.24558e-05
    outer loop
      vertex 30.4246 -0.581433 23.4025
      vertex 30.3341 -2.65389 4
      vertex 30.4186 -0.718451 23.4593
    endloop
  endfacet
  facet normal -0.999062 0.0433057 3.10967e-05
    outer loop
      vertex 30.4186 -0.718451 23.4593
      vertex 30.3341 -2.65389 4
      vertex 30.4129 -0.849999 23.5278
    endloop
  endfacet
  facet normal -0.999035 0.0439131 -2.51165e-05
    outer loop
      vertex 30.4129 -0.849999 23.5278
      vertex 30.3341 -2.65389 4
      vertex 30.4074 -0.97508 23.6074
    endloop
  endfacet
  facet normal -0.999061 0.043324 2.54162e-05
    outer loop
      vertex 30.4074 -0.97508 23.6074
      vertex 30.3341 -2.65389 4
      vertex 30.4023 -1.09274 23.6977
    endloop
  endfacet
  facet normal -0.999038 0.0438431 -1.57983e-05
    outer loop
      vertex 30.4023 -1.09274 23.6977
      vertex 30.3341 -2.65389 4
      vertex 30.3975 -1.20208 23.7979
    endloop
  endfacet
  facet normal -0.999038 0.043856 -1.67493e-05
    outer loop
      vertex 30.3975 -1.20208 23.7979
      vertex 30.3341 -2.65389 4
      vertex 30.3931 -1.30227 23.9073
    endloop
  endfacet
  facet normal -0.999067 0.043191 2.84914e-05
    outer loop
      vertex 30.3931 -1.30227 23.9073
      vertex 30.3341 -2.65389 4
      vertex 30.3892 -1.39256 24.0249
    endloop
  endfacet
  facet normal -0.999038 0.0438617 -1.38382e-05
    outer loop
      vertex 30.3892 -1.39256 24.0249
      vertex 30.3341 -2.65389 4
      vertex 30.3857 -1.47224 24.15
    endloop
  endfacet
  facet normal -0.999042 0.0437522 -7.40663e-06
    outer loop
      vertex 30.3857 -1.47224 24.15
      vertex 30.3341 -2.65389 4
      vertex 30.3827 -1.54072 24.2815
    endloop
  endfacet
  facet normal -0.9991 0.0424062 6.66132e-05
    outer loop
      vertex 30.3827 -1.54072 24.2815
      vertex 30.3341 -2.65389 4
      vertex 30.3803 -1.59748 24.4186
    endloop
  endfacet
  facet normal -0.999003 0.0446507 -4.97333e-05
    outer loop
      vertex 30.3803 -1.59748 24.4186
      vertex 30.3341 -2.65389 4
      vertex 30.3783 -1.64207 24.56
    endloop
  endfacet
  facet normal -0.99905 0.043585 2.81448e-06
    outer loop
      vertex 30.3783 -1.64207 24.56
      vertex 30.3341 -2.65389 4
      vertex 30.3769 -1.67417 24.7048
    endloop
  endfacet
  facet normal -0.998988 0.04497 -5.89801e-05
    outer loop
      vertex 30.3761 -1.69353 24.8518
      vertex 30.3341 -2.65389 4
      vertex 30.3758 -1.7 25
    endloop
  endfacet
  facet normal -0.999121 0.0419102 8.22088e-05
    outer loop
      vertex 30.3769 -1.67417 24.7048
      vertex 30.3341 -2.65389 4
      vertex 30.3761 -1.69353 24.8518
    endloop
  endfacet
  facet normal -0.999039 0.0438279 0
    outer loop
      vertex 30.4435 -0.148165 26.6935
      vertex 30.45 0 40
      vertex 30.45 0 26.7
    endloop
  endfacet
  facet normal -0.999054 0.0434851 3.82404e-06
    outer loop
      vertex 30.4371 -0.295201 26.6742
      vertex 30.45 0 40
      vertex 30.4435 -0.148165 26.6935
    endloop
  endfacet
  facet normal -0.999054 0.0434758 -2.67715e-05
    outer loop
      vertex 30.3341 -2.65389 40
      vertex 30.4371 -0.295201 26.6742
      vertex 30.4308 -0.439992 26.6421
    endloop
  endfacet
  facet normal -0.999041 0.0437848 2.45341e-05
    outer loop
      vertex 30.3341 -2.65389 40
      vertex 30.4308 -0.439992 26.6421
      vertex 30.4246 -0.581433 26.5975
    endloop
  endfacet
  facet normal -0.999043 0.0437406 1.76961e-05
    outer loop
      vertex 30.3341 -2.65389 40
      vertex 30.4246 -0.581433 26.5975
      vertex 30.4186 -0.718451 26.5407
    endloop
  endfacet
  facet normal -0.999062 0.0433124 -4.39935e-05
    outer loop
      vertex 30.3341 -2.65389 40
      vertex 30.4186 -0.718451 26.5407
      vertex 30.4129 -0.849999 26.4722
    endloop
  endfacet
  facet normal -0.999036 0.0439066 3.53851e-05
    outer loop
      vertex 30.3341 -2.65389 40
      vertex 30.4129 -0.849999 26.4722
      vertex 30.4074 -0.97508 26.3926
    endloop
  endfacet
  facet normal -0.999061 0.0433319 -3.56537e-05
    outer loop
      vertex 30.3341 -2.65389 40
      vertex 30.4074 -0.97508 26.3926
      vertex 30.4023 -1.09274 26.3023
    endloop
  endfacet
  facet normal -0.999039 0.0438373 2.2064e-05
    outer loop
      vertex 30.3341 -2.65389 40
      vertex 30.4023 -1.09274 26.3023
      vertex 30.3975 -1.20208 26.2021
    endloop
  endfacet
  facet normal -0.999038 0.0438489 2.32822e-05
    outer loop
      vertex 30.3341 -2.65389 40
      vertex 30.3975 -1.20208 26.2021
      vertex 30.3931 -1.30227 26.0927
    endloop
  endfacet
  facet normal -0.999066 0.0432051 -3.94022e-05
    outer loop
      vertex 30.3341 -2.65389 40
      vertex 30.3931 -1.30227 26.0927
      vertex 30.3892 -1.39256 25.9751
    endloop
  endfacet
  facet normal -0.999038 0.0438536 1.90259e-05
    outer loop
      vertex 30.3341 -2.65389 40
      vertex 30.3892 -1.39256 25.9751
      vertex 30.3857 -1.47224 25.85
    endloop
  endfacet
  facet normal -0.999043 0.0437471 1.01132e-05
    outer loop
      vertex 30.3341 -2.65389 40
      vertex 30.3857 -1.47224 25.85
      vertex 30.3827 -1.54072 25.7185
    endloop
  endfacet
  facet normal -0.999098 0.0424629 -9.01646e-05
    outer loop
      vertex 30.3341 -2.65389 40
      vertex 30.3827 -1.54072 25.7185
      vertex 30.3803 -1.59748 25.5814
    endloop
  endfacet
  facet normal -0.999005 0.0445975 6.65271e-05
    outer loop
      vertex 30.3341 -2.65389 40
      vertex 30.3803 -1.59748 25.5814
      vertex 30.3783 -1.64207 25.44
    endloop
  endfacet
  facet normal -0.99905 0.0435889 -3.69749e-06
    outer loop
      vertex 30.3341 -2.65389 40
      vertex 30.3783 -1.64207 25.44
      vertex 30.3769 -1.67417 25.2952
    endloop
  endfacet
  facet normal -0.999114 0.0420791 -0.000104483
    outer loop
      vertex 30.3341 -2.65389 40
      vertex 30.3769 -1.67417 25.2952
      vertex 30.3761 -1.69353 25.1482
    endloop
  endfacet
  facet normal -0.999046 0.043674 0
    outer loop
      vertex 30.3341 -2.65389 40
      vertex 30.3758 -1.7 25
      vertex 30.3341 -2.65389 4
    endloop
  endfacet
  facet normal -0.999048 0.0436302 6.04117e-07
    outer loop
      vertex 30.4371 -0.295201 26.6742
      vertex 30.3341 -2.65389 40
      vertex 30.45 0 40
    endloop
  endfacet
  facet normal -0.998998 0.0447504 6.85842e-05
    outer loop
      vertex 30.3758 -1.7 25
      vertex 30.3341 -2.65389 40
      vertex 30.3761 -1.69353 25.1482
    endloop
  endfacet
  facet normal 0.887013 -0.461745 0
    outer loop
      vertex -27.5971 12.8687 40
      vertex -26.3705 15.225 4
      vertex -26.3705 15.225 40
    endloop
  endfacet
  facet normal 0.887013 -0.461745 0
    outer loop
      vertex -26.3705 15.225 4
      vertex -27.5971 12.8687 40
      vertex -27.5971 12.8687 4
    endloop
  endfacet
  facet normal 0.461745 0.887013 -0
    outer loop
      vertex -12.8687 -27.5971 4
      vertex -15.225 -26.3705 40
      vertex -12.8687 -27.5971 40
    endloop
  endfacet
  facet normal 0.461745 0.887013 0
    outer loop
      vertex -15.225 -26.3705 40
      vertex -12.8687 -27.5971 4
      vertex -15.225 -26.3705 4
    endloop
  endfacet
  facet normal -0.130514 0.991446 0
    outer loop
      vertex 5.28759 -29.9874 4
      vertex 2.65389 -30.3341 40
      vertex 5.28759 -29.9874 40
    endloop
  endfacet
  facet normal -0.130514 0.991446 0
    outer loop
      vertex 2.65389 -30.3341 40
      vertex 5.28759 -29.9874 4
      vertex 2.65389 -30.3341 4
    endloop
  endfacet
  facet normal -0.0436302 -0.999048 0
    outer loop
      vertex 0 30.45 4
      vertex 2.65389 30.3341 40
      vertex 0 30.45 40
    endloop
  endfacet
  facet normal -0.0436302 -0.999048 -0
    outer loop
      vertex 2.65389 30.3341 40
      vertex 0 30.45 4
      vertex 2.65389 30.3341 4
    endloop
  endfacet
  facet normal -0.461745 0.887013 0
    outer loop
      vertex 15.225 -26.3705 4
      vertex 12.8687 -27.5971 40
      vertex 15.225 -26.3705 40
    endloop
  endfacet
  facet normal -0.461745 0.887013 0
    outer loop
      vertex 12.8687 -27.5971 40
      vertex 15.225 -26.3705 4
      vertex 12.8687 -27.5971 4
    endloop
  endfacet
  facet normal 0.953717 0.300707 0
    outer loop
      vertex -28.6136 -10.4145 40
      vertex -29.4124 -7.88104 4
      vertex -29.4124 -7.88104 40
    endloop
  endfacet
  facet normal 0.953717 0.300707 0
    outer loop
      vertex -29.4124 -7.88104 4
      vertex -28.6136 -10.4145 40
      vertex -28.6136 -10.4145 4
    endloop
  endfacet
  facet normal -0.461745 -0.887013 0
    outer loop
      vertex 12.8687 27.5971 4
      vertex 15.225 26.3705 40
      vertex 12.8687 27.5971 40
    endloop
  endfacet
  facet normal -0.461745 -0.887013 -0
    outer loop
      vertex 15.225 26.3705 40
      vertex 12.8687 27.5971 4
      vertex 15.225 26.3705 4
    endloop
  endfacet
  facet normal 0.300707 -0.953717 0
    outer loop
      vertex -10.4145 28.6136 4
      vertex -7.88104 29.4124 40
      vertex -10.4145 28.6136 40
    endloop
  endfacet
  facet normal 0.300707 -0.953717 0
    outer loop
      vertex -7.88104 29.4124 40
      vertex -10.4145 28.6136 4
      vertex -7.88104 29.4124 4
    endloop
  endfacet
  facet normal -0.0436302 0.999048 0
    outer loop
      vertex 2.65389 -30.3341 4
      vertex 0 -30.45 40
      vertex 2.65389 -30.3341 40
    endloop
  endfacet
  facet normal -0.0436302 0.999048 0
    outer loop
      vertex 0 -30.45 40
      vertex 2.65389 -30.3341 4
      vertex 0 -30.45 4
    endloop
  endfacet
  facet normal -0.887013 0.461745 0
    outer loop
      vertex 26.3705 -15.225 4
      vertex 27.5971 -12.8687 40
      vertex 27.5971 -12.8687 4
    endloop
  endfacet
  facet normal -0.887013 0.461745 0
    outer loop
      vertex 27.5971 -12.8687 40
      vertex 26.3705 -15.225 4
      vertex 26.3705 -15.225 40
    endloop
  endfacet
  facet normal -0.887013 -0.461745 0
    outer loop
      vertex 27.5971 12.8687 4
      vertex 26.3705 15.225 40
      vertex 26.3705 15.225 4
    endloop
  endfacet
  facet normal -0.887013 -0.461745 0
    outer loop
      vertex 26.3705 15.225 40
      vertex 27.5971 12.8687 4
      vertex 27.5971 12.8687 40
    endloop
  endfacet
  facet normal -0.382663 -0.923888 0
    outer loop
      vertex 10.4145 28.6136 4
      vertex 12.8687 27.5971 40
      vertex 10.4145 28.6136 40
    endloop
  endfacet
  facet normal -0.382663 -0.923888 -0
    outer loop
      vertex 12.8687 27.5971 40
      vertex 10.4145 28.6136 4
      vertex 12.8687 27.5971 4
    endloop
  endfacet
  facet normal 0.537302 -0.84339 0
    outer loop
      vertex -17.4654 24.9432 4
      vertex -15.225 26.3705 40
      vertex -17.4654 24.9432 40
    endloop
  endfacet
  facet normal 0.537302 -0.84339 0
    outer loop
      vertex -15.225 26.3705 40
      vertex -17.4654 24.9432 4
      vertex -15.225 26.3705 4
    endloop
  endfacet
  facet normal 0.216456 0.976292 -0
    outer loop
      vertex -5.28759 -29.9874 4
      vertex -7.88104 -29.4124 40
      vertex -5.28759 -29.9874 40
    endloop
  endfacet
  facet normal 0.216456 0.976292 0
    outer loop
      vertex -7.88104 -29.4124 40
      vertex -5.28759 -29.9874 4
      vertex -7.88104 -29.4124 4
    endloop
  endfacet
  facet normal -0.923888 -0.382663 0
    outer loop
      vertex 28.6136 10.4145 4
      vertex 27.5971 12.8687 40
      vertex 27.5971 12.8687 4
    endloop
  endfacet
  facet normal -0.923888 -0.382663 0
    outer loop
      vertex 27.5971 12.8687 40
      vertex 28.6136 10.4145 4
      vertex 28.6136 10.4145 40
    endloop
  endfacet
  facet normal 0.976292 0.216456 0
    outer loop
      vertex -29.4124 -7.88104 40
      vertex -29.9874 -5.28759 4
      vertex -29.9874 -5.28759 40
    endloop
  endfacet
  facet normal 0.976292 0.216456 0
    outer loop
      vertex -29.9874 -5.28759 4
      vertex -29.4124 -7.88104 40
      vertex -29.4124 -7.88104 4
    endloop
  endfacet
  facet normal -0.608752 0.793361 0
    outer loop
      vertex 19.5729 -23.3261 4
      vertex 17.4654 -24.9432 40
      vertex 19.5729 -23.3261 40
    endloop
  endfacet
  facet normal -0.608752 0.793361 0
    outer loop
      vertex 17.4654 -24.9432 40
      vertex 19.5729 -23.3261 4
      vertex 17.4654 -24.9432 4
    endloop
  endfacet
  facet normal -0.737265 0.675604 0
    outer loop
      vertex 21.5314 -21.5314 4
      vertex 23.3261 -19.5729 40
      vertex 23.3261 -19.5729 4
    endloop
  endfacet
  facet normal -0.737265 0.675604 0
    outer loop
      vertex 23.3261 -19.5729 40
      vertex 21.5314 -21.5314 4
      vertex 21.5314 -21.5314 40
    endloop
  endfacet
  facet normal 0.675604 -0.737265 0
    outer loop
      vertex -21.5314 21.5314 4
      vertex -19.5729 23.3261 40
      vertex -21.5314 21.5314 40
    endloop
  endfacet
  facet normal 0.675604 -0.737265 0
    outer loop
      vertex -19.5729 23.3261 40
      vertex -21.5314 21.5314 4
      vertex -19.5729 23.3261 4
    endloop
  endfacet
  facet normal 0.953717 -0.300707 0
    outer loop
      vertex -29.4124 7.88104 40
      vertex -28.6136 10.4145 4
      vertex -28.6136 10.4145 40
    endloop
  endfacet
  facet normal 0.953717 -0.300707 0
    outer loop
      vertex -28.6136 10.4145 4
      vertex -29.4124 7.88104 40
      vertex -29.4124 7.88104 4
    endloop
  endfacet
  facet normal 0.537302 0.84339 -0
    outer loop
      vertex -15.225 -26.3705 4
      vertex -17.4654 -24.9432 40
      vertex -15.225 -26.3705 40
    endloop
  endfacet
  facet normal 0.537302 0.84339 0
    outer loop
      vertex -17.4654 -24.9432 40
      vertex -15.225 -26.3705 4
      vertex -17.4654 -24.9432 4
    endloop
  endfacet
  facet normal 0.382663 -0.923888 0
    outer loop
      vertex -12.8687 27.5971 4
      vertex -10.4145 28.6136 40
      vertex -12.8687 27.5971 40
    endloop
  endfacet
  facet normal 0.382663 -0.923888 0
    outer loop
      vertex -10.4145 28.6136 40
      vertex -12.8687 27.5971 4
      vertex -10.4145 28.6136 4
    endloop
  endfacet
  facet normal 0.991446 0.130514 0
    outer loop
      vertex -29.9874 -5.28759 40
      vertex -30.3341 -2.65389 4
      vertex -30.3341 -2.65389 40
    endloop
  endfacet
  facet normal 0.991446 0.130514 0
    outer loop
      vertex -30.3341 -2.65389 4
      vertex -29.9874 -5.28759 40
      vertex -29.9874 -5.28759 4
    endloop
  endfacet
  facet normal 0.999048 0.0436302 0
    outer loop
      vertex -30.3341 -2.65389 40
      vertex -30.45 0 4
      vertex -30.45 0 40
    endloop
  endfacet
  facet normal 0.999048 0.0436302 0
    outer loop
      vertex -30.45 0 4
      vertex -30.3341 -2.65389 40
      vertex -30.3341 -2.65389 4
    endloop
  endfacet
  facet normal 0.0436302 -0.999048 0
    outer loop
      vertex -2.65389 30.3341 4
      vertex 0 30.45 40
      vertex -2.65389 30.3341 40
    endloop
  endfacet
  facet normal 0.0436302 -0.999048 0
    outer loop
      vertex 0 30.45 40
      vertex -2.65389 30.3341 4
      vertex 0 30.45 4
    endloop
  endfacet
  facet normal 0.737265 -0.675604 0
    outer loop
      vertex -23.3261 19.5729 40
      vertex -21.5314 21.5314 4
      vertex -21.5314 21.5314 40
    endloop
  endfacet
  facet normal 0.737265 -0.675604 0
    outer loop
      vertex -21.5314 21.5314 4
      vertex -23.3261 19.5729 40
      vertex -23.3261 19.5729 4
    endloop
  endfacet
  facet normal -0.84339 0.537302 0
    outer loop
      vertex 24.9432 -17.4654 4
      vertex 26.3705 -15.225 40
      vertex 26.3705 -15.225 4
    endloop
  endfacet
  facet normal -0.84339 0.537302 0
    outer loop
      vertex 26.3705 -15.225 40
      vertex 24.9432 -17.4654 4
      vertex 24.9432 -17.4654 40
    endloop
  endfacet
  facet normal -0.382663 0.923888 0
    outer loop
      vertex 12.8687 -27.5971 4
      vertex 10.4145 -28.6136 40
      vertex 12.8687 -27.5971 40
    endloop
  endfacet
  facet normal -0.382663 0.923888 0
    outer loop
      vertex 10.4145 -28.6136 40
      vertex 12.8687 -27.5971 4
      vertex 10.4145 -28.6136 4
    endloop
  endfacet
  facet normal -0.300707 0.953717 0
    outer loop
      vertex 10.4145 -28.6136 4
      vertex 7.88104 -29.4124 40
      vertex 10.4145 -28.6136 40
    endloop
  endfacet
  facet normal -0.300707 0.953717 0
    outer loop
      vertex 7.88104 -29.4124 40
      vertex 10.4145 -28.6136 4
      vertex 7.88104 -29.4124 4
    endloop
  endfacet
  facet normal -0.130514 -0.991446 0
    outer loop
      vertex 2.65389 30.3341 4
      vertex 5.28759 29.9874 40
      vertex 2.65389 30.3341 40
    endloop
  endfacet
  facet normal -0.130514 -0.991446 -0
    outer loop
      vertex 5.28759 29.9874 40
      vertex 2.65389 30.3341 4
      vertex 5.28759 29.9874 4
    endloop
  endfacet
  facet normal 0.461745 -0.887013 0
    outer loop
      vertex -15.225 26.3705 4
      vertex -12.8687 27.5971 40
      vertex -15.225 26.3705 40
    endloop
  endfacet
  facet normal 0.461745 -0.887013 0
    outer loop
      vertex -12.8687 27.5971 40
      vertex -15.225 26.3705 4
      vertex -12.8687 27.5971 4
    endloop
  endfacet
  facet normal 0.737265 0.675604 0
    outer loop
      vertex -21.5314 -21.5314 40
      vertex -23.3261 -19.5729 4
      vertex -23.3261 -19.5729 40
    endloop
  endfacet
  facet normal 0.737265 0.675604 0
    outer loop
      vertex -23.3261 -19.5729 4
      vertex -21.5314 -21.5314 40
      vertex -21.5314 -21.5314 4
    endloop
  endfacet
  facet normal 0.793361 -0.608752 0
    outer loop
      vertex -24.9432 17.4654 40
      vertex -23.3261 19.5729 4
      vertex -23.3261 19.5729 40
    endloop
  endfacet
  facet normal 0.793361 -0.608752 0
    outer loop
      vertex -23.3261 19.5729 4
      vertex -24.9432 17.4654 40
      vertex -24.9432 17.4654 4
    endloop
  endfacet
  facet normal -0.216456 0.976292 0
    outer loop
      vertex 7.88104 -29.4124 4
      vertex 5.28759 -29.9874 40
      vertex 7.88104 -29.4124 40
    endloop
  endfacet
  facet normal -0.216456 0.976292 0
    outer loop
      vertex 5.28759 -29.9874 40
      vertex 7.88104 -29.4124 4
      vertex 5.28759 -29.9874 4
    endloop
  endfacet
  facet normal -0.953717 0.300707 0
    outer loop
      vertex 28.6136 -10.4145 4
      vertex 29.4124 -7.88104 40
      vertex 29.4124 -7.88104 4
    endloop
  endfacet
  facet normal -0.953717 0.300707 0
    outer loop
      vertex 29.4124 -7.88104 40
      vertex 28.6136 -10.4145 4
      vertex 28.6136 -10.4145 40
    endloop
  endfacet
  facet normal -0.537302 0.84339 0
    outer loop
      vertex 17.4654 -24.9432 4
      vertex 15.225 -26.3705 40
      vertex 17.4654 -24.9432 40
    endloop
  endfacet
  facet normal -0.537302 0.84339 0
    outer loop
      vertex 15.225 -26.3705 40
      vertex 17.4654 -24.9432 4
      vertex 15.225 -26.3705 4
    endloop
  endfacet
  facet normal 0.130514 -0.991446 0
    outer loop
      vertex -5.28759 29.9874 4
      vertex -2.65389 30.3341 40
      vertex -5.28759 29.9874 40
    endloop
  endfacet
  facet normal 0.130514 -0.991446 0
    outer loop
      vertex -2.65389 30.3341 40
      vertex -5.28759 29.9874 4
      vertex -2.65389 30.3341 4
    endloop
  endfacet
  facet normal -0.737265 -0.675604 0
    outer loop
      vertex 23.3261 19.5729 4
      vertex 21.5314 21.5314 40
      vertex 21.5314 21.5314 4
    endloop
  endfacet
  facet normal -0.737265 -0.675604 0
    outer loop
      vertex 21.5314 21.5314 40
      vertex 23.3261 19.5729 4
      vertex 23.3261 19.5729 40
    endloop
  endfacet
  facet normal -0.793361 -0.608752 0
    outer loop
      vertex 24.9432 17.4654 4
      vertex 23.3261 19.5729 40
      vertex 23.3261 19.5729 4
    endloop
  endfacet
  facet normal -0.793361 -0.608752 0
    outer loop
      vertex 23.3261 19.5729 40
      vertex 24.9432 17.4654 4
      vertex 24.9432 17.4654 40
    endloop
  endfacet
  facet normal 0.991446 -0.130514 0
    outer loop
      vertex -30.3341 2.65389 40
      vertex -29.9874 5.28759 4
      vertex -29.9874 5.28759 40
    endloop
  endfacet
  facet normal 0.991446 -0.130514 0
    outer loop
      vertex -29.9874 5.28759 4
      vertex -30.3341 2.65389 40
      vertex -30.3341 2.65389 4
    endloop
  endfacet
  facet normal 0.0436302 0.999048 -0
    outer loop
      vertex 0 -30.45 4
      vertex -2.65389 -30.3341 40
      vertex 0 -30.45 40
    endloop
  endfacet
  facet normal 0.0436302 0.999048 0
    outer loop
      vertex -2.65389 -30.3341 40
      vertex 0 -30.45 4
      vertex -2.65389 -30.3341 4
    endloop
  endfacet
  facet normal 0.999048 -0.0436302 0
    outer loop
      vertex -30.45 0 40
      vertex -30.3341 2.65389 4
      vertex -30.3341 2.65389 40
    endloop
  endfacet
  facet normal 0.999048 -0.0436302 0
    outer loop
      vertex -30.3341 2.65389 4
      vertex -30.45 0 40
      vertex -30.45 0 4
    endloop
  endfacet
  facet normal 0.976292 -0.216456 0
    outer loop
      vertex -29.9874 5.28759 40
      vertex -29.4124 7.88104 4
      vertex -29.4124 7.88104 40
    endloop
  endfacet
  facet normal 0.976292 -0.216456 0
    outer loop
      vertex -29.4124 7.88104 4
      vertex -29.9874 5.28759 40
      vertex -29.9874 5.28759 4
    endloop
  endfacet
  facet normal -0.675604 0.737265 0
    outer loop
      vertex 21.5314 -21.5314 4
      vertex 19.5729 -23.3261 40
      vertex 21.5314 -21.5314 40
    endloop
  endfacet
  facet normal -0.675604 0.737265 0
    outer loop
      vertex 19.5729 -23.3261 40
      vertex 21.5314 -21.5314 4
      vertex 19.5729 -23.3261 4
    endloop
  endfacet
  facet normal 0 0 1
    outer loop
      vertex 12 0 4
      vertex 30.45 0 4
      vertex 30.3341 2.65389 4
    endloop
  endfacet
  facet normal 0 0 1
    outer loop
      vertex 11.9543 1.04587 4
      vertex 30.3341 2.65389 4
      vertex 29.9874 5.28759 4
    endloop
  endfacet
  facet normal 0 0 1
    outer loop
      vertex 30.45 0 4
      vertex 12 0 4
      vertex 30.3341 -2.65389 4
    endloop
  endfacet
  facet normal 0 0 1
    outer loop
      vertex 11.8177 2.08378 4
      vertex 29.9874 5.28759 4
      vertex 29.4124 7.88104 4
    endloop
  endfacet
  facet normal -0 0 1
    outer loop
      vertex 11.9543 -1.04587 4
      vertex 30.3341 -2.65389 4
      vertex 12 0 4
    endloop
  endfacet
  facet normal 0 0 1
    outer loop
      vertex 11.5911 3.10583 4
      vertex 29.4124 7.88104 4
      vertex 28.6136 10.4145 4
    endloop
  endfacet
  facet normal 0 0 1
    outer loop
      vertex 30.3341 -2.65389 4
      vertex 11.9543 -1.04587 4
      vertex 29.9874 -5.28759 4
    endloop
  endfacet
  facet normal 0 0 1
    outer loop
      vertex 11.2763 4.10424 4
      vertex 28.6136 10.4145 4
      vertex 27.5971 12.8687 4
    endloop
  endfacet
  facet normal -0 0 1
    outer loop
      vertex 11.8177 -2.08378 4
      vertex 29.9874 -5.28759 4
      vertex 11.9543 -1.04587 4
    endloop
  endfacet
  facet normal 0 0 1
    outer loop
      vertex 10.8757 5.07142 4
      vertex 27.5971 12.8687 4
      vertex 26.3705 15.225 4
    endloop
  endfacet
  facet normal 0 0 1
    outer loop
      vertex 29.9874 -5.28759 4
      vertex 11.8177 -2.08378 4
      vertex 29.4124 -7.88104 4
    endloop
  endfacet
  facet normal 0 0 1
    outer loop
      vertex 10.3923 6 4
      vertex 26.3705 15.225 4
      vertex 24.9432 17.4654 4
    endloop
  endfacet
  facet normal -0 0 1
    outer loop
      vertex 11.5911 -3.10583 4
      vertex 29.4124 -7.88104 4
      vertex 11.8177 -2.08378 4
    endloop
  endfacet
  facet normal 0 0 1
    outer loop
      vertex 9.82982 6.88292 4
      vertex 24.9432 17.4654 4
      vertex 23.3261 19.5729 4
    endloop
  endfacet
  facet normal 0 0 1
    outer loop
      vertex 29.4124 -7.88104 4
      vertex 11.5911 -3.10583 4
      vertex 28.6136 -10.4145 4
    endloop
  endfacet
  facet normal 0 0 1
    outer loop
      vertex 9.19253 7.71345 4
      vertex 23.3261 19.5729 4
      vertex 21.5314 21.5314 4
    endloop
  endfacet
  facet normal -0 0 1
    outer loop
      vertex 11.2763 -4.10424 4
      vertex 28.6136 -10.4145 4
      vertex 11.5911 -3.10583 4
    endloop
  endfacet
  facet normal 0 0 1
    outer loop
      vertex 8.48528 8.48528 4
      vertex 21.5314 21.5314 4
      vertex 19.5729 23.3261 4
    endloop
  endfacet
  facet normal 0 0 1
    outer loop
      vertex 28.6136 -10.4145 4
      vertex 11.2763 -4.10424 4
      vertex 27.5971 -12.8687 4
    endloop
  endfacet
  facet normal 0 0 1
    outer loop
      vertex 7.71345 9.19253 4
      vertex 19.5729 23.3261 4
      vertex 17.4654 24.9432 4
    endloop
  endfacet
  facet normal -0 0 1
    outer loop
      vertex 10.8757 -5.07142 4
      vertex 27.5971 -12.8687 4
      vertex 11.2763 -4.10424 4
    endloop
  endfacet
  facet normal 0 0 1
    outer loop
      vertex 6.88292 9.82982 4
      vertex 17.4654 24.9432 4
      vertex 15.225 26.3705 4
    endloop
  endfacet
  facet normal 0 0 1
    outer loop
      vertex 27.5971 -12.8687 4
      vertex 10.8757 -5.07142 4
      vertex 26.3705 -15.225 4
    endloop
  endfacet
  facet normal 0 0 1
    outer loop
      vertex 6 10.3923 4
      vertex 15.225 26.3705 4
      vertex 12.8687 27.5971 4
    endloop
  endfacet
  facet normal -0 0 1
    outer loop
      vertex 10.3923 -6 4
      vertex 26.3705 -15.225 4
      vertex 10.8757 -5.07142 4
    endloop
  endfacet
  facet normal 0 0 1
    outer loop
      vertex 26.3705 -15.225 4
      vertex 10.3923 -6 4
      vertex 24.9432 -17.4654 4
    endloop
  endfacet
  facet normal 0 0 1
    outer loop
      vertex 30.3341 2.65389 4
      vertex 11.9543 1.04587 4
      vertex 12 0 4
    endloop
  endfacet
  facet normal 0 0 1
    outer loop
      vertex 29.9874 5.28759 4
      vertex 11.8177 2.08378 4
      vertex 11.9543 1.04587 4
    endloop
  endfacet
  facet normal 0 0 1
    outer loop
      vertex 29.4124 7.88104 4
      vertex 11.5911 3.10583 4
      vertex 11.8177 2.08378 4
    endloop
  endfacet
  facet normal 0 0 1
    outer loop
      vertex 28.6136 10.4145 4
      vertex 11.2763 4.10424 4
      vertex 11.5911 3.10583 4
    endloop
  endfacet
  facet normal 0 0 1
    outer loop
      vertex 27.5971 12.8687 4
      vertex 10.8757 5.07142 4
      vertex 11.2763 4.10424 4
    endloop
  endfacet
  facet normal 0 0 1
    outer loop
      vertex 5.07142 10.8757 4
      vertex 12.8687 27.5971 4
      vertex 10.4145 28.6136 4
    endloop
  endfacet
  facet normal 0 0 1
    outer loop
      vertex 26.3705 15.225 4
      vertex 10.3923 6 4
      vertex 10.8757 5.07142 4
    endloop
  endfacet
  facet normal 0 0 1
    outer loop
      vertex 24.9432 17.4654 4
      vertex 9.82982 6.88292 4
      vertex 10.3923 6 4
    endloop
  endfacet
  facet normal 0 0 1
    outer loop
      vertex 23.3261 19.5729 4
      vertex 9.19253 7.71345 4
      vertex 9.82982 6.88292 4
    endloop
  endfacet
  facet normal 0 0 1
    outer loop
      vertex 21.5314 21.5314 4
      vertex 8.48528 8.48528 4
      vertex 9.19253 7.71345 4
    endloop
  endfacet
  facet normal 0 0 1
    outer loop
      vertex 4.10424 11.2763 4
      vertex 10.4145 28.6136 4
      vertex 7.88104 29.4124 4
    endloop
  endfacet
  facet normal 0 0 1
    outer loop
      vertex 19.5729 23.3261 4
      vertex 7.71345 9.19253 4
      vertex 8.48528 8.48528 4
    endloop
  endfacet
  facet normal 0 0 1
    outer loop
      vertex 17.4654 24.9432 4
      vertex 6.88292 9.82982 4
      vertex 7.71345 9.19253 4
    endloop
  endfacet
  facet normal 0 0 1
    outer loop
      vertex 15.225 26.3705 4
      vertex 6 10.3923 4
      vertex 6.88292 9.82982 4
    endloop
  endfacet
  facet normal 0 0 1
    outer loop
      vertex 3.10583 11.5911 4
      vertex 7.88104 29.4124 4
      vertex 5.28759 29.9874 4
    endloop
  endfacet
  facet normal 0 0 1
    outer loop
      vertex 12.8687 27.5971 4
      vertex 5.07142 10.8757 4
      vertex 6 10.3923 4
    endloop
  endfacet
  facet normal 0 0 1
    outer loop
      vertex 10.4145 28.6136 4
      vertex 4.10424 11.2763 4
      vertex 5.07142 10.8757 4
    endloop
  endfacet
  facet normal 0 0 1
    outer loop
      vertex 7.88104 29.4124 4
      vertex 3.10583 11.5911 4
      vertex 4.10424 11.2763 4
    endloop
  endfacet
  facet normal 0 0 1
    outer loop
      vertex 2.08378 11.8177 4
      vertex 5.28759 29.9874 4
      vertex 2.65389 30.3341 4
    endloop
  endfacet
  facet normal 0 0 1
    outer loop
      vertex 5.28759 29.9874 4
      vertex 2.08378 11.8177 4
      vertex 3.10583 11.5911 4
    endloop
  endfacet
  facet normal 0 0 1
    outer loop
      vertex 2.65389 30.3341 4
      vertex 1.04587 11.9543 4
      vertex 2.08378 11.8177 4
    endloop
  endfacet
  facet normal 0 0 1
    outer loop
      vertex 0 30.45 4
      vertex 1.04587 11.9543 4
      vertex 2.65389 30.3341 4
    endloop
  endfacet
  facet normal 0 0 1
    outer loop
      vertex 0 30.45 4
      vertex 0 12 4
      vertex 1.04587 11.9543 4
    endloop
  endfacet
  facet normal 0 0 1
    outer loop
      vertex 0 30.45 4
      vertex -1.04587 11.9543 4
      vertex 0 12 4
    endloop
  endfacet
  facet normal -0 0 1
    outer loop
      vertex -2.65389 30.3341 4
      vertex -1.04587 11.9543 4
      vertex 0 30.45 4
    endloop
  endfacet
  facet normal 0 0 1
    outer loop
      vertex -1.04587 11.9543 4
      vertex -2.65389 30.3341 4
      vertex -2.08378 11.8177 4
    endloop
  endfacet
  facet normal -0 0 1
    outer loop
      vertex -5.28759 29.9874 4
      vertex -2.08378 11.8177 4
      vertex -2.65389 30.3341 4
    endloop
  endfacet
  facet normal 0 0 1
    outer loop
      vertex -2.08378 11.8177 4
      vertex -5.28759 29.9874 4
      vertex -3.10583 11.5911 4
    endloop
  endfacet
  facet normal -0 0 1
    outer loop
      vertex -7.88104 29.4124 4
      vertex -3.10583 11.5911 4
      vertex -5.28759 29.9874 4
    endloop
  endfacet
  facet normal 0 0 1
    outer loop
      vertex -3.10583 11.5911 4
      vertex -7.88104 29.4124 4
      vertex -4.10424 11.2763 4
    endloop
  endfacet
  facet normal -0 0 1
    outer loop
      vertex -10.4145 28.6136 4
      vertex -4.10424 11.2763 4
      vertex -7.88104 29.4124 4
    endloop
  endfacet
  facet normal 0 0 1
    outer loop
      vertex -4.10424 11.2763 4
      vertex -10.4145 28.6136 4
      vertex -5.07142 10.8757 4
    endloop
  endfacet
  facet normal -0 0 1
    outer loop
      vertex -12.8687 27.5971 4
      vertex -5.07142 10.8757 4
      vertex -10.4145 28.6136 4
    endloop
  endfacet
  facet normal 0 0 1
    outer loop
      vertex -5.07142 10.8757 4
      vertex -12.8687 27.5971 4
      vertex -6 10.3923 4
    endloop
  endfacet
  facet normal -0 0 1
    outer loop
      vertex -15.225 26.3705 4
      vertex -6 10.3923 4
      vertex -12.8687 27.5971 4
    endloop
  endfacet
  facet normal 0 0 1
    outer loop
      vertex -6 10.3923 4
      vertex -15.225 26.3705 4
      vertex -6.88292 9.82982 4
    endloop
  endfacet
  facet normal -0 0 1
    outer loop
      vertex -17.4654 24.9432 4
      vertex -6.88292 9.82982 4
      vertex -15.225 26.3705 4
    endloop
  endfacet
  facet normal 0 0 1
    outer loop
      vertex -6.88292 9.82982 4
      vertex -17.4654 24.9432 4
      vertex -7.71345 9.19253 4
    endloop
  endfacet
  facet normal -0 0 1
    outer loop
      vertex -19.5729 23.3261 4
      vertex -7.71345 9.19253 4
      vertex -17.4654 24.9432 4
    endloop
  endfacet
  facet normal 0 0 1
    outer loop
      vertex -7.71345 9.19253 4
      vertex -19.5729 23.3261 4
      vertex -8.48528 8.48528 4
    endloop
  endfacet
  facet normal -0 0 1
    outer loop
      vertex -21.5314 21.5314 4
      vertex -8.48528 8.48528 4
      vertex -19.5729 23.3261 4
    endloop
  endfacet
  facet normal 0 0 1
    outer loop
      vertex -8.48528 8.48528 4
      vertex -21.5314 21.5314 4
      vertex -9.19253 7.71345 4
    endloop
  endfacet
  facet normal -0 0 1
    outer loop
      vertex -23.3261 19.5729 4
      vertex -9.19253 7.71345 4
      vertex -21.5314 21.5314 4
    endloop
  endfacet
  facet normal 0 0 1
    outer loop
      vertex -9.19253 7.71345 4
      vertex -23.3261 19.5729 4
      vertex -9.82982 6.88292 4
    endloop
  endfacet
  facet normal 0 0 1
    outer loop
      vertex -9.82982 6.88292 4
      vertex -24.9432 17.4654 4
      vertex -10.3923 6 4
    endloop
  endfacet
  facet normal -0 0 1
    outer loop
      vertex -24.9432 17.4654 4
      vertex -9.82982 6.88292 4
      vertex -23.3261 19.5729 4
    endloop
  endfacet
  facet normal -0 0 1
    outer loop
      vertex 9.82982 -6.88292 4
      vertex 24.9432 -17.4654 4
      vertex 10.3923 -6 4
    endloop
  endfacet
  facet normal 0 0 1
    outer loop
      vertex 24.9432 -17.4654 4
      vertex 9.82982 -6.88292 4
      vertex 23.3261 -19.5729 4
    endloop
  endfacet
  facet normal -0 0 1
    outer loop
      vertex 9.19253 -7.71345 4
      vertex 23.3261 -19.5729 4
      vertex 9.82982 -6.88292 4
    endloop
  endfacet
  facet normal 0 0 1
    outer loop
      vertex 23.3261 -19.5729 4
      vertex 9.19253 -7.71345 4
      vertex 21.5314 -21.5314 4
    endloop
  endfacet
  facet normal -0 0 1
    outer loop
      vertex 8.48528 -8.48528 4
      vertex 21.5314 -21.5314 4
      vertex 9.19253 -7.71345 4
    endloop
  endfacet
  facet normal 0 0 1
    outer loop
      vertex 21.5314 -21.5314 4
      vertex 8.48528 -8.48528 4
      vertex 19.5729 -23.3261 4
    endloop
  endfacet
  facet normal -0 0 1
    outer loop
      vertex 7.71345 -9.19253 4
      vertex 19.5729 -23.3261 4
      vertex 8.48528 -8.48528 4
    endloop
  endfacet
  facet normal 0 0 1
    outer loop
      vertex 19.5729 -23.3261 4
      vertex 7.71345 -9.19253 4
      vertex 17.4654 -24.9432 4
    endloop
  endfacet
  facet normal -0 0 1
    outer loop
      vertex 6.88292 -9.82982 4
      vertex 17.4654 -24.9432 4
      vertex 7.71345 -9.19253 4
    endloop
  endfacet
  facet normal 0 0 1
    outer loop
      vertex 17.4654 -24.9432 4
      vertex 6.88292 -9.82982 4
      vertex 15.225 -26.3705 4
    endloop
  endfacet
  facet normal -0 0 1
    outer loop
      vertex 6 -10.3923 4
      vertex 15.225 -26.3705 4
      vertex 6.88292 -9.82982 4
    endloop
  endfacet
  facet normal 0 0 1
    outer loop
      vertex 15.225 -26.3705 4
      vertex 6 -10.3923 4
      vertex 12.8687 -27.5971 4
    endloop
  endfacet
  facet normal -0 0 1
    outer loop
      vertex 5.07142 -10.8757 4
      vertex 12.8687 -27.5971 4
      vertex 6 -10.3923 4
    endloop
  endfacet
  facet normal 0 0 1
    outer loop
      vertex 12.8687 -27.5971 4
      vertex 5.07142 -10.8757 4
      vertex 10.4145 -28.6136 4
    endloop
  endfacet
  facet normal -0 0 1
    outer loop
      vertex 4.10424 -11.2763 4
      vertex 10.4145 -28.6136 4
      vertex 5.07142 -10.8757 4
    endloop
  endfacet
  facet normal 0 0 1
    outer loop
      vertex 10.4145 -28.6136 4
      vertex 4.10424 -11.2763 4
      vertex 7.88104 -29.4124 4
    endloop
  endfacet
  facet normal -0 0 1
    outer loop
      vertex 3.10583 -11.5911 4
      vertex 7.88104 -29.4124 4
      vertex 4.10424 -11.2763 4
    endloop
  endfacet
  facet normal 0 0 1
    outer loop
      vertex 7.88104 -29.4124 4
      vertex 3.10583 -11.5911 4
      vertex 5.28759 -29.9874 4
    endloop
  endfacet
  facet normal -0 0 1
    outer loop
      vertex 2.08378 -11.8177 4
      vertex 5.28759 -29.9874 4
      vertex 3.10583 -11.5911 4
    endloop
  endfacet
  facet normal 0 0 1
    outer loop
      vertex 5.28759 -29.9874 4
      vertex 2.08378 -11.8177 4
      vertex 2.65389 -30.3341 4
    endloop
  endfacet
  facet normal -0 0 1
    outer loop
      vertex 1.04587 -11.9543 4
      vertex 2.65389 -30.3341 4
      vertex 2.08378 -11.8177 4
    endloop
  endfacet
  facet normal -0 0 1
    outer loop
      vertex 0 -12 4
      vertex 2.65389 -30.3341 4
      vertex 1.04587 -11.9543 4
    endloop
  endfacet
  facet normal 0 0 1
    outer loop
      vertex 0 -12 4
      vertex 0 -30.45 4
      vertex 2.65389 -30.3341 4
    endloop
  endfacet
  facet normal 0 0 1
    outer loop
      vertex -1.04587 -11.9543 4
      vertex 0 -30.45 4
      vertex 0 -12 4
    endloop
  endfacet
  facet normal 0 0 1
    outer loop
      vertex -2.65389 -30.3341 4
      vertex -1.04587 -11.9543 4
      vertex -2.08378 -11.8177 4
    endloop
  endfacet
  facet normal 0 0 1
    outer loop
      vertex -1.04587 -11.9543 4
      vertex -2.65389 -30.3341 4
      vertex 0 -30.45 4
    endloop
  endfacet
  facet normal 0 0 1
    outer loop
      vertex -5.28759 -29.9874 4
      vertex -2.08378 -11.8177 4
      vertex -3.10583 -11.5911 4
    endloop
  endfacet
  facet normal 0 0 1
    outer loop
      vertex -7.88104 -29.4124 4
      vertex -3.10583 -11.5911 4
      vertex -4.10424 -11.2763 4
    endloop
  endfacet
  facet normal 0 0 1
    outer loop
      vertex -10.4145 -28.6136 4
      vertex -4.10424 -11.2763 4
      vertex -5.07142 -10.8757 4
    endloop
  endfacet
  facet normal 0 0 1
    outer loop
      vertex -2.08378 -11.8177 4
      vertex -5.28759 -29.9874 4
      vertex -2.65389 -30.3341 4
    endloop
  endfacet
  facet normal 0 0 1
    outer loop
      vertex -12.8687 -27.5971 4
      vertex -5.07142 -10.8757 4
      vertex -6 -10.3923 4
    endloop
  endfacet
  facet normal 0 0 1
    outer loop
      vertex -15.225 -26.3705 4
      vertex -6 -10.3923 4
      vertex -6.88292 -9.82982 4
    endloop
  endfacet
  facet normal 0 0 1
    outer loop
      vertex -17.4654 -24.9432 4
      vertex -6.88292 -9.82982 4
      vertex -7.71345 -9.19253 4
    endloop
  endfacet
  facet normal 0 0 1
    outer loop
      vertex -3.10583 -11.5911 4
      vertex -7.88104 -29.4124 4
      vertex -5.28759 -29.9874 4
    endloop
  endfacet
  facet normal 0 0 1
    outer loop
      vertex -19.5729 -23.3261 4
      vertex -7.71345 -9.19253 4
      vertex -8.48528 -8.48528 4
    endloop
  endfacet
  facet normal 0 0 1
    outer loop
      vertex -21.5314 -21.5314 4
      vertex -8.48528 -8.48528 4
      vertex -9.19253 -7.71345 4
    endloop
  endfacet
  facet normal 0 0 1
    outer loop
      vertex -23.3261 -19.5729 4
      vertex -9.19253 -7.71345 4
      vertex -9.82982 -6.88292 4
    endloop
  endfacet
  facet normal 0 0 1
    outer loop
      vertex -24.9432 -17.4654 4
      vertex -9.82982 -6.88292 4
      vertex -10.3923 -6 4
    endloop
  endfacet
  facet normal 0 0 1
    outer loop
      vertex -4.10424 -11.2763 4
      vertex -10.4145 -28.6136 4
      vertex -7.88104 -29.4124 4
    endloop
  endfacet
  facet normal 0 0 1
    outer loop
      vertex -26.3705 -15.225 4
      vertex -10.3923 -6 4
      vertex -10.8757 -5.07142 4
    endloop
  endfacet
  facet normal 0 0 1
    outer loop
      vertex -27.5971 -12.8687 4
      vertex -10.8757 -5.07142 4
      vertex -11.2763 -4.10424 4
    endloop
  endfacet
  facet normal 0 0 1
    outer loop
      vertex -28.6136 -10.4145 4
      vertex -11.2763 -4.10424 4
      vertex -11.5911 -3.10583 4
    endloop
  endfacet
  facet normal 0 0 1
    outer loop
      vertex -29.4124 -7.88104 4
      vertex -11.5911 -3.10583 4
      vertex -11.8177 -2.08378 4
    endloop
  endfacet
  facet normal 0 0 1
    outer loop
      vertex -29.9874 -5.28759 4
      vertex -11.8177 -2.08378 4
      vertex -11.9543 -1.04587 4
    endloop
  endfacet
  facet normal 0 0 1
    outer loop
      vertex -5.07142 -10.8757 4
      vertex -12.8687 -27.5971 4
      vertex -10.4145 -28.6136 4
    endloop
  endfacet
  facet normal 0 0 1
    outer loop
      vertex -30.3341 -2.65389 4
      vertex -11.9543 -1.04587 4
      vertex -12 0 4
    endloop
  endfacet
  facet normal -0 0 1
    outer loop
      vertex -26.3705 15.225 4
      vertex -10.3923 6 4
      vertex -24.9432 17.4654 4
    endloop
  endfacet
  facet normal 0 0 1
    outer loop
      vertex -10.3923 6 4
      vertex -26.3705 15.225 4
      vertex -10.8757 5.07142 4
    endloop
  endfacet
  facet normal 0 0 1
    outer loop
      vertex -6 -10.3923 4
      vertex -15.225 -26.3705 4
      vertex -12.8687 -27.5971 4
    endloop
  endfacet
  facet normal -0 0 1
    outer loop
      vertex -27.5971 12.8687 4
      vertex -10.8757 5.07142 4
      vertex -26.3705 15.225 4
    endloop
  endfacet
  facet normal 0 0 1
    outer loop
      vertex -6.88292 -9.82982 4
      vertex -17.4654 -24.9432 4
      vertex -15.225 -26.3705 4
    endloop
  endfacet
  facet normal 0 0 1
    outer loop
      vertex -10.8757 5.07142 4
      vertex -27.5971 12.8687 4
      vertex -11.2763 4.10424 4
    endloop
  endfacet
  facet normal 0 0 1
    outer loop
      vertex -7.71345 -9.19253 4
      vertex -19.5729 -23.3261 4
      vertex -17.4654 -24.9432 4
    endloop
  endfacet
  facet normal -0 0 1
    outer loop
      vertex -28.6136 10.4145 4
      vertex -11.2763 4.10424 4
      vertex -27.5971 12.8687 4
    endloop
  endfacet
  facet normal 0 0 1
    outer loop
      vertex -8.48528 -8.48528 4
      vertex -21.5314 -21.5314 4
      vertex -19.5729 -23.3261 4
    endloop
  endfacet
  facet normal 0 0 1
    outer loop
      vertex -11.2763 4.10424 4
      vertex -28.6136 10.4145 4
      vertex -11.5911 3.10583 4
    endloop
  endfacet
  facet normal 0 0 1
    outer loop
      vertex -9.19253 -7.71345 4
      vertex -23.3261 -19.5729 4
      vertex -21.5314 -21.5314 4
    endloop
  endfacet
  facet normal -0 0 1
    outer loop
      vertex -29.4124 7.88104 4
      vertex -11.5911 3.10583 4
      vertex -28.6136 10.4145 4
    endloop
  endfacet
  facet normal 0 0 1
    outer loop
      vertex -9.82982 -6.88292 4
      vertex -24.9432 -17.4654 4
      vertex -23.3261 -19.5729 4
    endloop
  endfacet
  facet normal 0 0 1
    outer loop
      vertex -11.5911 3.10583 4
      vertex -29.4124 7.88104 4
      vertex -11.8177 2.08378 4
    endloop
  endfacet
  facet normal 0 0 1
    outer loop
      vertex -10.3923 -6 4
      vertex -26.3705 -15.225 4
      vertex -24.9432 -17.4654 4
    endloop
  endfacet
  facet normal -0 0 1
    outer loop
      vertex -29.9874 5.28759 4
      vertex -11.8177 2.08378 4
      vertex -29.4124 7.88104 4
    endloop
  endfacet
  facet normal 0 0 1
    outer loop
      vertex -10.8757 -5.07142 4
      vertex -27.5971 -12.8687 4
      vertex -26.3705 -15.225 4
    endloop
  endfacet
  facet normal 0 0 1
    outer loop
      vertex -11.8177 2.08378 4
      vertex -29.9874 5.28759 4
      vertex -11.9543 1.04587 4
    endloop
  endfacet
  facet normal 0 0 1
    outer loop
      vertex -11.2763 -4.10424 4
      vertex -28.6136 -10.4145 4
      vertex -27.5971 -12.8687 4
    endloop
  endfacet
  facet normal -0 0 1
    outer loop
      vertex -30.3341 2.65389 4
      vertex -11.9543 1.04587 4
      vertex -29.9874 5.28759 4
    endloop
  endfacet
  facet normal 0 0 1
    outer loop
      vertex -11.5911 -3.10583 4
      vertex -29.4124 -7.88104 4
      vertex -28.6136 -10.4145 4
    endloop
  endfacet
  facet normal 0 0 1
    outer loop
      vertex -11.9543 1.04587 4
      vertex -30.3341 2.65389 4
      vertex -12 0 4
    endloop
  endfacet
  facet normal 0 0 1
    outer loop
      vertex -11.8177 -2.08378 4
      vertex -29.9874 -5.28759 4
      vertex -29.4124 -7.88104 4
    endloop
  endfacet
  facet normal 0 0 1
    outer loop
      vertex -30.45 0 4
      vertex -12 0 4
      vertex -30.3341 2.65389 4
    endloop
  endfacet
  facet normal 0 0 1
    outer loop
      vertex -11.9543 -1.04587 4
      vertex -30.3341 -2.65389 4
      vertex -29.9874 -5.28759 4
    endloop
  endfacet
  facet normal 0 0 1
    outer loop
      vertex -12 0 4
      vertex -30.45 0 4
      vertex -30.3341 -2.65389 4
    endloop
  endfacet
  facet normal 0 -0.216444 0.976295
    outer loop
      vertex 34.1308 0.439992 23.3579
      vertex 30.4371 0.295201 23.3258
      vertex 34.1371 0.295201 23.3258
    endloop
  endfacet
  facet normal 0 -0.216444 0.976295
    outer loop
      vertex 30.4371 0.295201 23.3258
      vertex 34.1308 0.439992 23.3579
      vertex 30.4308 0.439992 23.3579
    endloop
  endfacet
  facet normal -0 0.953704 0.300747
    outer loop
      vertex 30.3803 -1.59748 24.4186
      vertex 34.0783 -1.64207 24.56
      vertex 34.0803 -1.59748 24.4186
    endloop
  endfacet
  facet normal 0 0.953704 0.300747
    outer loop
      vertex 34.0783 -1.64207 24.56
      vertex 30.3803 -1.59748 24.4186
      vertex 30.3783 -1.64207 24.56
    endloop
  endfacet
  facet normal 0 -0.0438279 0.999039
    outer loop
      vertex 34.1435 0.148165 23.3065
      vertex 30.45 0 23.3
      vertex 34.15 0 23.3
    endloop
  endfacet
  facet normal 0 -0.0438279 0.999039
    outer loop
      vertex 30.45 0 23.3
      vertex 34.1435 0.148165 23.3065
      vertex 30.4435 0.148165 23.3065
    endloop
  endfacet
  facet normal 0 0.886941 -0.461884
    outer loop
      vertex 34.0827 -1.54072 25.7185
      vertex 30.3857 -1.47224 25.85
      vertex 34.0857 -1.47224 25.85
    endloop
  endfacet
  facet normal 0 0.886941 -0.461884
    outer loop
      vertex 30.3857 -1.47224 25.85
      vertex 34.0827 -1.54072 25.7185
      vertex 30.3827 -1.54072 25.7185
    endloop
  endfacet
  facet normal -0 0.886941 0.461884
    outer loop
      vertex 30.3857 -1.47224 24.15
      vertex 34.0827 -1.54072 24.2815
      vertex 34.0857 -1.47224 24.15
    endloop
  endfacet
  facet normal 0 0.886941 0.461884
    outer loop
      vertex 34.0827 -1.54072 24.2815
      vertex 30.3857 -1.47224 24.15
      vertex 30.3827 -1.54072 24.2815
    endloop
  endfacet
  facet normal 0 -0.608831 -0.7933
    outer loop
      vertex 30.4074 0.97508 26.3926
      vertex 34.1023 1.09274 26.3023
      vertex 34.1074 0.97508 26.3926
    endloop
  endfacet
  facet normal -0 -0.608831 -0.7933
    outer loop
      vertex 34.1023 1.09274 26.3023
      vertex 30.4074 0.97508 26.3926
      vertex 30.4023 1.09274 26.3023
    endloop
  endfacet
  facet normal 0 -0.53689 -0.843652
    outer loop
      vertex 30.4129 0.849999 26.4722
      vertex 34.1074 0.97508 26.3926
      vertex 34.1129 0.849999 26.4722
    endloop
  endfacet
  facet normal -0 -0.53689 -0.843652
    outer loop
      vertex 34.1074 0.97508 26.3926
      vertex 30.4129 0.849999 26.4722
      vertex 30.4074 0.97508 26.3926
    endloop
  endfacet
  facet normal -0 0.976298 0.216431
    outer loop
      vertex 30.3783 -1.64207 24.56
      vertex 34.0769 -1.67417 24.7048
      vertex 34.0783 -1.64207 24.56
    endloop
  endfacet
  facet normal 0 0.976298 0.216431
    outer loop
      vertex 34.0769 -1.67417 24.7048
      vertex 30.3783 -1.64207 24.56
      vertex 30.3769 -1.67417 24.7048
    endloop
  endfacet
  facet normal 0 0.976298 -0.216431
    outer loop
      vertex 34.0769 -1.67417 25.2952
      vertex 30.3783 -1.64207 25.44
      vertex 34.0783 -1.64207 25.44
    endloop
  endfacet
  facet normal 0 0.976298 -0.216431
    outer loop
      vertex 30.3783 -1.64207 25.44
      vertex 34.0769 -1.67417 25.2952
      vertex 30.3769 -1.67417 25.2952
    endloop
  endfacet
  facet normal 0 0.53689 -0.843652
    outer loop
      vertex 34.1074 -0.97508 26.3926
      vertex 30.4129 -0.849999 26.4722
      vertex 34.1129 -0.849999 26.4722
    endloop
  endfacet
  facet normal 0 0.53689 -0.843652
    outer loop
      vertex 30.4129 -0.849999 26.4722
      vertex 34.1074 -0.97508 26.3926
      vertex 30.4074 -0.97508 26.3926
    endloop
  endfacet
  facet normal 0 -0.953704 0.300747
    outer loop
      vertex 30.3803 1.59748 24.4186
      vertex 34.0783 1.64207 24.56
      vertex 30.3783 1.64207 24.56
    endloop
  endfacet
  facet normal 0 -0.953704 0.300747
    outer loop
      vertex 34.0783 1.64207 24.56
      vertex 30.3803 1.59748 24.4186
      vertex 34.0803 1.59748 24.4186
    endloop
  endfacet
  facet normal -0 -0.953704 -0.300747
    outer loop
      vertex 34.0783 1.64207 25.44
      vertex 30.3803 1.59748 25.5814
      vertex 30.3783 1.64207 25.44
    endloop
  endfacet
  facet normal 0 -0.953704 -0.300747
    outer loop
      vertex 30.3803 1.59748 25.5814
      vertex 34.0783 1.64207 25.44
      vertex 34.0803 1.59748 25.5814
    endloop
  endfacet
  facet normal -0 0.675621 0.737249
    outer loop
      vertex 30.4023 -1.09274 23.6977
      vertex 34.0975 -1.20208 23.7979
      vertex 34.1023 -1.09274 23.6977
    endloop
  endfacet
  facet normal 0 0.675621 0.737249
    outer loop
      vertex 34.0975 -1.20208 23.7979
      vertex 30.4023 -1.09274 23.6977
      vertex 30.3975 -1.20208 23.7979
    endloop
  endfacet
  facet normal -0 0.843445 0.537216
    outer loop
      vertex 30.3892 -1.39256 24.0249
      vertex 34.0857 -1.47224 24.15
      vertex 34.0892 -1.39256 24.0249
    endloop
  endfacet
  facet normal 0 0.843445 0.537216
    outer loop
      vertex 34.0857 -1.47224 24.15
      vertex 30.3892 -1.39256 24.0249
      vertex 30.3857 -1.47224 24.15
    endloop
  endfacet
  facet normal 0 -0.991439 0.130573
    outer loop
      vertex 30.3769 1.67417 24.7048
      vertex 34.0761 1.69353 24.8518
      vertex 30.3761 1.69353 24.8518
    endloop
  endfacet
  facet normal 0 -0.991439 0.130573
    outer loop
      vertex 34.0761 1.69353 24.8518
      vertex 30.3769 1.67417 24.7048
      vertex 34.0769 1.67417 24.7048
    endloop
  endfacet
  facet normal 0 0.130144 -0.991495
    outer loop
      vertex 34.1371 -0.295201 26.6742
      vertex 30.4435 -0.148165 26.6935
      vertex 34.1435 -0.148165 26.6935
    endloop
  endfacet
  facet normal 0 0.130144 -0.991495
    outer loop
      vertex 30.4435 -0.148165 26.6935
      vertex 34.1371 -0.295201 26.6742
      vertex 30.4371 -0.295201 26.6742
    endloop
  endfacet
  facet normal 0 0.923948 -0.382518
    outer loop
      vertex 34.0803 -1.59748 25.5814
      vertex 30.3827 -1.54072 25.7185
      vertex 34.0827 -1.54072 25.7185
    endloop
  endfacet
  facet normal 0 0.923948 -0.382518
    outer loop
      vertex 30.3827 -1.54072 25.7185
      vertex 34.0803 -1.59748 25.5814
      vertex 30.3803 -1.59748 25.5814
    endloop
  endfacet
  facet normal -0 0.991439 0.130573
    outer loop
      vertex 30.3769 -1.67417 24.7048
      vertex 34.0761 -1.69353 24.8518
      vertex 34.0769 -1.67417 24.7048
    endloop
  endfacet
  facet normal 0 0.991439 0.130573
    outer loop
      vertex 34.0761 -1.69353 24.8518
      vertex 30.3769 -1.67417 24.7048
      vertex 30.3761 -1.69353 24.8518
    endloop
  endfacet
  facet normal 0 0.953704 -0.300747
    outer loop
      vertex 34.0783 -1.64207 25.44
      vertex 30.3803 -1.59748 25.5814
      vertex 34.0803 -1.59748 25.5814
    endloop
  endfacet
  facet normal 0 0.953704 -0.300747
    outer loop
      vertex 30.3803 -1.59748 25.5814
      vertex 34.0783 -1.64207 25.44
      vertex 30.3783 -1.64207 25.44
    endloop
  endfacet
  facet normal -0 0.300729 0.95371
    outer loop
      vertex 30.4308 -0.439992 23.3579
      vertex 34.1246 -0.581433 23.4025
      vertex 34.1308 -0.439992 23.3579
    endloop
  endfacet
  facet normal 0 0.300729 0.95371
    outer loop
      vertex 34.1246 -0.581433 23.4025
      vertex 30.4308 -0.439992 23.3579
      vertex 30.4246 -0.581433 23.4025
    endloop
  endfacet
  facet normal -0 -0.843445 -0.537216
    outer loop
      vertex 34.0857 1.47224 25.85
      vertex 30.3892 1.39256 25.9751
      vertex 30.3857 1.47224 25.85
    endloop
  endfacet
  facet normal 0 -0.843445 -0.537216
    outer loop
      vertex 30.3892 1.39256 25.9751
      vertex 34.0857 1.47224 25.85
      vertex 34.0892 1.39256 25.9751
    endloop
  endfacet
  facet normal 0 -0.382944 -0.923772
    outer loop
      vertex 30.4246 0.581433 26.5975
      vertex 34.1186 0.718451 26.5407
      vertex 34.1246 0.581433 26.5975
    endloop
  endfacet
  facet normal -0 -0.382944 -0.923772
    outer loop
      vertex 34.1186 0.718451 26.5407
      vertex 30.4246 0.581433 26.5975
      vertex 30.4186 0.718451 26.5407
    endloop
  endfacet
  facet normal 0 -0.53689 0.843652
    outer loop
      vertex 34.1074 0.97508 23.6074
      vertex 30.4129 0.849999 23.5278
      vertex 34.1129 0.849999 23.5278
    endloop
  endfacet
  facet normal 0 -0.53689 0.843652
    outer loop
      vertex 30.4129 0.849999 23.5278
      vertex 34.1074 0.97508 23.6074
      vertex 30.4074 0.97508 23.6074
    endloop
  endfacet
  facet normal -0 -0.793183 -0.608984
    outer loop
      vertex 34.0892 1.39256 25.9751
      vertex 30.3931 1.30227 26.0927
      vertex 30.3892 1.39256 25.9751
    endloop
  endfacet
  facet normal 0 -0.793183 -0.608984
    outer loop
      vertex 30.3931 1.30227 26.0927
      vertex 34.0892 1.39256 25.9751
      vertex 34.0931 1.30227 26.0927
    endloop
  endfacet
  facet normal 0 0.608831 -0.7933
    outer loop
      vertex 34.1023 -1.09274 26.3023
      vertex 30.4074 -0.97508 26.3926
      vertex 34.1074 -0.97508 26.3926
    endloop
  endfacet
  facet normal 0 0.608831 -0.7933
    outer loop
      vertex 30.4074 -0.97508 26.3926
      vertex 34.1023 -1.09274 26.3023
      vertex 30.4023 -1.09274 26.3023
    endloop
  endfacet
  facet normal 0 -0.793183 0.608984
    outer loop
      vertex 30.3931 1.30227 23.9073
      vertex 34.0892 1.39256 24.0249
      vertex 30.3892 1.39256 24.0249
    endloop
  endfacet
  facet normal 0 -0.793183 0.608984
    outer loop
      vertex 34.0892 1.39256 24.0249
      vertex 30.3931 1.30227 23.9073
      vertex 34.0931 1.30227 23.9073
    endloop
  endfacet
  facet normal 0 -0.843445 0.537216
    outer loop
      vertex 30.3892 1.39256 24.0249
      vertex 34.0857 1.47224 24.15
      vertex 30.3857 1.47224 24.15
    endloop
  endfacet
  facet normal 0 -0.843445 0.537216
    outer loop
      vertex 34.0857 1.47224 24.15
      vertex 30.3892 1.39256 24.0249
      vertex 34.0892 1.39256 24.0249
    endloop
  endfacet
  facet normal 0 0.382944 -0.923772
    outer loop
      vertex 34.1186 -0.718451 26.5407
      vertex 30.4246 -0.581433 26.5975
      vertex 34.1246 -0.581433 26.5975
    endloop
  endfacet
  facet normal 0 0.382944 -0.923772
    outer loop
      vertex 30.4246 -0.581433 26.5975
      vertex 34.1186 -0.718451 26.5407
      vertex 30.4186 -0.718451 26.5407
    endloop
  endfacet
  facet normal 0 0.999048 0.0436157
    outer loop
      vertex 34.0761 -1.69353 24.8518
      vertex 30.3758 -1.7 25
      vertex 34.0758 -1.7 25
    endloop
  endfacet
  facet normal 0 0.999048 0.0436157
    outer loop
      vertex 30.3758 -1.7 25
      vertex 34.0761 -1.69353 24.8518
      vertex 30.3761 -1.69353 24.8518
    endloop
  endfacet
  facet normal 0 -0.216444 -0.976295
    outer loop
      vertex 30.4371 0.295201 26.6742
      vertex 34.1308 0.439992 26.6421
      vertex 34.1371 0.295201 26.6742
    endloop
  endfacet
  facet normal -0 -0.216444 -0.976295
    outer loop
      vertex 34.1308 0.439992 26.6421
      vertex 30.4371 0.295201 26.6742
      vertex 30.4308 0.439992 26.6421
    endloop
  endfacet
  facet normal -0 -0.976298 -0.216431
    outer loop
      vertex 34.0769 1.67417 25.2952
      vertex 30.3783 1.64207 25.44
      vertex 30.3769 1.67417 25.2952
    endloop
  endfacet
  facet normal 0 -0.976298 -0.216431
    outer loop
      vertex 30.3783 1.64207 25.44
      vertex 34.0769 1.67417 25.2952
      vertex 34.0783 1.64207 25.44
    endloop
  endfacet
  facet normal 0 -0.130144 0.991495
    outer loop
      vertex 34.1371 0.295201 23.3258
      vertex 30.4435 0.148165 23.3065
      vertex 34.1435 0.148165 23.3065
    endloop
  endfacet
  facet normal 0 -0.130144 0.991495
    outer loop
      vertex 30.4435 0.148165 23.3065
      vertex 34.1371 0.295201 23.3258
      vertex 30.4371 0.295201 23.3258
    endloop
  endfacet
  facet normal 0 -0.999048 -0.0436157
    outer loop
      vertex 30.3758 1.7 25
      vertex 34.0761 1.69353 25.1482
      vertex 30.3761 1.69353 25.1482
    endloop
  endfacet
  facet normal 0 -0.999048 -0.0436157
    outer loop
      vertex 34.0761 1.69353 25.1482
      vertex 30.3758 1.7 25
      vertex 34.0758 1.7 25
    endloop
  endfacet
  facet normal 0 -0.737467 0.675383
    outer loop
      vertex 30.3975 1.20208 23.7979
      vertex 34.0931 1.30227 23.9073
      vertex 30.3931 1.30227 23.9073
    endloop
  endfacet
  facet normal 0 -0.737467 0.675383
    outer loop
      vertex 34.0931 1.30227 23.9073
      vertex 30.3975 1.20208 23.7979
      vertex 34.0975 1.20208 23.7979
    endloop
  endfacet
  facet normal -0 0.461857 0.886954
    outer loop
      vertex 30.4186 -0.718451 23.4593
      vertex 34.1129 -0.849999 23.5278
      vertex 34.1186 -0.718451 23.4593
    endloop
  endfacet
  facet normal 0 0.461857 0.886954
    outer loop
      vertex 34.1129 -0.849999 23.5278
      vertex 30.4186 -0.718451 23.4593
      vertex 30.4129 -0.849999 23.5278
    endloop
  endfacet
  facet normal 0 -0.923948 0.382518
    outer loop
      vertex 30.3827 1.54072 24.2815
      vertex 34.0803 1.59748 24.4186
      vertex 30.3803 1.59748 24.4186
    endloop
  endfacet
  facet normal 0 -0.923948 0.382518
    outer loop
      vertex 34.0803 1.59748 24.4186
      vertex 30.3827 1.54072 24.2815
      vertex 34.0827 1.54072 24.2815
    endloop
  endfacet
  facet normal 0 -0.675621 -0.737249
    outer loop
      vertex 30.4023 1.09274 26.3023
      vertex 34.0975 1.20208 26.2021
      vertex 34.1023 1.09274 26.3023
    endloop
  endfacet
  facet normal -0 -0.675621 -0.737249
    outer loop
      vertex 34.0975 1.20208 26.2021
      vertex 30.4023 1.09274 26.3023
      vertex 30.3975 1.20208 26.2021
    endloop
  endfacet
  facet normal 0 0.675621 -0.737249
    outer loop
      vertex 34.0975 -1.20208 26.2021
      vertex 30.4023 -1.09274 26.3023
      vertex 34.1023 -1.09274 26.3023
    endloop
  endfacet
  facet normal 0 0.675621 -0.737249
    outer loop
      vertex 30.4023 -1.09274 26.3023
      vertex 34.0975 -1.20208 26.2021
      vertex 30.3975 -1.20208 26.2021
    endloop
  endfacet
  facet normal -0 0.53689 0.843652
    outer loop
      vertex 30.4129 -0.849999 23.5278
      vertex 34.1074 -0.97508 23.6074
      vertex 34.1129 -0.849999 23.5278
    endloop
  endfacet
  facet normal 0 0.53689 0.843652
    outer loop
      vertex 34.1074 -0.97508 23.6074
      vertex 30.4129 -0.849999 23.5278
      vertex 30.4074 -0.97508 23.6074
    endloop
  endfacet
  facet normal 0 0.461857 -0.886954
    outer loop
      vertex 34.1129 -0.849999 26.4722
      vertex 30.4186 -0.718451 26.5407
      vertex 34.1186 -0.718451 26.5407
    endloop
  endfacet
  facet normal 0 0.461857 -0.886954
    outer loop
      vertex 30.4186 -0.718451 26.5407
      vertex 34.1129 -0.849999 26.4722
      vertex 30.4129 -0.849999 26.4722
    endloop
  endfacet
  facet normal -0 0.130144 0.991495
    outer loop
      vertex 30.4435 -0.148165 23.3065
      vertex 34.1371 -0.295201 23.3258
      vertex 34.1435 -0.148165 23.3065
    endloop
  endfacet
  facet normal 0 0.130144 0.991495
    outer loop
      vertex 34.1371 -0.295201 23.3258
      vertex 30.4435 -0.148165 23.3065
      vertex 30.4371 -0.295201 23.3258
    endloop
  endfacet
  facet normal -0 -0.886941 -0.461884
    outer loop
      vertex 34.0827 1.54072 25.7185
      vertex 30.3857 1.47224 25.85
      vertex 30.3827 1.54072 25.7185
    endloop
  endfacet
  facet normal 0 -0.886941 -0.461884
    outer loop
      vertex 30.3857 1.47224 25.85
      vertex 34.0827 1.54072 25.7185
      vertex 34.0857 1.47224 25.85
    endloop
  endfacet
  facet normal -0 0.216444 0.976295
    outer loop
      vertex 30.4371 -0.295201 23.3258
      vertex 34.1308 -0.439992 23.3579
      vertex 34.1371 -0.295201 23.3258
    endloop
  endfacet
  facet normal 0 0.216444 0.976295
    outer loop
      vertex 34.1308 -0.439992 23.3579
      vertex 30.4371 -0.295201 23.3258
      vertex 30.4308 -0.439992 23.3579
    endloop
  endfacet
  facet normal 0 -0.130144 -0.991495
    outer loop
      vertex 30.4435 0.148165 26.6935
      vertex 34.1371 0.295201 26.6742
      vertex 34.1435 0.148165 26.6935
    endloop
  endfacet
  facet normal -0 -0.130144 -0.991495
    outer loop
      vertex 34.1371 0.295201 26.6742
      vertex 30.4435 0.148165 26.6935
      vertex 30.4371 0.295201 26.6742
    endloop
  endfacet
  facet normal 0 -0.300729 0.95371
    outer loop
      vertex 34.1246 0.581433 23.4025
      vertex 30.4308 0.439992 23.3579
      vertex 34.1308 0.439992 23.3579
    endloop
  endfacet
  facet normal 0 -0.300729 0.95371
    outer loop
      vertex 30.4308 0.439992 23.3579
      vertex 34.1246 0.581433 23.4025
      vertex 30.4246 0.581433 23.4025
    endloop
  endfacet
  facet normal 0 -0.382944 0.923772
    outer loop
      vertex 34.1186 0.718451 23.4593
      vertex 30.4246 0.581433 23.4025
      vertex 34.1246 0.581433 23.4025
    endloop
  endfacet
  facet normal 0 -0.382944 0.923772
    outer loop
      vertex 30.4246 0.581433 23.4025
      vertex 34.1186 0.718451 23.4593
      vertex 30.4186 0.718451 23.4593
    endloop
  endfacet
  facet normal -0 0.608831 0.7933
    outer loop
      vertex 30.4074 -0.97508 23.6074
      vertex 34.1023 -1.09274 23.6977
      vertex 34.1074 -0.97508 23.6074
    endloop
  endfacet
  facet normal 0 0.608831 0.7933
    outer loop
      vertex 34.1023 -1.09274 23.6977
      vertex 30.4074 -0.97508 23.6074
      vertex 30.4023 -1.09274 23.6977
    endloop
  endfacet
  facet normal -0 0.382944 0.923772
    outer loop
      vertex 30.4246 -0.581433 23.4025
      vertex 34.1186 -0.718451 23.4593
      vertex 34.1246 -0.581433 23.4025
    endloop
  endfacet
  facet normal 0 0.382944 0.923772
    outer loop
      vertex 34.1186 -0.718451 23.4593
      vertex 30.4246 -0.581433 23.4025
      vertex 30.4186 -0.718451 23.4593
    endloop
  endfacet
  facet normal 0 -0.886941 0.461884
    outer loop
      vertex 30.3857 1.47224 24.15
      vertex 34.0827 1.54072 24.2815
      vertex 30.3827 1.54072 24.2815
    endloop
  endfacet
  facet normal 0 -0.886941 0.461884
    outer loop
      vertex 34.0827 1.54072 24.2815
      vertex 30.3857 1.47224 24.15
      vertex 34.0857 1.47224 24.15
    endloop
  endfacet
  facet normal 0 0.300729 -0.95371
    outer loop
      vertex 34.1246 -0.581433 26.5975
      vertex 30.4308 -0.439992 26.6421
      vertex 34.1308 -0.439992 26.6421
    endloop
  endfacet
  facet normal 0 0.300729 -0.95371
    outer loop
      vertex 30.4308 -0.439992 26.6421
      vertex 34.1246 -0.581433 26.5975
      vertex 30.4246 -0.581433 26.5975
    endloop
  endfacet
  facet normal 0 -0.300729 -0.95371
    outer loop
      vertex 30.4308 0.439992 26.6421
      vertex 34.1246 0.581433 26.5975
      vertex 34.1308 0.439992 26.6421
    endloop
  endfacet
  facet normal -0 -0.300729 -0.95371
    outer loop
      vertex 34.1246 0.581433 26.5975
      vertex 30.4308 0.439992 26.6421
      vertex 30.4246 0.581433 26.5975
    endloop
  endfacet
  facet normal 0 0.991439 -0.130573
    outer loop
      vertex 34.0761 -1.69353 25.1482
      vertex 30.3769 -1.67417 25.2952
      vertex 34.0769 -1.67417 25.2952
    endloop
  endfacet
  facet normal 0 0.991439 -0.130573
    outer loop
      vertex 30.3769 -1.67417 25.2952
      vertex 34.0761 -1.69353 25.1482
      vertex 30.3761 -1.69353 25.1482
    endloop
  endfacet
  facet normal -0 0.923948 0.382518
    outer loop
      vertex 30.3827 -1.54072 24.2815
      vertex 34.0803 -1.59748 24.4186
      vertex 34.0827 -1.54072 24.2815
    endloop
  endfacet
  facet normal 0 0.923948 0.382518
    outer loop
      vertex 34.0803 -1.59748 24.4186
      vertex 30.3827 -1.54072 24.2815
      vertex 30.3803 -1.59748 24.4186
    endloop
  endfacet
  facet normal 0 -0.461857 0.886954
    outer loop
      vertex 34.1129 0.849999 23.5278
      vertex 30.4186 0.718451 23.4593
      vertex 34.1186 0.718451 23.4593
    endloop
  endfacet
  facet normal 0 -0.461857 0.886954
    outer loop
      vertex 30.4186 0.718451 23.4593
      vertex 34.1129 0.849999 23.5278
      vertex 30.4129 0.849999 23.5278
    endloop
  endfacet
  facet normal -0 -0.737467 -0.675383
    outer loop
      vertex 34.0931 1.30227 26.0927
      vertex 30.3975 1.20208 26.2021
      vertex 30.3931 1.30227 26.0927
    endloop
  endfacet
  facet normal 0 -0.737467 -0.675383
    outer loop
      vertex 30.3975 1.20208 26.2021
      vertex 34.0931 1.30227 26.0927
      vertex 34.0975 1.20208 26.2021
    endloop
  endfacet
  facet normal -0 0.0438279 0.999039
    outer loop
      vertex 30.45 0 23.3
      vertex 34.1435 -0.148165 23.3065
      vertex 34.15 0 23.3
    endloop
  endfacet
  facet normal 0 0.0438279 0.999039
    outer loop
      vertex 34.1435 -0.148165 23.3065
      vertex 30.45 0 23.3
      vertex 30.4435 -0.148165 23.3065
    endloop
  endfacet
  facet normal -0 -0.923948 -0.382518
    outer loop
      vertex 34.0803 1.59748 25.5814
      vertex 30.3827 1.54072 25.7185
      vertex 30.3803 1.59748 25.5814
    endloop
  endfacet
  facet normal 0 -0.923948 -0.382518
    outer loop
      vertex 30.3827 1.54072 25.7185
      vertex 34.0803 1.59748 25.5814
      vertex 34.0827 1.54072 25.7185
    endloop
  endfacet
  facet normal 0 -0.999048 0.0436157
    outer loop
      vertex 30.3761 1.69353 24.8518
      vertex 34.0758 1.7 25
      vertex 30.3758 1.7 25
    endloop
  endfacet
  facet normal 0 -0.999048 0.0436157
    outer loop
      vertex 34.0758 1.7 25
      vertex 30.3761 1.69353 24.8518
      vertex 34.0761 1.69353 24.8518
    endloop
  endfacet
  facet normal 0 -0.675621 0.737249
    outer loop
      vertex 34.0975 1.20208 23.7979
      vertex 30.4023 1.09274 23.6977
      vertex 34.1023 1.09274 23.6977
    endloop
  endfacet
  facet normal 0 -0.675621 0.737249
    outer loop
      vertex 30.4023 1.09274 23.6977
      vertex 34.0975 1.20208 23.7979
      vertex 30.3975 1.20208 23.7979
    endloop
  endfacet
  facet normal 0 -0.976298 0.216431
    outer loop
      vertex 30.3783 1.64207 24.56
      vertex 34.0769 1.67417 24.7048
      vertex 30.3769 1.67417 24.7048
    endloop
  endfacet
  facet normal 0 -0.976298 0.216431
    outer loop
      vertex 34.0769 1.67417 24.7048
      vertex 30.3783 1.64207 24.56
      vertex 34.0783 1.64207 24.56
    endloop
  endfacet
  facet normal 0 0.216444 -0.976295
    outer loop
      vertex 34.1308 -0.439992 26.6421
      vertex 30.4371 -0.295201 26.6742
      vertex 34.1371 -0.295201 26.6742
    endloop
  endfacet
  facet normal 0 0.216444 -0.976295
    outer loop
      vertex 30.4371 -0.295201 26.6742
      vertex 34.1308 -0.439992 26.6421
      vertex 30.4308 -0.439992 26.6421
    endloop
  endfacet
  facet normal 0 0.999048 -0.0436157
    outer loop
      vertex 34.0758 -1.7 25
      vertex 30.3761 -1.69353 25.1482
      vertex 34.0761 -1.69353 25.1482
    endloop
  endfacet
  facet normal 0 0.999048 -0.0436157
    outer loop
      vertex 30.3761 -1.69353 25.1482
      vertex 34.0758 -1.7 25
      vertex 30.3758 -1.7 25
    endloop
  endfacet
  facet normal 0 0.737467 -0.675383
    outer loop
      vertex 34.0931 -1.30227 26.0927
      vertex 30.3975 -1.20208 26.2021
      vertex 34.0975 -1.20208 26.2021
    endloop
  endfacet
  facet normal 0 0.737467 -0.675383
    outer loop
      vertex 30.3975 -1.20208 26.2021
      vertex 34.0931 -1.30227 26.0927
      vertex 30.3931 -1.30227 26.0927
    endloop
  endfacet
  facet normal 0 -0.608831 0.7933
    outer loop
      vertex 34.1023 1.09274 23.6977
      vertex 30.4074 0.97508 23.6074
      vertex 34.1074 0.97508 23.6074
    endloop
  endfacet
  facet normal 0 -0.608831 0.7933
    outer loop
      vertex 30.4074 0.97508 23.6074
      vertex 34.1023 1.09274 23.6977
      vertex 30.4023 1.09274 23.6977
    endloop
  endfacet
  facet normal -0 -0.991439 -0.130573
    outer loop
      vertex 34.0761 1.69353 25.1482
      vertex 30.3769 1.67417 25.2952
      vertex 30.3761 1.69353 25.1482
    endloop
  endfacet
  facet normal 0 -0.991439 -0.130573
    outer loop
      vertex 30.3769 1.67417 25.2952
      vertex 34.0761 1.69353 25.1482
      vertex 34.0769 1.67417 25.2952
    endloop
  endfacet
  facet normal 0 0.0438279 -0.999039
    outer loop
      vertex 34.1435 -0.148165 26.6935
      vertex 30.45 0 26.7
      vertex 34.15 0 26.7
    endloop
  endfacet
  facet normal 0 0.0438279 -0.999039
    outer loop
      vertex 30.45 0 26.7
      vertex 34.1435 -0.148165 26.6935
      vertex 30.4435 -0.148165 26.6935
    endloop
  endfacet
  facet normal 0 0.793183 -0.608984
    outer loop
      vertex 34.0892 -1.39256 25.9751
      vertex 30.3931 -1.30227 26.0927
      vertex 34.0931 -1.30227 26.0927
    endloop
  endfacet
  facet normal 0 0.793183 -0.608984
    outer loop
      vertex 30.3931 -1.30227 26.0927
      vertex 34.0892 -1.39256 25.9751
      vertex 30.3892 -1.39256 25.9751
    endloop
  endfacet
  facet normal 0 -0.0438279 -0.999039
    outer loop
      vertex 30.45 0 26.7
      vertex 34.1435 0.148165 26.6935
      vertex 34.15 0 26.7
    endloop
  endfacet
  facet normal -0 -0.0438279 -0.999039
    outer loop
      vertex 34.1435 0.148165 26.6935
      vertex 30.45 0 26.7
      vertex 30.4435 0.148165 26.6935
    endloop
  endfacet
  facet normal -0 0.737467 0.675383
    outer loop
      vertex 30.3975 -1.20208 23.7979
      vertex 34.0931 -1.30227 23.9073
      vertex 34.0975 -1.20208 23.7979
    endloop
  endfacet
  facet normal 0 0.737467 0.675383
    outer loop
      vertex 34.0931 -1.30227 23.9073
      vertex 30.3975 -1.20208 23.7979
      vertex 30.3931 -1.30227 23.9073
    endloop
  endfacet
  facet normal -0 0.793183 0.608984
    outer loop
      vertex 30.3931 -1.30227 23.9073
      vertex 34.0892 -1.39256 24.0249
      vertex 34.0931 -1.30227 23.9073
    endloop
  endfacet
  facet normal 0 0.793183 0.608984
    outer loop
      vertex 34.0892 -1.39256 24.0249
      vertex 30.3931 -1.30227 23.9073
      vertex 30.3892 -1.39256 24.0249
    endloop
  endfacet
  facet normal 0 0.843445 -0.537216
    outer loop
      vertex 34.0857 -1.47224 25.85
      vertex 30.3892 -1.39256 25.9751
      vertex 34.0892 -1.39256 25.9751
    endloop
  endfacet
  facet normal 0 0.843445 -0.537216
    outer loop
      vertex 30.3892 -1.39256 25.9751
      vertex 34.0857 -1.47224 25.85
      vertex 30.3857 -1.47224 25.85
    endloop
  endfacet
  facet normal 0 -0.461857 -0.886954
    outer loop
      vertex 30.4186 0.718451 26.5407
      vertex 34.1129 0.849999 26.4722
      vertex 34.1186 0.718451 26.5407
    endloop
  endfacet
  facet normal -0 -0.461857 -0.886954
    outer loop
      vertex 34.1129 0.849999 26.4722
      vertex 30.4186 0.718451 26.5407
      vertex 30.4129 0.849999 26.4722
    endloop
  endfacet
endsolid OpenSCAD_Model
