solid OpenSCAD_Model
  facet normal 0 0 -1
    outer loop
      vertex -16.19274528917194 -16.19274528917194 0
      vertex -14.253245570628456 -9.9802299925082 0
      vertex -14.719836261821747 -17.542417747424594 0
    endloop
  endfacet
  facet normal 0 0 -1
    outer loop
      vertex -17.542417747424594 -14.719836261821747 0
      vertex -15.769755494437707 -7.35355775428817 0
      vertex -16.19274528917194 -16.19274528917194 0
    endloop
  endfacet
  facet normal 0 0 -1
    outer loop
      vertex -16.19274528917194 -16.19274528917194 0
      vertex -15.06884202584923 -8.7 0
      vertex -14.253245570628456 -9.9802299925082 0
    endloop
  endfacet
  facet normal 0 0 -1
    outer loop
      vertex -16.19274528917194 -16.19274528917194 0
      vertex -15.769755494437707 -7.35355775428817 0
      vertex -15.06884202584923 -8.7 0
    endloop
  endfacet
  facet normal 0 0 -1
    outer loop
      vertex -13.134900392438954 -18.758581814217912 0
      vertex -14.719836261821747 -17.542417747424594 0
      vertex -12.303657992645928 -12.303657992645928 0
    endloop
  endfacet
  facet normal 0 0 -1
    outer loop
      vertex -14.719836261821747 -17.542417747424594 0
      vertex -13.329173310270216 -11.184504408545783 0
      vertex -12.303657992645928 -12.303657992645928 0
    endloop
  endfacet
  facet normal 0 0 -1
    outer loop
      vertex -13.134900392438954 -18.758581814217912 0
      vertex -11.184504408545783 -13.329173310270216 0
      vertex -11.45 -19.831981746663644 0
    endloop
  endfacet
  facet normal 0 0 -1
    outer loop
      vertex -13.134900392438954 -18.758581814217912 0
      vertex -12.303657992645928 -12.303657992645928 0
      vertex -11.184504408545783 -13.329173310270216 0
    endloop
  endfacet
  facet normal 0 0 -1
    outer loop
      vertex -14.719836261821747 -17.542417747424594 0
      vertex -14.253245570628456 -9.9802299925082 0
      vertex -13.329173310270216 -11.184504408545783 0
    endloop
  endfacet
  facet normal -0.8870108331782217 -0.4617486132350338 0
    outer loop
      vertex -20.754448323139282 -9.677958193862017 0
      vertex -19.831981746663644 -11.45 0
      vertex -20.754448323139282 -9.677958193862017 8
    endloop
  endfacet
  facet normal -0.7933533402912339 -0.6087614290087222 -2.6560664290224953e-19
    outer loop
      vertex -17.542417747424594 -14.719836261821747 0
      vertex -18.758581814217912 -13.134900392438954 8
      vertex -18.758581814217912 -13.134900392438954 0
    endloop
  endfacet
  facet normal -0.8433914458128859 -0.5372996083468234 6.106688617901924e-18
    outer loop
      vertex -18.758581814217912 -13.134900392438954 0
      vertex -19.831981746663644 -11.45 8
      vertex -19.831981746663644 -11.45 0
    endloop
  endfacet
  facet normal -0.6087614290087222 -0.7933533402912339 0
    outer loop
      vertex -13.134900392438954 -18.758581814217912 0
      vertex -13.134900392438954 -18.758581814217912 8
      vertex -14.719836261821747 -17.542417747424594 0
    endloop
  endfacet
  facet normal -0.5372996083468234 -0.8433914458128859 6.106688617901924e-18
    outer loop
      vertex -13.134900392438954 -18.758581814217912 0
      vertex -11.45 -19.831981746663644 0
      vertex -11.45 -19.831981746663644 8
    endloop
  endfacet
  facet normal -0.7372773368101256 -0.6755902076156585 0
    outer loop
      vertex -17.542417747424594 -14.719836261821747 0
      vertex -16.19274528917194 -16.19274528917194 0
      vertex -17.542417747424594 -14.719836261821747 8
    endloop
  endfacet
  facet normal -0.6755902076156585 -0.7372773368101256 2.809319204348113e-18
    outer loop
      vertex -16.19274528917194 -16.19274528917194 0
      vertex -14.719836261821747 -17.542417747424594 0
      vertex -14.719836261821747 -17.542417747424594 8
    endloop
  endfacet
  facet normal 0 0 -1
    outer loop
      vertex -11.45 -19.831981746663644 0
      vertex -8.7 -15.06884202584923 0
      vertex -9.677958193862017 -20.754448323139282 0
    endloop
  endfacet
  facet normal 0 0 -1
    outer loop
      vertex -9.677958193862017 -20.754448323139282 0
      vertex -7.35355775428817 -15.769755494437707 0
      vertex -7.8322612821578135 -21.518961015997302 0
    endloop
  endfacet
  facet normal 0 0 -1
    outer loop
      vertex -5.9269561328477245 -22.119701422019663 0
      vertex -7.8322612821578135 -21.518961015997302 0
      vertex -4.503451384783861 -16.807109377429786 0
    endloop
  endfacet
  facet normal 0 0 -1
    outer loop
      vertex -7.8322612821578135 -21.518961015997302 0
      vertex -7.35355775428817 -15.769755494437707 0
      vertex -5.951150493866635 -16.350651601674805 0
    endloop
  endfacet
  facet normal 0 0 -1
    outer loop
      vertex -7.8322612821578135 -21.518961015997302 0
      vertex -5.951150493866635 -16.350651601674805 0
      vertex -4.503451384783861 -16.807109377429786 0
    endloop
  endfacet
  facet normal -0.4617486132350338 -0.8870108331782217 -8.141117880738194e-17
    outer loop
      vertex -11.45 -19.831981746663644 0
      vertex -9.677958193862017 -20.754448323139282 0
      vertex -11.319338151033065 -19.9 4
    endloop
  endfacet
  facet normal -0.38268343236509056 -0.9238795325112864 0
    outer loop
      vertex -9.677958193862017 -20.754448323139282 0
      vertex -7.8322612821578135 -21.518961015997302 0
      vertex -9.677958193862017 -20.754448323139282 4
    endloop
  endfacet
  facet normal -0.30070579950427256 -0.9537169507482272 -7.945783257919873e-18
    outer loop
      vertex -5.9269561328477245 -22.119701422019663 0
      vertex -7.8322612821578135 -21.518961015997302 4
      vertex -7.8322612821578135 -21.518961015997302 0
    endloop
  endfacet
  facet normal 0 0 -1
    outer loop
      vertex -11.45 -19.831981746663644 0
      vertex -11.184504408545783 -13.329173310270216 0
      vertex -9.9802299925082 -14.253245570628456 0
    endloop
  endfacet
  facet normal 0 0 -1
    outer loop
      vertex -11.45 -19.831981746663644 0
      vertex -9.9802299925082 -14.253245570628456 0
      vertex -8.7 -15.06884202584923 0
    endloop
  endfacet
  facet normal 0 0 -1
    outer loop
      vertex -9.677958193862017 -20.754448323139282 0
      vertex -8.7 -15.06884202584923 0
      vertex -7.35355775428817 -15.769755494437707 0
    endloop
  endfacet
  facet normal 0 0 -1
    outer loop
      vertex -5.9269561328477245 -22.119701422019663 0
      vertex -3.0214782914045877 -17.13565490241242 0
      vertex -3.9765432685727045 -22.552097543979563 0
    endloop
  endfacet
  facet normal 0 0 -1
    outer loop
      vertex -5.9269561328477245 -22.119701422019663 0
      vertex -4.503451384783861 -16.807109377429786 0
      vertex -3.0214782914045877 -17.13565490241242 0
    endloop
  endfacet
  facet normal 0 0 -1
    outer loop
      vertex -3.9765432685727045 -22.552097543979563 0
      vertex -1.5165099238092519 -17.33378774679637 0
      vertex -1.9958665089213719 -22.812858586300973 0
    endloop
  endfacet
  facet normal 0 0 -1
    outer loop
      vertex -3.9765432685727045 -22.552097543979563 0
      vertex -3.0214782914045877 -17.13565490241242 0
      vertex -1.5165099238092519 -17.33378774679637 0
    endloop
  endfacet
  facet normal 0 0 -1
    outer loop
      vertex -1.9958665089213719 -22.812858586300973 0
      vertex 0 -17.4 0
      vertex 0 -22.9 0
    endloop
  endfacet
  facet normal 0 0 -1
    outer loop
      vertex -1.9958665089213719 -22.812858586300973 0
      vertex -1.5165099238092519 -17.33378774679637 0
      vertex 0 -17.4 0
    endloop
  endfacet
  facet normal -0.21643961393810285 -0.9762960071199334 0
    outer loop
      vertex -5.9269561328477245 -22.119701422019663 0
      vertex -3.9765432685727045 -22.552097543979563 0
      vertex -5.9269561328477245 -22.119701422019663 4
    endloop
  endfacet
  facet normal -0.13052619222005207 -0.9914448613738103 0
    outer loop
      vertex -3.9765432685727045 -22.552097543979563 0
      vertex -1.9958665089213719 -22.812858586300973 0
      vertex -3.9765432685727045 -22.552097543979563 4
    endloop
  endfacet
  facet normal -0.04361938736533538 -0.9990482215818578 0
    outer loop
      vertex -1.9958665089213719 -22.812858586300973 0
      vertex 0 -22.9 0
      vertex -1.9958665089213719 -22.812858586300973 3
    endloop
  endfacet
  facet normal -0.46174861323503363 -0.8870108331782218 0
    outer loop
      vertex -9.677958193862017 -20.754448323139282 0
      vertex -9.677958193862017 -20.754448323139282 4
      vertex -11.319338151033065 -19.9 4
    endloop
  endfacet
  facet normal -0.30070579950427256 -0.9537169507482272 0
    outer loop
      vertex -5.9269561328477245 -22.119701422019663 0
      vertex -5.9269561328477245 -22.119701422019663 4
      vertex -7.8322612821578135 -21.518961015997302 4
    endloop
  endfacet
  facet normal -0.38268343236509056 -0.9238795325112864 0
    outer loop
      vertex -7.8322612821578135 -21.518961015997302 0
      vertex -7.8322612821578135 -21.518961015997302 4
      vertex -9.677958193862017 -20.754448323139282 4
    endloop
  endfacet
  facet normal -0.21643961393810285 -0.9762960071199334 0
    outer loop
      vertex -3.9765432685727045 -22.552097543979563 0
      vertex -3.9765432685727045 -22.552097543979563 4
      vertex -5.9269561328477245 -22.119701422019663 4
    endloop
  endfacet
  facet normal -0.13052619222010825 -0.9914448613738029 0
    outer loop
      vertex -1.9958665089213719 -22.812858586300973 0
      vertex -1.9958665089213719 -22.812858586300973 3
      vertex -2 -22.812314401876716 3
    endloop
  endfacet
  facet normal -0.1305261922200519 -0.9914448613738104 7.898062818642027e-17
    outer loop
      vertex -1.9958665089213719 -22.812858586300973 0
      vertex -2 -22.812314401876716 3
      vertex -3.9765432685727045 -22.552097543979563 4
    endloop
  endfacet
  facet normal -0.04361938736533538 -0.9990482215818578 0
    outer loop
      vertex 0 -22.9 0
      vertex 0 -22.9 3
      vertex -1.9958665089213719 -22.812858586300973 3
    endloop
  endfacet
  facet normal -0.13052619222005196 -0.9914448613738104 7.260810888087308e-18
    outer loop
      vertex -3.9765432685727045 -22.552097543979563 4
      vertex -2 -22.812314401876716 3
      vertex -2 -22.812314401876716 4
    endloop
  endfacet
  facet normal -0.8870108331782217 -0.4617486132350338 0
    outer loop
      vertex -19.831981746663644 -11.45 0
      vertex -19.831981746663644 -11.45 8
      vertex -20.754448323139282 -9.677958193862017 8
    endloop
  endfacet
  facet normal -0.7933533402912339 -0.6087614290087222 0
    outer loop
      vertex -17.542417747424594 -14.719836261821747 0
      vertex -17.542417747424594 -14.719836261821747 8
      vertex -18.758581814217912 -13.134900392438954 8
    endloop
  endfacet
  facet normal -0.8433914458128859 -0.5372996083468234 0
    outer loop
      vertex -18.758581814217912 -13.134900392438954 0
      vertex -18.758581814217912 -13.134900392438954 8
      vertex -19.831981746663644 -11.45 8
    endloop
  endfacet
  facet normal -0.6087614290087222 -0.7933533402912339 0
    outer loop
      vertex -14.719836261821747 -17.542417747424594 0
      vertex -13.134900392438954 -18.758581814217912 8
      vertex -14.719836261821747 -17.542417747424594 8
    endloop
  endfacet
  facet normal -0.5372996083468234 -0.8433914458128859 0
    outer loop
      vertex -13.134900392438954 -18.758581814217912 0
      vertex -11.45 -19.831981746663644 8
      vertex -13.134900392438954 -18.758581814217912 8
    endloop
  endfacet
  facet normal -0.7372773368101256 -0.6755902076156585 0
    outer loop
      vertex -16.19274528917194 -16.19274528917194 0
      vertex -16.19274528917194 -16.19274528917194 8
      vertex -17.542417747424594 -14.719836261821747 8
    endloop
  endfacet
  facet normal -0.6755902076156585 -0.7372773368101256 0
    outer loop
      vertex -16.19274528917194 -16.19274528917194 0
      vertex -14.719836261821747 -17.542417747424594 8
      vertex -16.19274528917194 -16.19274528917194 8
    endloop
  endfacet
  facet normal 0 0 1
    outer loop
      vertex -18.758581814217912 -13.134900392438954 8
      vertex -19.366812817095816 -5.18932185430554 8
      vertex -19.831981746663644 -11.45 8
    endloop
  endfacet
  facet normal 0 0 1
    outer loop
      vertex -17.542417747424594 -14.719836261821747 8
      vertex -18.17147113008483 -8.473496147901022 8
      vertex -18.758581814217912 -13.134900392438954 8
    endloop
  endfacet
  facet normal 0 0 1
    outer loop
      vertex -17.542417747424594 -14.719836261821747 8
      vertex -17.363809345877993 -10.024999999999999 8
      vertex -18.17147113008483 -8.473496147901022 8
    endloop
  endfacet
  facet normal 0 0 1
    outer loop
      vertex -13.134900392438954 -18.758581814217912 8
      vertex -11.45 -19.831981746663644 8
      vertex -12.88789157421511 -15.359191084535507 8
    endloop
  endfacet
  facet normal 0 0 1
    outer loop
      vertex -17.542417747424594 -14.719836261821747 8
      vertex -16.19274528917194 -16.19274528917194 8
      vertex -16.423998487994282 -11.500207548838471 8
    endloop
  endfacet
  facet normal 0 0 1
    outer loop
      vertex -16.19274528917194 -16.19274528917194 8
      vertex -14.719836261821747 -17.542417747424594 8
      vertex -15.359191084535507 -12.88789157421511 8
    endloop
  endfacet
  facet normal 0 0 1
    outer loop
      vertex -14.719836261821747 -17.542417747424594 8
      vertex -14.177490962790277 -14.177490962790277 8
      vertex -15.359191084535507 -12.88789157421511 8
    endloop
  endfacet
  facet normal 0 0 1
    outer loop
      vertex -17.542417747424594 -14.719836261821747 8
      vertex -16.423998487994282 -11.500207548838471 8
      vertex -17.363809345877993 -10.024999999999999 8
    endloop
  endfacet
  facet normal 0 0 1
    outer loop
      vertex -16.19274528917194 -16.19274528917194 8
      vertex -15.359191084535507 -12.88789157421511 8
      vertex -16.423998487994282 -11.500207548838471 8
    endloop
  endfacet
  facet normal 0 0 1
    outer loop
      vertex -13.134900392438954 -18.758581814217912 8
      vertex -14.177490962790277 -14.177490962790277 8
      vertex -14.719836261821747 -17.542417747424594 8
    endloop
  endfacet
  facet normal 0 0 1
    outer loop
      vertex -13.134900392438954 -18.758581814217912 8
      vertex -12.88789157421511 -15.359191084535507 8
      vertex -14.177490962790277 -14.177490962790277 8
    endloop
  endfacet
  facet normal 0 0 1
    outer loop
      vertex -11.45 -19.831981746663644 8
      vertex -11.500207548838471 -16.423998487994282 8
      vertex -12.88789157421511 -15.359191084535507 8
    endloop
  endfacet
  facet normal -0.46174861323503574 -0.8870108331782206 0
    outer loop
      vertex -11.45 -19.831981746663644 0
      vertex -11.319338151033065 -19.9 4
      vertex -11.45 -19.831981746663644 8
    endloop
  endfacet
  facet normal -0.46174861323503574 -0.8870108331782206 0
    outer loop
      vertex -11.319338151033065 -19.9 4
      vertex -11.319338151033065 -19.9 8
      vertex -11.45 -19.831981746663644 8
    endloop
  endfacet
  facet normal 0 0 1
    outer loop
      vertex -11.45 -19.831981746663644 8
      vertex -10.024999999999999 -17.363809345877993 8
      vertex -11.500207548838471 -16.423998487994282 8
    endloop
  endfacet
  facet normal 0 0 1
    outer loop
      vertex -11.319338151033065 -19.9 8
      vertex -3.4816459622219527 -19.74539544789477 8
      vertex -11.45 -19.831981746663644 8
    endloop
  endfacet
  facet normal 0 0 1
    outer loop
      vertex -11.45 -19.831981746663644 8
      vertex -8.473496147901022 -18.17147113008483 8
      vertex -10.024999999999999 -17.363809345877993 8
    endloop
  endfacet
  facet normal 0 0 1
    outer loop
      vertex -11.45 -19.831981746663644 8
      vertex -6.857503873679657 -18.84083704675746 8
      vertex -8.473496147901022 -18.17147113008483 8
    endloop
  endfacet
  facet normal 0 0 1
    outer loop
      vertex -11.45 -19.831981746663644 8
      vertex -5.18932185430554 -19.366812817095816 8
      vertex -6.857503873679657 -18.84083704675746 8
    endloop
  endfacet
  facet normal 0 0 1
    outer loop
      vertex -11.45 -19.831981746663644 8
      vertex -3.4816459622219527 -19.74539544789477 8
      vertex -5.18932185430554 -19.366812817095816 8
    endloop
  endfacet
  facet normal 0 0 1
    outer loop
      vertex -11.319338151033065 -19.9 8
      vertex -2.307307799722623 -19.9 8
      vertex -3.4816459622219527 -19.74539544789477 8
    endloop
  endfacet
  facet normal 0 0 -1
    outer loop
      vertex -21.518961015997302 -7.8322612821578135 0
      vertex -22.119701422019663 -5.9269561328477245 0
      vertex -21.518961015997302 7.8322612821578135 0
    endloop
  endfacet
  facet normal 0 0 -1
    outer loop
      vertex -20.754448323139282 -9.677958193862017 0
      vertex -21.518961015997302 -7.8322612821578135 0
      vertex -20.754448323139282 9.677958193862017 0
    endloop
  endfacet
  facet normal 0 0 -1
    outer loop
      vertex -20.754448323139282 -9.677958193862017 0
      vertex -19.831981746663644 11.45 0
      vertex -19.831981746663644 -11.45 0
    endloop
  endfacet
  facet normal 0 0 -1
    outer loop
      vertex -17.542417747424594 -14.719836261821747 0
      vertex -17.33378774679637 -1.5165099238092519 0
      vertex -17.13565490241242 -3.0214782914045877 0
    endloop
  endfacet
  facet normal 0 0 -1
    outer loop
      vertex -18.758581814217912 -13.134900392438954 0
      vertex -19.831981746663644 -11.45 0
      vertex -18.758581814217912 13.134900392438954 0
    endloop
  endfacet
  facet normal 0 0 -1
    outer loop
      vertex -17.542417747424594 -14.719836261821747 0
      vertex -18.758581814217912 -13.134900392438954 0
      vertex -17.542417747424594 14.719836261821747 0
    endloop
  endfacet
  facet normal 0 0 -1
    outer loop
      vertex -17.542417747424594 -14.719836261821747 0
      vertex -17.4 0 0
      vertex -17.33378774679637 -1.5165099238092519 0
    endloop
  endfacet
  facet normal 0 0 -1
    outer loop
      vertex -22.552097543979563 -3.9765432685727045 0
      vertex -22.812858586300973 -1.9958665089213719 0
      vertex -22.552097543979563 3.9765432685727045 0
    endloop
  endfacet
  facet normal 0 0 -1
    outer loop
      vertex -22.119701422019663 -5.9269561328477245 0
      vertex -22.552097543979563 -3.9765432685727045 0
      vertex -22.119701422019663 5.9269561328477245 0
    endloop
  endfacet
  facet normal 0 0 -1
    outer loop
      vertex -22.812858586300973 -1.9958665089213719 0
      vertex -22.9 0 0
      vertex -22.812858586300973 1.9958665089213719 0
    endloop
  endfacet
  facet normal 0 0 -1
    outer loop
      vertex -22.812858586300973 -1.9958665089213719 0
      vertex -22.812858586300973 1.9958665089213719 0
      vertex -22.552097543979563 3.9765432685727045 0
    endloop
  endfacet
  facet normal 0 0 -1
    outer loop
      vertex -22.552097543979563 -3.9765432685727045 0
      vertex -22.552097543979563 3.9765432685727045 0
      vertex -22.119701422019663 5.9269561328477245 0
    endloop
  endfacet
  facet normal 0 0 -1
    outer loop
      vertex -22.119701422019663 -5.9269561328477245 0
      vertex -22.119701422019663 5.9269561328477245 0
      vertex -21.518961015997302 7.8322612821578135 0
    endloop
  endfacet
  facet normal 0 0 -1
    outer loop
      vertex -21.518961015997302 -7.8322612821578135 0
      vertex -21.518961015997302 7.8322612821578135 0
      vertex -20.754448323139282 9.677958193862017 0
    endloop
  endfacet
  facet normal 0 0 -1
    outer loop
      vertex -20.754448323139282 -9.677958193862017 0
      vertex -20.754448323139282 9.677958193862017 0
      vertex -19.831981746663644 11.45 0
    endloop
  endfacet
  facet normal 0 0 -1
    outer loop
      vertex -17.542417747424594 -14.719836261821747 0
      vertex -17.542417747424594 14.719836261821747 0
      vertex -17.4 0 0
    endloop
  endfacet
  facet normal 0 0 -1
    outer loop
      vertex -19.831981746663644 -11.45 0
      vertex -19.831981746663644 11.45 0
      vertex -18.758581814217912 13.134900392438954 0
    endloop
  endfacet
  facet normal 0 0 -1
    outer loop
      vertex -18.758581814217912 -13.134900392438954 0
      vertex -18.758581814217912 13.134900392438954 0
      vertex -17.542417747424594 14.719836261821747 0
    endloop
  endfacet
  facet normal 0 0 -1
    outer loop
      vertex -17.542417747424594 14.719836261821747 0
      vertex -17.33378774679637 1.5165099238092519 0
      vertex -17.4 0 0
    endloop
  endfacet
  facet normal 0 0 -1
    outer loop
      vertex -17.542417747424594 14.719836261821747 0
      vertex -17.13565490241242 3.0214782914045877 0
      vertex -17.33378774679637 1.5165099238092519 0
    endloop
  endfacet
  facet normal 0 0 -1
    outer loop
      vertex -17.542417747424594 -14.719836261821747 0
      vertex -16.350651601674805 -5.951150493866635 0
      vertex -15.769755494437707 -7.35355775428817 0
    endloop
  endfacet
  facet normal 0 0 -1
    outer loop
      vertex -17.542417747424594 -14.719836261821747 0
      vertex -16.807109377429786 -4.503451384783861 0
      vertex -16.350651601674805 -5.951150493866635 0
    endloop
  endfacet
  facet normal 0 0 -1
    outer loop
      vertex -17.542417747424594 -14.719836261821747 0
      vertex -17.13565490241242 -3.0214782914045877 0
      vertex -16.807109377429786 -4.503451384783861 0
    endloop
  endfacet
  facet normal -0.9537169507482272 -0.30070579950427256 -3.9728916289599364e-18
    outer loop
      vertex -21.518961015997302 -7.8322612821578135 0
      vertex -22.119701422019663 -5.9269561328477245 8
      vertex -22.119701422019663 -5.9269561328477245 0
    endloop
  endfacet
  facet normal -0.9238795325112864 -0.38268343236509056 5.501469022158494e-18
    outer loop
      vertex -20.754448323139282 -9.677958193862017 0
      vertex -21.518961015997302 -7.8322612821578135 8
      vertex -21.518961015997302 -7.8322612821578135 0
    endloop
  endfacet
  facet normal -0.9762960071199334 -0.21643961393810285 -2.0200448286196213e-18
    outer loop
      vertex -22.119701422019663 -5.9269561328477245 0
      vertex -22.552097543979563 -3.9765432685727045 8
      vertex -22.552097543979563 -3.9765432685727045 0
    endloop
  endfacet
  facet normal -0.9914448613738103 -0.13052619222005207 1.990943296143807e-18
    outer loop
      vertex -22.552097543979563 -3.9765432685727045 0
      vertex -22.812858586300973 -1.9958665089213719 8
      vertex -22.812858586300973 -1.9958665089213719 0
    endloop
  endfacet
  facet normal -0.9990482215818578 -0.04361938736533538 -5.265453265642895e-19
    outer loop
      vertex -22.812858586300973 -1.9958665089213719 0
      vertex -22.9 0 8
      vertex -22.9 0 0
    endloop
  endfacet
  facet normal -0.9990482215818578 0.04361938736533538 5.265453265642895e-19
    outer loop
      vertex -22.9 0 0
      vertex -22.812858586300973 1.9958665089213719 8
      vertex -22.812858586300973 1.9958665089213719 0
    endloop
  endfacet
  facet normal -0.9914448613738103 0.13052619222005207 -1.990943296143807e-18
    outer loop
      vertex -22.812858586300973 1.9958665089213719 0
      vertex -22.552097543979563 3.9765432685727045 8
      vertex -22.552097543979563 3.9765432685727045 0
    endloop
  endfacet
  facet normal -0.9762960071199334 0.21643961393810285 2.0200448286196213e-18
    outer loop
      vertex -22.552097543979563 3.9765432685727045 0
      vertex -22.119701422019663 5.9269561328477245 8
      vertex -22.119701422019663 5.9269561328477245 0
    endloop
  endfacet
  facet normal -0.9238795325112864 0.38268343236509056 -3.818352477303159e-16
    outer loop
      vertex -21.518961015997302 7.8322612821578135 0
      vertex -20.756043791142847 9.674106393369481 3
      vertex -20.754448323139282 9.677958193862017 0
    endloop
  endfacet
  facet normal -0.8870108331782217 0.4617486132350338 -6.63395363387695e-18
    outer loop
      vertex -20.754448323139282 9.677958193862017 0
      vertex -19.831981746663644 11.45 3
      vertex -19.831981746663644 11.45 0
    endloop
  endfacet
  facet normal -0.8433914458128859 0.5372996083468234 -1.6284502981071797e-17
    outer loop
      vertex -19.831981746663644 11.45 0
      vertex -18.758581814217912 13.134900392438954 3
      vertex -18.758581814217912 13.134900392438954 0
    endloop
  endfacet
  facet normal 0 0 -1
    outer loop
      vertex -17.542417747424594 14.719836261821747 0
      vertex -16.807109377429786 4.503451384783861 0
      vertex -17.13565490241242 3.0214782914045877 0
    endloop
  endfacet
  facet normal 0 0 -1
    outer loop
      vertex -16.19274528917194 16.19274528917194 0
      vertex -16.350651601674805 5.951150493866635 0
      vertex -16.807109377429786 4.503451384783861 0
    endloop
  endfacet
  facet normal 0 0 -1
    outer loop
      vertex -16.19274528917194 16.19274528917194 0
      vertex -15.769755494437707 7.35355775428817 0
      vertex -16.350651601674805 5.951150493866635 0
    endloop
  endfacet
  facet normal 0 0 -1
    outer loop
      vertex -17.542417747424594 14.719836261821747 0
      vertex -16.19274528917194 16.19274528917194 0
      vertex -16.807109377429786 4.503451384783861 0
    endloop
  endfacet
  facet normal 0 0 -1
    outer loop
      vertex -14.719836261821747 17.542417747424594 0
      vertex -15.06884202584923 8.7 0
      vertex -15.769755494437707 7.35355775428817 0
    endloop
  endfacet
  facet normal 0 0 -1
    outer loop
      vertex -14.719836261821747 17.542417747424594 0
      vertex -14.253245570628456 9.9802299925082 0
      vertex -15.06884202584923 8.7 0
    endloop
  endfacet
  facet normal 0 0 -1
    outer loop
      vertex -16.19274528917194 16.19274528917194 0
      vertex -14.719836261821747 17.542417747424594 0
      vertex -15.769755494437707 7.35355775428817 0
    endloop
  endfacet
  facet normal 0 0 -1
    outer loop
      vertex -13.134900392438954 18.758581814217912 0
      vertex -13.329173310270216 11.184504408545783 0
      vertex -14.253245570628456 9.9802299925082 0
    endloop
  endfacet
  facet normal 0 0 -1
    outer loop
      vertex -13.134900392438954 18.758581814217912 0
      vertex -12.303657992645928 12.303657992645928 0
      vertex -13.329173310270216 11.184504408545783 0
    endloop
  endfacet
  facet normal 0 0 -1
    outer loop
      vertex -14.719836261821747 17.542417747424594 0
      vertex -13.134900392438954 18.758581814217912 0
      vertex -14.253245570628456 9.9802299925082 0
    endloop
  endfacet
  facet normal 0 0 -1
    outer loop
      vertex -11.45 19.831981746663644 0
      vertex -11.184504408545783 13.329173310270216 0
      vertex -12.303657992645928 12.303657992645928 0
    endloop
  endfacet
  facet normal 0 0 -1
    outer loop
      vertex -13.134900392438954 18.758581814217912 0
      vertex -11.45 19.831981746663644 0
      vertex -12.303657992645928 12.303657992645928 0
    endloop
  endfacet
  facet normal -0.9238795325111793 0.382683432365349 0
    outer loop
      vertex -20.754448323139282 9.677958193862017 0
      vertex -20.756043791142847 9.674106393369481 3
      vertex -20.754448323139282 9.677958193862017 3
    endloop
  endfacet
  facet normal -0.8870108331782217 0.4617486132350338 0
    outer loop
      vertex -20.754448323139282 9.677958193862017 0
      vertex -20.754448323139282 9.677958193862017 3
      vertex -19.831981746663644 11.45 3
    endloop
  endfacet
  facet normal -0.9537169507482272 0.30070579950427256 3.9728916289599364e-18
    outer loop
      vertex -22.119701422019663 5.9269561328477245 0
      vertex -21.518961015997302 7.8322612821578135 8
      vertex -21.518961015997302 7.8322612821578135 0
    endloop
  endfacet
  facet normal -0.8433914458128859 0.5372996083468234 0
    outer loop
      vertex -19.831981746663644 11.45 0
      vertex -19.831981746663644 11.45 3
      vertex -18.758581814217912 13.134900392438954 3
    endloop
  endfacet
  facet normal -0.7933533402913311 0.6087614290085958 0
    outer loop
      vertex -18.758581814217912 13.134900392438954 0
      vertex -18.758581814217912 13.134900392438954 3
      vertex -18.756043791142847 13.138208008507236 3
    endloop
  endfacet
  facet normal -0.7933533402912339 0.6087614290087222 2.6560664290224953e-19
    outer loop
      vertex -18.758581814217912 13.134900392438954 0
      vertex -17.542417747424594 14.719836261821747 8
      vertex -17.542417747424594 14.719836261821747 0
    endloop
  endfacet
  facet normal -0.9238795325112866 0.38268343236509006 0
    outer loop
      vertex -21.518961015997302 7.8322612821578135 0
      vertex -21.518961015997302 7.8322612821578135 8
      vertex -20.756043791142847 9.674106393369481 3
    endloop
  endfacet
  facet normal -0.7933533402912334 0.6087614290087229 -2.2292765009970604e-16
    outer loop
      vertex -18.758581814217912 13.134900392438954 0
      vertex -18.756043791142847 13.138208008507236 3
      vertex -17.542417747424594 14.719836261821747 8
    endloop
  endfacet
  facet normal -0.7372773368101256 0.6755902076156585 -2.809319204348113e-18
    outer loop
      vertex -17.542417747424594 14.719836261821747 0
      vertex -16.19274528917194 16.19274528917194 8
      vertex -16.19274528917194 16.19274528917194 0
    endloop
  endfacet
  facet normal -0.6755902076156585 0.7372773368101256 0
    outer loop
      vertex -16.19274528917194 16.19274528917194 0
      vertex -16.19274528917194 16.19274528917194 8
      vertex -14.719836261821747 17.542417747424594 0
    endloop
  endfacet
  facet normal -0.6087614290087222 0.7933533402912339 0
    outer loop
      vertex -14.719836261821747 17.542417747424594 0
      vertex -14.719836261821747 17.542417747424594 8
      vertex -13.134900392438954 18.758581814217912 0
    endloop
  endfacet
  facet normal -0.5372996083468234 0.8433914458128859 0
    outer loop
      vertex -13.134900392438954 18.758581814217912 0
      vertex -13.134900392438954 18.758581814217912 8
      vertex -11.45 19.831981746663644 0
    endloop
  endfacet
  facet normal 0 0 -1
    outer loop
      vertex -11.45 19.831981746663644 0
      vertex -9.9802299925082 14.253245570628456 0
      vertex -11.184504408545783 13.329173310270216 0
    endloop
  endfacet
  facet normal 0 0 -1
    outer loop
      vertex -11.45 19.831981746663644 0
      vertex -9.677958193862017 20.754448323139282 0
      vertex -9.9802299925082 14.253245570628456 0
    endloop
  endfacet
  facet normal 0 0 -1
    outer loop
      vertex -9.677958193862017 20.754448323139282 0
      vertex -8.7 15.06884202584923 0
      vertex -9.9802299925082 14.253245570628456 0
    endloop
  endfacet
  facet normal 0 0 -1
    outer loop
      vertex -9.677958193862017 20.754448323139282 0
      vertex -7.8322612821578135 21.518961015997302 0
      vertex -8.7 15.06884202584923 0
    endloop
  endfacet
  facet normal 0 0 -1
    outer loop
      vertex -7.8322612821578135 21.518961015997302 0
      vertex -7.35355775428817 15.769755494437707 0
      vertex -8.7 15.06884202584923 0
    endloop
  endfacet
  facet normal 0 0 -1
    outer loop
      vertex -5.9269561328477245 22.119701422019663 0
      vertex -5.951150493866635 16.350651601674805 0
      vertex -7.35355775428817 15.769755494437707 0
    endloop
  endfacet
  facet normal 0 0 -1
    outer loop
      vertex -7.8322612821578135 21.518961015997302 0
      vertex -5.9269561328477245 22.119701422019663 0
      vertex -7.35355775428817 15.769755494437707 0
    endloop
  endfacet
  facet normal 0 0 -1
    outer loop
      vertex -5.9269561328477245 22.119701422019663 0
      vertex -4.503451384783861 16.807109377429786 0
      vertex -5.951150493866635 16.350651601674805 0
    endloop
  endfacet
  facet normal 0 0 -1
    outer loop
      vertex -3.9765432685727045 22.552097543979563 0
      vertex -3.0214782914045877 17.13565490241242 0
      vertex -4.503451384783861 16.807109377429786 0
    endloop
  endfacet
  facet normal 0 0 -1
    outer loop
      vertex -5.9269561328477245 22.119701422019663 0
      vertex -3.9765432685727045 22.552097543979563 0
      vertex -4.503451384783861 16.807109377429786 0
    endloop
  endfacet
  facet normal 0 0 -1
    outer loop
      vertex -3.9765432685727045 22.552097543979563 0
      vertex -1.9958665089213719 22.812858586300973 0
      vertex -3.0214782914045877 17.13565490241242 0
    endloop
  endfacet
  facet normal 0 0 -1
    outer loop
      vertex -1.9958665089213719 22.812858586300973 0
      vertex -1.5165099238092519 17.33378774679637 0
      vertex -3.0214782914045877 17.13565490241242 0
    endloop
  endfacet
  facet normal 0 0 -1
    outer loop
      vertex 0 22.9 0
      vertex 0 17.4 0
      vertex -1.5165099238092519 17.33378774679637 0
    endloop
  endfacet
  facet normal 0 0 -1
    outer loop
      vertex -1.9958665089213719 22.812858586300973 0
      vertex 0 22.9 0
      vertex -1.5165099238092519 17.33378774679637 0
    endloop
  endfacet
  facet normal -0.4617486132350338 0.8870108331782217 0
    outer loop
      vertex -11.45 19.831981746663644 0
      vertex -11.45 19.831981746663644 8
      vertex -9.677958193862017 20.754448323139282 0
    endloop
  endfacet
  facet normal -0.38268343236509056 0.9238795325112864 0
    outer loop
      vertex -9.677958193862017 20.754448323139282 0
      vertex -9.677958193862017 20.754448323139282 8
      vertex -7.8322612821578135 21.518961015997302 0
    endloop
  endfacet
  facet normal -0.30070579950427256 0.9537169507482272 0
    outer loop
      vertex -7.8322612821578135 21.518961015997302 0
      vertex -7.8322612821578135 21.518961015997302 8
      vertex -5.9269561328477245 22.119701422019663 0
    endloop
  endfacet
  facet normal -0.21643961393810285 0.9762960071199334 0
    outer loop
      vertex -5.9269561328477245 22.119701422019663 0
      vertex -5.9269561328477245 22.119701422019663 8
      vertex -3.9765432685727045 22.552097543979563 0
    endloop
  endfacet
  facet normal -0.13052619222005207 0.9914448613738103 0
    outer loop
      vertex -3.9765432685727045 22.552097543979563 0
      vertex -3.9765432685727045 22.552097543979563 8
      vertex -1.9958665089213719 22.812858586300973 0
    endloop
  endfacet
  facet normal -0.04361938736533538 0.9990482215818578 0
    outer loop
      vertex -1.9958665089213719 22.812858586300973 0
      vertex -1.9958665089213719 22.812858586300973 8
      vertex 0 22.9 0
    endloop
  endfacet
  facet normal -0.9537169507482272 -0.30070579950427256 0
    outer loop
      vertex -21.518961015997302 -7.8322612821578135 0
      vertex -21.518961015997302 -7.8322612821578135 8
      vertex -22.119701422019663 -5.9269561328477245 8
    endloop
  endfacet
  facet normal -0.9238795325112864 -0.38268343236509056 0
    outer loop
      vertex -20.754448323139282 -9.677958193862017 0
      vertex -20.754448323139282 -9.677958193862017 8
      vertex -21.518961015997302 -7.8322612821578135 8
    endloop
  endfacet
  facet normal -0.9762960071199334 -0.21643961393810285 0
    outer loop
      vertex -22.119701422019663 -5.9269561328477245 0
      vertex -22.119701422019663 -5.9269561328477245 8
      vertex -22.552097543979563 -3.9765432685727045 8
    endloop
  endfacet
  facet normal -0.9914448613738103 -0.13052619222005207 0
    outer loop
      vertex -22.552097543979563 -3.9765432685727045 0
      vertex -22.552097543979563 -3.9765432685727045 8
      vertex -22.812858586300973 -1.9958665089213719 8
    endloop
  endfacet
  facet normal -0.9990482215818578 -0.04361938736533538 0
    outer loop
      vertex -22.812858586300973 -1.9958665089213719 0
      vertex -22.812858586300973 -1.9958665089213719 8
      vertex -22.9 0 8
    endloop
  endfacet
  facet normal -0.9990482215818578 0.04361938736533538 0
    outer loop
      vertex -22.9 0 0
      vertex -22.9 0 8
      vertex -22.812858586300973 1.9958665089213719 8
    endloop
  endfacet
  facet normal -0.9914448613738103 0.13052619222005207 0
    outer loop
      vertex -22.812858586300973 1.9958665089213719 0
      vertex -22.812858586300973 1.9958665089213719 8
      vertex -22.552097543979563 3.9765432685727045 8
    endloop
  endfacet
  facet normal -0.9762960071199334 0.21643961393810285 0
    outer loop
      vertex -22.552097543979563 3.9765432685727045 0
      vertex -22.552097543979563 3.9765432685727045 8
      vertex -22.119701422019663 5.9269561328477245 8
    endloop
  endfacet
  facet normal -0.9537169507482272 0.30070579950427256 0
    outer loop
      vertex -22.119701422019663 5.9269561328477245 0
      vertex -22.119701422019663 5.9269561328477245 8
      vertex -21.518961015997302 7.8322612821578135 8
    endloop
  endfacet
  facet normal 0 0 1
    outer loop
      vertex -22.119701422019663 -5.9269561328477245 8
      vertex -22.552097543979563 3.9765432685727045 8
      vertex -22.552097543979563 -3.9765432685727045 8
    endloop
  endfacet
  facet normal 0 0 1
    outer loop
      vertex -21.518961015997302 -7.8322612821578135 8
      vertex -22.119701422019663 5.9269561328477245 8
      vertex -22.119701422019663 -5.9269561328477245 8
    endloop
  endfacet
  facet normal 0 0 1
    outer loop
      vertex -20.754448323139282 -9.677958193862017 8
      vertex -19.831981746663644 -11.45 8
      vertex -20.756043791142847 9.674106393369481 8
    endloop
  endfacet
  facet normal 0 0 1
    outer loop
      vertex -20.754448323139282 -9.677958193862017 8
      vertex -21.518961015997302 7.8322612821578135 8
      vertex -21.518961015997302 -7.8322612821578135 8
    endloop
  endfacet
  facet normal 0 0 1
    outer loop
      vertex -18.758581814217912 -13.134900392438954 8
      vertex -18.84083704675746 -6.857503873679657 8
      vertex -19.366812817095816 -5.18932185430554 8
    endloop
  endfacet
  facet normal 0 0 1
    outer loop
      vertex -19.831981746663644 -11.45 8
      vertex -19.366812817095816 -5.18932185430554 8
      vertex -19.74539544789477 -3.4816459622219527 8
    endloop
  endfacet
  facet normal 0 0 1
    outer loop
      vertex -19.831981746663644 -11.45 8
      vertex -19.74539544789477 -3.4816459622219527 8
      vertex -19.973703696739495 -1.747472642090546 8
    endloop
  endfacet
  facet normal 0 0 1
    outer loop
      vertex -18.758581814217912 -13.134900392438954 8
      vertex -18.17147113008483 -8.473496147901022 8
      vertex -18.84083704675746 -6.857503873679657 8
    endloop
  endfacet
  facet normal 0 0 1
    outer loop
      vertex -19.831981746663644 -11.45 8
      vertex -19.973703696739495 -1.747472642090546 8
      vertex -20.049999999999997 0 8
    endloop
  endfacet
  facet normal 0 0 1
    outer loop
      vertex -22.552097543979563 -3.9765432685727045 8
      vertex -22.812858586300973 1.9958665089213719 8
      vertex -22.812858586300973 -1.9958665089213719 8
    endloop
  endfacet
  facet normal 0 0 1
    outer loop
      vertex -22.812858586300973 -1.9958665089213719 8
      vertex -22.812858586300973 1.9958665089213719 8
      vertex -22.9 0 8
    endloop
  endfacet
  facet normal 0 0 1
    outer loop
      vertex -22.552097543979563 -3.9765432685727045 8
      vertex -22.552097543979563 3.9765432685727045 8
      vertex -22.812858586300973 1.9958665089213719 8
    endloop
  endfacet
  facet normal 0 0 1
    outer loop
      vertex -22.119701422019663 -5.9269561328477245 8
      vertex -22.119701422019663 5.9269561328477245 8
      vertex -22.552097543979563 3.9765432685727045 8
    endloop
  endfacet
  facet normal 0 0 1
    outer loop
      vertex -21.518961015997302 -7.8322612821578135 8
      vertex -21.518961015997302 7.8322612821578135 8
      vertex -22.119701422019663 5.9269561328477245 8
    endloop
  endfacet
  facet normal 0 0 1
    outer loop
      vertex -19.831981746663644 -11.45 8
      vertex -20.049999999999997 0 8
      vertex -20.756043791142847 9.674106393369481 8
    endloop
  endfacet
  facet normal 0 0 1
    outer loop
      vertex -20.754448323139282 -9.677958193862017 8
      vertex -20.756043791142847 9.674106393369481 8
      vertex -21.518961015997302 7.8322612821578135 8
    endloop
  endfacet
  facet normal 0 0 1
    outer loop
      vertex -20.756043791142847 9.674106393369481 8
      vertex -20.049999999999997 0 8
      vertex -19.973703696739495 1.747472642090546 8
    endloop
  endfacet
  facet normal 0 0 1
    outer loop
      vertex -20.756043791142847 9.674106393369481 8
      vertex -19.973703696739495 1.747472642090546 8
      vertex -19.74539544789477 3.4816459622219527 8
    endloop
  endfacet
  facet normal 0 0 1
    outer loop
      vertex -19.366812817095816 5.18932185430554 8
      vertex -20.756043791142847 9.674106393369481 8
      vertex -19.74539544789477 3.4816459622219527 8
    endloop
  endfacet
  facet normal -0.7372773368101256 0.6755902076156585 0
    outer loop
      vertex -17.542417747424594 14.719836261821747 0
      vertex -17.542417747424594 14.719836261821747 8
      vertex -16.19274528917194 16.19274528917194 8
    endloop
  endfacet
  facet normal -0.6755902076156585 0.7372773368101256 0
    outer loop
      vertex -14.719836261821747 17.542417747424594 0
      vertex -16.19274528917194 16.19274528917194 8
      vertex -14.719836261821747 17.542417747424594 8
    endloop
  endfacet
  facet normal -0.6087614290087222 0.7933533402912339 0
    outer loop
      vertex -13.134900392438954 18.758581814217912 0
      vertex -14.719836261821747 17.542417747424594 8
      vertex -13.134900392438954 18.758581814217912 8
    endloop
  endfacet
  facet normal -0.5372996083468234 0.8433914458128859 0
    outer loop
      vertex -11.45 19.831981746663644 0
      vertex -13.134900392438954 18.758581814217912 8
      vertex -11.45 19.831981746663644 8
    endloop
  endfacet
  facet normal -0.9238795325112866 0.38268343236509 2.257522498579586e-18
    outer loop
      vertex -21.518961015997302 7.8322612821578135 8
      vertex -20.756043791142847 9.674106393369481 8
      vertex -20.756043791142847 9.674106393369481 3
    endloop
  endfacet
  facet normal -0.7933533402912337 0.6087614290087224 7.680515400119384e-18
    outer loop
      vertex -17.542417747424594 14.719836261821747 8
      vertex -18.756043791142847 13.138208008507236 3
      vertex -18.756043791142847 13.138208008507236 8
    endloop
  endfacet
  facet normal 0 0 1
    outer loop
      vertex -20.756043791142847 9.674106393369481 8
      vertex -19.366812817095816 5.18932185430554 8
      vertex -18.84083704675746 6.857503873679657 8
    endloop
  endfacet
  facet normal 0 0 1
    outer loop
      vertex -18.84083704675746 6.857503873679657 8
      vertex -18.666918237202545 8.467949192431123 8
      vertex -20.756043791142847 9.674106393369481 8
    endloop
  endfacet
  facet normal 0 0 1
    outer loop
      vertex -18.666918237202545 8.467949192431123 8
      vertex -18.84083704675746 6.857503873679657 8
      vertex -18.17147113008483 8.473496147901022 8
    endloop
  endfacet
  facet normal 0 0 1
    outer loop
      vertex -18.666918237202545 8.467949192431123 8
      vertex -18.17147113008483 8.473496147901022 8
      vertex -17.363809345877993 10.024999999999999 8
    endloop
  endfacet
  facet normal 0 0 1
    outer loop
      vertex -18.666918237202545 8.467949192431123 8
      vertex -17.363809345877993 10.024999999999999 8
      vertex -16.423998487994282 11.500207548838471 8
    endloop
  endfacet
  facet normal 0 0 1
    outer loop
      vertex -18.666918237202545 8.467949192431123 8
      vertex -16.423998487994282 11.500207548838471 8
      vertex -16.666918237202545 11.932050807568876 8
    endloop
  endfacet
  facet normal 0 0 1
    outer loop
      vertex -17.542417747424594 14.719836261821747 8
      vertex -18.756043791142847 13.138208008507236 8
      vertex -16.666918237202545 11.932050807568876 8
    endloop
  endfacet
  facet normal 0 0 1
    outer loop
      vertex -15.359191084535507 12.88789157421511 8
      vertex -16.666918237202545 11.932050807568876 8
      vertex -16.423998487994282 11.500207548838471 8
    endloop
  endfacet
  facet normal 0 0 1
    outer loop
      vertex -17.542417747424594 14.719836261821747 8
      vertex -16.666918237202545 11.932050807568876 8
      vertex -16.19274528917194 16.19274528917194 8
    endloop
  endfacet
  facet normal 0 0 1
    outer loop
      vertex -16.19274528917194 16.19274528917194 8
      vertex -16.666918237202545 11.932050807568876 8
      vertex -15.359191084535507 12.88789157421511 8
    endloop
  endfacet
  facet normal 0 0 1
    outer loop
      vertex -16.19274528917194 16.19274528917194 8
      vertex -15.359191084535507 12.88789157421511 8
      vertex -14.177490962790277 14.177490962790277 8
    endloop
  endfacet
  facet normal 0 0 1
    outer loop
      vertex -16.19274528917194 16.19274528917194 8
      vertex -14.177490962790277 14.177490962790277 8
      vertex -14.719836261821747 17.542417747424594 8
    endloop
  endfacet
  facet normal 0 0 1
    outer loop
      vertex -14.719836261821747 17.542417747424594 8
      vertex -14.177490962790277 14.177490962790277 8
      vertex -12.88789157421511 15.359191084535507 8
    endloop
  endfacet
  facet normal 0 0 1
    outer loop
      vertex -14.719836261821747 17.542417747424594 8
      vertex -12.88789157421511 15.359191084535507 8
      vertex -13.134900392438954 18.758581814217912 8
    endloop
  endfacet
  facet normal 0 0 1
    outer loop
      vertex -13.134900392438954 18.758581814217912 8
      vertex -12.88789157421511 15.359191084535507 8
      vertex -11.500207548838471 16.423998487994282 8
    endloop
  endfacet
  facet normal 0 0 1
    outer loop
      vertex -13.134900392438954 18.758581814217912 8
      vertex -11.500207548838471 16.423998487994282 8
      vertex -10.024999999999999 17.363809345877993 8
    endloop
  endfacet
  facet normal 0 0 1
    outer loop
      vertex -13.134900392438954 18.758581814217912 8
      vertex -10.024999999999999 17.363809345877993 8
      vertex -11.45 19.831981746663644 8
    endloop
  endfacet
  facet normal -0.4617486132350338 0.8870108331782217 0
    outer loop
      vertex -9.677958193862017 20.754448323139282 0
      vertex -11.45 19.831981746663644 8
      vertex -9.677958193862017 20.754448323139282 8
    endloop
  endfacet
  facet normal -0.38268343236509056 0.9238795325112864 0
    outer loop
      vertex -7.8322612821578135 21.518961015997302 0
      vertex -9.677958193862017 20.754448323139282 8
      vertex -7.8322612821578135 21.518961015997302 8
    endloop
  endfacet
  facet normal -0.30070579950427256 0.9537169507482272 0
    outer loop
      vertex -5.9269561328477245 22.119701422019663 0
      vertex -7.8322612821578135 21.518961015997302 8
      vertex -5.9269561328477245 22.119701422019663 8
    endloop
  endfacet
  facet normal -0.21643961393810285 0.9762960071199334 0
    outer loop
      vertex -3.9765432685727045 22.552097543979563 0
      vertex -5.9269561328477245 22.119701422019663 8
      vertex -3.9765432685727045 22.552097543979563 8
    endloop
  endfacet
  facet normal -0.13052619222005207 0.9914448613738103 0
    outer loop
      vertex -1.9958665089213719 22.812858586300973 0
      vertex -3.9765432685727045 22.552097543979563 8
      vertex -1.9958665089213719 22.812858586300973 8
    endloop
  endfacet
  facet normal -0.04361938736533538 0.9990482215818578 5.265453265642895e-19
    outer loop
      vertex -1.9958665089213719 22.812858586300973 8
      vertex 0 22.9 8
      vertex 0 22.9 0
    endloop
  endfacet
  facet normal 0 0 1
    outer loop
      vertex -11.45 19.831981746663644 8
      vertex -10.024999999999999 17.363809345877993 8
      vertex -8.473496147901022 18.17147113008483 8
    endloop
  endfacet
  facet normal 0 0 1
    outer loop
      vertex -11.45 19.831981746663644 8
      vertex -8.473496147901022 18.17147113008483 8
      vertex -9.677958193862017 20.754448323139282 8
    endloop
  endfacet
  facet normal 0 0 1
    outer loop
      vertex -9.677958193862017 20.754448323139282 8
      vertex -8.473496147901022 18.17147113008483 8
      vertex -6.857503873679657 18.84083704675746 8
    endloop
  endfacet
  facet normal 0 0 1
    outer loop
      vertex -9.677958193862017 20.754448323139282 8
      vertex -6.857503873679657 18.84083704675746 8
      vertex -7.8322612821578135 21.518961015997302 8
    endloop
  endfacet
  facet normal 0 0 1
    outer loop
      vertex -7.8322612821578135 21.518961015997302 8
      vertex -6.857503873679657 18.84083704675746 8
      vertex -5.18932185430554 19.366812817095816 8
    endloop
  endfacet
  facet normal 0 0 1
    outer loop
      vertex -7.8322612821578135 21.518961015997302 8
      vertex -5.18932185430554 19.366812817095816 8
      vertex -5.9269561328477245 22.119701422019663 8
    endloop
  endfacet
  facet normal 0 0 1
    outer loop
      vertex -5.9269561328477245 22.119701422019663 8
      vertex -5.18932185430554 19.366812817095816 8
      vertex -3.4816459622219527 19.74539544789477 8
    endloop
  endfacet
  facet normal 0 0 1
    outer loop
      vertex -5.9269561328477245 22.119701422019663 8
      vertex -3.4816459622219527 19.74539544789477 8
      vertex -3.9765432685727045 22.552097543979563 8
    endloop
  endfacet
  facet normal 0 0 1
    outer loop
      vertex -3.9765432685727045 22.552097543979563 8
      vertex -3.4816459622219527 19.74539544789477 8
      vertex -1.747472642090546 19.973703696739495 8
    endloop
  endfacet
  facet normal 0 0 1
    outer loop
      vertex -3.9765432685727045 22.552097543979563 8
      vertex -1.747472642090546 19.973703696739495 8
      vertex -1.9958665089213719 22.812858586300973 8
    endloop
  endfacet
  facet normal 0 0 1
    outer loop
      vertex -1.9958665089213719 22.812858586300973 8
      vertex -1.747472642090546 19.973703696739495 8
      vertex 0 20.049999999999997 8
    endloop
  endfacet
  facet normal 0 0 1
    outer loop
      vertex -1.9958665089213719 22.812858586300973 8
      vertex 0 20.049999999999997 8
      vertex 0 22.9 8
    endloop
  endfacet
  facet normal 0 0 -1
    outer loop
      vertex 0 -22.9 0
      vertex 1.5165099238092519 -17.33378774679637 0
      vertex 1.9958665089213719 -22.812858586300973 0
    endloop
  endfacet
  facet normal 0 0 -1
    outer loop
      vertex 0 -22.9 0
      vertex 0 -17.4 0
      vertex 1.5165099238092519 -17.33378774679637 0
    endloop
  endfacet
  facet normal 0 0 -1
    outer loop
      vertex 1.9958665089213719 -22.812858586300973 0
      vertex 1.5165099238092519 -17.33378774679637 0
      vertex 3.0214782914045877 -17.13565490241242 0
    endloop
  endfacet
  facet normal 0 0 -1
    outer loop
      vertex 1.9958665089213719 -22.812858586300973 0
      vertex 3.0214782914045877 -17.13565490241242 0
      vertex 3.9765432685727045 -22.552097543979563 0
    endloop
  endfacet
  facet normal 0 0 -1
    outer loop
      vertex 3.9765432685727045 -22.552097543979563 0
      vertex 3.0214782914045877 -17.13565490241242 0
      vertex 4.503451384783861 -16.807109377429786 0
    endloop
  endfacet
  facet normal 0 0 -1
    outer loop
      vertex 3.9765432685727045 -22.552097543979563 0
      vertex 4.503451384783861 -16.807109377429786 0
      vertex 5.9269561328477245 -22.119701422019663 0
    endloop
  endfacet
  facet normal 0 0 -1
    outer loop
      vertex 5.9269561328477245 -22.119701422019663 0
      vertex 4.503451384783861 -16.807109377429786 0
      vertex 5.951150493866635 -16.350651601674805 0
    endloop
  endfacet
  facet normal 0.04361938736533538 -0.9990482215818578 0
    outer loop
      vertex 0 -22.9 0
      vertex 1.9958665089213719 -22.812858586300973 0
      vertex 0 -22.9 3
    endloop
  endfacet
  facet normal 0.13052619222005205 -0.9914448613738103 7.877299658149021e-17
    outer loop
      vertex 1.9958665089213719 -22.812858586300973 0
      vertex 3.9765432685727045 -22.552097543979563 0
      vertex 2 -22.812314401876716 3
    endloop
  endfacet
  facet normal 0.21643961393810285 -0.9762960071199334 0
    outer loop
      vertex 3.9765432685727045 -22.552097543979563 0
      vertex 5.9269561328477245 -22.119701422019663 0
      vertex 3.9765432685727045 -22.552097543979563 4
    endloop
  endfacet
  facet normal 0 0 -1
    outer loop
      vertex 5.9269561328477245 -22.119701422019663 0
      vertex 7.35355775428817 -15.769755494437707 0
      vertex 7.8322612821578135 -21.518961015997302 0
    endloop
  endfacet
  facet normal 0 0 -1
    outer loop
      vertex 5.9269561328477245 -22.119701422019663 0
      vertex 5.951150493866635 -16.350651601674805 0
      vertex 7.35355775428817 -15.769755494437707 0
    endloop
  endfacet
  facet normal 0 0 -1
    outer loop
      vertex 7.8322612821578135 -21.518961015997302 0
      vertex 8.7 -15.06884202584923 0
      vertex 9.677958193862017 -20.754448323139282 0
    endloop
  endfacet
  facet normal 0 0 -1
    outer loop
      vertex 9.677958193862017 -20.754448323139282 0
      vertex 9.9802299925082 -14.253245570628456 0
      vertex 11.45 -19.831981746663644 0
    endloop
  endfacet
  facet normal 0.30070579950427256 -0.9537169507482272 0
    outer loop
      vertex 5.9269561328477245 -22.119701422019663 0
      vertex 7.8322612821578135 -21.518961015997302 0
      vertex 5.9269561328477245 -22.119701422019663 4
    endloop
  endfacet
  facet normal 0.38268343236509056 -0.9238795325112864 0
    outer loop
      vertex 7.8322612821578135 -21.518961015997302 0
      vertex 9.677958193862017 -20.754448323139282 0
      vertex 7.8322612821578135 -21.518961015997302 4
    endloop
  endfacet
  facet normal 0.4617486132350338 -0.8870108331782217 0
    outer loop
      vertex 9.677958193862017 -20.754448323139282 0
      vertex 11.45 -19.831981746663644 0
      vertex 9.677958193862017 -20.754448323139282 4
    endloop
  endfacet
  facet normal 0 0 -1
    outer loop
      vertex 7.8322612821578135 -21.518961015997302 0
      vertex 7.35355775428817 -15.769755494437707 0
      vertex 8.7 -15.06884202584923 0
    endloop
  endfacet
  facet normal 0 0 -1
    outer loop
      vertex 9.677958193862017 -20.754448323139282 0
      vertex 8.7 -15.06884202584923 0
      vertex 9.9802299925082 -14.253245570628456 0
    endloop
  endfacet
  facet normal 0 0 -1
    outer loop
      vertex 11.45 -19.831981746663644 0
      vertex 9.9802299925082 -14.253245570628456 0
      vertex 11.184504408545783 -13.329173310270216 0
    endloop
  endfacet
  facet normal 0.04361938736533538 -0.9990482215818578 0
    outer loop
      vertex 1.9958665089213719 -22.812858586300973 0
      vertex 1.9958665089213719 -22.812858586300973 3
      vertex 0 -22.9 3
    endloop
  endfacet
  facet normal 0.13052619222010825 -0.9914448613738029 0
    outer loop
      vertex 1.9958665089213719 -22.812858586300973 0
      vertex 2 -22.812314401876716 3
      vertex 1.9958665089213719 -22.812858586300973 3
    endloop
  endfacet
  facet normal 0.13052619222005196 -0.9914448613738104 0
    outer loop
      vertex 3.9765432685727045 -22.552097543979563 0
      vertex 3.9765432685727045 -22.552097543979563 4
      vertex 2 -22.812314401876716 3
    endloop
  endfacet
  facet normal 0.21643961393810285 -0.9762960071199334 0
    outer loop
      vertex 5.9269561328477245 -22.119701422019663 0
      vertex 5.9269561328477245 -22.119701422019663 4
      vertex 3.9765432685727045 -22.552097543979563 4
    endloop
  endfacet
  facet normal 0.13052619222005196 -0.9914448613738104 -7.260810888087308e-18
    outer loop
      vertex 3.9765432685727045 -22.552097543979563 4
      vertex 2 -22.812314401876716 4
      vertex 2 -22.812314401876716 3
    endloop
  endfacet
  facet normal 0.30070579950427256 -0.9537169507482272 0
    outer loop
      vertex 7.8322612821578135 -21.518961015997302 0
      vertex 7.8322612821578135 -21.518961015997302 4
      vertex 5.9269561328477245 -22.119701422019663 4
    endloop
  endfacet
  facet normal 0.38268343236509056 -0.9238795325112864 0
    outer loop
      vertex 9.677958193862017 -20.754448323139282 0
      vertex 9.677958193862017 -20.754448323139282 4
      vertex 7.8322612821578135 -21.518961015997302 4
    endloop
  endfacet
  facet normal 0.46174861323503363 -0.8870108331782218 -8.816323190085917e-17
    outer loop
      vertex 11.45 -19.831981746663644 0
      vertex 11.319338151033065 -19.9 4
      vertex 9.677958193862017 -20.754448323139282 4
    endloop
  endfacet
  facet normal 0 0 -1
    outer loop
      vertex 11.45 -19.831981746663644 0
      vertex 12.303657992645928 -12.303657992645928 0
      vertex 13.134900392438954 -18.758581814217912 0
    endloop
  endfacet
  facet normal 0 0 -1
    outer loop
      vertex 11.45 -19.831981746663644 0
      vertex 11.184504408545783 -13.329173310270216 0
      vertex 12.303657992645928 -12.303657992645928 0
    endloop
  endfacet
  facet normal 0 0 -1
    outer loop
      vertex 13.134900392438954 -18.758581814217912 0
      vertex 12.303657992645928 -12.303657992645928 0
      vertex 13.329173310270216 -11.184504408545783 0
    endloop
  endfacet
  facet normal 0 0 -1
    outer loop
      vertex 13.134900392438954 -18.758581814217912 0
      vertex 14.253245570628456 -9.9802299925082 0
      vertex 14.719836261821747 -17.542417747424594 0
    endloop
  endfacet
  facet normal 0 0 -1
    outer loop
      vertex 13.134900392438954 -18.758581814217912 0
      vertex 13.329173310270216 -11.184504408545783 0
      vertex 14.253245570628456 -9.9802299925082 0
    endloop
  endfacet
  facet normal 0 0 -1
    outer loop
      vertex 14.719836261821747 -17.542417747424594 0
      vertex 15.769755494437707 -7.35355775428817 0
      vertex 16.19274528917194 -16.19274528917194 0
    endloop
  endfacet
  facet normal 0 0 -1
    outer loop
      vertex 14.719836261821747 -17.542417747424594 0
      vertex 14.253245570628456 -9.9802299925082 0
      vertex 15.06884202584923 -8.7 0
    endloop
  endfacet
  facet normal 0 0 -1
    outer loop
      vertex 14.719836261821747 -17.542417747424594 0
      vertex 15.06884202584923 -8.7 0
      vertex 15.769755494437707 -7.35355775428817 0
    endloop
  endfacet
  facet normal 0 0 -1
    outer loop
      vertex 16.19274528917194 -16.19274528917194 0
      vertex 16.807109377429786 -4.503451384783861 0
      vertex 17.542417747424594 -14.719836261821747 0
    endloop
  endfacet
  facet normal 0 0 -1
    outer loop
      vertex 16.19274528917194 -16.19274528917194 0
      vertex 15.769755494437707 -7.35355775428817 0
      vertex 16.350651601674805 -5.951150493866635 0
    endloop
  endfacet
  facet normal 0.5372996083468234 -0.8433914458128859 -6.106688617901924e-18
    outer loop
      vertex 11.45 -19.831981746663644 0
      vertex 13.134900392438954 -18.758581814217912 0
      vertex 13.134900392438954 -18.758581814217912 8
    endloop
  endfacet
  facet normal 0.6087614290087222 -0.7933533402912339 2.6560664290224953e-19
    outer loop
      vertex 13.134900392438954 -18.758581814217912 0
      vertex 14.719836261821747 -17.542417747424594 0
      vertex 14.719836261821747 -17.542417747424594 8
    endloop
  endfacet
  facet normal 0.6755902076156585 -0.7372773368101256 -2.809319204348113e-18
    outer loop
      vertex 14.719836261821747 -17.542417747424594 0
      vertex 16.19274528917194 -16.19274528917194 0
      vertex 16.19274528917194 -16.19274528917194 8
    endloop
  endfacet
  facet normal 0.7372773368101256 -0.6755902076156585 0
    outer loop
      vertex 16.19274528917194 -16.19274528917194 0
      vertex 17.542417747424594 -14.719836261821747 0
      vertex 16.19274528917194 -16.19274528917194 8
    endloop
  endfacet
  facet normal 0.7933533402912339 -0.6087614290087222 0
    outer loop
      vertex 17.542417747424594 -14.719836261821747 0
      vertex 18.758581814217912 -13.134900392438954 0
      vertex 17.542417747424594 -14.719836261821747 8
    endloop
  endfacet
  facet normal 0.8433914458128859 -0.5372996083468234 0
    outer loop
      vertex 18.758581814217912 -13.134900392438954 0
      vertex 19.831981746663644 -11.45 0
      vertex 18.758581814217912 -13.134900392438954 8
    endloop
  endfacet
  facet normal 0.8870108331782217 -0.4617486132350338 0
    outer loop
      vertex 19.831981746663644 -11.45 0
      vertex 20.754448323139282 -9.677958193862017 0
      vertex 19.831981746663644 -11.45 8
    endloop
  endfacet
  facet normal 0.46174861323503574 -0.8870108331782206 0
    outer loop
      vertex 11.45 -19.831981746663644 0
      vertex 11.45 -19.831981746663644 8
      vertex 11.319338151033065 -19.9 4
    endloop
  endfacet
  facet normal 0 0 1
    outer loop
      vertex 11.319338151033065 -19.9 8
      vertex 3.4816459622219527 -19.74539544789477 8
      vertex 2.307307799722623 -19.9 8
    endloop
  endfacet
  facet normal 0.46174861323503574 -0.8870108331782206 0
    outer loop
      vertex 11.319338151033065 -19.9 4
      vertex 11.45 -19.831981746663644 8
      vertex 11.319338151033065 -19.9 8
    endloop
  endfacet
  facet normal 0 0 1
    outer loop
      vertex 11.319338151033065 -19.9 8
      vertex 5.18932185430554 -19.366812817095816 8
      vertex 3.4816459622219527 -19.74539544789477 8
    endloop
  endfacet
  facet normal 0 0 1
    outer loop
      vertex 11.319338151033065 -19.9 8
      vertex 6.857503873679657 -18.84083704675746 8
      vertex 5.18932185430554 -19.366812817095816 8
    endloop
  endfacet
  facet normal 0 0 1
    outer loop
      vertex 11.319338151033065 -19.9 8
      vertex 8.473496147901022 -18.17147113008483 8
      vertex 6.857503873679657 -18.84083704675746 8
    endloop
  endfacet
  facet normal 0 0 1
    outer loop
      vertex 11.319338151033065 -19.9 8
      vertex 10.024999999999999 -17.363809345877993 8
      vertex 8.473496147901022 -18.17147113008483 8
    endloop
  endfacet
  facet normal 0 0 1
    outer loop
      vertex 11.319338151033065 -19.9 8
      vertex 11.45 -19.831981746663644 8
      vertex 10.024999999999999 -17.363809345877993 8
    endloop
  endfacet
  facet normal 0.5372996083468234 -0.8433914458128859 0
    outer loop
      vertex 11.45 -19.831981746663644 0
      vertex 13.134900392438954 -18.758581814217912 8
      vertex 11.45 -19.831981746663644 8
    endloop
  endfacet
  facet normal 0.6087614290087222 -0.7933533402912339 0
    outer loop
      vertex 13.134900392438954 -18.758581814217912 0
      vertex 14.719836261821747 -17.542417747424594 8
      vertex 13.134900392438954 -18.758581814217912 8
    endloop
  endfacet
  facet normal 0.6755902076156585 -0.7372773368101256 0
    outer loop
      vertex 14.719836261821747 -17.542417747424594 0
      vertex 16.19274528917194 -16.19274528917194 8
      vertex 14.719836261821747 -17.542417747424594 8
    endloop
  endfacet
  facet normal 0.7372773368101256 -0.6755902076156585 0
    outer loop
      vertex 17.542417747424594 -14.719836261821747 0
      vertex 17.542417747424594 -14.719836261821747 8
      vertex 16.19274528917194 -16.19274528917194 8
    endloop
  endfacet
  facet normal 0.7933533402912339 -0.6087614290087222 0
    outer loop
      vertex 18.758581814217912 -13.134900392438954 0
      vertex 18.758581814217912 -13.134900392438954 8
      vertex 17.542417747424594 -14.719836261821747 8
    endloop
  endfacet
  facet normal 0.8433914458128859 -0.5372996083468234 0
    outer loop
      vertex 19.831981746663644 -11.45 0
      vertex 19.831981746663644 -11.45 8
      vertex 18.758581814217912 -13.134900392438954 8
    endloop
  endfacet
  facet normal 0.8870108331782217 -0.4617486132350338 0
    outer loop
      vertex 20.754448323139282 -9.677958193862017 0
      vertex 20.754448323139282 -9.677958193862017 8
      vertex 19.831981746663644 -11.45 8
    endloop
  endfacet
  facet normal 0 0 1
    outer loop
      vertex 11.45 -19.831981746663644 8
      vertex 13.134900392438954 -18.758581814217912 8
      vertex 10.024999999999999 -17.363809345877993 8
    endloop
  endfacet
  facet normal 0 0 1
    outer loop
      vertex 13.134900392438954 -18.758581814217912 8
      vertex 11.500207548838471 -16.423998487994282 8
      vertex 10.024999999999999 -17.363809345877993 8
    endloop
  endfacet
  facet normal 0 0 1
    outer loop
      vertex 13.134900392438954 -18.758581814217912 8
      vertex 12.88789157421511 -15.359191084535507 8
      vertex 11.500207548838471 -16.423998487994282 8
    endloop
  endfacet
  facet normal 0 0 1
    outer loop
      vertex 13.134900392438954 -18.758581814217912 8
      vertex 14.719836261821747 -17.542417747424594 8
      vertex 12.88789157421511 -15.359191084535507 8
    endloop
  endfacet
  facet normal 0 0 1
    outer loop
      vertex 14.719836261821747 -17.542417747424594 8
      vertex 14.177490962790277 -14.177490962790277 8
      vertex 12.88789157421511 -15.359191084535507 8
    endloop
  endfacet
  facet normal 0 0 1
    outer loop
      vertex 14.719836261821747 -17.542417747424594 8
      vertex 16.19274528917194 -16.19274528917194 8
      vertex 14.177490962790277 -14.177490962790277 8
    endloop
  endfacet
  facet normal 0 0 1
    outer loop
      vertex 16.19274528917194 -16.19274528917194 8
      vertex 15.359191084535507 -12.88789157421511 8
      vertex 14.177490962790277 -14.177490962790277 8
    endloop
  endfacet
  facet normal 0 0 1
    outer loop
      vertex 16.19274528917194 -16.19274528917194 8
      vertex 17.542417747424594 -14.719836261821747 8
      vertex 15.359191084535507 -12.88789157421511 8
    endloop
  endfacet
  facet normal 0 0 1
    outer loop
      vertex 17.542417747424594 -14.719836261821747 8
      vertex 16.423998487994282 -11.500207548838471 8
      vertex 15.359191084535507 -12.88789157421511 8
    endloop
  endfacet
  facet normal 0 0 1
    outer loop
      vertex 17.542417747424594 -14.719836261821747 8
      vertex 17.363809345877993 -10.024999999999999 8
      vertex 16.423998487994282 -11.500207548838471 8
    endloop
  endfacet
  facet normal 0 0 1
    outer loop
      vertex 17.542417747424594 -14.719836261821747 8
      vertex 18.758581814217912 -13.134900392438954 8
      vertex 17.363809345877993 -10.024999999999999 8
    endloop
  endfacet
  facet normal 0 0 1
    outer loop
      vertex 18.758581814217912 -13.134900392438954 8
      vertex 18.17147113008483 -8.473496147901022 8
      vertex 17.363809345877993 -10.024999999999999 8
    endloop
  endfacet
  facet normal 0 0 1
    outer loop
      vertex 18.758581814217912 -13.134900392438954 8
      vertex 19.831981746663644 -11.45 8
      vertex 18.17147113008483 -8.473496147901022 8
    endloop
  endfacet
  facet normal 0 0 -1
    outer loop
      vertex 1.9958665089213719 22.812858586300973 0
      vertex 1.5165099238092519 17.33378774679637 0
      vertex 0 17.4 0
    endloop
  endfacet
  facet normal 0 0 -1
    outer loop
      vertex 0 22.9 0
      vertex 1.9958665089213719 22.812858586300973 0
      vertex 0 17.4 0
    endloop
  endfacet
  facet normal 0 0 -1
    outer loop
      vertex 3.9765432685727045 22.552097543979563 0
      vertex 3.0214782914045877 17.13565490241242 0
      vertex 1.5165099238092519 17.33378774679637 0
    endloop
  endfacet
  facet normal 0 0 -1
    outer loop
      vertex 1.9958665089213719 22.812858586300973 0
      vertex 3.9765432685727045 22.552097543979563 0
      vertex 1.5165099238092519 17.33378774679637 0
    endloop
  endfacet
  facet normal 0 0 -1
    outer loop
      vertex 5.9269561328477245 22.119701422019663 0
      vertex 4.503451384783861 16.807109377429786 0
      vertex 3.0214782914045877 17.13565490241242 0
    endloop
  endfacet
  facet normal 0 0 -1
    outer loop
      vertex 3.9765432685727045 22.552097543979563 0
      vertex 5.9269561328477245 22.119701422019663 0
      vertex 3.0214782914045877 17.13565490241242 0
    endloop
  endfacet
  facet normal 0 0 -1
    outer loop
      vertex 7.8322612821578135 21.518961015997302 0
      vertex 5.951150493866635 16.350651601674805 0
      vertex 4.503451384783861 16.807109377429786 0
    endloop
  endfacet
  facet normal 0 0 -1
    outer loop
      vertex 7.8322612821578135 21.518961015997302 0
      vertex 7.35355775428817 15.769755494437707 0
      vertex 5.951150493866635 16.350651601674805 0
    endloop
  endfacet
  facet normal 0 0 -1
    outer loop
      vertex 9.677958193862017 20.754448323139282 0
      vertex 8.7 15.06884202584923 0
      vertex 7.35355775428817 15.769755494437707 0
    endloop
  endfacet
  facet normal 0 0 -1
    outer loop
      vertex 5.9269561328477245 22.119701422019663 0
      vertex 7.8322612821578135 21.518961015997302 0
      vertex 4.503451384783861 16.807109377429786 0
    endloop
  endfacet
  facet normal 0 0 -1
    outer loop
      vertex 7.8322612821578135 21.518961015997302 0
      vertex 9.677958193862017 20.754448323139282 0
      vertex 7.35355775428817 15.769755494437707 0
    endloop
  endfacet
  facet normal 0 0 -1
    outer loop
      vertex 9.677958193862017 20.754448323139282 0
      vertex 11.45 19.831981746663644 0
      vertex 8.7 15.06884202584923 0
    endloop
  endfacet
  facet normal 0 0 -1
    outer loop
      vertex 11.45 19.831981746663644 0
      vertex 9.9802299925082 14.253245570628456 0
      vertex 8.7 15.06884202584923 0
    endloop
  endfacet
  facet normal 0 0 -1
    outer loop
      vertex 11.45 19.831981746663644 0
      vertex 11.184504408545783 13.329173310270216 0
      vertex 9.9802299925082 14.253245570628456 0
    endloop
  endfacet
  facet normal 0.04361938736533538 0.9990482215818578 0
    outer loop
      vertex 0 22.9 0
      vertex 0 22.9 8
      vertex 1.9958665089213719 22.812858586300973 0
    endloop
  endfacet
  facet normal 0.13052619222005207 0.9914448613738103 0
    outer loop
      vertex 1.9958665089213719 22.812858586300973 0
      vertex 1.9958665089213719 22.812858586300973 8
      vertex 3.9765432685727045 22.552097543979563 0
    endloop
  endfacet
  facet normal 0.21643961393810285 0.9762960071199334 0
    outer loop
      vertex 3.9765432685727045 22.552097543979563 0
      vertex 3.9765432685727045 22.552097543979563 8
      vertex 5.9269561328477245 22.119701422019663 0
    endloop
  endfacet
  facet normal 0.30070579950427256 0.9537169507482272 0
    outer loop
      vertex 5.9269561328477245 22.119701422019663 0
      vertex 5.9269561328477245 22.119701422019663 8
      vertex 7.8322612821578135 21.518961015997302 0
    endloop
  endfacet
  facet normal 0.38268343236509056 0.9238795325112864 0
    outer loop
      vertex 7.8322612821578135 21.518961015997302 0
      vertex 7.8322612821578135 21.518961015997302 8
      vertex 9.677958193862017 20.754448323139282 0
    endloop
  endfacet
  facet normal 0.4617486132350338 0.8870108331782217 0
    outer loop
      vertex 9.677958193862017 20.754448323139282 0
      vertex 9.677958193862017 20.754448323139282 8
      vertex 11.45 19.831981746663644 0
    endloop
  endfacet
  facet normal 0 0 -1
    outer loop
      vertex 16.19274528917194 -16.19274528917194 0
      vertex 16.350651601674805 -5.951150493866635 0
      vertex 16.807109377429786 -4.503451384783861 0
    endloop
  endfacet
  facet normal 0 0 -1
    outer loop
      vertex 17.542417747424594 -14.719836261821747 0
      vertex 16.807109377429786 -4.503451384783861 0
      vertex 17.13565490241242 -3.0214782914045877 0
    endloop
  endfacet
  facet normal 0 0 -1
    outer loop
      vertex 17.542417747424594 -14.719836261821747 0
      vertex 17.13565490241242 -3.0214782914045877 0
      vertex 17.33378774679637 -1.5165099238092519 0
    endloop
  endfacet
  facet normal 0 0 -1
    outer loop
      vertex 17.542417747424594 -14.719836261821747 0
      vertex 17.33378774679637 -1.5165099238092519 0
      vertex 17.4 0 0
    endloop
  endfacet
  facet normal 0 0 -1
    outer loop
      vertex 17.542417747424594 -14.719836261821747 0
      vertex 18.758581814217912 13.134900392438954 0
      vertex 18.758581814217912 -13.134900392438954 0
    endloop
  endfacet
  facet normal 0 0 -1
    outer loop
      vertex 18.758581814217912 -13.134900392438954 0
      vertex 19.831981746663644 11.45 0
      vertex 19.831981746663644 -11.45 0
    endloop
  endfacet
  facet normal 0 0 -1
    outer loop
      vertex 19.831981746663644 -11.45 0
      vertex 20.754448323139282 9.677958193862017 0
      vertex 20.754448323139282 -9.677958193862017 0
    endloop
  endfacet
  facet normal 0 0 -1
    outer loop
      vertex 20.754448323139282 -9.677958193862017 0
      vertex 21.518961015997302 7.8322612821578135 0
      vertex 21.518961015997302 -7.8322612821578135 0
    endloop
  endfacet
  facet normal 0 0 -1
    outer loop
      vertex 21.518961015997302 -7.8322612821578135 0
      vertex 22.119701422019663 5.9269561328477245 0
      vertex 22.119701422019663 -5.9269561328477245 0
    endloop
  endfacet
  facet normal 0 0 -1
    outer loop
      vertex 22.119701422019663 -5.9269561328477245 0
      vertex 22.552097543979563 3.9765432685727045 0
      vertex 22.552097543979563 -3.9765432685727045 0
    endloop
  endfacet
  facet normal 0 0 -1
    outer loop
      vertex 17.542417747424594 -14.719836261821747 0
      vertex 17.4 0 0
      vertex 17.542417747424594 14.719836261821747 0
    endloop
  endfacet
  facet normal 0 0 -1
    outer loop
      vertex 17.542417747424594 -14.719836261821747 0
      vertex 17.542417747424594 14.719836261821747 0
      vertex 18.758581814217912 13.134900392438954 0
    endloop
  endfacet
  facet normal 0 0 -1
    outer loop
      vertex 17.542417747424594 14.719836261821747 0
      vertex 17.4 0 0
      vertex 17.33378774679637 1.5165099238092519 0
    endloop
  endfacet
  facet normal 0 0 -1
    outer loop
      vertex 17.542417747424594 14.719836261821747 0
      vertex 17.33378774679637 1.5165099238092519 0
      vertex 17.13565490241242 3.0214782914045877 0
    endloop
  endfacet
  facet normal 0 0 -1
    outer loop
      vertex 18.758581814217912 -13.134900392438954 0
      vertex 18.758581814217912 13.134900392438954 0
      vertex 19.831981746663644 11.45 0
    endloop
  endfacet
  facet normal 0 0 -1
    outer loop
      vertex 20.754448323139282 -9.677958193862017 0
      vertex 20.754448323139282 9.677958193862017 0
      vertex 21.518961015997302 7.8322612821578135 0
    endloop
  endfacet
  facet normal 0 0 -1
    outer loop
      vertex 22.552097543979563 -3.9765432685727045 0
      vertex 22.812858586300973 1.9958665089213719 0
      vertex 22.812858586300973 -1.9958665089213719 0
    endloop
  endfacet
  facet normal 0 0 -1
    outer loop
      vertex 22.812858586300973 -1.9958665089213719 0
      vertex 22.812858586300973 1.9958665089213719 0
      vertex 22.9 0 0
    endloop
  endfacet
  facet normal 0 0 -1
    outer loop
      vertex 21.518961015997302 -7.8322612821578135 0
      vertex 21.518961015997302 7.8322612821578135 0
      vertex 22.119701422019663 5.9269561328477245 0
    endloop
  endfacet
  facet normal 0 0 -1
    outer loop
      vertex 22.119701422019663 -5.9269561328477245 0
      vertex 22.119701422019663 5.9269561328477245 0
      vertex 22.552097543979563 3.9765432685727045 0
    endloop
  endfacet
  facet normal 0 0 -1
    outer loop
      vertex 22.552097543979563 -3.9765432685727045 0
      vertex 22.552097543979563 3.9765432685727045 0
      vertex 22.812858586300973 1.9958665089213719 0
    endloop
  endfacet
  facet normal 0 0 -1
    outer loop
      vertex 19.831981746663644 -11.45 0
      vertex 19.831981746663644 11.45 0
      vertex 20.754448323139282 9.677958193862017 0
    endloop
  endfacet
  facet normal 0.9238795325112864 -0.38268343236509056 0
    outer loop
      vertex 20.754448323139282 -9.677958193862017 0
      vertex 21.518961015997302 -7.8322612821578135 0
      vertex 20.754448323139282 -9.677958193862017 8
    endloop
  endfacet
  facet normal 0.9537169507482272 -0.30070579950427256 0
    outer loop
      vertex 21.518961015997302 -7.8322612821578135 0
      vertex 22.119701422019663 -5.9269561328477245 0
      vertex 21.518961015997302 -7.8322612821578135 8
    endloop
  endfacet
  facet normal 0.9762960071199334 -0.21643961393810285 0
    outer loop
      vertex 22.119701422019663 -5.9269561328477245 0
      vertex 22.552097543979563 -3.9765432685727045 0
      vertex 22.119701422019663 -5.9269561328477245 8
    endloop
  endfacet
  facet normal 0.9914448613738103 -0.13052619222005207 0
    outer loop
      vertex 22.552097543979563 -3.9765432685727045 0
      vertex 22.812858586300973 -1.9958665089213719 0
      vertex 22.552097543979563 -3.9765432685727045 8
    endloop
  endfacet
  facet normal 0.9990482215818578 -0.04361938736533538 0
    outer loop
      vertex 22.812858586300973 -1.9958665089213719 0
      vertex 22.9 0 0
      vertex 22.812858586300973 -1.9958665089213719 8
    endloop
  endfacet
  facet normal 0.9990482215818578 0.04361938736533538 0
    outer loop
      vertex 22.9 0 0
      vertex 22.812858586300973 1.9958665089213719 0
      vertex 22.9 0 8
    endloop
  endfacet
  facet normal 0.9914448613738103 0.13052619222005207 0
    outer loop
      vertex 22.812858586300973 1.9958665089213719 0
      vertex 22.552097543979563 3.9765432685727045 0
      vertex 22.812858586300973 1.9958665089213719 8
    endloop
  endfacet
  facet normal 0.9762960071199334 0.21643961393810285 0
    outer loop
      vertex 22.552097543979563 3.9765432685727045 0
      vertex 22.119701422019663 5.9269561328477245 0
      vertex 22.552097543979563 3.9765432685727045 8
    endloop
  endfacet
  facet normal 0.9537169507482272 0.30070579950427256 0
    outer loop
      vertex 22.119701422019663 5.9269561328477245 0
      vertex 21.518961015997302 7.8322612821578135 0
      vertex 22.119701422019663 5.9269561328477245 8
    endloop
  endfacet
  facet normal 0 0 -1
    outer loop
      vertex 13.134900392438954 18.758581814217912 0
      vertex 12.303657992645928 12.303657992645928 0
      vertex 11.184504408545783 13.329173310270216 0
    endloop
  endfacet
  facet normal 0 0 -1
    outer loop
      vertex 14.719836261821747 17.542417747424594 0
      vertex 13.329173310270216 11.184504408545783 0
      vertex 12.303657992645928 12.303657992645928 0
    endloop
  endfacet
  facet normal 0 0 -1
    outer loop
      vertex 14.719836261821747 17.542417747424594 0
      vertex 14.253245570628456 9.9802299925082 0
      vertex 13.329173310270216 11.184504408545783 0
    endloop
  endfacet
  facet normal 0 0 -1
    outer loop
      vertex 16.19274528917194 16.19274528917194 0
      vertex 15.769755494437707 7.35355775428817 0
      vertex 15.06884202584923 8.7 0
    endloop
  endfacet
  facet normal 0 0 -1
    outer loop
      vertex 17.542417747424594 14.719836261821747 0
      vertex 17.13565490241242 3.0214782914045877 0
      vertex 16.807109377429786 4.503451384783861 0
    endloop
  endfacet
  facet normal 0 0 -1
    outer loop
      vertex 17.542417747424594 14.719836261821747 0
      vertex 16.807109377429786 4.503451384783861 0
      vertex 16.350651601674805 5.951150493866635 0
    endloop
  endfacet
  facet normal 0 0 -1
    outer loop
      vertex 17.542417747424594 14.719836261821747 0
      vertex 16.350651601674805 5.951150493866635 0
      vertex 15.769755494437707 7.35355775428817 0
    endloop
  endfacet
  facet normal 0 0 -1
    outer loop
      vertex 16.19274528917194 16.19274528917194 0
      vertex 15.06884202584923 8.7 0
      vertex 14.253245570628456 9.9802299925082 0
    endloop
  endfacet
  facet normal 0 0 -1
    outer loop
      vertex 14.719836261821747 17.542417747424594 0
      vertex 16.19274528917194 16.19274528917194 0
      vertex 14.253245570628456 9.9802299925082 0
    endloop
  endfacet
  facet normal 0 0 -1
    outer loop
      vertex 16.19274528917194 16.19274528917194 0
      vertex 17.542417747424594 14.719836261821747 0
      vertex 15.769755494437707 7.35355775428817 0
    endloop
  endfacet
  facet normal 0 0 -1
    outer loop
      vertex 11.45 19.831981746663644 0
      vertex 13.134900392438954 18.758581814217912 0
      vertex 11.184504408545783 13.329173310270216 0
    endloop
  endfacet
  facet normal 0 0 -1
    outer loop
      vertex 13.134900392438954 18.758581814217912 0
      vertex 14.719836261821747 17.542417747424594 0
      vertex 12.303657992645928 12.303657992645928 0
    endloop
  endfacet
  facet normal 0.7933533402912339 0.6087614290087222 -2.378805551875272e-16
    outer loop
      vertex 17.542417747424594 14.719836261821747 0
      vertex 18.756043791142847 13.138208008507236 3
      vertex 18.758581814217912 13.134900392438954 0
    endloop
  endfacet
  facet normal 0.8433914458128859 0.5372996083468234 0
    outer loop
      vertex 19.831981746663644 11.45 0
      vertex 18.758581814217912 13.134900392438954 0
      vertex 19.831981746663644 11.45 3
    endloop
  endfacet
  facet normal 0.8870108331782217 0.4617486132350338 6.63395363387695e-18
    outer loop
      vertex 19.831981746663644 11.45 0
      vertex 20.754448323139282 9.677958193862017 3
      vertex 20.754448323139282 9.677958193862017 0
    endloop
  endfacet
  facet normal 0.6087614290087222 0.7933533402912339 0
    outer loop
      vertex 13.134900392438954 18.758581814217912 0
      vertex 13.134900392438954 18.758581814217912 8
      vertex 14.719836261821747 17.542417747424594 0
    endloop
  endfacet
  facet normal 0.5372996083468234 0.8433914458128859 0
    outer loop
      vertex 11.45 19.831981746663644 0
      vertex 11.45 19.831981746663644 8
      vertex 13.134900392438954 18.758581814217912 0
    endloop
  endfacet
  facet normal 0.6755902076156585 0.7372773368101256 0
    outer loop
      vertex 14.719836261821747 17.542417747424594 0
      vertex 14.719836261821747 17.542417747424594 8
      vertex 16.19274528917194 16.19274528917194 0
    endloop
  endfacet
  facet normal 0.7372773368101256 0.6755902076156585 2.809319204348113e-18
    outer loop
      vertex 16.19274528917194 16.19274528917194 0
      vertex 17.542417747424594 14.719836261821747 8
      vertex 17.542417747424594 14.719836261821747 0
    endloop
  endfacet
  facet normal 0.8433914458128859 0.5372996083468234 0
    outer loop
      vertex 18.758581814217912 13.134900392438954 0
      vertex 18.758581814217912 13.134900392438954 3
      vertex 19.831981746663644 11.45 3
    endloop
  endfacet
  facet normal 0.7933533402913311 0.6087614290085958 0
    outer loop
      vertex 18.758581814217912 13.134900392438954 0
      vertex 18.756043791142847 13.138208008507236 3
      vertex 18.758581814217912 13.134900392438954 3
    endloop
  endfacet
  facet normal 0.9238795325111793 0.382683432365349 0
    outer loop
      vertex 20.754448323139282 9.677958193862017 0
      vertex 20.754448323139282 9.677958193862017 3
      vertex 20.756043791142847 9.674106393369481 3
    endloop
  endfacet
  facet normal 0.9238795325112864 0.38268343236509056 5.501469022158494e-18
    outer loop
      vertex 20.754448323139282 9.677958193862017 0
      vertex 21.518961015997302 7.8322612821578135 8
      vertex 21.518961015997302 7.8322612821578135 0
    endloop
  endfacet
  facet normal 0.8870108331782217 0.4617486132350338 0
    outer loop
      vertex 19.831981746663644 11.45 0
      vertex 19.831981746663644 11.45 3
      vertex 20.754448323139282 9.677958193862017 3
    endloop
  endfacet
  facet normal 0.7933533402912337 0.6087614290087224 0
    outer loop
      vertex 17.542417747424594 14.719836261821747 0
      vertex 17.542417747424594 14.719836261821747 8
      vertex 18.756043791142847 13.138208008507236 3
    endloop
  endfacet
  facet normal 0.923879532511287 0.3826834323650891 -3.909763917877085e-16
    outer loop
      vertex 20.754448323139282 9.677958193862017 0
      vertex 20.756043791142847 9.674106393369481 3
      vertex 21.518961015997302 7.8322612821578135 8
    endloop
  endfacet
  facet normal 0.04361938736533538 0.9990482215818578 0
    outer loop
      vertex 1.9958665089213719 22.812858586300973 0
      vertex 0 22.9 8
      vertex 1.9958665089213719 22.812858586300973 8
    endloop
  endfacet
  facet normal 0.13052619222005207 0.9914448613738103 0
    outer loop
      vertex 3.9765432685727045 22.552097543979563 0
      vertex 1.9958665089213719 22.812858586300973 8
      vertex 3.9765432685727045 22.552097543979563 8
    endloop
  endfacet
  facet normal 0.21643961393810285 0.9762960071199334 0
    outer loop
      vertex 5.9269561328477245 22.119701422019663 0
      vertex 3.9765432685727045 22.552097543979563 8
      vertex 5.9269561328477245 22.119701422019663 8
    endloop
  endfacet
  facet normal 0.30070579950427256 0.9537169507482272 0
    outer loop
      vertex 7.8322612821578135 21.518961015997302 0
      vertex 5.9269561328477245 22.119701422019663 8
      vertex 7.8322612821578135 21.518961015997302 8
    endloop
  endfacet
  facet normal 0.38268343236509056 0.9238795325112864 0
    outer loop
      vertex 9.677958193862017 20.754448323139282 0
      vertex 7.8322612821578135 21.518961015997302 8
      vertex 9.677958193862017 20.754448323139282 8
    endloop
  endfacet
  facet normal 0.4617486132350338 0.8870108331782217 0
    outer loop
      vertex 11.45 19.831981746663644 0
      vertex 9.677958193862017 20.754448323139282 8
      vertex 11.45 19.831981746663644 8
    endloop
  endfacet
  facet normal 0 0 1
    outer loop
      vertex 0 22.9 8
      vertex 0 20.049999999999997 8
      vertex 1.747472642090546 19.973703696739495 8
    endloop
  endfacet
  facet normal 0 0 1
    outer loop
      vertex 0 22.9 8
      vertex 1.747472642090546 19.973703696739495 8
      vertex 1.9958665089213719 22.812858586300973 8
    endloop
  endfacet
  facet normal 0 0 1
    outer loop
      vertex 1.9958665089213719 22.812858586300973 8
      vertex 1.747472642090546 19.973703696739495 8
      vertex 3.4816459622219527 19.74539544789477 8
    endloop
  endfacet
  facet normal 0 0 1
    outer loop
      vertex 3.9765432685727045 22.552097543979563 8
      vertex 3.4816459622219527 19.74539544789477 8
      vertex 5.18932185430554 19.366812817095816 8
    endloop
  endfacet
  facet normal 0 0 1
    outer loop
      vertex 1.9958665089213719 22.812858586300973 8
      vertex 3.4816459622219527 19.74539544789477 8
      vertex 3.9765432685727045 22.552097543979563 8
    endloop
  endfacet
  facet normal 0 0 1
    outer loop
      vertex 3.9765432685727045 22.552097543979563 8
      vertex 5.18932185430554 19.366812817095816 8
      vertex 5.9269561328477245 22.119701422019663 8
    endloop
  endfacet
  facet normal 0 0 1
    outer loop
      vertex 5.9269561328477245 22.119701422019663 8
      vertex 5.18932185430554 19.366812817095816 8
      vertex 6.857503873679657 18.84083704675746 8
    endloop
  endfacet
  facet normal 0 0 1
    outer loop
      vertex 5.9269561328477245 22.119701422019663 8
      vertex 6.857503873679657 18.84083704675746 8
      vertex 7.8322612821578135 21.518961015997302 8
    endloop
  endfacet
  facet normal 0 0 1
    outer loop
      vertex 7.8322612821578135 21.518961015997302 8
      vertex 6.857503873679657 18.84083704675746 8
      vertex 8.473496147901022 18.17147113008483 8
    endloop
  endfacet
  facet normal 0 0 1
    outer loop
      vertex 9.677958193862017 20.754448323139282 8
      vertex 8.473496147901022 18.17147113008483 8
      vertex 10.024999999999999 17.363809345877993 8
    endloop
  endfacet
  facet normal 0 0 1
    outer loop
      vertex 11.45 19.831981746663644 8
      vertex 10.024999999999999 17.363809345877993 8
      vertex 11.500207548838471 16.423998487994282 8
    endloop
  endfacet
  facet normal 0 0 1
    outer loop
      vertex 7.8322612821578135 21.518961015997302 8
      vertex 8.473496147901022 18.17147113008483 8
      vertex 9.677958193862017 20.754448323139282 8
    endloop
  endfacet
  facet normal 0 0 1
    outer loop
      vertex 9.677958193862017 20.754448323139282 8
      vertex 10.024999999999999 17.363809345877993 8
      vertex 11.45 19.831981746663644 8
    endloop
  endfacet
  facet normal 0.9238795325112864 -0.38268343236509056 -5.501469022158494e-18
    outer loop
      vertex 20.754448323139282 -9.677958193862017 8
      vertex 21.518961015997302 -7.8322612821578135 0
      vertex 21.518961015997302 -7.8322612821578135 8
    endloop
  endfacet
  facet normal 0.9537169507482272 -0.30070579950427256 0
    outer loop
      vertex 22.119701422019663 -5.9269561328477245 0
      vertex 22.119701422019663 -5.9269561328477245 8
      vertex 21.518961015997302 -7.8322612821578135 8
    endloop
  endfacet
  facet normal 0.9762960071199334 -0.21643961393810285 0
    outer loop
      vertex 22.552097543979563 -3.9765432685727045 0
      vertex 22.552097543979563 -3.9765432685727045 8
      vertex 22.119701422019663 -5.9269561328477245 8
    endloop
  endfacet
  facet normal 0.9914448613738103 -0.13052619222005207 0
    outer loop
      vertex 22.812858586300973 -1.9958665089213719 0
      vertex 22.812858586300973 -1.9958665089213719 8
      vertex 22.552097543979563 -3.9765432685727045 8
    endloop
  endfacet
  facet normal 0.9990482215818578 -0.04361938736533538 0
    outer loop
      vertex 22.9 0 0
      vertex 22.9 0 8
      vertex 22.812858586300973 -1.9958665089213719 8
    endloop
  endfacet
  facet normal 0.9990482215818578 0.04361938736533538 0
    outer loop
      vertex 22.812858586300973 1.9958665089213719 0
      vertex 22.812858586300973 1.9958665089213719 8
      vertex 22.9 0 8
    endloop
  endfacet
  facet normal 0.9914448613738103 0.13052619222005207 0
    outer loop
      vertex 22.552097543979563 3.9765432685727045 0
      vertex 22.552097543979563 3.9765432685727045 8
      vertex 22.812858586300973 1.9958665089213719 8
    endloop
  endfacet
  facet normal 0.9762960071199334 0.21643961393810285 0
    outer loop
      vertex 22.119701422019663 5.9269561328477245 0
      vertex 22.119701422019663 5.9269561328477245 8
      vertex 22.552097543979563 3.9765432685727045 8
    endloop
  endfacet
  facet normal 0 0 1
    outer loop
      vertex 19.831981746663644 -11.45 8
      vertex 18.84083704675746 -6.857503873679657 8
      vertex 18.17147113008483 -8.473496147901022 8
    endloop
  endfacet
  facet normal 0 0 1
    outer loop
      vertex 19.831981746663644 -11.45 8
      vertex 19.366812817095816 -5.18932185430554 8
      vertex 18.84083704675746 -6.857503873679657 8
    endloop
  endfacet
  facet normal 0 0 1
    outer loop
      vertex 19.831981746663644 -11.45 8
      vertex 19.74539544789477 -3.4816459622219527 8
      vertex 19.366812817095816 -5.18932185430554 8
    endloop
  endfacet
  facet normal 0 0 1
    outer loop
      vertex 19.831981746663644 -11.45 8
      vertex 20.754448323139282 -9.677958193862017 8
      vertex 19.74539544789477 -3.4816459622219527 8
    endloop
  endfacet
  facet normal 0 0 1
    outer loop
      vertex 20.754448323139282 -9.677958193862017 8
      vertex 19.973703696739495 -1.747472642090546 8
      vertex 19.74539544789477 -3.4816459622219527 8
    endloop
  endfacet
  facet normal 0 0 1
    outer loop
      vertex 20.754448323139282 -9.677958193862017 8
      vertex 20.049999999999997 0 8
      vertex 19.973703696739495 -1.747472642090546 8
    endloop
  endfacet
  facet normal 0 0 1
    outer loop
      vertex 20.754448323139282 -9.677958193862017 8
      vertex 19.973703696739495 1.747472642090546 8
      vertex 20.049999999999997 0 8
    endloop
  endfacet
  facet normal 0 0 1
    outer loop
      vertex 20.754448323139282 -9.677958193862017 8
      vertex 21.518961015997302 -7.8322612821578135 8
      vertex 20.756043791142847 9.674106393369481 8
    endloop
  endfacet
  facet normal 0 0 1
    outer loop
      vertex 21.518961015997302 -7.8322612821578135 8
      vertex 22.119701422019663 -5.9269561328477245 8
      vertex 21.518961015997302 7.8322612821578135 8
    endloop
  endfacet
  facet normal 0 0 1
    outer loop
      vertex 20.756043791142847 9.674106393369481 8
      vertex 19.366812817095816 5.18932185430554 8
      vertex 19.74539544789477 3.4816459622219527 8
    endloop
  endfacet
  facet normal 0 0 1
    outer loop
      vertex 20.754448323139282 -9.677958193862017 8
      vertex 20.756043791142847 9.674106393369481 8
      vertex 19.973703696739495 1.747472642090546 8
    endloop
  endfacet
  facet normal 0 0 1
    outer loop
      vertex 22.119701422019663 -5.9269561328477245 8
      vertex 22.552097543979563 -3.9765432685727045 8
      vertex 22.119701422019663 5.9269561328477245 8
    endloop
  endfacet
  facet normal 0 0 1
    outer loop
      vertex 22.552097543979563 -3.9765432685727045 8
      vertex 22.812858586300973 -1.9958665089213719 8
      vertex 22.552097543979563 3.9765432685727045 8
    endloop
  endfacet
  facet normal 0 0 1
    outer loop
      vertex 22.812858586300973 -1.9958665089213719 8
      vertex 22.9 0 8
      vertex 22.812858586300973 1.9958665089213719 8
    endloop
  endfacet
  facet normal 0 0 1
    outer loop
      vertex 22.119701422019663 -5.9269561328477245 8
      vertex 22.119701422019663 5.9269561328477245 8
      vertex 21.518961015997302 7.8322612821578135 8
    endloop
  endfacet
  facet normal 0 0 1
    outer loop
      vertex 22.812858586300973 -1.9958665089213719 8
      vertex 22.812858586300973 1.9958665089213719 8
      vertex 22.552097543979563 3.9765432685727045 8
    endloop
  endfacet
  facet normal 0 0 1
    outer loop
      vertex 22.552097543979563 -3.9765432685727045 8
      vertex 22.552097543979563 3.9765432685727045 8
      vertex 22.119701422019663 5.9269561328477245 8
    endloop
  endfacet
  facet normal 0 0 1
    outer loop
      vertex 21.518961015997302 -7.8322612821578135 8
      vertex 21.518961015997302 7.8322612821578135 8
      vertex 20.756043791142847 9.674106393369481 8
    endloop
  endfacet
  facet normal 0 0 1
    outer loop
      vertex 19.973703696739495 1.747472642090546 8
      vertex 20.756043791142847 9.674106393369481 8
      vertex 19.74539544789477 3.4816459622219527 8
    endloop
  endfacet
  facet normal 0.6087614290087222 0.7933533402912339 0
    outer loop
      vertex 14.719836261821747 17.542417747424594 0
      vertex 13.134900392438954 18.758581814217912 8
      vertex 14.719836261821747 17.542417747424594 8
    endloop
  endfacet
  facet normal 0.5372996083468234 0.8433914458128859 0
    outer loop
      vertex 13.134900392438954 18.758581814217912 0
      vertex 11.45 19.831981746663644 8
      vertex 13.134900392438954 18.758581814217912 8
    endloop
  endfacet
  facet normal 0.6755902076156585 0.7372773368101256 0
    outer loop
      vertex 16.19274528917194 16.19274528917194 0
      vertex 14.719836261821747 17.542417747424594 8
      vertex 16.19274528917194 16.19274528917194 8
    endloop
  endfacet
  facet normal 0.7372773368101256 0.6755902076156585 0
    outer loop
      vertex 16.19274528917194 16.19274528917194 0
      vertex 16.19274528917194 16.19274528917194 8
      vertex 17.542417747424594 14.719836261821747 8
    endloop
  endfacet
  facet normal 0.9537169507482272 0.30070579950427256 0
    outer loop
      vertex 21.518961015997302 7.8322612821578135 0
      vertex 21.518961015997302 7.8322612821578135 8
      vertex 22.119701422019663 5.9269561328477245 8
    endloop
  endfacet
  facet normal 0 0 1
    outer loop
      vertex 17.363809345877993 10.024999999999999 8
      vertex 16.666918237202545 11.932050807568876 8
      vertex 16.423998487994282 11.500207548838471 8
    endloop
  endfacet
  facet normal 0 0 1
    outer loop
      vertex 16.19274528917194 16.19274528917194 8
      vertex 15.359191084535507 12.88789157421511 8
      vertex 16.423998487994282 11.500207548838471 8
    endloop
  endfacet
  facet normal 0 0 1
    outer loop
      vertex 16.19274528917194 16.19274528917194 8
      vertex 16.423998487994282 11.500207548838471 8
      vertex 16.666918237202545 11.932050807568876 8
    endloop
  endfacet
  facet normal 0 0 1
    outer loop
      vertex 16.19274528917194 16.19274528917194 8
      vertex 16.666918237202545 11.932050807568876 8
      vertex 17.542417747424594 14.719836261821747 8
    endloop
  endfacet
  facet normal 0 0 1
    outer loop
      vertex 11.45 19.831981746663644 8
      vertex 11.500207548838471 16.423998487994282 8
      vertex 12.88789157421511 15.359191084535507 8
    endloop
  endfacet
  facet normal 0 0 1
    outer loop
      vertex 11.45 19.831981746663644 8
      vertex 12.88789157421511 15.359191084535507 8
      vertex 13.134900392438954 18.758581814217912 8
    endloop
  endfacet
  facet normal 0 0 1
    outer loop
      vertex 13.134900392438954 18.758581814217912 8
      vertex 12.88789157421511 15.359191084535507 8
      vertex 14.177490962790277 14.177490962790277 8
    endloop
  endfacet
  facet normal 0 0 1
    outer loop
      vertex 13.134900392438954 18.758581814217912 8
      vertex 14.177490962790277 14.177490962790277 8
      vertex 14.719836261821747 17.542417747424594 8
    endloop
  endfacet
  facet normal 0 0 1
    outer loop
      vertex 14.719836261821747 17.542417747424594 8
      vertex 14.177490962790277 14.177490962790277 8
      vertex 15.359191084535507 12.88789157421511 8
    endloop
  endfacet
  facet normal 0 0 1
    outer loop
      vertex 14.719836261821747 17.542417747424594 8
      vertex 15.359191084535507 12.88789157421511 8
      vertex 16.19274528917194 16.19274528917194 8
    endloop
  endfacet
  facet normal 0.7933533402912337 0.6087614290087224 -7.680515400119384e-18
    outer loop
      vertex 17.542417747424594 14.719836261821747 8
      vertex 18.756043791142847 13.138208008507236 8
      vertex 18.756043791142847 13.138208008507236 3
    endloop
  endfacet
  facet normal 0.9238795325112866 0.38268343236509 -2.257522498579586e-18
    outer loop
      vertex 21.518961015997302 7.8322612821578135 8
      vertex 20.756043791142847 9.674106393369481 3
      vertex 20.756043791142847 9.674106393369481 8
    endloop
  endfacet
  facet normal 0 0 1
    outer loop
      vertex 18.84083704675746 6.857503873679657 8
      vertex 18.666918237202545 8.467949192431123 8
      vertex 18.17147113008483 8.473496147901022 8
    endloop
  endfacet
  facet normal 0 0 1
    outer loop
      vertex 18.17147113008483 8.473496147901022 8
      vertex 18.666918237202545 8.467949192431123 8
      vertex 16.666918237202545 11.932050807568876 8
    endloop
  endfacet
  facet normal 0 0 1
    outer loop
      vertex 16.666918237202545 11.932050807568876 8
      vertex 17.363809345877993 10.024999999999999 8
      vertex 18.17147113008483 8.473496147901022 8
    endloop
  endfacet
  facet normal 0 0 1
    outer loop
      vertex 19.366812817095816 5.18932185430554 8
      vertex 18.666918237202545 8.467949192431123 8
      vertex 18.84083704675746 6.857503873679657 8
    endloop
  endfacet
  facet normal 0 0 1
    outer loop
      vertex 19.366812817095816 5.18932185430554 8
      vertex 20.756043791142847 9.674106393369481 8
      vertex 18.666918237202545 8.467949192431123 8
    endloop
  endfacet
  facet normal 0 0 1
    outer loop
      vertex 17.542417747424594 14.719836261821747 8
      vertex 16.666918237202545 11.932050807568876 8
      vertex 18.756043791142847 13.138208008507236 8
    endloop
  endfacet
  facet normal 0 0 -1
    outer loop
      vertex -16 -41.9 4
      vertex -11.45009245925864 -36.57618921878512 4
      vertex -11.385640646055101 -36.699999999999996 4
    endloop
  endfacet
  facet normal 0 0 -1
    outer loop
      vertex -16 -41.9 4
      vertex -11.385640646055101 -36.699999999999996 4
      vertex -11.310643270862387 -36.81772229816167 4
    endloop
  endfacet
  facet normal 0 0 -1
    outer loop
      vertex -16 -41.9 4
      vertex -11.6 -35.9 4
      vertex -11.593911516946793 -36.039449188396254 4
    endloop
  endfacet
  facet normal 0 0 -1
    outer loop
      vertex -16 -41.9 4
      vertex -11.593911516946793 -35.76055081160374 4
      vertex -11.6 -35.9 4
    endloop
  endfacet
  facet normal 0 0 -1
    outer loop
      vertex -16 -41.9 4
      vertex -11.503508193257453 -36.44723222932107 4
      vertex -11.45009245925864 -36.57618921878512 4
    endloop
  endfacet
  facet normal 0 0 -1
    outer loop
      vertex -16 -41.9 4
      vertex -11.545481322062509 -36.31411047216403 4
      vertex -11.503508193257453 -36.44723222932107 4
    endloop
  endfacet
  facet normal 0 0 -1
    outer loop
      vertex -16 -41.9 4
      vertex -11.575692404819533 -36.17783708426709 4
      vertex -11.545481322062509 -36.31411047216403 4
    endloop
  endfacet
  facet normal 0 0 -1
    outer loop
      vertex -16 -41.9 4
      vertex -11.593911516946793 -36.039449188396254 4
      vertex -11.575692404819533 -36.17783708426709 4
    endloop
  endfacet
  facet normal 0 0 -1
    outer loop
      vertex -16 -41.9 4
      vertex -10.676189218785119 -37.35009245925864 4
      vertex -10.54723222932107 -37.40350819325745 4
    endloop
  endfacet
  facet normal 0 0 -1
    outer loop
      vertex -16 -41.9 4
      vertex -10.54723222932107 -37.40350819325745 4
      vertex -10.414110472164033 -37.445481322062506 4
    endloop
  endfacet
  facet normal 0 0 -1
    outer loop
      vertex -16 -41.9 4
      vertex -10.414110472164033 -37.445481322062506 4
      vertex -10.27783708426709 -37.47569240481953 4
    endloop
  endfacet
  facet normal 0 0 -1
    outer loop
      vertex -16 -41.9 4
      vertex -11.225671108990365 -36.92846017549846 4
      vertex -11.131370849898476 -37.03137084989847 4
    endloop
  endfacet
  facet normal 0 0 -1
    outer loop
      vertex -16 -41.9 4
      vertex -11.131370849898476 -37.03137084989847 4
      vertex -11.028460175498463 -37.12567110899036 4
    endloop
  endfacet
  facet normal 0 0 -1
    outer loop
      vertex -16 -41.9 4
      vertex -11.310643270862387 -36.81772229816167 4
      vertex -11.225671108990365 -36.92846017549846 4
    endloop
  endfacet
  facet normal 0 0 -1
    outer loop
      vertex -16 -41.9 4
      vertex -11.028460175498463 -37.12567110899036 4
      vertex -10.917722298161674 -37.210643270862384 4
    endloop
  endfacet
  facet normal 0 0 -1
    outer loop
      vertex -16 -41.9 4
      vertex -10.917722298161674 -37.210643270862384 4
      vertex -10.8 -37.2856406460551 4
    endloop
  endfacet
  facet normal 0 0 -1
    outer loop
      vertex -16 -41.9 4
      vertex -10.8 -37.2856406460551 4
      vertex -10.676189218785119 -37.35009245925864 4
    endloop
  endfacet
  facet normal 0 0 -1
    outer loop
      vertex -16 -41.9 4
      vertex -10.27783708426709 -37.47569240481953 4
      vertex -10.139449188396252 -37.49391151694679 4
    endloop
  endfacet
  facet normal 0 0 -1
    outer loop
      vertex -16 -41.9 4
      vertex -10.139449188396252 -37.49391151694679 4
      vertex -10 -37.5 4
    endloop
  endfacet
  facet normal 0 0 -1
    outer loop
      vertex -16 -41.9 4
      vertex -10 -37.5 4
      vertex -9.860550811603748 -37.49391151694679 4
    endloop
  endfacet
  facet normal 0 0 -1
    outer loop
      vertex -16 -41.9 4
      vertex -9.860550811603748 -37.49391151694679 4
      vertex -9.72216291573291 -37.47569240481953 4
    endloop
  endfacet
  facet normal 0 0 -1
    outer loop
      vertex -16 -41.9 4
      vertex -9.72216291573291 -37.47569240481953 4
      vertex -9.585889527835967 -37.445481322062506 4
    endloop
  endfacet
  facet normal 0 0 -1
    outer loop
      vertex -16 -41.9 4
      vertex -9.585889527835967 -37.445481322062506 4
      vertex -9.45276777067893 -37.40350819325745 4
    endloop
  endfacet
  facet normal 0 0 -1
    outer loop
      vertex -16 -41.9 4
      vertex -11.575692404819533 -35.62216291573291 4
      vertex -11.593911516946793 -35.76055081160374 4
    endloop
  endfacet
  facet normal 0 0 -1
    outer loop
      vertex -16 -41.9 4
      vertex -11.545481322062509 -35.485889527835965 4
      vertex -11.575692404819533 -35.62216291573291 4
    endloop
  endfacet
  facet normal 0 0 -1
    outer loop
      vertex -16 -41.9 4
      vertex -11.503508193257453 -35.35276777067893 4
      vertex -11.545481322062509 -35.485889527835965 4
    endloop
  endfacet
  facet normal 0 0 -1
    outer loop
      vertex -16 -41.9 4
      vertex -11.45009245925864 -35.22381078121488 4
      vertex -11.503508193257453 -35.35276777067893 4
    endloop
  endfacet
  facet normal 0 0 -1
    outer loop
      vertex -16 -41.9 4
      vertex -11.385640646055101 -35.1 4
      vertex -11.45009245925864 -35.22381078121488 4
    endloop
  endfacet
  facet normal 0 0 -1
    outer loop
      vertex -16 -41.9 4
      vertex -11.310643270862387 -34.98227770183833 4
      vertex -11.385640646055101 -35.1 4
    endloop
  endfacet
  facet normal 0 0 -1
    outer loop
      vertex -16 -41.9 4
      vertex -16 -19.9 4
      vertex -11.319338151033065 -19.9 4
    endloop
  endfacet
  facet normal 0 0 -1
    outer loop
      vertex -16 -41.9 4
      vertex -11.319338151033065 -19.9 4
      vertex -9.677958193862017 -20.754448323139282 4
    endloop
  endfacet
  facet normal -1 0 0
    outer loop
      vertex -16 -41.9 4
      vertex -16 -19.9 8
      vertex -16 -19.9 4
    endloop
  endfacet
  facet normal -1 0 0
    outer loop
      vertex -16 -41.9 4
      vertex -16 -41.9 8
      vertex -16 -19.9 8
    endloop
  endfacet
  facet normal 0 0 1
    outer loop
      vertex -16 -41.9 8
      vertex -11.385640646055101 -36.699999999999996 8
      vertex -11.45009245925864 -36.57618921878512 8
    endloop
  endfacet
  facet normal 0 0 1
    outer loop
      vertex -16 -41.9 8
      vertex -11.310643270862387 -36.81772229816167 8
      vertex -11.385640646055101 -36.699999999999996 8
    endloop
  endfacet
  facet normal 0 0 1
    outer loop
      vertex -16 -41.9 8
      vertex -11.593911516946793 -36.039449188396254 8
      vertex -11.6 -35.9 8
    endloop
  endfacet
  facet normal 0 0 1
    outer loop
      vertex -16 -41.9 8
      vertex -11.6 -35.9 8
      vertex -11.593911516946793 -35.76055081160374 8
    endloop
  endfacet
  facet normal 0 0 1
    outer loop
      vertex -16 -41.9 8
      vertex -11.45009245925864 -36.57618921878512 8
      vertex -11.503508193257453 -36.44723222932107 8
    endloop
  endfacet
  facet normal 0 0 1
    outer loop
      vertex -16 -41.9 8
      vertex -11.503508193257453 -36.44723222932107 8
      vertex -11.545481322062509 -36.31411047216403 8
    endloop
  endfacet
  facet normal 0 0 1
    outer loop
      vertex -16 -41.9 8
      vertex -11.545481322062509 -36.31411047216403 8
      vertex -11.575692404819533 -36.17783708426709 8
    endloop
  endfacet
  facet normal 0 0 1
    outer loop
      vertex -16 -41.9 8
      vertex -11.575692404819533 -36.17783708426709 8
      vertex -11.593911516946793 -36.039449188396254 8
    endloop
  endfacet
  facet normal 0 0 1
    outer loop
      vertex -16 -41.9 8
      vertex -10.54723222932107 -37.40350819325745 8
      vertex -10.676189218785119 -37.35009245925864 8
    endloop
  endfacet
  facet normal 0 0 1
    outer loop
      vertex -16 -41.9 8
      vertex -10.414110472164033 -37.445481322062506 8
      vertex -10.54723222932107 -37.40350819325745 8
    endloop
  endfacet
  facet normal 0 0 1
    outer loop
      vertex -16 -41.9 8
      vertex -10.27783708426709 -37.47569240481953 8
      vertex -10.414110472164033 -37.445481322062506 8
    endloop
  endfacet
  facet normal 0 0 1
    outer loop
      vertex -16 -41.9 8
      vertex -11.131370849898476 -37.03137084989847 8
      vertex -11.225671108990365 -36.92846017549846 8
    endloop
  endfacet
  facet normal 0 0 1
    outer loop
      vertex -16 -41.9 8
      vertex -11.028460175498463 -37.12567110899036 8
      vertex -11.131370849898476 -37.03137084989847 8
    endloop
  endfacet
  facet normal 0 0 1
    outer loop
      vertex -16 -41.9 8
      vertex -11.225671108990365 -36.92846017549846 8
      vertex -11.310643270862387 -36.81772229816167 8
    endloop
  endfacet
  facet normal 0 0 1
    outer loop
      vertex -16 -41.9 8
      vertex -10.917722298161674 -37.210643270862384 8
      vertex -11.028460175498463 -37.12567110899036 8
    endloop
  endfacet
  facet normal 0 0 1
    outer loop
      vertex -16 -41.9 8
      vertex -10.8 -37.2856406460551 8
      vertex -10.917722298161674 -37.210643270862384 8
    endloop
  endfacet
  facet normal 0 0 1
    outer loop
      vertex -16 -41.9 8
      vertex -10.676189218785119 -37.35009245925864 8
      vertex -10.8 -37.2856406460551 8
    endloop
  endfacet
  facet normal 0 0 1
    outer loop
      vertex -16 -41.9 8
      vertex -10.139449188396252 -37.49391151694679 8
      vertex -10.27783708426709 -37.47569240481953 8
    endloop
  endfacet
  facet normal 0 0 1
    outer loop
      vertex -16 -41.9 8
      vertex -11.593911516946793 -35.76055081160374 8
      vertex -11.575692404819533 -35.62216291573291 8
    endloop
  endfacet
  facet normal 0 0 1
    outer loop
      vertex -16 -41.9 8
      vertex -11.575692404819533 -35.62216291573291 8
      vertex -11.545481322062509 -35.485889527835965 8
    endloop
  endfacet
  facet normal 0 0 1
    outer loop
      vertex -16 -41.9 8
      vertex -11.545481322062509 -35.485889527835965 8
      vertex -11.503508193257453 -35.35276777067893 8
    endloop
  endfacet
  facet normal 0 0 1
    outer loop
      vertex -16 -41.9 8
      vertex -11.503508193257453 -35.35276777067893 8
      vertex -11.45009245925864 -35.22381078121488 8
    endloop
  endfacet
  facet normal 0 0 1
    outer loop
      vertex -16 -41.9 8
      vertex -11.45009245925864 -35.22381078121488 8
      vertex -11.385640646055101 -35.1 8
    endloop
  endfacet
  facet normal 0 0 1
    outer loop
      vertex -16 -41.9 8
      vertex -11.385640646055101 -35.1 8
      vertex -11.310643270862387 -34.98227770183833 8
    endloop
  endfacet
  facet normal 0 0 1
    outer loop
      vertex -16 -41.9 8
      vertex -11.310643270862387 -34.98227770183833 8
      vertex -16 -19.9 8
    endloop
  endfacet
  facet normal 0 0 1
    outer loop
      vertex -16 -19.9 8
      vertex -11.310643270862387 -34.98227770183833 8
      vertex -11.225671108990365 -34.87153982450154 8
    endloop
  endfacet
  facet normal 0 0 1
    outer loop
      vertex -16 -19.9 8
      vertex -11.225671108990365 -34.87153982450154 8
      vertex -11.131370849898476 -34.768629150101525 8
    endloop
  endfacet
  facet normal 0 0 1
    outer loop
      vertex -16 -19.9 8
      vertex -11.131370849898476 -34.768629150101525 8
      vertex -11.028460175498463 -34.67432889100964 8
    endloop
  endfacet
  facet normal 0 0 1
    outer loop
      vertex -16 -19.9 8
      vertex -11.028460175498463 -34.67432889100964 8
      vertex -10.917722298161674 -34.58935672913761 8
    endloop
  endfacet
  facet normal 0 0 1
    outer loop
      vertex -16 -19.9 8
      vertex -10.917722298161674 -34.58935672913761 8
      vertex -10.8 -34.5143593539449 8
    endloop
  endfacet
  facet normal 0 0 1
    outer loop
      vertex -16 -19.9 8
      vertex -10.8 -34.5143593539449 8
      vertex -10.676189218785119 -34.44990754074136 8
    endloop
  endfacet
  facet normal 0 0 1
    outer loop
      vertex -16 -19.9 8
      vertex -10.676189218785119 -34.44990754074136 8
      vertex -10.54723222932107 -34.396491806742546 8
    endloop
  endfacet
  facet normal 0 0 1
    outer loop
      vertex -16 -19.9 8
      vertex -10.54723222932107 -34.396491806742546 8
      vertex -10.414110472164033 -34.35451867793749 8
    endloop
  endfacet
  facet normal 0 0 1
    outer loop
      vertex -16 -19.9 8
      vertex -10.414110472164033 -34.35451867793749 8
      vertex -10.27783708426709 -34.324307595180464 8
    endloop
  endfacet
  facet normal 0 0 1
    outer loop
      vertex -16 -19.9 8
      vertex -10.27783708426709 -34.324307595180464 8
      vertex -10.139449188396252 -34.30608848305321 8
    endloop
  endfacet
  facet normal 0 0 1
    outer loop
      vertex -16 -19.9 8
      vertex -10.139449188396252 -34.30608848305321 8
      vertex -10 -34.3 8
    endloop
  endfacet
  facet normal 0 0 1
    outer loop
      vertex -16 -19.9 8
      vertex -10 -34.3 8
      vertex -9.860550811603748 -34.30608848305321 8
    endloop
  endfacet
  facet normal 0 0 1
    outer loop
      vertex -16 -19.9 8
      vertex -9.860550811603748 -34.30608848305321 8
      vertex -9.72216291573291 -34.324307595180464 8
    endloop
  endfacet
  facet normal 0 0 1
    outer loop
      vertex -16 -19.9 8
      vertex -9.72216291573291 -34.324307595180464 8
      vertex -9.585889527835967 -34.35451867793749 8
    endloop
  endfacet
  facet normal 0 0 1
    outer loop
      vertex -16 -19.9 8
      vertex -9.585889527835967 -34.35451867793749 8
      vertex -9.45276777067893 -34.396491806742546 8
    endloop
  endfacet
  facet normal 0 0 1
    outer loop
      vertex -16 -19.9 8
      vertex -9.45276777067893 -34.396491806742546 8
      vertex -9.323810781214881 -34.44990754074136 8
    endloop
  endfacet
  facet normal 0 0 1
    outer loop
      vertex -16 -19.9 8
      vertex -9.323810781214881 -34.44990754074136 8
      vertex -9.2 -34.5143593539449 8
    endloop
  endfacet
  facet normal 0 1 0
    outer loop
      vertex -16 -19.9 4
      vertex -11.319338151033065 -19.9 8
      vertex -11.319338151033065 -19.9 4
    endloop
  endfacet
  facet normal 0 1 0
    outer loop
      vertex -16 -19.9 4
      vertex -16 -19.9 8
      vertex -11.319338151033065 -19.9 8
    endloop
  endfacet
  facet normal 0 0 -1
    outer loop
      vertex -16 -41.9 4
      vertex -3.9765432685727045 -22.552097543979563 4
      vertex -11.310643270862387 -34.98227770183833 4
    endloop
  endfacet
  facet normal 0 0 -1
    outer loop
      vertex -3.9765432685727045 -22.552097543979563 4
      vertex -11.225671108990365 -34.87153982450154 4
      vertex -11.310643270862387 -34.98227770183833 4
    endloop
  endfacet
  facet normal 0 0 -1
    outer loop
      vertex -3.9765432685727045 -22.552097543979563 4
      vertex -11.131370849898476 -34.768629150101525 4
      vertex -11.225671108990365 -34.87153982450154 4
    endloop
  endfacet
  facet normal 0 0 -1
    outer loop
      vertex -3.9765432685727045 -22.552097543979563 4
      vertex -11.028460175498463 -34.67432889100964 4
      vertex -11.131370849898476 -34.768629150101525 4
    endloop
  endfacet
  facet normal 0 0 -1
    outer loop
      vertex -3.9765432685727045 -22.552097543979563 4
      vertex -10.917722298161674 -34.58935672913761 4
      vertex -11.028460175498463 -34.67432889100964 4
    endloop
  endfacet
  facet normal 0 0 -1
    outer loop
      vertex -16 -41.9 4
      vertex -9.677958193862017 -20.754448323139282 4
      vertex -7.8322612821578135 -21.518961015997302 4
    endloop
  endfacet
  facet normal 0 0 -1
    outer loop
      vertex -16 -41.9 4
      vertex -7.8322612821578135 -21.518961015997302 4
      vertex -5.9269561328477245 -22.119701422019663 4
    endloop
  endfacet
  facet normal 0 0 -1
    outer loop
      vertex -16 -41.9 4
      vertex -5.9269561328477245 -22.119701422019663 4
      vertex -3.9765432685727045 -22.552097543979563 4
    endloop
  endfacet
  facet normal 0 0 -1
    outer loop
      vertex -3.9765432685727045 -22.552097543979563 4
      vertex -10.8 -34.5143593539449 4
      vertex -10.917722298161674 -34.58935672913761 4
    endloop
  endfacet
  facet normal 0 0 -1
    outer loop
      vertex -3.9765432685727045 -22.552097543979563 4
      vertex -10.676189218785119 -34.44990754074136 4
      vertex -10.8 -34.5143593539449 4
    endloop
  endfacet
  facet normal 0 0 -1
    outer loop
      vertex -3.9765432685727045 -22.552097543979563 4
      vertex -10.54723222932107 -34.396491806742546 4
      vertex -10.676189218785119 -34.44990754074136 4
    endloop
  endfacet
  facet normal 0 0 -1
    outer loop
      vertex -10.414110472164033 -34.35451867793749 4
      vertex -10.54723222932107 -34.396491806742546 4
      vertex -2 -24.4 4
    endloop
  endfacet
  facet normal 0 0 -1
    outer loop
      vertex -10.27783708426709 -34.324307595180464 4
      vertex -10.414110472164033 -34.35451867793749 4
      vertex -2 -24.4 4
    endloop
  endfacet
  facet normal 0 0 -1
    outer loop
      vertex -10.139449188396252 -34.30608848305321 4
      vertex -10.27783708426709 -34.324307595180464 4
      vertex -2 -24.4 4
    endloop
  endfacet
  facet normal 0 0 -1
    outer loop
      vertex -10 -34.3 4
      vertex -10.139449188396252 -34.30608848305321 4
      vertex -2 -24.4 4
    endloop
  endfacet
  facet normal 0 0 -1
    outer loop
      vertex -9.860550811603748 -34.30608848305321 4
      vertex -10 -34.3 4
      vertex -2 -24.4 4
    endloop
  endfacet
  facet normal 0 0 -1
    outer loop
      vertex -9.72216291573291 -34.324307595180464 4
      vertex -9.860550811603748 -34.30608848305321 4
      vertex -2 -24.4 4
    endloop
  endfacet
  facet normal 0 0 -1
    outer loop
      vertex -9.72216291573291 -34.324307595180464 4
      vertex 2 -24.4 4
      vertex -9.585889527835967 -34.35451867793749 4
    endloop
  endfacet
  facet normal 0 0 -1
    outer loop
      vertex -16 -41.9 4
      vertex -9.45276777067893 -37.40350819325745 4
      vertex 10 -37.5 4
    endloop
  endfacet
  facet normal 0 0 -1
    outer loop
      vertex -9.45276777067893 -37.40350819325745 4
      vertex -9.323810781214881 -37.35009245925864 4
      vertex 9.45276777067893 -37.40350819325745 4
    endloop
  endfacet
  facet normal 0 0 -1
    outer loop
      vertex -9.323810781214881 -37.35009245925864 4
      vertex -9.2 -37.2856406460551 4
      vertex 9.323810781214881 -37.35009245925864 4
    endloop
  endfacet
  facet normal 0 0 -1
    outer loop
      vertex -9.2 -37.2856406460551 4
      vertex -9.082277701838326 -37.210643270862384 4
      vertex 9.2 -37.2856406460551 4
    endloop
  endfacet
  facet normal 0 0 -1
    outer loop
      vertex -9.082277701838326 -37.210643270862384 4
      vertex -8.971539824501537 -37.12567110899036 4
      vertex 9.082277701838326 -37.210643270862384 4
    endloop
  endfacet
  facet normal 0 0 -1
    outer loop
      vertex -8.971539824501537 -37.12567110899036 4
      vertex -8.868629150101524 -37.03137084989847 4
      vertex 8.971539824501537 -37.12567110899036 4
    endloop
  endfacet
  facet normal 0 0 -1
    outer loop
      vertex -8.868629150101524 -37.03137084989847 4
      vertex -8.774328891009635 -36.92846017549846 4
      vertex 8.868629150101524 -37.03137084989847 4
    endloop
  endfacet
  facet normal 0 0 -1
    outer loop
      vertex 2 -24.4 4
      vertex -9.45276777067893 -34.396491806742546 4
      vertex -9.585889527835967 -34.35451867793749 4
    endloop
  endfacet
  facet normal 0 0 -1
    outer loop
      vertex 2 -24.4 4
      vertex -9.323810781214881 -34.44990754074136 4
      vertex -9.45276777067893 -34.396491806742546 4
    endloop
  endfacet
  facet normal 0 0 -1
    outer loop
      vertex 2 -24.4 4
      vertex -9.2 -34.5143593539449 4
      vertex -9.323810781214881 -34.44990754074136 4
    endloop
  endfacet
  facet normal 0 0 -1
    outer loop
      vertex -9.2 -34.5143593539449 4
      vertex 2 -24.4 4
      vertex -9.082277701838326 -34.58935672913761 4
    endloop
  endfacet
  facet normal 0 0 -1
    outer loop
      vertex 2 -24.4 4
      vertex -8.868629150101524 -34.768629150101525 4
      vertex -8.971539824501537 -34.67432889100964 4
    endloop
  endfacet
  facet normal 0 0 -1
    outer loop
      vertex 2 -24.4 4
      vertex -8.774328891009635 -34.87153982450154 4
      vertex -8.868629150101524 -34.768629150101525 4
    endloop
  endfacet
  facet normal 0 0 -1
    outer loop
      vertex 2 -24.4 4
      vertex -8.971539824501537 -34.67432889100964 4
      vertex -9.082277701838326 -34.58935672913761 4
    endloop
  endfacet
  facet normal 0 0 -1
    outer loop
      vertex 3.9765432685727045 -22.552097543979563 4
      vertex -8.689356729137613 -34.98227770183833 4
      vertex -8.774328891009635 -34.87153982450154 4
    endloop
  endfacet
  facet normal 0 0 -1
    outer loop
      vertex 3.9765432685727045 -22.552097543979563 4
      vertex -8.614359353944899 -35.1 4
      vertex -8.689356729137613 -34.98227770183833 4
    endloop
  endfacet
  facet normal 0 0 -1
    outer loop
      vertex 5.9269561328477245 -22.119701422019663 4
      vertex -8.496491806742547 -35.35276777067893 4
      vertex -8.54990754074136 -35.22381078121488 4
    endloop
  endfacet
  facet normal 0 0 -1
    outer loop
      vertex 5.9269561328477245 -22.119701422019663 4
      vertex -8.54990754074136 -35.22381078121488 4
      vertex -8.614359353944899 -35.1 4
    endloop
  endfacet
  facet normal 0 0 -1
    outer loop
      vertex 7.8322612821578135 -21.518961015997302 4
      vertex -8.424307595180467 -35.62216291573291 4
      vertex -8.454518677937491 -35.485889527835965 4
    endloop
  endfacet
  facet normal 0 0 -1
    outer loop
      vertex 7.8322612821578135 -21.518961015997302 4
      vertex -8.454518677937491 -35.485889527835965 4
      vertex -8.496491806742547 -35.35276777067893 4
    endloop
  endfacet
  facet normal 0 0 -1
    outer loop
      vertex -3.9765432685727045 -22.552097543979563 4
      vertex -2 -24.4 4
      vertex -10.54723222932107 -34.396491806742546 4
    endloop
  endfacet
  facet normal 0 0 -1
    outer loop
      vertex -9.72216291573291 -34.324307595180464 4
      vertex -2 -24.4 4
      vertex 2 -24.4 4
    endloop
  endfacet
  facet normal 0 0 -1
    outer loop
      vertex 9.677958193862017 -20.754448323139282 4
      vertex -8.406088483053207 -35.76055081160374 4
      vertex -8.424307595180467 -35.62216291573291 4
    endloop
  endfacet
  facet normal 0 0 -1
    outer loop
      vertex 11.319338151033065 -19.9 4
      vertex -8.774328891009635 -36.92846017549846 4
      vertex -8.689356729137613 -36.81772229816167 4
    endloop
  endfacet
  facet normal 0 0 -1
    outer loop
      vertex 11.319338151033065 -19.9 4
      vertex -8.689356729137613 -36.81772229816167 4
      vertex -8.614359353944899 -36.699999999999996 4
    endloop
  endfacet
  facet normal 0 0 -1
    outer loop
      vertex 11.319338151033065 -19.9 4
      vertex -8.614359353944899 -36.699999999999996 4
      vertex -8.54990754074136 -36.57618921878512 4
    endloop
  endfacet
  facet normal 0 0 -1
    outer loop
      vertex 11.319338151033065 -19.9 4
      vertex -8.54990754074136 -36.57618921878512 4
      vertex -8.496491806742547 -36.44723222932107 4
    endloop
  endfacet
  facet normal 0 0 -1
    outer loop
      vertex 11.319338151033065 -19.9 4
      vertex -8.496491806742547 -36.44723222932107 4
      vertex -8.454518677937491 -36.31411047216403 4
    endloop
  endfacet
  facet normal 0 0 -1
    outer loop
      vertex 11.319338151033065 -19.9 4
      vertex -8.454518677937491 -36.31411047216403 4
      vertex -8.424307595180467 -36.17783708426709 4
    endloop
  endfacet
  facet normal 0 0 -1
    outer loop
      vertex 11.319338151033065 -19.9 4
      vertex -8.424307595180467 -36.17783708426709 4
      vertex -8.406088483053207 -36.039449188396254 4
    endloop
  endfacet
  facet normal 0 0 -1
    outer loop
      vertex 11.319338151033065 -19.9 4
      vertex -8.406088483053207 -36.039449188396254 4
      vertex -8.4 -35.9 4
    endloop
  endfacet
  facet normal 0 0 -1
    outer loop
      vertex 11.319338151033065 -19.9 4
      vertex -8.4 -35.9 4
      vertex -8.406088483053207 -35.76055081160374 4
    endloop
  endfacet
  facet normal 0 0 -1
    outer loop
      vertex 3.9765432685727045 -22.552097543979563 4
      vertex -8.774328891009635 -34.87153982450154 4
      vertex 2 -24.4 4
    endloop
  endfacet
  facet normal 0 0 1
    outer loop
      vertex -16 -19.9 8
      vertex -8.971539824501537 -34.67432889100964 8
      vertex -8.868629150101524 -34.768629150101525 8
    endloop
  endfacet
  facet normal 0 0 1
    outer loop
      vertex -16 -19.9 8
      vertex -8.868629150101524 -34.768629150101525 8
      vertex -8.774328891009635 -34.87153982450154 8
    endloop
  endfacet
  facet normal 0 0 1
    outer loop
      vertex -16 -19.9 8
      vertex -8.774328891009635 -34.87153982450154 8
      vertex -8.689356729137613 -34.98227770183833 8
    endloop
  endfacet
  facet normal 0 0 1
    outer loop
      vertex -16 -19.9 8
      vertex -8.689356729137613 -34.98227770183833 8
      vertex -8.614359353944899 -35.1 8
    endloop
  endfacet
  facet normal 0 0 1
    outer loop
      vertex -16 -19.9 8
      vertex -8.614359353944899 -35.1 8
      vertex -8.54990754074136 -35.22381078121488 8
    endloop
  endfacet
  facet normal 0 0 1
    outer loop
      vertex -16 -19.9 8
      vertex -9.2 -34.5143593539449 8
      vertex -9.082277701838326 -34.58935672913761 8
    endloop
  endfacet
  facet normal 0 0 1
    outer loop
      vertex -16 -19.9 8
      vertex -9.082277701838326 -34.58935672913761 8
      vertex -8.971539824501537 -34.67432889100964 8
    endloop
  endfacet
  facet normal 0 -1 0
    outer loop
      vertex -16 -41.9 4
      vertex 16 -41.9 8
      vertex -16 -41.9 8
    endloop
  endfacet
  facet normal 0 0 1
    outer loop
      vertex -16 -41.9 8
      vertex 16 -41.9 8
      vertex -10.139449188396252 -37.49391151694679 8
    endloop
  endfacet
  facet normal 0 0 1
    outer loop
      vertex 9.45276777067893 -37.40350819325745 8
      vertex -9.860550811603748 -37.49391151694679 8
      vertex -10 -37.5 8
    endloop
  endfacet
  facet normal 0 0 1
    outer loop
      vertex 9.45276777067893 -37.40350819325745 8
      vertex -9.72216291573291 -37.47569240481953 8
      vertex -9.860550811603748 -37.49391151694679 8
    endloop
  endfacet
  facet normal 0 0 1
    outer loop
      vertex 9.45276777067893 -37.40350819325745 8
      vertex -9.585889527835967 -37.445481322062506 8
      vertex -9.72216291573291 -37.47569240481953 8
    endloop
  endfacet
  facet normal 0 0 1
    outer loop
      vertex 9.45276777067893 -37.40350819325745 8
      vertex -9.45276777067893 -37.40350819325745 8
      vertex -9.585889527835967 -37.445481322062506 8
    endloop
  endfacet
  facet normal 0 0 1
    outer loop
      vertex -9.323810781214881 -37.35009245925864 8
      vertex -9.45276777067893 -37.40350819325745 8
      vertex 9.323810781214881 -37.35009245925864 8
    endloop
  endfacet
  facet normal 0 0 1
    outer loop
      vertex -9.2 -37.2856406460551 8
      vertex -9.323810781214881 -37.35009245925864 8
      vertex 9.2 -37.2856406460551 8
    endloop
  endfacet
  facet normal 0 0 1
    outer loop
      vertex -9.082277701838326 -37.210643270862384 8
      vertex -9.2 -37.2856406460551 8
      vertex 9.082277701838326 -37.210643270862384 8
    endloop
  endfacet
  facet normal 0 0 1
    outer loop
      vertex -8.971539824501537 -37.12567110899036 8
      vertex -9.082277701838326 -37.210643270862384 8
      vertex 8.971539824501537 -37.12567110899036 8
    endloop
  endfacet
  facet normal 0 0 1
    outer loop
      vertex -8.868629150101524 -37.03137084989847 8
      vertex -8.971539824501537 -37.12567110899036 8
      vertex 8.868629150101524 -37.03137084989847 8
    endloop
  endfacet
  facet normal 0 0 1
    outer loop
      vertex 8.774328891009635 -36.92846017549846 8
      vertex -8.774328891009635 -36.92846017549846 8
      vertex -8.868629150101524 -37.03137084989847 8
    endloop
  endfacet
  facet normal 0 0 1
    outer loop
      vertex 8.774328891009635 -36.92846017549846 8
      vertex -8.689356729137613 -36.81772229816167 8
      vertex -8.774328891009635 -36.92846017549846 8
    endloop
  endfacet
  facet normal 0 0 1
    outer loop
      vertex 16 -41.9 8
      vertex -10 -37.5 8
      vertex -10.139449188396252 -37.49391151694679 8
    endloop
  endfacet
  facet normal 0 0 1
    outer loop
      vertex 8.774328891009635 -36.92846017549846 8
      vertex -8.614359353944899 -36.699999999999996 8
      vertex -8.689356729137613 -36.81772229816167 8
    endloop
  endfacet
  facet normal 0 0 1
    outer loop
      vertex 8.774328891009635 -36.92846017549846 8
      vertex -8.54990754074136 -36.57618921878512 8
      vertex -8.614359353944899 -36.699999999999996 8
    endloop
  endfacet
  facet normal 0 0 1
    outer loop
      vertex 8.774328891009635 -36.92846017549846 8
      vertex -8.496491806742547 -36.44723222932107 8
      vertex -8.54990754074136 -36.57618921878512 8
    endloop
  endfacet
  facet normal 0 0 1
    outer loop
      vertex 8.774328891009635 -36.92846017549846 8
      vertex -8.454518677937491 -36.31411047216403 8
      vertex -8.496491806742547 -36.44723222932107 8
    endloop
  endfacet
  facet normal 0 0 1
    outer loop
      vertex 8.774328891009635 -36.92846017549846 8
      vertex -8.424307595180467 -36.17783708426709 8
      vertex -8.454518677937491 -36.31411047216403 8
    endloop
  endfacet
  facet normal 0 0 1
    outer loop
      vertex 8.774328891009635 -36.92846017549846 8
      vertex -8.406088483053207 -36.039449188396254 8
      vertex -8.424307595180467 -36.17783708426709 8
    endloop
  endfacet
  facet normal 0 0 1
    outer loop
      vertex 8.774328891009635 -36.92846017549846 8
      vertex -8.424307595180467 -35.62216291573291 8
      vertex -8.406088483053207 -35.76055081160374 8
    endloop
  endfacet
  facet normal 0 0 1
    outer loop
      vertex 8.774328891009635 -36.92846017549846 8
      vertex -8.454518677937491 -35.485889527835965 8
      vertex -8.424307595180467 -35.62216291573291 8
    endloop
  endfacet
  facet normal 0 0 1
    outer loop
      vertex 8.774328891009635 -36.92846017549846 8
      vertex -8.54990754074136 -35.22381078121488 8
      vertex -8.496491806742547 -35.35276777067893 8
    endloop
  endfacet
  facet normal 0 0 1
    outer loop
      vertex 8.774328891009635 -36.92846017549846 8
      vertex -8.496491806742547 -35.35276777067893 8
      vertex -8.454518677937491 -35.485889527835965 8
    endloop
  endfacet
  facet normal 0 0 1
    outer loop
      vertex 8.774328891009635 -36.92846017549846 8
      vertex -8.4 -35.9 8
      vertex -8.406088483053207 -36.039449188396254 8
    endloop
  endfacet
  facet normal 0 0 1
    outer loop
      vertex 8.774328891009635 -36.92846017549846 8
      vertex -8.406088483053207 -35.76055081160374 8
      vertex -8.4 -35.9 8
    endloop
  endfacet
  facet normal 0 0 1
    outer loop
      vertex -16 -19.9 8
      vertex -8.54990754074136 -35.22381078121488 8
      vertex 8.774328891009635 -36.92846017549846 8
    endloop
  endfacet
  facet normal 0 0 1
    outer loop
      vertex -11.319338151033065 -19.9 8
      vertex 8.406088483053207 -35.76055081160374 8
      vertex -2 -24.4 8
    endloop
  endfacet
  facet normal 0 0 -1
    outer loop
      vertex -3.9765432685727045 -22.552097543979563 4
      vertex -2 -22.812314401876716 4
      vertex -2 -24.4 4
    endloop
  endfacet
  facet normal 0 0 1
    outer loop
      vertex -16 -19.9 8
      vertex 8.774328891009635 -36.92846017549846 8
      vertex -11.319338151033065 -19.9 8
    endloop
  endfacet
  facet normal 0 0 1
    outer loop
      vertex -11.319338151033065 -19.9 8
      vertex -2 -24.4 8
      vertex -2 -20.4 8
    endloop
  endfacet
  facet normal 0 0 1
    outer loop
      vertex -11.319338151033065 -19.9 8
      vertex -2 -20.4 8
      vertex -2.307307799722623 -19.9 8
    endloop
  endfacet
  facet normal 0 0 1
    outer loop
      vertex -2.307307799722623 -19.9 8
      vertex -2 -20.4 8
      vertex -1.747472642090546 -19.973703696739495 8
    endloop
  endfacet
  facet normal 0 0 1
    outer loop
      vertex -2 -20.4 8
      vertex 2 -20.4 8
      vertex -1.747472642090546 -19.973703696739495 8
    endloop
  endfacet
  facet normal 0 0 -1
    outer loop
      vertex -16 -41.9 4
      vertex 10 -37.5 4
      vertex 10.139449188396252 -37.49391151694679 4
    endloop
  endfacet
  facet normal 0 0 -1
    outer loop
      vertex -8.774328891009635 -36.92846017549846 4
      vertex 8.496491806742547 -36.44723222932107 4
      vertex 8.54990754074136 -36.57618921878512 4
    endloop
  endfacet
  facet normal 0 0 -1
    outer loop
      vertex -8.774328891009635 -36.92846017549846 4
      vertex 8.54990754074136 -36.57618921878512 4
      vertex 8.614359353944899 -36.699999999999996 4
    endloop
  endfacet
  facet normal 0 0 -1
    outer loop
      vertex -8.774328891009635 -36.92846017549846 4
      vertex 8.614359353944899 -36.699999999999996 4
      vertex 8.689356729137613 -36.81772229816167 4
    endloop
  endfacet
  facet normal 0 0 -1
    outer loop
      vertex -8.774328891009635 -36.92846017549846 4
      vertex 8.454518677937491 -36.31411047216403 4
      vertex 8.496491806742547 -36.44723222932107 4
    endloop
  endfacet
  facet normal 0 0 -1
    outer loop
      vertex -8.774328891009635 -36.92846017549846 4
      vertex 8.424307595180467 -36.17783708426709 4
      vertex 8.454518677937491 -36.31411047216403 4
    endloop
  endfacet
  facet normal 0 0 -1
    outer loop
      vertex -8.774328891009635 -36.92846017549846 4
      vertex 8.406088483053207 -36.039449188396254 4
      vertex 8.424307595180467 -36.17783708426709 4
    endloop
  endfacet
  facet normal 0 0 -1
    outer loop
      vertex -8.774328891009635 -36.92846017549846 4
      vertex 8.4 -35.9 4
      vertex 8.406088483053207 -36.039449188396254 4
    endloop
  endfacet
  facet normal 0 0 -1
    outer loop
      vertex -8.774328891009635 -36.92846017549846 4
      vertex 8.406088483053207 -35.76055081160374 4
      vertex 8.4 -35.9 4
    endloop
  endfacet
  facet normal 0 0 -1
    outer loop
      vertex -8.774328891009635 -36.92846017549846 4
      vertex 8.424307595180467 -35.62216291573291 4
      vertex 8.406088483053207 -35.76055081160374 4
    endloop
  endfacet
  facet normal 0 0 -1
    outer loop
      vertex -8.774328891009635 -36.92846017549846 4
      vertex 8.454518677937491 -35.485889527835965 4
      vertex 8.424307595180467 -35.62216291573291 4
    endloop
  endfacet
  facet normal 0 0 -1
    outer loop
      vertex -8.774328891009635 -36.92846017549846 4
      vertex 8.496491806742547 -35.35276777067893 4
      vertex 8.454518677937491 -35.485889527835965 4
    endloop
  endfacet
  facet normal 0 0 -1
    outer loop
      vertex -8.774328891009635 -36.92846017549846 4
      vertex 8.54990754074136 -35.22381078121488 4
      vertex 8.496491806742547 -35.35276777067893 4
    endloop
  endfacet
  facet normal 0 0 -1
    outer loop
      vertex -16 -41.9 4
      vertex 10.139449188396252 -37.49391151694679 4
      vertex 16 -41.9 4
    endloop
  endfacet
  facet normal 0 0 -1
    outer loop
      vertex -9.323810781214881 -37.35009245925864 4
      vertex 9.323810781214881 -37.35009245925864 4
      vertex 9.45276777067893 -37.40350819325745 4
    endloop
  endfacet
  facet normal 0 0 -1
    outer loop
      vertex -9.45276777067893 -37.40350819325745 4
      vertex 9.45276777067893 -37.40350819325745 4
      vertex 9.585889527835967 -37.445481322062506 4
    endloop
  endfacet
  facet normal 0 0 -1
    outer loop
      vertex -8.971539824501537 -37.12567110899036 4
      vertex 8.971539824501537 -37.12567110899036 4
      vertex 9.082277701838326 -37.210643270862384 4
    endloop
  endfacet
  facet normal 0 0 -1
    outer loop
      vertex -8.774328891009635 -36.92846017549846 4
      vertex 8.689356729137613 -36.81772229816167 4
      vertex 8.774328891009635 -36.92846017549846 4
    endloop
  endfacet
  facet normal 0 0 -1
    outer loop
      vertex -8.868629150101524 -37.03137084989847 4
      vertex 8.868629150101524 -37.03137084989847 4
      vertex 8.971539824501537 -37.12567110899036 4
    endloop
  endfacet
  facet normal 0 0 -1
    outer loop
      vertex -8.774328891009635 -36.92846017549846 4
      vertex 8.774328891009635 -36.92846017549846 4
      vertex 8.868629150101524 -37.03137084989847 4
    endloop
  endfacet
  facet normal 0 0 -1
    outer loop
      vertex -9.082277701838326 -37.210643270862384 4
      vertex 9.082277701838326 -37.210643270862384 4
      vertex 9.2 -37.2856406460551 4
    endloop
  endfacet
  facet normal 0 0 -1
    outer loop
      vertex -9.2 -37.2856406460551 4
      vertex 9.2 -37.2856406460551 4
      vertex 9.323810781214881 -37.35009245925864 4
    endloop
  endfacet
  facet normal 0 0 -1
    outer loop
      vertex -9.45276777067893 -37.40350819325745 4
      vertex 9.585889527835967 -37.445481322062506 4
      vertex 9.72216291573291 -37.47569240481953 4
    endloop
  endfacet
  facet normal 0 0 -1
    outer loop
      vertex -9.45276777067893 -37.40350819325745 4
      vertex 9.72216291573291 -37.47569240481953 4
      vertex 9.860550811603748 -37.49391151694679 4
    endloop
  endfacet
  facet normal 0 0 -1
    outer loop
      vertex -9.45276777067893 -37.40350819325745 4
      vertex 9.860550811603748 -37.49391151694679 4
      vertex 10 -37.5 4
    endloop
  endfacet
  facet normal 0 -1 0
    outer loop
      vertex -16 -41.9 4
      vertex 16 -41.9 4
      vertex 16 -41.9 8
    endloop
  endfacet
  facet normal 0 0 -1
    outer loop
      vertex 3.9765432685727045 -22.552097543979563 4
      vertex 5.9269561328477245 -22.119701422019663 4
      vertex -8.614359353944899 -35.1 4
    endloop
  endfacet
  facet normal 0 0 -1
    outer loop
      vertex 5.9269561328477245 -22.119701422019663 4
      vertex 7.8322612821578135 -21.518961015997302 4
      vertex -8.496491806742547 -35.35276777067893 4
    endloop
  endfacet
  facet normal 0 0 -1
    outer loop
      vertex 16 -19.9 4
      vertex 8.54990754074136 -35.22381078121488 4
      vertex -8.774328891009635 -36.92846017549846 4
    endloop
  endfacet
  facet normal 0 0 -1
    outer loop
      vertex 7.8322612821578135 -21.518961015997302 4
      vertex 9.677958193862017 -20.754448323139282 4
      vertex -8.424307595180467 -35.62216291573291 4
    endloop
  endfacet
  facet normal 0 0 -1
    outer loop
      vertex 16 -19.9 4
      vertex 8.614359353944899 -35.1 4
      vertex 8.54990754074136 -35.22381078121488 4
    endloop
  endfacet
  facet normal 0 0 -1
    outer loop
      vertex 16 -19.9 4
      vertex 8.689356729137613 -34.98227770183833 4
      vertex 8.614359353944899 -35.1 4
    endloop
  endfacet
  facet normal 0 0 -1
    outer loop
      vertex 16 -19.9 4
      vertex 8.774328891009635 -34.87153982450154 4
      vertex 8.689356729137613 -34.98227770183833 4
    endloop
  endfacet
  facet normal 0 0 -1
    outer loop
      vertex 16 -19.9 4
      vertex 8.868629150101524 -34.768629150101525 4
      vertex 8.774328891009635 -34.87153982450154 4
    endloop
  endfacet
  facet normal 0 0 -1
    outer loop
      vertex 16 -19.9 4
      vertex 8.971539824501537 -34.67432889100964 4
      vertex 8.868629150101524 -34.768629150101525 4
    endloop
  endfacet
  facet normal 0 0 -1
    outer loop
      vertex 16 -19.9 4
      vertex 9.082277701838326 -34.58935672913761 4
      vertex 8.971539824501537 -34.67432889100964 4
    endloop
  endfacet
  facet normal 0 0 -1
    outer loop
      vertex 16 -19.9 4
      vertex 9.2 -34.5143593539449 4
      vertex 9.082277701838326 -34.58935672913761 4
    endloop
  endfacet
  facet normal 0 0 1
    outer loop
      vertex 16 -41.9 8
      vertex 9.45276777067893 -37.40350819325745 8
      vertex -10 -37.5 8
    endloop
  endfacet
  facet normal 0 0 1
    outer loop
      vertex -9.45276777067893 -37.40350819325745 8
      vertex 9.45276777067893 -37.40350819325745 8
      vertex 9.323810781214881 -37.35009245925864 8
    endloop
  endfacet
  facet normal 0 0 1
    outer loop
      vertex -9.2 -37.2856406460551 8
      vertex 9.2 -37.2856406460551 8
      vertex 9.082277701838326 -37.210643270862384 8
    endloop
  endfacet
  facet normal 0 0 1
    outer loop
      vertex -9.082277701838326 -37.210643270862384 8
      vertex 9.082277701838326 -37.210643270862384 8
      vertex 8.971539824501537 -37.12567110899036 8
    endloop
  endfacet
  facet normal 0 0 1
    outer loop
      vertex -8.971539824501537 -37.12567110899036 8
      vertex 8.971539824501537 -37.12567110899036 8
      vertex 8.868629150101524 -37.03137084989847 8
    endloop
  endfacet
  facet normal 0 0 1
    outer loop
      vertex -8.868629150101524 -37.03137084989847 8
      vertex 8.868629150101524 -37.03137084989847 8
      vertex 8.774328891009635 -36.92846017549846 8
    endloop
  endfacet
  facet normal 0 0 1
    outer loop
      vertex -9.323810781214881 -37.35009245925864 8
      vertex 9.323810781214881 -37.35009245925864 8
      vertex 9.2 -37.2856406460551 8
    endloop
  endfacet
  facet normal 0 0 1
    outer loop
      vertex -11.319338151033065 -19.9 8
      vertex 8.614359353944899 -36.699999999999996 8
      vertex 8.54990754074136 -36.57618921878512 8
    endloop
  endfacet
  facet normal 0 0 1
    outer loop
      vertex -11.319338151033065 -19.9 8
      vertex 8.496491806742547 -36.44723222932107 8
      vertex 8.454518677937491 -36.31411047216403 8
    endloop
  endfacet
  facet normal 0 0 1
    outer loop
      vertex -11.319338151033065 -19.9 8
      vertex 8.454518677937491 -36.31411047216403 8
      vertex 8.424307595180467 -36.17783708426709 8
    endloop
  endfacet
  facet normal 0 0 1
    outer loop
      vertex -11.319338151033065 -19.9 8
      vertex 8.54990754074136 -36.57618921878512 8
      vertex 8.496491806742547 -36.44723222932107 8
    endloop
  endfacet
  facet normal 0 0 1
    outer loop
      vertex -11.319338151033065 -19.9 8
      vertex 8.774328891009635 -36.92846017549846 8
      vertex 8.689356729137613 -36.81772229816167 8
    endloop
  endfacet
  facet normal 0 0 1
    outer loop
      vertex -11.319338151033065 -19.9 8
      vertex 8.689356729137613 -36.81772229816167 8
      vertex 8.614359353944899 -36.699999999999996 8
    endloop
  endfacet
  facet normal 0 0 1
    outer loop
      vertex -11.319338151033065 -19.9 8
      vertex 8.424307595180467 -36.17783708426709 8
      vertex 8.406088483053207 -36.039449188396254 8
    endloop
  endfacet
  facet normal 0 0 1
    outer loop
      vertex -11.319338151033065 -19.9 8
      vertex 8.406088483053207 -36.039449188396254 8
      vertex 8.4 -35.9 8
    endloop
  endfacet
  facet normal 0 0 1
    outer loop
      vertex -11.319338151033065 -19.9 8
      vertex 8.4 -35.9 8
      vertex 8.406088483053207 -35.76055081160374 8
    endloop
  endfacet
  facet normal 0 0 1
    outer loop
      vertex 8.406088483053207 -35.76055081160374 8
      vertex 2 -24.4 8
      vertex -2 -24.4 8
    endloop
  endfacet
  facet normal 0 0 1
    outer loop
      vertex 8.424307595180467 -35.62216291573291 8
      vertex 2 -24.4 8
      vertex 8.406088483053207 -35.76055081160374 8
    endloop
  endfacet
  facet normal 0 0 1
    outer loop
      vertex 8.454518677937491 -35.485889527835965 8
      vertex 2 -24.4 8
      vertex 8.424307595180467 -35.62216291573291 8
    endloop
  endfacet
  facet normal 0 0 1
    outer loop
      vertex 8.496491806742547 -35.35276777067893 8
      vertex 2 -24.4 8
      vertex 8.454518677937491 -35.485889527835965 8
    endloop
  endfacet
  facet normal 0 0 1
    outer loop
      vertex 8.54990754074136 -35.22381078121488 8
      vertex 2 -24.4 8
      vertex 8.496491806742547 -35.35276777067893 8
    endloop
  endfacet
  facet normal 0 0 1
    outer loop
      vertex 8.614359353944899 -35.1 8
      vertex 2 -24.4 8
      vertex 8.54990754074136 -35.22381078121488 8
    endloop
  endfacet
  facet normal 0 0 1
    outer loop
      vertex 8.689356729137613 -34.98227770183833 8
      vertex 2 -24.4 8
      vertex 8.614359353944899 -35.1 8
    endloop
  endfacet
  facet normal 0 0 1
    outer loop
      vertex 8.774328891009635 -34.87153982450154 8
      vertex 2 -24.4 8
      vertex 8.689356729137613 -34.98227770183833 8
    endloop
  endfacet
  facet normal 0 0 1
    outer loop
      vertex 8.868629150101524 -34.768629150101525 8
      vertex 2 -24.4 8
      vertex 8.774328891009635 -34.87153982450154 8
    endloop
  endfacet
  facet normal 0 0 1
    outer loop
      vertex 8.868629150101524 -34.768629150101525 8
      vertex 8.971539824501537 -34.67432889100964 8
      vertex 2 -24.4 8
    endloop
  endfacet
  facet normal 0 0 1
    outer loop
      vertex 8.971539824501537 -34.67432889100964 8
      vertex 9.082277701838326 -34.58935672913761 8
      vertex 2 -24.4 8
    endloop
  endfacet
  facet normal 0 0 1
    outer loop
      vertex 9.082277701838326 -34.58935672913761 8
      vertex 9.2 -34.5143593539449 8
      vertex 2 -24.4 8
    endloop
  endfacet
  facet normal 0 0 1
    outer loop
      vertex 11.319338151033065 -19.9 8
      vertex 2 -24.4 8
      vertex 9.2 -34.5143593539449 8
    endloop
  endfacet
  facet normal 0 0 1
    outer loop
      vertex 11.319338151033065 -19.9 8
      vertex 11.028460175498463 -34.67432889100964 8
      vertex 11.131370849898476 -34.768629150101525 8
    endloop
  endfacet
  facet normal 0 0 1
    outer loop
      vertex 11.319338151033065 -19.9 8
      vertex 11.131370849898476 -34.768629150101525 8
      vertex 11.225671108990365 -34.87153982450154 8
    endloop
  endfacet
  facet normal 0 0 1
    outer loop
      vertex 11.319338151033065 -19.9 8
      vertex 11.45009245925864 -35.22381078121488 8
      vertex 11.503508193257453 -35.35276777067893 8
    endloop
  endfacet
  facet normal 0 0 1
    outer loop
      vertex 11.319338151033065 -19.9 8
      vertex 11.385640646055101 -35.1 8
      vertex 11.45009245925864 -35.22381078121488 8
    endloop
  endfacet
  facet normal 0 0 1
    outer loop
      vertex 11.319338151033065 -19.9 8
      vertex 11.225671108990365 -34.87153982450154 8
      vertex 11.310643270862387 -34.98227770183833 8
    endloop
  endfacet
  facet normal 0 0 1
    outer loop
      vertex 11.319338151033065 -19.9 8
      vertex 11.310643270862387 -34.98227770183833 8
      vertex 11.385640646055101 -35.1 8
    endloop
  endfacet
  facet normal 0 0 1
    outer loop
      vertex 11.319338151033065 -19.9 8
      vertex 9.2 -34.5143593539449 8
      vertex 9.323810781214881 -34.44990754074136 8
    endloop
  endfacet
  facet normal 0 0 1
    outer loop
      vertex 11.319338151033065 -19.9 8
      vertex 9.323810781214881 -34.44990754074136 8
      vertex 9.45276777067893 -34.396491806742546 8
    endloop
  endfacet
  facet normal 0 0 1
    outer loop
      vertex 11.319338151033065 -19.9 8
      vertex 9.45276777067893 -34.396491806742546 8
      vertex 9.585889527835967 -34.35451867793749 8
    endloop
  endfacet
  facet normal 0 0 1
    outer loop
      vertex 11.319338151033065 -19.9 8
      vertex 9.585889527835967 -34.35451867793749 8
      vertex 9.72216291573291 -34.324307595180464 8
    endloop
  endfacet
  facet normal 0 0 1
    outer loop
      vertex 11.319338151033065 -19.9 8
      vertex 9.72216291573291 -34.324307595180464 8
      vertex 9.860550811603748 -34.30608848305321 8
    endloop
  endfacet
  facet normal 0 0 1
    outer loop
      vertex 11.319338151033065 -19.9 8
      vertex 9.860550811603748 -34.30608848305321 8
      vertex 10 -34.3 8
    endloop
  endfacet
  facet normal 0 0 1
    outer loop
      vertex 11.319338151033065 -19.9 8
      vertex 10 -34.3 8
      vertex 10.139449188396252 -34.30608848305321 8
    endloop
  endfacet
  facet normal 0 0 1
    outer loop
      vertex 11.319338151033065 -19.9 8
      vertex 10.139449188396252 -34.30608848305321 8
      vertex 10.27783708426709 -34.324307595180464 8
    endloop
  endfacet
  facet normal 0 0 1
    outer loop
      vertex 11.319338151033065 -19.9 8
      vertex 10.27783708426709 -34.324307595180464 8
      vertex 10.414110472164033 -34.35451867793749 8
    endloop
  endfacet
  facet normal 0 0 1
    outer loop
      vertex 11.319338151033065 -19.9 8
      vertex 10.414110472164033 -34.35451867793749 8
      vertex 10.54723222932107 -34.396491806742546 8
    endloop
  endfacet
  facet normal 0 0 1
    outer loop
      vertex 11.319338151033065 -19.9 8
      vertex 10.54723222932107 -34.396491806742546 8
      vertex 10.676189218785119 -34.44990754074136 8
    endloop
  endfacet
  facet normal 0 0 1
    outer loop
      vertex 11.319338151033065 -19.9 8
      vertex 10.676189218785119 -34.44990754074136 8
      vertex 10.8 -34.5143593539449 8
    endloop
  endfacet
  facet normal 0 0 1
    outer loop
      vertex 11.319338151033065 -19.9 8
      vertex 10.8 -34.5143593539449 8
      vertex 10.917722298161674 -34.58935672913761 8
    endloop
  endfacet
  facet normal 0 0 1
    outer loop
      vertex 11.319338151033065 -19.9 8
      vertex 10.917722298161674 -34.58935672913761 8
      vertex 11.028460175498463 -34.67432889100964 8
    endloop
  endfacet
  facet normal 0 0 -1
    outer loop
      vertex 3.9765432685727045 -22.552097543979563 4
      vertex 2 -24.4 4
      vertex 2 -22.812314401876716 4
    endloop
  endfacet
  facet normal 0 0 -1
    outer loop
      vertex 9.677958193862017 -20.754448323139282 4
      vertex 11.319338151033065 -19.9 4
      vertex -8.406088483053207 -35.76055081160374 4
    endloop
  endfacet
  facet normal 0 0 -1
    outer loop
      vertex 11.319338151033065 -19.9 4
      vertex 16 -19.9 4
      vertex -8.774328891009635 -36.92846017549846 4
    endloop
  endfacet
  facet normal 0 0 1
    outer loop
      vertex 0 -20.049999999999997 8
      vertex -1.747472642090546 -19.973703696739495 8
      vertex 2 -20.4 8
    endloop
  endfacet
  facet normal 0 0 1
    outer loop
      vertex 1.747472642090546 -19.973703696739495 8
      vertex 0 -20.049999999999997 8
      vertex 2 -20.4 8
    endloop
  endfacet
  facet normal 0 0 1
    outer loop
      vertex 2.307307799722623 -19.9 8
      vertex 1.747472642090546 -19.973703696739495 8
      vertex 2 -20.4 8
    endloop
  endfacet
  facet normal 0 0 1
    outer loop
      vertex 11.319338151033065 -19.9 8
      vertex 2 -20.4 8
      vertex 2 -24.4 8
    endloop
  endfacet
  facet normal 0 0 1
    outer loop
      vertex 11.319338151033065 -19.9 8
      vertex 2.307307799722623 -19.9 8
      vertex 2 -20.4 8
    endloop
  endfacet
  facet normal 0 0 -1
    outer loop
      vertex 16 -41.9 4
      vertex 10.139449188396252 -37.49391151694679 4
      vertex 10.27783708426709 -37.47569240481953 4
    endloop
  endfacet
  facet normal 0 0 -1
    outer loop
      vertex 16 -41.9 4
      vertex 10.27783708426709 -37.47569240481953 4
      vertex 10.414110472164033 -37.445481322062506 4
    endloop
  endfacet
  facet normal 0 0 -1
    outer loop
      vertex 16 -41.9 4
      vertex 10.414110472164033 -37.445481322062506 4
      vertex 10.54723222932107 -37.40350819325745 4
    endloop
  endfacet
  facet normal 0 0 -1
    outer loop
      vertex 16 -41.9 4
      vertex 10.54723222932107 -37.40350819325745 4
      vertex 10.676189218785119 -37.35009245925864 4
    endloop
  endfacet
  facet normal 0 0 -1
    outer loop
      vertex 16 -41.9 4
      vertex 10.676189218785119 -37.35009245925864 4
      vertex 10.8 -37.2856406460551 4
    endloop
  endfacet
  facet normal 0 0 -1
    outer loop
      vertex 16 -41.9 4
      vertex 10.8 -37.2856406460551 4
      vertex 10.917722298161674 -37.210643270862384 4
    endloop
  endfacet
  facet normal 0 0 -1
    outer loop
      vertex 16 -41.9 4
      vertex 10.917722298161674 -37.210643270862384 4
      vertex 11.028460175498463 -37.12567110899036 4
    endloop
  endfacet
  facet normal 0 0 -1
    outer loop
      vertex 16 -41.9 4
      vertex 11.028460175498463 -37.12567110899036 4
      vertex 11.131370849898476 -37.03137084989847 4
    endloop
  endfacet
  facet normal 0 0 -1
    outer loop
      vertex 16 -41.9 4
      vertex 11.131370849898476 -37.03137084989847 4
      vertex 11.225671108990365 -36.92846017549846 4
    endloop
  endfacet
  facet normal 0 0 -1
    outer loop
      vertex 16 -41.9 4
      vertex 11.225671108990365 -36.92846017549846 4
      vertex 11.310643270862387 -36.81772229816167 4
    endloop
  endfacet
  facet normal 0 0 -1
    outer loop
      vertex 16 -41.9 4
      vertex 11.310643270862387 -36.81772229816167 4
      vertex 11.385640646055101 -36.699999999999996 4
    endloop
  endfacet
  facet normal 0 0 -1
    outer loop
      vertex 16 -41.9 4
      vertex 11.385640646055101 -36.699999999999996 4
      vertex 11.45009245925864 -36.57618921878512 4
    endloop
  endfacet
  facet normal 0 0 -1
    outer loop
      vertex 16 -41.9 4
      vertex 11.45009245925864 -36.57618921878512 4
      vertex 11.503508193257453 -36.44723222932107 4
    endloop
  endfacet
  facet normal 0 0 -1
    outer loop
      vertex 16 -41.9 4
      vertex 11.503508193257453 -36.44723222932107 4
      vertex 11.545481322062509 -36.31411047216403 4
    endloop
  endfacet
  facet normal 0 0 -1
    outer loop
      vertex 16 -41.9 4
      vertex 11.545481322062509 -36.31411047216403 4
      vertex 11.575692404819533 -36.17783708426709 4
    endloop
  endfacet
  facet normal 0 0 -1
    outer loop
      vertex 16 -41.9 4
      vertex 11.575692404819533 -36.17783708426709 4
      vertex 11.593911516946793 -36.039449188396254 4
    endloop
  endfacet
  facet normal 0 0 -1
    outer loop
      vertex 16 -41.9 4
      vertex 11.593911516946793 -36.039449188396254 4
      vertex 11.6 -35.9 4
    endloop
  endfacet
  facet normal 0 0 -1
    outer loop
      vertex 16 -41.9 4
      vertex 11.6 -35.9 4
      vertex 11.593911516946793 -35.76055081160374 4
    endloop
  endfacet
  facet normal 0 0 -1
    outer loop
      vertex 16 -41.9 4
      vertex 11.593911516946793 -35.76055081160374 4
      vertex 11.575692404819533 -35.62216291573291 4
    endloop
  endfacet
  facet normal 0 0 -1
    outer loop
      vertex 16 -41.9 4
      vertex 11.575692404819533 -35.62216291573291 4
      vertex 11.545481322062509 -35.485889527835965 4
    endloop
  endfacet
  facet normal 0 0 -1
    outer loop
      vertex 16 -41.9 4
      vertex 11.45009245925864 -35.22381078121488 4
      vertex 11.385640646055101 -35.1 4
    endloop
  endfacet
  facet normal 0 0 -1
    outer loop
      vertex 16 -41.9 4
      vertex 11.503508193257453 -35.35276777067893 4
      vertex 11.45009245925864 -35.22381078121488 4
    endloop
  endfacet
  facet normal 0 0 -1
    outer loop
      vertex 16 -41.9 4
      vertex 11.545481322062509 -35.485889527835965 4
      vertex 11.503508193257453 -35.35276777067893 4
    endloop
  endfacet
  facet normal 0 0 -1
    outer loop
      vertex 16 -41.9 4
      vertex 11.385640646055101 -35.1 4
      vertex 11.310643270862387 -34.98227770183833 4
    endloop
  endfacet
  facet normal 1 0 0
    outer loop
      vertex 16 -41.9 4
      vertex 16 -19.9 4
      vertex 16 -41.9 8
    endloop
  endfacet
  facet normal 0 0 -1
    outer loop
      vertex 16 -19.9 4
      vertex 11.131370849898476 -34.768629150101525 4
      vertex 11.028460175498463 -34.67432889100964 4
    endloop
  endfacet
  facet normal 0 0 -1
    outer loop
      vertex 16 -19.9 4
      vertex 11.225671108990365 -34.87153982450154 4
      vertex 11.131370849898476 -34.768629150101525 4
    endloop
  endfacet
  facet normal 0 0 -1
    outer loop
      vertex 16 -19.9 4
      vertex 11.310643270862387 -34.98227770183833 4
      vertex 11.225671108990365 -34.87153982450154 4
    endloop
  endfacet
  facet normal 0 0 -1
    outer loop
      vertex 16 -19.9 4
      vertex 9.323810781214881 -34.44990754074136 4
      vertex 9.2 -34.5143593539449 4
    endloop
  endfacet
  facet normal 0 0 -1
    outer loop
      vertex 16 -19.9 4
      vertex 9.45276777067893 -34.396491806742546 4
      vertex 9.323810781214881 -34.44990754074136 4
    endloop
  endfacet
  facet normal 0 0 -1
    outer loop
      vertex 16 -19.9 4
      vertex 9.585889527835967 -34.35451867793749 4
      vertex 9.45276777067893 -34.396491806742546 4
    endloop
  endfacet
  facet normal 0 0 -1
    outer loop
      vertex 16 -19.9 4
      vertex 9.72216291573291 -34.324307595180464 4
      vertex 9.585889527835967 -34.35451867793749 4
    endloop
  endfacet
  facet normal 0 0 -1
    outer loop
      vertex 16 -19.9 4
      vertex 9.860550811603748 -34.30608848305321 4
      vertex 9.72216291573291 -34.324307595180464 4
    endloop
  endfacet
  facet normal 0 0 -1
    outer loop
      vertex 16 -19.9 4
      vertex 10 -34.3 4
      vertex 9.860550811603748 -34.30608848305321 4
    endloop
  endfacet
  facet normal 0 0 -1
    outer loop
      vertex 16 -19.9 4
      vertex 10.139449188396252 -34.30608848305321 4
      vertex 10 -34.3 4
    endloop
  endfacet
  facet normal 0 0 -1
    outer loop
      vertex 16 -19.9 4
      vertex 10.27783708426709 -34.324307595180464 4
      vertex 10.139449188396252 -34.30608848305321 4
    endloop
  endfacet
  facet normal 0 0 -1
    outer loop
      vertex 16 -19.9 4
      vertex 10.414110472164033 -34.35451867793749 4
      vertex 10.27783708426709 -34.324307595180464 4
    endloop
  endfacet
  facet normal 0 0 -1
    outer loop
      vertex 16 -19.9 4
      vertex 10.54723222932107 -34.396491806742546 4
      vertex 10.414110472164033 -34.35451867793749 4
    endloop
  endfacet
  facet normal 0 0 -1
    outer loop
      vertex 16 -19.9 4
      vertex 10.676189218785119 -34.44990754074136 4
      vertex 10.54723222932107 -34.396491806742546 4
    endloop
  endfacet
  facet normal 0 0 -1
    outer loop
      vertex 16 -19.9 4
      vertex 10.8 -34.5143593539449 4
      vertex 10.676189218785119 -34.44990754074136 4
    endloop
  endfacet
  facet normal 0 0 -1
    outer loop
      vertex 16 -19.9 4
      vertex 10.917722298161674 -34.58935672913761 4
      vertex 10.8 -34.5143593539449 4
    endloop
  endfacet
  facet normal 0 0 -1
    outer loop
      vertex 16 -19.9 4
      vertex 11.028460175498463 -34.67432889100964 4
      vertex 10.917722298161674 -34.58935672913761 4
    endloop
  endfacet
  facet normal 0 0 -1
    outer loop
      vertex 16 -41.9 4
      vertex 11.310643270862387 -34.98227770183833 4
      vertex 16 -19.9 4
    endloop
  endfacet
  facet normal 0 0 1
    outer loop
      vertex 16 -41.9 8
      vertex 9.585889527835967 -37.445481322062506 8
      vertex 9.45276777067893 -37.40350819325745 8
    endloop
  endfacet
  facet normal 0 0 1
    outer loop
      vertex 16 -41.9 8
      vertex 9.72216291573291 -37.47569240481953 8
      vertex 9.585889527835967 -37.445481322062506 8
    endloop
  endfacet
  facet normal 0 0 1
    outer loop
      vertex 16 -41.9 8
      vertex 9.860550811603748 -37.49391151694679 8
      vertex 9.72216291573291 -37.47569240481953 8
    endloop
  endfacet
  facet normal 0 0 1
    outer loop
      vertex 16 -41.9 8
      vertex 10 -37.5 8
      vertex 9.860550811603748 -37.49391151694679 8
    endloop
  endfacet
  facet normal 0 0 1
    outer loop
      vertex 16 -41.9 8
      vertex 10.139449188396252 -37.49391151694679 8
      vertex 10 -37.5 8
    endloop
  endfacet
  facet normal 0 0 1
    outer loop
      vertex 16 -41.9 8
      vertex 10.27783708426709 -37.47569240481953 8
      vertex 10.139449188396252 -37.49391151694679 8
    endloop
  endfacet
  facet normal 0 0 1
    outer loop
      vertex 16 -41.9 8
      vertex 10.414110472164033 -37.445481322062506 8
      vertex 10.27783708426709 -37.47569240481953 8
    endloop
  endfacet
  facet normal 0 0 1
    outer loop
      vertex 16 -41.9 8
      vertex 10.54723222932107 -37.40350819325745 8
      vertex 10.414110472164033 -37.445481322062506 8
    endloop
  endfacet
  facet normal 0 0 1
    outer loop
      vertex 16 -41.9 8
      vertex 10.676189218785119 -37.35009245925864 8
      vertex 10.54723222932107 -37.40350819325745 8
    endloop
  endfacet
  facet normal 0 0 1
    outer loop
      vertex 16 -41.9 8
      vertex 10.8 -37.2856406460551 8
      vertex 10.676189218785119 -37.35009245925864 8
    endloop
  endfacet
  facet normal 0 0 1
    outer loop
      vertex 16 -41.9 8
      vertex 10.917722298161674 -37.210643270862384 8
      vertex 10.8 -37.2856406460551 8
    endloop
  endfacet
  facet normal 0 0 1
    outer loop
      vertex 16 -41.9 8
      vertex 11.028460175498463 -37.12567110899036 8
      vertex 10.917722298161674 -37.210643270862384 8
    endloop
  endfacet
  facet normal 0 0 1
    outer loop
      vertex 16 -41.9 8
      vertex 11.131370849898476 -37.03137084989847 8
      vertex 11.028460175498463 -37.12567110899036 8
    endloop
  endfacet
  facet normal 0 0 1
    outer loop
      vertex 16 -41.9 8
      vertex 11.225671108990365 -36.92846017549846 8
      vertex 11.131370849898476 -37.03137084989847 8
    endloop
  endfacet
  facet normal 0 0 1
    outer loop
      vertex 16 -41.9 8
      vertex 11.310643270862387 -36.81772229816167 8
      vertex 11.225671108990365 -36.92846017549846 8
    endloop
  endfacet
  facet normal 0 0 1
    outer loop
      vertex 16 -41.9 8
      vertex 11.385640646055101 -36.699999999999996 8
      vertex 11.310643270862387 -36.81772229816167 8
    endloop
  endfacet
  facet normal 0 0 1
    outer loop
      vertex 16 -41.9 8
      vertex 11.45009245925864 -36.57618921878512 8
      vertex 11.385640646055101 -36.699999999999996 8
    endloop
  endfacet
  facet normal 0 0 1
    outer loop
      vertex 16 -41.9 8
      vertex 11.503508193257453 -36.44723222932107 8
      vertex 11.45009245925864 -36.57618921878512 8
    endloop
  endfacet
  facet normal 0 0 1
    outer loop
      vertex 16 -41.9 8
      vertex 11.545481322062509 -36.31411047216403 8
      vertex 11.503508193257453 -36.44723222932107 8
    endloop
  endfacet
  facet normal 0 0 1
    outer loop
      vertex 16 -41.9 8
      vertex 11.575692404819533 -36.17783708426709 8
      vertex 11.545481322062509 -36.31411047216403 8
    endloop
  endfacet
  facet normal 0 0 1
    outer loop
      vertex 16 -41.9 8
      vertex 11.593911516946793 -36.039449188396254 8
      vertex 11.575692404819533 -36.17783708426709 8
    endloop
  endfacet
  facet normal 0 0 1
    outer loop
      vertex 16 -41.9 8
      vertex 11.6 -35.9 8
      vertex 11.593911516946793 -36.039449188396254 8
    endloop
  endfacet
  facet normal 1 0 0
    outer loop
      vertex 16 -41.9 8
      vertex 16 -19.9 4
      vertex 16 -19.9 8
    endloop
  endfacet
  facet normal 0 0 1
    outer loop
      vertex 11.319338151033065 -19.9 8
      vertex 11.593911516946793 -35.76055081160374 8
      vertex 11.6 -35.9 8
    endloop
  endfacet
  facet normal 0 0 1
    outer loop
      vertex 11.319338151033065 -19.9 8
      vertex 11.575692404819533 -35.62216291573291 8
      vertex 11.593911516946793 -35.76055081160374 8
    endloop
  endfacet
  facet normal 0 0 1
    outer loop
      vertex 11.319338151033065 -19.9 8
      vertex 11.545481322062509 -35.485889527835965 8
      vertex 11.575692404819533 -35.62216291573291 8
    endloop
  endfacet
  facet normal 0 0 1
    outer loop
      vertex 11.319338151033065 -19.9 8
      vertex 11.503508193257453 -35.35276777067893 8
      vertex 11.545481322062509 -35.485889527835965 8
    endloop
  endfacet
  facet normal 0 0 1
    outer loop
      vertex 11.319338151033065 -19.9 8
      vertex 11.6 -35.9 8
      vertex 16 -41.9 8
    endloop
  endfacet
  facet normal 0 0 1
    outer loop
      vertex 11.319338151033065 -19.9 8
      vertex 16 -41.9 8
      vertex 16 -19.9 8
    endloop
  endfacet
  facet normal 0 1 0
    outer loop
      vertex 11.319338151033065 -19.9 4
      vertex 16 -19.9 8
      vertex 16 -19.9 4
    endloop
  endfacet
  facet normal 0 1 0
    outer loop
      vertex 11.319338151033065 -19.9 4
      vertex 11.319338151033065 -19.9 8
      vertex 16 -19.9 8
    endloop
  endfacet
  facet normal 0.9238795325112895 0.38268343236508306 2.69057428840708e-19
    outer loop
      vertex -11.45009245925864 -36.57618921878512 4
      vertex -11.503508193257453 -36.44723222932107 4
      vertex -11.503508193257453 -36.44723222932107 8
    endloop
  endfacet
  facet normal 0.9537169507482254 0.3007057995042779 1.3337758115541173e-19
    outer loop
      vertex -11.503508193257453 -36.44723222932107 4
      vertex -11.545481322062509 -36.31411047216403 4
      vertex -11.545481322062509 -36.31411047216403 8
    endloop
  endfacet
  facet normal 0.9762960071199321 0.21643961393810832 -6.645554508325895e-19
    outer loop
      vertex -11.545481322062509 -36.31411047216403 4
      vertex -11.575692404819533 -36.17783708426709 4
      vertex -11.575692404819533 -36.17783708426709 8
    endloop
  endfacet
  facet normal 0.9914448613738097 0.13052619222005626 9.58182992491316e-21
    outer loop
      vertex -11.575692404819533 -36.17783708426709 4
      vertex -11.593911516946793 -36.039449188396254 4
      vertex -11.593911516946793 -36.039449188396254 8
    endloop
  endfacet
  facet normal 0.9990482215818581 0.0436193873653299 -1.414225306840951e-20
    outer loop
      vertex -11.593911516946793 -36.039449188396254 4
      vertex -11.6 -35.9 4
      vertex -11.6 -35.9 8
    endloop
  endfacet
  facet normal 0.9990482215818581 -0.0436193873653299 1.414225306840951e-20
    outer loop
      vertex -11.6 -35.9 4
      vertex -11.593911516946793 -35.76055081160374 4
      vertex -11.593911516946793 -35.76055081160374 8
    endloop
  endfacet
  facet normal 0.9914448613738097 -0.13052619222005626 -9.58182992491316e-21
    outer loop
      vertex -11.593911516946793 -35.76055081160374 4
      vertex -11.575692404819533 -35.62216291573291 4
      vertex -11.575692404819533 -35.62216291573291 8
    endloop
  endfacet
  facet normal 0.9762960071199321 -0.21643961393810832 6.645554508325895e-19
    outer loop
      vertex -11.575692404819533 -35.62216291573291 4
      vertex -11.545481322062509 -35.485889527835965 4
      vertex -11.545481322062509 -35.485889527835965 8
    endloop
  endfacet
  facet normal 0.9537169507482254 -0.3007057995042779 -1.3337758115541173e-19
    outer loop
      vertex -11.545481322062509 -35.485889527835965 4
      vertex -11.503508193257453 -35.35276777067893 4
      vertex -11.503508193257453 -35.35276777067893 8
    endloop
  endfacet
  facet normal 0.9238795325112895 -0.38268343236508306 -2.69057428840708e-19
    outer loop
      vertex -11.503508193257453 -35.35276777067893 4
      vertex -11.45009245925864 -35.22381078121488 4
      vertex -11.45009245925864 -35.22381078121488 8
    endloop
  endfacet
  facet normal 0.9238795325112895 0.38268343236508306 0
    outer loop
      vertex -11.45009245925864 -36.57618921878512 4
      vertex -11.503508193257453 -36.44723222932107 8
      vertex -11.45009245925864 -36.57618921878512 8
    endloop
  endfacet
  facet normal 0.9537169507482254 0.3007057995042779 0
    outer loop
      vertex -11.503508193257453 -36.44723222932107 4
      vertex -11.545481322062509 -36.31411047216403 8
      vertex -11.503508193257453 -36.44723222932107 8
    endloop
  endfacet
  facet normal 0.9762960071199321 0.21643961393810832 0
    outer loop
      vertex -11.545481322062509 -36.31411047216403 4
      vertex -11.575692404819533 -36.17783708426709 8
      vertex -11.545481322062509 -36.31411047216403 8
    endloop
  endfacet
  facet normal 0.9914448613738097 0.13052619222005626 0
    outer loop
      vertex -11.575692404819533 -36.17783708426709 4
      vertex -11.593911516946793 -36.039449188396254 8
      vertex -11.575692404819533 -36.17783708426709 8
    endloop
  endfacet
  facet normal 0.9990482215818581 0.0436193873653299 0
    outer loop
      vertex -11.593911516946793 -36.039449188396254 4
      vertex -11.6 -35.9 8
      vertex -11.593911516946793 -36.039449188396254 8
    endloop
  endfacet
  facet normal 0.9990482215818581 -0.0436193873653299 0
    outer loop
      vertex -11.6 -35.9 4
      vertex -11.593911516946793 -35.76055081160374 8
      vertex -11.6 -35.9 8
    endloop
  endfacet
  facet normal 0.9914448613738097 -0.13052619222005626 0
    outer loop
      vertex -11.593911516946793 -35.76055081160374 4
      vertex -11.575692404819533 -35.62216291573291 8
      vertex -11.593911516946793 -35.76055081160374 8
    endloop
  endfacet
  facet normal 0.9762960071199321 -0.21643961393810832 0
    outer loop
      vertex -11.575692404819533 -35.62216291573291 4
      vertex -11.545481322062509 -35.485889527835965 8
      vertex -11.575692404819533 -35.62216291573291 8
    endloop
  endfacet
  facet normal 0.9537169507482254 -0.3007057995042779 0
    outer loop
      vertex -11.545481322062509 -35.485889527835965 4
      vertex -11.503508193257453 -35.35276777067893 8
      vertex -11.545481322062509 -35.485889527835965 8
    endloop
  endfacet
  facet normal 0.9238795325112895 -0.38268343236508306 0
    outer loop
      vertex -11.503508193257453 -35.35276777067893 4
      vertex -11.45009245925864 -35.22381078121488 8
      vertex -11.503508193257453 -35.35276777067893 8
    endloop
  endfacet
  facet normal 0.793353340291233 0.6087614290087234 2.706928721180339e-19
    outer loop
      vertex -11.225671108990365 -36.92846017549846 4
      vertex -11.310643270862387 -36.81772229816167 4
      vertex -11.310643270862387 -36.81772229816167 8
    endloop
  endfacet
  facet normal 0.7372773368101253 0.6755902076156588 1.396405212833555e-18
    outer loop
      vertex -11.131370849898476 -37.03137084989847 4
      vertex -11.225671108990365 -36.92846017549846 4
      vertex -11.225671108990365 -36.92846017549846 8
    endloop
  endfacet
  facet normal 0.6755902076156581 0.7372773368101257 1.2224006726256331e-18
    outer loop
      vertex -11.028460175498463 -37.12567110899036 4
      vertex -11.131370849898476 -37.03137084989847 4
      vertex -11.131370849898476 -37.03137084989847 8
    endloop
  endfacet
  facet normal 0.6087614290087314 0.7933533402912268 0
    outer loop
      vertex -11.028460175498463 -37.12567110899036 4
      vertex -11.028460175498463 -37.12567110899036 8
      vertex -10.917722298161674 -37.210643270862384 4
    endloop
  endfacet
  facet normal 0.5372996083468281 0.8433914458128831 0
    outer loop
      vertex -10.917722298161674 -37.210643270862384 4
      vertex -10.917722298161674 -37.210643270862384 8
      vertex -10.8 -37.2856406460551 4
    endloop
  endfacet
  facet normal 0.46174861323504235 0.8870108331782174 0
    outer loop
      vertex -10.8 -37.2856406460551 4
      vertex -10.8 -37.2856406460551 8
      vertex -10.676189218785119 -37.35009245925864 4
    endloop
  endfacet
  facet normal 0.8433914458128887 0.537299608346819 1.0059250032324584e-18
    outer loop
      vertex -11.310643270862387 -36.81772229816167 4
      vertex -11.385640646055101 -36.699999999999996 4
      vertex -11.385640646055101 -36.699999999999996 8
    endloop
  endfacet
  facet normal 0.8870108331782172 0.46174861323504274 -1.2530726701196257e-18
    outer loop
      vertex -11.385640646055101 -36.699999999999996 4
      vertex -11.45009245925864 -36.57618921878512 4
      vertex -11.45009245925864 -36.57618921878512 8
    endloop
  endfacet
  facet normal 0.38268343236507674 0.9238795325112922 0
    outer loop
      vertex -10.676189218785119 -37.35009245925864 8
      vertex -10.54723222932107 -37.40350819325745 4
      vertex -10.676189218785119 -37.35009245925864 4
    endloop
  endfacet
  facet normal 0.3007057995042627 0.9537169507482302 -3.755625907253523e-19
    outer loop
      vertex -10.414110472164033 -37.445481322062506 4
      vertex -10.54723222932107 -37.40350819325745 4
      vertex -10.54723222932107 -37.40350819325745 8
    endloop
  endfacet
  facet normal 0.21643961393812988 0.9762960071199274 0
    outer loop
      vertex -10.414110472164033 -37.445481322062506 8
      vertex -10.27783708426709 -37.47569240481953 4
      vertex -10.414110472164033 -37.445481322062506 4
    endloop
  endfacet
  facet normal 0.1305261922200171 0.991444861373815 0
    outer loop
      vertex -10.27783708426709 -37.47569240481953 8
      vertex -10.139449188396252 -37.49391151694679 4
      vertex -10.27783708426709 -37.47569240481953 4
    endloop
  endfacet
  facet normal 0.04361938736536911 0.9990482215818562 0
    outer loop
      vertex -10.139449188396252 -37.49391151694679 8
      vertex -10 -37.5 4
      vertex -10.139449188396252 -37.49391151694679 4
    endloop
  endfacet
  facet normal 0.8870108331782172 -0.46174861323504274 1.2530726701196257e-18
    outer loop
      vertex -11.45009245925864 -35.22381078121488 4
      vertex -11.385640646055101 -35.1 4
      vertex -11.385640646055101 -35.1 8
    endloop
  endfacet
  facet normal 0.8433914458128887 -0.537299608346819 -1.0059250032324584e-18
    outer loop
      vertex -11.385640646055101 -35.1 4
      vertex -11.310643270862387 -34.98227770183833 4
      vertex -11.310643270862387 -34.98227770183833 8
    endloop
  endfacet
  facet normal 0.793353340291233 -0.6087614290087234 -2.706928721180339e-19
    outer loop
      vertex -11.310643270862387 -34.98227770183833 4
      vertex -11.225671108990365 -34.87153982450154 4
      vertex -11.225671108990365 -34.87153982450154 8
    endloop
  endfacet
  facet normal 0.7372773368101253 -0.6755902076156588 -1.396405212833555e-18
    outer loop
      vertex -11.225671108990365 -34.87153982450154 4
      vertex -11.131370849898476 -34.768629150101525 4
      vertex -11.131370849898476 -34.768629150101525 8
    endloop
  endfacet
  facet normal 0.6755902076156581 -0.7372773368101257 0
    outer loop
      vertex -11.028460175498463 -34.67432889100964 4
      vertex -11.028460175498463 -34.67432889100964 8
      vertex -11.131370849898476 -34.768629150101525 4
    endloop
  endfacet
  facet normal 0.6087614290087314 -0.7933533402912268 0
    outer loop
      vertex -10.917722298161674 -34.58935672913761 4
      vertex -10.917722298161674 -34.58935672913761 8
      vertex -11.028460175498463 -34.67432889100964 4
    endloop
  endfacet
  facet normal 0.5372996083468281 -0.8433914458128831 0
    outer loop
      vertex -10.8 -34.5143593539449 4
      vertex -10.8 -34.5143593539449 8
      vertex -10.917722298161674 -34.58935672913761 4
    endloop
  endfacet
  facet normal 0.46174861323504235 -0.8870108331782174 0
    outer loop
      vertex -10.676189218785119 -34.44990754074136 4
      vertex -10.676189218785119 -34.44990754074136 8
      vertex -10.8 -34.5143593539449 4
    endloop
  endfacet
  facet normal 0.38268343236507674 -0.9238795325112922 0
    outer loop
      vertex -10.54723222932107 -34.396491806742546 4
      vertex -10.54723222932107 -34.396491806742546 8
      vertex -10.676189218785119 -34.44990754074136 4
    endloop
  endfacet
  facet normal 0.3007057995042627 -0.9537169507482302 0
    outer loop
      vertex -10.414110472164033 -34.35451867793749 4
      vertex -10.414110472164033 -34.35451867793749 8
      vertex -10.54723222932107 -34.396491806742546 4
    endloop
  endfacet
  facet normal 0.21643961393812988 -0.9762960071199274 0
    outer loop
      vertex -10.27783708426709 -34.324307595180464 4
      vertex -10.27783708426709 -34.324307595180464 8
      vertex -10.414110472164033 -34.35451867793749 4
    endloop
  endfacet
  facet normal 0.1305261922200171 -0.991444861373815 0
    outer loop
      vertex -10.139449188396252 -34.30608848305321 4
      vertex -10.139449188396252 -34.30608848305321 8
      vertex -10.27783708426709 -34.324307595180464 4
    endloop
  endfacet
  facet normal 0.04361938736536911 -0.9990482215818562 0
    outer loop
      vertex -10 -34.3 4
      vertex -10 -34.3 8
      vertex -10.139449188396252 -34.30608848305321 4
    endloop
  endfacet
  facet normal -0.04361938736536911 0.9990482215818562 0
    outer loop
      vertex -10 -37.5 8
      vertex -9.860550811603748 -37.49391151694679 4
      vertex -10 -37.5 4
    endloop
  endfacet
  facet normal -0.1305261922200171 0.991444861373815 0
    outer loop
      vertex -9.860550811603748 -37.49391151694679 8
      vertex -9.72216291573291 -37.47569240481953 4
      vertex -9.860550811603748 -37.49391151694679 4
    endloop
  endfacet
  facet normal -0.21643961393812988 0.9762960071199274 0
    outer loop
      vertex -9.72216291573291 -37.47569240481953 8
      vertex -9.585889527835967 -37.445481322062506 4
      vertex -9.72216291573291 -37.47569240481953 4
    endloop
  endfacet
  facet normal -0.3007057995042627 0.9537169507482302 0
    outer loop
      vertex -9.585889527835967 -37.445481322062506 8
      vertex -9.45276777067893 -37.40350819325745 4
      vertex -9.585889527835967 -37.445481322062506 4
    endloop
  endfacet
  facet normal -0.38268343236507674 0.9238795325112922 0
    outer loop
      vertex -9.45276777067893 -37.40350819325745 8
      vertex -9.323810781214881 -37.35009245925864 4
      vertex -9.45276777067893 -37.40350819325745 4
    endloop
  endfacet
  facet normal -0.46174861323504235 0.8870108331782174 0
    outer loop
      vertex -9.323810781214881 -37.35009245925864 8
      vertex -9.2 -37.2856406460551 4
      vertex -9.323810781214881 -37.35009245925864 4
    endloop
  endfacet
  facet normal -0.5372996083468281 0.8433914458128831 0
    outer loop
      vertex -9.2 -37.2856406460551 8
      vertex -9.082277701838326 -37.210643270862384 4
      vertex -9.2 -37.2856406460551 4
    endloop
  endfacet
  facet normal -0.6087614290087314 0.7933533402912268 0
    outer loop
      vertex -9.082277701838326 -37.210643270862384 8
      vertex -8.971539824501537 -37.12567110899036 4
      vertex -9.082277701838326 -37.210643270862384 4
    endloop
  endfacet
  facet normal -0.6755902076156581 0.7372773368101257 0
    outer loop
      vertex -8.971539824501537 -37.12567110899036 8
      vertex -8.868629150101524 -37.03137084989847 4
      vertex -8.971539824501537 -37.12567110899036 4
    endloop
  endfacet
  facet normal -0.7372773368101253 0.6755902076156588 0
    outer loop
      vertex -8.868629150101524 -37.03137084989847 4
      vertex -8.868629150101524 -37.03137084989847 8
      vertex -8.774328891009635 -36.92846017549846 4
    endloop
  endfacet
  facet normal -0.793353340291233 0.6087614290087234 0
    outer loop
      vertex -8.774328891009635 -36.92846017549846 8
      vertex -8.689356729137613 -36.81772229816167 4
      vertex -8.774328891009635 -36.92846017549846 4
    endloop
  endfacet
  facet normal -0.8433914458128887 0.537299608346819 0
    outer loop
      vertex -8.689356729137613 -36.81772229816167 8
      vertex -8.614359353944899 -36.699999999999996 4
      vertex -8.689356729137613 -36.81772229816167 4
    endloop
  endfacet
  facet normal -0.8870108331782172 0.46174861323504274 0
    outer loop
      vertex -8.614359353944899 -36.699999999999996 8
      vertex -8.54990754074136 -36.57618921878512 4
      vertex -8.614359353944899 -36.699999999999996 4
    endloop
  endfacet
  facet normal -0.1305261922200171 -0.991444861373815 0
    outer loop
      vertex -9.72216291573291 -34.324307595180464 4
      vertex -9.72216291573291 -34.324307595180464 8
      vertex -9.860550811603748 -34.30608848305321 4
    endloop
  endfacet
  facet normal -0.04361938736536911 -0.9990482215818562 0
    outer loop
      vertex -9.860550811603748 -34.30608848305321 4
      vertex -9.860550811603748 -34.30608848305321 8
      vertex -10 -34.3 4
    endloop
  endfacet
  facet normal -0.21643961393812988 -0.9762960071199274 -7.392698739855779e-19
    outer loop
      vertex -9.72216291573291 -34.324307595180464 4
      vertex -9.585889527835967 -34.35451867793749 4
      vertex -9.585889527835967 -34.35451867793749 8
    endloop
  endfacet
  facet normal -0.3007057995042627 -0.9537169507482302 0
    outer loop
      vertex -9.45276777067893 -34.396491806742546 4
      vertex -9.45276777067893 -34.396491806742546 8
      vertex -9.585889527835967 -34.35451867793749 4
    endloop
  endfacet
  facet normal -0.38268343236507674 -0.9238795325112922 0
    outer loop
      vertex -9.323810781214881 -34.44990754074136 4
      vertex -9.323810781214881 -34.44990754074136 8
      vertex -9.45276777067893 -34.396491806742546 4
    endloop
  endfacet
  facet normal -0.7372773368101253 -0.6755902076156588 1.396405212833555e-18
    outer loop
      vertex -8.868629150101524 -34.768629150101525 4
      vertex -8.774328891009635 -34.87153982450154 4
      vertex -8.774328891009635 -34.87153982450154 8
    endloop
  endfacet
  facet normal -0.793353340291233 -0.6087614290087234 2.706928721180339e-19
    outer loop
      vertex -8.774328891009635 -34.87153982450154 4
      vertex -8.689356729137613 -34.98227770183833 4
      vertex -8.689356729137613 -34.98227770183833 8
    endloop
  endfacet
  facet normal -0.8433914458128887 -0.537299608346819 1.0059250032324584e-18
    outer loop
      vertex -8.689356729137613 -34.98227770183833 4
      vertex -8.614359353944899 -35.1 4
      vertex -8.614359353944899 -35.1 8
    endloop
  endfacet
  facet normal -0.46174861323504235 -0.8870108331782174 0
    outer loop
      vertex -9.2 -34.5143593539449 4
      vertex -9.2 -34.5143593539449 8
      vertex -9.323810781214881 -34.44990754074136 4
    endloop
  endfacet
  facet normal -0.5372996083468281 -0.8433914458128831 -6.955696430712211e-19
    outer loop
      vertex -9.2 -34.5143593539449 4
      vertex -9.082277701838326 -34.58935672913761 4
      vertex -9.082277701838326 -34.58935672913761 8
    endloop
  endfacet
  facet normal -0.6087614290087314 -0.7933533402912268 0
    outer loop
      vertex -8.971539824501537 -34.67432889100964 4
      vertex -8.971539824501537 -34.67432889100964 8
      vertex -9.082277701838326 -34.58935672913761 4
    endloop
  endfacet
  facet normal -0.6755902076156581 -0.7372773368101257 0
    outer loop
      vertex -8.868629150101524 -34.768629150101525 4
      vertex -8.868629150101524 -34.768629150101525 8
      vertex -8.971539824501537 -34.67432889100964 4
    endloop
  endfacet
  facet normal -0.9238795325112895 0.38268343236508306 0
    outer loop
      vertex -8.54990754074136 -36.57618921878512 8
      vertex -8.496491806742547 -36.44723222932107 4
      vertex -8.54990754074136 -36.57618921878512 4
    endloop
  endfacet
  facet normal -0.9537169507482254 0.3007057995042779 0
    outer loop
      vertex -8.496491806742547 -36.44723222932107 8
      vertex -8.454518677937491 -36.31411047216403 4
      vertex -8.496491806742547 -36.44723222932107 4
    endloop
  endfacet
  facet normal -0.9762960071199321 0.21643961393810832 0
    outer loop
      vertex -8.454518677937491 -36.31411047216403 8
      vertex -8.424307595180467 -36.17783708426709 4
      vertex -8.454518677937491 -36.31411047216403 4
    endloop
  endfacet
  facet normal -0.9914448613738097 0.13052619222005626 0
    outer loop
      vertex -8.424307595180467 -36.17783708426709 8
      vertex -8.406088483053207 -36.039449188396254 4
      vertex -8.424307595180467 -36.17783708426709 4
    endloop
  endfacet
  facet normal -0.9990482215818581 0.0436193873653299 0
    outer loop
      vertex -8.406088483053207 -36.039449188396254 8
      vertex -8.4 -35.9 4
      vertex -8.406088483053207 -36.039449188396254 4
    endloop
  endfacet
  facet normal -0.9990482215818581 -0.0436193873653299 0
    outer loop
      vertex -8.4 -35.9 8
      vertex -8.406088483053207 -35.76055081160374 4
      vertex -8.4 -35.9 4
    endloop
  endfacet
  facet normal -0.9914448613738097 -0.13052619222005626 0
    outer loop
      vertex -8.406088483053207 -35.76055081160374 8
      vertex -8.424307595180467 -35.62216291573291 4
      vertex -8.406088483053207 -35.76055081160374 4
    endloop
  endfacet
  facet normal -0.9762960071199321 -0.21643961393810832 0
    outer loop
      vertex -8.424307595180467 -35.62216291573291 8
      vertex -8.454518677937491 -35.485889527835965 4
      vertex -8.424307595180467 -35.62216291573291 4
    endloop
  endfacet
  facet normal -0.9537169507482254 -0.3007057995042779 1.3337758115541173e-19
    outer loop
      vertex -8.496491806742547 -35.35276777067893 4
      vertex -8.454518677937491 -35.485889527835965 4
      vertex -8.454518677937491 -35.485889527835965 8
    endloop
  endfacet
  facet normal -0.9238795325112895 -0.38268343236508306 2.69057428840708e-19
    outer loop
      vertex -8.54990754074136 -35.22381078121488 4
      vertex -8.496491806742547 -35.35276777067893 4
      vertex -8.496491806742547 -35.35276777067893 8
    endloop
  endfacet
  facet normal -0.8870108331782172 -0.46174861323504274 -1.2530726701196257e-18
    outer loop
      vertex -8.614359353944899 -35.1 4
      vertex -8.54990754074136 -35.22381078121488 4
      vertex -8.54990754074136 -35.22381078121488 8
    endloop
  endfacet
  facet normal 0.793353340291233 0.6087614290087234 0
    outer loop
      vertex -11.225671108990365 -36.92846017549846 4
      vertex -11.310643270862387 -36.81772229816167 8
      vertex -11.225671108990365 -36.92846017549846 8
    endloop
  endfacet
  facet normal 0.7372773368101253 0.6755902076156588 0
    outer loop
      vertex -11.131370849898476 -37.03137084989847 4
      vertex -11.225671108990365 -36.92846017549846 8
      vertex -11.131370849898476 -37.03137084989847 8
    endloop
  endfacet
  facet normal 0.6755902076156581 0.7372773368101257 0
    outer loop
      vertex -11.028460175498463 -37.12567110899036 4
      vertex -11.131370849898476 -37.03137084989847 8
      vertex -11.028460175498463 -37.12567110899036 8
    endloop
  endfacet
  facet normal 0.6087614290087314 0.7933533402912268 0
    outer loop
      vertex -10.917722298161674 -37.210643270862384 4
      vertex -11.028460175498463 -37.12567110899036 8
      vertex -10.917722298161674 -37.210643270862384 8
    endloop
  endfacet
  facet normal 0.5372996083468281 0.8433914458128831 0
    outer loop
      vertex -10.8 -37.2856406460551 4
      vertex -10.917722298161674 -37.210643270862384 8
      vertex -10.8 -37.2856406460551 8
    endloop
  endfacet
  facet normal 0.8870108331782172 0.46174861323504274 0
    outer loop
      vertex -11.385640646055101 -36.699999999999996 4
      vertex -11.45009245925864 -36.57618921878512 8
      vertex -11.385640646055101 -36.699999999999996 8
    endloop
  endfacet
  facet normal 0.8433914458128887 0.537299608346819 0
    outer loop
      vertex -11.310643270862387 -36.81772229816167 4
      vertex -11.385640646055101 -36.699999999999996 8
      vertex -11.310643270862387 -36.81772229816167 8
    endloop
  endfacet
  facet normal 0.38268343236507674 0.9238795325112922 0
    outer loop
      vertex -10.54723222932107 -37.40350819325745 8
      vertex -10.54723222932107 -37.40350819325745 4
      vertex -10.676189218785119 -37.35009245925864 8
    endloop
  endfacet
  facet normal 0.3007057995042627 0.9537169507482302 0
    outer loop
      vertex -10.414110472164033 -37.445481322062506 8
      vertex -10.414110472164033 -37.445481322062506 4
      vertex -10.54723222932107 -37.40350819325745 8
    endloop
  endfacet
  facet normal 0.46174861323504235 0.8870108331782174 0
    outer loop
      vertex -10.676189218785119 -37.35009245925864 4
      vertex -10.8 -37.2856406460551 8
      vertex -10.676189218785119 -37.35009245925864 8
    endloop
  endfacet
  facet normal 0.21643961393812988 0.9762960071199274 0
    outer loop
      vertex -10.27783708426709 -37.47569240481953 8
      vertex -10.27783708426709 -37.47569240481953 4
      vertex -10.414110472164033 -37.445481322062506 8
    endloop
  endfacet
  facet normal 0.1305261922200171 0.991444861373815 0
    outer loop
      vertex -10.139449188396252 -37.49391151694679 8
      vertex -10.139449188396252 -37.49391151694679 4
      vertex -10.27783708426709 -37.47569240481953 8
    endloop
  endfacet
  facet normal 0.04361938736536911 0.9990482215818562 0
    outer loop
      vertex -10 -37.5 8
      vertex -10 -37.5 4
      vertex -10.139449188396252 -37.49391151694679 8
    endloop
  endfacet
  facet normal 0.8870108331782172 -0.46174861323504274 0
    outer loop
      vertex -11.45009245925864 -35.22381078121488 4
      vertex -11.385640646055101 -35.1 8
      vertex -11.45009245925864 -35.22381078121488 8
    endloop
  endfacet
  facet normal 0.8433914458128887 -0.537299608346819 0
    outer loop
      vertex -11.385640646055101 -35.1 4
      vertex -11.310643270862387 -34.98227770183833 8
      vertex -11.385640646055101 -35.1 8
    endloop
  endfacet
  facet normal 0.793353340291233 -0.6087614290087234 0
    outer loop
      vertex -11.310643270862387 -34.98227770183833 4
      vertex -11.225671108990365 -34.87153982450154 8
      vertex -11.310643270862387 -34.98227770183833 8
    endloop
  endfacet
  facet normal 0.7372773368101253 -0.6755902076156588 0
    outer loop
      vertex -11.225671108990365 -34.87153982450154 4
      vertex -11.131370849898476 -34.768629150101525 8
      vertex -11.225671108990365 -34.87153982450154 8
    endloop
  endfacet
  facet normal 0.6755902076156581 -0.7372773368101257 0
    outer loop
      vertex -11.131370849898476 -34.768629150101525 4
      vertex -11.028460175498463 -34.67432889100964 8
      vertex -11.131370849898476 -34.768629150101525 8
    endloop
  endfacet
  facet normal 0.6087614290087314 -0.7933533402912268 0
    outer loop
      vertex -11.028460175498463 -34.67432889100964 4
      vertex -10.917722298161674 -34.58935672913761 8
      vertex -11.028460175498463 -34.67432889100964 8
    endloop
  endfacet
  facet normal 0.5372996083468281 -0.8433914458128831 0
    outer loop
      vertex -10.917722298161674 -34.58935672913761 4
      vertex -10.8 -34.5143593539449 8
      vertex -10.917722298161674 -34.58935672913761 8
    endloop
  endfacet
  facet normal 0.46174861323504235 -0.8870108331782174 0
    outer loop
      vertex -10.8 -34.5143593539449 4
      vertex -10.676189218785119 -34.44990754074136 8
      vertex -10.8 -34.5143593539449 8
    endloop
  endfacet
  facet normal 0.38268343236507674 -0.9238795325112922 0
    outer loop
      vertex -10.676189218785119 -34.44990754074136 4
      vertex -10.54723222932107 -34.396491806742546 8
      vertex -10.676189218785119 -34.44990754074136 8
    endloop
  endfacet
  facet normal 0.3007057995042627 -0.9537169507482302 0
    outer loop
      vertex -10.54723222932107 -34.396491806742546 4
      vertex -10.414110472164033 -34.35451867793749 8
      vertex -10.54723222932107 -34.396491806742546 8
    endloop
  endfacet
  facet normal 0.21643961393812988 -0.9762960071199274 0
    outer loop
      vertex -10.414110472164033 -34.35451867793749 4
      vertex -10.27783708426709 -34.324307595180464 8
      vertex -10.414110472164033 -34.35451867793749 8
    endloop
  endfacet
  facet normal 0.1305261922200171 -0.991444861373815 0
    outer loop
      vertex -10.27783708426709 -34.324307595180464 4
      vertex -10.139449188396252 -34.30608848305321 8
      vertex -10.27783708426709 -34.324307595180464 8
    endloop
  endfacet
  facet normal 0.04361938736536911 -0.9990482215818562 0
    outer loop
      vertex -10.139449188396252 -34.30608848305321 4
      vertex -10 -34.3 8
      vertex -10.139449188396252 -34.30608848305321 8
    endloop
  endfacet
  facet normal -0.04361938736536911 0.9990482215818562 0
    outer loop
      vertex -9.860550811603748 -37.49391151694679 8
      vertex -9.860550811603748 -37.49391151694679 4
      vertex -10 -37.5 8
    endloop
  endfacet
  facet normal -0.1305261922200171 0.991444861373815 0
    outer loop
      vertex -9.72216291573291 -37.47569240481953 8
      vertex -9.72216291573291 -37.47569240481953 4
      vertex -9.860550811603748 -37.49391151694679 8
    endloop
  endfacet
  facet normal -0.21643961393812988 0.9762960071199274 0
    outer loop
      vertex -9.585889527835967 -37.445481322062506 8
      vertex -9.585889527835967 -37.445481322062506 4
      vertex -9.72216291573291 -37.47569240481953 8
    endloop
  endfacet
  facet normal -0.3007057995042627 0.9537169507482302 0
    outer loop
      vertex -9.45276777067893 -37.40350819325745 4
      vertex -9.585889527835967 -37.445481322062506 8
      vertex -9.45276777067893 -37.40350819325745 8
    endloop
  endfacet
  facet normal -0.38268343236507674 0.9238795325112922 0
    outer loop
      vertex -9.323810781214881 -37.35009245925864 8
      vertex -9.323810781214881 -37.35009245925864 4
      vertex -9.45276777067893 -37.40350819325745 8
    endloop
  endfacet
  facet normal -0.46174861323504235 0.8870108331782174 0
    outer loop
      vertex -9.2 -37.2856406460551 8
      vertex -9.2 -37.2856406460551 4
      vertex -9.323810781214881 -37.35009245925864 8
    endloop
  endfacet
  facet normal -0.5372996083468281 0.8433914458128831 0
    outer loop
      vertex -9.082277701838326 -37.210643270862384 8
      vertex -9.082277701838326 -37.210643270862384 4
      vertex -9.2 -37.2856406460551 8
    endloop
  endfacet
  facet normal -0.6087614290087314 0.7933533402912268 0
    outer loop
      vertex -8.971539824501537 -37.12567110899036 8
      vertex -8.971539824501537 -37.12567110899036 4
      vertex -9.082277701838326 -37.210643270862384 8
    endloop
  endfacet
  facet normal -0.6755902076156581 0.7372773368101257 0
    outer loop
      vertex -8.868629150101524 -37.03137084989847 8
      vertex -8.868629150101524 -37.03137084989847 4
      vertex -8.971539824501537 -37.12567110899036 8
    endloop
  endfacet
  facet normal -0.7372773368101253 0.6755902076156588 -1.396405212833555e-18
    outer loop
      vertex -8.868629150101524 -37.03137084989847 8
      vertex -8.774328891009635 -36.92846017549846 8
      vertex -8.774328891009635 -36.92846017549846 4
    endloop
  endfacet
  facet normal -0.793353340291233 0.6087614290087234 -2.706928721180339e-19
    outer loop
      vertex -8.774328891009635 -36.92846017549846 8
      vertex -8.689356729137613 -36.81772229816167 8
      vertex -8.689356729137613 -36.81772229816167 4
    endloop
  endfacet
  facet normal -0.8433914458128887 0.537299608346819 -1.0059250032324584e-18
    outer loop
      vertex -8.689356729137613 -36.81772229816167 8
      vertex -8.614359353944899 -36.699999999999996 8
      vertex -8.614359353944899 -36.699999999999996 4
    endloop
  endfacet
  facet normal -0.1305261922200171 -0.991444861373815 0
    outer loop
      vertex -9.860550811603748 -34.30608848305321 4
      vertex -9.72216291573291 -34.324307595180464 8
      vertex -9.860550811603748 -34.30608848305321 8
    endloop
  endfacet
  facet normal -0.21643961393812988 -0.9762960071199274 0
    outer loop
      vertex -9.72216291573291 -34.324307595180464 4
      vertex -9.585889527835967 -34.35451867793749 8
      vertex -9.72216291573291 -34.324307595180464 8
    endloop
  endfacet
  facet normal -0.04361938736536911 -0.9990482215818562 0
    outer loop
      vertex -10 -34.3 4
      vertex -9.860550811603748 -34.30608848305321 8
      vertex -10 -34.3 8
    endloop
  endfacet
  facet normal -0.3007057995042627 -0.9537169507482302 0
    outer loop
      vertex -9.585889527835967 -34.35451867793749 4
      vertex -9.45276777067893 -34.396491806742546 8
      vertex -9.585889527835967 -34.35451867793749 8
    endloop
  endfacet
  facet normal -0.38268343236507674 -0.9238795325112922 0
    outer loop
      vertex -9.45276777067893 -34.396491806742546 4
      vertex -9.323810781214881 -34.44990754074136 8
      vertex -9.45276777067893 -34.396491806742546 8
    endloop
  endfacet
  facet normal -0.8870108331782172 -0.46174861323504274 0
    outer loop
      vertex -8.614359353944899 -35.1 4
      vertex -8.54990754074136 -35.22381078121488 8
      vertex -8.614359353944899 -35.1 8
    endloop
  endfacet
  facet normal -0.793353340291233 -0.6087614290087234 0
    outer loop
      vertex -8.774328891009635 -34.87153982450154 4
      vertex -8.689356729137613 -34.98227770183833 8
      vertex -8.774328891009635 -34.87153982450154 8
    endloop
  endfacet
  facet normal -0.8433914458128887 -0.537299608346819 0
    outer loop
      vertex -8.689356729137613 -34.98227770183833 4
      vertex -8.614359353944899 -35.1 8
      vertex -8.689356729137613 -34.98227770183833 8
    endloop
  endfacet
  facet normal -0.46174861323504235 -0.8870108331782174 0
    outer loop
      vertex -9.323810781214881 -34.44990754074136 4
      vertex -9.2 -34.5143593539449 8
      vertex -9.323810781214881 -34.44990754074136 8
    endloop
  endfacet
  facet normal -0.5372996083468281 -0.8433914458128831 0
    outer loop
      vertex -9.2 -34.5143593539449 4
      vertex -9.082277701838326 -34.58935672913761 8
      vertex -9.2 -34.5143593539449 8
    endloop
  endfacet
  facet normal -0.6087614290087314 -0.7933533402912268 0
    outer loop
      vertex -9.082277701838326 -34.58935672913761 4
      vertex -8.971539824501537 -34.67432889100964 8
      vertex -9.082277701838326 -34.58935672913761 8
    endloop
  endfacet
  facet normal -0.6755902076156581 -0.7372773368101257 0
    outer loop
      vertex -8.971539824501537 -34.67432889100964 4
      vertex -8.868629150101524 -34.768629150101525 8
      vertex -8.971539824501537 -34.67432889100964 8
    endloop
  endfacet
  facet normal -0.7372773368101253 -0.6755902076156588 0
    outer loop
      vertex -8.868629150101524 -34.768629150101525 4
      vertex -8.774328891009635 -34.87153982450154 8
      vertex -8.868629150101524 -34.768629150101525 8
    endloop
  endfacet
  facet normal -0.8870108331782172 0.46174861323504274 1.2530726701196257e-18
    outer loop
      vertex -8.614359353944899 -36.699999999999996 8
      vertex -8.54990754074136 -36.57618921878512 8
      vertex -8.54990754074136 -36.57618921878512 4
    endloop
  endfacet
  facet normal -0.9238795325112895 0.38268343236508306 -2.69057428840708e-19
    outer loop
      vertex -8.54990754074136 -36.57618921878512 8
      vertex -8.496491806742547 -36.44723222932107 8
      vertex -8.496491806742547 -36.44723222932107 4
    endloop
  endfacet
  facet normal -0.9537169507482254 0.3007057995042779 -1.3337758115541173e-19
    outer loop
      vertex -8.496491806742547 -36.44723222932107 8
      vertex -8.454518677937491 -36.31411047216403 8
      vertex -8.454518677937491 -36.31411047216403 4
    endloop
  endfacet
  facet normal -0.9762960071199321 0.21643961393810832 6.645554508325895e-19
    outer loop
      vertex -8.454518677937491 -36.31411047216403 8
      vertex -8.424307595180467 -36.17783708426709 8
      vertex -8.424307595180467 -36.17783708426709 4
    endloop
  endfacet
  facet normal -0.9914448613738097 0.13052619222005626 -9.58182992491316e-21
    outer loop
      vertex -8.424307595180467 -36.17783708426709 8
      vertex -8.406088483053207 -36.039449188396254 8
      vertex -8.406088483053207 -36.039449188396254 4
    endloop
  endfacet
  facet normal -0.9990482215818581 0.0436193873653299 1.414225306840951e-20
    outer loop
      vertex -8.406088483053207 -36.039449188396254 8
      vertex -8.4 -35.9 8
      vertex -8.4 -35.9 4
    endloop
  endfacet
  facet normal -0.9914448613738097 -0.13052619222005626 9.58182992491316e-21
    outer loop
      vertex -8.406088483053207 -35.76055081160374 8
      vertex -8.424307595180467 -35.62216291573291 8
      vertex -8.424307595180467 -35.62216291573291 4
    endloop
  endfacet
  facet normal -0.9762960071199321 -0.21643961393810832 -6.645554508325895e-19
    outer loop
      vertex -8.424307595180467 -35.62216291573291 8
      vertex -8.454518677937491 -35.485889527835965 8
      vertex -8.454518677937491 -35.485889527835965 4
    endloop
  endfacet
  facet normal -0.9537169507482254 -0.3007057995042779 0
    outer loop
      vertex -8.496491806742547 -35.35276777067893 4
      vertex -8.454518677937491 -35.485889527835965 8
      vertex -8.496491806742547 -35.35276777067893 8
    endloop
  endfacet
  facet normal -0.9990482215818581 -0.0436193873653299 -1.414225306840951e-20
    outer loop
      vertex -8.4 -35.9 8
      vertex -8.406088483053207 -35.76055081160374 8
      vertex -8.406088483053207 -35.76055081160374 4
    endloop
  endfacet
  facet normal -0.9238795325112895 -0.38268343236508306 0
    outer loop
      vertex -8.54990754074136 -35.22381078121488 4
      vertex -8.496491806742547 -35.35276777067893 8
      vertex -8.54990754074136 -35.22381078121488 8
    endloop
  endfacet
  facet normal 0.8870108331782172 0.46174861323504274 0
    outer loop
      vertex 8.54990754074136 -36.57618921878512 8
      vertex 8.614359353944899 -36.699999999999996 4
      vertex 8.54990754074136 -36.57618921878512 4
    endloop
  endfacet
  facet normal 0.9537169507482254 0.3007057995042779 0
    outer loop
      vertex 8.454518677937491 -36.31411047216403 8
      vertex 8.496491806742547 -36.44723222932107 4
      vertex 8.454518677937491 -36.31411047216403 4
    endloop
  endfacet
  facet normal 0.9238795325112895 0.38268343236508306 0
    outer loop
      vertex 8.496491806742547 -36.44723222932107 8
      vertex 8.54990754074136 -36.57618921878512 4
      vertex 8.496491806742547 -36.44723222932107 4
    endloop
  endfacet
  facet normal 0.9990482215818581 0.0436193873653299 0
    outer loop
      vertex 8.4 -35.9 8
      vertex 8.406088483053207 -36.039449188396254 4
      vertex 8.4 -35.9 4
    endloop
  endfacet
  facet normal 0.9762960071199321 0.21643961393810832 0
    outer loop
      vertex 8.424307595180467 -36.17783708426709 8
      vertex 8.454518677937491 -36.31411047216403 4
      vertex 8.424307595180467 -36.17783708426709 4
    endloop
  endfacet
  facet normal 0.9914448613738097 0.13052619222005626 0
    outer loop
      vertex 8.406088483053207 -36.039449188396254 8
      vertex 8.424307595180467 -36.17783708426709 4
      vertex 8.406088483053207 -36.039449188396254 4
    endloop
  endfacet
  facet normal 0.9990482215818581 -0.0436193873653299 0
    outer loop
      vertex 8.406088483053207 -35.76055081160374 8
      vertex 8.4 -35.9 4
      vertex 8.406088483053207 -35.76055081160374 4
    endloop
  endfacet
  facet normal 0.9914448613738097 -0.13052619222005626 -9.58182992491316e-21
    outer loop
      vertex 8.406088483053207 -35.76055081160374 4
      vertex 8.424307595180467 -35.62216291573291 4
      vertex 8.424307595180467 -35.62216291573291 8
    endloop
  endfacet
  facet normal 0.9762960071199321 -0.21643961393810832 6.645554508325895e-19
    outer loop
      vertex 8.424307595180467 -35.62216291573291 4
      vertex 8.454518677937491 -35.485889527835965 4
      vertex 8.454518677937491 -35.485889527835965 8
    endloop
  endfacet
  facet normal 0.9537169507482254 -0.3007057995042779 -1.3337758115541173e-19
    outer loop
      vertex 8.454518677937491 -35.485889527835965 4
      vertex 8.496491806742547 -35.35276777067893 4
      vertex 8.496491806742547 -35.35276777067893 8
    endloop
  endfacet
  facet normal 0.9238795325112895 -0.38268343236508306 -2.69057428840708e-19
    outer loop
      vertex 8.496491806742547 -35.35276777067893 4
      vertex 8.54990754074136 -35.22381078121488 4
      vertex 8.54990754074136 -35.22381078121488 8
    endloop
  endfacet
  facet normal 0.793353340291233 0.6087614290087234 0
    outer loop
      vertex 8.689356729137613 -36.81772229816167 8
      vertex 8.774328891009635 -36.92846017549846 4
      vertex 8.689356729137613 -36.81772229816167 4
    endloop
  endfacet
  facet normal 0.7372773368101253 0.6755902076156588 0
    outer loop
      vertex 8.774328891009635 -36.92846017549846 8
      vertex 8.868629150101524 -37.03137084989847 4
      vertex 8.774328891009635 -36.92846017549846 4
    endloop
  endfacet
  facet normal 0.6755902076156581 0.7372773368101257 1.2224006726256331e-18
    outer loop
      vertex 8.971539824501537 -37.12567110899036 4
      vertex 8.868629150101524 -37.03137084989847 4
      vertex 8.868629150101524 -37.03137084989847 8
    endloop
  endfacet
  facet normal 0.6087614290087314 0.7933533402912268 0
    outer loop
      vertex 8.971539824501537 -37.12567110899036 8
      vertex 9.082277701838326 -37.210643270862384 4
      vertex 8.971539824501537 -37.12567110899036 4
    endloop
  endfacet
  facet normal 0.5372996083468281 0.8433914458128831 0
    outer loop
      vertex 9.082277701838326 -37.210643270862384 8
      vertex 9.2 -37.2856406460551 4
      vertex 9.082277701838326 -37.210643270862384 4
    endloop
  endfacet
  facet normal 0.46174861323504235 0.8870108331782174 0
    outer loop
      vertex 9.2 -37.2856406460551 8
      vertex 9.323810781214881 -37.35009245925864 4
      vertex 9.2 -37.2856406460551 4
    endloop
  endfacet
  facet normal 0.8433914458128887 0.537299608346819 0
    outer loop
      vertex 8.614359353944899 -36.699999999999996 8
      vertex 8.689356729137613 -36.81772229816167 4
      vertex 8.614359353944899 -36.699999999999996 4
    endloop
  endfacet
  facet normal 0.38268343236507674 0.9238795325112922 0
    outer loop
      vertex 9.323810781214881 -37.35009245925864 8
      vertex 9.45276777067893 -37.40350819325745 4
      vertex 9.323810781214881 -37.35009245925864 4
    endloop
  endfacet
  facet normal 0.3007057995042627 0.9537169507482302 0
    outer loop
      vertex 9.45276777067893 -37.40350819325745 8
      vertex 9.585889527835967 -37.445481322062506 4
      vertex 9.45276777067893 -37.40350819325745 4
    endloop
  endfacet
  facet normal 0.21643961393812988 0.9762960071199274 0
    outer loop
      vertex 9.585889527835967 -37.445481322062506 8
      vertex 9.72216291573291 -37.47569240481953 4
      vertex 9.585889527835967 -37.445481322062506 4
    endloop
  endfacet
  facet normal 0.1305261922200171 0.991444861373815 0
    outer loop
      vertex 9.72216291573291 -37.47569240481953 8
      vertex 9.860550811603748 -37.49391151694679 4
      vertex 9.72216291573291 -37.47569240481953 4
    endloop
  endfacet
  facet normal 0.04361938736536911 0.9990482215818562 0
    outer loop
      vertex 9.860550811603748 -37.49391151694679 8
      vertex 10 -37.5 4
      vertex 9.860550811603748 -37.49391151694679 4
    endloop
  endfacet
  facet normal 0.8870108331782172 -0.46174861323504274 1.2530726701196257e-18
    outer loop
      vertex 8.54990754074136 -35.22381078121488 4
      vertex 8.614359353944899 -35.1 4
      vertex 8.614359353944899 -35.1 8
    endloop
  endfacet
  facet normal 0.8433914458128887 -0.537299608346819 -1.0059250032324584e-18
    outer loop
      vertex 8.614359353944899 -35.1 4
      vertex 8.689356729137613 -34.98227770183833 4
      vertex 8.689356729137613 -34.98227770183833 8
    endloop
  endfacet
  facet normal 0.793353340291233 -0.6087614290087234 -2.706928721180339e-19
    outer loop
      vertex 8.689356729137613 -34.98227770183833 4
      vertex 8.774328891009635 -34.87153982450154 4
      vertex 8.774328891009635 -34.87153982450154 8
    endloop
  endfacet
  facet normal 0.7372773368101253 -0.6755902076156588 -1.396405212833555e-18
    outer loop
      vertex 8.774328891009635 -34.87153982450154 4
      vertex 8.868629150101524 -34.768629150101525 4
      vertex 8.868629150101524 -34.768629150101525 8
    endloop
  endfacet
  facet normal 0.6755902076156581 -0.7372773368101257 0
    outer loop
      vertex 8.971539824501537 -34.67432889100964 4
      vertex 8.971539824501537 -34.67432889100964 8
      vertex 8.868629150101524 -34.768629150101525 4
    endloop
  endfacet
  facet normal 0.6087614290087314 -0.7933533402912268 0
    outer loop
      vertex 9.082277701838326 -34.58935672913761 4
      vertex 9.082277701838326 -34.58935672913761 8
      vertex 8.971539824501537 -34.67432889100964 4
    endloop
  endfacet
  facet normal 0.5372996083468281 -0.8433914458128831 0
    outer loop
      vertex 9.2 -34.5143593539449 4
      vertex 9.2 -34.5143593539449 8
      vertex 9.082277701838326 -34.58935672913761 4
    endloop
  endfacet
  facet normal 0.46174861323504235 -0.8870108331782174 0
    outer loop
      vertex 9.323810781214881 -34.44990754074136 4
      vertex 9.323810781214881 -34.44990754074136 8
      vertex 9.2 -34.5143593539449 4
    endloop
  endfacet
  facet normal 0.38268343236507674 -0.9238795325112922 0
    outer loop
      vertex 9.45276777067893 -34.396491806742546 4
      vertex 9.45276777067893 -34.396491806742546 8
      vertex 9.323810781214881 -34.44990754074136 4
    endloop
  endfacet
  facet normal 0.3007057995042627 -0.9537169507482302 0
    outer loop
      vertex 9.585889527835967 -34.35451867793749 4
      vertex 9.585889527835967 -34.35451867793749 8
      vertex 9.45276777067893 -34.396491806742546 4
    endloop
  endfacet
  facet normal 0.21643961393812988 -0.9762960071199274 0
    outer loop
      vertex 9.72216291573291 -34.324307595180464 4
      vertex 9.72216291573291 -34.324307595180464 8
      vertex 9.585889527835967 -34.35451867793749 4
    endloop
  endfacet
  facet normal 0.1305261922200171 -0.991444861373815 0
    outer loop
      vertex 9.860550811603748 -34.30608848305321 4
      vertex 9.860550811603748 -34.30608848305321 8
      vertex 9.72216291573291 -34.324307595180464 4
    endloop
  endfacet
  facet normal 0.04361938736536911 -0.9990482215818562 0
    outer loop
      vertex 10 -34.3 4
      vertex 10 -34.3 8
      vertex 9.860550811603748 -34.30608848305321 4
    endloop
  endfacet
  facet normal -0.04361938736536911 0.9990482215818562 0
    outer loop
      vertex 10 -37.5 8
      vertex 10.139449188396252 -37.49391151694679 4
      vertex 10 -37.5 4
    endloop
  endfacet
  facet normal -0.1305261922200171 0.991444861373815 0
    outer loop
      vertex 10.139449188396252 -37.49391151694679 8
      vertex 10.27783708426709 -37.47569240481953 4
      vertex 10.139449188396252 -37.49391151694679 4
    endloop
  endfacet
  facet normal -0.21643961393812988 0.9762960071199274 0
    outer loop
      vertex 10.27783708426709 -37.47569240481953 8
      vertex 10.414110472164033 -37.445481322062506 4
      vertex 10.27783708426709 -37.47569240481953 4
    endloop
  endfacet
  facet normal -0.3007057995042627 0.9537169507482302 0
    outer loop
      vertex 10.414110472164033 -37.445481322062506 8
      vertex 10.54723222932107 -37.40350819325745 4
      vertex 10.414110472164033 -37.445481322062506 4
    endloop
  endfacet
  facet normal -0.38268343236507674 0.9238795325112922 0
    outer loop
      vertex 10.54723222932107 -37.40350819325745 4
      vertex 10.54723222932107 -37.40350819325745 8
      vertex 10.676189218785119 -37.35009245925864 4
    endloop
  endfacet
  facet normal -0.46174861323504235 0.8870108331782174 0
    outer loop
      vertex 10.676189218785119 -37.35009245925864 4
      vertex 10.676189218785119 -37.35009245925864 8
      vertex 10.8 -37.2856406460551 4
    endloop
  endfacet
  facet normal -0.5372996083468281 0.8433914458128831 0
    outer loop
      vertex 10.8 -37.2856406460551 4
      vertex 10.8 -37.2856406460551 8
      vertex 10.917722298161674 -37.210643270862384 4
    endloop
  endfacet
  facet normal -0.6087614290087314 0.7933533402912268 0
    outer loop
      vertex 10.917722298161674 -37.210643270862384 4
      vertex 10.917722298161674 -37.210643270862384 8
      vertex 11.028460175498463 -37.12567110899036 4
    endloop
  endfacet
  facet normal -0.6755902076156581 0.7372773368101257 0
    outer loop
      vertex 11.028460175498463 -37.12567110899036 4
      vertex 11.028460175498463 -37.12567110899036 8
      vertex 11.131370849898476 -37.03137084989847 4
    endloop
  endfacet
  facet normal -0.7372773368101253 0.6755902076156588 0
    outer loop
      vertex 11.131370849898476 -37.03137084989847 4
      vertex 11.131370849898476 -37.03137084989847 8
      vertex 11.225671108990365 -36.92846017549846 4
    endloop
  endfacet
  facet normal -0.793353340291233 0.6087614290087234 -2.706928721180339e-19
    outer loop
      vertex 11.310643270862387 -36.81772229816167 4
      vertex 11.225671108990365 -36.92846017549846 4
      vertex 11.225671108990365 -36.92846017549846 8
    endloop
  endfacet
  facet normal -0.8433914458128887 0.537299608346819 -1.0059250032324584e-18
    outer loop
      vertex 11.385640646055101 -36.699999999999996 4
      vertex 11.310643270862387 -36.81772229816167 4
      vertex 11.310643270862387 -36.81772229816167 8
    endloop
  endfacet
  facet normal -0.8870108331782172 0.46174861323504274 1.2530726701196257e-18
    outer loop
      vertex 11.45009245925864 -36.57618921878512 4
      vertex 11.385640646055101 -36.699999999999996 4
      vertex 11.385640646055101 -36.699999999999996 8
    endloop
  endfacet
  facet normal -0.1305261922200171 -0.991444861373815 0
    outer loop
      vertex 10.27783708426709 -34.324307595180464 4
      vertex 10.27783708426709 -34.324307595180464 8
      vertex 10.139449188396252 -34.30608848305321 4
    endloop
  endfacet
  facet normal -0.21643961393812988 -0.9762960071199274 0
    outer loop
      vertex 10.414110472164033 -34.35451867793749 4
      vertex 10.414110472164033 -34.35451867793749 8
      vertex 10.27783708426709 -34.324307595180464 4
    endloop
  endfacet
  facet normal -0.04361938736536911 -0.9990482215818562 0
    outer loop
      vertex 10.139449188396252 -34.30608848305321 4
      vertex 10.139449188396252 -34.30608848305321 8
      vertex 10 -34.3 4
    endloop
  endfacet
  facet normal -0.3007057995042627 -0.9537169507482302 0
    outer loop
      vertex 10.54723222932107 -34.396491806742546 4
      vertex 10.54723222932107 -34.396491806742546 8
      vertex 10.414110472164033 -34.35451867793749 4
    endloop
  endfacet
  facet normal -0.38268343236507674 -0.9238795325112922 0
    outer loop
      vertex 10.676189218785119 -34.44990754074136 4
      vertex 10.676189218785119 -34.44990754074136 8
      vertex 10.54723222932107 -34.396491806742546 4
    endloop
  endfacet
  facet normal -0.7372773368101253 -0.6755902076156588 1.396405212833555e-18
    outer loop
      vertex 11.131370849898476 -34.768629150101525 4
      vertex 11.225671108990365 -34.87153982450154 4
      vertex 11.225671108990365 -34.87153982450154 8
    endloop
  endfacet
  facet normal -0.8870108331782172 -0.46174861323504274 -1.2530726701196257e-18
    outer loop
      vertex 11.385640646055101 -35.1 4
      vertex 11.45009245925864 -35.22381078121488 4
      vertex 11.45009245925864 -35.22381078121488 8
    endloop
  endfacet
  facet normal -0.793353340291233 -0.6087614290087234 2.706928721180339e-19
    outer loop
      vertex 11.225671108990365 -34.87153982450154 4
      vertex 11.310643270862387 -34.98227770183833 4
      vertex 11.310643270862387 -34.98227770183833 8
    endloop
  endfacet
  facet normal -0.8433914458128887 -0.537299608346819 1.0059250032324584e-18
    outer loop
      vertex 11.310643270862387 -34.98227770183833 4
      vertex 11.385640646055101 -35.1 4
      vertex 11.385640646055101 -35.1 8
    endloop
  endfacet
  facet normal -0.5372996083468281 -0.8433914458128831 0
    outer loop
      vertex 10.917722298161674 -34.58935672913761 4
      vertex 10.917722298161674 -34.58935672913761 8
      vertex 10.8 -34.5143593539449 4
    endloop
  endfacet
  facet normal -0.46174861323504235 -0.8870108331782174 0
    outer loop
      vertex 10.8 -34.5143593539449 4
      vertex 10.8 -34.5143593539449 8
      vertex 10.676189218785119 -34.44990754074136 4
    endloop
  endfacet
  facet normal -0.6087614290087314 -0.7933533402912268 0
    outer loop
      vertex 11.028460175498463 -34.67432889100964 4
      vertex 11.028460175498463 -34.67432889100964 8
      vertex 10.917722298161674 -34.58935672913761 4
    endloop
  endfacet
  facet normal -0.6755902076156581 -0.7372773368101257 0
    outer loop
      vertex 11.131370849898476 -34.768629150101525 4
      vertex 11.131370849898476 -34.768629150101525 8
      vertex 11.028460175498463 -34.67432889100964 4
    endloop
  endfacet
  facet normal 0.9537169507482254 0.3007057995042779 1.3337758115541173e-19
    outer loop
      vertex 8.454518677937491 -36.31411047216403 8
      vertex 8.496491806742547 -36.44723222932107 8
      vertex 8.496491806742547 -36.44723222932107 4
    endloop
  endfacet
  facet normal 0.9238795325112895 0.38268343236508306 2.69057428840708e-19
    outer loop
      vertex 8.496491806742547 -36.44723222932107 8
      vertex 8.54990754074136 -36.57618921878512 8
      vertex 8.54990754074136 -36.57618921878512 4
    endloop
  endfacet
  facet normal 0.9990482215818581 0.0436193873653299 -1.414225306840951e-20
    outer loop
      vertex 8.4 -35.9 8
      vertex 8.406088483053207 -36.039449188396254 8
      vertex 8.406088483053207 -36.039449188396254 4
    endloop
  endfacet
  facet normal 0.9990482215818581 -0.0436193873653299 1.414225306840951e-20
    outer loop
      vertex 8.406088483053207 -35.76055081160374 8
      vertex 8.4 -35.9 8
      vertex 8.4 -35.9 4
    endloop
  endfacet
  facet normal 0.9762960071199321 0.21643961393810832 -6.645554508325895e-19
    outer loop
      vertex 8.424307595180467 -36.17783708426709 8
      vertex 8.454518677937491 -36.31411047216403 8
      vertex 8.454518677937491 -36.31411047216403 4
    endloop
  endfacet
  facet normal 0.9914448613738097 0.13052619222005626 9.58182992491316e-21
    outer loop
      vertex 8.406088483053207 -36.039449188396254 8
      vertex 8.424307595180467 -36.17783708426709 8
      vertex 8.424307595180467 -36.17783708426709 4
    endloop
  endfacet
  facet normal 0.9914448613738097 -0.13052619222005626 0
    outer loop
      vertex 8.406088483053207 -35.76055081160374 4
      vertex 8.424307595180467 -35.62216291573291 8
      vertex 8.406088483053207 -35.76055081160374 8
    endloop
  endfacet
  facet normal 0.9762960071199321 -0.21643961393810832 0
    outer loop
      vertex 8.424307595180467 -35.62216291573291 4
      vertex 8.454518677937491 -35.485889527835965 8
      vertex 8.424307595180467 -35.62216291573291 8
    endloop
  endfacet
  facet normal 0.9537169507482254 -0.3007057995042779 0
    outer loop
      vertex 8.454518677937491 -35.485889527835965 4
      vertex 8.496491806742547 -35.35276777067893 8
      vertex 8.454518677937491 -35.485889527835965 8
    endloop
  endfacet
  facet normal 0.9238795325112895 -0.38268343236508306 0
    outer loop
      vertex 8.496491806742547 -35.35276777067893 4
      vertex 8.54990754074136 -35.22381078121488 8
      vertex 8.496491806742547 -35.35276777067893 8
    endloop
  endfacet
  facet normal 0.8870108331782172 -0.46174861323504274 0
    outer loop
      vertex 8.54990754074136 -35.22381078121488 4
      vertex 8.614359353944899 -35.1 8
      vertex 8.54990754074136 -35.22381078121488 8
    endloop
  endfacet
  facet normal 0.793353340291233 0.6087614290087234 2.706928721180339e-19
    outer loop
      vertex 8.689356729137613 -36.81772229816167 8
      vertex 8.774328891009635 -36.92846017549846 8
      vertex 8.774328891009635 -36.92846017549846 4
    endloop
  endfacet
  facet normal 0.6755902076156581 0.7372773368101257 0
    outer loop
      vertex 8.971539824501537 -37.12567110899036 8
      vertex 8.971539824501537 -37.12567110899036 4
      vertex 8.868629150101524 -37.03137084989847 8
    endloop
  endfacet
  facet normal 0.7372773368101253 0.6755902076156588 1.396405212833555e-18
    outer loop
      vertex 8.774328891009635 -36.92846017549846 8
      vertex 8.868629150101524 -37.03137084989847 8
      vertex 8.868629150101524 -37.03137084989847 4
    endloop
  endfacet
  facet normal 0.6087614290087314 0.7933533402912268 0
    outer loop
      vertex 9.082277701838326 -37.210643270862384 8
      vertex 9.082277701838326 -37.210643270862384 4
      vertex 8.971539824501537 -37.12567110899036 8
    endloop
  endfacet
  facet normal 0.5372996083468281 0.8433914458128831 0
    outer loop
      vertex 9.2 -37.2856406460551 8
      vertex 9.2 -37.2856406460551 4
      vertex 9.082277701838326 -37.210643270862384 8
    endloop
  endfacet
  facet normal 0.46174861323504235 0.8870108331782174 0
    outer loop
      vertex 9.323810781214881 -37.35009245925864 8
      vertex 9.323810781214881 -37.35009245925864 4
      vertex 9.2 -37.2856406460551 8
    endloop
  endfacet
  facet normal 0.8433914458128887 0.537299608346819 1.0059250032324584e-18
    outer loop
      vertex 8.614359353944899 -36.699999999999996 8
      vertex 8.689356729137613 -36.81772229816167 8
      vertex 8.689356729137613 -36.81772229816167 4
    endloop
  endfacet
  facet normal 0.8870108331782172 0.46174861323504274 -1.2530726701196257e-18
    outer loop
      vertex 8.54990754074136 -36.57618921878512 8
      vertex 8.614359353944899 -36.699999999999996 8
      vertex 8.614359353944899 -36.699999999999996 4
    endloop
  endfacet
  facet normal 0.38268343236507674 0.9238795325112922 0
    outer loop
      vertex 9.45276777067893 -37.40350819325745 8
      vertex 9.45276777067893 -37.40350819325745 4
      vertex 9.323810781214881 -37.35009245925864 8
    endloop
  endfacet
  facet normal 0.3007057995042627 0.9537169507482302 0
    outer loop
      vertex 9.585889527835967 -37.445481322062506 8
      vertex 9.585889527835967 -37.445481322062506 4
      vertex 9.45276777067893 -37.40350819325745 8
    endloop
  endfacet
  facet normal 0.21643961393812988 0.9762960071199274 0
    outer loop
      vertex 9.72216291573291 -37.47569240481953 8
      vertex 9.72216291573291 -37.47569240481953 4
      vertex 9.585889527835967 -37.445481322062506 8
    endloop
  endfacet
  facet normal 0.1305261922200171 0.991444861373815 0
    outer loop
      vertex 9.860550811603748 -37.49391151694679 8
      vertex 9.860550811603748 -37.49391151694679 4
      vertex 9.72216291573291 -37.47569240481953 8
    endloop
  endfacet
  facet normal 0.04361938736536911 0.9990482215818562 0
    outer loop
      vertex 10 -37.5 8
      vertex 10 -37.5 4
      vertex 9.860550811603748 -37.49391151694679 8
    endloop
  endfacet
  facet normal 0.8433914458128887 -0.537299608346819 0
    outer loop
      vertex 8.614359353944899 -35.1 4
      vertex 8.689356729137613 -34.98227770183833 8
      vertex 8.614359353944899 -35.1 8
    endloop
  endfacet
  facet normal 0.793353340291233 -0.6087614290087234 0
    outer loop
      vertex 8.689356729137613 -34.98227770183833 4
      vertex 8.774328891009635 -34.87153982450154 8
      vertex 8.689356729137613 -34.98227770183833 8
    endloop
  endfacet
  facet normal 0.7372773368101253 -0.6755902076156588 0
    outer loop
      vertex 8.774328891009635 -34.87153982450154 4
      vertex 8.868629150101524 -34.768629150101525 8
      vertex 8.774328891009635 -34.87153982450154 8
    endloop
  endfacet
  facet normal 0.6755902076156581 -0.7372773368101257 0
    outer loop
      vertex 8.868629150101524 -34.768629150101525 4
      vertex 8.971539824501537 -34.67432889100964 8
      vertex 8.868629150101524 -34.768629150101525 8
    endloop
  endfacet
  facet normal 0.6087614290087314 -0.7933533402912268 0
    outer loop
      vertex 8.971539824501537 -34.67432889100964 4
      vertex 9.082277701838326 -34.58935672913761 8
      vertex 8.971539824501537 -34.67432889100964 8
    endloop
  endfacet
  facet normal 0.5372996083468281 -0.8433914458128831 0
    outer loop
      vertex 9.082277701838326 -34.58935672913761 4
      vertex 9.2 -34.5143593539449 8
      vertex 9.082277701838326 -34.58935672913761 8
    endloop
  endfacet
  facet normal 0.46174861323504235 -0.8870108331782174 0
    outer loop
      vertex 9.2 -34.5143593539449 4
      vertex 9.323810781214881 -34.44990754074136 8
      vertex 9.2 -34.5143593539449 8
    endloop
  endfacet
  facet normal 0.38268343236507674 -0.9238795325112922 0
    outer loop
      vertex 9.323810781214881 -34.44990754074136 4
      vertex 9.45276777067893 -34.396491806742546 8
      vertex 9.323810781214881 -34.44990754074136 8
    endloop
  endfacet
  facet normal 0.3007057995042627 -0.9537169507482302 0
    outer loop
      vertex 9.45276777067893 -34.396491806742546 4
      vertex 9.585889527835967 -34.35451867793749 8
      vertex 9.45276777067893 -34.396491806742546 8
    endloop
  endfacet
  facet normal 0.21643961393812988 -0.9762960071199274 0
    outer loop
      vertex 9.585889527835967 -34.35451867793749 4
      vertex 9.72216291573291 -34.324307595180464 8
      vertex 9.585889527835967 -34.35451867793749 8
    endloop
  endfacet
  facet normal 0.1305261922200171 -0.991444861373815 0
    outer loop
      vertex 9.72216291573291 -34.324307595180464 4
      vertex 9.860550811603748 -34.30608848305321 8
      vertex 9.72216291573291 -34.324307595180464 8
    endloop
  endfacet
  facet normal 0.04361938736536911 -0.9990482215818562 0
    outer loop
      vertex 9.860550811603748 -34.30608848305321 4
      vertex 10 -34.3 8
      vertex 9.860550811603748 -34.30608848305321 8
    endloop
  endfacet
  facet normal -0.04361938736536911 0.9990482215818562 0
    outer loop
      vertex 10.139449188396252 -37.49391151694679 8
      vertex 10.139449188396252 -37.49391151694679 4
      vertex 10 -37.5 8
    endloop
  endfacet
  facet normal -0.1305261922200171 0.991444861373815 0
    outer loop
      vertex 10.27783708426709 -37.47569240481953 8
      vertex 10.27783708426709 -37.47569240481953 4
      vertex 10.139449188396252 -37.49391151694679 8
    endloop
  endfacet
  facet normal -0.21643961393812988 0.9762960071199274 0
    outer loop
      vertex 10.414110472164033 -37.445481322062506 8
      vertex 10.414110472164033 -37.445481322062506 4
      vertex 10.27783708426709 -37.47569240481953 8
    endloop
  endfacet
  facet normal -0.3007057995042627 0.9537169507482302 0
    outer loop
      vertex 10.54723222932107 -37.40350819325745 4
      vertex 10.414110472164033 -37.445481322062506 8
      vertex 10.54723222932107 -37.40350819325745 8
    endloop
  endfacet
  facet normal -0.38268343236507674 0.9238795325112922 0
    outer loop
      vertex 10.676189218785119 -37.35009245925864 4
      vertex 10.54723222932107 -37.40350819325745 8
      vertex 10.676189218785119 -37.35009245925864 8
    endloop
  endfacet
  facet normal -0.46174861323504235 0.8870108331782174 0
    outer loop
      vertex 10.8 -37.2856406460551 4
      vertex 10.676189218785119 -37.35009245925864 8
      vertex 10.8 -37.2856406460551 8
    endloop
  endfacet
  facet normal -0.5372996083468281 0.8433914458128831 0
    outer loop
      vertex 10.917722298161674 -37.210643270862384 4
      vertex 10.8 -37.2856406460551 8
      vertex 10.917722298161674 -37.210643270862384 8
    endloop
  endfacet
  facet normal -0.6087614290087314 0.7933533402912268 0
    outer loop
      vertex 11.028460175498463 -37.12567110899036 4
      vertex 10.917722298161674 -37.210643270862384 8
      vertex 11.028460175498463 -37.12567110899036 8
    endloop
  endfacet
  facet normal -0.6755902076156581 0.7372773368101257 0
    outer loop
      vertex 11.131370849898476 -37.03137084989847 4
      vertex 11.028460175498463 -37.12567110899036 8
      vertex 11.131370849898476 -37.03137084989847 8
    endloop
  endfacet
  facet normal -0.7372773368101253 0.6755902076156588 0
    outer loop
      vertex 11.225671108990365 -36.92846017549846 4
      vertex 11.131370849898476 -37.03137084989847 8
      vertex 11.225671108990365 -36.92846017549846 8
    endloop
  endfacet
  facet normal -0.793353340291233 0.6087614290087234 0
    outer loop
      vertex 11.310643270862387 -36.81772229816167 4
      vertex 11.225671108990365 -36.92846017549846 8
      vertex 11.310643270862387 -36.81772229816167 8
    endloop
  endfacet
  facet normal -0.8433914458128887 0.537299608346819 0
    outer loop
      vertex 11.385640646055101 -36.699999999999996 4
      vertex 11.310643270862387 -36.81772229816167 8
      vertex 11.385640646055101 -36.699999999999996 8
    endloop
  endfacet
  facet normal -0.8870108331782172 0.46174861323504274 0
    outer loop
      vertex 11.45009245925864 -36.57618921878512 4
      vertex 11.385640646055101 -36.699999999999996 8
      vertex 11.45009245925864 -36.57618921878512 8
    endloop
  endfacet
  facet normal -0.1305261922200171 -0.991444861373815 0
    outer loop
      vertex 10.139449188396252 -34.30608848305321 4
      vertex 10.27783708426709 -34.324307595180464 8
      vertex 10.139449188396252 -34.30608848305321 8
    endloop
  endfacet
  facet normal -0.21643961393812988 -0.9762960071199274 0
    outer loop
      vertex 10.27783708426709 -34.324307595180464 4
      vertex 10.414110472164033 -34.35451867793749 8
      vertex 10.27783708426709 -34.324307595180464 8
    endloop
  endfacet
  facet normal -0.04361938736536911 -0.9990482215818562 0
    outer loop
      vertex 10 -34.3 4
      vertex 10.139449188396252 -34.30608848305321 8
      vertex 10 -34.3 8
    endloop
  endfacet
  facet normal -0.3007057995042627 -0.9537169507482302 0
    outer loop
      vertex 10.414110472164033 -34.35451867793749 4
      vertex 10.54723222932107 -34.396491806742546 8
      vertex 10.414110472164033 -34.35451867793749 8
    endloop
  endfacet
  facet normal -0.38268343236507674 -0.9238795325112922 0
    outer loop
      vertex 10.54723222932107 -34.396491806742546 4
      vertex 10.676189218785119 -34.44990754074136 8
      vertex 10.54723222932107 -34.396491806742546 8
    endloop
  endfacet
  facet normal -0.46174861323504235 -0.8870108331782174 0
    outer loop
      vertex 10.676189218785119 -34.44990754074136 4
      vertex 10.8 -34.5143593539449 8
      vertex 10.676189218785119 -34.44990754074136 8
    endloop
  endfacet
  facet normal -0.793353340291233 -0.6087614290087234 0
    outer loop
      vertex 11.225671108990365 -34.87153982450154 4
      vertex 11.310643270862387 -34.98227770183833 8
      vertex 11.225671108990365 -34.87153982450154 8
    endloop
  endfacet
  facet normal -0.8870108331782172 -0.46174861323504274 0
    outer loop
      vertex 11.385640646055101 -35.1 4
      vertex 11.45009245925864 -35.22381078121488 8
      vertex 11.385640646055101 -35.1 8
    endloop
  endfacet
  facet normal -0.8433914458128887 -0.537299608346819 0
    outer loop
      vertex 11.310643270862387 -34.98227770183833 4
      vertex 11.385640646055101 -35.1 8
      vertex 11.310643270862387 -34.98227770183833 8
    endloop
  endfacet
  facet normal -0.5372996083468281 -0.8433914458128831 0
    outer loop
      vertex 10.8 -34.5143593539449 4
      vertex 10.917722298161674 -34.58935672913761 8
      vertex 10.8 -34.5143593539449 8
    endloop
  endfacet
  facet normal -0.6087614290087314 -0.7933533402912268 0
    outer loop
      vertex 10.917722298161674 -34.58935672913761 4
      vertex 11.028460175498463 -34.67432889100964 8
      vertex 10.917722298161674 -34.58935672913761 8
    endloop
  endfacet
  facet normal -0.6755902076156581 -0.7372773368101257 0
    outer loop
      vertex 11.028460175498463 -34.67432889100964 4
      vertex 11.131370849898476 -34.768629150101525 8
      vertex 11.028460175498463 -34.67432889100964 8
    endloop
  endfacet
  facet normal -0.7372773368101253 -0.6755902076156588 0
    outer loop
      vertex 11.131370849898476 -34.768629150101525 4
      vertex 11.225671108990365 -34.87153982450154 8
      vertex 11.131370849898476 -34.768629150101525 8
    endloop
  endfacet
  facet normal -0.9238795325112895 0.38268343236508306 -2.69057428840708e-19
    outer loop
      vertex 11.503508193257453 -36.44723222932107 4
      vertex 11.45009245925864 -36.57618921878512 4
      vertex 11.45009245925864 -36.57618921878512 8
    endloop
  endfacet
  facet normal -0.9537169507482254 0.3007057995042779 -1.3337758115541173e-19
    outer loop
      vertex 11.545481322062509 -36.31411047216403 4
      vertex 11.503508193257453 -36.44723222932107 4
      vertex 11.503508193257453 -36.44723222932107 8
    endloop
  endfacet
  facet normal -0.9762960071199321 0.21643961393810832 6.645554508325895e-19
    outer loop
      vertex 11.575692404819533 -36.17783708426709 4
      vertex 11.545481322062509 -36.31411047216403 4
      vertex 11.545481322062509 -36.31411047216403 8
    endloop
  endfacet
  facet normal -0.9914448613738097 0.13052619222005626 -9.58182992491316e-21
    outer loop
      vertex 11.593911516946793 -36.039449188396254 4
      vertex 11.575692404819533 -36.17783708426709 4
      vertex 11.575692404819533 -36.17783708426709 8
    endloop
  endfacet
  facet normal -0.9990482215818581 0.0436193873653299 1.414225306840951e-20
    outer loop
      vertex 11.6 -35.9 4
      vertex 11.593911516946793 -36.039449188396254 4
      vertex 11.593911516946793 -36.039449188396254 8
    endloop
  endfacet
  facet normal -0.9990482215818581 -0.0436193873653299 -1.414225306840951e-20
    outer loop
      vertex 11.593911516946793 -35.76055081160374 4
      vertex 11.6 -35.9 4
      vertex 11.6 -35.9 8
    endloop
  endfacet
  facet normal -0.9914448613738097 -0.13052619222005626 9.58182992491316e-21
    outer loop
      vertex 11.575692404819533 -35.62216291573291 4
      vertex 11.593911516946793 -35.76055081160374 4
      vertex 11.593911516946793 -35.76055081160374 8
    endloop
  endfacet
  facet normal -0.9762960071199321 -0.21643961393810832 -6.645554508325895e-19
    outer loop
      vertex 11.545481322062509 -35.485889527835965 4
      vertex 11.575692404819533 -35.62216291573291 4
      vertex 11.575692404819533 -35.62216291573291 8
    endloop
  endfacet
  facet normal -0.9537169507482254 -0.3007057995042779 1.3337758115541173e-19
    outer loop
      vertex 11.503508193257453 -35.35276777067893 4
      vertex 11.545481322062509 -35.485889527835965 4
      vertex 11.545481322062509 -35.485889527835965 8
    endloop
  endfacet
  facet normal -0.9238795325112895 -0.38268343236508306 2.69057428840708e-19
    outer loop
      vertex 11.45009245925864 -35.22381078121488 4
      vertex 11.503508193257453 -35.35276777067893 4
      vertex 11.503508193257453 -35.35276777067893 8
    endloop
  endfacet
  facet normal -0.9238795325112895 0.38268343236508306 0
    outer loop
      vertex 11.503508193257453 -36.44723222932107 4
      vertex 11.45009245925864 -36.57618921878512 8
      vertex 11.503508193257453 -36.44723222932107 8
    endloop
  endfacet
  facet normal -0.9537169507482254 0.3007057995042779 0
    outer loop
      vertex 11.545481322062509 -36.31411047216403 4
      vertex 11.503508193257453 -36.44723222932107 8
      vertex 11.545481322062509 -36.31411047216403 8
    endloop
  endfacet
  facet normal -0.9762960071199321 0.21643961393810832 0
    outer loop
      vertex 11.575692404819533 -36.17783708426709 4
      vertex 11.545481322062509 -36.31411047216403 8
      vertex 11.575692404819533 -36.17783708426709 8
    endloop
  endfacet
  facet normal -0.9914448613738097 0.13052619222005626 0
    outer loop
      vertex 11.593911516946793 -36.039449188396254 4
      vertex 11.575692404819533 -36.17783708426709 8
      vertex 11.593911516946793 -36.039449188396254 8
    endloop
  endfacet
  facet normal -0.9990482215818581 0.0436193873653299 0
    outer loop
      vertex 11.6 -35.9 4
      vertex 11.593911516946793 -36.039449188396254 8
      vertex 11.6 -35.9 8
    endloop
  endfacet
  facet normal -0.9990482215818581 -0.0436193873653299 0
    outer loop
      vertex 11.593911516946793 -35.76055081160374 4
      vertex 11.6 -35.9 8
      vertex 11.593911516946793 -35.76055081160374 8
    endloop
  endfacet
  facet normal -0.9914448613738097 -0.13052619222005626 0
    outer loop
      vertex 11.575692404819533 -35.62216291573291 4
      vertex 11.593911516946793 -35.76055081160374 8
      vertex 11.575692404819533 -35.62216291573291 8
    endloop
  endfacet
  facet normal -0.9537169507482254 -0.3007057995042779 0
    outer loop
      vertex 11.503508193257453 -35.35276777067893 4
      vertex 11.545481322062509 -35.485889527835965 8
      vertex 11.503508193257453 -35.35276777067893 8
    endloop
  endfacet
  facet normal -0.9762960071199321 -0.21643961393810832 0
    outer loop
      vertex 11.545481322062509 -35.485889527835965 4
      vertex 11.575692404819533 -35.62216291573291 8
      vertex 11.545481322062509 -35.485889527835965 8
    endloop
  endfacet
  facet normal -0.9238795325112895 -0.38268343236508306 0
    outer loop
      vertex 11.45009245925864 -35.22381078121488 4
      vertex 11.503508193257453 -35.35276777067893 8
      vertex 11.45009245925864 -35.22381078121488 8
    endloop
  endfacet
  facet normal 0 0 1
    outer loop
      vertex 18.666918237202545 8.467949192431123 3
      vertex 19.831981746663644 11.45 3
      vertex 16.666918237202545 11.932050807568876 3
    endloop
  endfacet
  facet normal 0 0 1
    outer loop
      vertex 18.666918237202545 8.467949192431123 3
      vertex 20.754448323139282 9.677958193862017 3
      vertex 19.831981746663644 11.45 3
    endloop
  endfacet
  facet normal 0 0 1
    outer loop
      vertex 16.666918237202545 11.932050807568876 3
      vertex 18.758581814217912 13.134900392438954 3
      vertex 18.756043791142847 13.138208008507236 3
    endloop
  endfacet
  facet normal 0 0 1
    outer loop
      vertex 16.666918237202545 11.932050807568876 3
      vertex 19.831981746663644 11.45 3
      vertex 18.758581814217912 13.134900392438954 3
    endloop
  endfacet
  facet normal 0 0 1
    outer loop
      vertex 18.666918237202545 8.467949192431123 3
      vertex 20.756043791142847 9.674106393369481 3
      vertex 20.754448323139282 9.677958193862017 3
    endloop
  endfacet
  facet normal 0.8660254037844385 0.5000000000000001 0
    outer loop
      vertex 18.666918237202545 8.467949192431123 3
      vertex 16.666918237202545 11.932050807568876 3
      vertex 16.666918237202545 11.932050807568876 8
    endloop
  endfacet
  facet normal 0.5000000000000001 -0.8660254037844385 4.612417470315272e-18
    outer loop
      vertex 16.666918237202545 11.932050807568876 3
      vertex 18.756043791142847 13.138208008507236 3
      vertex 18.756043791142847 13.138208008507236 8
    endloop
  endfacet
  facet normal -0.49999999999999956 0.8660254037844387 -8.513465887511099e-18
    outer loop
      vertex 18.666918237202545 8.467949192431123 3
      vertex 20.756043791142847 9.674106393369481 8
      vertex 20.756043791142847 9.674106393369481 3
    endloop
  endfacet
  facet normal 0.8660254037844385 0.5000000000000001 0
    outer loop
      vertex 18.666918237202545 8.467949192431123 3
      vertex 16.666918237202545 11.932050807568876 8
      vertex 18.666918237202545 8.467949192431123 8
    endloop
  endfacet
  facet normal -0.49999999999999956 0.8660254037844387 0
    outer loop
      vertex 18.666918237202545 8.467949192431123 3
      vertex 18.666918237202545 8.467949192431123 8
      vertex 20.756043791142847 9.674106393369481 8
    endloop
  endfacet
  facet normal 0.5000000000000001 -0.8660254037844385 0
    outer loop
      vertex 16.666918237202545 11.932050807568876 3
      vertex 18.756043791142847 13.138208008507236 8
      vertex 16.666918237202545 11.932050807568876 8
    endloop
  endfacet
  facet normal 0 0 1
    outer loop
      vertex -18.666918237202545 8.467949192431123 3
      vertex -20.754448323139282 9.677958193862017 3
      vertex -20.756043791142847 9.674106393369481 3
    endloop
  endfacet
  facet normal 0 0 1
    outer loop
      vertex -18.666918237202545 8.467949192431123 3
      vertex -19.831981746663644 11.45 3
      vertex -20.754448323139282 9.677958193862017 3
    endloop
  endfacet
  facet normal 0 0 1
    outer loop
      vertex -18.666918237202545 8.467949192431123 3
      vertex -18.758581814217912 13.134900392438954 3
      vertex -19.831981746663644 11.45 3
    endloop
  endfacet
  facet normal 0 0 1
    outer loop
      vertex -18.666918237202545 8.467949192431123 3
      vertex -16.666918237202545 11.932050807568876 3
      vertex -18.758581814217912 13.134900392438954 3
    endloop
  endfacet
  facet normal 0 0 1
    outer loop
      vertex -16.666918237202545 11.932050807568876 3
      vertex -18.756043791142847 13.138208008507236 3
      vertex -18.758581814217912 13.134900392438954 3
    endloop
  endfacet
  facet normal 0.49999999999999956 0.8660254037844387 8.513465887511099e-18
    outer loop
      vertex -18.666918237202545 8.467949192431123 3
      vertex -20.756043791142847 9.674106393369481 3
      vertex -20.756043791142847 9.674106393369481 8
    endloop
  endfacet
  facet normal -0.8660254037844385 0.5000000000000001 0
    outer loop
      vertex -18.666918237202545 8.467949192431123 3
      vertex -18.666918237202545 8.467949192431123 8
      vertex -16.666918237202545 11.932050807568876 3
    endloop
  endfacet
  facet normal -0.5000000000000001 -0.8660254037844385 0
    outer loop
      vertex -16.666918237202545 11.932050807568876 3
      vertex -16.666918237202545 11.932050807568876 8
      vertex -18.756043791142847 13.138208008507236 3
    endloop
  endfacet
  facet normal 0.49999999999999956 0.8660254037844387 0
    outer loop
      vertex -18.666918237202545 8.467949192431123 3
      vertex -20.756043791142847 9.674106393369481 8
      vertex -18.666918237202545 8.467949192431123 8
    endloop
  endfacet
  facet normal -0.5000000000000001 -0.8660254037844385 0
    outer loop
      vertex -18.756043791142847 13.138208008507236 8
      vertex -18.756043791142847 13.138208008507236 3
      vertex -16.666918237202545 11.932050807568876 8
    endloop
  endfacet
  facet normal -0.8660254037844385 0.5000000000000001 0
    outer loop
      vertex -16.666918237202545 11.932050807568876 3
      vertex -18.666918237202545 8.467949192431123 8
      vertex -16.666918237202545 11.932050807568876 8
    endloop
  endfacet
  facet normal 0 0 1
    outer loop
      vertex -2 -20.4 3
      vertex -2 -22.812314401876716 3
      vertex -1.9958665089213719 -22.812858586300973 3
    endloop
  endfacet
  facet normal 1 0 0
    outer loop
      vertex -2 -20.4 3
      vertex -2 -22.812314401876716 4
      vertex -2 -22.812314401876716 3
    endloop
  endfacet
  facet normal 0 0 1
    outer loop
      vertex -2 -20.4 3
      vertex -1.9958665089213719 -22.812858586300973 3
      vertex 2 -20.4 3
    endloop
  endfacet
  facet normal 1 0 0
    outer loop
      vertex -2 -22.812314401876716 4
      vertex -2 -20.4 8
      vertex -2 -24.4 4
    endloop
  endfacet
  facet normal 0 1 0
    outer loop
      vertex 2 -24.4 4
      vertex -2 -24.4 4
      vertex -2 -24.4 8
    endloop
  endfacet
  facet normal 1 0 0
    outer loop
      vertex -2 -20.4 3
      vertex -2 -20.4 8
      vertex -2 -22.812314401876716 4
    endloop
  endfacet
  facet normal 1 0 0
    outer loop
      vertex -2 -24.4 4
      vertex -2 -20.4 8
      vertex -2 -24.4 8
    endloop
  endfacet
  facet normal 0 -1 0
    outer loop
      vertex -2 -20.4 3
      vertex 2 -20.4 8
      vertex -2 -20.4 8
    endloop
  endfacet
  facet normal 0 0 1
    outer loop
      vertex 2 -20.4 3
      vertex -1.9958665089213719 -22.812858586300973 3
      vertex 0 -22.9 3
    endloop
  endfacet
  facet normal 0 0 1
    outer loop
      vertex 2 -20.4 3
      vertex 0 -22.9 3
      vertex 1.9958665089213719 -22.812858586300973 3
    endloop
  endfacet
  facet normal 0 0 1
    outer loop
      vertex 2 -20.4 3
      vertex 1.9958665089213719 -22.812858586300973 3
      vertex 2 -22.812314401876716 3
    endloop
  endfacet
  facet normal -1 0 0
    outer loop
      vertex 2 -20.4 3
      vertex 2 -22.812314401876716 3
      vertex 2 -22.812314401876716 4
    endloop
  endfacet
  facet normal 0 -1 0
    outer loop
      vertex -2 -20.4 3
      vertex 2 -20.4 3
      vertex 2 -20.4 8
    endloop
  endfacet
  facet normal -1 0 0
    outer loop
      vertex 2 -22.812314401876716 4
      vertex 2 -24.4 4
      vertex 2 -24.4 8
    endloop
  endfacet
  facet normal -1 0 0
    outer loop
      vertex 2 -20.4 3
      vertex 2 -22.812314401876716 4
      vertex 2 -24.4 8
    endloop
  endfacet
  facet normal -1 0 0
    outer loop
      vertex 2 -20.4 3
      vertex 2 -24.4 8
      vertex 2 -20.4 8
    endloop
  endfacet
  facet normal 0 1 0
    outer loop
      vertex 2 -24.4 4
      vertex -2 -24.4 8
      vertex 2 -24.4 8
    endloop
  endfacet
  facet normal 0 0 1
    outer loop
      vertex -15.359191084535507 -12.88789157421511 1.5
      vertex -15.06884202584923 -8.7 1.5
      vertex -16.423998487994282 -11.500207548838471 1.5
    endloop
  endfacet
  facet normal 0 0 1
    outer loop
      vertex -15.359191084535507 -12.88789157421511 1.5
      vertex -14.253245570628456 -9.9802299925082 1.5
      vertex -15.06884202584923 -8.7 1.5
    endloop
  endfacet
  facet normal 0 0 1
    outer loop
      vertex -15.359191084535507 -12.88789157421511 1.5
      vertex -13.329173310270216 -11.184504408545783 1.5
      vertex -14.253245570628456 -9.9802299925082 1.5
    endloop
  endfacet
  facet normal 0 0 1
    outer loop
      vertex -14.177490962790277 -14.177490962790277 1.5
      vertex -12.88789157421511 -15.359191084535507 1.5
      vertex -12.303657992645928 -12.303657992645928 1.5
    endloop
  endfacet
  facet normal 0 0 1
    outer loop
      vertex -11.500207548838471 -16.423998487994282 1.5
      vertex -11.184504408545783 -13.329173310270216 1.5
      vertex -12.88789157421511 -15.359191084535507 1.5
    endloop
  endfacet
  facet normal 0 0 1
    outer loop
      vertex -12.88789157421511 -15.359191084535507 1.5
      vertex -11.184504408545783 -13.329173310270216 1.5
      vertex -12.303657992645928 -12.303657992645928 1.5
    endloop
  endfacet
  facet normal 0 0 1
    outer loop
      vertex -15.359191084535507 -12.88789157421511 1.5
      vertex -14.177490962790277 -14.177490962790277 1.5
      vertex -13.329173310270216 -11.184504408545783 1.5
    endloop
  endfacet
  facet normal 0 0 1
    outer loop
      vertex -14.177490962790277 -14.177490962790277 1.5
      vertex -12.303657992645928 -12.303657992645928 1.5
      vertex -13.329173310270216 -11.184504408545783 1.5
    endloop
  endfacet
  facet normal 0.7933533402912353 0.6087614290087205 -6.699245386702703e-18
    outer loop
      vertex -15.359191084535507 -12.88789157421511 1.5
      vertex -16.423998487994282 -11.500207548838471 1.5
      vertex -16.423998487994282 -11.500207548838471 8
    endloop
  endfacet
  facet normal 0.8433914458128853 0.5372996083468247 0
    outer loop
      vertex -17.363809345877993 -10.024999999999999 1.5
      vertex -17.363809345877993 -10.024999999999999 8
      vertex -16.423998487994282 -11.500207548838471 1.5
    endloop
  endfacet
  facet normal 0.7372773368101249 0.6755902076156594 0
    outer loop
      vertex -15.359191084535507 -12.88789157421511 1.5
      vertex -15.359191084535507 -12.88789157421511 8
      vertex -14.177490962790277 -14.177490962790277 1.5
    endloop
  endfacet
  facet normal 0.6755902076156594 0.7372773368101249 0
    outer loop
      vertex -14.177490962790277 -14.177490962790277 1.5
      vertex -14.177490962790277 -14.177490962790277 8
      vertex -12.88789157421511 -15.359191084535507 1.5
    endloop
  endfacet
  facet normal 0.6087614290087205 0.7933533402912353 -6.699245386702703e-18
    outer loop
      vertex -11.500207548838471 -16.423998487994282 1.5
      vertex -12.88789157421511 -15.359191084535507 1.5
      vertex -12.88789157421511 -15.359191084535507 8
    endloop
  endfacet
  facet normal 0 0 1
    outer loop
      vertex -8.473496147901022 -18.17147113008483 1.5
      vertex -6.857503873679657 -18.84083704675746 1.5
      vertex -5.951150493866635 -16.350651601674805 1.5
    endloop
  endfacet
  facet normal 0 0 1
    outer loop
      vertex -11.500207548838471 -16.423998487994282 1.5
      vertex -10.024999999999999 -17.363809345877993 1.5
      vertex -9.9802299925082 -14.253245570628456 1.5
    endloop
  endfacet
  facet normal 0 0 1
    outer loop
      vertex -11.500207548838471 -16.423998487994282 1.5
      vertex -9.9802299925082 -14.253245570628456 1.5
      vertex -11.184504408545783 -13.329173310270216 1.5
    endloop
  endfacet
  facet normal 0 0 1
    outer loop
      vertex -10.024999999999999 -17.363809345877993 1.5
      vertex -8.473496147901022 -18.17147113008483 1.5
      vertex -7.35355775428817 -15.769755494437707 1.5
    endloop
  endfacet
  facet normal 0 0 1
    outer loop
      vertex -10.024999999999999 -17.363809345877993 1.5
      vertex -7.35355775428817 -15.769755494437707 1.5
      vertex -8.7 -15.06884202584923 1.5
    endloop
  endfacet
  facet normal 0 0 1
    outer loop
      vertex -10.024999999999999 -17.363809345877993 1.5
      vertex -8.7 -15.06884202584923 1.5
      vertex -9.9802299925082 -14.253245570628456 1.5
    endloop
  endfacet
  facet normal 0 0 1
    outer loop
      vertex -8.473496147901022 -18.17147113008483 1.5
      vertex -5.951150493866635 -16.350651601674805 1.5
      vertex -7.35355775428817 -15.769755494437707 1.5
    endloop
  endfacet
  facet normal 0 0 1
    outer loop
      vertex -6.857503873679657 -18.84083704675746 1.5
      vertex -4.503451384783861 -16.807109377429786 1.5
      vertex -5.951150493866635 -16.350651601674805 1.5
    endloop
  endfacet
  facet normal 0 0 1
    outer loop
      vertex -6.857503873679657 -18.84083704675746 1.5
      vertex -5.18932185430554 -19.366812817095816 1.5
      vertex -4.503451384783861 -16.807109377429786 1.5
    endloop
  endfacet
  facet normal 0 0 1
    outer loop
      vertex -3.4816459622219527 -19.74539544789477 1.5
      vertex -3.0214782914045877 -17.13565490241242 1.5
      vertex -5.18932185430554 -19.366812817095816 1.5
    endloop
  endfacet
  facet normal 0 0 1
    outer loop
      vertex -5.18932185430554 -19.366812817095816 1.5
      vertex -3.0214782914045877 -17.13565490241242 1.5
      vertex -4.503451384783861 -16.807109377429786 1.5
    endloop
  endfacet
  facet normal 0 0 1
    outer loop
      vertex -3.4816459622219527 -19.74539544789477 1.5
      vertex -1.747472642090546 -19.973703696739495 1.5
      vertex -1.5165099238092519 -17.33378774679637 1.5
    endloop
  endfacet
  facet normal 0 0 1
    outer loop
      vertex -3.4816459622219527 -19.74539544789477 1.5
      vertex -1.5165099238092519 -17.33378774679637 1.5
      vertex -3.0214782914045877 -17.13565490241242 1.5
    endloop
  endfacet
  facet normal 0 0 1
    outer loop
      vertex -1.747472642090546 -19.973703696739495 1.5
      vertex 0 -17.4 1.5
      vertex -1.5165099238092519 -17.33378774679637 1.5
    endloop
  endfacet
  facet normal 0 0 1
    outer loop
      vertex -1.747472642090546 -19.973703696739495 1.5
      vertex 0 -20.049999999999997 1.5
      vertex 0 -17.4 1.5
    endloop
  endfacet
  facet normal 0.46174861323503347 0.8870108331782219 0
    outer loop
      vertex -10.024999999999999 -17.363809345877993 1.5
      vertex -10.024999999999999 -17.363809345877993 8
      vertex -8.473496147901022 -18.17147113008483 1.5
    endloop
  endfacet
  facet normal 0.38268343236509017 0.9238795325112865 0
    outer loop
      vertex -8.473496147901022 -18.17147113008483 1.5
      vertex -8.473496147901022 -18.17147113008483 8
      vertex -6.857503873679657 -18.84083704675746 1.5
    endloop
  endfacet
  facet normal 0.30070579950427284 0.953716950748227 0
    outer loop
      vertex -6.857503873679657 -18.84083704675746 1.5
      vertex -6.857503873679657 -18.84083704675746 8
      vertex -5.18932185430554 -19.366812817095816 1.5
    endloop
  endfacet
  facet normal 0.5372996083468247 0.8433914458128853 0
    outer loop
      vertex -11.500207548838471 -16.423998487994282 1.5
      vertex -11.500207548838471 -16.423998487994282 8
      vertex -10.024999999999999 -17.363809345877993 1.5
    endloop
  endfacet
  facet normal 0.21643961393810293 0.9762960071199334 -1.9443618151775592e-18
    outer loop
      vertex -3.4816459622219527 -19.74539544789477 1.5
      vertex -5.18932185430554 -19.366812817095816 1.5
      vertex -5.18932185430554 -19.366812817095816 8
    endloop
  endfacet
  facet normal 0.13052619222005163 0.9914448613738104 0
    outer loop
      vertex -3.4816459622219527 -19.74539544789477 1.5
      vertex -3.4816459622219527 -19.74539544789477 8
      vertex -1.747472642090546 -19.973703696739495 1.5
    endloop
  endfacet
  facet normal 0.04361938736533607 0.9990482215818578 0
    outer loop
      vertex -1.747472642090546 -19.973703696739495 1.5
      vertex -1.747472642090546 -19.973703696739495 8
      vertex 0 -20.049999999999997 1.5
    endloop
  endfacet
  facet normal 0.8870108331782219 0.46174861323503347 0
    outer loop
      vertex -17.363809345877993 -10.024999999999999 1.5
      vertex -18.17147113008483 -8.473496147901022 8
      vertex -17.363809345877993 -10.024999999999999 8
    endloop
  endfacet
  facet normal 0.7372773368101249 0.6755902076156594 0
    outer loop
      vertex -14.177490962790277 -14.177490962790277 1.5
      vertex -15.359191084535507 -12.88789157421511 8
      vertex -14.177490962790277 -14.177490962790277 8
    endloop
  endfacet
  facet normal 0.8433914458128853 0.5372996083468247 0
    outer loop
      vertex -16.423998487994282 -11.500207548838471 1.5
      vertex -17.363809345877993 -10.024999999999999 8
      vertex -16.423998487994282 -11.500207548838471 8
    endloop
  endfacet
  facet normal 0.7933533402912353 0.6087614290087205 0
    outer loop
      vertex -15.359191084535507 -12.88789157421511 1.5
      vertex -16.423998487994282 -11.500207548838471 8
      vertex -15.359191084535507 -12.88789157421511 8
    endloop
  endfacet
  facet normal 0.6755902076156594 0.7372773368101249 0
    outer loop
      vertex -12.88789157421511 -15.359191084535507 1.5
      vertex -14.177490962790277 -14.177490962790277 8
      vertex -12.88789157421511 -15.359191084535507 8
    endloop
  endfacet
  facet normal 0.6087614290087205 0.7933533402912353 0
    outer loop
      vertex -11.500207548838471 -16.423998487994282 1.5
      vertex -12.88789157421511 -15.359191084535507 8
      vertex -11.500207548838471 -16.423998487994282 8
    endloop
  endfacet
  facet normal 0.46174861323503347 0.8870108331782219 0
    outer loop
      vertex -8.473496147901022 -18.17147113008483 1.5
      vertex -10.024999999999999 -17.363809345877993 8
      vertex -8.473496147901022 -18.17147113008483 8
    endloop
  endfacet
  facet normal 0.38268343236509017 0.9238795325112865 0
    outer loop
      vertex -6.857503873679657 -18.84083704675746 1.5
      vertex -8.473496147901022 -18.17147113008483 8
      vertex -6.857503873679657 -18.84083704675746 8
    endloop
  endfacet
  facet normal 0.30070579950427284 0.953716950748227 0
    outer loop
      vertex -5.18932185430554 -19.366812817095816 1.5
      vertex -6.857503873679657 -18.84083704675746 8
      vertex -5.18932185430554 -19.366812817095816 8
    endloop
  endfacet
  facet normal 0.5372996083468247 0.8433914458128853 0
    outer loop
      vertex -10.024999999999999 -17.363809345877993 1.5
      vertex -11.500207548838471 -16.423998487994282 8
      vertex -10.024999999999999 -17.363809345877993 8
    endloop
  endfacet
  facet normal 0.21643961393810293 0.9762960071199334 0
    outer loop
      vertex -3.4816459622219527 -19.74539544789477 1.5
      vertex -5.18932185430554 -19.366812817095816 8
      vertex -3.4816459622219527 -19.74539544789477 8
    endloop
  endfacet
  facet normal 0.13052619222005163 0.9914448613738104 6.016297572176873e-18
    outer loop
      vertex -1.747472642090546 -19.973703696739495 1.5
      vertex -3.4816459622219527 -19.74539544789477 8
      vertex -2.307307799722623 -19.9 8
    endloop
  endfacet
  facet normal 0.1305261922200516 0.9914448613738104 0
    outer loop
      vertex -1.747472642090546 -19.973703696739495 1.5
      vertex -2.307307799722623 -19.9 8
      vertex -1.747472642090546 -19.973703696739495 8
    endloop
  endfacet
  facet normal 0.04361938736533607 0.9990482215818578 0
    outer loop
      vertex 0 -20.049999999999997 1.5
      vertex -1.747472642090546 -19.973703696739495 8
      vertex 0 -20.049999999999997 8
    endloop
  endfacet
  facet normal 0 0 1
    outer loop
      vertex -17.363809345877993 -10.024999999999999 1.5
      vertex -17.33378774679637 -1.5165099238092519 1.5
      vertex -18.17147113008483 -8.473496147901022 1.5
    endloop
  endfacet
  facet normal 0 0 1
    outer loop
      vertex -19.366812817095816 -5.18932185430554 1.5
      vertex -18.84083704675746 -6.857503873679657 1.5
      vertex -18.84083704675746 6.857503873679657 1.5
    endloop
  endfacet
  facet normal 0 0 1
    outer loop
      vertex -17.363809345877993 -10.024999999999999 1.5
      vertex -17.13565490241242 -3.0214782914045877 1.5
      vertex -17.33378774679637 -1.5165099238092519 1.5
    endloop
  endfacet
  facet normal 0 0 1
    outer loop
      vertex -18.17147113008483 -8.473496147901022 1.5
      vertex -18.17147113008483 8.473496147901022 1.5
      vertex -18.84083704675746 -6.857503873679657 1.5
    endloop
  endfacet
  facet normal 0 0 1
    outer loop
      vertex -18.17147113008483 -8.473496147901022 1.5
      vertex -17.33378774679637 -1.5165099238092519 1.5
      vertex -17.4 0 1.5
    endloop
  endfacet
  facet normal 0 0 1
    outer loop
      vertex -19.74539544789477 -3.4816459622219527 1.5
      vertex -19.74539544789477 3.4816459622219527 1.5
      vertex -19.973703696739495 -1.747472642090546 1.5
    endloop
  endfacet
  facet normal 0 0 1
    outer loop
      vertex -19.366812817095816 -5.18932185430554 1.5
      vertex -19.366812817095816 5.18932185430554 1.5
      vertex -19.74539544789477 -3.4816459622219527 1.5
    endloop
  endfacet
  facet normal 0 0 1
    outer loop
      vertex -19.973703696739495 -1.747472642090546 1.5
      vertex -19.973703696739495 1.747472642090546 1.5
      vertex -20.049999999999997 0 1.5
    endloop
  endfacet
  facet normal 0 0 1
    outer loop
      vertex -19.973703696739495 -1.747472642090546 1.5
      vertex -19.74539544789477 3.4816459622219527 1.5
      vertex -19.973703696739495 1.747472642090546 1.5
    endloop
  endfacet
  facet normal 0 0 1
    outer loop
      vertex -19.74539544789477 -3.4816459622219527 1.5
      vertex -19.366812817095816 5.18932185430554 1.5
      vertex -19.74539544789477 3.4816459622219527 1.5
    endloop
  endfacet
  facet normal 0 0 1
    outer loop
      vertex -19.366812817095816 -5.18932185430554 1.5
      vertex -18.84083704675746 6.857503873679657 1.5
      vertex -19.366812817095816 5.18932185430554 1.5
    endloop
  endfacet
  facet normal 0 0 1
    outer loop
      vertex -18.17147113008483 -8.473496147901022 1.5
      vertex -17.4 0 1.5
      vertex -17.363809345877993 10.024999999999999 1.5
    endloop
  endfacet
  facet normal 0 0 1
    outer loop
      vertex -18.84083704675746 -6.857503873679657 1.5
      vertex -18.17147113008483 8.473496147901022 1.5
      vertex -18.84083704675746 6.857503873679657 1.5
    endloop
  endfacet
  facet normal 0 0 1
    outer loop
      vertex -18.17147113008483 -8.473496147901022 1.5
      vertex -17.363809345877993 10.024999999999999 1.5
      vertex -18.17147113008483 8.473496147901022 1.5
    endloop
  endfacet
  facet normal 0 0 1
    outer loop
      vertex -17.4 0 1.5
      vertex -17.33378774679637 1.5165099238092519 1.5
      vertex -17.363809345877993 10.024999999999999 1.5
    endloop
  endfacet
  facet normal 0 0 1
    outer loop
      vertex -17.33378774679637 1.5165099238092519 1.5
      vertex -17.13565490241242 3.0214782914045877 1.5
      vertex -17.363809345877993 10.024999999999999 1.5
    endloop
  endfacet
  facet normal 0 0 1
    outer loop
      vertex -17.363809345877993 -10.024999999999999 1.5
      vertex -16.423998487994282 -11.500207548838471 1.5
      vertex -16.350651601674805 -5.951150493866635 1.5
    endloop
  endfacet
  facet normal 0 0 1
    outer loop
      vertex -16.423998487994282 -11.500207548838471 1.5
      vertex -15.06884202584923 -8.7 1.5
      vertex -15.769755494437707 -7.35355775428817 1.5
    endloop
  endfacet
  facet normal 0 0 1
    outer loop
      vertex -16.423998487994282 -11.500207548838471 1.5
      vertex -15.769755494437707 -7.35355775428817 1.5
      vertex -16.350651601674805 -5.951150493866635 1.5
    endloop
  endfacet
  facet normal 0 0 1
    outer loop
      vertex -17.363809345877993 -10.024999999999999 1.5
      vertex -16.350651601674805 -5.951150493866635 1.5
      vertex -16.807109377429786 -4.503451384783861 1.5
    endloop
  endfacet
  facet normal 0 0 1
    outer loop
      vertex -17.363809345877993 -10.024999999999999 1.5
      vertex -16.807109377429786 -4.503451384783861 1.5
      vertex -17.13565490241242 -3.0214782914045877 1.5
    endloop
  endfacet
  facet normal 0 0 1
    outer loop
      vertex -17.13565490241242 3.0214782914045877 1.5
      vertex -16.807109377429786 4.503451384783861 1.5
      vertex -17.363809345877993 10.024999999999999 1.5
    endloop
  endfacet
  facet normal 0.9238795325112865 0.38268343236509017 -3.931366797641081e-18
    outer loop
      vertex -18.17147113008483 -8.473496147901022 1.5
      vertex -18.84083704675746 -6.857503873679657 1.5
      vertex -18.84083704675746 -6.857503873679657 8
    endloop
  endfacet
  facet normal 0.953716950748227 0.30070579950427284 0
    outer loop
      vertex -19.366812817095816 -5.18932185430554 1.5
      vertex -19.366812817095816 -5.18932185430554 8
      vertex -18.84083704675746 -6.857503873679657 1.5
    endloop
  endfacet
  facet normal 0.8870108331782219 0.46174861323503347 -5.726004612952671e-18
    outer loop
      vertex -17.363809345877993 -10.024999999999999 1.5
      vertex -18.17147113008483 -8.473496147901022 1.5
      vertex -18.17147113008483 -8.473496147901022 8
    endloop
  endfacet
  facet normal 0.9762960071199334 0.21643961393810293 -1.9443618151775592e-18
    outer loop
      vertex -19.366812817095816 -5.18932185430554 1.5
      vertex -19.74539544789477 -3.4816459622219527 1.5
      vertex -19.74539544789477 -3.4816459622219527 8
    endloop
  endfacet
  facet normal 0.9914448613738104 0.13052619222005163 -1.9736855441844567e-18
    outer loop
      vertex -19.74539544789477 -3.4816459622219527 1.5
      vertex -19.973703696739495 -1.747472642090546 1.5
      vertex -19.973703696739495 -1.747472642090546 8
    endloop
  endfacet
  facet normal 0.9990482215818578 0.04361938736533607 9.372156200475988e-19
    outer loop
      vertex -19.973703696739495 -1.747472642090546 1.5
      vertex -20.049999999999997 0 1.5
      vertex -20.049999999999997 0 8
    endloop
  endfacet
  facet normal 0.9990482215818578 -0.04361938736533607 -9.372156200475988e-19
    outer loop
      vertex -20.049999999999997 0 1.5
      vertex -19.973703696739495 1.747472642090546 1.5
      vertex -19.973703696739495 1.747472642090546 8
    endloop
  endfacet
  facet normal 0.9914448613738104 -0.13052619222005163 1.9736855441844567e-18
    outer loop
      vertex -19.973703696739495 1.747472642090546 1.5
      vertex -19.74539544789477 3.4816459622219527 1.5
      vertex -19.74539544789477 3.4816459622219527 8
    endloop
  endfacet
  facet normal 0.9762960071199334 -0.21643961393810293 1.9443618151775592e-18
    outer loop
      vertex -19.74539544789477 3.4816459622219527 1.5
      vertex -19.366812817095816 5.18932185430554 1.5
      vertex -19.366812817095816 5.18932185430554 8
    endloop
  endfacet
  facet normal 0.953716950748227 -0.30070579950427284 3.329915125296089e-18
    outer loop
      vertex -19.366812817095816 5.18932185430554 1.5
      vertex -18.84083704675746 6.857503873679657 1.5
      vertex -18.84083704675746 6.857503873679657 8
    endloop
  endfacet
  facet normal 0 0 1
    outer loop
      vertex -16.807109377429786 4.503451384783861 1.5
      vertex -16.350651601674805 5.951150493866635 1.5
      vertex -16.423998487994282 11.500207548838471 1.5
    endloop
  endfacet
  facet normal 0 0 1
    outer loop
      vertex -16.807109377429786 4.503451384783861 1.5
      vertex -16.423998487994282 11.500207548838471 1.5
      vertex -17.363809345877993 10.024999999999999 1.5
    endloop
  endfacet
  facet normal 0 0 1
    outer loop
      vertex -16.350651601674805 5.951150493866635 1.5
      vertex -15.769755494437707 7.35355775428817 1.5
      vertex -16.423998487994282 11.500207548838471 1.5
    endloop
  endfacet
  facet normal 0 0 1
    outer loop
      vertex -15.769755494437707 7.35355775428817 1.5
      vertex -15.359191084535507 12.88789157421511 1.5
      vertex -16.423998487994282 11.500207548838471 1.5
    endloop
  endfacet
  facet normal 0 0 1
    outer loop
      vertex -15.769755494437707 7.35355775428817 1.5
      vertex -15.06884202584923 8.7 1.5
      vertex -15.359191084535507 12.88789157421511 1.5
    endloop
  endfacet
  facet normal 0 0 1
    outer loop
      vertex -15.06884202584923 8.7 1.5
      vertex -14.253245570628456 9.9802299925082 1.5
      vertex -14.177490962790277 14.177490962790277 1.5
    endloop
  endfacet
  facet normal 0 0 1
    outer loop
      vertex -15.06884202584923 8.7 1.5
      vertex -14.177490962790277 14.177490962790277 1.5
      vertex -15.359191084535507 12.88789157421511 1.5
    endloop
  endfacet
  facet normal 0 0 1
    outer loop
      vertex -14.253245570628456 9.9802299925082 1.5
      vertex -13.329173310270216 11.184504408545783 1.5
      vertex -14.177490962790277 14.177490962790277 1.5
    endloop
  endfacet
  facet normal 0 0 1
    outer loop
      vertex -13.329173310270216 11.184504408545783 1.5
      vertex -12.88789157421511 15.359191084535507 1.5
      vertex -14.177490962790277 14.177490962790277 1.5
    endloop
  endfacet
  facet normal 0 0 1
    outer loop
      vertex -13.329173310270216 11.184504408545783 1.5
      vertex -12.303657992645928 12.303657992645928 1.5
      vertex -12.88789157421511 15.359191084535507 1.5
    endloop
  endfacet
  facet normal 0 0 1
    outer loop
      vertex -12.303657992645928 12.303657992645928 1.5
      vertex -11.500207548838471 16.423998487994282 1.5
      vertex -12.88789157421511 15.359191084535507 1.5
    endloop
  endfacet
  facet normal 0 0 1
    outer loop
      vertex -12.303657992645928 12.303657992645928 1.5
      vertex -11.184504408545783 13.329173310270216 1.5
      vertex -11.500207548838471 16.423998487994282 1.5
    endloop
  endfacet
  facet normal 0.9238795325112865 -0.38268343236509017 0
    outer loop
      vertex -18.84083704675746 6.857503873679657 1.5
      vertex -18.17147113008483 8.473496147901022 1.5
      vertex -18.84083704675746 6.857503873679657 8
    endloop
  endfacet
  facet normal 0.8870108331782219 -0.46174861323503347 5.726004612952671e-18
    outer loop
      vertex -18.17147113008483 8.473496147901022 1.5
      vertex -17.363809345877993 10.024999999999999 1.5
      vertex -17.363809345877993 10.024999999999999 8
    endloop
  endfacet
  facet normal 0.8433914458128853 -0.5372996083468247 3.685367661199642e-18
    outer loop
      vertex -17.363809345877993 10.024999999999999 1.5
      vertex -16.423998487994282 11.500207548838471 1.5
      vertex -16.423998487994282 11.500207548838471 8
    endloop
  endfacet
  facet normal 0.7933533402912353 -0.6087614290087205 6.699245386702703e-18
    outer loop
      vertex -16.423998487994282 11.500207548838471 1.5
      vertex -15.359191084535507 12.88789157421511 1.5
      vertex -15.359191084535507 12.88789157421511 8
    endloop
  endfacet
  facet normal 0.7372773368101249 -0.6755902076156594 -1.6812440060601801e-18
    outer loop
      vertex -15.359191084535507 12.88789157421511 1.5
      vertex -14.177490962790277 14.177490962790277 1.5
      vertex -14.177490962790277 14.177490962790277 8
    endloop
  endfacet
  facet normal 0.6755902076156594 -0.7372773368101249 -1.6812440060601801e-18
    outer loop
      vertex -14.177490962790277 14.177490962790277 1.5
      vertex -12.88789157421511 15.359191084535507 1.5
      vertex -12.88789157421511 15.359191084535507 8
    endloop
  endfacet
  facet normal 0.6087614290087205 -0.7933533402912353 6.699245386702703e-18
    outer loop
      vertex -12.88789157421511 15.359191084535507 1.5
      vertex -11.500207548838471 16.423998487994282 1.5
      vertex -11.500207548838471 16.423998487994282 8
    endloop
  endfacet
  facet normal 0 0 1
    outer loop
      vertex -11.184504408545783 13.329173310270216 1.5
      vertex -10.024999999999999 17.363809345877993 1.5
      vertex -11.500207548838471 16.423998487994282 1.5
    endloop
  endfacet
  facet normal 0 0 1
    outer loop
      vertex -11.184504408545783 13.329173310270216 1.5
      vertex -9.9802299925082 14.253245570628456 1.5
      vertex -10.024999999999999 17.363809345877993 1.5
    endloop
  endfacet
  facet normal 0 0 1
    outer loop
      vertex -9.9802299925082 14.253245570628456 1.5
      vertex -8.7 15.06884202584923 1.5
      vertex -10.024999999999999 17.363809345877993 1.5
    endloop
  endfacet
  facet normal 0 0 1
    outer loop
      vertex -8.7 15.06884202584923 1.5
      vertex -8.473496147901022 18.17147113008483 1.5
      vertex -10.024999999999999 17.363809345877993 1.5
    endloop
  endfacet
  facet normal 0 0 1
    outer loop
      vertex -8.7 15.06884202584923 1.5
      vertex -7.35355775428817 15.769755494437707 1.5
      vertex -8.473496147901022 18.17147113008483 1.5
    endloop
  endfacet
  facet normal 0 0 1
    outer loop
      vertex -8.473496147901022 18.17147113008483 1.5
      vertex -7.35355775428817 15.769755494437707 1.5
      vertex -6.857503873679657 18.84083704675746 1.5
    endloop
  endfacet
  facet normal 0 0 1
    outer loop
      vertex -7.35355775428817 15.769755494437707 1.5
      vertex -5.951150493866635 16.350651601674805 1.5
      vertex -6.857503873679657 18.84083704675746 1.5
    endloop
  endfacet
  facet normal 0 0 1
    outer loop
      vertex -5.951150493866635 16.350651601674805 1.5
      vertex -5.18932185430554 19.366812817095816 1.5
      vertex -6.857503873679657 18.84083704675746 1.5
    endloop
  endfacet
  facet normal 0 0 1
    outer loop
      vertex -5.951150493866635 16.350651601674805 1.5
      vertex -4.503451384783861 16.807109377429786 1.5
      vertex -5.18932185430554 19.366812817095816 1.5
    endloop
  endfacet
  facet normal 0 0 1
    outer loop
      vertex -4.503451384783861 16.807109377429786 1.5
      vertex -3.4816459622219527 19.74539544789477 1.5
      vertex -5.18932185430554 19.366812817095816 1.5
    endloop
  endfacet
  facet normal 0 0 1
    outer loop
      vertex -4.503451384783861 16.807109377429786 1.5
      vertex -3.0214782914045877 17.13565490241242 1.5
      vertex -3.4816459622219527 19.74539544789477 1.5
    endloop
  endfacet
  facet normal 0 0 1
    outer loop
      vertex -3.0214782914045877 17.13565490241242 1.5
      vertex -1.5165099238092519 17.33378774679637 1.5
      vertex -1.747472642090546 19.973703696739495 1.5
    endloop
  endfacet
  facet normal 0 0 1
    outer loop
      vertex -1.5165099238092519 17.33378774679637 1.5
      vertex 0 17.4 1.5
      vertex 0 20.049999999999997 1.5
    endloop
  endfacet
  facet normal 0 0 1
    outer loop
      vertex -3.0214782914045877 17.13565490241242 1.5
      vertex -1.747472642090546 19.973703696739495 1.5
      vertex -3.4816459622219527 19.74539544789477 1.5
    endloop
  endfacet
  facet normal 0 0 1
    outer loop
      vertex -1.5165099238092519 17.33378774679637 1.5
      vertex 0 20.049999999999997 1.5
      vertex -1.747472642090546 19.973703696739495 1.5
    endloop
  endfacet
  facet normal 0.5372996083468247 -0.8433914458128853 3.685367661199642e-18
    outer loop
      vertex -11.500207548838471 16.423998487994282 1.5
      vertex -10.024999999999999 17.363809345877993 1.5
      vertex -10.024999999999999 17.363809345877993 8
    endloop
  endfacet
  facet normal 0.46174861323503347 -0.8870108331782219 5.726004612952671e-18
    outer loop
      vertex -10.024999999999999 17.363809345877993 1.5
      vertex -8.473496147901022 18.17147113008483 1.5
      vertex -8.473496147901022 18.17147113008483 8
    endloop
  endfacet
  facet normal 0.38268343236509017 -0.9238795325112865 3.931366797641081e-18
    outer loop
      vertex -8.473496147901022 18.17147113008483 1.5
      vertex -6.857503873679657 18.84083704675746 1.5
      vertex -6.857503873679657 18.84083704675746 8
    endloop
  endfacet
  facet normal 0.30070579950427284 -0.953716950748227 3.329915125296089e-18
    outer loop
      vertex -6.857503873679657 18.84083704675746 1.5
      vertex -5.18932185430554 19.366812817095816 1.5
      vertex -5.18932185430554 19.366812817095816 8
    endloop
  endfacet
  facet normal 0.21643961393810293 -0.9762960071199334 1.9443618151775592e-18
    outer loop
      vertex -5.18932185430554 19.366812817095816 1.5
      vertex -3.4816459622219527 19.74539544789477 1.5
      vertex -3.4816459622219527 19.74539544789477 8
    endloop
  endfacet
  facet normal 0.13052619222005163 -0.9914448613738104 1.9736855441844567e-18
    outer loop
      vertex -3.4816459622219527 19.74539544789477 1.5
      vertex -1.747472642090546 19.973703696739495 1.5
      vertex -1.747472642090546 19.973703696739495 8
    endloop
  endfacet
  facet normal 0.04361938736533607 -0.9990482215818578 -9.372156200475988e-19
    outer loop
      vertex -1.747472642090546 19.973703696739495 1.5
      vertex 0 20.049999999999997 1.5
      vertex 0 20.049999999999997 8
    endloop
  endfacet
  facet normal 0.953716950748227 0.30070579950427284 0
    outer loop
      vertex -18.84083704675746 -6.857503873679657 1.5
      vertex -19.366812817095816 -5.18932185430554 8
      vertex -18.84083704675746 -6.857503873679657 8
    endloop
  endfacet
  facet normal 0.9238795325112865 0.38268343236509017 0
    outer loop
      vertex -18.17147113008483 -8.473496147901022 1.5
      vertex -18.84083704675746 -6.857503873679657 8
      vertex -18.17147113008483 -8.473496147901022 8
    endloop
  endfacet
  facet normal 0.9762960071199334 0.21643961393810293 0
    outer loop
      vertex -19.366812817095816 -5.18932185430554 1.5
      vertex -19.74539544789477 -3.4816459622219527 8
      vertex -19.366812817095816 -5.18932185430554 8
    endloop
  endfacet
  facet normal 0.9914448613738104 0.13052619222005163 0
    outer loop
      vertex -19.74539544789477 -3.4816459622219527 1.5
      vertex -19.973703696739495 -1.747472642090546 8
      vertex -19.74539544789477 -3.4816459622219527 8
    endloop
  endfacet
  facet normal 0.9990482215818578 0.04361938736533607 0
    outer loop
      vertex -19.973703696739495 -1.747472642090546 1.5
      vertex -20.049999999999997 0 8
      vertex -19.973703696739495 -1.747472642090546 8
    endloop
  endfacet
  facet normal 0.9990482215818578 -0.04361938736533607 0
    outer loop
      vertex -20.049999999999997 0 1.5
      vertex -19.973703696739495 1.747472642090546 8
      vertex -20.049999999999997 0 8
    endloop
  endfacet
  facet normal 0.9914448613738104 -0.13052619222005163 0
    outer loop
      vertex -19.973703696739495 1.747472642090546 1.5
      vertex -19.74539544789477 3.4816459622219527 8
      vertex -19.973703696739495 1.747472642090546 8
    endloop
  endfacet
  facet normal 0.9762960071199334 -0.21643961393810293 0
    outer loop
      vertex -19.74539544789477 3.4816459622219527 1.5
      vertex -19.366812817095816 5.18932185430554 8
      vertex -19.74539544789477 3.4816459622219527 8
    endloop
  endfacet
  facet normal 0.953716950748227 -0.30070579950427284 0
    outer loop
      vertex -19.366812817095816 5.18932185430554 1.5
      vertex -18.84083704675746 6.857503873679657 8
      vertex -19.366812817095816 5.18932185430554 8
    endloop
  endfacet
  facet normal 0.9238795325112865 -0.38268343236509017 0
    outer loop
      vertex -18.17147113008483 8.473496147901022 1.5
      vertex -18.17147113008483 8.473496147901022 8
      vertex -18.84083704675746 6.857503873679657 8
    endloop
  endfacet
  facet normal 0.8870108331782219 -0.46174861323503347 0
    outer loop
      vertex -18.17147113008483 8.473496147901022 1.5
      vertex -17.363809345877993 10.024999999999999 8
      vertex -18.17147113008483 8.473496147901022 8
    endloop
  endfacet
  facet normal 0.8433914458128853 -0.5372996083468247 0
    outer loop
      vertex -17.363809345877993 10.024999999999999 1.5
      vertex -16.423998487994282 11.500207548838471 8
      vertex -17.363809345877993 10.024999999999999 8
    endloop
  endfacet
  facet normal 0.7933533402912353 -0.6087614290087205 0
    outer loop
      vertex -16.423998487994282 11.500207548838471 1.5
      vertex -15.359191084535507 12.88789157421511 8
      vertex -16.423998487994282 11.500207548838471 8
    endloop
  endfacet
  facet normal 0.7372773368101249 -0.6755902076156594 0
    outer loop
      vertex -15.359191084535507 12.88789157421511 1.5
      vertex -14.177490962790277 14.177490962790277 8
      vertex -15.359191084535507 12.88789157421511 8
    endloop
  endfacet
  facet normal 0.6755902076156594 -0.7372773368101249 0
    outer loop
      vertex -14.177490962790277 14.177490962790277 1.5
      vertex -12.88789157421511 15.359191084535507 8
      vertex -14.177490962790277 14.177490962790277 8
    endloop
  endfacet
  facet normal 0.6087614290087205 -0.7933533402912353 0
    outer loop
      vertex -12.88789157421511 15.359191084535507 1.5
      vertex -11.500207548838471 16.423998487994282 8
      vertex -12.88789157421511 15.359191084535507 8
    endloop
  endfacet
  facet normal 0.5372996083468247 -0.8433914458128853 0
    outer loop
      vertex -11.500207548838471 16.423998487994282 1.5
      vertex -10.024999999999999 17.363809345877993 8
      vertex -11.500207548838471 16.423998487994282 8
    endloop
  endfacet
  facet normal 0.46174861323503347 -0.8870108331782219 0
    outer loop
      vertex -10.024999999999999 17.363809345877993 1.5
      vertex -8.473496147901022 18.17147113008483 8
      vertex -10.024999999999999 17.363809345877993 8
    endloop
  endfacet
  facet normal 0.38268343236509017 -0.9238795325112865 0
    outer loop
      vertex -8.473496147901022 18.17147113008483 1.5
      vertex -6.857503873679657 18.84083704675746 8
      vertex -8.473496147901022 18.17147113008483 8
    endloop
  endfacet
  facet normal 0.30070579950427284 -0.953716950748227 0
    outer loop
      vertex -6.857503873679657 18.84083704675746 1.5
      vertex -5.18932185430554 19.366812817095816 8
      vertex -6.857503873679657 18.84083704675746 8
    endloop
  endfacet
  facet normal 0.21643961393810293 -0.9762960071199334 0
    outer loop
      vertex -5.18932185430554 19.366812817095816 1.5
      vertex -3.4816459622219527 19.74539544789477 8
      vertex -5.18932185430554 19.366812817095816 8
    endloop
  endfacet
  facet normal 0.13052619222005163 -0.9914448613738104 0
    outer loop
      vertex -3.4816459622219527 19.74539544789477 1.5
      vertex -1.747472642090546 19.973703696739495 8
      vertex -3.4816459622219527 19.74539544789477 8
    endloop
  endfacet
  facet normal 0.04361938736533607 -0.9990482215818578 0
    outer loop
      vertex -1.747472642090546 19.973703696739495 1.5
      vertex 0 20.049999999999997 8
      vertex -1.747472642090546 19.973703696739495 8
    endloop
  endfacet
  facet normal 0 0 1
    outer loop
      vertex 0 -20.049999999999997 1.5
      vertex 1.5165099238092519 -17.33378774679637 1.5
      vertex 0 -17.4 1.5
    endloop
  endfacet
  facet normal 0 0 1
    outer loop
      vertex 0 -20.049999999999997 1.5
      vertex 1.747472642090546 -19.973703696739495 1.5
      vertex 1.5165099238092519 -17.33378774679637 1.5
    endloop
  endfacet
  facet normal 0 0 1
    outer loop
      vertex 1.747472642090546 -19.973703696739495 1.5
      vertex 3.0214782914045877 -17.13565490241242 1.5
      vertex 1.5165099238092519 -17.33378774679637 1.5
    endloop
  endfacet
  facet normal 0 0 1
    outer loop
      vertex 1.747472642090546 -19.973703696739495 1.5
      vertex 3.4816459622219527 -19.74539544789477 1.5
      vertex 3.0214782914045877 -17.13565490241242 1.5
    endloop
  endfacet
  facet normal 0 0 1
    outer loop
      vertex 3.4816459622219527 -19.74539544789477 1.5
      vertex 4.503451384783861 -16.807109377429786 1.5
      vertex 3.0214782914045877 -17.13565490241242 1.5
    endloop
  endfacet
  facet normal 0 0 1
    outer loop
      vertex 3.4816459622219527 -19.74539544789477 1.5
      vertex 5.18932185430554 -19.366812817095816 1.5
      vertex 4.503451384783861 -16.807109377429786 1.5
    endloop
  endfacet
  facet normal 0 0 1
    outer loop
      vertex 5.18932185430554 -19.366812817095816 1.5
      vertex 5.951150493866635 -16.350651601674805 1.5
      vertex 4.503451384783861 -16.807109377429786 1.5
    endloop
  endfacet
  facet normal 0 0 1
    outer loop
      vertex 5.18932185430554 -19.366812817095816 1.5
      vertex 6.857503873679657 -18.84083704675746 1.5
      vertex 5.951150493866635 -16.350651601674805 1.5
    endloop
  endfacet
  facet normal 0 0 1
    outer loop
      vertex 6.857503873679657 -18.84083704675746 1.5
      vertex 7.35355775428817 -15.769755494437707 1.5
      vertex 5.951150493866635 -16.350651601674805 1.5
    endloop
  endfacet
  facet normal 0 0 1
    outer loop
      vertex 6.857503873679657 -18.84083704675746 1.5
      vertex 8.473496147901022 -18.17147113008483 1.5
      vertex 7.35355775428817 -15.769755494437707 1.5
    endloop
  endfacet
  facet normal 0 0 1
    outer loop
      vertex 8.473496147901022 -18.17147113008483 1.5
      vertex 8.7 -15.06884202584923 1.5
      vertex 7.35355775428817 -15.769755494437707 1.5
    endloop
  endfacet
  facet normal 0 0 1
    outer loop
      vertex 8.473496147901022 -18.17147113008483 1.5
      vertex 10.024999999999999 -17.363809345877993 1.5
      vertex 8.7 -15.06884202584923 1.5
    endloop
  endfacet
  facet normal 0 0 1
    outer loop
      vertex 10.024999999999999 -17.363809345877993 1.5
      vertex 9.9802299925082 -14.253245570628456 1.5
      vertex 8.7 -15.06884202584923 1.5
    endloop
  endfacet
  facet normal 0 0 1
    outer loop
      vertex 10.024999999999999 -17.363809345877993 1.5
      vertex 11.500207548838471 -16.423998487994282 1.5
      vertex 11.184504408545783 -13.329173310270216 1.5
    endloop
  endfacet
  facet normal 0 0 1
    outer loop
      vertex 10.024999999999999 -17.363809345877993 1.5
      vertex 11.184504408545783 -13.329173310270216 1.5
      vertex 9.9802299925082 -14.253245570628456 1.5
    endloop
  endfacet
  facet normal -0.04361938736533607 0.9990482215818578 0
    outer loop
      vertex 0 -20.049999999999997 1.5
      vertex 0 -20.049999999999997 8
      vertex 1.747472642090546 -19.973703696739495 1.5
    endloop
  endfacet
  facet normal -0.13052619222005163 0.9914448613738104 4.509416322697048e-18
    outer loop
      vertex 1.747472642090546 -19.973703696739495 1.5
      vertex 2.307307799722623 -19.9 8
      vertex 3.4816459622219527 -19.74539544789477 1.5
    endloop
  endfacet
  facet normal -0.21643961393810293 0.9762960071199334 0
    outer loop
      vertex 3.4816459622219527 -19.74539544789477 1.5
      vertex 3.4816459622219527 -19.74539544789477 8
      vertex 5.18932185430554 -19.366812817095816 1.5
    endloop
  endfacet
  facet normal -0.30070579950427284 0.953716950748227 0
    outer loop
      vertex 5.18932185430554 -19.366812817095816 1.5
      vertex 5.18932185430554 -19.366812817095816 8
      vertex 6.857503873679657 -18.84083704675746 1.5
    endloop
  endfacet
  facet normal -0.38268343236509017 0.9238795325112865 0
    outer loop
      vertex 6.857503873679657 -18.84083704675746 1.5
      vertex 6.857503873679657 -18.84083704675746 8
      vertex 8.473496147901022 -18.17147113008483 1.5
    endloop
  endfacet
  facet normal -0.46174861323503347 0.8870108331782219 0
    outer loop
      vertex 8.473496147901022 -18.17147113008483 1.5
      vertex 8.473496147901022 -18.17147113008483 8
      vertex 10.024999999999999 -17.363809345877993 1.5
    endloop
  endfacet
  facet normal -0.5372996083468247 0.8433914458128853 0
    outer loop
      vertex 10.024999999999999 -17.363809345877993 1.5
      vertex 10.024999999999999 -17.363809345877993 8
      vertex 11.500207548838471 -16.423998487994282 1.5
    endloop
  endfacet
  facet normal 0 0 1
    outer loop
      vertex 11.500207548838471 -16.423998487994282 1.5
      vertex 12.303657992645928 -12.303657992645928 1.5
      vertex 11.184504408545783 -13.329173310270216 1.5
    endloop
  endfacet
  facet normal 0 0 1
    outer loop
      vertex 11.500207548838471 -16.423998487994282 1.5
      vertex 12.88789157421511 -15.359191084535507 1.5
      vertex 12.303657992645928 -12.303657992645928 1.5
    endloop
  endfacet
  facet normal 0 0 1
    outer loop
      vertex 12.88789157421511 -15.359191084535507 1.5
      vertex 14.177490962790277 -14.177490962790277 1.5
      vertex 13.329173310270216 -11.184504408545783 1.5
    endloop
  endfacet
  facet normal 0 0 1
    outer loop
      vertex 12.88789157421511 -15.359191084535507 1.5
      vertex 13.329173310270216 -11.184504408545783 1.5
      vertex 12.303657992645928 -12.303657992645928 1.5
    endloop
  endfacet
  facet normal 0 0 1
    outer loop
      vertex 13.329173310270216 -11.184504408545783 1.5
      vertex 14.177490962790277 -14.177490962790277 1.5
      vertex 14.253245570628456 -9.9802299925082 1.5
    endloop
  endfacet
  facet normal 0 0 1
    outer loop
      vertex 14.177490962790277 -14.177490962790277 1.5
      vertex 15.359191084535507 -12.88789157421511 1.5
      vertex 15.06884202584923 -8.7 1.5
    endloop
  endfacet
  facet normal 0 0 1
    outer loop
      vertex 14.177490962790277 -14.177490962790277 1.5
      vertex 15.06884202584923 -8.7 1.5
      vertex 14.253245570628456 -9.9802299925082 1.5
    endloop
  endfacet
  facet normal 0 0 1
    outer loop
      vertex 15.359191084535507 -12.88789157421511 1.5
      vertex 15.769755494437707 -7.35355775428817 1.5
      vertex 15.06884202584923 -8.7 1.5
    endloop
  endfacet
  facet normal 0 0 1
    outer loop
      vertex 15.359191084535507 -12.88789157421511 1.5
      vertex 16.423998487994282 -11.500207548838471 1.5
      vertex 15.769755494437707 -7.35355775428817 1.5
    endloop
  endfacet
  facet normal -0.6087614290087205 0.7933533402912353 0
    outer loop
      vertex 11.500207548838471 -16.423998487994282 1.5
      vertex 11.500207548838471 -16.423998487994282 8
      vertex 12.88789157421511 -15.359191084535507 1.5
    endloop
  endfacet
  facet normal -0.6755902076156594 0.7372773368101249 0
    outer loop
      vertex 12.88789157421511 -15.359191084535507 1.5
      vertex 12.88789157421511 -15.359191084535507 8
      vertex 14.177490962790277 -14.177490962790277 1.5
    endloop
  endfacet
  facet normal -0.7372773368101249 0.6755902076156594 0
    outer loop
      vertex 14.177490962790277 -14.177490962790277 1.5
      vertex 14.177490962790277 -14.177490962790277 8
      vertex 15.359191084535507 -12.88789157421511 1.5
    endloop
  endfacet
  facet normal -0.7933533402912353 0.6087614290087205 0
    outer loop
      vertex 15.359191084535507 -12.88789157421511 1.5
      vertex 15.359191084535507 -12.88789157421511 8
      vertex 16.423998487994282 -11.500207548838471 1.5
    endloop
  endfacet
  facet normal -0.8433914458128853 0.5372996083468247 0
    outer loop
      vertex 16.423998487994282 -11.500207548838471 1.5
      vertex 16.423998487994282 -11.500207548838471 8
      vertex 17.363809345877993 -10.024999999999999 1.5
    endloop
  endfacet
  facet normal -0.8870108331782219 0.46174861323503347 0
    outer loop
      vertex 17.363809345877993 -10.024999999999999 1.5
      vertex 17.363809345877993 -10.024999999999999 8
      vertex 18.17147113008483 -8.473496147901022 1.5
    endloop
  endfacet
  facet normal -0.04361938736533607 0.9990482215818578 0
    outer loop
      vertex 1.747472642090546 -19.973703696739495 1.5
      vertex 0 -20.049999999999997 8
      vertex 1.747472642090546 -19.973703696739495 8
    endloop
  endfacet
  facet normal -0.1305261922200516 0.9914448613738104 0
    outer loop
      vertex 1.747472642090546 -19.973703696739495 1.5
      vertex 1.747472642090546 -19.973703696739495 8
      vertex 2.307307799722623 -19.9 8
    endloop
  endfacet
  facet normal -0.13052619222005163 0.9914448613738104 0
    outer loop
      vertex 3.4816459622219527 -19.74539544789477 1.5
      vertex 2.307307799722623 -19.9 8
      vertex 3.4816459622219527 -19.74539544789477 8
    endloop
  endfacet
  facet normal -0.21643961393810293 0.9762960071199334 0
    outer loop
      vertex 5.18932185430554 -19.366812817095816 1.5
      vertex 3.4816459622219527 -19.74539544789477 8
      vertex 5.18932185430554 -19.366812817095816 8
    endloop
  endfacet
  facet normal -0.30070579950427284 0.953716950748227 0
    outer loop
      vertex 6.857503873679657 -18.84083704675746 1.5
      vertex 5.18932185430554 -19.366812817095816 8
      vertex 6.857503873679657 -18.84083704675746 8
    endloop
  endfacet
  facet normal -0.38268343236509017 0.9238795325112865 0
    outer loop
      vertex 8.473496147901022 -18.17147113008483 1.5
      vertex 6.857503873679657 -18.84083704675746 8
      vertex 8.473496147901022 -18.17147113008483 8
    endloop
  endfacet
  facet normal -0.46174861323503347 0.8870108331782219 0
    outer loop
      vertex 10.024999999999999 -17.363809345877993 1.5
      vertex 8.473496147901022 -18.17147113008483 8
      vertex 10.024999999999999 -17.363809345877993 8
    endloop
  endfacet
  facet normal -0.5372996083468247 0.8433914458128853 0
    outer loop
      vertex 11.500207548838471 -16.423998487994282 1.5
      vertex 10.024999999999999 -17.363809345877993 8
      vertex 11.500207548838471 -16.423998487994282 8
    endloop
  endfacet
  facet normal -0.6087614290087205 0.7933533402912353 0
    outer loop
      vertex 12.88789157421511 -15.359191084535507 1.5
      vertex 11.500207548838471 -16.423998487994282 8
      vertex 12.88789157421511 -15.359191084535507 8
    endloop
  endfacet
  facet normal -0.6755902076156594 0.7372773368101249 0
    outer loop
      vertex 14.177490962790277 -14.177490962790277 1.5
      vertex 12.88789157421511 -15.359191084535507 8
      vertex 14.177490962790277 -14.177490962790277 8
    endloop
  endfacet
  facet normal -0.7372773368101249 0.6755902076156594 0
    outer loop
      vertex 15.359191084535507 -12.88789157421511 1.5
      vertex 14.177490962790277 -14.177490962790277 8
      vertex 15.359191084535507 -12.88789157421511 8
    endloop
  endfacet
  facet normal -0.7933533402912353 0.6087614290087205 0
    outer loop
      vertex 16.423998487994282 -11.500207548838471 1.5
      vertex 15.359191084535507 -12.88789157421511 8
      vertex 16.423998487994282 -11.500207548838471 8
    endloop
  endfacet
  facet normal -0.8433914458128853 0.5372996083468247 0
    outer loop
      vertex 17.363809345877993 -10.024999999999999 1.5
      vertex 16.423998487994282 -11.500207548838471 8
      vertex 17.363809345877993 -10.024999999999999 8
    endloop
  endfacet
  facet normal 0 0 1
    outer loop
      vertex 0 17.4 1.5
      vertex 1.5165099238092519 17.33378774679637 1.5
      vertex 1.747472642090546 19.973703696739495 1.5
    endloop
  endfacet
  facet normal 0 0 1
    outer loop
      vertex 1.5165099238092519 17.33378774679637 1.5
      vertex 3.0214782914045877 17.13565490241242 1.5
      vertex 3.4816459622219527 19.74539544789477 1.5
    endloop
  endfacet
  facet normal 0 0 1
    outer loop
      vertex 0 17.4 1.5
      vertex 1.747472642090546 19.973703696739495 1.5
      vertex 0 20.049999999999997 1.5
    endloop
  endfacet
  facet normal 0 0 1
    outer loop
      vertex 1.5165099238092519 17.33378774679637 1.5
      vertex 3.4816459622219527 19.74539544789477 1.5
      vertex 1.747472642090546 19.973703696739495 1.5
    endloop
  endfacet
  facet normal 0 0 1
    outer loop
      vertex 3.0214782914045877 17.13565490241242 1.5
      vertex 4.503451384783861 16.807109377429786 1.5
      vertex 5.18932185430554 19.366812817095816 1.5
    endloop
  endfacet
  facet normal 0 0 1
    outer loop
      vertex 3.0214782914045877 17.13565490241242 1.5
      vertex 5.18932185430554 19.366812817095816 1.5
      vertex 3.4816459622219527 19.74539544789477 1.5
    endloop
  endfacet
  facet normal 0 0 1
    outer loop
      vertex 4.503451384783861 16.807109377429786 1.5
      vertex 6.857503873679657 18.84083704675746 1.5
      vertex 5.18932185430554 19.366812817095816 1.5
    endloop
  endfacet
  facet normal 0 0 1
    outer loop
      vertex 9.9802299925082 14.253245570628456 1.5
      vertex 11.184504408545783 13.329173310270216 1.5
      vertex 11.500207548838471 16.423998487994282 1.5
    endloop
  endfacet
  facet normal 0 0 1
    outer loop
      vertex 4.503451384783861 16.807109377429786 1.5
      vertex 5.951150493866635 16.350651601674805 1.5
      vertex 6.857503873679657 18.84083704675746 1.5
    endloop
  endfacet
  facet normal 0 0 1
    outer loop
      vertex 5.951150493866635 16.350651601674805 1.5
      vertex 8.473496147901022 18.17147113008483 1.5
      vertex 6.857503873679657 18.84083704675746 1.5
    endloop
  endfacet
  facet normal 0 0 1
    outer loop
      vertex 5.951150493866635 16.350651601674805 1.5
      vertex 7.35355775428817 15.769755494437707 1.5
      vertex 8.473496147901022 18.17147113008483 1.5
    endloop
  endfacet
  facet normal 0 0 1
    outer loop
      vertex 7.35355775428817 15.769755494437707 1.5
      vertex 8.7 15.06884202584923 1.5
      vertex 10.024999999999999 17.363809345877993 1.5
    endloop
  endfacet
  facet normal 0 0 1
    outer loop
      vertex 8.7 15.06884202584923 1.5
      vertex 9.9802299925082 14.253245570628456 1.5
      vertex 10.024999999999999 17.363809345877993 1.5
    endloop
  endfacet
  facet normal 0 0 1
    outer loop
      vertex 7.35355775428817 15.769755494437707 1.5
      vertex 10.024999999999999 17.363809345877993 1.5
      vertex 8.473496147901022 18.17147113008483 1.5
    endloop
  endfacet
  facet normal 0 0 1
    outer loop
      vertex 9.9802299925082 14.253245570628456 1.5
      vertex 11.500207548838471 16.423998487994282 1.5
      vertex 10.024999999999999 17.363809345877993 1.5
    endloop
  endfacet
  facet normal -0.04361938736533607 -0.9990482215818578 9.372156200475988e-19
    outer loop
      vertex 0 20.049999999999997 1.5
      vertex 1.747472642090546 19.973703696739495 1.5
      vertex 1.747472642090546 19.973703696739495 8
    endloop
  endfacet
  facet normal -0.13052619222005163 -0.9914448613738104 -1.9736855441844567e-18
    outer loop
      vertex 1.747472642090546 19.973703696739495 1.5
      vertex 3.4816459622219527 19.74539544789477 1.5
      vertex 3.4816459622219527 19.74539544789477 8
    endloop
  endfacet
  facet normal -0.21643961393810293 -0.9762960071199334 -1.9443618151775592e-18
    outer loop
      vertex 3.4816459622219527 19.74539544789477 1.5
      vertex 5.18932185430554 19.366812817095816 1.5
      vertex 5.18932185430554 19.366812817095816 8
    endloop
  endfacet
  facet normal -0.38268343236509017 -0.9238795325112865 -3.931366797641081e-18
    outer loop
      vertex 6.857503873679657 18.84083704675746 1.5
      vertex 8.473496147901022 18.17147113008483 1.5
      vertex 8.473496147901022 18.17147113008483 8
    endloop
  endfacet
  facet normal -0.30070579950427284 -0.953716950748227 -3.329915125296089e-18
    outer loop
      vertex 5.18932185430554 19.366812817095816 1.5
      vertex 6.857503873679657 18.84083704675746 1.5
      vertex 6.857503873679657 18.84083704675746 8
    endloop
  endfacet
  facet normal -0.46174861323503347 -0.8870108331782219 -5.726004612952671e-18
    outer loop
      vertex 8.473496147901022 18.17147113008483 1.5
      vertex 10.024999999999999 17.363809345877993 1.5
      vertex 10.024999999999999 17.363809345877993 8
    endloop
  endfacet
  facet normal -0.5372996083468247 -0.8433914458128853 -3.685367661199642e-18
    outer loop
      vertex 10.024999999999999 17.363809345877993 1.5
      vertex 11.500207548838471 16.423998487994282 1.5
      vertex 11.500207548838471 16.423998487994282 8
    endloop
  endfacet
  facet normal 0 0 1
    outer loop
      vertex 16.423998487994282 -11.500207548838471 1.5
      vertex 16.350651601674805 -5.951150493866635 1.5
      vertex 15.769755494437707 -7.35355775428817 1.5
    endloop
  endfacet
  facet normal 0 0 1
    outer loop
      vertex 16.423998487994282 -11.500207548838471 1.5
      vertex 17.363809345877993 -10.024999999999999 1.5
      vertex 16.807109377429786 -4.503451384783861 1.5
    endloop
  endfacet
  facet normal 0 0 1
    outer loop
      vertex 16.423998487994282 -11.500207548838471 1.5
      vertex 16.807109377429786 -4.503451384783861 1.5
      vertex 16.350651601674805 -5.951150493866635 1.5
    endloop
  endfacet
  facet normal 0 0 1
    outer loop
      vertex 17.363809345877993 -10.024999999999999 1.5
      vertex 17.13565490241242 -3.0214782914045877 1.5
      vertex 16.807109377429786 -4.503451384783861 1.5
    endloop
  endfacet
  facet normal 0 0 1
    outer loop
      vertex 17.13565490241242 3.0214782914045877 1.5
      vertex 17.363809345877993 10.024999999999999 1.5
      vertex 16.807109377429786 4.503451384783861 1.5
    endloop
  endfacet
  facet normal 0 0 1
    outer loop
      vertex 17.363809345877993 -10.024999999999999 1.5
      vertex 17.33378774679637 -1.5165099238092519 1.5
      vertex 17.13565490241242 -3.0214782914045877 1.5
    endloop
  endfacet
  facet normal 0 0 1
    outer loop
      vertex 17.363809345877993 -10.024999999999999 1.5
      vertex 17.4 0 1.5
      vertex 17.33378774679637 -1.5165099238092519 1.5
    endloop
  endfacet
  facet normal 0 0 1
    outer loop
      vertex 17.363809345877993 -10.024999999999999 1.5
      vertex 18.17147113008483 -8.473496147901022 1.5
      vertex 18.17147113008483 8.473496147901022 1.5
    endloop
  endfacet
  facet normal 0 0 1
    outer loop
      vertex 18.17147113008483 -8.473496147901022 1.5
      vertex 18.84083704675746 -6.857503873679657 1.5
      vertex 18.84083704675746 6.857503873679657 1.5
    endloop
  endfacet
  facet normal 0 0 1
    outer loop
      vertex 18.84083704675746 -6.857503873679657 1.5
      vertex 19.366812817095816 -5.18932185430554 1.5
      vertex 19.366812817095816 5.18932185430554 1.5
    endloop
  endfacet
  facet normal 0 0 1
    outer loop
      vertex 19.366812817095816 -5.18932185430554 1.5
      vertex 19.74539544789477 -3.4816459622219527 1.5
      vertex 19.74539544789477 3.4816459622219527 1.5
    endloop
  endfacet
  facet normal 0 0 1
    outer loop
      vertex 17.363809345877993 -10.024999999999999 1.5
      vertex 18.17147113008483 8.473496147901022 1.5
      vertex 17.4 0 1.5
    endloop
  endfacet
  facet normal 0 0 1
    outer loop
      vertex 18.17147113008483 -8.473496147901022 1.5
      vertex 18.84083704675746 6.857503873679657 1.5
      vertex 18.17147113008483 8.473496147901022 1.5
    endloop
  endfacet
  facet normal 0 0 1
    outer loop
      vertex 19.74539544789477 -3.4816459622219527 1.5
      vertex 19.973703696739495 -1.747472642090546 1.5
      vertex 19.973703696739495 1.747472642090546 1.5
    endloop
  endfacet
  facet normal 0 0 1
    outer loop
      vertex 19.973703696739495 -1.747472642090546 1.5
      vertex 20.049999999999997 0 1.5
      vertex 19.973703696739495 1.747472642090546 1.5
    endloop
  endfacet
  facet normal 0 0 1
    outer loop
      vertex 19.74539544789477 -3.4816459622219527 1.5
      vertex 19.973703696739495 1.747472642090546 1.5
      vertex 19.74539544789477 3.4816459622219527 1.5
    endloop
  endfacet
  facet normal 0 0 1
    outer loop
      vertex 18.84083704675746 -6.857503873679657 1.5
      vertex 19.366812817095816 5.18932185430554 1.5
      vertex 18.84083704675746 6.857503873679657 1.5
    endloop
  endfacet
  facet normal 0 0 1
    outer loop
      vertex 19.366812817095816 -5.18932185430554 1.5
      vertex 19.74539544789477 3.4816459622219527 1.5
      vertex 19.366812817095816 5.18932185430554 1.5
    endloop
  endfacet
  facet normal 0 0 1
    outer loop
      vertex 17.4 0 1.5
      vertex 18.17147113008483 8.473496147901022 1.5
      vertex 17.33378774679637 1.5165099238092519 1.5
    endloop
  endfacet
  facet normal 0 0 1
    outer loop
      vertex 17.33378774679637 1.5165099238092519 1.5
      vertex 17.363809345877993 10.024999999999999 1.5
      vertex 17.13565490241242 3.0214782914045877 1.5
    endloop
  endfacet
  facet normal 0 0 1
    outer loop
      vertex 17.33378774679637 1.5165099238092519 1.5
      vertex 18.17147113008483 8.473496147901022 1.5
      vertex 17.363809345877993 10.024999999999999 1.5
    endloop
  endfacet
  facet normal -0.9238795325112865 0.38268343236509017 0
    outer loop
      vertex 18.17147113008483 -8.473496147901022 1.5
      vertex 18.17147113008483 -8.473496147901022 8
      vertex 18.84083704675746 -6.857503873679657 1.5
    endloop
  endfacet
  facet normal -0.953716950748227 0.30070579950427284 0
    outer loop
      vertex 18.84083704675746 -6.857503873679657 1.5
      vertex 18.84083704675746 -6.857503873679657 8
      vertex 19.366812817095816 -5.18932185430554 1.5
    endloop
  endfacet
  facet normal -0.9762960071199334 0.21643961393810293 0
    outer loop
      vertex 19.366812817095816 -5.18932185430554 1.5
      vertex 19.366812817095816 -5.18932185430554 8
      vertex 19.74539544789477 -3.4816459622219527 1.5
    endloop
  endfacet
  facet normal -0.9914448613738104 0.13052619222005163 0
    outer loop
      vertex 19.74539544789477 -3.4816459622219527 1.5
      vertex 19.74539544789477 -3.4816459622219527 8
      vertex 19.973703696739495 -1.747472642090546 1.5
    endloop
  endfacet
  facet normal -0.9990482215818578 0.04361938736533607 0
    outer loop
      vertex 19.973703696739495 -1.747472642090546 1.5
      vertex 19.973703696739495 -1.747472642090546 8
      vertex 20.049999999999997 0 1.5
    endloop
  endfacet
  facet normal -0.9990482215818578 -0.04361938736533607 0
    outer loop
      vertex 20.049999999999997 0 1.5
      vertex 20.049999999999997 0 8
      vertex 19.973703696739495 1.747472642090546 1.5
    endloop
  endfacet
  facet normal -0.9914448613738104 -0.13052619222005163 0
    outer loop
      vertex 19.973703696739495 1.747472642090546 1.5
      vertex 19.973703696739495 1.747472642090546 8
      vertex 19.74539544789477 3.4816459622219527 1.5
    endloop
  endfacet
  facet normal -0.9762960071199334 -0.21643961393810293 0
    outer loop
      vertex 19.74539544789477 3.4816459622219527 1.5
      vertex 19.74539544789477 3.4816459622219527 8
      vertex 19.366812817095816 5.18932185430554 1.5
    endloop
  endfacet
  facet normal -0.953716950748227 -0.30070579950427284 0
    outer loop
      vertex 19.366812817095816 5.18932185430554 1.5
      vertex 19.366812817095816 5.18932185430554 8
      vertex 18.84083704675746 6.857503873679657 1.5
    endloop
  endfacet
  facet normal 0 0 1
    outer loop
      vertex 12.303657992645928 12.303657992645928 1.5
      vertex 12.88789157421511 15.359191084535507 1.5
      vertex 11.184504408545783 13.329173310270216 1.5
    endloop
  endfacet
  facet normal 0 0 1
    outer loop
      vertex 12.303657992645928 12.303657992645928 1.5
      vertex 13.329173310270216 11.184504408545783 1.5
      vertex 14.177490962790277 14.177490962790277 1.5
    endloop
  endfacet
  facet normal 0 0 1
    outer loop
      vertex 13.329173310270216 11.184504408545783 1.5
      vertex 15.359191084535507 12.88789157421511 1.5
      vertex 14.177490962790277 14.177490962790277 1.5
    endloop
  endfacet
  facet normal 0 0 1
    outer loop
      vertex 12.303657992645928 12.303657992645928 1.5
      vertex 14.177490962790277 14.177490962790277 1.5
      vertex 12.88789157421511 15.359191084535507 1.5
    endloop
  endfacet
  facet normal 0 0 1
    outer loop
      vertex 15.06884202584923 8.7 1.5
      vertex 15.359191084535507 12.88789157421511 1.5
      vertex 14.253245570628456 9.9802299925082 1.5
    endloop
  endfacet
  facet normal 0 0 1
    outer loop
      vertex 15.769755494437707 7.35355775428817 1.5
      vertex 16.350651601674805 5.951150493866635 1.5
      vertex 16.423998487994282 11.500207548838471 1.5
    endloop
  endfacet
  facet normal 0 0 1
    outer loop
      vertex 16.807109377429786 4.503451384783861 1.5
      vertex 17.363809345877993 10.024999999999999 1.5
      vertex 16.350651601674805 5.951150493866635 1.5
    endloop
  endfacet
  facet normal 0 0 1
    outer loop
      vertex 15.06884202584923 8.7 1.5
      vertex 15.769755494437707 7.35355775428817 1.5
      vertex 16.423998487994282 11.500207548838471 1.5
    endloop
  endfacet
  facet normal 0 0 1
    outer loop
      vertex 16.350651601674805 5.951150493866635 1.5
      vertex 17.363809345877993 10.024999999999999 1.5
      vertex 16.423998487994282 11.500207548838471 1.5
    endloop
  endfacet
  facet normal 0 0 1
    outer loop
      vertex 13.329173310270216 11.184504408545783 1.5
      vertex 14.253245570628456 9.9802299925082 1.5
      vertex 15.359191084535507 12.88789157421511 1.5
    endloop
  endfacet
  facet normal 0 0 1
    outer loop
      vertex 15.06884202584923 8.7 1.5
      vertex 16.423998487994282 11.500207548838471 1.5
      vertex 15.359191084535507 12.88789157421511 1.5
    endloop
  endfacet
  facet normal 0 0 1
    outer loop
      vertex 11.184504408545783 13.329173310270216 1.5
      vertex 12.88789157421511 15.359191084535507 1.5
      vertex 11.500207548838471 16.423998487994282 1.5
    endloop
  endfacet
  facet normal -0.6755902076156594 -0.7372773368101249 1.6812440060601801e-18
    outer loop
      vertex 12.88789157421511 15.359191084535507 1.5
      vertex 14.177490962790277 14.177490962790277 1.5
      vertex 14.177490962790277 14.177490962790277 8
    endloop
  endfacet
  facet normal -0.8433914458128853 -0.5372996083468247 -3.685367661199642e-18
    outer loop
      vertex 16.423998487994282 11.500207548838471 1.5
      vertex 17.363809345877993 10.024999999999999 1.5
      vertex 17.363809345877993 10.024999999999999 8
    endloop
  endfacet
  facet normal -0.7372773368101249 -0.6755902076156594 1.6812440060601801e-18
    outer loop
      vertex 14.177490962790277 14.177490962790277 1.5
      vertex 15.359191084535507 12.88789157421511 1.5
      vertex 15.359191084535507 12.88789157421511 8
    endloop
  endfacet
  facet normal -0.7933533402912353 -0.6087614290087205 0
    outer loop
      vertex 16.423998487994282 11.500207548838471 1.5
      vertex 16.423998487994282 11.500207548838471 8
      vertex 15.359191084535507 12.88789157421511 1.5
    endloop
  endfacet
  facet normal -0.6087614290087205 -0.7933533402912353 -6.699245386702703e-18
    outer loop
      vertex 11.500207548838471 16.423998487994282 1.5
      vertex 12.88789157421511 15.359191084535507 1.5
      vertex 12.88789157421511 15.359191084535507 8
    endloop
  endfacet
  facet normal -0.8870108331782219 -0.46174861323503347 0
    outer loop
      vertex 18.17147113008483 8.473496147901022 1.5
      vertex 18.17147113008483 8.473496147901022 8
      vertex 17.363809345877993 10.024999999999999 1.5
    endloop
  endfacet
  facet normal -0.9238795325112865 -0.38268343236509017 0
    outer loop
      vertex 18.84083704675746 6.857503873679657 1.5
      vertex 18.84083704675746 6.857503873679657 8
      vertex 18.17147113008483 8.473496147901022 1.5
    endloop
  endfacet
  facet normal -0.04361938736533607 -0.9990482215818578 0
    outer loop
      vertex 0 20.049999999999997 1.5
      vertex 1.747472642090546 19.973703696739495 8
      vertex 0 20.049999999999997 8
    endloop
  endfacet
  facet normal -0.13052619222005163 -0.9914448613738104 0
    outer loop
      vertex 1.747472642090546 19.973703696739495 1.5
      vertex 3.4816459622219527 19.74539544789477 8
      vertex 1.747472642090546 19.973703696739495 8
    endloop
  endfacet
  facet normal -0.21643961393810293 -0.9762960071199334 0
    outer loop
      vertex 3.4816459622219527 19.74539544789477 1.5
      vertex 5.18932185430554 19.366812817095816 8
      vertex 3.4816459622219527 19.74539544789477 8
    endloop
  endfacet
  facet normal -0.38268343236509017 -0.9238795325112865 0
    outer loop
      vertex 6.857503873679657 18.84083704675746 1.5
      vertex 8.473496147901022 18.17147113008483 8
      vertex 6.857503873679657 18.84083704675746 8
    endloop
  endfacet
  facet normal -0.30070579950427284 -0.953716950748227 0
    outer loop
      vertex 5.18932185430554 19.366812817095816 1.5
      vertex 6.857503873679657 18.84083704675746 8
      vertex 5.18932185430554 19.366812817095816 8
    endloop
  endfacet
  facet normal -0.46174861323503347 -0.8870108331782219 0
    outer loop
      vertex 8.473496147901022 18.17147113008483 1.5
      vertex 10.024999999999999 17.363809345877993 8
      vertex 8.473496147901022 18.17147113008483 8
    endloop
  endfacet
  facet normal -0.5372996083468247 -0.8433914458128853 0
    outer loop
      vertex 10.024999999999999 17.363809345877993 1.5
      vertex 11.500207548838471 16.423998487994282 8
      vertex 10.024999999999999 17.363809345877993 8
    endloop
  endfacet
  facet normal -0.8870108331782219 0.46174861323503347 0
    outer loop
      vertex 18.17147113008483 -8.473496147901022 1.5
      vertex 17.363809345877993 -10.024999999999999 8
      vertex 18.17147113008483 -8.473496147901022 8
    endloop
  endfacet
  facet normal -0.9238795325112865 0.38268343236509017 0
    outer loop
      vertex 18.84083704675746 -6.857503873679657 1.5
      vertex 18.17147113008483 -8.473496147901022 8
      vertex 18.84083704675746 -6.857503873679657 8
    endloop
  endfacet
  facet normal -0.953716950748227 0.30070579950427284 0
    outer loop
      vertex 19.366812817095816 -5.18932185430554 1.5
      vertex 18.84083704675746 -6.857503873679657 8
      vertex 19.366812817095816 -5.18932185430554 8
    endloop
  endfacet
  facet normal -0.9762960071199334 0.21643961393810293 0
    outer loop
      vertex 19.74539544789477 -3.4816459622219527 1.5
      vertex 19.366812817095816 -5.18932185430554 8
      vertex 19.74539544789477 -3.4816459622219527 8
    endloop
  endfacet
  facet normal -0.9914448613738104 0.13052619222005163 0
    outer loop
      vertex 19.973703696739495 -1.747472642090546 1.5
      vertex 19.74539544789477 -3.4816459622219527 8
      vertex 19.973703696739495 -1.747472642090546 8
    endloop
  endfacet
  facet normal -0.9990482215818578 0.04361938736533607 0
    outer loop
      vertex 20.049999999999997 0 1.5
      vertex 19.973703696739495 -1.747472642090546 8
      vertex 20.049999999999997 0 8
    endloop
  endfacet
  facet normal -0.9990482215818578 -0.04361938736533607 0
    outer loop
      vertex 19.973703696739495 1.747472642090546 1.5
      vertex 20.049999999999997 0 8
      vertex 19.973703696739495 1.747472642090546 8
    endloop
  endfacet
  facet normal -0.9914448613738104 -0.13052619222005163 0
    outer loop
      vertex 19.74539544789477 3.4816459622219527 1.5
      vertex 19.973703696739495 1.747472642090546 8
      vertex 19.74539544789477 3.4816459622219527 8
    endloop
  endfacet
  facet normal -0.9762960071199334 -0.21643961393810293 0
    outer loop
      vertex 19.366812817095816 5.18932185430554 1.5
      vertex 19.74539544789477 3.4816459622219527 8
      vertex 19.366812817095816 5.18932185430554 8
    endloop
  endfacet
  facet normal -0.953716950748227 -0.30070579950427284 0
    outer loop
      vertex 18.84083704675746 6.857503873679657 1.5
      vertex 19.366812817095816 5.18932185430554 8
      vertex 18.84083704675746 6.857503873679657 8
    endloop
  endfacet
  facet normal -0.7933533402912353 -0.6087614290087205 0
    outer loop
      vertex 15.359191084535507 12.88789157421511 1.5
      vertex 16.423998487994282 11.500207548838471 8
      vertex 15.359191084535507 12.88789157421511 8
    endloop
  endfacet
  facet normal -0.7372773368101249 -0.6755902076156594 0
    outer loop
      vertex 14.177490962790277 14.177490962790277 1.5
      vertex 15.359191084535507 12.88789157421511 8
      vertex 14.177490962790277 14.177490962790277 8
    endloop
  endfacet
  facet normal -0.8433914458128853 -0.5372996083468247 0
    outer loop
      vertex 16.423998487994282 11.500207548838471 1.5
      vertex 17.363809345877993 10.024999999999999 8
      vertex 16.423998487994282 11.500207548838471 8
    endloop
  endfacet
  facet normal -0.6087614290087205 -0.7933533402912353 0
    outer loop
      vertex 11.500207548838471 16.423998487994282 1.5
      vertex 12.88789157421511 15.359191084535507 8
      vertex 11.500207548838471 16.423998487994282 8
    endloop
  endfacet
  facet normal -0.6755902076156594 -0.7372773368101249 0
    outer loop
      vertex 12.88789157421511 15.359191084535507 1.5
      vertex 14.177490962790277 14.177490962790277 8
      vertex 12.88789157421511 15.359191084535507 8
    endloop
  endfacet
  facet normal -0.9238795325112865 -0.38268343236509017 0
    outer loop
      vertex 18.17147113008483 8.473496147901022 1.5
      vertex 18.84083704675746 6.857503873679657 8
      vertex 18.17147113008483 8.473496147901022 8
    endloop
  endfacet
  facet normal -0.8870108331782219 -0.46174861323503347 0
    outer loop
      vertex 17.363809345877993 10.024999999999999 1.5
      vertex 18.17147113008483 8.473496147901022 8
      vertex 17.363809345877993 10.024999999999999 8
    endloop
  endfacet
  facet normal 0.7372773368101256 0.6755902076156585 0
    outer loop
      vertex -13.329173310270216 -11.184504408545783 1.5
      vertex -12.303657992645928 -12.303657992645928 0
      vertex -13.329173310270216 -11.184504408545783 0
    endloop
  endfacet
  facet normal 0.7933533402912349 0.6087614290087209 0
    outer loop
      vertex -14.253245570628456 -9.9802299925082 1.5
      vertex -13.329173310270216 -11.184504408545783 0
      vertex -14.253245570628456 -9.9802299925082 0
    endloop
  endfacet
  facet normal 0.6755902076156585 0.7372773368101256 0
    outer loop
      vertex -12.303657992645928 -12.303657992645928 1.5
      vertex -11.184504408545783 -13.329173310270216 0
      vertex -12.303657992645928 -12.303657992645928 0
    endloop
  endfacet
  facet normal 0.8433914458128858 0.5372996083468239 0
    outer loop
      vertex -14.253245570628456 -9.9802299925082 1.5
      vertex -14.253245570628456 -9.9802299925082 0
      vertex -15.06884202584923 -8.7 1.5
    endloop
  endfacet
  facet normal 0.7933533402912349 0.6087614290087209 2.776288772958298e-17
    outer loop
      vertex -14.253245570628456 -9.9802299925082 1.5
      vertex -13.329173310270216 -11.184504408545783 1.5
      vertex -13.329173310270216 -11.184504408545783 0
    endloop
  endfacet
  facet normal 0.7372773368101256 0.6755902076156585 1.5636888053958374e-18
    outer loop
      vertex -13.329173310270216 -11.184504408545783 1.5
      vertex -12.303657992645928 -12.303657992645928 1.5
      vertex -12.303657992645928 -12.303657992645928 0
    endloop
  endfacet
  facet normal 0.6755902076156585 0.7372773368101256 0
    outer loop
      vertex -11.184504408545783 -13.329173310270216 1.5
      vertex -11.184504408545783 -13.329173310270216 0
      vertex -12.303657992645928 -12.303657992645928 1.5
    endloop
  endfacet
  facet normal 0.6087614290087209 0.7933533402912349 0
    outer loop
      vertex -11.184504408545783 -13.329173310270216 1.5
      vertex -9.9802299925082 -14.253245570628456 0
      vertex -11.184504408545783 -13.329173310270216 0
    endloop
  endfacet
  facet normal 0.5372996083468239 0.8433914458128858 0
    outer loop
      vertex -9.9802299925082 -14.253245570628456 1.5
      vertex -8.7 -15.06884202584923 0
      vertex -9.9802299925082 -14.253245570628456 0
    endloop
  endfacet
  facet normal 0.4617486132350338 0.8870108331782217 0
    outer loop
      vertex -8.7 -15.06884202584923 1.5
      vertex -7.35355775428817 -15.769755494437707 0
      vertex -8.7 -15.06884202584923 0
    endloop
  endfacet
  facet normal 0.3826834323650906 0.9238795325112864 0
    outer loop
      vertex -7.35355775428817 -15.769755494437707 1.5
      vertex -5.951150493866635 -16.350651601674805 0
      vertex -7.35355775428817 -15.769755494437707 0
    endloop
  endfacet
  facet normal 0.6087614290087209 0.7933533402912349 2.776288772958298e-17
    outer loop
      vertex -11.184504408545783 -13.329173310270216 1.5
      vertex -9.9802299925082 -14.253245570628456 1.5
      vertex -9.9802299925082 -14.253245570628456 0
    endloop
  endfacet
  facet normal 0.5372996083468239 0.8433914458128858 1.1777031826267189e-17
    outer loop
      vertex -9.9802299925082 -14.253245570628456 1.5
      vertex -8.7 -15.06884202584923 1.5
      vertex -8.7 -15.06884202584923 0
    endloop
  endfacet
  facet normal 0.4617486132350338 0.8870108331782217 7.149372196309071e-18
    outer loop
      vertex -8.7 -15.06884202584923 1.5
      vertex -7.35355775428817 -15.769755494437707 1.5
      vertex -7.35355775428817 -15.769755494437707 0
    endloop
  endfacet
  facet normal 0.3826834323650906 0.9238795325112864 0
    outer loop
      vertex -5.951150493866635 -16.350651601674805 1.5
      vertex -5.951150493866635 -16.350651601674805 0
      vertex -7.35355775428817 -15.769755494437707 1.5
    endloop
  endfacet
  facet normal 0.30070579950427223 0.9537169507482273 0
    outer loop
      vertex -5.951150493866635 -16.350651601674805 1.5
      vertex -4.503451384783861 -16.807109377429786 0
      vertex -5.951150493866635 -16.350651601674805 0
    endloop
  endfacet
  facet normal 0.2164396139381038 0.9762960071199333 0
    outer loop
      vertex -4.503451384783861 -16.807109377429786 1.5
      vertex -3.0214782914045877 -17.13565490241242 0
      vertex -4.503451384783861 -16.807109377429786 0
    endloop
  endfacet
  facet normal 0.13052619222005174 0.9914448613738104 0
    outer loop
      vertex -3.0214782914045877 -17.13565490241242 1.5
      vertex -1.5165099238092519 -17.33378774679637 0
      vertex -3.0214782914045877 -17.13565490241242 0
    endloop
  endfacet
  facet normal 0.0436193873653356 0.9990482215818577 0
    outer loop
      vertex -1.5165099238092519 -17.33378774679637 1.5
      vertex 0 -17.4 0
      vertex -1.5165099238092519 -17.33378774679637 0
    endloop
  endfacet
  facet normal 0.30070579950427223 0.9537169507482273 -1.0879851312699543e-18
    outer loop
      vertex -5.951150493866635 -16.350651601674805 1.5
      vertex -4.503451384783861 -16.807109377429786 1.5
      vertex -4.503451384783861 -16.807109377429786 0
    endloop
  endfacet
  facet normal 0.2164396139381038 0.9762960071199333 5.3642125915250755e-18
    outer loop
      vertex -4.503451384783861 -16.807109377429786 1.5
      vertex -3.0214782914045877 -17.13565490241242 1.5
      vertex -3.0214782914045877 -17.13565490241242 0
    endloop
  endfacet
  facet normal 0.13052619222005174 0.9914448613738104 6.333521207487674e-18
    outer loop
      vertex -3.0214782914045877 -17.13565490241242 1.5
      vertex -1.5165099238092519 -17.33378774679637 1.5
      vertex -1.5165099238092519 -17.33378774679637 0
    endloop
  endfacet
  facet normal 0.0436193873653356 0.9990482215818577 4.027762714121732e-20
    outer loop
      vertex -1.5165099238092519 -17.33378774679637 1.5
      vertex 0 -17.4 1.5
      vertex 0 -17.4 0
    endloop
  endfacet
  facet normal 0.9914448613738104 0.13052619222005174 0
    outer loop
      vertex -17.33378774679637 -1.5165099238092519 1.5
      vertex -17.13565490241242 -3.0214782914045877 0
      vertex -17.33378774679637 -1.5165099238092519 0
    endloop
  endfacet
  facet normal 0.9914448613738104 0.13052619222005174 0
    outer loop
      vertex -17.13565490241242 -3.0214782914045877 1.5
      vertex -17.13565490241242 -3.0214782914045877 0
      vertex -17.33378774679637 -1.5165099238092519 1.5
    endloop
  endfacet
  facet normal 0.9990482215818577 0.0436193873653356 0
    outer loop
      vertex -17.4 0 1.5
      vertex -17.33378774679637 -1.5165099238092519 0
      vertex -17.4 0 0
    endloop
  endfacet
  facet normal 0.9990482215818577 -0.0436193873653356 0
    outer loop
      vertex -17.33378774679637 1.5165099238092519 1.5
      vertex -17.4 0 0
      vertex -17.33378774679637 1.5165099238092519 0
    endloop
  endfacet
  facet normal 0.9914448613738104 -0.13052619222005174 0
    outer loop
      vertex -17.13565490241242 3.0214782914045877 1.5
      vertex -17.33378774679637 1.5165099238092519 0
      vertex -17.13565490241242 3.0214782914045877 0
    endloop
  endfacet
  facet normal 0.9990482215818577 0.0436193873653356 0
    outer loop
      vertex -17.33378774679637 -1.5165099238092519 1.5
      vertex -17.33378774679637 -1.5165099238092519 0
      vertex -17.4 0 1.5
    endloop
  endfacet
  facet normal 0.9990482215818577 -0.0436193873653356 0
    outer loop
      vertex -17.4 0 1.5
      vertex -17.4 0 0
      vertex -17.33378774679637 1.5165099238092519 1.5
    endloop
  endfacet
  facet normal 0.9914448613738104 -0.13052619222005174 0
    outer loop
      vertex -17.33378774679637 1.5165099238092519 1.5
      vertex -17.33378774679637 1.5165099238092519 0
      vertex -17.13565490241242 3.0214782914045877 1.5
    endloop
  endfacet
  facet normal 0.9238795325112864 0.3826834323650906 0
    outer loop
      vertex -16.350651601674805 -5.951150493866635 1.5
      vertex -15.769755494437707 -7.35355775428817 0
      vertex -16.350651601674805 -5.951150493866635 0
    endloop
  endfacet
  facet normal 0.8870108331782217 0.4617486132350338 0
    outer loop
      vertex -15.769755494437707 -7.35355775428817 1.5
      vertex -15.06884202584923 -8.7 0
      vertex -15.769755494437707 -7.35355775428817 0
    endloop
  endfacet
  facet normal 0.8433914458128858 0.5372996083468239 0
    outer loop
      vertex -15.06884202584923 -8.7 1.5
      vertex -14.253245570628456 -9.9802299925082 0
      vertex -15.06884202584923 -8.7 0
    endloop
  endfacet
  facet normal 0.9537169507482273 0.30070579950427223 0
    outer loop
      vertex -16.807109377429786 -4.503451384783861 1.5
      vertex -16.350651601674805 -5.951150493866635 0
      vertex -16.807109377429786 -4.503451384783861 0
    endloop
  endfacet
  facet normal 0.9762960071199333 0.2164396139381038 0
    outer loop
      vertex -17.13565490241242 -3.0214782914045877 1.5
      vertex -16.807109377429786 -4.503451384783861 0
      vertex -17.13565490241242 -3.0214782914045877 0
    endloop
  endfacet
  facet normal 0.9537169507482273 0.30070579950427223 -1.0879851312699543e-18
    outer loop
      vertex -16.807109377429786 -4.503451384783861 1.5
      vertex -16.350651601674805 -5.951150493866635 1.5
      vertex -16.350651601674805 -5.951150493866635 0
    endloop
  endfacet
  facet normal 0.9238795325112864 0.3826834323650906 0
    outer loop
      vertex -15.769755494437707 -7.35355775428817 1.5
      vertex -15.769755494437707 -7.35355775428817 0
      vertex -16.350651601674805 -5.951150493866635 1.5
    endloop
  endfacet
  facet normal 0.8870108331782217 0.4617486132350338 7.149372196309071e-18
    outer loop
      vertex -15.769755494437707 -7.35355775428817 1.5
      vertex -15.06884202584923 -8.7 1.5
      vertex -15.06884202584923 -8.7 0
    endloop
  endfacet
  facet normal 0.9762960071199333 0.2164396139381038 0
    outer loop
      vertex -16.807109377429786 -4.503451384783861 1.5
      vertex -16.807109377429786 -4.503451384783861 0
      vertex -17.13565490241242 -3.0214782914045877 1.5
    endloop
  endfacet
  facet normal 0.9762960071199333 -0.2164396139381038 0
    outer loop
      vertex -16.807109377429786 4.503451384783861 1.5
      vertex -17.13565490241242 3.0214782914045877 0
      vertex -16.807109377429786 4.503451384783861 0
    endloop
  endfacet
  facet normal 0.9537169507482273 -0.30070579950427223 0
    outer loop
      vertex -16.350651601674805 5.951150493866635 1.5
      vertex -16.807109377429786 4.503451384783861 0
      vertex -16.350651601674805 5.951150493866635 0
    endloop
  endfacet
  facet normal 0.9762960071199333 -0.2164396139381038 0
    outer loop
      vertex -17.13565490241242 3.0214782914045877 1.5
      vertex -17.13565490241242 3.0214782914045877 0
      vertex -16.807109377429786 4.503451384783861 1.5
    endloop
  endfacet
  facet normal 0.9537169507482273 -0.30070579950427223 0
    outer loop
      vertex -16.807109377429786 4.503451384783861 1.5
      vertex -16.807109377429786 4.503451384783861 0
      vertex -16.350651601674805 5.951150493866635 1.5
    endloop
  endfacet
  facet normal 0.9238795325112864 -0.3826834323650906 0
    outer loop
      vertex -16.350651601674805 5.951150493866635 1.5
      vertex -16.350651601674805 5.951150493866635 0
      vertex -15.769755494437707 7.35355775428817 1.5
    endloop
  endfacet
  facet normal 0.9238795325112864 -0.3826834323650906 0
    outer loop
      vertex -15.769755494437707 7.35355775428817 1.5
      vertex -16.350651601674805 5.951150493866635 0
      vertex -15.769755494437707 7.35355775428817 0
    endloop
  endfacet
  facet normal 0.8870108331782217 -0.4617486132350338 0
    outer loop
      vertex -15.06884202584923 8.7 1.5
      vertex -15.769755494437707 7.35355775428817 0
      vertex -15.06884202584923 8.7 0
    endloop
  endfacet
  facet normal 0.8433914458128858 -0.5372996083468239 0
    outer loop
      vertex -14.253245570628456 9.9802299925082 1.5
      vertex -15.06884202584923 8.7 0
      vertex -14.253245570628456 9.9802299925082 0
    endloop
  endfacet
  facet normal 0.7933533402912349 -0.6087614290087209 0
    outer loop
      vertex -13.329173310270216 11.184504408545783 1.5
      vertex -14.253245570628456 9.9802299925082 0
      vertex -13.329173310270216 11.184504408545783 0
    endloop
  endfacet
  facet normal 0.7372773368101256 -0.6755902076156585 0
    outer loop
      vertex -12.303657992645928 12.303657992645928 1.5
      vertex -13.329173310270216 11.184504408545783 0
      vertex -12.303657992645928 12.303657992645928 0
    endloop
  endfacet
  facet normal 0.6755902076156585 -0.7372773368101256 0
    outer loop
      vertex -11.184504408545783 13.329173310270216 1.5
      vertex -12.303657992645928 12.303657992645928 0
      vertex -11.184504408545783 13.329173310270216 0
    endloop
  endfacet
  facet normal 0.8870108331782217 -0.4617486132350338 0
    outer loop
      vertex -15.769755494437707 7.35355775428817 1.5
      vertex -15.769755494437707 7.35355775428817 0
      vertex -15.06884202584923 8.7 1.5
    endloop
  endfacet
  facet normal 0.8433914458128858 -0.5372996083468239 0
    outer loop
      vertex -15.06884202584923 8.7 1.5
      vertex -15.06884202584923 8.7 0
      vertex -14.253245570628456 9.9802299925082 1.5
    endloop
  endfacet
  facet normal 0.7933533402912349 -0.6087614290087209 0
    outer loop
      vertex -14.253245570628456 9.9802299925082 1.5
      vertex -14.253245570628456 9.9802299925082 0
      vertex -13.329173310270216 11.184504408545783 1.5
    endloop
  endfacet
  facet normal 0.7372773368101256 -0.6755902076156585 0
    outer loop
      vertex -13.329173310270216 11.184504408545783 1.5
      vertex -13.329173310270216 11.184504408545783 0
      vertex -12.303657992645928 12.303657992645928 1.5
    endloop
  endfacet
  facet normal 0.6755902076156585 -0.7372773368101256 0
    outer loop
      vertex -12.303657992645928 12.303657992645928 1.5
      vertex -12.303657992645928 12.303657992645928 0
      vertex -11.184504408545783 13.329173310270216 1.5
    endloop
  endfacet
  facet normal 0.6087614290087209 -0.7933533402912349 0
    outer loop
      vertex -9.9802299925082 14.253245570628456 1.5
      vertex -11.184504408545783 13.329173310270216 0
      vertex -9.9802299925082 14.253245570628456 0
    endloop
  endfacet
  facet normal 0.5372996083468239 -0.8433914458128858 0
    outer loop
      vertex -8.7 15.06884202584923 1.5
      vertex -9.9802299925082 14.253245570628456 0
      vertex -8.7 15.06884202584923 0
    endloop
  endfacet
  facet normal 0.6087614290087209 -0.7933533402912349 0
    outer loop
      vertex -11.184504408545783 13.329173310270216 1.5
      vertex -11.184504408545783 13.329173310270216 0
      vertex -9.9802299925082 14.253245570628456 1.5
    endloop
  endfacet
  facet normal 0.5372996083468239 -0.8433914458128858 0
    outer loop
      vertex -9.9802299925082 14.253245570628456 1.5
      vertex -9.9802299925082 14.253245570628456 0
      vertex -8.7 15.06884202584923 1.5
    endloop
  endfacet
  facet normal 0.4617486132350338 -0.8870108331782217 0
    outer loop
      vertex -7.35355775428817 15.769755494437707 1.5
      vertex -8.7 15.06884202584923 0
      vertex -7.35355775428817 15.769755494437707 0
    endloop
  endfacet
  facet normal 0.3826834323650906 -0.9238795325112864 0
    outer loop
      vertex -5.951150493866635 16.350651601674805 1.5
      vertex -7.35355775428817 15.769755494437707 0
      vertex -5.951150493866635 16.350651601674805 0
    endloop
  endfacet
  facet normal 0.4617486132350338 -0.8870108331782217 0
    outer loop
      vertex -8.7 15.06884202584923 1.5
      vertex -8.7 15.06884202584923 0
      vertex -7.35355775428817 15.769755494437707 1.5
    endloop
  endfacet
  facet normal 0.3826834323650906 -0.9238795325112864 0
    outer loop
      vertex -7.35355775428817 15.769755494437707 1.5
      vertex -7.35355775428817 15.769755494437707 0
      vertex -5.951150493866635 16.350651601674805 1.5
    endloop
  endfacet
  facet normal 0.30070579950427223 -0.9537169507482273 0
    outer loop
      vertex -4.503451384783861 16.807109377429786 1.5
      vertex -5.951150493866635 16.350651601674805 0
      vertex -4.503451384783861 16.807109377429786 0
    endloop
  endfacet
  facet normal 0.2164396139381038 -0.9762960071199333 0
    outer loop
      vertex -3.0214782914045877 17.13565490241242 1.5
      vertex -4.503451384783861 16.807109377429786 0
      vertex -3.0214782914045877 17.13565490241242 0
    endloop
  endfacet
  facet normal 0.13052619222005174 -0.9914448613738104 0
    outer loop
      vertex -1.5165099238092519 17.33378774679637 1.5
      vertex -3.0214782914045877 17.13565490241242 0
      vertex -1.5165099238092519 17.33378774679637 0
    endloop
  endfacet
  facet normal 0.0436193873653356 -0.9990482215818577 0
    outer loop
      vertex 0 17.4 1.5
      vertex -1.5165099238092519 17.33378774679637 0
      vertex 0 17.4 0
    endloop
  endfacet
  facet normal 0.30070579950427223 -0.9537169507482273 0
    outer loop
      vertex -5.951150493866635 16.350651601674805 1.5
      vertex -5.951150493866635 16.350651601674805 0
      vertex -4.503451384783861 16.807109377429786 1.5
    endloop
  endfacet
  facet normal 0.2164396139381038 -0.9762960071199333 0
    outer loop
      vertex -4.503451384783861 16.807109377429786 1.5
      vertex -4.503451384783861 16.807109377429786 0
      vertex -3.0214782914045877 17.13565490241242 1.5
    endloop
  endfacet
  facet normal 0.13052619222005174 -0.9914448613738104 0
    outer loop
      vertex -3.0214782914045877 17.13565490241242 1.5
      vertex -3.0214782914045877 17.13565490241242 0
      vertex -1.5165099238092519 17.33378774679637 1.5
    endloop
  endfacet
  facet normal 0.0436193873653356 -0.9990482215818577 0
    outer loop
      vertex -1.5165099238092519 17.33378774679637 1.5
      vertex -1.5165099238092519 17.33378774679637 0
      vertex 0 17.4 1.5
    endloop
  endfacet
  facet normal -0.0436193873653356 0.9990482215818577 0
    outer loop
      vertex 0 -17.4 1.5
      vertex 1.5165099238092519 -17.33378774679637 0
      vertex 0 -17.4 0
    endloop
  endfacet
  facet normal -0.13052619222005174 0.9914448613738104 0
    outer loop
      vertex 1.5165099238092519 -17.33378774679637 1.5
      vertex 3.0214782914045877 -17.13565490241242 0
      vertex 1.5165099238092519 -17.33378774679637 0
    endloop
  endfacet
  facet normal -0.2164396139381038 0.9762960071199333 0
    outer loop
      vertex 3.0214782914045877 -17.13565490241242 1.5
      vertex 4.503451384783861 -16.807109377429786 0
      vertex 3.0214782914045877 -17.13565490241242 0
    endloop
  endfacet
  facet normal -0.30070579950427223 0.9537169507482273 0
    outer loop
      vertex 4.503451384783861 -16.807109377429786 1.5
      vertex 5.951150493866635 -16.350651601674805 0
      vertex 4.503451384783861 -16.807109377429786 0
    endloop
  endfacet
  facet normal -0.0436193873653356 0.9990482215818577 -4.027762714121732e-20
    outer loop
      vertex 0 -17.4 1.5
      vertex 1.5165099238092519 -17.33378774679637 1.5
      vertex 1.5165099238092519 -17.33378774679637 0
    endloop
  endfacet
  facet normal -0.13052619222005174 0.9914448613738104 -6.333521207487674e-18
    outer loop
      vertex 1.5165099238092519 -17.33378774679637 1.5
      vertex 3.0214782914045877 -17.13565490241242 1.5
      vertex 3.0214782914045877 -17.13565490241242 0
    endloop
  endfacet
  facet normal -0.2164396139381038 0.9762960071199333 -5.3642125915250755e-18
    outer loop
      vertex 3.0214782914045877 -17.13565490241242 1.5
      vertex 4.503451384783861 -16.807109377429786 1.5
      vertex 4.503451384783861 -16.807109377429786 0
    endloop
  endfacet
  facet normal -0.30070579950427223 0.9537169507482273 1.0879851312699543e-18
    outer loop
      vertex 4.503451384783861 -16.807109377429786 1.5
      vertex 5.951150493866635 -16.350651601674805 1.5
      vertex 5.951150493866635 -16.350651601674805 0
    endloop
  endfacet
  facet normal -0.3826834323650906 0.9238795325112864 0
    outer loop
      vertex 5.951150493866635 -16.350651601674805 1.5
      vertex 7.35355775428817 -15.769755494437707 0
      vertex 5.951150493866635 -16.350651601674805 0
    endloop
  endfacet
  facet normal -0.4617486132350338 0.8870108331782217 0
    outer loop
      vertex 7.35355775428817 -15.769755494437707 1.5
      vertex 8.7 -15.06884202584923 0
      vertex 7.35355775428817 -15.769755494437707 0
    endloop
  endfacet
  facet normal -0.5372996083468239 0.8433914458128858 0
    outer loop
      vertex 8.7 -15.06884202584923 1.5
      vertex 9.9802299925082 -14.253245570628456 0
      vertex 8.7 -15.06884202584923 0
    endloop
  endfacet
  facet normal -0.6087614290087209 0.7933533402912349 0
    outer loop
      vertex 9.9802299925082 -14.253245570628456 1.5
      vertex 11.184504408545783 -13.329173310270216 0
      vertex 9.9802299925082 -14.253245570628456 0
    endloop
  endfacet
  facet normal -0.3826834323650906 0.9238795325112864 -7.382222817108314e-18
    outer loop
      vertex 5.951150493866635 -16.350651601674805 1.5
      vertex 7.35355775428817 -15.769755494437707 1.5
      vertex 7.35355775428817 -15.769755494437707 0
    endloop
  endfacet
  facet normal -0.4617486132350338 0.8870108331782217 -7.149372196309071e-18
    outer loop
      vertex 7.35355775428817 -15.769755494437707 1.5
      vertex 8.7 -15.06884202584923 1.5
      vertex 8.7 -15.06884202584923 0
    endloop
  endfacet
  facet normal -0.5372996083468239 0.8433914458128858 -1.1777031826267189e-17
    outer loop
      vertex 8.7 -15.06884202584923 1.5
      vertex 9.9802299925082 -14.253245570628456 1.5
      vertex 9.9802299925082 -14.253245570628456 0
    endloop
  endfacet
  facet normal -0.6087614290087209 0.7933533402912349 -2.776288772958298e-17
    outer loop
      vertex 9.9802299925082 -14.253245570628456 1.5
      vertex 11.184504408545783 -13.329173310270216 1.5
      vertex 11.184504408545783 -13.329173310270216 0
    endloop
  endfacet
  facet normal -0.6755902076156585 0.7372773368101256 0
    outer loop
      vertex 11.184504408545783 -13.329173310270216 1.5
      vertex 12.303657992645928 -12.303657992645928 0
      vertex 11.184504408545783 -13.329173310270216 0
    endloop
  endfacet
  facet normal -0.7372773368101256 0.6755902076156585 0
    outer loop
      vertex 12.303657992645928 -12.303657992645928 1.5
      vertex 13.329173310270216 -11.184504408545783 0
      vertex 12.303657992645928 -12.303657992645928 0
    endloop
  endfacet
  facet normal -0.7933533402912349 0.6087614290087209 0
    outer loop
      vertex 13.329173310270216 -11.184504408545783 1.5
      vertex 14.253245570628456 -9.9802299925082 0
      vertex 13.329173310270216 -11.184504408545783 0
    endloop
  endfacet
  facet normal -0.8433914458128858 0.5372996083468239 0
    outer loop
      vertex 14.253245570628456 -9.9802299925082 1.5
      vertex 15.06884202584923 -8.7 0
      vertex 14.253245570628456 -9.9802299925082 0
    endloop
  endfacet
  facet normal -0.6755902076156585 0.7372773368101256 -1.5636888053958374e-18
    outer loop
      vertex 11.184504408545783 -13.329173310270216 1.5
      vertex 12.303657992645928 -12.303657992645928 1.5
      vertex 12.303657992645928 -12.303657992645928 0
    endloop
  endfacet
  facet normal -0.7372773368101256 0.6755902076156585 -1.5636888053958374e-18
    outer loop
      vertex 12.303657992645928 -12.303657992645928 1.5
      vertex 13.329173310270216 -11.184504408545783 1.5
      vertex 13.329173310270216 -11.184504408545783 0
    endloop
  endfacet
  facet normal -0.7933533402912349 0.6087614290087209 -2.776288772958298e-17
    outer loop
      vertex 13.329173310270216 -11.184504408545783 1.5
      vertex 14.253245570628456 -9.9802299925082 1.5
      vertex 14.253245570628456 -9.9802299925082 0
    endloop
  endfacet
  facet normal -0.0436193873653356 -0.9990482215818577 0
    outer loop
      vertex 1.5165099238092519 17.33378774679637 1.5
      vertex 0 17.4 0
      vertex 1.5165099238092519 17.33378774679637 0
    endloop
  endfacet
  facet normal -0.13052619222005174 -0.9914448613738104 0
    outer loop
      vertex 3.0214782914045877 17.13565490241242 1.5
      vertex 1.5165099238092519 17.33378774679637 0
      vertex 3.0214782914045877 17.13565490241242 0
    endloop
  endfacet
  facet normal -0.2164396139381038 -0.9762960071199333 0
    outer loop
      vertex 4.503451384783861 16.807109377429786 1.5
      vertex 3.0214782914045877 17.13565490241242 0
      vertex 4.503451384783861 16.807109377429786 0
    endloop
  endfacet
  facet normal -0.30070579950427223 -0.9537169507482273 0
    outer loop
      vertex 5.951150493866635 16.350651601674805 1.5
      vertex 4.503451384783861 16.807109377429786 0
      vertex 5.951150493866635 16.350651601674805 0
    endloop
  endfacet
  facet normal -0.0436193873653356 -0.9990482215818577 0
    outer loop
      vertex 0 17.4 1.5
      vertex 0 17.4 0
      vertex 1.5165099238092519 17.33378774679637 1.5
    endloop
  endfacet
  facet normal -0.13052619222005174 -0.9914448613738104 0
    outer loop
      vertex 1.5165099238092519 17.33378774679637 1.5
      vertex 1.5165099238092519 17.33378774679637 0
      vertex 3.0214782914045877 17.13565490241242 1.5
    endloop
  endfacet
  facet normal -0.2164396139381038 -0.9762960071199333 0
    outer loop
      vertex 3.0214782914045877 17.13565490241242 1.5
      vertex 3.0214782914045877 17.13565490241242 0
      vertex 4.503451384783861 16.807109377429786 1.5
    endloop
  endfacet
  facet normal -0.30070579950427223 -0.9537169507482273 0
    outer loop
      vertex 4.503451384783861 16.807109377429786 1.5
      vertex 4.503451384783861 16.807109377429786 0
      vertex 5.951150493866635 16.350651601674805 1.5
    endloop
  endfacet
  facet normal -0.5372996083468239 -0.8433914458128858 0
    outer loop
      vertex 9.9802299925082 14.253245570628456 1.5
      vertex 8.7 15.06884202584923 0
      vertex 9.9802299925082 14.253245570628456 0
    endloop
  endfacet
  facet normal -0.6087614290087209 -0.7933533402912349 0
    outer loop
      vertex 11.184504408545783 13.329173310270216 1.5
      vertex 9.9802299925082 14.253245570628456 0
      vertex 11.184504408545783 13.329173310270216 0
    endloop
  endfacet
  facet normal -0.5372996083468239 -0.8433914458128858 0
    outer loop
      vertex 8.7 15.06884202584923 1.5
      vertex 8.7 15.06884202584923 0
      vertex 9.9802299925082 14.253245570628456 1.5
    endloop
  endfacet
  facet normal -0.6087614290087209 -0.7933533402912349 0
    outer loop
      vertex 9.9802299925082 14.253245570628456 1.5
      vertex 9.9802299925082 14.253245570628456 0
      vertex 11.184504408545783 13.329173310270216 1.5
    endloop
  endfacet
  facet normal -0.3826834323650906 -0.9238795325112864 0
    outer loop
      vertex 7.35355775428817 15.769755494437707 1.5
      vertex 5.951150493866635 16.350651601674805 0
      vertex 7.35355775428817 15.769755494437707 0
    endloop
  endfacet
  facet normal -0.4617486132350338 -0.8870108331782217 0
    outer loop
      vertex 8.7 15.06884202584923 1.5
      vertex 7.35355775428817 15.769755494437707 0
      vertex 8.7 15.06884202584923 0
    endloop
  endfacet
  facet normal -0.3826834323650906 -0.9238795325112864 0
    outer loop
      vertex 5.951150493866635 16.350651601674805 1.5
      vertex 5.951150493866635 16.350651601674805 0
      vertex 7.35355775428817 15.769755494437707 1.5
    endloop
  endfacet
  facet normal -0.4617486132350338 -0.8870108331782217 0
    outer loop
      vertex 7.35355775428817 15.769755494437707 1.5
      vertex 7.35355775428817 15.769755494437707 0
      vertex 8.7 15.06884202584923 1.5
    endloop
  endfacet
  facet normal -0.8870108331782217 0.4617486132350338 0
    outer loop
      vertex 15.06884202584923 -8.7 1.5
      vertex 15.769755494437707 -7.35355775428817 0
      vertex 15.06884202584923 -8.7 0
    endloop
  endfacet
  facet normal -0.9238795325112864 0.3826834323650906 0
    outer loop
      vertex 15.769755494437707 -7.35355775428817 1.5
      vertex 16.350651601674805 -5.951150493866635 0
      vertex 15.769755494437707 -7.35355775428817 0
    endloop
  endfacet
  facet normal -0.9537169507482273 0.30070579950427223 0
    outer loop
      vertex 16.350651601674805 -5.951150493866635 1.5
      vertex 16.807109377429786 -4.503451384783861 0
      vertex 16.350651601674805 -5.951150493866635 0
    endloop
  endfacet
  facet normal -0.9762960071199333 0.2164396139381038 0
    outer loop
      vertex 16.807109377429786 -4.503451384783861 1.5
      vertex 17.13565490241242 -3.0214782914045877 0
      vertex 16.807109377429786 -4.503451384783861 0
    endloop
  endfacet
  facet normal -0.8433914458128858 0.5372996083468239 -1.1777031826267189e-17
    outer loop
      vertex 14.253245570628456 -9.9802299925082 1.5
      vertex 15.06884202584923 -8.7 1.5
      vertex 15.06884202584923 -8.7 0
    endloop
  endfacet
  facet normal -0.8870108331782217 0.4617486132350338 -7.149372196309071e-18
    outer loop
      vertex 15.06884202584923 -8.7 1.5
      vertex 15.769755494437707 -7.35355775428817 1.5
      vertex 15.769755494437707 -7.35355775428817 0
    endloop
  endfacet
  facet normal -0.9238795325112864 0.3826834323650906 -7.382222817108314e-18
    outer loop
      vertex 15.769755494437707 -7.35355775428817 1.5
      vertex 16.350651601674805 -5.951150493866635 1.5
      vertex 16.350651601674805 -5.951150493866635 0
    endloop
  endfacet
  facet normal -0.9537169507482273 0.30070579950427223 1.0879851312699543e-18
    outer loop
      vertex 16.350651601674805 -5.951150493866635 1.5
      vertex 16.807109377429786 -4.503451384783861 1.5
      vertex 16.807109377429786 -4.503451384783861 0
    endloop
  endfacet
  facet normal -0.9762960071199333 0.2164396139381038 -5.3642125915250755e-18
    outer loop
      vertex 16.807109377429786 -4.503451384783861 1.5
      vertex 17.13565490241242 -3.0214782914045877 1.5
      vertex 17.13565490241242 -3.0214782914045877 0
    endloop
  endfacet
  facet normal -0.9762960071199333 -0.2164396139381038 0
    outer loop
      vertex 17.13565490241242 3.0214782914045877 1.5
      vertex 16.807109377429786 4.503451384783861 0
      vertex 17.13565490241242 3.0214782914045877 0
    endloop
  endfacet
  facet normal -0.9238795325112864 -0.3826834323650906 0
    outer loop
      vertex 16.350651601674805 5.951150493866635 1.5
      vertex 15.769755494437707 7.35355775428817 0
      vertex 16.350651601674805 5.951150493866635 0
    endloop
  endfacet
  facet normal -0.9537169507482273 -0.30070579950427223 0
    outer loop
      vertex 16.807109377429786 4.503451384783861 1.5
      vertex 16.350651601674805 5.951150493866635 0
      vertex 16.807109377429786 4.503451384783861 0
    endloop
  endfacet
  facet normal -0.9762960071199333 -0.2164396139381038 5.3642125915250755e-18
    outer loop
      vertex 17.13565490241242 3.0214782914045877 1.5
      vertex 16.807109377429786 4.503451384783861 1.5
      vertex 16.807109377429786 4.503451384783861 0
    endloop
  endfacet
  facet normal -0.9537169507482273 -0.30070579950427223 -1.0879851312699543e-18
    outer loop
      vertex 16.807109377429786 4.503451384783861 1.5
      vertex 16.350651601674805 5.951150493866635 1.5
      vertex 16.350651601674805 5.951150493866635 0
    endloop
  endfacet
  facet normal -0.9914448613738104 0.13052619222005174 0
    outer loop
      vertex 17.13565490241242 -3.0214782914045877 1.5
      vertex 17.33378774679637 -1.5165099238092519 0
      vertex 17.13565490241242 -3.0214782914045877 0
    endloop
  endfacet
  facet normal -0.9914448613738104 0.13052619222005174 -6.333521207487674e-18
    outer loop
      vertex 17.13565490241242 -3.0214782914045877 1.5
      vertex 17.33378774679637 -1.5165099238092519 1.5
      vertex 17.33378774679637 -1.5165099238092519 0
    endloop
  endfacet
  facet normal -0.9990482215818577 0.0436193873653356 0
    outer loop
      vertex 17.33378774679637 -1.5165099238092519 1.5
      vertex 17.4 0 0
      vertex 17.33378774679637 -1.5165099238092519 0
    endloop
  endfacet
  facet normal -0.9990482215818577 -0.0436193873653356 0
    outer loop
      vertex 17.4 0 1.5
      vertex 17.33378774679637 1.5165099238092519 0
      vertex 17.4 0 0
    endloop
  endfacet
  facet normal -0.9914448613738104 -0.13052619222005174 0
    outer loop
      vertex 17.33378774679637 1.5165099238092519 1.5
      vertex 17.13565490241242 3.0214782914045877 0
      vertex 17.33378774679637 1.5165099238092519 0
    endloop
  endfacet
  facet normal -0.9990482215818577 0.0436193873653356 -4.027762714121732e-20
    outer loop
      vertex 17.33378774679637 -1.5165099238092519 1.5
      vertex 17.4 0 1.5
      vertex 17.4 0 0
    endloop
  endfacet
  facet normal -0.9990482215818577 -0.0436193873653356 4.027762714121732e-20
    outer loop
      vertex 17.4 0 1.5
      vertex 17.33378774679637 1.5165099238092519 1.5
      vertex 17.33378774679637 1.5165099238092519 0
    endloop
  endfacet
  facet normal -0.9914448613738104 -0.13052619222005174 6.333521207487674e-18
    outer loop
      vertex 17.33378774679637 1.5165099238092519 1.5
      vertex 17.13565490241242 3.0214782914045877 1.5
      vertex 17.13565490241242 3.0214782914045877 0
    endloop
  endfacet
  facet normal -0.7933533402912349 -0.6087614290087209 0
    outer loop
      vertex 14.253245570628456 9.9802299925082 1.5
      vertex 13.329173310270216 11.184504408545783 0
      vertex 14.253245570628456 9.9802299925082 0
    endloop
  endfacet
  facet normal -0.6755902076156585 -0.7372773368101256 0
    outer loop
      vertex 12.303657992645928 12.303657992645928 1.5
      vertex 11.184504408545783 13.329173310270216 0
      vertex 12.303657992645928 12.303657992645928 0
    endloop
  endfacet
  facet normal -0.7372773368101256 -0.6755902076156585 0
    outer loop
      vertex 13.329173310270216 11.184504408545783 1.5
      vertex 12.303657992645928 12.303657992645928 0
      vertex 13.329173310270216 11.184504408545783 0
    endloop
  endfacet
  facet normal -0.8870108331782217 -0.4617486132350338 0
    outer loop
      vertex 15.769755494437707 7.35355775428817 1.5
      vertex 15.06884202584923 8.7 0
      vertex 15.769755494437707 7.35355775428817 0
    endloop
  endfacet
  facet normal -0.8433914458128858 -0.5372996083468239 0
    outer loop
      vertex 15.06884202584923 8.7 1.5
      vertex 14.253245570628456 9.9802299925082 0
      vertex 15.06884202584923 8.7 0
    endloop
  endfacet
  facet normal -0.7372773368101256 -0.6755902076156585 0
    outer loop
      vertex 12.303657992645928 12.303657992645928 1.5
      vertex 12.303657992645928 12.303657992645928 0
      vertex 13.329173310270216 11.184504408545783 1.5
    endloop
  endfacet
  facet normal -0.6755902076156585 -0.7372773368101256 1.5636888053958374e-18
    outer loop
      vertex 12.303657992645928 12.303657992645928 1.5
      vertex 11.184504408545783 13.329173310270216 1.5
      vertex 11.184504408545783 13.329173310270216 0
    endloop
  endfacet
  facet normal -0.7933533402912349 -0.6087614290087209 0
    outer loop
      vertex 13.329173310270216 11.184504408545783 1.5
      vertex 13.329173310270216 11.184504408545783 0
      vertex 14.253245570628456 9.9802299925082 1.5
    endloop
  endfacet
  facet normal -0.8870108331782217 -0.4617486132350338 0
    outer loop
      vertex 15.06884202584923 8.7 1.5
      vertex 15.06884202584923 8.7 0
      vertex 15.769755494437707 7.35355775428817 1.5
    endloop
  endfacet
  facet normal -0.8433914458128858 -0.5372996083468239 1.1777031826267189e-17
    outer loop
      vertex 15.06884202584923 8.7 1.5
      vertex 14.253245570628456 9.9802299925082 1.5
      vertex 14.253245570628456 9.9802299925082 0
    endloop
  endfacet
  facet normal -0.9238795325112864 -0.3826834323650906 0
    outer loop
      vertex 15.769755494437707 7.35355775428817 1.5
      vertex 15.769755494437707 7.35355775428817 0
      vertex 16.350651601674805 5.951150493866635 1.5
    endloop
  endfacet
endsolid OpenSCAD_Model
