solid OpenSCAD_Model
  facet normal 1 0 0
    outer loop
      vertex -46 46.15 67
      vertex -46 42.15 37
      vertex -46 46.15 37
    endloop
  endfacet
  facet normal 1 -0 0
    outer loop
      vertex -46 2.63992 49.769
      vertex -46 42.15 37
      vertex -46 2.65 50
    endloop
  endfacet
  facet normal 1 -0 0
    outer loop
      vertex -46 2.60974 50.4602
      vertex -46 42.15 37
      vertex -46 46.15 67
    endloop
  endfacet
  facet normal 1 0 0
    outer loop
      vertex -46 42.15 37
      vertex -46 2.63992 50.231
      vertex -46 2.65 50
    endloop
  endfacet
  facet normal 1 0 0
    outer loop
      vertex -46 42.15 37
      vertex -46 2.60974 50.4602
      vertex -46 2.63992 50.231
    endloop
  endfacet
  facet normal 1 0 0
    outer loop
      vertex -46 46.15 67
      vertex -46 2.5597 50.6859
      vertex -46 2.60974 50.4602
    endloop
  endfacet
  facet normal 1 0 0
    outer loop
      vertex -46 46.15 67
      vertex -46 2.49018 50.9064
      vertex -46 2.5597 50.6859
    endloop
  endfacet
  facet normal 1 0 0
    outer loop
      vertex -46 46.15 67
      vertex -46 2.40172 51.1199
      vertex -46 2.49018 50.9064
    endloop
  endfacet
  facet normal 1 0 0
    outer loop
      vertex -46 46.15 67
      vertex -46 2.29497 51.325
      vertex -46 2.40172 51.1199
    endloop
  endfacet
  facet normal 1 0 0
    outer loop
      vertex -46 46.15 67
      vertex -46 2.17075 51.52
      vertex -46 2.29497 51.325
    endloop
  endfacet
  facet normal 1 0 0
    outer loop
      vertex -46 46.15 67
      vertex -46 2.03002 51.7034
      vertex -46 2.17075 51.52
    endloop
  endfacet
  facet normal 1 0 0
    outer loop
      vertex -46 46.15 67
      vertex -46 1.87383 51.8738
      vertex -46 2.03002 51.7034
    endloop
  endfacet
  facet normal 1 0 0
    outer loop
      vertex -46 46.15 67
      vertex -46 1.70339 52.03
      vertex -46 1.87383 51.8738
    endloop
  endfacet
  facet normal 1 0 0
    outer loop
      vertex -46 46.15 67
      vertex -46 1.51998 52.1708
      vertex -46 1.70339 52.03
    endloop
  endfacet
  facet normal 1 0 0
    outer loop
      vertex -46 46.15 67
      vertex -46 1.325 52.295
      vertex -46 1.51998 52.1708
    endloop
  endfacet
  facet normal 1 0 0
    outer loop
      vertex -46 46.15 67
      vertex -46 1.11994 52.4017
      vertex -46 1.325 52.295
    endloop
  endfacet
  facet normal 1 0 0
    outer loop
      vertex -46 46.15 67
      vertex -46 0.906353 52.4902
      vertex -46 1.11994 52.4017
    endloop
  endfacet
  facet normal 1 0 0
    outer loop
      vertex -46 46.15 67
      vertex -46 0.68587 52.5597
      vertex -46 0.906353 52.4902
    endloop
  endfacet
  facet normal 1 0 0
    outer loop
      vertex -46 46.15 67
      vertex -46 0.460167 52.6097
      vertex -46 0.68587 52.5597
    endloop
  endfacet
  facet normal 1 -0 0
    outer loop
      vertex -46 -25.85 67
      vertex -46 0.460167 52.6097
      vertex -46 46.15 67
    endloop
  endfacet
  facet normal 1 0 0
    outer loop
      vertex -46 0.460167 52.6097
      vertex -46 -25.85 67
      vertex -46 0.230962 52.6399
    endloop
  endfacet
  facet normal 1 0 0
    outer loop
      vertex -46 0.230962 52.6399
      vertex -46 -25.85 67
      vertex -46 0 52.65
    endloop
  endfacet
  facet normal 1 0 0
    outer loop
      vertex -46 0 52.65
      vertex -46 -25.85 67
      vertex -46 -0.230962 52.6399
    endloop
  endfacet
  facet normal 1 0 0
    outer loop
      vertex -46 -0.230962 52.6399
      vertex -46 -25.85 67
      vertex -46 -0.460167 52.6097
    endloop
  endfacet
  facet normal 1 0 0
    outer loop
      vertex -46 -2.63992 50.231
      vertex -46 -21.85 37
      vertex -46 -2.65 50
    endloop
  endfacet
  facet normal 1 0 0
    outer loop
      vertex -46 -2.60974 50.4602
      vertex -46 -21.85 37
      vertex -46 -2.63992 50.231
    endloop
  endfacet
  facet normal 1 0 0
    outer loop
      vertex -46 -25.85 67
      vertex -46 -2.60974 50.4602
      vertex -46 -2.5597 50.6859
    endloop
  endfacet
  facet normal 1 0 0
    outer loop
      vertex -46 -25.85 67
      vertex -46 -2.5597 50.6859
      vertex -46 -2.49018 50.9064
    endloop
  endfacet
  facet normal 1 0 0
    outer loop
      vertex -46 -25.85 67
      vertex -46 -2.49018 50.9064
      vertex -46 -2.40172 51.1199
    endloop
  endfacet
  facet normal 1 0 0
    outer loop
      vertex -46 -25.85 67
      vertex -46 -2.40172 51.1199
      vertex -46 -2.29497 51.325
    endloop
  endfacet
  facet normal 1 0 0
    outer loop
      vertex -46 -25.85 67
      vertex -46 -2.29497 51.325
      vertex -46 -2.17075 51.52
    endloop
  endfacet
  facet normal 1 0 0
    outer loop
      vertex -46 -25.85 67
      vertex -46 -2.17075 51.52
      vertex -46 -2.03002 51.7034
    endloop
  endfacet
  facet normal 1 0 0
    outer loop
      vertex -46 -25.85 67
      vertex -46 -2.03002 51.7034
      vertex -46 -1.87383 51.8738
    endloop
  endfacet
  facet normal 1 0 0
    outer loop
      vertex -46 -25.85 67
      vertex -46 -1.87383 51.8738
      vertex -46 -1.70339 52.03
    endloop
  endfacet
  facet normal 1 0 0
    outer loop
      vertex -46 -25.85 67
      vertex -46 -1.70339 52.03
      vertex -46 -1.51998 52.1708
    endloop
  endfacet
  facet normal 1 0 0
    outer loop
      vertex -46 -0.460167 52.6097
      vertex -46 -25.85 67
      vertex -46 -0.68587 52.5597
    endloop
  endfacet
  facet normal 1 0 0
    outer loop
      vertex -46 -25.85 67
      vertex -46 -0.906353 52.4902
      vertex -46 -0.68587 52.5597
    endloop
  endfacet
  facet normal 1 0 0
    outer loop
      vertex -46 -25.85 67
      vertex -46 -1.11994 52.4017
      vertex -46 -0.906353 52.4902
    endloop
  endfacet
  facet normal 1 0 0
    outer loop
      vertex -46 -25.85 67
      vertex -46 -1.325 52.295
      vertex -46 -1.11994 52.4017
    endloop
  endfacet
  facet normal 1 0 0
    outer loop
      vertex -46 -25.85 67
      vertex -46 -1.51998 52.1708
      vertex -46 -1.325 52.295
    endloop
  endfacet
  facet normal 1 0 0
    outer loop
      vertex -46 -2.60974 50.4602
      vertex -46 -25.85 67
      vertex -46 -21.85 37
    endloop
  endfacet
  facet normal 1 0 0
    outer loop
      vertex -46 -21.85 37
      vertex -46 -25.85 67
      vertex -46 -25.85 37
    endloop
  endfacet
  facet normal 1 -0 0
    outer loop
      vertex -46 2.60974 49.5398
      vertex -46 42.15 37
      vertex -46 2.63992 49.769
    endloop
  endfacet
  facet normal 1 -0 0
    outer loop
      vertex -46 2.5597 49.3141
      vertex -46 42.15 37
      vertex -46 2.60974 49.5398
    endloop
  endfacet
  facet normal 1 -0 0
    outer loop
      vertex -46 2.49018 49.0936
      vertex -46 42.15 37
      vertex -46 2.5597 49.3141
    endloop
  endfacet
  facet normal 1 -0 0
    outer loop
      vertex -46 2.40172 48.8801
      vertex -46 42.15 37
      vertex -46 2.49018 49.0936
    endloop
  endfacet
  facet normal 1 -0 0
    outer loop
      vertex -46 2.29497 48.675
      vertex -46 42.15 37
      vertex -46 2.40172 48.8801
    endloop
  endfacet
  facet normal 1 -0 0
    outer loop
      vertex -46 2.17075 48.48
      vertex -46 42.15 37
      vertex -46 2.29497 48.675
    endloop
  endfacet
  facet normal 1 -0 0
    outer loop
      vertex -46 2.03002 48.2966
      vertex -46 42.15 37
      vertex -46 2.17075 48.48
    endloop
  endfacet
  facet normal 1 -0 0
    outer loop
      vertex -46 1.87383 48.1262
      vertex -46 42.15 37
      vertex -46 2.03002 48.2966
    endloop
  endfacet
  facet normal 1 -0 0
    outer loop
      vertex -46 1.70339 47.97
      vertex -46 42.15 37
      vertex -46 1.87383 48.1262
    endloop
  endfacet
  facet normal 1 -0 0
    outer loop
      vertex -46 1.51998 47.8292
      vertex -46 42.15 37
      vertex -46 1.70339 47.97
    endloop
  endfacet
  facet normal 1 -0 0
    outer loop
      vertex -46 1.325 47.705
      vertex -46 42.15 37
      vertex -46 1.51998 47.8292
    endloop
  endfacet
  facet normal 1 0 0
    outer loop
      vertex -46 42.15 37
      vertex -46 1.325 47.705
      vertex -46 42.15 5
    endloop
  endfacet
  facet normal 1 -0 0
    outer loop
      vertex -46 1.11994 47.5983
      vertex -46 42.15 5
      vertex -46 1.325 47.705
    endloop
  endfacet
  facet normal 1 -0 0
    outer loop
      vertex -46 0.906353 47.5098
      vertex -46 42.15 5
      vertex -46 1.11994 47.5983
    endloop
  endfacet
  facet normal 1 -0 0
    outer loop
      vertex -46 0.68587 47.4403
      vertex -46 42.15 5
      vertex -46 0.906353 47.5098
    endloop
  endfacet
  facet normal 1 0 0
    outer loop
      vertex -46 -21.85 5
      vertex -46 0.68587 47.4403
      vertex -46 0.460167 47.3903
    endloop
  endfacet
  facet normal 1 0 0
    outer loop
      vertex -46 -21.85 5
      vertex -46 0.460167 47.3903
      vertex -46 0.230962 47.3601
    endloop
  endfacet
  facet normal 1 0 0
    outer loop
      vertex -46 -21.85 5
      vertex -46 0.230962 47.3601
      vertex -46 0 47.35
    endloop
  endfacet
  facet normal 1 0 0
    outer loop
      vertex -46 -21.85 37
      vertex -46 0 47.35
      vertex -46 -0.230962 47.3601
    endloop
  endfacet
  facet normal 1 0 0
    outer loop
      vertex -46 -21.85 37
      vertex -46 -0.230962 47.3601
      vertex -46 -0.460167 47.3903
    endloop
  endfacet
  facet normal 1 0 0
    outer loop
      vertex -46 -21.85 37
      vertex -46 -0.460167 47.3903
      vertex -46 -0.68587 47.4403
    endloop
  endfacet
  facet normal 1 0 0
    outer loop
      vertex -46 -21.85 37
      vertex -46 -0.68587 47.4403
      vertex -46 -0.906353 47.5098
    endloop
  endfacet
  facet normal 1 0 0
    outer loop
      vertex -46 -21.85 37
      vertex -46 -0.906353 47.5098
      vertex -46 -1.11994 47.5983
    endloop
  endfacet
  facet normal 1 0 0
    outer loop
      vertex -46 -21.85 37
      vertex -46 -1.11994 47.5983
      vertex -46 -1.325 47.705
    endloop
  endfacet
  facet normal 1 0 0
    outer loop
      vertex -46 -21.85 37
      vertex -46 -1.325 47.705
      vertex -46 -1.51998 47.8292
    endloop
  endfacet
  facet normal 1 0 0
    outer loop
      vertex -46 -21.85 37
      vertex -46 -1.51998 47.8292
      vertex -46 -1.70339 47.97
    endloop
  endfacet
  facet normal 1 0 0
    outer loop
      vertex -46 -21.85 37
      vertex -46 -1.70339 47.97
      vertex -46 -1.87383 48.1262
    endloop
  endfacet
  facet normal 1 0 0
    outer loop
      vertex -46 -21.85 37
      vertex -46 -2.63992 49.769
      vertex -46 -2.65 50
    endloop
  endfacet
  facet normal 1 0 0
    outer loop
      vertex -46 -21.85 37
      vertex -46 -2.60974 49.5398
      vertex -46 -2.63992 49.769
    endloop
  endfacet
  facet normal 1 0 0
    outer loop
      vertex -46 -21.85 37
      vertex -46 -2.5597 49.3141
      vertex -46 -2.60974 49.5398
    endloop
  endfacet
  facet normal 1 0 0
    outer loop
      vertex -46 -21.85 37
      vertex -46 -2.49018 49.0936
      vertex -46 -2.5597 49.3141
    endloop
  endfacet
  facet normal 1 0 0
    outer loop
      vertex -46 -21.85 37
      vertex -46 -2.40172 48.8801
      vertex -46 -2.49018 49.0936
    endloop
  endfacet
  facet normal 1 0 0
    outer loop
      vertex -46 -21.85 37
      vertex -46 -2.29497 48.675
      vertex -46 -2.40172 48.8801
    endloop
  endfacet
  facet normal 1 0 0
    outer loop
      vertex -46 -21.85 37
      vertex -46 -2.17075 48.48
      vertex -46 -2.29497 48.675
    endloop
  endfacet
  facet normal 1 0 0
    outer loop
      vertex -46 -21.85 37
      vertex -46 -2.03002 48.2966
      vertex -46 -2.17075 48.48
    endloop
  endfacet
  facet normal 1 0 0
    outer loop
      vertex -46 -21.85 37
      vertex -46 -1.87383 48.1262
      vertex -46 -2.03002 48.2966
    endloop
  endfacet
  facet normal 1 0 0
    outer loop
      vertex -46 0 47.35
      vertex -46 -21.85 37
      vertex -46 -21.85 5
    endloop
  endfacet
  facet normal 1 0 0
    outer loop
      vertex -46 0.68587 47.4403
      vertex -46 -21.85 5
      vertex -46 42.15 5
    endloop
  endfacet
  facet normal -0 0 1
    outer loop
      vertex -52 46.15 67
      vertex -46 -25.85 67
      vertex -46 46.15 67
    endloop
  endfacet
  facet normal 0 0 1
    outer loop
      vertex -46 -25.85 67
      vertex -52 46.15 67
      vertex -52 -25.85 67
    endloop
  endfacet
  facet normal 0 0 -1
    outer loop
      vertex -17.1803 -16.6646 0
      vertex -6.34748 -8.80867 0
      vertex -17.0349 -16.7761 0
    endloop
  endfacet
  facet normal 0 0 -1
    outer loop
      vertex -6.34748 7.64581 0
      vertex -16.2928 18.2017 0
      vertex -16.2848 18.3848 0
    endloop
  endfacet
  facet normal -0 0 -1
    outer loop
      vertex -6.34748 -8.80867 0
      vertex -17.1803 -16.6646 0
      vertex -6.39207 -8.66723 0
    endloop
  endfacet
  facet normal 0 0 -1
    outer loop
      vertex -6.34748 7.64581 0
      vertex -16.3167 18.0201 0
      vertex -16.2928 18.2017 0
    endloop
  endfacet
  facet normal 0 0 -1
    outer loop
      vertex -17.3348 -16.5661 0
      vertex -6.39207 -8.66723 0
      vertex -17.1803 -16.6646 0
    endloop
  endfacet
  facet normal 0 0 -1
    outer loop
      vertex -6.34748 7.64581 0
      vertex -16.3563 17.8413 0
      vertex -16.3167 18.0201 0
    endloop
  endfacet
  facet normal -0 0 -1
    outer loop
      vertex -6.39207 -8.66723 0
      vertex -17.3348 -16.5661 0
      vertex -6.42417 -8.52244 0
    endloop
  endfacet
  facet normal 0 0 -1
    outer loop
      vertex -6.34748 7.64581 0
      vertex -16.4114 17.6665 0
      vertex -16.3563 17.8413 0
    endloop
  endfacet
  facet normal 0 0 -1
    outer loop
      vertex -17.4973 -16.4815 0
      vertex -6.42417 -8.52244 0
      vertex -17.3348 -16.5661 0
    endloop
  endfacet
  facet normal 0 0 -1
    outer loop
      vertex -6.34748 7.64581 0
      vertex -16.4815 17.4973 0
      vertex -16.4114 17.6665 0
    endloop
  endfacet
  facet normal -0 0 -1
    outer loop
      vertex -6.42417 -8.52244 0
      vertex -17.4973 -16.4815 0
      vertex -6.44353 -8.37541 0
    endloop
  endfacet
  facet normal 0 0 -1
    outer loop
      vertex -6.34748 7.64581 0
      vertex -16.5661 17.3348 0
      vertex -16.4815 17.4973 0
    endloop
  endfacet
  facet normal 0 0 -1
    outer loop
      vertex -17.6665 -16.4114 0
      vertex -6.44353 -8.37541 0
      vertex -17.4973 -16.4815 0
    endloop
  endfacet
  facet normal 0 0 -1
    outer loop
      vertex -6.34748 7.64581 0
      vertex -16.6646 17.1803 0
      vertex -16.5661 17.3348 0
    endloop
  endfacet
  facet normal -0 0 -1
    outer loop
      vertex -6.44353 -8.37541 0
      vertex -17.6665 -16.4114 0
      vertex -6.45 -8.22724 0
    endloop
  endfacet
  facet normal 0 0 -1
    outer loop
      vertex -6.34748 7.64581 0
      vertex -16.7761 17.0349 0
      vertex -16.6646 17.1803 0
    endloop
  endfacet
  facet normal 0 0 -1
    outer loop
      vertex -17.8413 -16.3563 0
      vertex -6.45 -8.22724 0
      vertex -17.6665 -16.4114 0
    endloop
  endfacet
  facet normal 0 0 -1
    outer loop
      vertex -6.34748 7.64581 0
      vertex -16.8999 16.8999 0
      vertex -16.7761 17.0349 0
    endloop
  endfacet
  facet normal -0 0 -1
    outer loop
      vertex -6.45 -8.22724 0
      vertex -17.8413 -16.3563 0
      vertex -6.44353 -8.07908 0
    endloop
  endfacet
  facet normal 0 0 -1
    outer loop
      vertex -6.34748 7.64581 0
      vertex -17.0349 16.7761 0
      vertex -16.8999 16.8999 0
    endloop
  endfacet
  facet normal 0 0 -1
    outer loop
      vertex -18.0201 -16.3167 0
      vertex -6.44353 -8.07908 0
      vertex -17.8413 -16.3563 0
    endloop
  endfacet
  facet normal 0 0 -1
    outer loop
      vertex -6.34748 7.64581 0
      vertex -17.1803 16.6646 0
      vertex -17.0349 16.7761 0
    endloop
  endfacet
  facet normal -0 0 -1
    outer loop
      vertex -6.44353 -8.07908 0
      vertex -18.0201 -16.3167 0
      vertex -6.42417 -7.93204 0
    endloop
  endfacet
  facet normal 0 0 -1
    outer loop
      vertex -6.34748 7.64581 0
      vertex -17.3348 16.5661 0
      vertex -17.1803 16.6646 0
    endloop
  endfacet
  facet normal 0 0 -1
    outer loop
      vertex -18.2017 -16.2928 0
      vertex -6.42417 -7.93204 0
      vertex -18.0201 -16.3167 0
    endloop
  endfacet
  facet normal 0 0 -1
    outer loop
      vertex -6.34748 7.64581 0
      vertex -17.4973 16.4815 0
      vertex -17.3348 16.5661 0
    endloop
  endfacet
  facet normal -0 0 -1
    outer loop
      vertex -6.42417 -7.93204 0
      vertex -18.2017 -16.2928 0
      vertex -6.39207 -7.78725 0
    endloop
  endfacet
  facet normal 0 0 -1
    outer loop
      vertex -6.34748 7.64581 0
      vertex -17.6665 16.4114 0
      vertex -17.4973 16.4815 0
    endloop
  endfacet
  facet normal 0 0 -1
    outer loop
      vertex -18.3848 -16.2848 0
      vertex -6.39207 -7.78725 0
      vertex -18.2017 -16.2928 0
    endloop
  endfacet
  facet normal 0 0 -1
    outer loop
      vertex -6.34748 7.64581 0
      vertex -17.8413 16.3563 0
      vertex -17.6665 16.4114 0
    endloop
  endfacet
  facet normal -0 0 -1
    outer loop
      vertex -6.39207 -7.78725 0
      vertex -18.3848 -16.2848 0
      vertex -6.34748 -7.64581 0
    endloop
  endfacet
  facet normal 0 0 -1
    outer loop
      vertex -6.34748 7.64581 0
      vertex -18.0201 16.3167 0
      vertex -17.8413 16.3563 0
    endloop
  endfacet
  facet normal 0 0 -1
    outer loop
      vertex -18.5678 -16.2928 0
      vertex -6.34748 -7.64581 0
      vertex -18.3848 -16.2848 0
    endloop
  endfacet
  facet normal 0 0 -1
    outer loop
      vertex -6.34748 7.64581 0
      vertex -18.2017 16.2928 0
      vertex -18.0201 16.3167 0
    endloop
  endfacet
  facet normal -0 0 -1
    outer loop
      vertex -6.34748 -7.64581 0
      vertex -18.5678 -16.2928 0
      vertex -6.34748 7.64581 0
    endloop
  endfacet
  facet normal 0 0 -1
    outer loop
      vertex -6.34748 7.64581 0
      vertex -18.3848 16.2848 0
      vertex -18.2017 16.2928 0
    endloop
  endfacet
  facet normal 0 0 -1
    outer loop
      vertex -18.5678 16.2928 0
      vertex -6.34748 7.64581 0
      vertex -18.5678 -16.2928 0
    endloop
  endfacet
  facet normal 0 0 -1
    outer loop
      vertex -6.34748 7.64581 0
      vertex -18.5678 16.2928 0
      vertex -18.3848 16.2848 0
    endloop
  endfacet
  facet normal 0 0 -1
    outer loop
      vertex -18.7494 -16.3167 0
      vertex -18.5678 16.2928 0
      vertex -18.5678 -16.2928 0
    endloop
  endfacet
  facet normal 0 0 -1
    outer loop
      vertex -18.7494 -16.3167 0
      vertex -18.7494 16.3167 0
      vertex -18.5678 16.2928 0
    endloop
  endfacet
  facet normal 0 0 -1
    outer loop
      vertex -18.9283 -16.3563 0
      vertex -18.7494 16.3167 0
      vertex -18.7494 -16.3167 0
    endloop
  endfacet
  facet normal 0 0 -1
    outer loop
      vertex -18.9283 -16.3563 0
      vertex -18.9283 16.3563 0
      vertex -18.7494 16.3167 0
    endloop
  endfacet
  facet normal 0 0 -1
    outer loop
      vertex -19.103 -16.4114 0
      vertex -18.9283 16.3563 0
      vertex -18.9283 -16.3563 0
    endloop
  endfacet
  facet normal 0 0 -1
    outer loop
      vertex -19.103 -16.4114 0
      vertex -19.103 16.4114 0
      vertex -18.9283 16.3563 0
    endloop
  endfacet
  facet normal 0 0 -1
    outer loop
      vertex -19.2723 -16.4815 0
      vertex -19.103 16.4114 0
      vertex -19.103 -16.4114 0
    endloop
  endfacet
  facet normal 0 0 -1
    outer loop
      vertex -19.2723 -16.4815 0
      vertex -19.2723 16.4815 0
      vertex -19.103 16.4114 0
    endloop
  endfacet
  facet normal 0 0 -1
    outer loop
      vertex -19.4348 -16.5661 0
      vertex -19.2723 16.4815 0
      vertex -19.2723 -16.4815 0
    endloop
  endfacet
  facet normal 0 0 -1
    outer loop
      vertex -19.4348 -16.5661 0
      vertex -19.4348 16.5661 0
      vertex -19.2723 16.4815 0
    endloop
  endfacet
  facet normal 0 0 -1
    outer loop
      vertex -19.5893 -16.6646 0
      vertex -19.4348 16.5661 0
      vertex -19.4348 -16.5661 0
    endloop
  endfacet
  facet normal 0 0 -1
    outer loop
      vertex -19.5893 -16.6646 0
      vertex -19.5893 16.6646 0
      vertex -19.4348 16.5661 0
    endloop
  endfacet
  facet normal 0 0 -1
    outer loop
      vertex -19.7346 -16.7761 0
      vertex -19.5893 16.6646 0
      vertex -19.5893 -16.6646 0
    endloop
  endfacet
  facet normal 0 0 -1
    outer loop
      vertex -19.7346 -16.7761 0
      vertex -19.7346 16.7761 0
      vertex -19.5893 16.6646 0
    endloop
  endfacet
  facet normal 0 0 -1
    outer loop
      vertex -19.8697 -16.8999 0
      vertex -19.7346 16.7761 0
      vertex -19.7346 -16.7761 0
    endloop
  endfacet
  facet normal 0 0 -1
    outer loop
      vertex -19.8697 -16.8999 0
      vertex -19.8697 16.8999 0
      vertex -19.7346 16.7761 0
    endloop
  endfacet
  facet normal 0 0 -1
    outer loop
      vertex -68.9365 -12.1554 0
      vertex -19.8697 -16.8999 0
      vertex -36.8403 -33.8704 0
    endloop
  endfacet
  facet normal 0 0 -1
    outer loop
      vertex -70 0 0
      vertex -19.8697 -16.8999 0
      vertex -69.7336 -6.1009 0
    endloop
  endfacet
  facet normal 0 0 -1
    outer loop
      vertex -63.4415 -29.5833 0
      vertex -36.8403 -33.8704 0
      vertex -36.964 -34.0055 0
    endloop
  endfacet
  facet normal 0 -0 -1
    outer loop
      vertex -69.7336 6.1009 0
      vertex -19.8697 16.8999 0
      vertex -70 0 0
    endloop
  endfacet
  facet normal 0 0 -1
    outer loop
      vertex -63.4415 -29.5833 0
      vertex -36.964 -34.0055 0
      vertex -37.0756 -34.1508 0
    endloop
  endfacet
  facet normal 0 -0 -1
    outer loop
      vertex -68.9365 12.1554 0
      vertex -19.8697 16.8999 0
      vertex -69.7336 6.1009 0
    endloop
  endfacet
  facet normal 0 0 -1
    outer loop
      vertex -60.6218 -35 0
      vertex -37.0756 -34.1508 0
      vertex -37.174 -34.3053 0
    endloop
  endfacet
  facet normal -0 0 -1
    outer loop
      vertex -19.8697 16.8999 0
      vertex -68.9365 12.1554 0
      vertex -36.8403 33.8704 0
    endloop
  endfacet
  facet normal 0 0 -1
    outer loop
      vertex -60.6218 -35 0
      vertex -37.174 -34.3053 0
      vertex -37.2586 -34.4678 0
    endloop
  endfacet
  facet normal 0 -0 -1
    outer loop
      vertex -67.6148 18.1173 0
      vertex -36.8403 33.8704 0
      vertex -68.9365 12.1554 0
    endloop
  endfacet
  facet normal 0 0 -1
    outer loop
      vertex -60.6218 -35 0
      vertex -37.2586 -34.4678 0
      vertex -37.3287 -34.6371 0
    endloop
  endfacet
  facet normal 0 -0 -1
    outer loop
      vertex -65.7785 23.9414 0
      vertex -36.8403 33.8704 0
      vertex -67.6148 18.1173 0
    endloop
  endfacet
  facet normal 0 0 -1
    outer loop
      vertex -60.6218 -35 0
      vertex -37.3287 -34.6371 0
      vertex -37.3838 -34.8118 0
    endloop
  endfacet
  facet normal 0 -0 -1
    outer loop
      vertex -63.4415 29.5833 0
      vertex -36.8403 33.8704 0
      vertex -65.7785 23.9414 0
    endloop
  endfacet
  facet normal 0 0 -1
    outer loop
      vertex -57.3406 -40.1503 0
      vertex -37.3838 -34.8118 0
      vertex -37.4234 -34.9907 0
    endloop
  endfacet
  facet normal -0 0 -1
    outer loop
      vertex -36.8403 33.8704 0
      vertex -63.4415 29.5833 0
      vertex -36.964 34.0055 0
    endloop
  endfacet
  facet normal 0 0 -1
    outer loop
      vertex -57.3406 -40.1503 0
      vertex -37.4234 -34.9907 0
      vertex -37.4473 -35.1723 0
    endloop
  endfacet
  facet normal -0 0 -1
    outer loop
      vertex -36.964 34.0055 0
      vertex -63.4415 29.5833 0
      vertex -37.0756 34.1508 0
    endloop
  endfacet
  facet normal 0 0 -1
    outer loop
      vertex -57.3406 -40.1503 0
      vertex -37.4473 -35.1723 0
      vertex -37.4553 -35.3553 0
    endloop
  endfacet
  facet normal 0 -0 -1
    outer loop
      vertex -60.6218 35 0
      vertex -37.0756 34.1508 0
      vertex -63.4415 29.5833 0
    endloop
  endfacet
  facet normal -0 0 -1
    outer loop
      vertex -4.53154 20.1131 0
      vertex -16.6646 19.5893 0
      vertex -4.33013 20.5 0
    endloop
  endfacet
  facet normal 0 0 -1
    outer loop
      vertex -16.7761 19.7346 0
      vertex -4.33013 20.5 0
      vertex -16.6646 19.5893 0
    endloop
  endfacet
  facet normal -0 0 -1
    outer loop
      vertex -4.33013 20.5 0
      vertex -16.7761 19.7346 0
      vertex -4.09576 20.8679 0
    endloop
  endfacet
  facet normal 0 0 -1
    outer loop
      vertex -16.8999 19.8697 0
      vertex -4.09576 20.8679 0
      vertex -16.7761 19.7346 0
    endloop
  endfacet
  facet normal -0 0 -1
    outer loop
      vertex -4.09576 20.8679 0
      vertex -16.8999 19.8697 0
      vertex -3.83022 21.2139 0
    endloop
  endfacet
  facet normal -0 0 -1
    outer loop
      vertex -3.83022 21.2139 0
      vertex -16.8999 19.8697 0
      vertex -3.53553 21.5355 0
    endloop
  endfacet
  facet normal -0 0 -1
    outer loop
      vertex -3.53553 21.5355 0
      vertex -16.8999 19.8697 0
      vertex -3.21394 21.8302 0
    endloop
  endfacet
  facet normal -0 0 -1
    outer loop
      vertex -3.21394 21.8302 0
      vertex -16.8999 19.8697 0
      vertex -2.86788 22.0958 0
    endloop
  endfacet
  facet normal -0 0 -1
    outer loop
      vertex -2.86788 22.0958 0
      vertex -16.8999 19.8697 0
      vertex -2.5 22.3301 0
    endloop
  endfacet
  facet normal 0 0 -1
    outer loop
      vertex -33.8704 36.8403 0
      vertex -2.5 22.3301 0
      vertex -16.8999 19.8697 0
    endloop
  endfacet
  facet normal 0 0 -1
    outer loop
      vertex -2.5 22.3301 0
      vertex -18.1173 67.6148 0
      vertex -12.1554 68.9365 0
    endloop
  endfacet
  facet normal 0 0 -1
    outer loop
      vertex -2.5 22.3301 0
      vertex -33.8704 36.8403 0
      vertex -18.1173 67.6148 0
    endloop
  endfacet
  facet normal 0 0 -1
    outer loop
      vertex -18.1173 67.6148 0
      vertex -33.8704 36.8403 0
      vertex -23.9414 65.7785 0
    endloop
  endfacet
  facet normal 0 0 -1
    outer loop
      vertex -23.9414 65.7785 0
      vertex -33.8704 36.8403 0
      vertex -29.5833 63.4415 0
    endloop
  endfacet
  facet normal 0 0 -1
    outer loop
      vertex -34.0055 36.964 0
      vertex -29.5833 63.4415 0
      vertex -33.8704 36.8403 0
    endloop
  endfacet
  facet normal 0 0 -1
    outer loop
      vertex -34.1508 37.0756 0
      vertex -29.5833 63.4415 0
      vertex -34.0055 36.964 0
    endloop
  endfacet
  facet normal 0 0 -1
    outer loop
      vertex -35 60.6218 0
      vertex -34.1508 37.0756 0
      vertex -34.3053 37.174 0
    endloop
  endfacet
  facet normal 0 0 -1
    outer loop
      vertex -35 60.6218 0
      vertex -34.3053 37.174 0
      vertex -34.4678 37.2586 0
    endloop
  endfacet
  facet normal 0 0 -1
    outer loop
      vertex -35 60.6218 0
      vertex -34.4678 37.2586 0
      vertex -34.6371 37.3287 0
    endloop
  endfacet
  facet normal 0 0 -1
    outer loop
      vertex -35 60.6218 0
      vertex -34.6371 37.3287 0
      vertex -34.8118 37.3838 0
    endloop
  endfacet
  facet normal 0 0 -1
    outer loop
      vertex -40.1503 57.3406 0
      vertex -34.8118 37.3838 0
      vertex -34.9907 37.4234 0
    endloop
  endfacet
  facet normal 0 0 -1
    outer loop
      vertex -34.1508 37.0756 0
      vertex -35 60.6218 0
      vertex -29.5833 63.4415 0
    endloop
  endfacet
  facet normal 0 0 -1
    outer loop
      vertex -40.1503 57.3406 0
      vertex -34.9907 37.4234 0
      vertex -35.1723 37.4473 0
    endloop
  endfacet
  facet normal 0 0 -1
    outer loop
      vertex -40.1503 57.3406 0
      vertex -35.1723 37.4473 0
      vertex -35.3553 37.4553 0
    endloop
  endfacet
  facet normal 0 0 -1
    outer loop
      vertex -40.1503 57.3406 0
      vertex -35.3553 37.4553 0
      vertex -35.5384 37.4473 0
    endloop
  endfacet
  facet normal 0 0 -1
    outer loop
      vertex -44.9951 53.6231 0
      vertex -35.5384 37.4473 0
      vertex -35.72 37.4234 0
    endloop
  endfacet
  facet normal 0 0 -1
    outer loop
      vertex -44.9951 53.6231 0
      vertex -35.72 37.4234 0
      vertex -35.8989 37.3838 0
    endloop
  endfacet
  facet normal 0 0 -1
    outer loop
      vertex -44.9951 53.6231 0
      vertex -35.8989 37.3838 0
      vertex -36.0736 37.3287 0
    endloop
  endfacet
  facet normal 0 0 -1
    outer loop
      vertex -44.9951 53.6231 0
      vertex -36.0736 37.3287 0
      vertex -36.2428 37.2586 0
    endloop
  endfacet
  facet normal 0 0 -1
    outer loop
      vertex -44.9951 53.6231 0
      vertex -36.2428 37.2586 0
      vertex -36.4053 37.174 0
    endloop
  endfacet
  facet normal 0 0 -1
    outer loop
      vertex -49.4975 49.4975 0
      vertex -36.4053 37.174 0
      vertex -36.5598 37.0756 0
    endloop
  endfacet
  facet normal 0 0 -1
    outer loop
      vertex -49.4975 49.4975 0
      vertex -36.5598 37.0756 0
      vertex -36.7052 36.964 0
    endloop
  endfacet
  facet normal 0 0 -1
    outer loop
      vertex -49.4975 49.4975 0
      vertex -36.7052 36.964 0
      vertex -36.8403 36.8403 0
    endloop
  endfacet
  facet normal 0 0 -1
    outer loop
      vertex -49.4975 49.4975 0
      vertex -36.8403 36.8403 0
      vertex -36.964 36.7052 0
    endloop
  endfacet
  facet normal 0 0 -1
    outer loop
      vertex -49.4975 49.4975 0
      vertex -36.964 36.7052 0
      vertex -37.0756 36.5598 0
    endloop
  endfacet
  facet normal 0 0 -1
    outer loop
      vertex -49.4975 49.4975 0
      vertex -37.0756 36.5598 0
      vertex -37.174 36.4053 0
    endloop
  endfacet
  facet normal 0 0 -1
    outer loop
      vertex -53.6231 44.9951 0
      vertex -37.174 36.4053 0
      vertex -37.2586 36.2428 0
    endloop
  endfacet
  facet normal 0 0 -1
    outer loop
      vertex -53.6231 44.9951 0
      vertex -37.2586 36.2428 0
      vertex -37.3287 36.0736 0
    endloop
  endfacet
  facet normal 0 0 -1
    outer loop
      vertex -53.6231 44.9951 0
      vertex -37.3287 36.0736 0
      vertex -37.3838 35.8989 0
    endloop
  endfacet
  facet normal 0 0 -1
    outer loop
      vertex -53.6231 44.9951 0
      vertex -37.3838 35.8989 0
      vertex -37.4234 35.72 0
    endloop
  endfacet
  facet normal 0 0 -1
    outer loop
      vertex -53.6231 44.9951 0
      vertex -37.4234 35.72 0
      vertex -37.4473 35.5384 0
    endloop
  endfacet
  facet normal 0 0 -1
    outer loop
      vertex -34.8118 37.3838 0
      vertex -40.1503 57.3406 0
      vertex -35 60.6218 0
    endloop
  endfacet
  facet normal 0 0 -1
    outer loop
      vertex -57.3406 40.1503 0
      vertex -37.4473 35.5384 0
      vertex -37.4553 35.3553 0
    endloop
  endfacet
  facet normal -0 0 -1
    outer loop
      vertex -37.4234 -35.72 0
      vertex -53.6231 -44.9951 0
      vertex -37.4473 -35.5384 0
    endloop
  endfacet
  facet normal 0 0 -1
    outer loop
      vertex -57.3406 -40.1503 0
      vertex -37.4473 -35.5384 0
      vertex -53.6231 -44.9951 0
    endloop
  endfacet
  facet normal 0 0 -1
    outer loop
      vertex -35.5384 37.4473 0
      vertex -44.9951 53.6231 0
      vertex -40.1503 57.3406 0
    endloop
  endfacet
  facet normal -0 0 -1
    outer loop
      vertex -37.4473 -35.5384 0
      vertex -57.3406 -40.1503 0
      vertex -37.4553 -35.3553 0
    endloop
  endfacet
  facet normal 0 0 -1
    outer loop
      vertex -36.4053 37.174 0
      vertex -49.4975 49.4975 0
      vertex -44.9951 53.6231 0
    endloop
  endfacet
  facet normal 0 0 -1
    outer loop
      vertex -37.3838 -34.8118 0
      vertex -57.3406 -40.1503 0
      vertex -60.6218 -35 0
    endloop
  endfacet
  facet normal 0 0 -1
    outer loop
      vertex -37.174 36.4053 0
      vertex -53.6231 44.9951 0
      vertex -49.4975 49.4975 0
    endloop
  endfacet
  facet normal -0 0 -1
    outer loop
      vertex -37.0756 -34.1508 0
      vertex -60.6218 -35 0
      vertex -63.4415 -29.5833 0
    endloop
  endfacet
  facet normal 0 0 -1
    outer loop
      vertex -37.4473 35.5384 0
      vertex -57.3406 40.1503 0
      vertex -53.6231 44.9951 0
    endloop
  endfacet
  facet normal 0 0 -1
    outer loop
      vertex -36.8403 -33.8704 0
      vertex -63.4415 -29.5833 0
      vertex -65.7785 -23.9414 0
    endloop
  endfacet
  facet normal 0 0 -1
    outer loop
      vertex -37.4473 35.1723 0
      vertex -57.3406 40.1503 0
      vertex -37.4553 35.3553 0
    endloop
  endfacet
  facet normal 0 0 -1
    outer loop
      vertex -36.8403 -33.8704 0
      vertex -65.7785 -23.9414 0
      vertex -67.6148 -18.1173 0
    endloop
  endfacet
  facet normal 0 0 -1
    outer loop
      vertex -37.4234 34.9907 0
      vertex -57.3406 40.1503 0
      vertex -37.4473 35.1723 0
    endloop
  endfacet
  facet normal 0 0 -1
    outer loop
      vertex -36.8403 -33.8704 0
      vertex -67.6148 -18.1173 0
      vertex -68.9365 -12.1554 0
    endloop
  endfacet
  facet normal 0 0 -1
    outer loop
      vertex -37.3838 34.8118 0
      vertex -57.3406 40.1503 0
      vertex -37.4234 34.9907 0
    endloop
  endfacet
  facet normal 0 0 -1
    outer loop
      vertex -19.8697 -16.8999 0
      vertex -68.9365 -12.1554 0
      vertex -69.7336 -6.1009 0
    endloop
  endfacet
  facet normal 0 -0 -1
    outer loop
      vertex -57.3406 40.1503 0
      vertex -37.3838 34.8118 0
      vertex -60.6218 35 0
    endloop
  endfacet
  facet normal 0 0 -1
    outer loop
      vertex -19.8697 -16.8999 0
      vertex -70 0 0
      vertex -19.8697 16.8999 0
    endloop
  endfacet
  facet normal 0 0 -1
    outer loop
      vertex -37.3287 34.6371 0
      vertex -60.6218 35 0
      vertex -37.3838 34.8118 0
    endloop
  endfacet
  facet normal 0 0 -1
    outer loop
      vertex -37.0756 34.1508 0
      vertex -60.6218 35 0
      vertex -37.174 34.3053 0
    endloop
  endfacet
  facet normal 0 0 -1
    outer loop
      vertex -37.2586 34.4678 0
      vertex -60.6218 35 0
      vertex -37.3287 34.6371 0
    endloop
  endfacet
  facet normal 0 0 -1
    outer loop
      vertex -37.174 34.3053 0
      vertex -60.6218 35 0
      vertex -37.2586 34.4678 0
    endloop
  endfacet
  facet normal -0 0 -1
    outer loop
      vertex -1.5 -2.59808 0
      vertex -4.03155 -6.68652 0
      vertex -1.72073 -2.45746 0
    endloop
  endfacet
  facet normal 0 0 -1
    outer loop
      vertex -3 0 0
      vertex -3.05647 8.07908 0
      vertex -3.05 8.22724 0
    endloop
  endfacet
  facet normal 0 0 -1
    outer loop
      vertex -4.16857 -6.62977 0
      vertex -1.72073 -2.45746 0
      vertex -4.03155 -6.68652 0
    endloop
  endfacet
  facet normal 0 0 -1
    outer loop
      vertex -3 0 0
      vertex -3.07583 7.93204 0
      vertex -3.05647 8.07908 0
    endloop
  endfacet
  facet normal -0 0 -1
    outer loop
      vertex -1.72073 -2.45746 0
      vertex -4.16857 -6.62977 0
      vertex -1.92836 -2.29813 0
    endloop
  endfacet
  facet normal 0 0 -1
    outer loop
      vertex -3 0 0
      vertex -3.10793 7.78725 0
      vertex -3.07583 7.93204 0
    endloop
  endfacet
  facet normal 0 0 -1
    outer loop
      vertex -4.31001 -6.58517 0
      vertex -1.92836 -2.29813 0
      vertex -4.16857 -6.62977 0
    endloop
  endfacet
  facet normal 0 0 -1
    outer loop
      vertex -3 0 0
      vertex -3.15252 7.64581 0
      vertex -3.10793 7.78725 0
    endloop
  endfacet
  facet normal -0 0 -1
    outer loop
      vertex -1.92836 -2.29813 0
      vertex -4.31001 -6.58517 0
      vertex -2.12132 -2.12132 0
    endloop
  endfacet
  facet normal 0 0 -1
    outer loop
      vertex -3 0 0
      vertex -3.20928 7.50879 0
      vertex -3.15252 7.64581 0
    endloop
  endfacet
  facet normal 0 0 -1
    outer loop
      vertex -4.4548 -6.55307 0
      vertex -2.12132 -2.12132 0
      vertex -4.31001 -6.58517 0
    endloop
  endfacet
  facet normal 0 0 -1
    outer loop
      vertex -3 0 0
      vertex -3.27776 7.37724 0
      vertex -3.20928 7.50879 0
    endloop
  endfacet
  facet normal 0 0 -1
    outer loop
      vertex -4.60183 -6.53371 0
      vertex -2.12132 -2.12132 0
      vertex -4.4548 -6.55307 0
    endloop
  endfacet
  facet normal 0 0 -1
    outer loop
      vertex -3 0 0
      vertex -3.35744 7.25216 0
      vertex -3.27776 7.37724 0
    endloop
  endfacet
  facet normal -0 0 -1
    outer loop
      vertex -2.12132 -2.12132 0
      vertex -4.60183 -6.53371 0
      vertex -2.29813 -1.92836 0
    endloop
  endfacet
  facet normal 0 0 -1
    outer loop
      vertex -3 0 0
      vertex -3.44773 7.1345 0
      vertex -3.35744 7.25216 0
    endloop
  endfacet
  facet normal 0 0 -1
    outer loop
      vertex -4.75 -6.52724 0
      vertex -2.29813 -1.92836 0
      vertex -4.60183 -6.53371 0
    endloop
  endfacet
  facet normal 0 0 -1
    outer loop
      vertex -3 0 0
      vertex -3.54792 7.02516 0
      vertex -3.44773 7.1345 0
    endloop
  endfacet
  facet normal -0 0 -1
    outer loop
      vertex -2.29813 -1.92836 0
      vertex -4.75 -6.52724 0
      vertex -2.45746 -1.72073 0
    endloop
  endfacet
  facet normal 0 0 -1
    outer loop
      vertex -3 0 0
      vertex -3.65726 6.92497 0
      vertex -3.54792 7.02516 0
    endloop
  endfacet
  facet normal 0 0 -1
    outer loop
      vertex -4.89816 -6.53371 0
      vertex -2.45746 -1.72073 0
      vertex -4.75 -6.52724 0
    endloop
  endfacet
  facet normal 0 0 -1
    outer loop
      vertex -3 0 0
      vertex -3.77492 6.83468 0
      vertex -3.65726 6.92497 0
    endloop
  endfacet
  facet normal -0 0 -1
    outer loop
      vertex -2.45746 -1.72073 0
      vertex -4.89816 -6.53371 0
      vertex -2.59808 -1.5 0
    endloop
  endfacet
  facet normal 0 0 -1
    outer loop
      vertex -3 0 0
      vertex -3.9 6.755 0
      vertex -3.77492 6.83468 0
    endloop
  endfacet
  facet normal 0 0 -1
    outer loop
      vertex -5.0452 -6.55307 0
      vertex -2.59808 -1.5 0
      vertex -4.89816 -6.53371 0
    endloop
  endfacet
  facet normal 0 0 -1
    outer loop
      vertex -3 0 0
      vertex -4.03155 6.68652 0
      vertex -3.9 6.755 0
    endloop
  endfacet
  facet normal -0 0 -1
    outer loop
      vertex -2.59808 -1.5 0
      vertex -5.0452 -6.55307 0
      vertex -2.71892 -1.26785 0
    endloop
  endfacet
  facet normal 0 0 -1
    outer loop
      vertex -3 0 0
      vertex -4.16857 6.62977 0
      vertex -4.03155 6.68652 0
    endloop
  endfacet
  facet normal 0 0 -1
    outer loop
      vertex -5.18999 -6.58517 0
      vertex -2.71892 -1.26785 0
      vertex -5.0452 -6.55307 0
    endloop
  endfacet
  facet normal 0 0 -1
    outer loop
      vertex -3 0 0
      vertex -4.31001 6.58517 0
      vertex -4.16857 6.62977 0
    endloop
  endfacet
  facet normal 0 0 -1
    outer loop
      vertex -5.33143 -6.62977 0
      vertex -2.71892 -1.26785 0
      vertex -5.18999 -6.58517 0
    endloop
  endfacet
  facet normal 0 0 -1
    outer loop
      vertex -3 0 0
      vertex -4.4548 6.55307 0
      vertex -4.31001 6.58517 0
    endloop
  endfacet
  facet normal -0 0 -1
    outer loop
      vertex -2.71892 -1.26785 0
      vertex -5.33143 -6.62977 0
      vertex -2.81908 -1.02606 0
    endloop
  endfacet
  facet normal 0 0 -1
    outer loop
      vertex -3 0 0
      vertex -4.60183 6.53371 0
      vertex -4.4548 6.55307 0
    endloop
  endfacet
  facet normal 0 0 -1
    outer loop
      vertex -5.46845 -6.68652 0
      vertex -2.81908 -1.02606 0
      vertex -5.33143 -6.62977 0
    endloop
  endfacet
  facet normal 0 0 -1
    outer loop
      vertex -3 0 0
      vertex -4.75 6.52724 0
      vertex -4.60183 6.53371 0
    endloop
  endfacet
  facet normal -0 0 -1
    outer loop
      vertex -2.81908 -1.02606 0
      vertex -5.46845 -6.68652 0
      vertex -2.89778 -0.776457 0
    endloop
  endfacet
  facet normal 0 0 -1
    outer loop
      vertex -3 0 0
      vertex -4.89816 6.53371 0
      vertex -4.75 6.52724 0
    endloop
  endfacet
  facet normal 0 0 -1
    outer loop
      vertex -5.6 -6.755 0
      vertex -2.89778 -0.776457 0
      vertex -5.46845 -6.68652 0
    endloop
  endfacet
  facet normal 0 0 -1
    outer loop
      vertex -3 0 0
      vertex -5.0452 6.55307 0
      vertex -4.89816 6.53371 0
    endloop
  endfacet
  facet normal -0 0 -1
    outer loop
      vertex -2.89778 -0.776457 0
      vertex -5.6 -6.755 0
      vertex -2.95442 -0.520944 0
    endloop
  endfacet
  facet normal 0 0 -1
    outer loop
      vertex -3 0 0
      vertex -5.18999 6.58517 0
      vertex -5.0452 6.55307 0
    endloop
  endfacet
  facet normal 0 0 -1
    outer loop
      vertex -5.72508 -6.83468 0
      vertex -2.95442 -0.520944 0
      vertex -5.6 -6.755 0
    endloop
  endfacet
  facet normal 0 0 -1
    outer loop
      vertex -3 0 0
      vertex -5.33143 6.62977 0
      vertex -5.18999 6.58517 0
    endloop
  endfacet
  facet normal -0 0 -1
    outer loop
      vertex -2.95442 -0.520944 0
      vertex -5.72508 -6.83468 0
      vertex -2.98858 -0.261467 0
    endloop
  endfacet
  facet normal 0 0 -1
    outer loop
      vertex -3 0 0
      vertex -5.46845 6.68652 0
      vertex -5.33143 6.62977 0
    endloop
  endfacet
  facet normal 0 0 -1
    outer loop
      vertex -5.84274 -6.92497 0
      vertex -2.98858 -0.261467 0
      vertex -5.72508 -6.83468 0
    endloop
  endfacet
  facet normal 0 0 -1
    outer loop
      vertex -3 0 0
      vertex -5.6 6.755 0
      vertex -5.46845 6.68652 0
    endloop
  endfacet
  facet normal -0 0 -1
    outer loop
      vertex -2.98858 -0.261467 0
      vertex -5.84274 -6.92497 0
      vertex -3 0 0
    endloop
  endfacet
  facet normal 0 0 -1
    outer loop
      vertex -3 0 0
      vertex -5.72508 6.83468 0
      vertex -5.6 6.755 0
    endloop
  endfacet
  facet normal 0 0 -1
    outer loop
      vertex -5.95208 -7.02516 0
      vertex -3 0 0
      vertex -5.84274 -6.92497 0
    endloop
  endfacet
  facet normal 0 0 -1
    outer loop
      vertex -3 0 0
      vertex -5.84274 6.92497 0
      vertex -5.72508 6.83468 0
    endloop
  endfacet
  facet normal 0 0 -1
    outer loop
      vertex -5.95208 7.02516 0
      vertex -3 0 0
      vertex -5.95208 -7.02516 0
    endloop
  endfacet
  facet normal 0 0 -1
    outer loop
      vertex -3 0 0
      vertex -5.95208 7.02516 0
      vertex -5.84274 6.92497 0
    endloop
  endfacet
  facet normal 0 0 -1
    outer loop
      vertex -6.05228 -7.1345 0
      vertex -5.95208 7.02516 0
      vertex -5.95208 -7.02516 0
    endloop
  endfacet
  facet normal 0 0 -1
    outer loop
      vertex -6.05228 -7.1345 0
      vertex -6.05228 7.1345 0
      vertex -5.95208 7.02516 0
    endloop
  endfacet
  facet normal 0 0 -1
    outer loop
      vertex -6.14256 -7.25216 0
      vertex -6.05228 7.1345 0
      vertex -6.05228 -7.1345 0
    endloop
  endfacet
  facet normal 0 0 -1
    outer loop
      vertex -6.14256 -7.25216 0
      vertex -6.14256 7.25216 0
      vertex -6.05228 7.1345 0
    endloop
  endfacet
  facet normal 0 0 -1
    outer loop
      vertex -6.22224 -7.37724 0
      vertex -6.14256 7.25216 0
      vertex -6.14256 -7.25216 0
    endloop
  endfacet
  facet normal 0 0 -1
    outer loop
      vertex -6.22224 -7.37724 0
      vertex -6.22224 7.37724 0
      vertex -6.14256 7.25216 0
    endloop
  endfacet
  facet normal 0 0 -1
    outer loop
      vertex -6.29072 -7.50879 0
      vertex -6.22224 7.37724 0
      vertex -6.22224 -7.37724 0
    endloop
  endfacet
  facet normal 0 0 -1
    outer loop
      vertex -6.29072 -7.50879 0
      vertex -6.29072 7.50879 0
      vertex -6.22224 7.37724 0
    endloop
  endfacet
  facet normal 0 0 -1
    outer loop
      vertex -6.34748 -7.64581 0
      vertex -6.29072 7.50879 0
      vertex -6.29072 -7.50879 0
    endloop
  endfacet
  facet normal 0 0 -1
    outer loop
      vertex -6.34748 -7.64581 0
      vertex -6.34748 7.64581 0
      vertex -6.29072 7.50879 0
    endloop
  endfacet
  facet normal -0 0 -1
    outer loop
      vertex -6.22224 -9.07724 0
      vertex -16.8999 -16.8999 0
      vertex -6.29072 -8.94569 0
    endloop
  endfacet
  facet normal 0 0 -1
    outer loop
      vertex -17.0349 -16.7761 0
      vertex -6.29072 -8.94569 0
      vertex -16.8999 -16.8999 0
    endloop
  endfacet
  facet normal 0 0 -1
    outer loop
      vertex -16.8999 -16.8999 0
      vertex -6.22224 -9.07724 0
      vertex -16.7761 -17.0349 0
    endloop
  endfacet
  facet normal -0 0 -1
    outer loop
      vertex -6.29072 -8.94569 0
      vertex -17.0349 -16.7761 0
      vertex -6.34748 -8.80867 0
    endloop
  endfacet
  facet normal -0 0 -1
    outer loop
      vertex -6.14256 -9.20232 0
      vertex -16.7761 -17.0349 0
      vertex -6.22224 -9.07724 0
    endloop
  endfacet
  facet normal 0 0 -1
    outer loop
      vertex -6.34748 7.64581 0
      vertex -16.2848 18.3848 0
      vertex -6.39207 7.78725 0
    endloop
  endfacet
  facet normal 0 0 -1
    outer loop
      vertex -16.7761 -17.0349 0
      vertex -6.14256 -9.20232 0
      vertex -16.6646 -17.1803 0
    endloop
  endfacet
  facet normal 0 0 -1
    outer loop
      vertex -6.39207 7.78725 0
      vertex -16.2848 18.3848 0
      vertex -6.42417 7.93204 0
    endloop
  endfacet
  facet normal 0 -0 -1
    outer loop
      vertex 2.12132 -2.12132 0
      vertex 8.65 -1.47224 0
      vertex 1.92836 -2.29813 0
    endloop
  endfacet
  facet normal 0 0 -1
    outer loop
      vertex 7.8 0 0
      vertex 4.98097 17.5642 0
      vertex 5 18 0
    endloop
  endfacet
  facet normal -0 0 -1
    outer loop
      vertex 8.65 -1.47224 0
      vertex 2.12132 -2.12132 0
      vertex 8.52492 -1.39256 0
    endloop
  endfacet
  facet normal 0 0 -1
    outer loop
      vertex 7.8 0 0
      vertex 4.92404 17.1318 0
      vertex 4.98097 17.5642 0
    endloop
  endfacet
  facet normal 0 -0 -1
    outer loop
      vertex 2.29813 -1.92836 0
      vertex 8.52492 -1.39256 0
      vertex 2.12132 -2.12132 0
    endloop
  endfacet
  facet normal 0 0 -1
    outer loop
      vertex 7.8 0 0
      vertex 4.82963 16.7059 0
      vertex 4.92404 17.1318 0
    endloop
  endfacet
  facet normal -0 0 -1
    outer loop
      vertex 8.52492 -1.39256 0
      vertex 2.29813 -1.92836 0
      vertex 8.40726 -1.30227 0
    endloop
  endfacet
  facet normal 0 0 -1
    outer loop
      vertex 2.98858 0.261467 0
      vertex 7.8 0 0
      vertex 3 0 0
    endloop
  endfacet
  facet normal -0 0 -1
    outer loop
      vertex 8.40726 -1.30227 0
      vertex 2.45746 -1.72073 0
      vertex 8.29792 -1.20208 0
    endloop
  endfacet
  facet normal 0 0 -1
    outer loop
      vertex 2.95442 0.520944 0
      vertex 7.8 0 0
      vertex 2.98858 0.261467 0
    endloop
  endfacet
  facet normal -0 0 -1
    outer loop
      vertex 8.29792 -1.20208 0
      vertex 2.45746 -1.72073 0
      vertex 8.19773 -1.09274 0
    endloop
  endfacet
  facet normal 0 0 -1
    outer loop
      vertex 7.8 0 0
      vertex 4.69846 16.2899 0
      vertex 4.82963 16.7059 0
    endloop
  endfacet
  facet normal 0 -0 -1
    outer loop
      vertex 2.59808 -1.5 0
      vertex 8.19773 -1.09274 0
      vertex 2.45746 -1.72073 0
    endloop
  endfacet
  facet normal 0 0 -1
    outer loop
      vertex 2.89778 0.776457 0
      vertex 7.8 0 0
      vertex 2.95442 0.520944 0
    endloop
  endfacet
  facet normal -0 0 -1
    outer loop
      vertex 8.19773 -1.09274 0
      vertex 2.59808 -1.5 0
      vertex 8.10744 -0.97508 0
    endloop
  endfacet
  facet normal 0 0 -1
    outer loop
      vertex 7.8 0 0
      vertex 4.53154 15.8869 0
      vertex 4.69846 16.2899 0
    endloop
  endfacet
  facet normal -0 0 -1
    outer loop
      vertex 8.10744 -0.97508 0
      vertex 2.71892 -1.26785 0
      vertex 8.02776 -0.849999 0
    endloop
  endfacet
  facet normal 0 0 -1
    outer loop
      vertex 2.81908 1.02606 0
      vertex 7.8 0 0
      vertex 2.89778 0.776457 0
    endloop
  endfacet
  facet normal 0 -0 -1
    outer loop
      vertex 2.81908 -1.02606 0
      vertex 8.02776 -0.849999 0
      vertex 2.71892 -1.26785 0
    endloop
  endfacet
  facet normal 0 0 -1
    outer loop
      vertex 7.8 0 0
      vertex 4.33013 15.5 0
      vertex 4.53154 15.8869 0
    endloop
  endfacet
  facet normal 0 0 -1
    outer loop
      vertex 2.71892 1.26785 0
      vertex 7.8 0 0
      vertex 2.81908 1.02606 0
    endloop
  endfacet
  facet normal 0 0 -1
    outer loop
      vertex 7.80647 -0.148165 0
      vertex 3 0 0
      vertex 7.8 0 0
    endloop
  endfacet
  facet normal 0 -0 -1
    outer loop
      vertex 3 0 0
      vertex 7.80647 -0.148165 0
      vertex 2.98858 -0.261467 0
    endloop
  endfacet
  facet normal 0 0 -1
    outer loop
      vertex 7.82583 -0.295201 0
      vertex 2.98858 -0.261467 0
      vertex 7.80647 -0.148165 0
    endloop
  endfacet
  facet normal -0 0 -1
    outer loop
      vertex 8.02776 -0.849999 0
      vertex 2.81908 -1.02606 0
      vertex 7.95928 -0.718451 0
    endloop
  endfacet
  facet normal 0 -0 -1
    outer loop
      vertex 2.98858 -0.261467 0
      vertex 7.82583 -0.295201 0
      vertex 2.95442 -0.520944 0
    endloop
  endfacet
  facet normal -0 0 -1
    outer loop
      vertex 7.85793 -0.439992 0
      vertex 2.95442 -0.520944 0
      vertex 7.82583 -0.295201 0
    endloop
  endfacet
  facet normal 0 -0 -1
    outer loop
      vertex 2.95442 -0.520944 0
      vertex 7.85793 -0.439992 0
      vertex 2.89778 -0.776457 0
    endloop
  endfacet
  facet normal 0 -0 -1
    outer loop
      vertex 2.45746 -1.72073 0
      vertex 8.40726 -1.30227 0
      vertex 2.29813 -1.92836 0
    endloop
  endfacet
  facet normal -0 0 -1
    outer loop
      vertex 7.90252 -0.581433 0
      vertex 2.89778 -0.776457 0
      vertex 7.85793 -0.439992 0
    endloop
  endfacet
  facet normal -0 0 -1
    outer loop
      vertex 7.95928 -0.718451 0
      vertex 2.89778 -0.776457 0
      vertex 7.90252 -0.581433 0
    endloop
  endfacet
  facet normal 0 -0 -1
    outer loop
      vertex 2.89778 -0.776457 0
      vertex 7.95928 -0.718451 0
      vertex 2.81908 -1.02606 0
    endloop
  endfacet
  facet normal 0 0 -1
    outer loop
      vertex 1.72073 -2.45746 0
      vertex 2.5 -13.6699 0
      vertex 2.11309 -13.4685 0
    endloop
  endfacet
  facet normal 0 -0 -1
    outer loop
      vertex 2.71892 -1.26785 0
      vertex 8.10744 -0.97508 0
      vertex 2.59808 -1.5 0
    endloop
  endfacet
  facet normal 0 0 -1
    outer loop
      vertex 2.5 -13.6699 0
      vertex 1.72073 -2.45746 0
      vertex 1.92836 -2.29813 0
    endloop
  endfacet
  facet normal 0 0 -1
    outer loop
      vertex 1.5 -2.59808 0
      vertex 2.11309 -13.4685 0
      vertex 1.7101 -13.3015 0
    endloop
  endfacet
  facet normal 0 0 -1
    outer loop
      vertex 2.11309 -13.4685 0
      vertex 1.5 -2.59808 0
      vertex 1.72073 -2.45746 0
    endloop
  endfacet
  facet normal 0 0 -1
    outer loop
      vertex 1.02606 -2.81908 0
      vertex 1.7101 -13.3015 0
      vertex 1.2941 -13.1704 0
    endloop
  endfacet
  facet normal 0 0 -1
    outer loop
      vertex 1.7101 -13.3015 0
      vertex 1.26785 -2.71892 0
      vertex 1.5 -2.59808 0
    endloop
  endfacet
  facet normal 0 0 -1
    outer loop
      vertex 1.7101 -13.3015 0
      vertex 1.02606 -2.81908 0
      vertex 1.26785 -2.71892 0
    endloop
  endfacet
  facet normal 0 0 -1
    outer loop
      vertex 0.776457 -2.89778 0
      vertex 1.2941 -13.1704 0
      vertex 0.86824 -13.076 0
    endloop
  endfacet
  facet normal 0 0 -1
    outer loop
      vertex 1.2941 -13.1704 0
      vertex 0.776457 -2.89778 0
      vertex 1.02606 -2.81908 0
    endloop
  endfacet
  facet normal 0 0 -1
    outer loop
      vertex -3.05 -8.22724 0
      vertex 0.776457 -2.89778 0
      vertex 0.86824 -13.076 0
    endloop
  endfacet
  facet normal 0 0 -1
    outer loop
      vertex -3.05647 -8.37541 0
      vertex 0.86824 -13.076 0
      vertex 0.435779 -13.019 0
    endloop
  endfacet
  facet normal 0 0 -1
    outer loop
      vertex -3.05647 -8.07908 0
      vertex 0.776457 -2.89778 0
      vertex -3.05 -8.22724 0
    endloop
  endfacet
  facet normal 0 0 -1
    outer loop
      vertex -3.10793 -8.66723 0
      vertex 0.435779 -13.019 0
      vertex 0 -13 0
    endloop
  endfacet
  facet normal 0 0 -1
    outer loop
      vertex 0.776457 -2.89778 0
      vertex -3.05647 -8.07908 0
      vertex 0.520944 -2.95442 0
    endloop
  endfacet
  facet normal 0 0 -1
    outer loop
      vertex -3.07583 -7.93204 0
      vertex 0.520944 -2.95442 0
      vertex -3.05647 -8.07908 0
    endloop
  endfacet
  facet normal 0 0 -1
    outer loop
      vertex -3.15252 -8.80868 0
      vertex 0 -13 0
      vertex -0.435779 -13.019 0
    endloop
  endfacet
  facet normal 0 0 -1
    outer loop
      vertex 0.520944 -2.95442 0
      vertex -3.07583 -7.93204 0
      vertex 0.261467 -2.98858 0
    endloop
  endfacet
  facet normal 0 0 -1
    outer loop
      vertex -3.10793 -7.78725 0
      vertex 0.261467 -2.98858 0
      vertex -3.07583 -7.93204 0
    endloop
  endfacet
  facet normal 0 0 -1
    outer loop
      vertex -3.27776 -9.07724 0
      vertex -0.435779 -13.019 0
      vertex -0.86824 -13.076 0
    endloop
  endfacet
  facet normal 0 0 -1
    outer loop
      vertex -3.15252 -7.64581 0
      vertex 0.261467 -2.98858 0
      vertex -3.10793 -7.78725 0
    endloop
  endfacet
  facet normal 0 0 -1
    outer loop
      vertex 0.261467 -2.98858 0
      vertex -3.15252 -7.64581 0
      vertex 0 -3 0
    endloop
  endfacet
  facet normal 0 0 -1
    outer loop
      vertex -3.44772 -9.31998 0
      vertex -0.86824 -13.076 0
      vertex -1.2941 -13.1704 0
    endloop
  endfacet
  facet normal 0 0 -1
    outer loop
      vertex -3.20928 -7.50879 0
      vertex 0 -3 0
      vertex -3.15252 -7.64581 0
    endloop
  endfacet
  facet normal 0 0 -1
    outer loop
      vertex -3.65726 -9.52952 0
      vertex -1.2941 -13.1704 0
      vertex -1.7101 -13.3015 0
    endloop
  endfacet
  facet normal -0 0 -1
    outer loop
      vertex 0 -3 0
      vertex -3.20928 -7.50879 0
      vertex -0.261467 -2.98858 0
    endloop
  endfacet
  facet normal 0 0 -1
    outer loop
      vertex -3.27776 -7.37724 0
      vertex -0.261467 -2.98858 0
      vertex -3.20928 -7.50879 0
    endloop
  endfacet
  facet normal 0 0 -1
    outer loop
      vertex -3.77492 -9.6198 0
      vertex -1.7101 -13.3015 0
      vertex -2.11309 -13.4685 0
    endloop
  endfacet
  facet normal -0 0 -1
    outer loop
      vertex -0.261467 -2.98858 0
      vertex -3.27776 -7.37724 0
      vertex -0.520944 -2.95442 0
    endloop
  endfacet
  facet normal 0 0 -1
    outer loop
      vertex -3.35744 -7.25216 0
      vertex -0.520944 -2.95442 0
      vertex -3.27776 -7.37724 0
    endloop
  endfacet
  facet normal -0 0 -1
    outer loop
      vertex -0.520944 -2.95442 0
      vertex -3.35744 -7.25216 0
      vertex -0.776457 -2.89778 0
    endloop
  endfacet
  facet normal 0 0 -1
    outer loop
      vertex -4.03155 -9.76796 0
      vertex -2.11309 -13.4685 0
      vertex -2.5 -13.6699 0
    endloop
  endfacet
  facet normal 0 0 -1
    outer loop
      vertex -3.44773 -7.1345 0
      vertex -0.776457 -2.89778 0
      vertex -3.35744 -7.25216 0
    endloop
  endfacet
  facet normal 0 0 -1
    outer loop
      vertex -3.54792 -7.02516 0
      vertex -0.776457 -2.89778 0
      vertex -3.44773 -7.1345 0
    endloop
  endfacet
  facet normal -0 0 -1
    outer loop
      vertex -0.776457 -2.89778 0
      vertex -3.54792 -7.02516 0
      vertex -1.02606 -2.81908 0
    endloop
  endfacet
  facet normal 0 0 -1
    outer loop
      vertex -4.31001 -9.86931 0
      vertex -2.5 -13.6699 0
      vertex -2.86788 -13.9042 0
    endloop
  endfacet
  facet normal 0 0 -1
    outer loop
      vertex -3.65726 -6.92497 0
      vertex -1.02606 -2.81908 0
      vertex -3.54792 -7.02516 0
    endloop
  endfacet
  facet normal -0 0 -1
    outer loop
      vertex -1.02606 -2.81908 0
      vertex -3.65726 -6.92497 0
      vertex -1.26785 -2.71892 0
    endloop
  endfacet
  facet normal 0 0 -1
    outer loop
      vertex -3.77492 -6.83468 0
      vertex -1.26785 -2.71892 0
      vertex -3.65726 -6.92497 0
    endloop
  endfacet
  facet normal -0 0 -1
    outer loop
      vertex -1.26785 -2.71892 0
      vertex -3.77492 -6.83468 0
      vertex -1.5 -2.59808 0
    endloop
  endfacet
  facet normal 0 0 -1
    outer loop
      vertex -3.9 -6.755 0
      vertex -1.5 -2.59808 0
      vertex -3.77492 -6.83468 0
    endloop
  endfacet
  facet normal 0 0 -1
    outer loop
      vertex 0.86824 -13.076 0
      vertex -3.05647 -8.37541 0
      vertex -3.05 -8.22724 0
    endloop
  endfacet
  facet normal 0 0 -1
    outer loop
      vertex 0.435779 -13.019 0
      vertex -3.07583 -8.52244 0
      vertex -3.05647 -8.37541 0
    endloop
  endfacet
  facet normal 0 0 -1
    outer loop
      vertex 0.435779 -13.019 0
      vertex -3.10793 -8.66723 0
      vertex -3.07583 -8.52244 0
    endloop
  endfacet
  facet normal 0 0 -1
    outer loop
      vertex 0 -13 0
      vertex -3.15252 -8.80868 0
      vertex -3.10793 -8.66723 0
    endloop
  endfacet
  facet normal 0 0 -1
    outer loop
      vertex -0.435779 -13.019 0
      vertex -3.20928 -8.94569 0
      vertex -3.15252 -8.80868 0
    endloop
  endfacet
  facet normal 0 0 -1
    outer loop
      vertex -4.60184 -9.92077 0
      vertex -2.86788 -13.9042 0
      vertex -3.21394 -14.1698 0
    endloop
  endfacet
  facet normal 0 0 -1
    outer loop
      vertex -0.435779 -13.019 0
      vertex -3.27776 -9.07724 0
      vertex -3.20928 -8.94569 0
    endloop
  endfacet
  facet normal 0 0 -1
    outer loop
      vertex -0.86824 -13.076 0
      vertex -3.35744 -9.20232 0
      vertex -3.27776 -9.07724 0
    endloop
  endfacet
  facet normal 0 0 -1
    outer loop
      vertex -0.86824 -13.076 0
      vertex -3.44772 -9.31998 0
      vertex -3.35744 -9.20232 0
    endloop
  endfacet
  facet normal 0 0 -1
    outer loop
      vertex -4.89817 -9.92077 0
      vertex -3.21394 -14.1698 0
      vertex -3.53553 -14.4645 0
    endloop
  endfacet
  facet normal 0 0 -1
    outer loop
      vertex -1.2941 -13.1704 0
      vertex -3.54792 -9.42932 0
      vertex -3.44772 -9.31998 0
    endloop
  endfacet
  facet normal 0 0 -1
    outer loop
      vertex -1.2941 -13.1704 0
      vertex -3.65726 -9.52952 0
      vertex -3.54792 -9.42932 0
    endloop
  endfacet
  facet normal 0 0 -1
    outer loop
      vertex -1.7101 -13.3015 0
      vertex -3.77492 -9.6198 0
      vertex -3.65726 -9.52952 0
    endloop
  endfacet
  facet normal 0 0 -1
    outer loop
      vertex -5.18999 -9.86932 0
      vertex -3.53553 -14.4645 0
      vertex -3.83022 -14.7861 0
    endloop
  endfacet
  facet normal 0 0 -1
    outer loop
      vertex -2.11309 -13.4685 0
      vertex -3.9 -9.69948 0
      vertex -3.77492 -9.6198 0
    endloop
  endfacet
  facet normal 0 0 -1
    outer loop
      vertex -2.11309 -13.4685 0
      vertex -4.03155 -9.76796 0
      vertex -3.9 -9.69948 0
    endloop
  endfacet
  facet normal 0 0 -1
    outer loop
      vertex -5.33143 -9.82472 0
      vertex -3.83022 -14.7861 0
      vertex -4.09576 -15.1321 0
    endloop
  endfacet
  facet normal 0 0 -1
    outer loop
      vertex -2.5 -13.6699 0
      vertex -4.16857 -9.82472 0
      vertex -4.03155 -9.76796 0
    endloop
  endfacet
  facet normal 0 0 -1
    outer loop
      vertex -2.5 -13.6699 0
      vertex -4.31001 -9.86931 0
      vertex -4.16857 -9.82472 0
    endloop
  endfacet
  facet normal 0 0 -1
    outer loop
      vertex -5.6 -9.69948 0
      vertex -4.09576 -15.1321 0
      vertex -4.33013 -15.5 0
    endloop
  endfacet
  facet normal 0 0 -1
    outer loop
      vertex -2.86788 -13.9042 0
      vertex -4.4548 -9.90141 0
      vertex -4.31001 -9.86931 0
    endloop
  endfacet
  facet normal 0 0 -1
    outer loop
      vertex -5.72508 -9.6198 0
      vertex -4.33013 -15.5 0
      vertex -4.53154 -15.8869 0
    endloop
  endfacet
  facet normal 0 0 -1
    outer loop
      vertex -2.86788 -13.9042 0
      vertex -4.60184 -9.92077 0
      vertex -4.4548 -9.90141 0
    endloop
  endfacet
  facet normal 0 0 -1
    outer loop
      vertex -5.95208 -9.42932 0
      vertex -4.53154 -15.8869 0
      vertex -4.69846 -16.2899 0
    endloop
  endfacet
  facet normal 0 0 -1
    outer loop
      vertex -3.21394 -14.1698 0
      vertex -4.75 -9.92724 0
      vertex -4.60184 -9.92077 0
    endloop
  endfacet
  facet normal 0 0 -1
    outer loop
      vertex -16.3563 -17.8413 0
      vertex -4.98097 -17.5642 0
      vertex -16.3167 -18.0201 0
    endloop
  endfacet
  facet normal 0 0 -1
    outer loop
      vertex -3.21394 -14.1698 0
      vertex -4.89817 -9.92077 0
      vertex -4.75 -9.92724 0
    endloop
  endfacet
  facet normal 0 0 -1
    outer loop
      vertex -16.3167 -18.0201 0
      vertex -4.98097 -17.5642 0
      vertex -16.2928 -18.2017 0
    endloop
  endfacet
  facet normal -0 0 -1
    outer loop
      vertex -5 -18 0
      vertex -16.2928 -18.2017 0
      vertex -4.98097 -17.5642 0
    endloop
  endfacet
  facet normal 0 0 -1
    outer loop
      vertex -16.2928 -18.2017 0
      vertex -5 -18 0
      vertex -16.2848 -18.3848 0
    endloop
  endfacet
  facet normal 0 0 -1
    outer loop
      vertex -3.53553 -14.4645 0
      vertex -5.0452 -9.90141 0
      vertex -4.89817 -9.92077 0
    endloop
  endfacet
  facet normal 0 0 -1
    outer loop
      vertex 4.53154 20.1131 0
      vertex 16.5661 19.4348 0
      vertex 4.69846 19.7101 0
    endloop
  endfacet
  facet normal 0 0 -1
    outer loop
      vertex 16.5661 19.4348 0
      vertex 4.53154 20.1131 0
      vertex 16.6646 19.5893 0
    endloop
  endfacet
  facet normal 0 0 -1
    outer loop
      vertex 4.33013 20.5 0
      vertex 16.6646 19.5893 0
      vertex 4.53154 20.1131 0
    endloop
  endfacet
  facet normal 0 0 -1
    outer loop
      vertex 16.6646 19.5893 0
      vertex 4.33013 20.5 0
      vertex 16.7761 19.7346 0
    endloop
  endfacet
  facet normal 0 0 -1
    outer loop
      vertex 4.09576 20.8679 0
      vertex 16.7761 19.7346 0
      vertex 4.33013 20.5 0
    endloop
  endfacet
  facet normal 0 0 -1
    outer loop
      vertex 16.7761 19.7346 0
      vertex 4.09576 20.8679 0
      vertex 16.8999 19.8697 0
    endloop
  endfacet
  facet normal 0 0 -1
    outer loop
      vertex 3.83022 21.2139 0
      vertex 16.8999 19.8697 0
      vertex 4.09576 20.8679 0
    endloop
  endfacet
  facet normal 0 0 -1
    outer loop
      vertex 3.53553 21.5355 0
      vertex 16.8999 19.8697 0
      vertex 3.83022 21.2139 0
    endloop
  endfacet
  facet normal 0 0 -1
    outer loop
      vertex 3.21394 21.8302 0
      vertex 16.8999 19.8697 0
      vertex 3.53553 21.5355 0
    endloop
  endfacet
  facet normal 0 0 -1
    outer loop
      vertex 2.86788 22.0958 0
      vertex 16.8999 19.8697 0
      vertex 3.21394 21.8302 0
    endloop
  endfacet
  facet normal 0 0 -1
    outer loop
      vertex 2.5 22.3301 0
      vertex 16.8999 19.8697 0
      vertex 2.86788 22.0958 0
    endloop
  endfacet
  facet normal 0 0 -1
    outer loop
      vertex 16.8999 19.8697 0
      vertex 2.5 22.3301 0
      vertex 12.1554 68.9365 0
    endloop
  endfacet
  facet normal 0 0 -1
    outer loop
      vertex 2.11309 22.5315 0
      vertex 12.1554 68.9365 0
      vertex 2.5 22.3301 0
    endloop
  endfacet
  facet normal 0 0 -1
    outer loop
      vertex 1.7101 22.6985 0
      vertex 12.1554 68.9365 0
      vertex 2.11309 22.5315 0
    endloop
  endfacet
  facet normal 0 0 -1
    outer loop
      vertex 1.2941 22.8296 0
      vertex 12.1554 68.9365 0
      vertex 1.7101 22.6985 0
    endloop
  endfacet
  facet normal -0 0 -1
    outer loop
      vertex 12.1554 68.9365 0
      vertex 1.2941 22.8296 0
      vertex 6.1009 69.7336 0
    endloop
  endfacet
  facet normal 0 0 -1
    outer loop
      vertex 0.86824 22.924 0
      vertex 6.1009 69.7336 0
      vertex 1.2941 22.8296 0
    endloop
  endfacet
  facet normal 0 0 -1
    outer loop
      vertex 0.435779 22.981 0
      vertex 6.1009 69.7336 0
      vertex 0.86824 22.924 0
    endloop
  endfacet
  facet normal 0 0 -1
    outer loop
      vertex 0 70 0
      vertex 0.435779 22.981 0
      vertex 0 23 0
    endloop
  endfacet
  facet normal 0 0 -1
    outer loop
      vertex 0.435779 22.981 0
      vertex 0 70 0
      vertex 6.1009 69.7336 0
    endloop
  endfacet
  facet normal 0 0 -1
    outer loop
      vertex -0.435779 22.981 0
      vertex 0 70 0
      vertex 0 23 0
    endloop
  endfacet
  facet normal 0 0 -1
    outer loop
      vertex -6.1009 69.7336 0
      vertex -0.435779 22.981 0
      vertex -0.86824 22.924 0
    endloop
  endfacet
  facet normal 0 0 -1
    outer loop
      vertex -6.1009 69.7336 0
      vertex -0.86824 22.924 0
      vertex -1.2941 22.8296 0
    endloop
  endfacet
  facet normal 0 0 -1
    outer loop
      vertex -12.1554 68.9365 0
      vertex -1.2941 22.8296 0
      vertex -1.7101 22.6985 0
    endloop
  endfacet
  facet normal 0 0 -1
    outer loop
      vertex -12.1554 68.9365 0
      vertex -1.7101 22.6985 0
      vertex -2.11309 22.5315 0
    endloop
  endfacet
  facet normal 0 0 -1
    outer loop
      vertex -12.1554 68.9365 0
      vertex -2.11309 22.5315 0
      vertex -2.5 22.3301 0
    endloop
  endfacet
  facet normal 0 0 -1
    outer loop
      vertex -16.6646 19.5893 0
      vertex -4.53154 20.1131 0
      vertex -16.5661 19.4348 0
    endloop
  endfacet
  facet normal 0 0 -1
    outer loop
      vertex -16.5661 19.4348 0
      vertex -4.53154 20.1131 0
      vertex -16.4815 19.2723 0
    endloop
  endfacet
  facet normal -0 0 -1
    outer loop
      vertex -4.69846 19.7101 0
      vertex -16.4815 19.2723 0
      vertex -4.53154 20.1131 0
    endloop
  endfacet
  facet normal 0 0 -1
    outer loop
      vertex -16.4815 19.2723 0
      vertex -4.69846 19.7101 0
      vertex -16.4114 19.103 0
    endloop
  endfacet
  facet normal -0 0 -1
    outer loop
      vertex -4.82963 19.2941 0
      vertex -16.4114 19.103 0
      vertex -4.69846 19.7101 0
    endloop
  endfacet
  facet normal 0 0 -1
    outer loop
      vertex -16.4114 19.103 0
      vertex -4.82963 19.2941 0
      vertex -16.3563 18.9283 0
    endloop
  endfacet
  facet normal 0 0 -1
    outer loop
      vertex -4.92404 18.8682 0
      vertex -16.3563 18.9283 0
      vertex -4.82963 19.2941 0
    endloop
  endfacet
  facet normal 0 0 -1
    outer loop
      vertex -16.3563 18.9283 0
      vertex -4.92404 18.8682 0
      vertex -16.3167 18.7494 0
    endloop
  endfacet
  facet normal 0 0 -1
    outer loop
      vertex -16.3167 18.7494 0
      vertex -4.92404 18.8682 0
      vertex -16.2928 18.5678 0
    endloop
  endfacet
  facet normal 0 0 -1
    outer loop
      vertex -4.98097 18.4358 0
      vertex -16.2928 18.5678 0
      vertex -4.92404 18.8682 0
    endloop
  endfacet
  facet normal 0 0 -1
    outer loop
      vertex -16.2928 18.5678 0
      vertex -4.98097 18.4358 0
      vertex -16.2848 18.3848 0
    endloop
  endfacet
  facet normal 0 0 -1
    outer loop
      vertex -5.84274 9.52952 0
      vertex -4.53154 15.8869 0
      vertex -5.72508 9.6198 0
    endloop
  endfacet
  facet normal 0 0 -1
    outer loop
      vertex -5.95208 9.42932 0
      vertex -4.53154 15.8869 0
      vertex -5.84274 9.52952 0
    endloop
  endfacet
  facet normal -0 0 -1
    outer loop
      vertex -4.53154 15.8869 0
      vertex -5.95208 9.42932 0
      vertex -4.69846 16.2899 0
    endloop
  endfacet
  facet normal 0 0 -1
    outer loop
      vertex -6.05227 9.31998 0
      vertex -4.69846 16.2899 0
      vertex -5.95208 9.42932 0
    endloop
  endfacet
  facet normal 0 0 -1
    outer loop
      vertex -16.2848 18.3848 0
      vertex -4.69846 16.2899 0
      vertex -6.05227 9.31998 0
    endloop
  endfacet
  facet normal 0 0 -1
    outer loop
      vertex -16.2848 18.3848 0
      vertex -6.05227 9.31998 0
      vertex -6.14256 9.20232 0
    endloop
  endfacet
  facet normal 0 0 -1
    outer loop
      vertex -16.2848 18.3848 0
      vertex -6.14256 9.20232 0
      vertex -6.22224 9.07724 0
    endloop
  endfacet
  facet normal 0 0 -1
    outer loop
      vertex -4.69846 16.2899 0
      vertex -16.2848 18.3848 0
      vertex -4.82963 16.7059 0
    endloop
  endfacet
  facet normal 0 0 -1
    outer loop
      vertex -16.2848 18.3848 0
      vertex -6.22224 9.07724 0
      vertex -6.29072 8.94569 0
    endloop
  endfacet
  facet normal 0 0 -1
    outer loop
      vertex -4.82963 16.7059 0
      vertex -16.2848 18.3848 0
      vertex -4.92404 17.1318 0
    endloop
  endfacet
  facet normal 0 0 -1
    outer loop
      vertex -0.435779 22.981 0
      vertex -6.1009 69.7336 0
      vertex 0 70 0
    endloop
  endfacet
  facet normal 0 0 -1
    outer loop
      vertex -16.2848 18.3848 0
      vertex -6.29072 8.94569 0
      vertex -6.34748 8.80867 0
    endloop
  endfacet
  facet normal 0 0 -1
    outer loop
      vertex -4.92404 17.1318 0
      vertex -16.2848 18.3848 0
      vertex -4.98097 17.5642 0
    endloop
  endfacet
  facet normal 0 0 -1
    outer loop
      vertex -16.2848 18.3848 0
      vertex -6.34748 8.80867 0
      vertex -6.39207 8.66723 0
    endloop
  endfacet
  facet normal 0 0 -1
    outer loop
      vertex -4.98097 17.5642 0
      vertex -16.2848 18.3848 0
      vertex -5 18 0
    endloop
  endfacet
  facet normal 0 0 -1
    outer loop
      vertex -16.2848 18.3848 0
      vertex -6.39207 8.66723 0
      vertex -6.42417 8.52244 0
    endloop
  endfacet
  facet normal 0 0 -1
    outer loop
      vertex -6.44353 8.37541 0
      vertex -16.2848 18.3848 0
      vertex -6.42417 8.52244 0
    endloop
  endfacet
  facet normal 0 0 -1
    outer loop
      vertex -6.45 8.22724 0
      vertex -16.2848 18.3848 0
      vertex -6.44353 8.37541 0
    endloop
  endfacet
  facet normal 0 0 -1
    outer loop
      vertex -6.44353 8.07908 0
      vertex -16.2848 18.3848 0
      vertex -6.45 8.22724 0
    endloop
  endfacet
  facet normal 0 0 -1
    outer loop
      vertex -16.6646 -17.1803 0
      vertex -6.05227 -9.31998 0
      vertex -16.5661 -17.3348 0
    endloop
  endfacet
  facet normal 0 0 -1
    outer loop
      vertex -5 18 0
      vertex -16.2848 18.3848 0
      vertex -4.98097 18.4358 0
    endloop
  endfacet
  facet normal 0 0 -1
    outer loop
      vertex -1.2941 22.8296 0
      vertex -12.1554 68.9365 0
      vertex -6.1009 69.7336 0
    endloop
  endfacet
  facet normal 0 0 -1
    outer loop
      vertex -6.42417 7.93204 0
      vertex -16.2848 18.3848 0
      vertex -6.44353 8.07908 0
    endloop
  endfacet
  facet normal -0 0 -1
    outer loop
      vertex -6.05227 -9.31998 0
      vertex -16.6646 -17.1803 0
      vertex -6.14256 -9.20232 0
    endloop
  endfacet
  facet normal 0 0 -1
    outer loop
      vertex -12.1554 -68.9365 0
      vertex -16.3563 -18.9283 0
      vertex -16.3167 -18.7494 0
    endloop
  endfacet
  facet normal 0 0 -1
    outer loop
      vertex -12.1554 -68.9365 0
      vertex -16.4114 -19.103 0
      vertex -16.3563 -18.9283 0
    endloop
  endfacet
  facet normal 0 0 -1
    outer loop
      vertex -12.1554 -68.9365 0
      vertex -16.4815 -19.2723 0
      vertex -16.4114 -19.103 0
    endloop
  endfacet
  facet normal 0 0 -1
    outer loop
      vertex -12.1554 -68.9365 0
      vertex -16.5661 -19.4348 0
      vertex -16.4815 -19.2723 0
    endloop
  endfacet
  facet normal 0 0 -1
    outer loop
      vertex -12.1554 -68.9365 0
      vertex -16.6646 -19.5893 0
      vertex -16.5661 -19.4348 0
    endloop
  endfacet
  facet normal 0 0 -1
    outer loop
      vertex -12.1554 -68.9365 0
      vertex -16.7761 -19.7346 0
      vertex -16.6646 -19.5893 0
    endloop
  endfacet
  facet normal 0 0 -1
    outer loop
      vertex -12.1554 -68.9365 0
      vertex -16.8999 -19.8697 0
      vertex -16.7761 -19.7346 0
    endloop
  endfacet
  facet normal 0 0 -1
    outer loop
      vertex -18.1173 -67.6148 0
      vertex -16.8999 -19.8697 0
      vertex -12.1554 -68.9365 0
    endloop
  endfacet
  facet normal 0 0 -1
    outer loop
      vertex -33.8704 -36.8403 0
      vertex -18.1173 -67.6148 0
      vertex -23.9414 -65.7785 0
    endloop
  endfacet
  facet normal 0 0 -1
    outer loop
      vertex -33.8704 -36.8403 0
      vertex -23.9414 -65.7785 0
      vertex -29.5833 -63.4415 0
    endloop
  endfacet
  facet normal 0 0 -1
    outer loop
      vertex -18.1173 -67.6148 0
      vertex -33.8704 -36.8403 0
      vertex -16.8999 -19.8697 0
    endloop
  endfacet
  facet normal 0 0 -1
    outer loop
      vertex -29.5833 -63.4415 0
      vertex -34.0055 -36.964 0
      vertex -33.8704 -36.8403 0
    endloop
  endfacet
  facet normal 0 0 -1
    outer loop
      vertex -29.5833 -63.4415 0
      vertex -34.1508 -37.0756 0
      vertex -34.0055 -36.964 0
    endloop
  endfacet
  facet normal 0 0 -1
    outer loop
      vertex -35 -60.6218 0
      vertex -34.1508 -37.0756 0
      vertex -29.5833 -63.4415 0
    endloop
  endfacet
  facet normal 0 0 -1
    outer loop
      vertex -34.1508 -37.0756 0
      vertex -35 -60.6218 0
      vertex -34.3053 -37.174 0
    endloop
  endfacet
  facet normal 0 0 -1
    outer loop
      vertex -34.3053 -37.174 0
      vertex -35 -60.6218 0
      vertex -34.4678 -37.2586 0
    endloop
  endfacet
  facet normal 0 0 -1
    outer loop
      vertex -34.4678 -37.2586 0
      vertex -35 -60.6218 0
      vertex -34.6371 -37.3287 0
    endloop
  endfacet
  facet normal 0 0 -1
    outer loop
      vertex -34.6371 -37.3287 0
      vertex -35 -60.6218 0
      vertex -34.8118 -37.3838 0
    endloop
  endfacet
  facet normal 0 0 -1
    outer loop
      vertex -40.1503 -57.3406 0
      vertex -34.8118 -37.3838 0
      vertex -35 -60.6218 0
    endloop
  endfacet
  facet normal 0 0 -1
    outer loop
      vertex -34.8118 -37.3838 0
      vertex -40.1503 -57.3406 0
      vertex -34.9907 -37.4234 0
    endloop
  endfacet
  facet normal 0 0 -1
    outer loop
      vertex -34.9907 -37.4234 0
      vertex -40.1503 -57.3406 0
      vertex -35.1723 -37.4473 0
    endloop
  endfacet
  facet normal 0 0 -1
    outer loop
      vertex -35.1723 -37.4473 0
      vertex -40.1503 -57.3406 0
      vertex -35.3553 -37.4553 0
    endloop
  endfacet
  facet normal -0 0 -1
    outer loop
      vertex -35.3553 -37.4553 0
      vertex -40.1503 -57.3406 0
      vertex -35.5384 -37.4473 0
    endloop
  endfacet
  facet normal 0 0 -1
    outer loop
      vertex -44.9951 -53.6231 0
      vertex -35.5384 -37.4473 0
      vertex -40.1503 -57.3406 0
    endloop
  endfacet
  facet normal -0 0 -1
    outer loop
      vertex -35.5384 -37.4473 0
      vertex -44.9951 -53.6231 0
      vertex -35.72 -37.4234 0
    endloop
  endfacet
  facet normal -0 0 -1
    outer loop
      vertex -35.72 -37.4234 0
      vertex -44.9951 -53.6231 0
      vertex -35.8989 -37.3838 0
    endloop
  endfacet
  facet normal -0 0 -1
    outer loop
      vertex -35.8989 -37.3838 0
      vertex -44.9951 -53.6231 0
      vertex -36.0736 -37.3287 0
    endloop
  endfacet
  facet normal -0 0 -1
    outer loop
      vertex -36.0736 -37.3287 0
      vertex -44.9951 -53.6231 0
      vertex -36.2428 -37.2586 0
    endloop
  endfacet
  facet normal -0 0 -1
    outer loop
      vertex -36.2428 -37.2586 0
      vertex -44.9951 -53.6231 0
      vertex -36.4053 -37.174 0
    endloop
  endfacet
  facet normal 0 0 -1
    outer loop
      vertex -49.4975 -49.4975 0
      vertex -36.4053 -37.174 0
      vertex -44.9951 -53.6231 0
    endloop
  endfacet
  facet normal -0 0 -1
    outer loop
      vertex -36.4053 -37.174 0
      vertex -49.4975 -49.4975 0
      vertex -36.5598 -37.0756 0
    endloop
  endfacet
  facet normal -0 0 -1
    outer loop
      vertex -36.5598 -37.0756 0
      vertex -49.4975 -49.4975 0
      vertex -36.7052 -36.964 0
    endloop
  endfacet
  facet normal -0 0 -1
    outer loop
      vertex -36.7052 -36.964 0
      vertex -49.4975 -49.4975 0
      vertex -36.8403 -36.8403 0
    endloop
  endfacet
  facet normal -0 0 -1
    outer loop
      vertex -36.8403 -36.8403 0
      vertex -49.4975 -49.4975 0
      vertex -36.964 -36.7052 0
    endloop
  endfacet
  facet normal -0 0 -1
    outer loop
      vertex -36.964 -36.7052 0
      vertex -49.4975 -49.4975 0
      vertex -37.0756 -36.5598 0
    endloop
  endfacet
  facet normal -0 0 -1
    outer loop
      vertex -37.0756 -36.5598 0
      vertex -49.4975 -49.4975 0
      vertex -37.174 -36.4053 0
    endloop
  endfacet
  facet normal 0 0 -1
    outer loop
      vertex -53.6231 -44.9951 0
      vertex -37.174 -36.4053 0
      vertex -49.4975 -49.4975 0
    endloop
  endfacet
  facet normal -0 0 -1
    outer loop
      vertex -37.174 -36.4053 0
      vertex -53.6231 -44.9951 0
      vertex -37.2586 -36.2428 0
    endloop
  endfacet
  facet normal -0 0 -1
    outer loop
      vertex -37.3838 -35.8989 0
      vertex -53.6231 -44.9951 0
      vertex -37.4234 -35.72 0
    endloop
  endfacet
  facet normal -0 0 -1
    outer loop
      vertex -37.3287 -36.0736 0
      vertex -53.6231 -44.9951 0
      vertex -37.3838 -35.8989 0
    endloop
  endfacet
  facet normal -0 0 -1
    outer loop
      vertex -37.2586 -36.2428 0
      vertex -53.6231 -44.9951 0
      vertex -37.3287 -36.0736 0
    endloop
  endfacet
  facet normal 0 0 -1
    outer loop
      vertex 7.8 0 0
      vertex 4.09576 15.1321 0
      vertex 4.33013 15.5 0
    endloop
  endfacet
  facet normal 0 0 -1
    outer loop
      vertex 2.59808 1.5 0
      vertex 7.8 0 0
      vertex 2.71892 1.26785 0
    endloop
  endfacet
  facet normal 0 0 -1
    outer loop
      vertex 7.8 0 0
      vertex 3.83022 14.7861 0
      vertex 4.09576 15.1321 0
    endloop
  endfacet
  facet normal 0 0 -1
    outer loop
      vertex 2.45746 1.72073 0
      vertex 7.8 0 0
      vertex 2.59808 1.5 0
    endloop
  endfacet
  facet normal 0 0 -1
    outer loop
      vertex 7.8 0 0
      vertex 3.53553 14.4645 0
      vertex 3.83022 14.7861 0
    endloop
  endfacet
  facet normal 0 0 -1
    outer loop
      vertex 2.29813 1.92836 0
      vertex 7.8 0 0
      vertex 2.45746 1.72073 0
    endloop
  endfacet
  facet normal 0 0 -1
    outer loop
      vertex 2.12132 2.12132 0
      vertex 7.8 0 0
      vertex 2.29813 1.92836 0
    endloop
  endfacet
  facet normal 0 0 -1
    outer loop
      vertex 7.8 0 0
      vertex 3.21394 14.1698 0
      vertex 3.53553 14.4645 0
    endloop
  endfacet
  facet normal 0 -0 -1
    outer loop
      vertex 2.86788 13.9042 0
      vertex 7.8 0 0
      vertex 2.12132 2.12132 0
    endloop
  endfacet
  facet normal 0 0 -1
    outer loop
      vertex 7.8 0 0
      vertex 2.86788 13.9042 0
      vertex 3.21394 14.1698 0
    endloop
  endfacet
  facet normal 0 0 -1
    outer loop
      vertex 1.92836 2.29813 0
      vertex 2.86788 13.9042 0
      vertex 2.12132 2.12132 0
    endloop
  endfacet
  facet normal 0 0 -1
    outer loop
      vertex 2.86788 13.9042 0
      vertex 1.92836 2.29813 0
      vertex 2.5 13.6699 0
    endloop
  endfacet
  facet normal 0 0 -1
    outer loop
      vertex 1.72073 2.45746 0
      vertex 2.5 13.6699 0
      vertex 1.92836 2.29813 0
    endloop
  endfacet
  facet normal 0 0 -1
    outer loop
      vertex 2.5 13.6699 0
      vertex 1.72073 2.45746 0
      vertex 2.11309 13.4685 0
    endloop
  endfacet
  facet normal 0 0 -1
    outer loop
      vertex 1.5 2.59808 0
      vertex 2.11309 13.4685 0
      vertex 1.72073 2.45746 0
    endloop
  endfacet
  facet normal 0 0 -1
    outer loop
      vertex 2.11309 13.4685 0
      vertex 1.5 2.59808 0
      vertex 1.7101 13.3015 0
    endloop
  endfacet
  facet normal 0 0 -1
    outer loop
      vertex 1.26785 2.71892 0
      vertex 1.7101 13.3015 0
      vertex 1.5 2.59808 0
    endloop
  endfacet
  facet normal 0 0 -1
    outer loop
      vertex 1.02606 2.81908 0
      vertex 1.7101 13.3015 0
      vertex 1.26785 2.71892 0
    endloop
  endfacet
  facet normal 0 0 -1
    outer loop
      vertex 1.7101 13.3015 0
      vertex 1.02606 2.81908 0
      vertex 1.2941 13.1704 0
    endloop
  endfacet
  facet normal 0 0 -1
    outer loop
      vertex 0.776457 2.89778 0
      vertex 1.2941 13.1704 0
      vertex 1.02606 2.81908 0
    endloop
  endfacet
  facet normal 0 0 -1
    outer loop
      vertex 1.2941 13.1704 0
      vertex 0.776457 2.89778 0
      vertex 0.86824 13.076 0
    endloop
  endfacet
  facet normal 0 0 -1
    outer loop
      vertex -3.05 8.22724 0
      vertex 0.776457 2.89778 0
      vertex 0.520944 2.95442 0
    endloop
  endfacet
  facet normal 0 0 -1
    outer loop
      vertex 0.776457 2.89778 0
      vertex -3.05 8.22724 0
      vertex 0.86824 13.076 0
    endloop
  endfacet
  facet normal 0 0 -1
    outer loop
      vertex -3.05 8.22724 0
      vertex 0.520944 2.95442 0
      vertex 0.261467 2.98858 0
    endloop
  endfacet
  facet normal 0 0 -1
    outer loop
      vertex -3.05 8.22724 0
      vertex 0.261467 2.98858 0
      vertex 0 3 0
    endloop
  endfacet
  facet normal 0 0 -1
    outer loop
      vertex -3.05647 8.37541 0
      vertex 0.86824 13.076 0
      vertex -3.05 8.22724 0
    endloop
  endfacet
  facet normal 0 0 -1
    outer loop
      vertex -3.05 8.22724 0
      vertex 0 3 0
      vertex -0.261467 2.98858 0
    endloop
  endfacet
  facet normal 0 0 -1
    outer loop
      vertex 0.86824 13.076 0
      vertex -3.05647 8.37541 0
      vertex 0.435779 13.019 0
    endloop
  endfacet
  facet normal 0 0 -1
    outer loop
      vertex -3.05 8.22724 0
      vertex -0.261467 2.98858 0
      vertex -0.520944 2.95442 0
    endloop
  endfacet
  facet normal 0 0 -1
    outer loop
      vertex -3.05 8.22724 0
      vertex -0.520944 2.95442 0
      vertex -0.776457 2.89778 0
    endloop
  endfacet
  facet normal 0 0 -1
    outer loop
      vertex -3.07583 8.52244 0
      vertex 0.435779 13.019 0
      vertex -3.05647 8.37541 0
    endloop
  endfacet
  facet normal 0 0 -1
    outer loop
      vertex -3.05 8.22724 0
      vertex -0.776457 2.89778 0
      vertex -1.02606 2.81908 0
    endloop
  endfacet
  facet normal 0 0 -1
    outer loop
      vertex -3.05 8.22724 0
      vertex -1.02606 2.81908 0
      vertex -1.26785 2.71892 0
    endloop
  endfacet
  facet normal 0 0 -1
    outer loop
      vertex -3.10793 8.66723 0
      vertex 0.435779 13.019 0
      vertex -3.07583 8.52244 0
    endloop
  endfacet
  facet normal 0 0 -1
    outer loop
      vertex -3.05 8.22724 0
      vertex -1.26785 2.71892 0
      vertex -1.5 2.59808 0
    endloop
  endfacet
  facet normal 0 0 -1
    outer loop
      vertex 0.435779 13.019 0
      vertex -3.10793 8.66723 0
      vertex 0 13 0
    endloop
  endfacet
  facet normal 0 0 -1
    outer loop
      vertex -3.05 8.22724 0
      vertex -1.5 2.59808 0
      vertex -1.72073 2.45746 0
    endloop
  endfacet
  facet normal 0 0 -1
    outer loop
      vertex -3.05 8.22724 0
      vertex -1.72073 2.45746 0
      vertex -1.92836 2.29813 0
    endloop
  endfacet
  facet normal 0 0 -1
    outer loop
      vertex -3.15252 8.80868 0
      vertex 0 13 0
      vertex -3.10793 8.66723 0
    endloop
  endfacet
  facet normal 0 0 -1
    outer loop
      vertex -3.05 8.22724 0
      vertex -1.92836 2.29813 0
      vertex -2.12132 2.12132 0
    endloop
  endfacet
  facet normal 0 0 -1
    outer loop
      vertex -3.05 8.22724 0
      vertex -2.12132 2.12132 0
      vertex -2.29813 1.92836 0
    endloop
  endfacet
  facet normal 0 0 -1
    outer loop
      vertex -3.05 8.22724 0
      vertex -2.29813 1.92836 0
      vertex -2.45746 1.72073 0
    endloop
  endfacet
  facet normal -0 0 -1
    outer loop
      vertex 0 13 0
      vertex -3.15252 8.80868 0
      vertex -0.435779 13.019 0
    endloop
  endfacet
  facet normal 0 0 -1
    outer loop
      vertex -3.05 8.22724 0
      vertex -2.45746 1.72073 0
      vertex -2.59808 1.5 0
    endloop
  endfacet
  facet normal 0 0 -1
    outer loop
      vertex -3.05 8.22724 0
      vertex -2.59808 1.5 0
      vertex -2.71892 1.26785 0
    endloop
  endfacet
  facet normal 0 0 -1
    outer loop
      vertex -3.05 8.22724 0
      vertex -2.71892 1.26785 0
      vertex -2.81908 1.02606 0
    endloop
  endfacet
  facet normal 0 0 -1
    outer loop
      vertex -3.20928 8.94569 0
      vertex -0.435779 13.019 0
      vertex -3.15252 8.80868 0
    endloop
  endfacet
  facet normal 0 0 -1
    outer loop
      vertex -3.05 8.22724 0
      vertex -2.81908 1.02606 0
      vertex -2.89778 0.776457 0
    endloop
  endfacet
  facet normal 0 0 -1
    outer loop
      vertex -3.05 8.22724 0
      vertex -2.89778 0.776457 0
      vertex -2.95442 0.520944 0
    endloop
  endfacet
  facet normal 0 0 -1
    outer loop
      vertex -3.05 8.22724 0
      vertex -2.95442 0.520944 0
      vertex -2.98858 0.261467 0
    endloop
  endfacet
  facet normal 0 0 -1
    outer loop
      vertex -3.05 8.22724 0
      vertex -2.98858 0.261467 0
      vertex -3 0 0
    endloop
  endfacet
  facet normal 0 0 -1
    outer loop
      vertex -4.03155 -6.68652 0
      vertex -1.5 -2.59808 0
      vertex -3.9 -6.755 0
    endloop
  endfacet
  facet normal 0 0 -1
    outer loop
      vertex -3.27776 9.07724 0
      vertex -0.435779 13.019 0
      vertex -3.20928 8.94569 0
    endloop
  endfacet
  facet normal -0 0 -1
    outer loop
      vertex -0.435779 13.019 0
      vertex -3.27776 9.07724 0
      vertex -0.86824 13.076 0
    endloop
  endfacet
  facet normal 0 0 -1
    outer loop
      vertex -3.35744 9.20232 0
      vertex -0.86824 13.076 0
      vertex -3.27776 9.07724 0
    endloop
  endfacet
  facet normal 0 0 -1
    outer loop
      vertex -3.44772 9.31998 0
      vertex -0.86824 13.076 0
      vertex -3.35744 9.20232 0
    endloop
  endfacet
  facet normal -0 0 -1
    outer loop
      vertex -0.86824 13.076 0
      vertex -3.44772 9.31998 0
      vertex -1.2941 13.1704 0
    endloop
  endfacet
  facet normal 0 0 -1
    outer loop
      vertex -3.54792 9.42932 0
      vertex -1.2941 13.1704 0
      vertex -3.44772 9.31998 0
    endloop
  endfacet
  facet normal 0 0 -1
    outer loop
      vertex -3.65726 9.52952 0
      vertex -1.2941 13.1704 0
      vertex -3.54792 9.42932 0
    endloop
  endfacet
  facet normal -0 0 -1
    outer loop
      vertex -1.2941 13.1704 0
      vertex -3.65726 9.52952 0
      vertex -1.7101 13.3015 0
    endloop
  endfacet
  facet normal 0 0 -1
    outer loop
      vertex -3.77492 9.6198 0
      vertex -1.7101 13.3015 0
      vertex -3.65726 9.52952 0
    endloop
  endfacet
  facet normal -0 0 -1
    outer loop
      vertex -1.7101 13.3015 0
      vertex -3.77492 9.6198 0
      vertex -2.11309 13.4685 0
    endloop
  endfacet
  facet normal 0 0 -1
    outer loop
      vertex -3.9 9.69948 0
      vertex -2.11309 13.4685 0
      vertex -3.77492 9.6198 0
    endloop
  endfacet
  facet normal 0 0 -1
    outer loop
      vertex -4.03155 9.76796 0
      vertex -2.11309 13.4685 0
      vertex -3.9 9.69948 0
    endloop
  endfacet
  facet normal -0 0 -1
    outer loop
      vertex -2.11309 13.4685 0
      vertex -4.03155 9.76796 0
      vertex -2.5 13.6699 0
    endloop
  endfacet
  facet normal 0 0 -1
    outer loop
      vertex -4.16857 9.82472 0
      vertex -2.5 13.6699 0
      vertex -4.03155 9.76796 0
    endloop
  endfacet
  facet normal 0 0 -1
    outer loop
      vertex -4.31001 9.86931 0
      vertex -2.5 13.6699 0
      vertex -4.16857 9.82472 0
    endloop
  endfacet
  facet normal -0 0 -1
    outer loop
      vertex -2.5 13.6699 0
      vertex -4.31001 9.86931 0
      vertex -2.86788 13.9042 0
    endloop
  endfacet
  facet normal 0 0 -1
    outer loop
      vertex -4.4548 9.90141 0
      vertex -2.86788 13.9042 0
      vertex -4.31001 9.86931 0
    endloop
  endfacet
  facet normal 0 0 -1
    outer loop
      vertex -4.60184 9.92077 0
      vertex -2.86788 13.9042 0
      vertex -4.4548 9.90141 0
    endloop
  endfacet
  facet normal -0 0 -1
    outer loop
      vertex -2.86788 13.9042 0
      vertex -4.60184 9.92077 0
      vertex -3.21394 14.1698 0
    endloop
  endfacet
  facet normal 0 0 -1
    outer loop
      vertex -4.75 9.92724 0
      vertex -3.21394 14.1698 0
      vertex -4.60184 9.92077 0
    endloop
  endfacet
  facet normal 0 0 -1
    outer loop
      vertex -4.89817 9.92077 0
      vertex -3.21394 14.1698 0
      vertex -4.75 9.92724 0
    endloop
  endfacet
  facet normal -0 0 -1
    outer loop
      vertex -3.21394 14.1698 0
      vertex -4.89817 9.92077 0
      vertex -3.53553 14.4645 0
    endloop
  endfacet
  facet normal 0 0 -1
    outer loop
      vertex -5.0452 9.90141 0
      vertex -3.53553 14.4645 0
      vertex -4.89817 9.92077 0
    endloop
  endfacet
  facet normal 0 0 -1
    outer loop
      vertex -5.18999 9.86932 0
      vertex -3.53553 14.4645 0
      vertex -5.0452 9.90141 0
    endloop
  endfacet
  facet normal -0 0 -1
    outer loop
      vertex -3.53553 14.4645 0
      vertex -5.18999 9.86932 0
      vertex -3.83022 14.7861 0
    endloop
  endfacet
  facet normal 0 0 -1
    outer loop
      vertex -5.33143 9.82472 0
      vertex -3.83022 14.7861 0
      vertex -5.18999 9.86932 0
    endloop
  endfacet
  facet normal -0 0 -1
    outer loop
      vertex -3.83022 14.7861 0
      vertex -5.33143 9.82472 0
      vertex -4.09576 15.1321 0
    endloop
  endfacet
  facet normal 0 0 -1
    outer loop
      vertex -5.46845 9.76796 0
      vertex -4.09576 15.1321 0
      vertex -5.33143 9.82472 0
    endloop
  endfacet
  facet normal 0 0 -1
    outer loop
      vertex -5.6 9.69948 0
      vertex -4.09576 15.1321 0
      vertex -5.46845 9.76796 0
    endloop
  endfacet
  facet normal -0 0 -1
    outer loop
      vertex -4.09576 15.1321 0
      vertex -5.6 9.69948 0
      vertex -4.33013 15.5 0
    endloop
  endfacet
  facet normal 0 0 -1
    outer loop
      vertex -5.72508 9.6198 0
      vertex -4.33013 15.5 0
      vertex -5.6 9.69948 0
    endloop
  endfacet
  facet normal -0 0 -1
    outer loop
      vertex -4.33013 15.5 0
      vertex -5.72508 9.6198 0
      vertex -4.53154 15.8869 0
    endloop
  endfacet
  facet normal 0 0 -1
    outer loop
      vertex 9.93999 1.64207 0
      vertex 17.1803 16.6646 0
      vertex 10.0814 1.59748 0
    endloop
  endfacet
  facet normal -0 0 -1
    outer loop
      vertex 17.1803 16.6646 0
      vertex 9.93999 1.64207 0
      vertex 17.0349 16.7761 0
    endloop
  endfacet
  facet normal 0 0 -1
    outer loop
      vertex 9.7952 1.67417 0
      vertex 17.0349 16.7761 0
      vertex 9.93999 1.64207 0
    endloop
  endfacet
  facet normal -0 0 -1
    outer loop
      vertex 17.0349 16.7761 0
      vertex 9.7952 1.67417 0
      vertex 16.8999 16.8999 0
    endloop
  endfacet
  facet normal 0 0 -1
    outer loop
      vertex 9.64816 1.69353 0
      vertex 16.8999 16.8999 0
      vertex 9.7952 1.67417 0
    endloop
  endfacet
  facet normal 0 0 -1
    outer loop
      vertex 5 18 0
      vertex 16.8999 16.8999 0
      vertex 9.64816 1.69353 0
    endloop
  endfacet
  facet normal 0 0 -1
    outer loop
      vertex 5 18 0
      vertex 9.64816 1.69353 0
      vertex 9.5 1.7 0
    endloop
  endfacet
  facet normal 0 0 -1
    outer loop
      vertex 16.8999 16.8999 0
      vertex 5 18 0
      vertex 16.7761 17.0349 0
    endloop
  endfacet
  facet normal 0 0 -1
    outer loop
      vertex 5 18 0
      vertex 9.5 1.7 0
      vertex 9.35184 1.69353 0
    endloop
  endfacet
  facet normal 0 0 -1
    outer loop
      vertex 16.7761 17.0349 0
      vertex 5 18 0
      vertex 16.6646 17.1803 0
    endloop
  endfacet
  facet normal 0 0 -1
    outer loop
      vertex 5 18 0
      vertex 9.35184 1.69353 0
      vertex 9.2048 1.67417 0
    endloop
  endfacet
  facet normal 0 0 -1
    outer loop
      vertex 16.6646 17.1803 0
      vertex 5 18 0
      vertex 16.5661 17.3348 0
    endloop
  endfacet
  facet normal 0 0 -1
    outer loop
      vertex 5 18 0
      vertex 9.2048 1.67417 0
      vertex 9.06001 1.64207 0
    endloop
  endfacet
  facet normal 0 0 -1
    outer loop
      vertex 16.5661 17.3348 0
      vertex 5 18 0
      vertex 16.4815 17.4973 0
    endloop
  endfacet
  facet normal 0 0 -1
    outer loop
      vertex 5 18 0
      vertex 9.06001 1.64207 0
      vertex 8.91857 1.59748 0
    endloop
  endfacet
  facet normal 0 0 -1
    outer loop
      vertex 16.4815 17.4973 0
      vertex 5 18 0
      vertex 16.4114 17.6665 0
    endloop
  endfacet
  facet normal 0 0 -1
    outer loop
      vertex 5 18 0
      vertex 8.91857 1.59748 0
      vertex 8.78155 1.54072 0
    endloop
  endfacet
  facet normal 0 0 -1
    outer loop
      vertex 16.4114 17.6665 0
      vertex 5 18 0
      vertex 16.3563 17.8413 0
    endloop
  endfacet
  facet normal 0 0 -1
    outer loop
      vertex 5 18 0
      vertex 8.78155 1.54072 0
      vertex 8.65 1.47224 0
    endloop
  endfacet
  facet normal 0 0 -1
    outer loop
      vertex 16.3563 17.8413 0
      vertex 5 18 0
      vertex 16.3167 18.0201 0
    endloop
  endfacet
  facet normal 0 0 -1
    outer loop
      vertex 5 18 0
      vertex 8.65 1.47224 0
      vertex 8.52492 1.39256 0
    endloop
  endfacet
  facet normal -0 0 -1
    outer loop
      vertex 16.3167 18.0201 0
      vertex 5 18 0
      vertex 16.2928 18.2017 0
    endloop
  endfacet
  facet normal 0 0 -1
    outer loop
      vertex 5 18 0
      vertex 8.52492 1.39256 0
      vertex 8.40726 1.30227 0
    endloop
  endfacet
  facet normal -0 0 -1
    outer loop
      vertex 16.2928 18.2017 0
      vertex 5 18 0
      vertex 16.2848 18.3848 0
    endloop
  endfacet
  facet normal 0 0 -1
    outer loop
      vertex 5 18 0
      vertex 8.40726 1.30227 0
      vertex 8.29792 1.20208 0
    endloop
  endfacet
  facet normal 0 0 -1
    outer loop
      vertex 5 18 0
      vertex 8.29792 1.20208 0
      vertex 8.19773 1.09274 0
    endloop
  endfacet
  facet normal 0 0 -1
    outer loop
      vertex 4.98097 18.4358 0
      vertex 16.2848 18.3848 0
      vertex 5 18 0
    endloop
  endfacet
  facet normal 0 0 -1
    outer loop
      vertex 5 18 0
      vertex 8.19773 1.09274 0
      vertex 8.10744 0.97508 0
    endloop
  endfacet
  facet normal 0 0 -1
    outer loop
      vertex 16.2848 18.3848 0
      vertex 4.98097 18.4358 0
      vertex 16.2928 18.5678 0
    endloop
  endfacet
  facet normal 0 0 -1
    outer loop
      vertex 5 18 0
      vertex 8.10744 0.97508 0
      vertex 8.02776 0.849999 0
    endloop
  endfacet
  facet normal 0 0 -1
    outer loop
      vertex 5 18 0
      vertex 8.02776 0.849999 0
      vertex 7.95928 0.718451 0
    endloop
  endfacet
  facet normal 0 0 -1
    outer loop
      vertex 5 18 0
      vertex 7.95928 0.718451 0
      vertex 7.90252 0.581433 0
    endloop
  endfacet
  facet normal 0 0 -1
    outer loop
      vertex 5 18 0
      vertex 7.90252 0.581433 0
      vertex 7.85793 0.439992 0
    endloop
  endfacet
  facet normal 0 0 -1
    outer loop
      vertex 5 18 0
      vertex 7.85793 0.439992 0
      vertex 7.82583 0.295201 0
    endloop
  endfacet
  facet normal 0 0 -1
    outer loop
      vertex 5 18 0
      vertex 7.82583 0.295201 0
      vertex 7.80647 0.148165 0
    endloop
  endfacet
  facet normal 0 0 -1
    outer loop
      vertex 16.4815 19.2723 0
      vertex 4.69846 19.7101 0
      vertex 16.5661 19.4348 0
    endloop
  endfacet
  facet normal -0 0 -1
    outer loop
      vertex 8.78155 -1.54072 0
      vertex 1.92836 -2.29813 0
      vertex 8.65 -1.47224 0
    endloop
  endfacet
  facet normal -0 0 -1
    outer loop
      vertex 8.91857 -1.59748 0
      vertex 2.5 -13.6699 0
      vertex 8.78155 -1.54072 0
    endloop
  endfacet
  facet normal 0 0 -1
    outer loop
      vertex 7.8 0 0
      vertex 5 18 0
      vertex 7.80647 0.148165 0
    endloop
  endfacet
  facet normal 0 0 -1
    outer loop
      vertex 1.92836 -2.29813 0
      vertex 8.78155 -1.54072 0
      vertex 2.5 -13.6699 0
    endloop
  endfacet
  facet normal 0 0 -1
    outer loop
      vertex 6.1009 -69.7336 0
      vertex 4.92404 -18.8682 0
      vertex 4.98097 -18.4358 0
    endloop
  endfacet
  facet normal 0 0 -1
    outer loop
      vertex 6.1009 -69.7336 0
      vertex 4.82963 -19.2941 0
      vertex 4.92404 -18.8682 0
    endloop
  endfacet
  facet normal 0 0 -1
    outer loop
      vertex 6.1009 -69.7336 0
      vertex 4.69846 -19.7101 0
      vertex 4.82963 -19.2941 0
    endloop
  endfacet
  facet normal 0 0 -1
    outer loop
      vertex 6.1009 -69.7336 0
      vertex 4.53154 -20.1131 0
      vertex 4.69846 -19.7101 0
    endloop
  endfacet
  facet normal 0 0 -1
    outer loop
      vertex 6.1009 -69.7336 0
      vertex 4.33013 -20.5 0
      vertex 4.53154 -20.1131 0
    endloop
  endfacet
  facet normal 0 0 -1
    outer loop
      vertex 6.1009 -69.7336 0
      vertex 4.09576 -20.8679 0
      vertex 4.33013 -20.5 0
    endloop
  endfacet
  facet normal 0 0 -1
    outer loop
      vertex 6.1009 -69.7336 0
      vertex 3.83022 -21.2139 0
      vertex 4.09576 -20.8679 0
    endloop
  endfacet
  facet normal 0 0 -1
    outer loop
      vertex 6.1009 -69.7336 0
      vertex 3.53553 -21.5355 0
      vertex 3.83022 -21.2139 0
    endloop
  endfacet
  facet normal 0 0 -1
    outer loop
      vertex 6.1009 -69.7336 0
      vertex 3.21394 -21.8302 0
      vertex 3.53553 -21.5355 0
    endloop
  endfacet
  facet normal 0 0 -1
    outer loop
      vertex 6.1009 -69.7336 0
      vertex 2.86788 -22.0958 0
      vertex 3.21394 -21.8302 0
    endloop
  endfacet
  facet normal 0 0 -1
    outer loop
      vertex 6.1009 -69.7336 0
      vertex 2.5 -22.3301 0
      vertex 2.86788 -22.0958 0
    endloop
  endfacet
  facet normal 0 0 -1
    outer loop
      vertex 6.1009 -69.7336 0
      vertex 2.11309 -22.5315 0
      vertex 2.5 -22.3301 0
    endloop
  endfacet
  facet normal 0 0 -1
    outer loop
      vertex 6.1009 -69.7336 0
      vertex 1.7101 -22.6985 0
      vertex 2.11309 -22.5315 0
    endloop
  endfacet
  facet normal 0 0 -1
    outer loop
      vertex 6.1009 -69.7336 0
      vertex 1.2941 -22.8296 0
      vertex 1.7101 -22.6985 0
    endloop
  endfacet
  facet normal 0 0 -1
    outer loop
      vertex 6.1009 -69.7336 0
      vertex 0.86824 -22.924 0
      vertex 1.2941 -22.8296 0
    endloop
  endfacet
  facet normal 0 0 -1
    outer loop
      vertex 6.1009 -69.7336 0
      vertex 0.435779 -22.981 0
      vertex 0.86824 -22.924 0
    endloop
  endfacet
  facet normal 0 0 -1
    outer loop
      vertex 0 -70 0
      vertex 0.435779 -22.981 0
      vertex 6.1009 -69.7336 0
    endloop
  endfacet
  facet normal 0 0 -1
    outer loop
      vertex 0 -70 0
      vertex 0 -23 0
      vertex 0.435779 -22.981 0
    endloop
  endfacet
  facet normal 0 0 -1
    outer loop
      vertex 0 -70 0
      vertex -0.435779 -22.981 0
      vertex 0 -23 0
    endloop
  endfacet
  facet normal 0 0 -1
    outer loop
      vertex -6.1009 -69.7336 0
      vertex -0.435779 -22.981 0
      vertex 0 -70 0
    endloop
  endfacet
  facet normal -0 0 -1
    outer loop
      vertex -0.435779 -22.981 0
      vertex -6.1009 -69.7336 0
      vertex -0.86824 -22.924 0
    endloop
  endfacet
  facet normal -0 0 -1
    outer loop
      vertex -0.86824 -22.924 0
      vertex -6.1009 -69.7336 0
      vertex -1.2941 -22.8296 0
    endloop
  endfacet
  facet normal 0 0 -1
    outer loop
      vertex -12.1554 -68.9365 0
      vertex -1.2941 -22.8296 0
      vertex -6.1009 -69.7336 0
    endloop
  endfacet
  facet normal -0 0 -1
    outer loop
      vertex -1.2941 -22.8296 0
      vertex -12.1554 -68.9365 0
      vertex -1.7101 -22.6985 0
    endloop
  endfacet
  facet normal -0 0 -1
    outer loop
      vertex -1.7101 -22.6985 0
      vertex -12.1554 -68.9365 0
      vertex -2.11309 -22.5315 0
    endloop
  endfacet
  facet normal -0 0 -1
    outer loop
      vertex -2.11309 -22.5315 0
      vertex -12.1554 -68.9365 0
      vertex -2.5 -22.3301 0
    endloop
  endfacet
  facet normal 0 0 -1
    outer loop
      vertex -16.3167 -18.7494 0
      vertex -2.5 -22.3301 0
      vertex -12.1554 -68.9365 0
    endloop
  endfacet
  facet normal 0 0 -1
    outer loop
      vertex -2.5 -22.3301 0
      vertex -16.3167 -18.7494 0
      vertex -2.86788 -22.0958 0
    endloop
  endfacet
  facet normal 0 0 -1
    outer loop
      vertex -2.86788 -22.0958 0
      vertex -16.3167 -18.7494 0
      vertex -3.21394 -21.8302 0
    endloop
  endfacet
  facet normal 0 0 -1
    outer loop
      vertex -3.21394 -21.8302 0
      vertex -16.3167 -18.7494 0
      vertex -3.53553 -21.5355 0
    endloop
  endfacet
  facet normal 0 0 -1
    outer loop
      vertex -3.53553 -21.5355 0
      vertex -16.3167 -18.7494 0
      vertex -3.83022 -21.2139 0
    endloop
  endfacet
  facet normal 0 0 -1
    outer loop
      vertex -3.83022 -21.2139 0
      vertex -16.3167 -18.7494 0
      vertex -4.09576 -20.8679 0
    endloop
  endfacet
  facet normal 0 0 -1
    outer loop
      vertex -4.09576 -20.8679 0
      vertex -16.3167 -18.7494 0
      vertex -4.33013 -20.5 0
    endloop
  endfacet
  facet normal 0 0 -1
    outer loop
      vertex -4.33013 -20.5 0
      vertex -16.3167 -18.7494 0
      vertex -4.53154 -20.1131 0
    endloop
  endfacet
  facet normal 0 0 -1
    outer loop
      vertex -4.53154 -20.1131 0
      vertex -16.3167 -18.7494 0
      vertex -4.69846 -19.7101 0
    endloop
  endfacet
  facet normal 0 0 -1
    outer loop
      vertex -3.53553 -14.4645 0
      vertex -5.18999 -9.86932 0
      vertex -5.0452 -9.90141 0
    endloop
  endfacet
  facet normal 0 0 -1
    outer loop
      vertex -3.83022 -14.7861 0
      vertex -5.33143 -9.82472 0
      vertex -5.18999 -9.86932 0
    endloop
  endfacet
  facet normal 0 0 -1
    outer loop
      vertex -4.09576 -15.1321 0
      vertex -5.46845 -9.76796 0
      vertex -5.33143 -9.82472 0
    endloop
  endfacet
  facet normal 0 -0 -1
    outer loop
      vertex -16.2928 -18.5678 0
      vertex -4.98097 -18.4358 0
      vertex -16.3167 -18.7494 0
    endloop
  endfacet
  facet normal 0 0 -1
    outer loop
      vertex -4.09576 -15.1321 0
      vertex -5.6 -9.69948 0
      vertex -5.46845 -9.76796 0
    endloop
  endfacet
  facet normal 0 0 -1
    outer loop
      vertex -4.33013 -15.5 0
      vertex -5.72508 -9.6198 0
      vertex -5.6 -9.69948 0
    endloop
  endfacet
  facet normal 0 0 -1
    outer loop
      vertex -4.53154 -15.8869 0
      vertex -5.84274 -9.52952 0
      vertex -5.72508 -9.6198 0
    endloop
  endfacet
  facet normal 0 0 -1
    outer loop
      vertex -4.69846 -19.7101 0
      vertex -16.3167 -18.7494 0
      vertex -4.82963 -19.2941 0
    endloop
  endfacet
  facet normal 0 0 -1
    outer loop
      vertex -4.82963 -19.2941 0
      vertex -16.3167 -18.7494 0
      vertex -4.92404 -18.8682 0
    endloop
  endfacet
  facet normal 0 0 -1
    outer loop
      vertex -4.92404 -18.8682 0
      vertex -16.3167 -18.7494 0
      vertex -4.98097 -18.4358 0
    endloop
  endfacet
  facet normal 0 0 -1
    outer loop
      vertex -4.53154 -15.8869 0
      vertex -5.95208 -9.42932 0
      vertex -5.84274 -9.52952 0
    endloop
  endfacet
  facet normal 0 -0 -1
    outer loop
      vertex -16.2848 -18.3848 0
      vertex -4.98097 -18.4358 0
      vertex -16.2928 -18.5678 0
    endloop
  endfacet
  facet normal 0 0 -1
    outer loop
      vertex -4.98097 -18.4358 0
      vertex -16.2848 -18.3848 0
      vertex -5 -18 0
    endloop
  endfacet
  facet normal -0 0 -1
    outer loop
      vertex -4.98097 -17.5642 0
      vertex -16.3563 -17.8413 0
      vertex -4.92404 -17.1318 0
    endloop
  endfacet
  facet normal 0 0 -1
    outer loop
      vertex -4.69846 -16.2899 0
      vertex -6.05227 -9.31998 0
      vertex -5.95208 -9.42932 0
    endloop
  endfacet
  facet normal 0 0 -1
    outer loop
      vertex -16.4114 -17.6665 0
      vertex -4.92404 -17.1318 0
      vertex -16.3563 -17.8413 0
    endloop
  endfacet
  facet normal -0 0 -1
    outer loop
      vertex -4.92404 -17.1318 0
      vertex -16.4114 -17.6665 0
      vertex -4.82963 -16.7059 0
    endloop
  endfacet
  facet normal 0 0 -1
    outer loop
      vertex -16.4815 -17.4973 0
      vertex -4.82963 -16.7059 0
      vertex -16.4114 -17.6665 0
    endloop
  endfacet
  facet normal -0 0 -1
    outer loop
      vertex -4.82963 -16.7059 0
      vertex -16.4815 -17.4973 0
      vertex -4.69846 -16.2899 0
    endloop
  endfacet
  facet normal -0 0 -1
    outer loop
      vertex -4.69846 -16.2899 0
      vertex -16.5661 -17.3348 0
      vertex -6.05227 -9.31998 0
    endloop
  endfacet
  facet normal 0 0 -1
    outer loop
      vertex -16.5661 -17.3348 0
      vertex -4.69846 -16.2899 0
      vertex -16.4815 -17.4973 0
    endloop
  endfacet
  facet normal 0 0 -1
    outer loop
      vertex 60.6218 -35 0
      vertex 37.0756 -34.1508 0
      vertex 63.4415 -29.5833 0
    endloop
  endfacet
  facet normal 0 0 -1
    outer loop
      vertex 70 0 0
      vertex 37.4473 35.1723 0
      vertex 37.4553 35.3553 0
    endloop
  endfacet
  facet normal 0 0 -1
    outer loop
      vertex 36.964 -34.0055 0
      vertex 63.4415 -29.5833 0
      vertex 37.0756 -34.1508 0
    endloop
  endfacet
  facet normal 0 0 -1
    outer loop
      vertex 70 0 0
      vertex 37.4234 34.9907 0
      vertex 37.4473 35.1723 0
    endloop
  endfacet
  facet normal 0 0 -1
    outer loop
      vertex 36.8403 -33.8704 0
      vertex 63.4415 -29.5833 0
      vertex 36.964 -34.0055 0
    endloop
  endfacet
  facet normal 0 0 -1
    outer loop
      vertex 70 0 0
      vertex 37.3838 34.8118 0
      vertex 37.4234 34.9907 0
    endloop
  endfacet
  facet normal -0 0 -1
    outer loop
      vertex 63.4415 -29.5833 0
      vertex 36.8403 -33.8704 0
      vertex 65.7785 -23.9414 0
    endloop
  endfacet
  facet normal 0 0 -1
    outer loop
      vertex 70 0 0
      vertex 37.3287 34.6371 0
      vertex 37.3838 34.8118 0
    endloop
  endfacet
  facet normal -0 0 -1
    outer loop
      vertex 65.7785 -23.9414 0
      vertex 36.8403 -33.8704 0
      vertex 67.6148 -18.1173 0
    endloop
  endfacet
  facet normal 0 0 -1
    outer loop
      vertex 70 0 0
      vertex 37.2586 34.4678 0
      vertex 37.3287 34.6371 0
    endloop
  endfacet
  facet normal -0 0 -1
    outer loop
      vertex 67.6148 -18.1173 0
      vertex 36.8403 -33.8704 0
      vertex 68.9365 -12.1554 0
    endloop
  endfacet
  facet normal 0 0 -1
    outer loop
      vertex 70 0 0
      vertex 37.174 34.3053 0
      vertex 37.2586 34.4678 0
    endloop
  endfacet
  facet normal 0 0 -1
    outer loop
      vertex 19.8697 -16.8999 0
      vertex 68.9365 -12.1554 0
      vertex 36.8403 -33.8704 0
    endloop
  endfacet
  facet normal 0 0 -1
    outer loop
      vertex 70 0 0
      vertex 37.0756 34.1508 0
      vertex 37.174 34.3053 0
    endloop
  endfacet
  facet normal -0 0 -1
    outer loop
      vertex 68.9365 -12.1554 0
      vertex 19.8697 -16.8999 0
      vertex 69.7336 -6.1009 0
    endloop
  endfacet
  facet normal 0 0 -1
    outer loop
      vertex 70 0 0
      vertex 36.964 34.0055 0
      vertex 37.0756 34.1508 0
    endloop
  endfacet
  facet normal -0 0 -1
    outer loop
      vertex 69.7336 -6.1009 0
      vertex 19.8697 -16.8999 0
      vertex 70 0 0
    endloop
  endfacet
  facet normal 0 0 -1
    outer loop
      vertex 70 0 0
      vertex 36.8403 33.8704 0
      vertex 36.964 34.0055 0
    endloop
  endfacet
  facet normal 0 0 -1
    outer loop
      vertex 19.8697 16.8999 0
      vertex 70 0 0
      vertex 19.8697 -16.8999 0
    endloop
  endfacet
  facet normal 0 0 -1
    outer loop
      vertex 70 0 0
      vertex 19.8697 16.8999 0
      vertex 36.8403 33.8704 0
    endloop
  endfacet
  facet normal 0 0 -1
    outer loop
      vertex 19.7346 -16.7761 0
      vertex 19.8697 16.8999 0
      vertex 19.8697 -16.8999 0
    endloop
  endfacet
  facet normal 0 0 -1
    outer loop
      vertex 19.7346 -16.7761 0
      vertex 19.7346 16.7761 0
      vertex 19.8697 16.8999 0
    endloop
  endfacet
  facet normal 0 0 -1
    outer loop
      vertex 19.5893 -16.6646 0
      vertex 19.7346 16.7761 0
      vertex 19.7346 -16.7761 0
    endloop
  endfacet
  facet normal 0 0 -1
    outer loop
      vertex 19.5893 -16.6646 0
      vertex 19.5893 16.6646 0
      vertex 19.7346 16.7761 0
    endloop
  endfacet
  facet normal 0 0 -1
    outer loop
      vertex 11.1935 -0.148165 0
      vertex 19.5893 -16.6646 0
      vertex 19.4348 -16.5661 0
    endloop
  endfacet
  facet normal 0 0 -1
    outer loop
      vertex 19.5893 -16.6646 0
      vertex 11.2 0 0
      vertex 19.5893 16.6646 0
    endloop
  endfacet
  facet normal 0 0 -1
    outer loop
      vertex 11.1742 -0.295201 0
      vertex 19.4348 -16.5661 0
      vertex 19.2723 -16.4815 0
    endloop
  endfacet
  facet normal 0 0 -1
    outer loop
      vertex 11.1935 0.148165 0
      vertex 19.5893 16.6646 0
      vertex 11.2 0 0
    endloop
  endfacet
  facet normal 0 0 -1
    outer loop
      vertex 11.1421 -0.439992 0
      vertex 19.2723 -16.4815 0
      vertex 19.103 -16.4114 0
    endloop
  endfacet
  facet normal 0 0 -1
    outer loop
      vertex 19.5893 16.6646 0
      vertex 11.1935 0.148165 0
      vertex 19.4348 16.5661 0
    endloop
  endfacet
  facet normal 0 0 -1
    outer loop
      vertex 11.0975 -0.581433 0
      vertex 19.103 -16.4114 0
      vertex 18.9283 -16.3563 0
    endloop
  endfacet
  facet normal 0 0 -1
    outer loop
      vertex 11.1742 0.295201 0
      vertex 19.4348 16.5661 0
      vertex 11.1935 0.148165 0
    endloop
  endfacet
  facet normal 0 0 -1
    outer loop
      vertex 11.0407 -0.718451 0
      vertex 18.9283 -16.3563 0
      vertex 18.7494 -16.3167 0
    endloop
  endfacet
  facet normal 0 0 -1
    outer loop
      vertex 19.4348 16.5661 0
      vertex 11.1742 0.295201 0
      vertex 19.2723 16.4815 0
    endloop
  endfacet
  facet normal 0 0 -1
    outer loop
      vertex 10.9722 -0.849999 0
      vertex 18.7494 -16.3167 0
      vertex 18.5678 -16.2928 0
    endloop
  endfacet
  facet normal 0 0 -1
    outer loop
      vertex 11.1421 0.439992 0
      vertex 19.2723 16.4815 0
      vertex 11.1742 0.295201 0
    endloop
  endfacet
  facet normal 0 0 -1
    outer loop
      vertex 10.8926 -0.97508 0
      vertex 18.5678 -16.2928 0
      vertex 18.3848 -16.2848 0
    endloop
  endfacet
  facet normal 0 0 -1
    outer loop
      vertex 19.2723 16.4815 0
      vertex 11.1421 0.439992 0
      vertex 19.103 16.4114 0
    endloop
  endfacet
  facet normal 0 0 -1
    outer loop
      vertex 10.8023 -1.09274 0
      vertex 18.3848 -16.2848 0
      vertex 18.2017 -16.2928 0
    endloop
  endfacet
  facet normal 0 0 -1
    outer loop
      vertex 11.0975 0.581433 0
      vertex 19.103 16.4114 0
      vertex 11.1421 0.439992 0
    endloop
  endfacet
  facet normal 0 0 -1
    outer loop
      vertex 10.7021 -1.20208 0
      vertex 18.2017 -16.2928 0
      vertex 18.0201 -16.3167 0
    endloop
  endfacet
  facet normal 0 0 -1
    outer loop
      vertex 19.103 16.4114 0
      vertex 11.0975 0.581433 0
      vertex 18.9283 16.3563 0
    endloop
  endfacet
  facet normal 0 0 -1
    outer loop
      vertex 10.5927 -1.30227 0
      vertex 18.0201 -16.3167 0
      vertex 17.8413 -16.3563 0
    endloop
  endfacet
  facet normal 0 0 -1
    outer loop
      vertex 11.0407 0.718451 0
      vertex 18.9283 16.3563 0
      vertex 11.0975 0.581433 0
    endloop
  endfacet
  facet normal 0 0 -1
    outer loop
      vertex 10.4751 -1.39256 0
      vertex 17.8413 -16.3563 0
      vertex 17.6665 -16.4114 0
    endloop
  endfacet
  facet normal 0 0 -1
    outer loop
      vertex 18.9283 16.3563 0
      vertex 11.0407 0.718451 0
      vertex 18.7494 16.3167 0
    endloop
  endfacet
  facet normal 0 0 -1
    outer loop
      vertex 10.35 -1.47224 0
      vertex 17.6665 -16.4114 0
      vertex 17.4973 -16.4815 0
    endloop
  endfacet
  facet normal 0 0 -1
    outer loop
      vertex 10.9722 0.849999 0
      vertex 18.7494 16.3167 0
      vertex 11.0407 0.718451 0
    endloop
  endfacet
  facet normal 0 0 -1
    outer loop
      vertex 10.2185 -1.54072 0
      vertex 17.4973 -16.4815 0
      vertex 17.3348 -16.5661 0
    endloop
  endfacet
  facet normal 0 0 -1
    outer loop
      vertex 18.7494 16.3167 0
      vertex 10.9722 0.849999 0
      vertex 18.5678 16.2928 0
    endloop
  endfacet
  facet normal 0 0 -1
    outer loop
      vertex 10.0814 -1.59748 0
      vertex 17.3348 -16.5661 0
      vertex 17.1803 -16.6646 0
    endloop
  endfacet
  facet normal 0 0 -1
    outer loop
      vertex 10.8926 0.97508 0
      vertex 18.5678 16.2928 0
      vertex 10.9722 0.849999 0
    endloop
  endfacet
  facet normal 0 0 -1
    outer loop
      vertex 9.93999 -1.64207 0
      vertex 17.1803 -16.6646 0
      vertex 17.0349 -16.7761 0
    endloop
  endfacet
  facet normal 0 0 -1
    outer loop
      vertex 18.5678 16.2928 0
      vertex 10.8926 0.97508 0
      vertex 18.3848 16.2848 0
    endloop
  endfacet
  facet normal 0 0 -1
    outer loop
      vertex 16.7761 -17.0349 0
      vertex 4.33013 -15.5 0
      vertex 16.8999 -16.8999 0
    endloop
  endfacet
  facet normal 0 0 -1
    outer loop
      vertex 10.8023 1.09274 0
      vertex 18.3848 16.2848 0
      vertex 10.8926 0.97508 0
    endloop
  endfacet
  facet normal 0 0 -1
    outer loop
      vertex 4.69846 -16.2899 0
      vertex 16.4815 -17.4973 0
      vertex 4.82963 -16.7059 0
    endloop
  endfacet
  facet normal -0 0 -1
    outer loop
      vertex 18.3848 16.2848 0
      vertex 10.8023 1.09274 0
      vertex 18.2017 16.2928 0
    endloop
  endfacet
  facet normal 0 0 -1
    outer loop
      vertex 4.82963 -16.7059 0
      vertex 16.4114 -17.6665 0
      vertex 4.92404 -17.1318 0
    endloop
  endfacet
  facet normal 0 0 -1
    outer loop
      vertex 10.7021 1.20208 0
      vertex 18.2017 16.2928 0
      vertex 10.8023 1.09274 0
    endloop
  endfacet
  facet normal 0 0 -1
    outer loop
      vertex 16.3563 -17.8413 0
      vertex 4.92404 -17.1318 0
      vertex 16.4114 -17.6665 0
    endloop
  endfacet
  facet normal -0 0 -1
    outer loop
      vertex 18.2017 16.2928 0
      vertex 10.7021 1.20208 0
      vertex 18.0201 16.3167 0
    endloop
  endfacet
  facet normal 0 0 -1
    outer loop
      vertex 4.92404 -17.1318 0
      vertex 16.3563 -17.8413 0
      vertex 4.98097 -17.5642 0
    endloop
  endfacet
  facet normal 0 0 -1
    outer loop
      vertex 10.5927 1.30227 0
      vertex 18.0201 16.3167 0
      vertex 10.7021 1.20208 0
    endloop
  endfacet
  facet normal 0 0 -1
    outer loop
      vertex 16.3167 -18.0201 0
      vertex 4.98097 -17.5642 0
      vertex 16.3563 -17.8413 0
    endloop
  endfacet
  facet normal -0 0 -1
    outer loop
      vertex 18.0201 16.3167 0
      vertex 10.5927 1.30227 0
      vertex 17.8413 16.3563 0
    endloop
  endfacet
  facet normal 0 0 -1
    outer loop
      vertex 16.2928 -18.2017 0
      vertex 4.98097 -17.5642 0
      vertex 16.3167 -18.0201 0
    endloop
  endfacet
  facet normal 0 0 -1
    outer loop
      vertex 10.4751 1.39256 0
      vertex 17.8413 16.3563 0
      vertex 10.5927 1.30227 0
    endloop
  endfacet
  facet normal 0 0 -1
    outer loop
      vertex 4.98097 -17.5642 0
      vertex 16.2928 -18.2017 0
      vertex 5 -18 0
    endloop
  endfacet
  facet normal -0 0 -1
    outer loop
      vertex 17.8413 16.3563 0
      vertex 10.4751 1.39256 0
      vertex 17.6665 16.4114 0
    endloop
  endfacet
  facet normal 0 0 -1
    outer loop
      vertex 16.2848 -18.3848 0
      vertex 5 -18 0
      vertex 16.2928 -18.2017 0
    endloop
  endfacet
  facet normal 0 0 -1
    outer loop
      vertex 10.35 1.47224 0
      vertex 17.6665 16.4114 0
      vertex 10.4751 1.39256 0
    endloop
  endfacet
  facet normal 0 -0 -1
    outer loop
      vertex 5 -18 0
      vertex 16.2848 -18.3848 0
      vertex 4.98097 -18.4358 0
    endloop
  endfacet
  facet normal -0 0 -1
    outer loop
      vertex 17.6665 16.4114 0
      vertex 10.35 1.47224 0
      vertex 17.4973 16.4815 0
    endloop
  endfacet
  facet normal 0 0 -1
    outer loop
      vertex 37.174 -34.3053 0
      vertex 60.6218 -35 0
      vertex 37.2586 -34.4678 0
    endloop
  endfacet
  facet normal 0 0 -1
    outer loop
      vertex 37.2586 -34.4678 0
      vertex 60.6218 -35 0
      vertex 37.3287 -34.6371 0
    endloop
  endfacet
  facet normal 0 0 -1
    outer loop
      vertex 37.0756 -34.1508 0
      vertex 60.6218 -35 0
      vertex 37.174 -34.3053 0
    endloop
  endfacet
  facet normal 0 0 -1
    outer loop
      vertex 37.3287 -34.6371 0
      vertex 60.6218 -35 0
      vertex 37.3838 -34.8118 0
    endloop
  endfacet
  facet normal 0 0 -1
    outer loop
      vertex 70 0 0
      vertex 37.4553 35.3553 0
      vertex 69.7336 6.1009 0
    endloop
  endfacet
  facet normal 0 0 -1
    outer loop
      vertex 57.3406 -40.1503 0
      vertex 37.3838 -34.8118 0
      vertex 60.6218 -35 0
    endloop
  endfacet
  facet normal 0 0 -1
    outer loop
      vertex 69.7336 6.1009 0
      vertex 37.4553 35.3553 0
      vertex 68.9365 12.1554 0
    endloop
  endfacet
  facet normal 0 0 -1
    outer loop
      vertex 37.3838 -34.8118 0
      vertex 57.3406 -40.1503 0
      vertex 37.4234 -34.9907 0
    endloop
  endfacet
  facet normal 0 0 -1
    outer loop
      vertex 68.9365 12.1554 0
      vertex 37.4553 35.3553 0
      vertex 67.6148 18.1173 0
    endloop
  endfacet
  facet normal 0 0 -1
    outer loop
      vertex 37.4234 -34.9907 0
      vertex 57.3406 -40.1503 0
      vertex 37.4473 -35.1723 0
    endloop
  endfacet
  facet normal 0 0 -1
    outer loop
      vertex 67.6148 18.1173 0
      vertex 37.4553 35.3553 0
      vertex 65.7785 23.9414 0
    endloop
  endfacet
  facet normal 0 0 -1
    outer loop
      vertex 37.4473 -35.1723 0
      vertex 57.3406 -40.1503 0
      vertex 37.4553 -35.3553 0
    endloop
  endfacet
  facet normal 0 0 -1
    outer loop
      vertex 65.7785 23.9414 0
      vertex 37.4553 35.3553 0
      vertex 63.4415 29.5833 0
    endloop
  endfacet
  facet normal 0 0 -1
    outer loop
      vertex 37.4473 -35.5384 0
      vertex 57.3406 -40.1503 0
      vertex 53.6231 -44.9951 0
    endloop
  endfacet
  facet normal 0 0 -1
    outer loop
      vertex 63.4415 29.5833 0
      vertex 37.4553 35.3553 0
      vertex 60.6218 35 0
    endloop
  endfacet
  facet normal 0 0 -1
    outer loop
      vertex 37.174 -36.4053 0
      vertex 53.6231 -44.9951 0
      vertex 49.4975 -49.4975 0
    endloop
  endfacet
  facet normal 0 0 -1
    outer loop
      vertex 60.6218 35 0
      vertex 37.4553 35.3553 0
      vertex 57.3406 40.1503 0
    endloop
  endfacet
  facet normal 0 0 -1
    outer loop
      vertex 36.4053 -37.174 0
      vertex 49.4975 -49.4975 0
      vertex 44.9951 -53.6231 0
    endloop
  endfacet
  facet normal 0 0 -1
    outer loop
      vertex 37.4473 35.5384 0
      vertex 57.3406 40.1503 0
      vertex 37.4553 35.3553 0
    endloop
  endfacet
  facet normal 0 0 -1
    outer loop
      vertex 35.5384 -37.4473 0
      vertex 44.9951 -53.6231 0
      vertex 40.1503 -57.3406 0
    endloop
  endfacet
  facet normal -0 0 -1
    outer loop
      vertex 57.3406 40.1503 0
      vertex 37.4473 35.5384 0
      vertex 53.6231 44.9951 0
    endloop
  endfacet
  facet normal 0 0 -1
    outer loop
      vertex 37.4234 35.72 0
      vertex 53.6231 44.9951 0
      vertex 37.4473 35.5384 0
    endloop
  endfacet
  facet normal 0 0 -1
    outer loop
      vertex 57.3406 -40.1503 0
      vertex 37.4473 -35.5384 0
      vertex 37.4553 -35.3553 0
    endloop
  endfacet
  facet normal 0 0 -1
    outer loop
      vertex 53.6231 -44.9951 0
      vertex 37.4234 -35.72 0
      vertex 37.4473 -35.5384 0
    endloop
  endfacet
  facet normal 0 0 -1
    outer loop
      vertex 53.6231 -44.9951 0
      vertex 37.3838 -35.8989 0
      vertex 37.4234 -35.72 0
    endloop
  endfacet
  facet normal 0 0 -1
    outer loop
      vertex 53.6231 -44.9951 0
      vertex 37.3287 -36.0736 0
      vertex 37.3838 -35.8989 0
    endloop
  endfacet
  facet normal 0 0 -1
    outer loop
      vertex 53.6231 -44.9951 0
      vertex 37.2586 -36.2428 0
      vertex 37.3287 -36.0736 0
    endloop
  endfacet
  facet normal 0 0 -1
    outer loop
      vertex 53.6231 -44.9951 0
      vertex 37.174 -36.4053 0
      vertex 37.2586 -36.2428 0
    endloop
  endfacet
  facet normal 0 0 -1
    outer loop
      vertex 49.4975 -49.4975 0
      vertex 37.0756 -36.5598 0
      vertex 37.174 -36.4053 0
    endloop
  endfacet
  facet normal 0 0 -1
    outer loop
      vertex 49.4975 -49.4975 0
      vertex 36.964 -36.7052 0
      vertex 37.0756 -36.5598 0
    endloop
  endfacet
  facet normal 0 0 -1
    outer loop
      vertex 49.4975 -49.4975 0
      vertex 36.8403 -36.8403 0
      vertex 36.964 -36.7052 0
    endloop
  endfacet
  facet normal 0 0 -1
    outer loop
      vertex 49.4975 -49.4975 0
      vertex 36.7052 -36.964 0
      vertex 36.8403 -36.8403 0
    endloop
  endfacet
  facet normal 0 0 -1
    outer loop
      vertex 49.4975 -49.4975 0
      vertex 36.5598 -37.0756 0
      vertex 36.7052 -36.964 0
    endloop
  endfacet
  facet normal 0 0 -1
    outer loop
      vertex 49.4975 -49.4975 0
      vertex 36.4053 -37.174 0
      vertex 36.5598 -37.0756 0
    endloop
  endfacet
  facet normal 0 0 -1
    outer loop
      vertex 44.9951 -53.6231 0
      vertex 36.2428 -37.2586 0
      vertex 36.4053 -37.174 0
    endloop
  endfacet
  facet normal 0 0 -1
    outer loop
      vertex 44.9951 -53.6231 0
      vertex 36.0736 -37.3287 0
      vertex 36.2428 -37.2586 0
    endloop
  endfacet
  facet normal 0 0 -1
    outer loop
      vertex 44.9951 -53.6231 0
      vertex 35.8989 -37.3838 0
      vertex 36.0736 -37.3287 0
    endloop
  endfacet
  facet normal 0 0 -1
    outer loop
      vertex 44.9951 -53.6231 0
      vertex 35.72 -37.4234 0
      vertex 35.8989 -37.3838 0
    endloop
  endfacet
  facet normal 0 0 -1
    outer loop
      vertex 44.9951 -53.6231 0
      vertex 35.5384 -37.4473 0
      vertex 35.72 -37.4234 0
    endloop
  endfacet
  facet normal 0 0 -1
    outer loop
      vertex 40.1503 -57.3406 0
      vertex 35.3553 -37.4553 0
      vertex 35.5384 -37.4473 0
    endloop
  endfacet
  facet normal 0 0 -1
    outer loop
      vertex 40.1503 -57.3406 0
      vertex 35.1723 -37.4473 0
      vertex 35.3553 -37.4553 0
    endloop
  endfacet
  facet normal 0 0 -1
    outer loop
      vertex 34.8118 -37.3838 0
      vertex 40.1503 -57.3406 0
      vertex 35 -60.6218 0
    endloop
  endfacet
  facet normal 0 0 -1
    outer loop
      vertex 40.1503 -57.3406 0
      vertex 34.9907 -37.4234 0
      vertex 35.1723 -37.4473 0
    endloop
  endfacet
  facet normal 0 0 -1
    outer loop
      vertex 40.1503 -57.3406 0
      vertex 34.8118 -37.3838 0
      vertex 34.9907 -37.4234 0
    endloop
  endfacet
  facet normal 0 0 -1
    outer loop
      vertex 35 -60.6218 0
      vertex 34.6371 -37.3287 0
      vertex 34.8118 -37.3838 0
    endloop
  endfacet
  facet normal 0 0 -1
    outer loop
      vertex 35 -60.6218 0
      vertex 34.4678 -37.2586 0
      vertex 34.6371 -37.3287 0
    endloop
  endfacet
  facet normal 0 0 -1
    outer loop
      vertex 35 -60.6218 0
      vertex 34.3053 -37.174 0
      vertex 34.4678 -37.2586 0
    endloop
  endfacet
  facet normal 0 0 -1
    outer loop
      vertex 35 -60.6218 0
      vertex 34.1508 -37.0756 0
      vertex 34.3053 -37.174 0
    endloop
  endfacet
  facet normal 0 0 -1
    outer loop
      vertex 29.5833 -63.4415 0
      vertex 34.1508 -37.0756 0
      vertex 35 -60.6218 0
    endloop
  endfacet
  facet normal -0 0 -1
    outer loop
      vertex 34.1508 -37.0756 0
      vertex 29.5833 -63.4415 0
      vertex 34.0055 -36.964 0
    endloop
  endfacet
  facet normal -0 0 -1
    outer loop
      vertex 34.0055 -36.964 0
      vertex 29.5833 -63.4415 0
      vertex 33.8704 -36.8403 0
    endloop
  endfacet
  facet normal 0 0 -1
    outer loop
      vertex 23.9414 -65.7785 0
      vertex 33.8704 -36.8403 0
      vertex 29.5833 -63.4415 0
    endloop
  endfacet
  facet normal 0 0 -1
    outer loop
      vertex 18.1173 -67.6148 0
      vertex 33.8704 -36.8403 0
      vertex 23.9414 -65.7785 0
    endloop
  endfacet
  facet normal 0 0 -1
    outer loop
      vertex 18.1173 -67.6148 0
      vertex 16.8999 -19.8697 0
      vertex 33.8704 -36.8403 0
    endloop
  endfacet
  facet normal 0 0 -1
    outer loop
      vertex 12.1554 -68.9365 0
      vertex 16.8999 -19.8697 0
      vertex 18.1173 -67.6148 0
    endloop
  endfacet
  facet normal 0 0 -1
    outer loop
      vertex 4.98097 -18.4358 0
      vertex 12.1554 -68.9365 0
      vertex 6.1009 -69.7336 0
    endloop
  endfacet
  facet normal 0 0 -1
    outer loop
      vertex 12.1554 -68.9365 0
      vertex 4.98097 -18.4358 0
      vertex 16.8999 -19.8697 0
    endloop
  endfacet
  facet normal 0 0 -1
    outer loop
      vertex 16.8999 -19.8697 0
      vertex 4.98097 -18.4358 0
      vertex 16.7761 -19.7346 0
    endloop
  endfacet
  facet normal 0 0 -1
    outer loop
      vertex 16.7761 -19.7346 0
      vertex 4.98097 -18.4358 0
      vertex 16.6646 -19.5893 0
    endloop
  endfacet
  facet normal 0 0 -1
    outer loop
      vertex 16.6646 -19.5893 0
      vertex 4.98097 -18.4358 0
      vertex 16.5661 -19.4348 0
    endloop
  endfacet
  facet normal 0 0 -1
    outer loop
      vertex 16.5661 -19.4348 0
      vertex 4.98097 -18.4358 0
      vertex 16.4815 -19.2723 0
    endloop
  endfacet
  facet normal 0 0 -1
    outer loop
      vertex 16.4815 -19.2723 0
      vertex 4.98097 -18.4358 0
      vertex 16.4114 -19.103 0
    endloop
  endfacet
  facet normal 0 0 -1
    outer loop
      vertex 16.4114 -19.103 0
      vertex 4.98097 -18.4358 0
      vertex 16.3563 -18.9283 0
    endloop
  endfacet
  facet normal 0 0 -1
    outer loop
      vertex 3.53553 -14.4645 0
      vertex 9.5 -1.7 0
      vertex 3.83022 -14.7861 0
    endloop
  endfacet
  facet normal 0 0 -1
    outer loop
      vertex 4.98097 -18.4358 0
      vertex 16.3167 -18.7494 0
      vertex 16.3563 -18.9283 0
    endloop
  endfacet
  facet normal 0 0 -1
    outer loop
      vertex 37.3838 35.8989 0
      vertex 53.6231 44.9951 0
      vertex 37.4234 35.72 0
    endloop
  endfacet
  facet normal 0 0 -1
    outer loop
      vertex 37.3287 36.0736 0
      vertex 53.6231 44.9951 0
      vertex 37.3838 35.8989 0
    endloop
  endfacet
  facet normal 0 0 -1
    outer loop
      vertex 37.2586 36.2428 0
      vertex 53.6231 44.9951 0
      vertex 37.3287 36.0736 0
    endloop
  endfacet
  facet normal 0 0 -1
    outer loop
      vertex 37.174 36.4053 0
      vertex 53.6231 44.9951 0
      vertex 37.2586 36.2428 0
    endloop
  endfacet
  facet normal -0 0 -1
    outer loop
      vertex 53.6231 44.9951 0
      vertex 37.174 36.4053 0
      vertex 49.4975 49.4975 0
    endloop
  endfacet
  facet normal 0 0 -1
    outer loop
      vertex 37.0756 36.5598 0
      vertex 49.4975 49.4975 0
      vertex 37.174 36.4053 0
    endloop
  endfacet
  facet normal 0 0 -1
    outer loop
      vertex 36.964 36.7052 0
      vertex 49.4975 49.4975 0
      vertex 37.0756 36.5598 0
    endloop
  endfacet
  facet normal 0 0 -1
    outer loop
      vertex 36.8403 36.8403 0
      vertex 49.4975 49.4975 0
      vertex 36.964 36.7052 0
    endloop
  endfacet
  facet normal 0 0 -1
    outer loop
      vertex 36.7052 36.964 0
      vertex 49.4975 49.4975 0
      vertex 36.8403 36.8403 0
    endloop
  endfacet
  facet normal 0 0 -1
    outer loop
      vertex 36.5598 37.0756 0
      vertex 49.4975 49.4975 0
      vertex 36.7052 36.964 0
    endloop
  endfacet
  facet normal 0 0 -1
    outer loop
      vertex 36.4053 37.174 0
      vertex 49.4975 49.4975 0
      vertex 36.5598 37.0756 0
    endloop
  endfacet
  facet normal -0 0 -1
    outer loop
      vertex 49.4975 49.4975 0
      vertex 36.4053 37.174 0
      vertex 44.9951 53.6231 0
    endloop
  endfacet
  facet normal 0 0 -1
    outer loop
      vertex 36.2428 37.2586 0
      vertex 44.9951 53.6231 0
      vertex 36.4053 37.174 0
    endloop
  endfacet
  facet normal 0 0 -1
    outer loop
      vertex 36.0736 37.3287 0
      vertex 44.9951 53.6231 0
      vertex 36.2428 37.2586 0
    endloop
  endfacet
  facet normal 0 0 -1
    outer loop
      vertex 35.8989 37.3838 0
      vertex 44.9951 53.6231 0
      vertex 36.0736 37.3287 0
    endloop
  endfacet
  facet normal 0 0 -1
    outer loop
      vertex 35.72 37.4234 0
      vertex 44.9951 53.6231 0
      vertex 35.8989 37.3838 0
    endloop
  endfacet
  facet normal 0 0 -1
    outer loop
      vertex 35.5384 37.4473 0
      vertex 44.9951 53.6231 0
      vertex 35.72 37.4234 0
    endloop
  endfacet
  facet normal -0 0 -1
    outer loop
      vertex 44.9951 53.6231 0
      vertex 35.5384 37.4473 0
      vertex 40.1503 57.3406 0
    endloop
  endfacet
  facet normal 0 0 -1
    outer loop
      vertex 35.3553 37.4553 0
      vertex 40.1503 57.3406 0
      vertex 35.5384 37.4473 0
    endloop
  endfacet
  facet normal 0 0 -1
    outer loop
      vertex 35.1723 37.4473 0
      vertex 40.1503 57.3406 0
      vertex 35.3553 37.4553 0
    endloop
  endfacet
  facet normal 0 0 -1
    outer loop
      vertex 34.9907 37.4234 0
      vertex 40.1503 57.3406 0
      vertex 35.1723 37.4473 0
    endloop
  endfacet
  facet normal 0 0 -1
    outer loop
      vertex 34.8118 37.3838 0
      vertex 40.1503 57.3406 0
      vertex 34.9907 37.4234 0
    endloop
  endfacet
  facet normal -0 0 -1
    outer loop
      vertex 40.1503 57.3406 0
      vertex 34.8118 37.3838 0
      vertex 35 60.6218 0
    endloop
  endfacet
  facet normal 0 0 -1
    outer loop
      vertex 34.6371 37.3287 0
      vertex 35 60.6218 0
      vertex 34.8118 37.3838 0
    endloop
  endfacet
  facet normal 0 0 -1
    outer loop
      vertex 34.4678 37.2586 0
      vertex 35 60.6218 0
      vertex 34.6371 37.3287 0
    endloop
  endfacet
  facet normal 0 0 -1
    outer loop
      vertex 34.3053 37.174 0
      vertex 35 60.6218 0
      vertex 34.4678 37.2586 0
    endloop
  endfacet
  facet normal 0 0 -1
    outer loop
      vertex 34.1508 37.0756 0
      vertex 35 60.6218 0
      vertex 34.3053 37.174 0
    endloop
  endfacet
  facet normal 0 0 -1
    outer loop
      vertex 29.5833 63.4415 0
      vertex 34.1508 37.0756 0
      vertex 34.0055 36.964 0
    endloop
  endfacet
  facet normal 0 0 -1
    outer loop
      vertex 29.5833 63.4415 0
      vertex 34.0055 36.964 0
      vertex 33.8704 36.8403 0
    endloop
  endfacet
  facet normal 0 0 -1
    outer loop
      vertex 34.1508 37.0756 0
      vertex 29.5833 63.4415 0
      vertex 35 60.6218 0
    endloop
  endfacet
  facet normal 0 0 -1
    outer loop
      vertex 33.8704 36.8403 0
      vertex 23.9414 65.7785 0
      vertex 29.5833 63.4415 0
    endloop
  endfacet
  facet normal 0 0 -1
    outer loop
      vertex 33.8704 36.8403 0
      vertex 18.1173 67.6148 0
      vertex 23.9414 65.7785 0
    endloop
  endfacet
  facet normal 0 0 -1
    outer loop
      vertex 16.8999 19.8697 0
      vertex 18.1173 67.6148 0
      vertex 33.8704 36.8403 0
    endloop
  endfacet
  facet normal 0 0 -1
    outer loop
      vertex 16.4114 19.103 0
      vertex 4.69846 19.7101 0
      vertex 16.4815 19.2723 0
    endloop
  endfacet
  facet normal 0 0 -1
    outer loop
      vertex 4.69846 19.7101 0
      vertex 16.4114 19.103 0
      vertex 4.82963 19.2941 0
    endloop
  endfacet
  facet normal 0 0 -1
    outer loop
      vertex 16.3563 18.9283 0
      vertex 4.82963 19.2941 0
      vertex 16.4114 19.103 0
    endloop
  endfacet
  facet normal 0 0 -1
    outer loop
      vertex 4.82963 19.2941 0
      vertex 16.3563 18.9283 0
      vertex 4.92404 18.8682 0
    endloop
  endfacet
  facet normal 0 0 -1
    outer loop
      vertex 16.3167 18.7494 0
      vertex 4.92404 18.8682 0
      vertex 16.3563 18.9283 0
    endloop
  endfacet
  facet normal 0 0 -1
    outer loop
      vertex 4.92404 18.8682 0
      vertex 16.3167 18.7494 0
      vertex 4.98097 18.4358 0
    endloop
  endfacet
  facet normal -0 0 -1
    outer loop
      vertex 16.2928 18.5678 0
      vertex 4.98097 18.4358 0
      vertex 16.3167 18.7494 0
    endloop
  endfacet
  facet normal 0 0 -1
    outer loop
      vertex 10.0814 1.59748 0
      vertex 17.3348 16.5661 0
      vertex 10.2185 1.54072 0
    endloop
  endfacet
  facet normal -0 0 -1
    outer loop
      vertex 17.4973 16.4815 0
      vertex 10.2185 1.54072 0
      vertex 17.3348 16.5661 0
    endloop
  endfacet
  facet normal 0 0 -1
    outer loop
      vertex 19.4348 -16.5661 0
      vertex 11.1742 -0.295201 0
      vertex 11.1935 -0.148165 0
    endloop
  endfacet
  facet normal -0 0 -1
    outer loop
      vertex 17.3348 16.5661 0
      vertex 10.0814 1.59748 0
      vertex 17.1803 16.6646 0
    endloop
  endfacet
  facet normal 0 0 -1
    outer loop
      vertex 16.8999 19.8697 0
      vertex 12.1554 68.9365 0
      vertex 18.1173 67.6148 0
    endloop
  endfacet
  facet normal 0 0 -1
    outer loop
      vertex 10.2185 1.54072 0
      vertex 17.4973 16.4815 0
      vertex 10.35 1.47224 0
    endloop
  endfacet
  facet normal 0 0 -1
    outer loop
      vertex 19.5893 -16.6646 0
      vertex 11.1935 -0.148165 0
      vertex 11.2 0 0
    endloop
  endfacet
  facet normal 0 0 -1
    outer loop
      vertex 19.2723 -16.4815 0
      vertex 11.1421 -0.439992 0
      vertex 11.1742 -0.295201 0
    endloop
  endfacet
  facet normal 0 0 -1
    outer loop
      vertex 19.103 -16.4114 0
      vertex 11.0975 -0.581433 0
      vertex 11.1421 -0.439992 0
    endloop
  endfacet
  facet normal 0 0 -1
    outer loop
      vertex 18.9283 -16.3563 0
      vertex 11.0407 -0.718451 0
      vertex 11.0975 -0.581433 0
    endloop
  endfacet
  facet normal 0 0 -1
    outer loop
      vertex 18.7494 -16.3167 0
      vertex 10.9722 -0.849999 0
      vertex 11.0407 -0.718451 0
    endloop
  endfacet
  facet normal 0 0 -1
    outer loop
      vertex 18.5678 -16.2928 0
      vertex 10.8926 -0.97508 0
      vertex 10.9722 -0.849999 0
    endloop
  endfacet
  facet normal 0 0 -1
    outer loop
      vertex 18.3848 -16.2848 0
      vertex 10.8023 -1.09274 0
      vertex 10.8926 -0.97508 0
    endloop
  endfacet
  facet normal 0 0 -1
    outer loop
      vertex 18.2017 -16.2928 0
      vertex 10.7021 -1.20208 0
      vertex 10.8023 -1.09274 0
    endloop
  endfacet
  facet normal 0 0 -1
    outer loop
      vertex 18.0201 -16.3167 0
      vertex 10.5927 -1.30227 0
      vertex 10.7021 -1.20208 0
    endloop
  endfacet
  facet normal 0 0 -1
    outer loop
      vertex 17.8413 -16.3563 0
      vertex 10.4751 -1.39256 0
      vertex 10.5927 -1.30227 0
    endloop
  endfacet
  facet normal 0 0 -1
    outer loop
      vertex 17.6665 -16.4114 0
      vertex 10.35 -1.47224 0
      vertex 10.4751 -1.39256 0
    endloop
  endfacet
  facet normal 0 0 -1
    outer loop
      vertex 17.4973 -16.4815 0
      vertex 10.2185 -1.54072 0
      vertex 10.35 -1.47224 0
    endloop
  endfacet
  facet normal 0 0 -1
    outer loop
      vertex 17.3348 -16.5661 0
      vertex 10.0814 -1.59748 0
      vertex 10.2185 -1.54072 0
    endloop
  endfacet
  facet normal 0 0 -1
    outer loop
      vertex 17.1803 -16.6646 0
      vertex 9.93999 -1.64207 0
      vertex 10.0814 -1.59748 0
    endloop
  endfacet
  facet normal 0 0 -1
    outer loop
      vertex 17.0349 -16.7761 0
      vertex 9.7952 -1.67417 0
      vertex 9.93999 -1.64207 0
    endloop
  endfacet
  facet normal 0 0 -1
    outer loop
      vertex 16.6646 -17.1803 0
      vertex 4.53154 -15.8869 0
      vertex 16.7761 -17.0349 0
    endloop
  endfacet
  facet normal 0 0 -1
    outer loop
      vertex 16.4815 -17.4973 0
      vertex 4.69846 -16.2899 0
      vertex 16.5661 -17.3348 0
    endloop
  endfacet
  facet normal 0 0 -1
    outer loop
      vertex 16.4114 -17.6665 0
      vertex 4.82963 -16.7059 0
      vertex 16.4815 -17.4973 0
    endloop
  endfacet
  facet normal 0 0 -1
    outer loop
      vertex 16.5661 -17.3348 0
      vertex 4.69846 -16.2899 0
      vertex 16.6646 -17.1803 0
    endloop
  endfacet
  facet normal 0 0 -1
    outer loop
      vertex 4.98097 -18.4358 0
      vertex 16.2928 -18.5678 0
      vertex 16.3167 -18.7494 0
    endloop
  endfacet
  facet normal 0 0 -1
    outer loop
      vertex 4.53154 -15.8869 0
      vertex 16.6646 -17.1803 0
      vertex 4.69846 -16.2899 0
    endloop
  endfacet
  facet normal 0 0 -1
    outer loop
      vertex 4.33013 -15.5 0
      vertex 16.7761 -17.0349 0
      vertex 4.53154 -15.8869 0
    endloop
  endfacet
  facet normal 0 0 -1
    outer loop
      vertex 4.09576 -15.1321 0
      vertex 16.8999 -16.8999 0
      vertex 4.33013 -15.5 0
    endloop
  endfacet
  facet normal 0 0 -1
    outer loop
      vertex 16.8999 -16.8999 0
      vertex 4.09576 -15.1321 0
      vertex 17.0349 -16.7761 0
    endloop
  endfacet
  facet normal 0 0 -1
    outer loop
      vertex 17.0349 -16.7761 0
      vertex 4.09576 -15.1321 0
      vertex 9.7952 -1.67417 0
    endloop
  endfacet
  facet normal 0 0 -1
    outer loop
      vertex 9.7952 -1.67417 0
      vertex 4.09576 -15.1321 0
      vertex 9.64816 -1.69353 0
    endloop
  endfacet
  facet normal 0 0 -1
    outer loop
      vertex 3.83022 -14.7861 0
      vertex 9.64816 -1.69353 0
      vertex 4.09576 -15.1321 0
    endloop
  endfacet
  facet normal 0 0 -1
    outer loop
      vertex 4.98097 -18.4358 0
      vertex 16.2848 -18.3848 0
      vertex 16.2928 -18.5678 0
    endloop
  endfacet
  facet normal 0 0 -1
    outer loop
      vertex 9.64816 -1.69353 0
      vertex 3.83022 -14.7861 0
      vertex 9.5 -1.7 0
    endloop
  endfacet
  facet normal -0 0 -1
    outer loop
      vertex 9.5 -1.7 0
      vertex 3.53553 -14.4645 0
      vertex 9.35184 -1.69353 0
    endloop
  endfacet
  facet normal -0 0 -1
    outer loop
      vertex 9.35184 -1.69353 0
      vertex 3.53553 -14.4645 0
      vertex 9.2048 -1.67417 0
    endloop
  endfacet
  facet normal 0 0 -1
    outer loop
      vertex 3.21394 -14.1698 0
      vertex 9.2048 -1.67417 0
      vertex 3.53553 -14.4645 0
    endloop
  endfacet
  facet normal -0 0 -1
    outer loop
      vertex 9.2048 -1.67417 0
      vertex 3.21394 -14.1698 0
      vertex 9.06001 -1.64207 0
    endloop
  endfacet
  facet normal 0 0 -1
    outer loop
      vertex 2.86788 -13.9042 0
      vertex 9.06001 -1.64207 0
      vertex 3.21394 -14.1698 0
    endloop
  endfacet
  facet normal 0 0 -1
    outer loop
      vertex 2.5 -13.6699 0
      vertex 8.91857 -1.59748 0
      vertex 2.86788 -13.9042 0
    endloop
  endfacet
  facet normal -0 0 -1
    outer loop
      vertex 9.06001 -1.64207 0
      vertex 2.86788 -13.9042 0
      vertex 8.91857 -1.59748 0
    endloop
  endfacet
  facet normal -1 0 0
    outer loop
      vertex -52 2.49018 49.0936
      vertex -52 46.15 67
      vertex -52 46.15 5
    endloop
  endfacet
  facet normal -1 0 0
    outer loop
      vertex -52 46.15 67
      vertex -52 2.63992 49.769
      vertex -52 2.65 50
    endloop
  endfacet
  facet normal -1 0 0
    outer loop
      vertex -52 46.15 67
      vertex -52 2.60974 49.5398
      vertex -52 2.63992 49.769
    endloop
  endfacet
  facet normal -1 0 0
    outer loop
      vertex -52 46.15 67
      vertex -52 2.5597 49.3141
      vertex -52 2.60974 49.5398
    endloop
  endfacet
  facet normal -1 0 0
    outer loop
      vertex -52 46.15 67
      vertex -52 2.49018 49.0936
      vertex -52 2.5597 49.3141
    endloop
  endfacet
  facet normal -1 0 0
    outer loop
      vertex -52 46.15 5
      vertex -52 2.40172 48.8801
      vertex -52 2.49018 49.0936
    endloop
  endfacet
  facet normal -1 0 0
    outer loop
      vertex -52 46.15 5
      vertex -52 2.29497 48.675
      vertex -52 2.40172 48.8801
    endloop
  endfacet
  facet normal -1 0 0
    outer loop
      vertex -52 46.15 5
      vertex -52 2.17075 48.48
      vertex -52 2.29497 48.675
    endloop
  endfacet
  facet normal -1 0 0
    outer loop
      vertex -52 46.15 5
      vertex -52 2.03002 48.2966
      vertex -52 2.17075 48.48
    endloop
  endfacet
  facet normal -1 0 0
    outer loop
      vertex -52 46.15 5
      vertex -52 1.87383 48.1262
      vertex -52 2.03002 48.2966
    endloop
  endfacet
  facet normal -1 0 0
    outer loop
      vertex -52 46.15 5
      vertex -52 1.70339 47.97
      vertex -52 1.87383 48.1262
    endloop
  endfacet
  facet normal -1 0 0
    outer loop
      vertex -52 46.15 5
      vertex -52 1.51998 47.8292
      vertex -52 1.70339 47.97
    endloop
  endfacet
  facet normal -1 0 0
    outer loop
      vertex -52 46.15 5
      vertex -52 1.325 47.705
      vertex -52 1.51998 47.8292
    endloop
  endfacet
  facet normal -1 0 0
    outer loop
      vertex -52 46.15 5
      vertex -52 1.11994 47.5983
      vertex -52 1.325 47.705
    endloop
  endfacet
  facet normal -1 0 0
    outer loop
      vertex -52 46.15 5
      vertex -52 0.906353 47.5098
      vertex -52 1.11994 47.5983
    endloop
  endfacet
  facet normal -1 0 0
    outer loop
      vertex -52 46.15 5
      vertex -52 0.68587 47.4403
      vertex -52 0.906353 47.5098
    endloop
  endfacet
  facet normal -1 0 0
    outer loop
      vertex -52 -25.85 5
      vertex -52 0.68587 47.4403
      vertex -52 46.15 5
    endloop
  endfacet
  facet normal -1 0 0
    outer loop
      vertex -52 0.68587 47.4403
      vertex -52 -25.85 5
      vertex -52 0.460167 47.3903
    endloop
  endfacet
  facet normal -1 0 0
    outer loop
      vertex -52 0.460167 47.3903
      vertex -52 -25.85 5
      vertex -52 0.230962 47.3601
    endloop
  endfacet
  facet normal -1 0 0
    outer loop
      vertex -52 0.230962 47.3601
      vertex -52 -25.85 5
      vertex -52 0 47.35
    endloop
  endfacet
  facet normal -1 -0 0
    outer loop
      vertex -52 0 47.35
      vertex -52 -25.85 5
      vertex -52 -0.230962 47.3601
    endloop
  endfacet
  facet normal -1 -0 0
    outer loop
      vertex -52 -0.230962 47.3601
      vertex -52 -25.85 5
      vertex -52 -0.460167 47.3903
    endloop
  endfacet
  facet normal -1 -0 0
    outer loop
      vertex -52 -0.460167 47.3903
      vertex -52 -25.85 5
      vertex -52 -0.68587 47.4403
    endloop
  endfacet
  facet normal -1 -0 0
    outer loop
      vertex -52 -0.68587 47.4403
      vertex -52 -25.85 5
      vertex -52 -0.906353 47.5098
    endloop
  endfacet
  facet normal -1 -0 0
    outer loop
      vertex -52 -0.906353 47.5098
      vertex -52 -25.85 5
      vertex -52 -1.11994 47.5983
    endloop
  endfacet
  facet normal -1 -0 0
    outer loop
      vertex -52 -1.11994 47.5983
      vertex -52 -25.85 5
      vertex -52 -1.325 47.705
    endloop
  endfacet
  facet normal -1 -0 0
    outer loop
      vertex -52 -1.325 47.705
      vertex -52 -25.85 5
      vertex -52 -1.51998 47.8292
    endloop
  endfacet
  facet normal -1 0 0
    outer loop
      vertex -52 -2.60974 49.5398
      vertex -52 -25.85 67
      vertex -52 -2.63992 49.769
    endloop
  endfacet
  facet normal -1 0 0
    outer loop
      vertex -52 -2.5597 49.3141
      vertex -52 -25.85 67
      vertex -52 -2.60974 49.5398
    endloop
  endfacet
  facet normal -1 0 0
    outer loop
      vertex -52 -2.49018 49.0936
      vertex -52 -25.85 67
      vertex -52 -2.5597 49.3141
    endloop
  endfacet
  facet normal -1 0 0
    outer loop
      vertex -52 -2.40172 48.8801
      vertex -52 -25.85 67
      vertex -52 -2.49018 49.0936
    endloop
  endfacet
  facet normal -1 0 0
    outer loop
      vertex -52 -25.85 67
      vertex -52 -2.40172 48.8801
      vertex -52 -25.85 5
    endloop
  endfacet
  facet normal -1 -0 0
    outer loop
      vertex -52 -2.29497 48.675
      vertex -52 -25.85 5
      vertex -52 -2.40172 48.8801
    endloop
  endfacet
  facet normal -1 -0 0
    outer loop
      vertex -52 -2.17075 48.48
      vertex -52 -25.85 5
      vertex -52 -2.29497 48.675
    endloop
  endfacet
  facet normal -1 -0 0
    outer loop
      vertex -52 -2.03002 48.2966
      vertex -52 -25.85 5
      vertex -52 -2.17075 48.48
    endloop
  endfacet
  facet normal -1 -0 0
    outer loop
      vertex -52 -1.87383 48.1262
      vertex -52 -25.85 5
      vertex -52 -2.03002 48.2966
    endloop
  endfacet
  facet normal -1 -0 0
    outer loop
      vertex -52 -1.70339 47.97
      vertex -52 -25.85 5
      vertex -52 -1.87383 48.1262
    endloop
  endfacet
  facet normal -1 -0 0
    outer loop
      vertex -52 -1.51998 47.8292
      vertex -52 -25.85 5
      vertex -52 -1.70339 47.97
    endloop
  endfacet
  facet normal -1 0 0
    outer loop
      vertex -52 2.63992 50.231
      vertex -52 46.15 67
      vertex -52 2.65 50
    endloop
  endfacet
  facet normal -1 0 0
    outer loop
      vertex -52 2.60974 50.4602
      vertex -52 46.15 67
      vertex -52 2.63992 50.231
    endloop
  endfacet
  facet normal -1 0 0
    outer loop
      vertex -52 2.5597 50.6859
      vertex -52 46.15 67
      vertex -52 2.60974 50.4602
    endloop
  endfacet
  facet normal -1 0 0
    outer loop
      vertex -52 2.49018 50.9064
      vertex -52 46.15 67
      vertex -52 2.5597 50.6859
    endloop
  endfacet
  facet normal -1 0 0
    outer loop
      vertex -52 2.40172 51.1199
      vertex -52 46.15 67
      vertex -52 2.49018 50.9064
    endloop
  endfacet
  facet normal -1 0 0
    outer loop
      vertex -52 2.29497 51.325
      vertex -52 46.15 67
      vertex -52 2.40172 51.1199
    endloop
  endfacet
  facet normal -1 0 0
    outer loop
      vertex -52 2.17075 51.52
      vertex -52 46.15 67
      vertex -52 2.29497 51.325
    endloop
  endfacet
  facet normal -1 0 0
    outer loop
      vertex -52 2.03002 51.7034
      vertex -52 46.15 67
      vertex -52 2.17075 51.52
    endloop
  endfacet
  facet normal -1 0 0
    outer loop
      vertex -52 1.87383 51.8738
      vertex -52 46.15 67
      vertex -52 2.03002 51.7034
    endloop
  endfacet
  facet normal -1 0 0
    outer loop
      vertex -52 1.70339 52.03
      vertex -52 46.15 67
      vertex -52 1.87383 51.8738
    endloop
  endfacet
  facet normal -1 0 0
    outer loop
      vertex -52 1.51998 52.1708
      vertex -52 46.15 67
      vertex -52 1.70339 52.03
    endloop
  endfacet
  facet normal -1 0 0
    outer loop
      vertex -52 1.325 52.295
      vertex -52 46.15 67
      vertex -52 1.51998 52.1708
    endloop
  endfacet
  facet normal -1 0 0
    outer loop
      vertex -52 1.11994 52.4017
      vertex -52 46.15 67
      vertex -52 1.325 52.295
    endloop
  endfacet
  facet normal -1 0 0
    outer loop
      vertex -52 0.906353 52.4902
      vertex -52 46.15 67
      vertex -52 1.11994 52.4017
    endloop
  endfacet
  facet normal -1 0 0
    outer loop
      vertex -52 0.68587 52.5597
      vertex -52 46.15 67
      vertex -52 0.906353 52.4902
    endloop
  endfacet
  facet normal -1 0 0
    outer loop
      vertex -52 0.460167 52.6097
      vertex -52 46.15 67
      vertex -52 0.68587 52.5597
    endloop
  endfacet
  facet normal -1 0 0
    outer loop
      vertex -52 -25.85 67
      vertex -52 0.460167 52.6097
      vertex -52 0.230962 52.6399
    endloop
  endfacet
  facet normal -1 0 0
    outer loop
      vertex -52 -25.85 67
      vertex -52 0.230962 52.6399
      vertex -52 0 52.65
    endloop
  endfacet
  facet normal -1 0 0
    outer loop
      vertex -52 -25.85 67
      vertex -52 0 52.65
      vertex -52 -0.230962 52.6399
    endloop
  endfacet
  facet normal -1 0 0
    outer loop
      vertex -52 -25.85 67
      vertex -52 -0.230962 52.6399
      vertex -52 -0.460167 52.6097
    endloop
  endfacet
  facet normal -1 0 0
    outer loop
      vertex -52 -25.85 67
      vertex -52 -0.460167 52.6097
      vertex -52 -0.68587 52.5597
    endloop
  endfacet
  facet normal -1 0 0
    outer loop
      vertex -52 -2.63992 49.769
      vertex -52 -25.85 67
      vertex -52 -2.65 50
    endloop
  endfacet
  facet normal -1 0 0
    outer loop
      vertex -52 -2.65 50
      vertex -52 -25.85 67
      vertex -52 -2.63992 50.231
    endloop
  endfacet
  facet normal -1 0 0
    outer loop
      vertex -52 -2.63992 50.231
      vertex -52 -25.85 67
      vertex -52 -2.60974 50.4602
    endloop
  endfacet
  facet normal -1 0 0
    outer loop
      vertex -52 -2.60974 50.4602
      vertex -52 -25.85 67
      vertex -52 -2.5597 50.6859
    endloop
  endfacet
  facet normal -1 0 0
    outer loop
      vertex -52 -2.5597 50.6859
      vertex -52 -25.85 67
      vertex -52 -2.49018 50.9064
    endloop
  endfacet
  facet normal -1 0 0
    outer loop
      vertex -52 0.460167 52.6097
      vertex -52 -25.85 67
      vertex -52 46.15 67
    endloop
  endfacet
  facet normal -1 0 0
    outer loop
      vertex -52 -0.906353 52.4902
      vertex -52 -25.85 67
      vertex -52 -0.68587 52.5597
    endloop
  endfacet
  facet normal -1 0 0
    outer loop
      vertex -52 -1.11994 52.4017
      vertex -52 -25.85 67
      vertex -52 -0.906353 52.4902
    endloop
  endfacet
  facet normal -1 0 0
    outer loop
      vertex -52 -1.325 52.295
      vertex -52 -25.85 67
      vertex -52 -1.11994 52.4017
    endloop
  endfacet
  facet normal -1 0 0
    outer loop
      vertex -52 -1.51998 52.1708
      vertex -52 -25.85 67
      vertex -52 -1.325 52.295
    endloop
  endfacet
  facet normal -1 0 0
    outer loop
      vertex -52 -1.70339 52.03
      vertex -52 -25.85 67
      vertex -52 -1.51998 52.1708
    endloop
  endfacet
  facet normal -1 0 0
    outer loop
      vertex -52 -1.87383 51.8738
      vertex -52 -25.85 67
      vertex -52 -1.70339 52.03
    endloop
  endfacet
  facet normal -1 0 0
    outer loop
      vertex -52 -2.03002 51.7034
      vertex -52 -25.85 67
      vertex -52 -1.87383 51.8738
    endloop
  endfacet
  facet normal -1 0 0
    outer loop
      vertex -52 -2.17075 51.52
      vertex -52 -25.85 67
      vertex -52 -2.03002 51.7034
    endloop
  endfacet
  facet normal -1 0 0
    outer loop
      vertex -52 -2.29497 51.325
      vertex -52 -25.85 67
      vertex -52 -2.17075 51.52
    endloop
  endfacet
  facet normal -1 0 0
    outer loop
      vertex -52 -2.40172 51.1199
      vertex -52 -25.85 67
      vertex -52 -2.29497 51.325
    endloop
  endfacet
  facet normal -1 0 0
    outer loop
      vertex -52 -2.49018 50.9064
      vertex -52 -25.85 67
      vertex -52 -2.40172 51.1199
    endloop
  endfacet
  facet normal 0 1 -0
    outer loop
      vertex -46 46.15 37
      vertex -52 46.15 67
      vertex -46 46.15 67
    endloop
  endfacet
  facet normal 0 1 0
    outer loop
      vertex -46 46.15 37
      vertex -52 46.15 5
      vertex -52 46.15 67
    endloop
  endfacet
  facet normal 0 1 0
    outer loop
      vertex -52 46.15 5
      vertex -46 46.15 37
      vertex -33.5556 46.15 5
    endloop
  endfacet
  facet normal 0 -1 0
    outer loop
      vertex -52 -25.85 67
      vertex -46 -25.85 37
      vertex -46 -25.85 67
    endloop
  endfacet
  facet normal 0 -1 0
    outer loop
      vertex -52 -25.85 5
      vertex -46 -25.85 37
      vertex -52 -25.85 67
    endloop
  endfacet
  facet normal 0 -1 -0
    outer loop
      vertex -46 -25.85 37
      vertex -52 -25.85 5
      vertex -33.5556 -25.85 5
    endloop
  endfacet
  facet normal 1 0 0
    outer loop
      vertex 52 -13.2477 54.6377
      vertex 52 -10.5 60.15
      vertex 52 -13.2213 54.7569
    endloop
  endfacet
  facet normal 1 0 0
    outer loop
      vertex 52 -10.5 39.85
      vertex 52 -13.2053 45.122
      vertex 52 -13.2 45
    endloop
  endfacet
  facet normal 1 0 0
    outer loop
      vertex 52 -10.5 60.15
      vertex 52 -13.2477 54.6377
      vertex 52 -10.5 39.85
    endloop
  endfacet
  facet normal 1 0 0
    outer loop
      vertex 52 -10.5 39.85
      vertex 52 -13.2213 45.2431
      vertex 52 -13.2053 45.122
    endloop
  endfacet
  facet normal 1 -0 0
    outer loop
      vertex 52 -13.2477 45.3623
      vertex 52 -10.5 39.85
      vertex 52 -13.2477 54.6377
    endloop
  endfacet
  facet normal 1 0 0
    outer loop
      vertex 52 -10.5 39.85
      vertex 52 -13.2477 45.3623
      vertex 52 -13.2213 45.2431
    endloop
  endfacet
  facet normal 1 -0 0
    outer loop
      vertex 52 -13.2844 54.5212
      vertex 52 -13.2477 45.3623
      vertex 52 -13.2477 54.6377
    endloop
  endfacet
  facet normal 1 0 0
    outer loop
      vertex 52 -13.2844 54.5212
      vertex 52 -13.2844 45.4788
      vertex 52 -13.2477 45.3623
    endloop
  endfacet
  facet normal 1 -0 0
    outer loop
      vertex 52 -13.3312 54.4083
      vertex 52 -13.2844 45.4788
      vertex 52 -13.2844 54.5212
    endloop
  endfacet
  facet normal 1 0 0
    outer loop
      vertex 52 -13.3312 54.4083
      vertex 52 -13.3312 45.5917
      vertex 52 -13.2844 45.4788
    endloop
  endfacet
  facet normal 1 -0 0
    outer loop
      vertex 52 -13.3876 54.3
      vertex 52 -13.3312 45.5917
      vertex 52 -13.3312 54.4083
    endloop
  endfacet
  facet normal 1 0 0
    outer loop
      vertex 52 -13.3876 54.3
      vertex 52 -13.3876 45.7
      vertex 52 -13.3312 45.5917
    endloop
  endfacet
  facet normal 1 -0 0
    outer loop
      vertex 52 -13.4532 54.197
      vertex 52 -13.3876 45.7
      vertex 52 -13.3876 54.3
    endloop
  endfacet
  facet normal 1 0 0
    outer loop
      vertex 52 -13.4532 54.197
      vertex 52 -13.4532 45.803
      vertex 52 -13.3876 45.7
    endloop
  endfacet
  facet normal 1 -0 0
    outer loop
      vertex 52 -13.5275 54.1001
      vertex 52 -13.4532 45.803
      vertex 52 -13.4532 54.197
    endloop
  endfacet
  facet normal 1 0 0
    outer loop
      vertex 52 -13.5275 54.1001
      vertex 52 -13.5275 45.8999
      vertex 52 -13.4532 45.803
    endloop
  endfacet
  facet normal 1 -0 0
    outer loop
      vertex 52 -13.6101 54.01
      vertex 52 -13.5275 45.8999
      vertex 52 -13.5275 54.1001
    endloop
  endfacet
  facet normal 1 0 0
    outer loop
      vertex 52 -13.6101 54.01
      vertex 52 -13.6101 45.99
      vertex 52 -13.5275 45.8999
    endloop
  endfacet
  facet normal 1 -0 0
    outer loop
      vertex 52 -13.7001 53.9275
      vertex 52 -13.6101 45.99
      vertex 52 -13.6101 54.01
    endloop
  endfacet
  facet normal 1 0 0
    outer loop
      vertex 52 -13.7001 53.9275
      vertex 52 -13.7001 46.0725
      vertex 52 -13.6101 45.99
    endloop
  endfacet
  facet normal 1 -0 0
    outer loop
      vertex 52 -13.797 53.8532
      vertex 52 -13.7001 46.0725
      vertex 52 -13.7001 53.9275
    endloop
  endfacet
  facet normal 1 0 0
    outer loop
      vertex 52 -13.797 53.8532
      vertex 52 -13.797 46.1468
      vertex 52 -13.7001 46.0725
    endloop
  endfacet
  facet normal 1 -0 0
    outer loop
      vertex 52 -13.9 53.7876
      vertex 52 -13.797 46.1468
      vertex 52 -13.797 53.8532
    endloop
  endfacet
  facet normal 1 0 0
    outer loop
      vertex 52 -13.9 53.7876
      vertex 52 -13.9 46.2124
      vertex 52 -13.797 46.1468
    endloop
  endfacet
  facet normal 1 -0 0
    outer loop
      vertex 52 -14.0083 53.7312
      vertex 52 -13.9 46.2124
      vertex 52 -13.9 53.7876
    endloop
  endfacet
  facet normal 1 0 0
    outer loop
      vertex 52 -14.0083 53.7312
      vertex 52 -14.0083 46.2688
      vertex 52 -13.9 46.2124
    endloop
  endfacet
  facet normal 1 -0 0
    outer loop
      vertex 52 -14.1212 53.6844
      vertex 52 -14.0083 46.2688
      vertex 52 -14.0083 53.7312
    endloop
  endfacet
  facet normal 1 0 0
    outer loop
      vertex 52 -14.1212 53.6844
      vertex 52 -14.1212 46.3156
      vertex 52 -14.0083 46.2688
    endloop
  endfacet
  facet normal 1 -0 0
    outer loop
      vertex 52 -14.2377 53.6477
      vertex 52 -14.1212 46.3156
      vertex 52 -14.1212 53.6844
    endloop
  endfacet
  facet normal 1 0 0
    outer loop
      vertex 52 -14.2377 53.6477
      vertex 52 -14.2377 46.3523
      vertex 52 -14.1212 46.3156
    endloop
  endfacet
  facet normal 1 -0 0
    outer loop
      vertex 52 -14.3569 53.6213
      vertex 52 -14.2377 46.3523
      vertex 52 -14.2377 53.6477
    endloop
  endfacet
  facet normal 1 0 0
    outer loop
      vertex 52 -14.3569 53.6213
      vertex 52 -14.3569 46.3787
      vertex 52 -14.2377 46.3523
    endloop
  endfacet
  facet normal 1 -0 0
    outer loop
      vertex 52 -14.478 53.6053
      vertex 52 -14.3569 46.3787
      vertex 52 -14.3569 53.6213
    endloop
  endfacet
  facet normal 1 0 0
    outer loop
      vertex 52 -14.478 53.6053
      vertex 52 -14.478 46.3947
      vertex 52 -14.3569 46.3787
    endloop
  endfacet
  facet normal 1 -0 0
    outer loop
      vertex 52 -14.6 53.6
      vertex 52 -14.478 46.3947
      vertex 52 -14.478 53.6053
    endloop
  endfacet
  facet normal 1 0 0
    outer loop
      vertex 52 -14.6 53.6
      vertex 52 -14.6 46.4
      vertex 52 -14.478 46.3947
    endloop
  endfacet
  facet normal 1 0 0
    outer loop
      vertex 52 -14.722 53.6053
      vertex 52 -14.6 46.4
      vertex 52 -14.6 53.6
    endloop
  endfacet
  facet normal 1 0 0
    outer loop
      vertex 52 -14.722 53.6053
      vertex 52 -14.722 46.3947
      vertex 52 -14.6 46.4
    endloop
  endfacet
  facet normal 1 0 0
    outer loop
      vertex 52 -14.8431 53.6213
      vertex 52 -14.722 46.3947
      vertex 52 -14.722 53.6053
    endloop
  endfacet
  facet normal 1 0 0
    outer loop
      vertex 52 -14.8431 53.6213
      vertex 52 -14.8431 46.3787
      vertex 52 -14.722 46.3947
    endloop
  endfacet
  facet normal 1 0 0
    outer loop
      vertex 52 -14.9623 53.6477
      vertex 52 -14.8431 46.3787
      vertex 52 -14.8431 53.6213
    endloop
  endfacet
  facet normal 1 0 0
    outer loop
      vertex 52 -14.9623 53.6477
      vertex 52 -14.9623 46.3523
      vertex 52 -14.8431 46.3787
    endloop
  endfacet
  facet normal 1 0 0
    outer loop
      vertex 52 -15.0788 53.6844
      vertex 52 -14.9623 46.3523
      vertex 52 -14.9623 53.6477
    endloop
  endfacet
  facet normal 1 0 0
    outer loop
      vertex 52 -15.0788 53.6844
      vertex 52 -15.0788 46.3156
      vertex 52 -14.9623 46.3523
    endloop
  endfacet
  facet normal 1 0 0
    outer loop
      vertex 52 -15.1917 53.7312
      vertex 52 -15.0788 46.3156
      vertex 52 -15.0788 53.6844
    endloop
  endfacet
  facet normal 1 0 0
    outer loop
      vertex 52 -15.1917 53.7312
      vertex 52 -15.1917 46.2688
      vertex 52 -15.0788 46.3156
    endloop
  endfacet
  facet normal 1 0 0
    outer loop
      vertex 52 -15.3 53.7876
      vertex 52 -15.1917 46.2688
      vertex 52 -15.1917 53.7312
    endloop
  endfacet
  facet normal 1 0 0
    outer loop
      vertex 52 -15.3 53.7876
      vertex 52 -15.3 46.2124
      vertex 52 -15.1917 46.2688
    endloop
  endfacet
  facet normal 1 0 0
    outer loop
      vertex 52 -15.403 53.8532
      vertex 52 -15.3 46.2124
      vertex 52 -15.3 53.7876
    endloop
  endfacet
  facet normal 1 0 0
    outer loop
      vertex 52 -15.403 53.8532
      vertex 52 -15.403 46.1468
      vertex 52 -15.3 46.2124
    endloop
  endfacet
  facet normal 1 0 0
    outer loop
      vertex 52 -15.4999 53.9275
      vertex 52 -15.403 46.1468
      vertex 52 -15.403 53.8532
    endloop
  endfacet
  facet normal 1 0 0
    outer loop
      vertex 52 -15.4999 53.9275
      vertex 52 -15.4999 46.0725
      vertex 52 -15.403 46.1468
    endloop
  endfacet
  facet normal 1 0 0
    outer loop
      vertex 52 -15.5899 54.01
      vertex 52 -15.4999 46.0725
      vertex 52 -15.4999 53.9275
    endloop
  endfacet
  facet normal 1 0 0
    outer loop
      vertex 52 -15.5899 54.01
      vertex 52 -15.5899 45.99
      vertex 52 -15.4999 46.0725
    endloop
  endfacet
  facet normal 1 0 0
    outer loop
      vertex 52 -15.6725 54.1001
      vertex 52 -15.5899 45.99
      vertex 52 -15.5899 54.01
    endloop
  endfacet
  facet normal 1 0 0
    outer loop
      vertex 52 -15.6725 54.1001
      vertex 52 -15.6725 45.8999
      vertex 52 -15.5899 45.99
    endloop
  endfacet
  facet normal 1 0 0
    outer loop
      vertex 52 -15.7468 54.197
      vertex 52 -15.6725 45.8999
      vertex 52 -15.6725 54.1001
    endloop
  endfacet
  facet normal 1 0 0
    outer loop
      vertex 52 -15.7468 54.197
      vertex 52 -15.7468 45.803
      vertex 52 -15.6725 45.8999
    endloop
  endfacet
  facet normal 1 0 0
    outer loop
      vertex 52 -15.8124 54.3
      vertex 52 -15.7468 45.803
      vertex 52 -15.7468 54.197
    endloop
  endfacet
  facet normal 1 0 0
    outer loop
      vertex 52 -15.8124 54.3
      vertex 52 -15.8124 45.7
      vertex 52 -15.7468 45.803
    endloop
  endfacet
  facet normal 1 0 0
    outer loop
      vertex 52 -15.8688 54.4083
      vertex 52 -15.8124 45.7
      vertex 52 -15.8124 54.3
    endloop
  endfacet
  facet normal 1 0 0
    outer loop
      vertex 52 -15.8688 54.4083
      vertex 52 -15.8688 45.5917
      vertex 52 -15.8124 45.7
    endloop
  endfacet
  facet normal 1 0 0
    outer loop
      vertex 52 -15.9156 54.5212
      vertex 52 -15.8688 45.5917
      vertex 52 -15.8688 54.4083
    endloop
  endfacet
  facet normal 1 0 0
    outer loop
      vertex 52 -15.9156 54.5212
      vertex 52 -15.9156 45.4788
      vertex 52 -15.8688 45.5917
    endloop
  endfacet
  facet normal 1 0 0
    outer loop
      vertex 52 -15.9523 54.6377
      vertex 52 -15.9156 45.4788
      vertex 52 -15.9156 54.5212
    endloop
  endfacet
  facet normal 1 0 0
    outer loop
      vertex 52 -15.9523 54.6377
      vertex 52 -15.9523 45.3623
      vertex 52 -15.9156 45.4788
    endloop
  endfacet
  facet normal 1 0 0
    outer loop
      vertex 52 -25.85 67
      vertex 52 -15.9523 54.6377
      vertex 52 -15.9787 54.7569
    endloop
  endfacet
  facet normal 1 0 0
    outer loop
      vertex 52 -15.9523 54.6377
      vertex 52 -25.85 67
      vertex 52 -15.9523 45.3623
    endloop
  endfacet
  facet normal 1 0 0
    outer loop
      vertex 52 -25.85 67
      vertex 52 -15.9787 54.7569
      vertex 52 -15.9947 54.878
    endloop
  endfacet
  facet normal 1 0 0
    outer loop
      vertex 52 -15.9523 45.3623
      vertex 52 -25.85 67
      vertex 52 -15.9787 45.2431
    endloop
  endfacet
  facet normal 1 0 0
    outer loop
      vertex 52 -25.85 67
      vertex 52 -15.9947 54.878
      vertex 52 -16 55
    endloop
  endfacet
  facet normal 1 0 0
    outer loop
      vertex 52 -15.9787 45.2431
      vertex 52 -25.85 67
      vertex 52 -15.9947 45.122
    endloop
  endfacet
  facet normal 1 0 0
    outer loop
      vertex 52 36.2787 54.7569
      vertex 52 46.15 67
      vertex 52 36.2947 54.878
    endloop
  endfacet
  facet normal 1 0 0
    outer loop
      vertex 52 46.15 67
      vertex 52 36.2947 45.122
      vertex 52 36.3 45
    endloop
  endfacet
  facet normal 1 0 0
    outer loop
      vertex 52 36.2523 54.6377
      vertex 52 46.15 67
      vertex 52 36.2787 54.7569
    endloop
  endfacet
  facet normal 1 0 0
    outer loop
      vertex 52 46.15 67
      vertex 52 36.2787 45.2431
      vertex 52 36.2947 45.122
    endloop
  endfacet
  facet normal 1 0 0
    outer loop
      vertex 52 36.2523 45.3623
      vertex 52 46.15 67
      vertex 52 36.2523 54.6377
    endloop
  endfacet
  facet normal 1 0 0
    outer loop
      vertex 52 46.15 67
      vertex 52 36.2523 45.3623
      vertex 52 36.2787 45.2431
    endloop
  endfacet
  facet normal 1 -0 0
    outer loop
      vertex 52 36.2156 54.5212
      vertex 52 36.2523 45.3623
      vertex 52 36.2523 54.6377
    endloop
  endfacet
  facet normal 1 0 0
    outer loop
      vertex 52 36.2156 54.5212
      vertex 52 36.2156 45.4788
      vertex 52 36.2523 45.3623
    endloop
  endfacet
  facet normal 1 -0 0
    outer loop
      vertex 52 36.1688 54.4083
      vertex 52 36.2156 45.4788
      vertex 52 36.2156 54.5212
    endloop
  endfacet
  facet normal 1 0 0
    outer loop
      vertex 52 36.1688 54.4083
      vertex 52 36.1688 45.5917
      vertex 52 36.2156 45.4788
    endloop
  endfacet
  facet normal 1 -0 0
    outer loop
      vertex 52 36.1124 54.3
      vertex 52 36.1688 45.5917
      vertex 52 36.1688 54.4083
    endloop
  endfacet
  facet normal 1 0 0
    outer loop
      vertex 52 36.1124 54.3
      vertex 52 36.1124 45.7
      vertex 52 36.1688 45.5917
    endloop
  endfacet
  facet normal 1 -0 0
    outer loop
      vertex 52 36.0468 54.197
      vertex 52 36.1124 45.7
      vertex 52 36.1124 54.3
    endloop
  endfacet
  facet normal 1 0 0
    outer loop
      vertex 52 36.0468 54.197
      vertex 52 36.0468 45.803
      vertex 52 36.1124 45.7
    endloop
  endfacet
  facet normal 1 -0 0
    outer loop
      vertex 52 35.9725 54.1001
      vertex 52 36.0468 45.803
      vertex 52 36.0468 54.197
    endloop
  endfacet
  facet normal 1 0 0
    outer loop
      vertex 52 35.9725 54.1001
      vertex 52 35.9725 45.8999
      vertex 52 36.0468 45.803
    endloop
  endfacet
  facet normal 1 -0 0
    outer loop
      vertex 52 35.8899 54.01
      vertex 52 35.9725 45.8999
      vertex 52 35.9725 54.1001
    endloop
  endfacet
  facet normal 1 0 0
    outer loop
      vertex 52 35.8899 54.01
      vertex 52 35.8899 45.99
      vertex 52 35.9725 45.8999
    endloop
  endfacet
  facet normal 1 -0 0
    outer loop
      vertex 52 35.7999 53.9275
      vertex 52 35.8899 45.99
      vertex 52 35.8899 54.01
    endloop
  endfacet
  facet normal 1 0 0
    outer loop
      vertex 52 35.7999 53.9275
      vertex 52 35.7999 46.0725
      vertex 52 35.8899 45.99
    endloop
  endfacet
  facet normal 1 -0 0
    outer loop
      vertex 52 35.703 53.8532
      vertex 52 35.7999 46.0725
      vertex 52 35.7999 53.9275
    endloop
  endfacet
  facet normal 1 0 0
    outer loop
      vertex 52 35.703 53.8532
      vertex 52 35.703 46.1468
      vertex 52 35.7999 46.0725
    endloop
  endfacet
  facet normal 1 -0 0
    outer loop
      vertex 52 35.6 53.7876
      vertex 52 35.703 46.1468
      vertex 52 35.703 53.8532
    endloop
  endfacet
  facet normal 1 0 0
    outer loop
      vertex 52 35.6 53.7876
      vertex 52 35.6 46.2124
      vertex 52 35.703 46.1468
    endloop
  endfacet
  facet normal 1 -0 0
    outer loop
      vertex 52 35.4917 53.7312
      vertex 52 35.6 46.2124
      vertex 52 35.6 53.7876
    endloop
  endfacet
  facet normal 1 0 0
    outer loop
      vertex 52 35.4917 53.7312
      vertex 52 35.4917 46.2688
      vertex 52 35.6 46.2124
    endloop
  endfacet
  facet normal 1 -0 0
    outer loop
      vertex 52 35.3788 53.6844
      vertex 52 35.4917 46.2688
      vertex 52 35.4917 53.7312
    endloop
  endfacet
  facet normal 1 0 0
    outer loop
      vertex 52 35.3788 53.6844
      vertex 52 35.3788 46.3156
      vertex 52 35.4917 46.2688
    endloop
  endfacet
  facet normal 1 -0 0
    outer loop
      vertex 52 35.2623 53.6477
      vertex 52 35.3788 46.3156
      vertex 52 35.3788 53.6844
    endloop
  endfacet
  facet normal 1 0 0
    outer loop
      vertex 52 35.2623 53.6477
      vertex 52 35.2623 46.3523
      vertex 52 35.3788 46.3156
    endloop
  endfacet
  facet normal 1 -0 0
    outer loop
      vertex 52 35.1431 53.6213
      vertex 52 35.2623 46.3523
      vertex 52 35.2623 53.6477
    endloop
  endfacet
  facet normal 1 0 0
    outer loop
      vertex 52 35.1431 53.6213
      vertex 52 35.1431 46.3787
      vertex 52 35.2623 46.3523
    endloop
  endfacet
  facet normal 1 -0 0
    outer loop
      vertex 52 35.022 53.6053
      vertex 52 35.1431 46.3787
      vertex 52 35.1431 53.6213
    endloop
  endfacet
  facet normal 1 0 0
    outer loop
      vertex 52 35.022 53.6053
      vertex 52 35.022 46.3947
      vertex 52 35.1431 46.3787
    endloop
  endfacet
  facet normal 1 -0 0
    outer loop
      vertex 52 34.9 53.6
      vertex 52 35.022 46.3947
      vertex 52 35.022 53.6053
    endloop
  endfacet
  facet normal 1 0 0
    outer loop
      vertex 52 34.9 53.6
      vertex 52 34.9 46.4
      vertex 52 35.022 46.3947
    endloop
  endfacet
  facet normal 1 0 0
    outer loop
      vertex 52 34.778 53.6053
      vertex 52 34.9 46.4
      vertex 52 34.9 53.6
    endloop
  endfacet
  facet normal 1 0 0
    outer loop
      vertex 52 34.778 53.6053
      vertex 52 34.778 46.3947
      vertex 52 34.9 46.4
    endloop
  endfacet
  facet normal 1 0 0
    outer loop
      vertex 52 34.6569 53.6213
      vertex 52 34.778 46.3947
      vertex 52 34.778 53.6053
    endloop
  endfacet
  facet normal 1 0 0
    outer loop
      vertex 52 34.6569 53.6213
      vertex 52 34.6569 46.3787
      vertex 52 34.778 46.3947
    endloop
  endfacet
  facet normal 1 0 0
    outer loop
      vertex 52 34.5377 53.6477
      vertex 52 34.6569 46.3787
      vertex 52 34.6569 53.6213
    endloop
  endfacet
  facet normal 1 0 0
    outer loop
      vertex 52 34.5377 53.6477
      vertex 52 34.5377 46.3523
      vertex 52 34.6569 46.3787
    endloop
  endfacet
  facet normal 1 0 0
    outer loop
      vertex 52 34.4212 53.6844
      vertex 52 34.5377 46.3523
      vertex 52 34.5377 53.6477
    endloop
  endfacet
  facet normal 1 0 0
    outer loop
      vertex 52 34.4212 53.6844
      vertex 52 34.4212 46.3156
      vertex 52 34.5377 46.3523
    endloop
  endfacet
  facet normal 1 0 0
    outer loop
      vertex 52 34.3083 53.7312
      vertex 52 34.4212 46.3156
      vertex 52 34.4212 53.6844
    endloop
  endfacet
  facet normal 1 0 0
    outer loop
      vertex 52 34.3083 53.7312
      vertex 52 34.3083 46.2688
      vertex 52 34.4212 46.3156
    endloop
  endfacet
  facet normal 1 0 0
    outer loop
      vertex 52 34.2 53.7876
      vertex 52 34.3083 46.2688
      vertex 52 34.3083 53.7312
    endloop
  endfacet
  facet normal 1 0 0
    outer loop
      vertex 52 34.2 53.7876
      vertex 52 34.2 46.2124
      vertex 52 34.3083 46.2688
    endloop
  endfacet
  facet normal 1 0 0
    outer loop
      vertex 52 34.097 53.8532
      vertex 52 34.2 46.2124
      vertex 52 34.2 53.7876
    endloop
  endfacet
  facet normal 1 0 0
    outer loop
      vertex 52 34.097 53.8532
      vertex 52 34.097 46.1468
      vertex 52 34.2 46.2124
    endloop
  endfacet
  facet normal 1 0 0
    outer loop
      vertex 52 34.0001 53.9275
      vertex 52 34.097 46.1468
      vertex 52 34.097 53.8532
    endloop
  endfacet
  facet normal 1 0 0
    outer loop
      vertex 52 34.0001 53.9275
      vertex 52 34.0001 46.0725
      vertex 52 34.097 46.1468
    endloop
  endfacet
  facet normal 1 0 0
    outer loop
      vertex 52 33.91 54.01
      vertex 52 34.0001 46.0725
      vertex 52 34.0001 53.9275
    endloop
  endfacet
  facet normal 1 0 0
    outer loop
      vertex 52 33.91 54.01
      vertex 52 33.91 45.99
      vertex 52 34.0001 46.0725
    endloop
  endfacet
  facet normal 1 0 0
    outer loop
      vertex 52 33.8275 54.1001
      vertex 52 33.91 45.99
      vertex 52 33.91 54.01
    endloop
  endfacet
  facet normal 1 0 0
    outer loop
      vertex 52 33.8275 54.1001
      vertex 52 33.8275 45.8999
      vertex 52 33.91 45.99
    endloop
  endfacet
  facet normal 1 0 0
    outer loop
      vertex 52 33.7532 54.197
      vertex 52 33.8275 45.8999
      vertex 52 33.8275 54.1001
    endloop
  endfacet
  facet normal 1 0 0
    outer loop
      vertex 52 33.7532 54.197
      vertex 52 33.7532 45.803
      vertex 52 33.8275 45.8999
    endloop
  endfacet
  facet normal 1 0 0
    outer loop
      vertex 52 33.6876 54.3
      vertex 52 33.7532 45.803
      vertex 52 33.7532 54.197
    endloop
  endfacet
  facet normal 1 0 0
    outer loop
      vertex 52 33.6876 54.3
      vertex 52 33.6876 45.7
      vertex 52 33.7532 45.803
    endloop
  endfacet
  facet normal 1 0 0
    outer loop
      vertex 52 33.6312 54.4083
      vertex 52 33.6876 45.7
      vertex 52 33.6876 54.3
    endloop
  endfacet
  facet normal 1 0 0
    outer loop
      vertex 52 33.6312 54.4083
      vertex 52 33.6312 45.5917
      vertex 52 33.6876 45.7
    endloop
  endfacet
  facet normal 1 0 0
    outer loop
      vertex 52 33.5844 54.5212
      vertex 52 33.6312 45.5917
      vertex 52 33.6312 54.4083
    endloop
  endfacet
  facet normal 1 0 0
    outer loop
      vertex 52 33.5844 54.5212
      vertex 52 33.5844 45.4788
      vertex 52 33.6312 45.5917
    endloop
  endfacet
  facet normal 1 0 0
    outer loop
      vertex 52 33.5477 54.6377
      vertex 52 33.5844 45.4788
      vertex 52 33.5844 54.5212
    endloop
  endfacet
  facet normal 1 0 0
    outer loop
      vertex 52 33.5477 54.6377
      vertex 52 33.5477 45.3623
      vertex 52 33.5844 45.4788
    endloop
  endfacet
  facet normal 1 0 0
    outer loop
      vertex 52 30.8 60.15
      vertex 52 33.5477 54.6377
      vertex 52 33.5213 54.7569
    endloop
  endfacet
  facet normal 1 0 0
    outer loop
      vertex 52 33.5477 54.6377
      vertex 52 30.8 60.15
      vertex 52 33.5477 45.3623
    endloop
  endfacet
  facet normal 1 0 0
    outer loop
      vertex 52 30.8 60.15
      vertex 52 33.5213 54.7569
      vertex 52 33.5053 54.878
    endloop
  endfacet
  facet normal 1 0 0
    outer loop
      vertex 52 30.8 39.85
      vertex 52 33.5477 45.3623
      vertex 52 30.8 60.15
    endloop
  endfacet
  facet normal 1 0 0
    outer loop
      vertex 52 30.8 60.15
      vertex 52 33.5053 54.878
      vertex 52 33.5 55
    endloop
  endfacet
  facet normal 1 0 0
    outer loop
      vertex 52 33.5477 45.3623
      vertex 52 30.8 39.85
      vertex 52 33.5213 45.2431
    endloop
  endfacet
  facet normal 1 0 0
    outer loop
      vertex 52 36.2947 54.878
      vertex 52 46.15 67
      vertex 52 36.3 55
    endloop
  endfacet
  facet normal 1 0 0
    outer loop
      vertex 52 46.15 67
      vertex 52 36.2947 55.122
      vertex 52 36.3 55
    endloop
  endfacet
  facet normal 1 0 0
    outer loop
      vertex 52 46.15 67
      vertex 52 36.2787 55.2431
      vertex 52 36.2947 55.122
    endloop
  endfacet
  facet normal 1 0 0
    outer loop
      vertex 52 46.15 67
      vertex 52 36.2523 55.3623
      vertex 52 36.2787 55.2431
    endloop
  endfacet
  facet normal 1 0 0
    outer loop
      vertex 52 46.15 67
      vertex 52 36.2156 55.4788
      vertex 52 36.2523 55.3623
    endloop
  endfacet
  facet normal 1 0 0
    outer loop
      vertex 52 46.15 67
      vertex 52 36.1688 55.5917
      vertex 52 36.2156 55.4788
    endloop
  endfacet
  facet normal 1 0 0
    outer loop
      vertex 52 46.15 67
      vertex 52 36.1124 55.7
      vertex 52 36.1688 55.5917
    endloop
  endfacet
  facet normal 1 0 0
    outer loop
      vertex 52 46.15 67
      vertex 52 36.0468 55.803
      vertex 52 36.1124 55.7
    endloop
  endfacet
  facet normal 1 0 0
    outer loop
      vertex 52 46.15 67
      vertex 52 35.9725 55.8999
      vertex 52 36.0468 55.803
    endloop
  endfacet
  facet normal 1 0 0
    outer loop
      vertex 52 46.15 67
      vertex 52 35.8899 55.9899
      vertex 52 35.9725 55.8999
    endloop
  endfacet
  facet normal 1 0 0
    outer loop
      vertex 52 46.15 67
      vertex 52 35.7999 56.0725
      vertex 52 35.8899 55.9899
    endloop
  endfacet
  facet normal 1 0 0
    outer loop
      vertex 52 46.15 67
      vertex 52 35.703 56.1468
      vertex 52 35.7999 56.0725
    endloop
  endfacet
  facet normal 1 0 0
    outer loop
      vertex 52 46.15 67
      vertex 52 35.6 56.2124
      vertex 52 35.703 56.1468
    endloop
  endfacet
  facet normal 1 0 0
    outer loop
      vertex 52 46.15 67
      vertex 52 35.4917 56.2688
      vertex 52 35.6 56.2124
    endloop
  endfacet
  facet normal 1 0 0
    outer loop
      vertex 52 46.15 67
      vertex 52 35.3788 56.3156
      vertex 52 35.4917 56.2688
    endloop
  endfacet
  facet normal 1 -0 0
    outer loop
      vertex 52 30.8 60.15
      vertex 52 35.3788 56.3156
      vertex 52 46.15 67
    endloop
  endfacet
  facet normal 1 0 0
    outer loop
      vertex 52 35.3788 56.3156
      vertex 52 30.8 60.15
      vertex 52 35.2623 56.3523
    endloop
  endfacet
  facet normal 1 0 0
    outer loop
      vertex 52 35.2623 56.3523
      vertex 52 30.8 60.15
      vertex 52 35.1431 56.3787
    endloop
  endfacet
  facet normal 1 0 0
    outer loop
      vertex 52 35.1431 56.3787
      vertex 52 30.8 60.15
      vertex 52 35.022 56.3947
    endloop
  endfacet
  facet normal 1 0 0
    outer loop
      vertex 52 35.022 56.3947
      vertex 52 30.8 60.15
      vertex 52 34.9 56.4
    endloop
  endfacet
  facet normal 1 0 0
    outer loop
      vertex 52 34.9 56.4
      vertex 52 30.8 60.15
      vertex 52 34.778 56.3947
    endloop
  endfacet
  facet normal 1 0 0
    outer loop
      vertex 52 34.778 56.3947
      vertex 52 30.8 60.15
      vertex 52 34.6569 56.3787
    endloop
  endfacet
  facet normal 1 0 0
    outer loop
      vertex 52 34.6569 56.3787
      vertex 52 30.8 60.15
      vertex 52 34.5377 56.3523
    endloop
  endfacet
  facet normal 1 0 0
    outer loop
      vertex 52 34.5377 56.3523
      vertex 52 30.8 60.15
      vertex 52 34.4212 56.3156
    endloop
  endfacet
  facet normal 1 0 0
    outer loop
      vertex 52 34.4212 56.3156
      vertex 52 30.8 60.15
      vertex 52 34.3083 56.2688
    endloop
  endfacet
  facet normal 1 0 0
    outer loop
      vertex 52 34.3083 56.2688
      vertex 52 30.8 60.15
      vertex 52 34.2 56.2124
    endloop
  endfacet
  facet normal 1 0 0
    outer loop
      vertex 52 34.2 56.2124
      vertex 52 30.8 60.15
      vertex 52 34.097 56.1468
    endloop
  endfacet
  facet normal 1 0 0
    outer loop
      vertex 52 33.5213 45.2431
      vertex 52 30.8 39.85
      vertex 52 33.5053 45.122
    endloop
  endfacet
  facet normal 1 0 0
    outer loop
      vertex 52 33.5053 55.122
      vertex 52 30.8 60.15
      vertex 52 33.5 55
    endloop
  endfacet
  facet normal 1 0 0
    outer loop
      vertex 52 33.5213 55.2431
      vertex 52 30.8 60.15
      vertex 52 33.5053 55.122
    endloop
  endfacet
  facet normal 1 0 0
    outer loop
      vertex 52 33.5477 55.3623
      vertex 52 30.8 60.15
      vertex 52 33.5213 55.2431
    endloop
  endfacet
  facet normal 1 0 0
    outer loop
      vertex 52 33.5844 55.4788
      vertex 52 30.8 60.15
      vertex 52 33.5477 55.3623
    endloop
  endfacet
  facet normal 1 0 0
    outer loop
      vertex 52 33.6312 55.5917
      vertex 52 30.8 60.15
      vertex 52 33.5844 55.4788
    endloop
  endfacet
  facet normal 1 0 0
    outer loop
      vertex 52 33.6876 55.7
      vertex 52 30.8 60.15
      vertex 52 33.6312 55.5917
    endloop
  endfacet
  facet normal 1 0 0
    outer loop
      vertex 52 33.7532 55.803
      vertex 52 30.8 60.15
      vertex 52 33.6876 55.7
    endloop
  endfacet
  facet normal 1 0 0
    outer loop
      vertex 52 33.8275 55.8999
      vertex 52 30.8 60.15
      vertex 52 33.7532 55.803
    endloop
  endfacet
  facet normal 1 0 0
    outer loop
      vertex 52 33.91 55.9899
      vertex 52 30.8 60.15
      vertex 52 33.8275 55.8999
    endloop
  endfacet
  facet normal 1 0 0
    outer loop
      vertex 52 34.0001 56.0725
      vertex 52 30.8 60.15
      vertex 52 33.91 55.9899
    endloop
  endfacet
  facet normal 1 0 0
    outer loop
      vertex 52 34.097 56.1468
      vertex 52 30.8 60.15
      vertex 52 34.0001 56.0725
    endloop
  endfacet
  facet normal 1 0 0
    outer loop
      vertex 52 46.15 67
      vertex 52 -10.5 60.15
      vertex 52 30.8 60.15
    endloop
  endfacet
  facet normal 1 0 0
    outer loop
      vertex 52 -13.2053 54.878
      vertex 52 -10.5 60.15
      vertex 52 -13.2 55
    endloop
  endfacet
  facet normal 1 0 0
    outer loop
      vertex 52 -10.5 60.15
      vertex 52 -13.2053 55.122
      vertex 52 -13.2 55
    endloop
  endfacet
  facet normal 1 0 0
    outer loop
      vertex 52 -10.5 60.15
      vertex 52 -13.2213 55.2431
      vertex 52 -13.2053 55.122
    endloop
  endfacet
  facet normal 1 0 0
    outer loop
      vertex 52 -10.5 60.15
      vertex 52 -13.2477 55.3623
      vertex 52 -13.2213 55.2431
    endloop
  endfacet
  facet normal 1 0 0
    outer loop
      vertex 52 -10.5 60.15
      vertex 52 -13.2844 55.4788
      vertex 52 -13.2477 55.3623
    endloop
  endfacet
  facet normal 1 0 0
    outer loop
      vertex 52 -10.5 60.15
      vertex 52 -13.3312 55.5917
      vertex 52 -13.2844 55.4788
    endloop
  endfacet
  facet normal 1 0 0
    outer loop
      vertex 52 -10.5 60.15
      vertex 52 -13.3876 55.7
      vertex 52 -13.3312 55.5917
    endloop
  endfacet
  facet normal 1 0 0
    outer loop
      vertex 52 -10.5 60.15
      vertex 52 -13.4532 55.803
      vertex 52 -13.3876 55.7
    endloop
  endfacet
  facet normal 1 0 0
    outer loop
      vertex 52 -10.5 60.15
      vertex 52 -13.5275 55.8999
      vertex 52 -13.4532 55.803
    endloop
  endfacet
  facet normal 1 0 0
    outer loop
      vertex 52 -10.5 60.15
      vertex 52 -13.6101 55.9899
      vertex 52 -13.5275 55.8999
    endloop
  endfacet
  facet normal 1 0 0
    outer loop
      vertex 52 -10.5 60.15
      vertex 52 -13.7001 56.0725
      vertex 52 -13.6101 55.9899
    endloop
  endfacet
  facet normal 1 0 0
    outer loop
      vertex 52 -10.5 60.15
      vertex 52 -13.797 56.1468
      vertex 52 -13.7001 56.0725
    endloop
  endfacet
  facet normal 1 0 0
    outer loop
      vertex 52 -10.5 60.15
      vertex 52 -13.9 56.2124
      vertex 52 -13.797 56.1468
    endloop
  endfacet
  facet normal 1 0 0
    outer loop
      vertex 52 -10.5 60.15
      vertex 52 -14.0083 56.2688
      vertex 52 -13.9 56.2124
    endloop
  endfacet
  facet normal 1 0 0
    outer loop
      vertex 52 -10.5 60.15
      vertex 52 -14.1212 56.3156
      vertex 52 -14.0083 56.2688
    endloop
  endfacet
  facet normal 1 0 0
    outer loop
      vertex 52 -10.5 60.15
      vertex 52 -14.2377 56.3523
      vertex 52 -14.1212 56.3156
    endloop
  endfacet
  facet normal 1 0 0
    outer loop
      vertex 52 -10.5 60.15
      vertex 52 -14.3569 56.3787
      vertex 52 -14.2377 56.3523
    endloop
  endfacet
  facet normal 1 0 0
    outer loop
      vertex 52 -10.5 60.15
      vertex 52 -14.478 56.3947
      vertex 52 -14.3569 56.3787
    endloop
  endfacet
  facet normal 1 0 0
    outer loop
      vertex 52 -10.5 60.15
      vertex 52 -14.6 56.4
      vertex 52 -14.478 56.3947
    endloop
  endfacet
  facet normal 1 0 0
    outer loop
      vertex 52 -10.5 60.15
      vertex 52 -14.722 56.3947
      vertex 52 -14.6 56.4
    endloop
  endfacet
  facet normal 1 0 0
    outer loop
      vertex 52 -10.5 60.15
      vertex 52 -14.8431 56.3787
      vertex 52 -14.722 56.3947
    endloop
  endfacet
  facet normal 1 0 0
    outer loop
      vertex 52 -10.5 60.15
      vertex 52 -14.9623 56.3523
      vertex 52 -14.8431 56.3787
    endloop
  endfacet
  facet normal 1 0 0
    outer loop
      vertex 52 -10.5 60.15
      vertex 52 -15.0788 56.3156
      vertex 52 -14.9623 56.3523
    endloop
  endfacet
  facet normal 1 0 0
    outer loop
      vertex 52 -25.85 67
      vertex 52 -15.0788 56.3156
      vertex 52 -10.5 60.15
    endloop
  endfacet
  facet normal 1 0 0
    outer loop
      vertex 52 -15.0788 56.3156
      vertex 52 -25.85 67
      vertex 52 -15.1917 56.2688
    endloop
  endfacet
  facet normal 1 0 0
    outer loop
      vertex 52 -15.1917 56.2688
      vertex 52 -25.85 67
      vertex 52 -15.3 56.2124
    endloop
  endfacet
  facet normal 1 0 0
    outer loop
      vertex 52 -15.3 56.2124
      vertex 52 -25.85 67
      vertex 52 -15.403 56.1468
    endloop
  endfacet
  facet normal 1 0 0
    outer loop
      vertex 52 -15.9947 45.122
      vertex 52 -25.85 67
      vertex 52 -16 45
    endloop
  endfacet
  facet normal 1 0 0
    outer loop
      vertex 52 -15.9947 55.122
      vertex 52 -25.85 67
      vertex 52 -16 55
    endloop
  endfacet
  facet normal 1 0 0
    outer loop
      vertex 52 -15.9787 55.2431
      vertex 52 -25.85 67
      vertex 52 -15.9947 55.122
    endloop
  endfacet
  facet normal 1 0 0
    outer loop
      vertex 52 -15.9523 55.3623
      vertex 52 -25.85 67
      vertex 52 -15.9787 55.2431
    endloop
  endfacet
  facet normal 1 0 0
    outer loop
      vertex 52 -15.9156 55.4788
      vertex 52 -25.85 67
      vertex 52 -15.9523 55.3623
    endloop
  endfacet
  facet normal 1 0 0
    outer loop
      vertex 52 -15.8688 55.5917
      vertex 52 -25.85 67
      vertex 52 -15.9156 55.4788
    endloop
  endfacet
  facet normal 1 0 0
    outer loop
      vertex 52 -15.8124 55.7
      vertex 52 -25.85 67
      vertex 52 -15.8688 55.5917
    endloop
  endfacet
  facet normal 1 0 0
    outer loop
      vertex 52 -15.7468 55.803
      vertex 52 -25.85 67
      vertex 52 -15.8124 55.7
    endloop
  endfacet
  facet normal 1 0 0
    outer loop
      vertex 52 -15.6725 55.8999
      vertex 52 -25.85 67
      vertex 52 -15.7468 55.803
    endloop
  endfacet
  facet normal 1 0 0
    outer loop
      vertex 52 -15.5899 55.9899
      vertex 52 -25.85 67
      vertex 52 -15.6725 55.8999
    endloop
  endfacet
  facet normal 1 0 0
    outer loop
      vertex 52 -15.4999 56.0725
      vertex 52 -25.85 67
      vertex 52 -15.5899 55.9899
    endloop
  endfacet
  facet normal 1 0 0
    outer loop
      vertex 52 -15.403 56.1468
      vertex 52 -25.85 67
      vertex 52 -15.4999 56.0725
    endloop
  endfacet
  facet normal 1 -0 0
    outer loop
      vertex 52 -25.85 67
      vertex 52 -10.5 60.15
      vertex 52 46.15 67
    endloop
  endfacet
  facet normal 1 0 0
    outer loop
      vertex 52 36.2947 44.878
      vertex 52 46.15 67
      vertex 52 36.3 45
    endloop
  endfacet
  facet normal 1 0 0
    outer loop
      vertex 52 36.2787 44.7569
      vertex 52 46.15 67
      vertex 52 36.2947 44.878
    endloop
  endfacet
  facet normal 1 0 0
    outer loop
      vertex 52 46.15 67
      vertex 52 36.2787 44.7569
      vertex 52 46.15 5
    endloop
  endfacet
  facet normal 1 -0 0
    outer loop
      vertex 52 36.2523 44.6377
      vertex 52 46.15 5
      vertex 52 36.2787 44.7569
    endloop
  endfacet
  facet normal 1 -0 0
    outer loop
      vertex 52 36.2156 44.5212
      vertex 52 46.15 5
      vertex 52 36.2523 44.6377
    endloop
  endfacet
  facet normal 1 -0 0
    outer loop
      vertex 52 36.1688 44.4083
      vertex 52 46.15 5
      vertex 52 36.2156 44.5212
    endloop
  endfacet
  facet normal 1 -0 0
    outer loop
      vertex 52 36.1124 44.3
      vertex 52 46.15 5
      vertex 52 36.1688 44.4083
    endloop
  endfacet
  facet normal 1 -0 0
    outer loop
      vertex 52 36.0468 44.197
      vertex 52 46.15 5
      vertex 52 36.1124 44.3
    endloop
  endfacet
  facet normal 1 -0 0
    outer loop
      vertex 52 35.9725 44.1001
      vertex 52 46.15 5
      vertex 52 36.0468 44.197
    endloop
  endfacet
  facet normal 1 -0 0
    outer loop
      vertex 52 35.8899 44.0101
      vertex 52 46.15 5
      vertex 52 35.9725 44.1001
    endloop
  endfacet
  facet normal 1 -0 0
    outer loop
      vertex 52 35.7999 43.9275
      vertex 52 46.15 5
      vertex 52 35.8899 44.0101
    endloop
  endfacet
  facet normal 1 -0 0
    outer loop
      vertex 52 35.703 43.8532
      vertex 52 46.15 5
      vertex 52 35.7999 43.9275
    endloop
  endfacet
  facet normal 1 -0 0
    outer loop
      vertex 52 35.6 43.7876
      vertex 52 46.15 5
      vertex 52 35.703 43.8532
    endloop
  endfacet
  facet normal 1 0 0
    outer loop
      vertex 52 30.8 39.85
      vertex 52 35.6 43.7876
      vertex 52 35.4917 43.7312
    endloop
  endfacet
  facet normal 1 0 0
    outer loop
      vertex 52 30.8 39.85
      vertex 52 35.4917 43.7312
      vertex 52 35.3788 43.6844
    endloop
  endfacet
  facet normal 1 0 0
    outer loop
      vertex 52 30.8 39.85
      vertex 52 35.3788 43.6844
      vertex 52 35.2623 43.6477
    endloop
  endfacet
  facet normal 1 0 0
    outer loop
      vertex 52 30.8 39.85
      vertex 52 35.2623 43.6477
      vertex 52 35.1431 43.6213
    endloop
  endfacet
  facet normal 1 0 0
    outer loop
      vertex 52 30.8 39.85
      vertex 52 35.1431 43.6213
      vertex 52 35.022 43.6053
    endloop
  endfacet
  facet normal 1 0 0
    outer loop
      vertex 52 30.8 39.85
      vertex 52 35.022 43.6053
      vertex 52 34.9 43.6
    endloop
  endfacet
  facet normal 1 0 0
    outer loop
      vertex 52 30.8 39.85
      vertex 52 34.9 43.6
      vertex 52 34.778 43.6053
    endloop
  endfacet
  facet normal 1 0 0
    outer loop
      vertex 52 30.8 39.85
      vertex 52 34.778 43.6053
      vertex 52 34.6569 43.6213
    endloop
  endfacet
  facet normal 1 0 0
    outer loop
      vertex 52 30.8 39.85
      vertex 52 34.6569 43.6213
      vertex 52 34.5377 43.6477
    endloop
  endfacet
  facet normal 1 0 0
    outer loop
      vertex 52 30.8 39.85
      vertex 52 34.5377 43.6477
      vertex 52 34.4212 43.6844
    endloop
  endfacet
  facet normal 1 0 0
    outer loop
      vertex 52 30.8 39.85
      vertex 52 34.4212 43.6844
      vertex 52 34.3083 43.7312
    endloop
  endfacet
  facet normal 1 0 0
    outer loop
      vertex 52 30.8 39.85
      vertex 52 34.3083 43.7312
      vertex 52 34.2 43.7876
    endloop
  endfacet
  facet normal 1 0 0
    outer loop
      vertex 52 30.8 39.85
      vertex 52 34.2 43.7876
      vertex 52 34.097 43.8532
    endloop
  endfacet
  facet normal 1 0 0
    outer loop
      vertex 52 30.8 39.85
      vertex 52 34.097 43.8532
      vertex 52 34.0001 43.9275
    endloop
  endfacet
  facet normal 1 0 0
    outer loop
      vertex 52 30.8 39.85
      vertex 52 34.0001 43.9275
      vertex 52 33.91 44.0101
    endloop
  endfacet
  facet normal 1 0 0
    outer loop
      vertex 52 30.8 39.85
      vertex 52 33.91 44.0101
      vertex 52 33.8275 44.1001
    endloop
  endfacet
  facet normal 1 0 0
    outer loop
      vertex 52 30.8 39.85
      vertex 52 33.8275 44.1001
      vertex 52 33.7532 44.197
    endloop
  endfacet
  facet normal 1 0 0
    outer loop
      vertex 52 30.8 39.85
      vertex 52 33.7532 44.197
      vertex 52 33.6876 44.3
    endloop
  endfacet
  facet normal 1 0 0
    outer loop
      vertex 52 30.8 39.85
      vertex 52 33.6876 44.3
      vertex 52 33.6312 44.4083
    endloop
  endfacet
  facet normal 1 0 0
    outer loop
      vertex 52 30.8 39.85
      vertex 52 33.6312 44.4083
      vertex 52 33.5844 44.5212
    endloop
  endfacet
  facet normal 1 0 0
    outer loop
      vertex 52 33.5053 45.122
      vertex 52 30.8 39.85
      vertex 52 33.5 45
    endloop
  endfacet
  facet normal 1 0 0
    outer loop
      vertex 52 33.5 45
      vertex 52 30.8 39.85
      vertex 52 33.5053 44.878
    endloop
  endfacet
  facet normal 1 0 0
    outer loop
      vertex 52 33.5053 44.878
      vertex 52 30.8 39.85
      vertex 52 33.5213 44.7569
    endloop
  endfacet
  facet normal 1 0 0
    outer loop
      vertex 52 30.8 39.85
      vertex 52 33.5477 44.6377
      vertex 52 33.5213 44.7569
    endloop
  endfacet
  facet normal 1 0 0
    outer loop
      vertex 52 30.8 39.85
      vertex 52 33.5844 44.5212
      vertex 52 33.5477 44.6377
    endloop
  endfacet
  facet normal 1 0 0
    outer loop
      vertex 52 35.6 43.7876
      vertex 52 30.8 39.85
      vertex 52 46.15 5
    endloop
  endfacet
  facet normal 1 -0 0
    outer loop
      vertex 52 -10.5 39.85
      vertex 52 46.15 5
      vertex 52 30.8 39.85
    endloop
  endfacet
  facet normal 1 0 0
    outer loop
      vertex 52 -13.2213 54.7569
      vertex 52 -10.5 60.15
      vertex 52 -13.2053 54.878
    endloop
  endfacet
  facet normal 1 -0 0
    outer loop
      vertex 52 -13.2053 44.878
      vertex 52 -10.5 39.85
      vertex 52 -13.2 45
    endloop
  endfacet
  facet normal 1 -0 0
    outer loop
      vertex 52 -13.2213 44.7569
      vertex 52 -10.5 39.85
      vertex 52 -13.2053 44.878
    endloop
  endfacet
  facet normal 1 -0 0
    outer loop
      vertex 52 -13.2477 44.6377
      vertex 52 -10.5 39.85
      vertex 52 -13.2213 44.7569
    endloop
  endfacet
  facet normal 1 -0 0
    outer loop
      vertex 52 -13.2844 44.5212
      vertex 52 -10.5 39.85
      vertex 52 -13.2477 44.6377
    endloop
  endfacet
  facet normal 1 -0 0
    outer loop
      vertex 52 -13.3312 44.4083
      vertex 52 -10.5 39.85
      vertex 52 -13.2844 44.5212
    endloop
  endfacet
  facet normal 1 -0 0
    outer loop
      vertex 52 -13.3876 44.3
      vertex 52 -10.5 39.85
      vertex 52 -13.3312 44.4083
    endloop
  endfacet
  facet normal 1 -0 0
    outer loop
      vertex 52 -13.4532 44.197
      vertex 52 -10.5 39.85
      vertex 52 -13.3876 44.3
    endloop
  endfacet
  facet normal 1 -0 0
    outer loop
      vertex 52 -13.5275 44.1001
      vertex 52 -10.5 39.85
      vertex 52 -13.4532 44.197
    endloop
  endfacet
  facet normal 1 -0 0
    outer loop
      vertex 52 -13.6101 44.0101
      vertex 52 -10.5 39.85
      vertex 52 -13.5275 44.1001
    endloop
  endfacet
  facet normal 1 -0 0
    outer loop
      vertex 52 -13.7001 43.9275
      vertex 52 -10.5 39.85
      vertex 52 -13.6101 44.0101
    endloop
  endfacet
  facet normal 1 -0 0
    outer loop
      vertex 52 -13.797 43.8532
      vertex 52 -10.5 39.85
      vertex 52 -13.7001 43.9275
    endloop
  endfacet
  facet normal 1 -0 0
    outer loop
      vertex 52 -13.9 43.7876
      vertex 52 -10.5 39.85
      vertex 52 -13.797 43.8532
    endloop
  endfacet
  facet normal 1 -0 0
    outer loop
      vertex 52 -14.0083 43.7312
      vertex 52 -10.5 39.85
      vertex 52 -13.9 43.7876
    endloop
  endfacet
  facet normal 1 -0 0
    outer loop
      vertex 52 -14.1212 43.6844
      vertex 52 -10.5 39.85
      vertex 52 -14.0083 43.7312
    endloop
  endfacet
  facet normal 1 -0 0
    outer loop
      vertex 52 -14.2377 43.6477
      vertex 52 -10.5 39.85
      vertex 52 -14.1212 43.6844
    endloop
  endfacet
  facet normal 1 -0 0
    outer loop
      vertex 52 -14.3569 43.6213
      vertex 52 -10.5 39.85
      vertex 52 -14.2377 43.6477
    endloop
  endfacet
  facet normal 1 -0 0
    outer loop
      vertex 52 -14.478 43.6053
      vertex 52 -10.5 39.85
      vertex 52 -14.3569 43.6213
    endloop
  endfacet
  facet normal 1 -0 0
    outer loop
      vertex 52 -14.6 43.6
      vertex 52 -10.5 39.85
      vertex 52 -14.478 43.6053
    endloop
  endfacet
  facet normal 1 0 0
    outer loop
      vertex 52 -14.722 43.6053
      vertex 52 -10.5 39.85
      vertex 52 -14.6 43.6
    endloop
  endfacet
  facet normal 1 0 0
    outer loop
      vertex 52 -14.8431 43.6213
      vertex 52 -10.5 39.85
      vertex 52 -14.722 43.6053
    endloop
  endfacet
  facet normal 1 0 0
    outer loop
      vertex 52 -14.9623 43.6477
      vertex 52 -10.5 39.85
      vertex 52 -14.8431 43.6213
    endloop
  endfacet
  facet normal 1 0 0
    outer loop
      vertex 52 -15.0788 43.6844
      vertex 52 -10.5 39.85
      vertex 52 -14.9623 43.6477
    endloop
  endfacet
  facet normal 1 0 0
    outer loop
      vertex 52 -15.1917 43.7312
      vertex 52 -10.5 39.85
      vertex 52 -15.0788 43.6844
    endloop
  endfacet
  facet normal 1 0 0
    outer loop
      vertex 52 -15.3 43.7876
      vertex 52 -10.5 39.85
      vertex 52 -15.1917 43.7312
    endloop
  endfacet
  facet normal 1 0 0
    outer loop
      vertex 52 -25.85 5
      vertex 52 -15.3 43.7876
      vertex 52 -15.403 43.8532
    endloop
  endfacet
  facet normal 1 0 0
    outer loop
      vertex 52 -25.85 5
      vertex 52 -15.403 43.8532
      vertex 52 -15.4999 43.9275
    endloop
  endfacet
  facet normal 1 0 0
    outer loop
      vertex 52 -25.85 67
      vertex 52 -15.9947 44.878
      vertex 52 -16 45
    endloop
  endfacet
  facet normal 1 0 0
    outer loop
      vertex 52 -25.85 67
      vertex 52 -15.9787 44.7569
      vertex 52 -15.9947 44.878
    endloop
  endfacet
  facet normal 1 0 0
    outer loop
      vertex 52 -25.85 5
      vertex 52 -15.9787 44.7569
      vertex 52 -25.85 67
    endloop
  endfacet
  facet normal 1 0 0
    outer loop
      vertex 52 -15.9787 44.7569
      vertex 52 -25.85 5
      vertex 52 -15.9523 44.6377
    endloop
  endfacet
  facet normal 1 0 0
    outer loop
      vertex 52 -15.9523 44.6377
      vertex 52 -25.85 5
      vertex 52 -15.9156 44.5212
    endloop
  endfacet
  facet normal 1 0 0
    outer loop
      vertex 52 -10.5 39.85
      vertex 52 -25.85 5
      vertex 52 46.15 5
    endloop
  endfacet
  facet normal 1 0 0
    outer loop
      vertex 52 -15.3 43.7876
      vertex 52 -25.85 5
      vertex 52 -10.5 39.85
    endloop
  endfacet
  facet normal 1 0 0
    outer loop
      vertex 52 -15.5899 44.0101
      vertex 52 -25.85 5
      vertex 52 -15.4999 43.9275
    endloop
  endfacet
  facet normal 1 0 0
    outer loop
      vertex 52 -15.6725 44.1001
      vertex 52 -25.85 5
      vertex 52 -15.5899 44.0101
    endloop
  endfacet
  facet normal 1 0 0
    outer loop
      vertex 52 -15.7468 44.197
      vertex 52 -25.85 5
      vertex 52 -15.6725 44.1001
    endloop
  endfacet
  facet normal 1 0 0
    outer loop
      vertex 52 -15.8124 44.3
      vertex 52 -25.85 5
      vertex 52 -15.7468 44.197
    endloop
  endfacet
  facet normal 1 0 0
    outer loop
      vertex 52 -15.8688 44.4083
      vertex 52 -25.85 5
      vertex 52 -15.8124 44.3
    endloop
  endfacet
  facet normal 1 0 0
    outer loop
      vertex 52 -15.9156 44.5212
      vertex 52 -25.85 5
      vertex 52 -15.8688 44.4083
    endloop
  endfacet
  facet normal -0 0 1
    outer loop
      vertex 46 46.15 67
      vertex 52 -25.85 67
      vertex 52 46.15 67
    endloop
  endfacet
  facet normal 0 0 1
    outer loop
      vertex 52 -25.85 67
      vertex 46 46.15 67
      vertex 46 -25.85 67
    endloop
  endfacet
  facet normal -1 0 0
    outer loop
      vertex 46 -13.2477 45.3623
      vertex 46 -10.5 39.85
      vertex 46 -13.2213 45.2431
    endloop
  endfacet
  facet normal -1 0 0
    outer loop
      vertex 46 -10.5 60.15
      vertex 46 -13.2053 54.878
      vertex 46 -13.2 55
    endloop
  endfacet
  facet normal -1 0 0
    outer loop
      vertex 46 -10.5 39.85
      vertex 46 -13.2477 45.3623
      vertex 46 -10.5 60.15
    endloop
  endfacet
  facet normal -1 0 0
    outer loop
      vertex 46 -10.5 60.15
      vertex 46 -13.2213 54.7569
      vertex 46 -13.2053 54.878
    endloop
  endfacet
  facet normal -1 0 0
    outer loop
      vertex 46 -13.2477 54.6377
      vertex 46 -10.5 60.15
      vertex 46 -13.2477 45.3623
    endloop
  endfacet
  facet normal -1 0 0
    outer loop
      vertex 46 -10.5 60.15
      vertex 46 -13.2477 54.6377
      vertex 46 -13.2213 54.7569
    endloop
  endfacet
  facet normal -1 0 0
    outer loop
      vertex 46 -13.2844 45.4788
      vertex 46 -13.2477 54.6377
      vertex 46 -13.2477 45.3623
    endloop
  endfacet
  facet normal -1 0 0
    outer loop
      vertex 46 -13.2844 45.4788
      vertex 46 -13.2844 54.5212
      vertex 46 -13.2477 54.6377
    endloop
  endfacet
  facet normal -1 0 0
    outer loop
      vertex 46 -13.3312 45.5917
      vertex 46 -13.2844 54.5212
      vertex 46 -13.2844 45.4788
    endloop
  endfacet
  facet normal -1 0 0
    outer loop
      vertex 46 -13.3312 45.5917
      vertex 46 -13.3312 54.4083
      vertex 46 -13.2844 54.5212
    endloop
  endfacet
  facet normal -1 0 0
    outer loop
      vertex 46 -13.3876 45.7
      vertex 46 -13.3312 54.4083
      vertex 46 -13.3312 45.5917
    endloop
  endfacet
  facet normal -1 0 0
    outer loop
      vertex 46 -13.3876 45.7
      vertex 46 -13.3876 54.3
      vertex 46 -13.3312 54.4083
    endloop
  endfacet
  facet normal -1 0 0
    outer loop
      vertex 46 -13.4532 45.803
      vertex 46 -13.3876 54.3
      vertex 46 -13.3876 45.7
    endloop
  endfacet
  facet normal -1 0 0
    outer loop
      vertex 46 -13.4532 45.803
      vertex 46 -13.4532 54.197
      vertex 46 -13.3876 54.3
    endloop
  endfacet
  facet normal -1 0 0
    outer loop
      vertex 46 -13.5275 45.8999
      vertex 46 -13.4532 54.197
      vertex 46 -13.4532 45.803
    endloop
  endfacet
  facet normal -1 0 0
    outer loop
      vertex 46 -13.5275 45.8999
      vertex 46 -13.5275 54.1001
      vertex 46 -13.4532 54.197
    endloop
  endfacet
  facet normal -1 0 0
    outer loop
      vertex 46 -13.6101 45.99
      vertex 46 -13.5275 54.1001
      vertex 46 -13.5275 45.8999
    endloop
  endfacet
  facet normal -1 0 0
    outer loop
      vertex 46 -13.6101 45.99
      vertex 46 -13.6101 54.01
      vertex 46 -13.5275 54.1001
    endloop
  endfacet
  facet normal -1 0 0
    outer loop
      vertex 46 -13.7001 46.0725
      vertex 46 -13.6101 54.01
      vertex 46 -13.6101 45.99
    endloop
  endfacet
  facet normal -1 0 0
    outer loop
      vertex 46 -13.7001 46.0725
      vertex 46 -13.7001 53.9275
      vertex 46 -13.6101 54.01
    endloop
  endfacet
  facet normal -1 0 0
    outer loop
      vertex 46 -13.797 46.1468
      vertex 46 -13.7001 53.9275
      vertex 46 -13.7001 46.0725
    endloop
  endfacet
  facet normal -1 0 0
    outer loop
      vertex 46 -13.797 46.1468
      vertex 46 -13.797 53.8532
      vertex 46 -13.7001 53.9275
    endloop
  endfacet
  facet normal -1 0 0
    outer loop
      vertex 46 -13.9 46.2124
      vertex 46 -13.797 53.8532
      vertex 46 -13.797 46.1468
    endloop
  endfacet
  facet normal -1 0 0
    outer loop
      vertex 46 -13.9 46.2124
      vertex 46 -13.9 53.7876
      vertex 46 -13.797 53.8532
    endloop
  endfacet
  facet normal -1 0 0
    outer loop
      vertex 46 -14.0083 46.2688
      vertex 46 -13.9 53.7876
      vertex 46 -13.9 46.2124
    endloop
  endfacet
  facet normal -1 0 0
    outer loop
      vertex 46 -14.0083 46.2688
      vertex 46 -14.0083 53.7312
      vertex 46 -13.9 53.7876
    endloop
  endfacet
  facet normal -1 0 0
    outer loop
      vertex 46 -14.1212 46.3156
      vertex 46 -14.0083 53.7312
      vertex 46 -14.0083 46.2688
    endloop
  endfacet
  facet normal -1 0 0
    outer loop
      vertex 46 -14.1212 46.3156
      vertex 46 -14.1212 53.6844
      vertex 46 -14.0083 53.7312
    endloop
  endfacet
  facet normal -1 0 0
    outer loop
      vertex 46 -14.2377 46.3523
      vertex 46 -14.1212 53.6844
      vertex 46 -14.1212 46.3156
    endloop
  endfacet
  facet normal -1 0 0
    outer loop
      vertex 46 -14.2377 46.3523
      vertex 46 -14.2377 53.6477
      vertex 46 -14.1212 53.6844
    endloop
  endfacet
  facet normal -1 0 0
    outer loop
      vertex 46 -14.3569 46.3787
      vertex 46 -14.2377 53.6477
      vertex 46 -14.2377 46.3523
    endloop
  endfacet
  facet normal -1 0 0
    outer loop
      vertex 46 -14.3569 46.3787
      vertex 46 -14.3569 53.6213
      vertex 46 -14.2377 53.6477
    endloop
  endfacet
  facet normal -1 0 0
    outer loop
      vertex 46 -14.478 46.3947
      vertex 46 -14.3569 53.6213
      vertex 46 -14.3569 46.3787
    endloop
  endfacet
  facet normal -1 0 0
    outer loop
      vertex 46 -14.478 46.3947
      vertex 46 -14.478 53.6053
      vertex 46 -14.3569 53.6213
    endloop
  endfacet
  facet normal -1 0 0
    outer loop
      vertex 46 -14.6 46.4
      vertex 46 -14.478 53.6053
      vertex 46 -14.478 46.3947
    endloop
  endfacet
  facet normal -1 0 0
    outer loop
      vertex 46 -14.6 46.4
      vertex 46 -14.6 53.6
      vertex 46 -14.478 53.6053
    endloop
  endfacet
  facet normal -1 0 0
    outer loop
      vertex 46 -14.722 46.3947
      vertex 46 -14.6 53.6
      vertex 46 -14.6 46.4
    endloop
  endfacet
  facet normal -1 0 0
    outer loop
      vertex 46 -14.722 46.3947
      vertex 46 -14.722 53.6053
      vertex 46 -14.6 53.6
    endloop
  endfacet
  facet normal -1 0 0
    outer loop
      vertex 46 -14.8431 46.3787
      vertex 46 -14.722 53.6053
      vertex 46 -14.722 46.3947
    endloop
  endfacet
  facet normal -1 0 0
    outer loop
      vertex 46 -14.8431 46.3787
      vertex 46 -14.8431 53.6213
      vertex 46 -14.722 53.6053
    endloop
  endfacet
  facet normal -1 0 0
    outer loop
      vertex 46 -14.9623 46.3523
      vertex 46 -14.8431 53.6213
      vertex 46 -14.8431 46.3787
    endloop
  endfacet
  facet normal -1 0 0
    outer loop
      vertex 46 -14.9623 46.3523
      vertex 46 -14.9623 53.6477
      vertex 46 -14.8431 53.6213
    endloop
  endfacet
  facet normal -1 0 0
    outer loop
      vertex 46 -15.0788 46.3156
      vertex 46 -14.9623 53.6477
      vertex 46 -14.9623 46.3523
    endloop
  endfacet
  facet normal -1 0 0
    outer loop
      vertex 46 -15.0788 46.3156
      vertex 46 -15.0788 53.6844
      vertex 46 -14.9623 53.6477
    endloop
  endfacet
  facet normal -1 0 0
    outer loop
      vertex 46 -15.1917 46.2688
      vertex 46 -15.0788 53.6844
      vertex 46 -15.0788 46.3156
    endloop
  endfacet
  facet normal -1 0 0
    outer loop
      vertex 46 -15.1917 46.2688
      vertex 46 -15.1917 53.7312
      vertex 46 -15.0788 53.6844
    endloop
  endfacet
  facet normal -1 0 0
    outer loop
      vertex 46 -15.3 46.2124
      vertex 46 -15.1917 53.7312
      vertex 46 -15.1917 46.2688
    endloop
  endfacet
  facet normal -1 0 0
    outer loop
      vertex 46 -15.3 46.2124
      vertex 46 -15.3 53.7876
      vertex 46 -15.1917 53.7312
    endloop
  endfacet
  facet normal -1 0 0
    outer loop
      vertex 46 -15.403 46.1468
      vertex 46 -15.3 53.7876
      vertex 46 -15.3 46.2124
    endloop
  endfacet
  facet normal -1 0 0
    outer loop
      vertex 46 -15.403 46.1468
      vertex 46 -15.403 53.8532
      vertex 46 -15.3 53.7876
    endloop
  endfacet
  facet normal -1 0 0
    outer loop
      vertex 46 -15.4999 46.0725
      vertex 46 -15.403 53.8532
      vertex 46 -15.403 46.1468
    endloop
  endfacet
  facet normal -1 0 0
    outer loop
      vertex 46 -15.4999 46.0725
      vertex 46 -15.4999 53.9275
      vertex 46 -15.403 53.8532
    endloop
  endfacet
  facet normal -1 0 0
    outer loop
      vertex 46 -15.5899 45.99
      vertex 46 -15.4999 53.9275
      vertex 46 -15.4999 46.0725
    endloop
  endfacet
  facet normal -1 0 0
    outer loop
      vertex 46 -15.5899 45.99
      vertex 46 -15.5899 54.01
      vertex 46 -15.4999 53.9275
    endloop
  endfacet
  facet normal -1 0 0
    outer loop
      vertex 46 -15.6725 45.8999
      vertex 46 -15.5899 54.01
      vertex 46 -15.5899 45.99
    endloop
  endfacet
  facet normal -1 0 0
    outer loop
      vertex 46 -15.6725 45.8999
      vertex 46 -15.6725 54.1001
      vertex 46 -15.5899 54.01
    endloop
  endfacet
  facet normal -1 0 0
    outer loop
      vertex 46 -15.7468 45.803
      vertex 46 -15.6725 54.1001
      vertex 46 -15.6725 45.8999
    endloop
  endfacet
  facet normal -1 0 0
    outer loop
      vertex 46 -15.7468 45.803
      vertex 46 -15.7468 54.197
      vertex 46 -15.6725 54.1001
    endloop
  endfacet
  facet normal -1 0 0
    outer loop
      vertex 46 -15.8124 45.7
      vertex 46 -15.7468 54.197
      vertex 46 -15.7468 45.803
    endloop
  endfacet
  facet normal -1 0 0
    outer loop
      vertex 46 -15.8124 45.7
      vertex 46 -15.8124 54.3
      vertex 46 -15.7468 54.197
    endloop
  endfacet
  facet normal -1 0 0
    outer loop
      vertex 46 -15.8688 45.5917
      vertex 46 -15.8124 54.3
      vertex 46 -15.8124 45.7
    endloop
  endfacet
  facet normal -1 0 0
    outer loop
      vertex 46 -15.8688 45.5917
      vertex 46 -15.8688 54.4083
      vertex 46 -15.8124 54.3
    endloop
  endfacet
  facet normal -1 0 0
    outer loop
      vertex 46 -15.9156 45.4788
      vertex 46 -15.8688 54.4083
      vertex 46 -15.8688 45.5917
    endloop
  endfacet
  facet normal -1 0 0
    outer loop
      vertex 46 -15.9156 45.4788
      vertex 46 -15.9156 54.5212
      vertex 46 -15.8688 54.4083
    endloop
  endfacet
  facet normal -1 0 0
    outer loop
      vertex 46 -25.85 37
      vertex 46 -15.9156 45.4788
      vertex 46 -15.9523 45.3623
    endloop
  endfacet
  facet normal -1 -0 0
    outer loop
      vertex 46 -15.9156 45.4788
      vertex 46 -25.85 37
      vertex 46 -15.9156 54.5212
    endloop
  endfacet
  facet normal -1 0 0
    outer loop
      vertex 46 -25.85 37
      vertex 46 -15.9523 45.3623
      vertex 46 -15.9787 45.2431
    endloop
  endfacet
  facet normal -1 -0 0
    outer loop
      vertex 46 -15.9156 54.5212
      vertex 46 -25.85 37
      vertex 46 -15.9523 54.6377
    endloop
  endfacet
  facet normal -1 0 0
    outer loop
      vertex 46 -25.85 37
      vertex 46 -15.9787 45.2431
      vertex 46 -15.9947 45.122
    endloop
  endfacet
  facet normal -1 -0 0
    outer loop
      vertex 46 -15.9523 54.6377
      vertex 46 -25.85 37
      vertex 46 -15.9787 54.7569
    endloop
  endfacet
  facet normal -1 0 0
    outer loop
      vertex 46 -25.85 37
      vertex 46 -15.9947 45.122
      vertex 46 -16 45
    endloop
  endfacet
  facet normal -1 0 0
    outer loop
      vertex 46 -25.85 67
      vertex 46 -15.9787 54.7569
      vertex 46 -25.85 37
    endloop
  endfacet
  facet normal -1 0 0
    outer loop
      vertex 46 36.2787 45.2431
      vertex 46 46.15 37
      vertex 46 36.2947 45.122
    endloop
  endfacet
  facet normal -1 0 0
    outer loop
      vertex 46 46.15 37
      vertex 46 36.2947 54.878
      vertex 46 36.3 55
    endloop
  endfacet
  facet normal -1 0 0
    outer loop
      vertex 46 36.2523 45.3623
      vertex 46 46.15 37
      vertex 46 36.2787 45.2431
    endloop
  endfacet
  facet normal -1 0 0
    outer loop
      vertex 46 46.15 37
      vertex 46 36.2787 54.7569
      vertex 46 36.2947 54.878
    endloop
  endfacet
  facet normal -1 0 0
    outer loop
      vertex 46 36.2156 45.4788
      vertex 46 46.15 37
      vertex 46 36.2523 45.3623
    endloop
  endfacet
  facet normal -1 0 0
    outer loop
      vertex 46 46.15 37
      vertex 46 36.2523 54.6377
      vertex 46 36.2787 54.7569
    endloop
  endfacet
  facet normal -1 0 0
    outer loop
      vertex 46 36.2156 54.5212
      vertex 46 46.15 37
      vertex 46 36.2156 45.4788
    endloop
  endfacet
  facet normal -1 0 0
    outer loop
      vertex 46 46.15 37
      vertex 46 36.2156 54.5212
      vertex 46 36.2523 54.6377
    endloop
  endfacet
  facet normal -1 0 0
    outer loop
      vertex 46 36.1688 45.5917
      vertex 46 36.2156 54.5212
      vertex 46 36.2156 45.4788
    endloop
  endfacet
  facet normal -1 0 0
    outer loop
      vertex 46 36.1688 45.5917
      vertex 46 36.1688 54.4083
      vertex 46 36.2156 54.5212
    endloop
  endfacet
  facet normal -1 0 0
    outer loop
      vertex 46 36.1124 45.7
      vertex 46 36.1688 54.4083
      vertex 46 36.1688 45.5917
    endloop
  endfacet
  facet normal -1 0 0
    outer loop
      vertex 46 36.1124 45.7
      vertex 46 36.1124 54.3
      vertex 46 36.1688 54.4083
    endloop
  endfacet
  facet normal -1 0 0
    outer loop
      vertex 46 36.0468 45.803
      vertex 46 36.1124 54.3
      vertex 46 36.1124 45.7
    endloop
  endfacet
  facet normal -1 0 0
    outer loop
      vertex 46 36.0468 45.803
      vertex 46 36.0468 54.197
      vertex 46 36.1124 54.3
    endloop
  endfacet
  facet normal -1 0 0
    outer loop
      vertex 46 35.9725 45.8999
      vertex 46 36.0468 54.197
      vertex 46 36.0468 45.803
    endloop
  endfacet
  facet normal -1 0 0
    outer loop
      vertex 46 35.9725 45.8999
      vertex 46 35.9725 54.1001
      vertex 46 36.0468 54.197
    endloop
  endfacet
  facet normal -1 0 0
    outer loop
      vertex 46 35.8899 45.99
      vertex 46 35.9725 54.1001
      vertex 46 35.9725 45.8999
    endloop
  endfacet
  facet normal -1 0 0
    outer loop
      vertex 46 35.8899 45.99
      vertex 46 35.8899 54.01
      vertex 46 35.9725 54.1001
    endloop
  endfacet
  facet normal -1 0 0
    outer loop
      vertex 46 35.7999 46.0725
      vertex 46 35.8899 54.01
      vertex 46 35.8899 45.99
    endloop
  endfacet
  facet normal -1 0 0
    outer loop
      vertex 46 35.7999 46.0725
      vertex 46 35.7999 53.9275
      vertex 46 35.8899 54.01
    endloop
  endfacet
  facet normal -1 0 0
    outer loop
      vertex 46 35.703 46.1468
      vertex 46 35.7999 53.9275
      vertex 46 35.7999 46.0725
    endloop
  endfacet
  facet normal -1 0 0
    outer loop
      vertex 46 35.703 46.1468
      vertex 46 35.703 53.8532
      vertex 46 35.7999 53.9275
    endloop
  endfacet
  facet normal -1 0 0
    outer loop
      vertex 46 35.6 46.2124
      vertex 46 35.703 53.8532
      vertex 46 35.703 46.1468
    endloop
  endfacet
  facet normal -1 0 0
    outer loop
      vertex 46 35.6 46.2124
      vertex 46 35.6 53.7876
      vertex 46 35.703 53.8532
    endloop
  endfacet
  facet normal -1 0 0
    outer loop
      vertex 46 35.4917 46.2688
      vertex 46 35.6 53.7876
      vertex 46 35.6 46.2124
    endloop
  endfacet
  facet normal -1 0 0
    outer loop
      vertex 46 35.4917 46.2688
      vertex 46 35.4917 53.7312
      vertex 46 35.6 53.7876
    endloop
  endfacet
  facet normal -1 0 0
    outer loop
      vertex 46 35.3788 46.3156
      vertex 46 35.4917 53.7312
      vertex 46 35.4917 46.2688
    endloop
  endfacet
  facet normal -1 0 0
    outer loop
      vertex 46 35.3788 46.3156
      vertex 46 35.3788 53.6844
      vertex 46 35.4917 53.7312
    endloop
  endfacet
  facet normal -1 0 0
    outer loop
      vertex 46 35.2623 46.3523
      vertex 46 35.3788 53.6844
      vertex 46 35.3788 46.3156
    endloop
  endfacet
  facet normal -1 0 0
    outer loop
      vertex 46 35.2623 46.3523
      vertex 46 35.2623 53.6477
      vertex 46 35.3788 53.6844
    endloop
  endfacet
  facet normal -1 0 0
    outer loop
      vertex 46 35.1431 46.3787
      vertex 46 35.2623 53.6477
      vertex 46 35.2623 46.3523
    endloop
  endfacet
  facet normal -1 0 0
    outer loop
      vertex 46 35.1431 46.3787
      vertex 46 35.1431 53.6213
      vertex 46 35.2623 53.6477
    endloop
  endfacet
  facet normal -1 0 0
    outer loop
      vertex 46 35.022 46.3947
      vertex 46 35.1431 53.6213
      vertex 46 35.1431 46.3787
    endloop
  endfacet
  facet normal -1 0 0
    outer loop
      vertex 46 35.022 46.3947
      vertex 46 35.022 53.6053
      vertex 46 35.1431 53.6213
    endloop
  endfacet
  facet normal -1 0 0
    outer loop
      vertex 46 34.9 46.4
      vertex 46 35.022 53.6053
      vertex 46 35.022 46.3947
    endloop
  endfacet
  facet normal -1 0 0
    outer loop
      vertex 46 34.9 46.4
      vertex 46 34.9 53.6
      vertex 46 35.022 53.6053
    endloop
  endfacet
  facet normal -1 0 0
    outer loop
      vertex 46 34.778 46.3947
      vertex 46 34.9 53.6
      vertex 46 34.9 46.4
    endloop
  endfacet
  facet normal -1 0 0
    outer loop
      vertex 46 34.778 46.3947
      vertex 46 34.778 53.6053
      vertex 46 34.9 53.6
    endloop
  endfacet
  facet normal -1 0 0
    outer loop
      vertex 46 34.6569 46.3787
      vertex 46 34.778 53.6053
      vertex 46 34.778 46.3947
    endloop
  endfacet
  facet normal -1 0 0
    outer loop
      vertex 46 34.6569 46.3787
      vertex 46 34.6569 53.6213
      vertex 46 34.778 53.6053
    endloop
  endfacet
  facet normal -1 0 0
    outer loop
      vertex 46 34.5377 46.3523
      vertex 46 34.6569 53.6213
      vertex 46 34.6569 46.3787
    endloop
  endfacet
  facet normal -1 0 0
    outer loop
      vertex 46 34.5377 46.3523
      vertex 46 34.5377 53.6477
      vertex 46 34.6569 53.6213
    endloop
  endfacet
  facet normal -1 0 0
    outer loop
      vertex 46 34.4212 46.3156
      vertex 46 34.5377 53.6477
      vertex 46 34.5377 46.3523
    endloop
  endfacet
  facet normal -1 0 0
    outer loop
      vertex 46 34.4212 46.3156
      vertex 46 34.4212 53.6844
      vertex 46 34.5377 53.6477
    endloop
  endfacet
  facet normal -1 0 0
    outer loop
      vertex 46 34.3083 46.2688
      vertex 46 34.4212 53.6844
      vertex 46 34.4212 46.3156
    endloop
  endfacet
  facet normal -1 0 0
    outer loop
      vertex 46 34.3083 46.2688
      vertex 46 34.3083 53.7312
      vertex 46 34.4212 53.6844
    endloop
  endfacet
  facet normal -1 0 0
    outer loop
      vertex 46 34.2 46.2124
      vertex 46 34.3083 53.7312
      vertex 46 34.3083 46.2688
    endloop
  endfacet
  facet normal -1 0 0
    outer loop
      vertex 46 34.2 46.2124
      vertex 46 34.2 53.7876
      vertex 46 34.3083 53.7312
    endloop
  endfacet
  facet normal -1 0 0
    outer loop
      vertex 46 34.097 46.1468
      vertex 46 34.2 53.7876
      vertex 46 34.2 46.2124
    endloop
  endfacet
  facet normal -1 0 0
    outer loop
      vertex 46 34.097 46.1468
      vertex 46 34.097 53.8532
      vertex 46 34.2 53.7876
    endloop
  endfacet
  facet normal -1 0 0
    outer loop
      vertex 46 34.0001 46.0725
      vertex 46 34.097 53.8532
      vertex 46 34.097 46.1468
    endloop
  endfacet
  facet normal -1 0 0
    outer loop
      vertex 46 34.0001 46.0725
      vertex 46 34.0001 53.9275
      vertex 46 34.097 53.8532
    endloop
  endfacet
  facet normal -1 0 0
    outer loop
      vertex 46 33.91 45.99
      vertex 46 34.0001 53.9275
      vertex 46 34.0001 46.0725
    endloop
  endfacet
  facet normal -1 0 0
    outer loop
      vertex 46 33.91 45.99
      vertex 46 33.91 54.01
      vertex 46 34.0001 53.9275
    endloop
  endfacet
  facet normal -1 0 0
    outer loop
      vertex 46 33.8275 45.8999
      vertex 46 33.91 54.01
      vertex 46 33.91 45.99
    endloop
  endfacet
  facet normal -1 0 0
    outer loop
      vertex 46 33.8275 45.8999
      vertex 46 33.8275 54.1001
      vertex 46 33.91 54.01
    endloop
  endfacet
  facet normal -1 0 0
    outer loop
      vertex 46 33.7532 45.803
      vertex 46 33.8275 54.1001
      vertex 46 33.8275 45.8999
    endloop
  endfacet
  facet normal -1 0 0
    outer loop
      vertex 46 33.7532 45.803
      vertex 46 33.7532 54.197
      vertex 46 33.8275 54.1001
    endloop
  endfacet
  facet normal -1 0 0
    outer loop
      vertex 46 33.6876 45.7
      vertex 46 33.7532 54.197
      vertex 46 33.7532 45.803
    endloop
  endfacet
  facet normal -1 0 0
    outer loop
      vertex 46 33.6876 45.7
      vertex 46 33.6876 54.3
      vertex 46 33.7532 54.197
    endloop
  endfacet
  facet normal -1 0 0
    outer loop
      vertex 46 33.6312 45.5917
      vertex 46 33.6876 54.3
      vertex 46 33.6876 45.7
    endloop
  endfacet
  facet normal -1 0 0
    outer loop
      vertex 46 33.6312 45.5917
      vertex 46 33.6312 54.4083
      vertex 46 33.6876 54.3
    endloop
  endfacet
  facet normal -1 0 0
    outer loop
      vertex 46 33.5844 45.4788
      vertex 46 33.6312 54.4083
      vertex 46 33.6312 45.5917
    endloop
  endfacet
  facet normal -1 0 0
    outer loop
      vertex 46 33.5844 45.4788
      vertex 46 33.5844 54.5212
      vertex 46 33.6312 54.4083
    endloop
  endfacet
  facet normal -1 0 0
    outer loop
      vertex 46 33.5477 45.3623
      vertex 46 33.5844 54.5212
      vertex 46 33.5844 45.4788
    endloop
  endfacet
  facet normal -1 0 0
    outer loop
      vertex 46 33.5477 45.3623
      vertex 46 33.5477 54.6377
      vertex 46 33.5844 54.5212
    endloop
  endfacet
  facet normal -1 0 0
    outer loop
      vertex 46 30.8 39.85
      vertex 46 33.5477 45.3623
      vertex 46 33.5213 45.2431
    endloop
  endfacet
  facet normal -1 -0 0
    outer loop
      vertex 46 33.5477 45.3623
      vertex 46 30.8 39.85
      vertex 46 33.5477 54.6377
    endloop
  endfacet
  facet normal -1 0 0
    outer loop
      vertex 46 30.8 39.85
      vertex 46 33.5213 45.2431
      vertex 46 33.5053 45.122
    endloop
  endfacet
  facet normal -1 0 0
    outer loop
      vertex 46 30.8 60.15
      vertex 46 33.5477 54.6377
      vertex 46 30.8 39.85
    endloop
  endfacet
  facet normal -1 0 0
    outer loop
      vertex 46 30.8 39.85
      vertex 46 33.5053 45.122
      vertex 46 33.5 45
    endloop
  endfacet
  facet normal -1 0 0
    outer loop
      vertex 46 33.5477 54.6377
      vertex 46 30.8 60.15
      vertex 46 33.5213 54.7569
    endloop
  endfacet
  facet normal -1 0 0
    outer loop
      vertex 46 30.8 39.85
      vertex 46 42.15 37
      vertex 46 42.15 5
    endloop
  endfacet
  facet normal -1 0 0
    outer loop
      vertex 46 42.15 37
      vertex 46 36.2947 44.878
      vertex 46 36.3 45
    endloop
  endfacet
  facet normal -1 0 0
    outer loop
      vertex 46 42.15 37
      vertex 46 36.2787 44.7569
      vertex 46 36.2947 44.878
    endloop
  endfacet
  facet normal -1 0 0
    outer loop
      vertex 46 42.15 37
      vertex 46 36.2523 44.6377
      vertex 46 36.2787 44.7569
    endloop
  endfacet
  facet normal -1 0 0
    outer loop
      vertex 46 42.15 37
      vertex 46 36.2156 44.5212
      vertex 46 36.2523 44.6377
    endloop
  endfacet
  facet normal -1 0 0
    outer loop
      vertex 46 42.15 37
      vertex 46 36.1688 44.4083
      vertex 46 36.2156 44.5212
    endloop
  endfacet
  facet normal -1 0 0
    outer loop
      vertex 46 42.15 37
      vertex 46 36.1124 44.3
      vertex 46 36.1688 44.4083
    endloop
  endfacet
  facet normal -1 0 0
    outer loop
      vertex 46 42.15 37
      vertex 46 36.0468 44.197
      vertex 46 36.1124 44.3
    endloop
  endfacet
  facet normal -1 0 0
    outer loop
      vertex 46 42.15 37
      vertex 46 35.9725 44.1001
      vertex 46 36.0468 44.197
    endloop
  endfacet
  facet normal -1 0 0
    outer loop
      vertex 46 42.15 37
      vertex 46 35.8899 44.0101
      vertex 46 35.9725 44.1001
    endloop
  endfacet
  facet normal -1 0 0
    outer loop
      vertex 46 42.15 37
      vertex 46 35.7999 43.9275
      vertex 46 35.8899 44.0101
    endloop
  endfacet
  facet normal -1 0 0
    outer loop
      vertex 46 42.15 37
      vertex 46 35.703 43.8532
      vertex 46 35.7999 43.9275
    endloop
  endfacet
  facet normal -1 0 0
    outer loop
      vertex 46 42.15 37
      vertex 46 35.6 43.7876
      vertex 46 35.703 43.8532
    endloop
  endfacet
  facet normal -1 0 -0
    outer loop
      vertex 46 35.1431 43.6213
      vertex 46 42.15 37
      vertex 46 30.8 39.85
    endloop
  endfacet
  facet normal -1 0 0
    outer loop
      vertex 46 42.15 37
      vertex 46 35.4917 43.7312
      vertex 46 35.6 43.7876
    endloop
  endfacet
  facet normal -1 0 0
    outer loop
      vertex 46 42.15 37
      vertex 46 35.3788 43.6844
      vertex 46 35.4917 43.7312
    endloop
  endfacet
  facet normal -1 0 0
    outer loop
      vertex 46 42.15 37
      vertex 46 35.2623 43.6477
      vertex 46 35.3788 43.6844
    endloop
  endfacet
  facet normal -1 0 0
    outer loop
      vertex 46 42.15 37
      vertex 46 35.1431 43.6213
      vertex 46 35.2623 43.6477
    endloop
  endfacet
  facet normal -1 0 0
    outer loop
      vertex 46 35.1431 43.6213
      vertex 46 30.8 39.85
      vertex 46 35.022 43.6053
    endloop
  endfacet
  facet normal -1 0 0
    outer loop
      vertex 46 35.022 43.6053
      vertex 46 30.8 39.85
      vertex 46 34.9 43.6
    endloop
  endfacet
  facet normal -1 -0 0
    outer loop
      vertex 46 34.9 43.6
      vertex 46 30.8 39.85
      vertex 46 34.778 43.6053
    endloop
  endfacet
  facet normal -1 -0 0
    outer loop
      vertex 46 34.778 43.6053
      vertex 46 30.8 39.85
      vertex 46 34.6569 43.6213
    endloop
  endfacet
  facet normal -1 -0 0
    outer loop
      vertex 46 34.6569 43.6213
      vertex 46 30.8 39.85
      vertex 46 34.5377 43.6477
    endloop
  endfacet
  facet normal -1 -0 0
    outer loop
      vertex 46 34.5377 43.6477
      vertex 46 30.8 39.85
      vertex 46 34.4212 43.6844
    endloop
  endfacet
  facet normal -1 -0 0
    outer loop
      vertex 46 34.4212 43.6844
      vertex 46 30.8 39.85
      vertex 46 34.3083 43.7312
    endloop
  endfacet
  facet normal -1 -0 0
    outer loop
      vertex 46 34.3083 43.7312
      vertex 46 30.8 39.85
      vertex 46 34.2 43.7876
    endloop
  endfacet
  facet normal -1 -0 0
    outer loop
      vertex 46 34.2 43.7876
      vertex 46 30.8 39.85
      vertex 46 34.097 43.8532
    endloop
  endfacet
  facet normal -1 -0 0
    outer loop
      vertex 46 34.097 43.8532
      vertex 46 30.8 39.85
      vertex 46 34.0001 43.9275
    endloop
  endfacet
  facet normal -1 -0 0
    outer loop
      vertex 46 34.0001 43.9275
      vertex 46 30.8 39.85
      vertex 46 33.91 44.0101
    endloop
  endfacet
  facet normal -1 -0 0
    outer loop
      vertex 46 33.91 44.0101
      vertex 46 30.8 39.85
      vertex 46 33.8275 44.1001
    endloop
  endfacet
  facet normal -1 -0 0
    outer loop
      vertex 46 33.8275 44.1001
      vertex 46 30.8 39.85
      vertex 46 33.7532 44.197
    endloop
  endfacet
  facet normal -1 -0 0
    outer loop
      vertex 46 33.7532 44.197
      vertex 46 30.8 39.85
      vertex 46 33.6876 44.3
    endloop
  endfacet
  facet normal -1 -0 0
    outer loop
      vertex 46 33.6876 44.3
      vertex 46 30.8 39.85
      vertex 46 33.6312 44.4083
    endloop
  endfacet
  facet normal -1 -0 0
    outer loop
      vertex 46 33.6312 44.4083
      vertex 46 30.8 39.85
      vertex 46 33.5844 44.5212
    endloop
  endfacet
  facet normal -1 -0 0
    outer loop
      vertex 46 33.5844 44.5212
      vertex 46 30.8 39.85
      vertex 46 33.5477 44.6377
    endloop
  endfacet
  facet normal -1 0 0
    outer loop
      vertex 46 33.5213 54.7569
      vertex 46 30.8 60.15
      vertex 46 33.5053 54.878
    endloop
  endfacet
  facet normal -1 -0 0
    outer loop
      vertex 46 33.5053 44.878
      vertex 46 30.8 39.85
      vertex 46 33.5 45
    endloop
  endfacet
  facet normal -1 -0 0
    outer loop
      vertex 46 33.5213 44.7569
      vertex 46 30.8 39.85
      vertex 46 33.5053 44.878
    endloop
  endfacet
  facet normal -1 -0 0
    outer loop
      vertex 46 33.5477 44.6377
      vertex 46 30.8 39.85
      vertex 46 33.5213 44.7569
    endloop
  endfacet
  facet normal -1 0 0
    outer loop
      vertex 46 42.15 5
      vertex 46 -10.5 39.85
      vertex 46 30.8 39.85
    endloop
  endfacet
  facet normal -1 0 0
    outer loop
      vertex 46 -13.2053 45.122
      vertex 46 -10.5 39.85
      vertex 46 -13.2 45
    endloop
  endfacet
  facet normal -1 0 0
    outer loop
      vertex 46 -10.5 39.85
      vertex 46 -13.2053 44.878
      vertex 46 -13.2 45
    endloop
  endfacet
  facet normal -1 0 0
    outer loop
      vertex 46 -10.5 39.85
      vertex 46 -13.2213 44.7569
      vertex 46 -13.2053 44.878
    endloop
  endfacet
  facet normal -1 0 0
    outer loop
      vertex 46 -10.5 39.85
      vertex 46 -13.2477 44.6377
      vertex 46 -13.2213 44.7569
    endloop
  endfacet
  facet normal -1 0 0
    outer loop
      vertex 46 -10.5 39.85
      vertex 46 -13.2844 44.5212
      vertex 46 -13.2477 44.6377
    endloop
  endfacet
  facet normal -1 0 0
    outer loop
      vertex 46 -10.5 39.85
      vertex 46 -13.3312 44.4083
      vertex 46 -13.2844 44.5212
    endloop
  endfacet
  facet normal -1 0 0
    outer loop
      vertex 46 -10.5 39.85
      vertex 46 -13.3876 44.3
      vertex 46 -13.3312 44.4083
    endloop
  endfacet
  facet normal -1 0 0
    outer loop
      vertex 46 -10.5 39.85
      vertex 46 -13.4532 44.197
      vertex 46 -13.3876 44.3
    endloop
  endfacet
  facet normal -1 0 0
    outer loop
      vertex 46 -10.5 39.85
      vertex 46 -13.5275 44.1001
      vertex 46 -13.4532 44.197
    endloop
  endfacet
  facet normal -1 0 0
    outer loop
      vertex 46 -10.5 39.85
      vertex 46 -13.6101 44.0101
      vertex 46 -13.5275 44.1001
    endloop
  endfacet
  facet normal -1 0 0
    outer loop
      vertex 46 -10.5 39.85
      vertex 46 -13.7001 43.9275
      vertex 46 -13.6101 44.0101
    endloop
  endfacet
  facet normal -1 0 0
    outer loop
      vertex 46 -10.5 39.85
      vertex 46 -13.797 43.8532
      vertex 46 -13.7001 43.9275
    endloop
  endfacet
  facet normal -1 0 0
    outer loop
      vertex 46 -10.5 39.85
      vertex 46 -13.9 43.7876
      vertex 46 -13.797 43.8532
    endloop
  endfacet
  facet normal -1 0 0
    outer loop
      vertex 46 -10.5 39.85
      vertex 46 -14.0083 43.7312
      vertex 46 -13.9 43.7876
    endloop
  endfacet
  facet normal -1 0 0
    outer loop
      vertex 46 -10.5 39.85
      vertex 46 -14.1212 43.6844
      vertex 46 -14.0083 43.7312
    endloop
  endfacet
  facet normal -1 0 0
    outer loop
      vertex 46 -10.5 39.85
      vertex 46 -14.2377 43.6477
      vertex 46 -14.1212 43.6844
    endloop
  endfacet
  facet normal -1 0 0
    outer loop
      vertex 46 -10.5 39.85
      vertex 46 -14.3569 43.6213
      vertex 46 -14.2377 43.6477
    endloop
  endfacet
  facet normal -1 0 0
    outer loop
      vertex 46 -10.5 39.85
      vertex 46 -14.478 43.6053
      vertex 46 -14.3569 43.6213
    endloop
  endfacet
  facet normal -1 0 0
    outer loop
      vertex 46 -10.5 39.85
      vertex 46 -14.6 43.6
      vertex 46 -14.478 43.6053
    endloop
  endfacet
  facet normal -1 0 0
    outer loop
      vertex 46 -10.5 39.85
      vertex 46 -14.722 43.6053
      vertex 46 -14.6 43.6
    endloop
  endfacet
  facet normal -1 0 0
    outer loop
      vertex 46 -10.5 39.85
      vertex 46 -14.8431 43.6213
      vertex 46 -14.722 43.6053
    endloop
  endfacet
  facet normal -1 0 0
    outer loop
      vertex 46 -21.85 37
      vertex 46 -14.8431 43.6213
      vertex 46 -10.5 39.85
    endloop
  endfacet
  facet normal -1 -0 0
    outer loop
      vertex 46 -14.8431 43.6213
      vertex 46 -21.85 37
      vertex 46 -14.9623 43.6477
    endloop
  endfacet
  facet normal -1 -0 0
    outer loop
      vertex 46 -14.9623 43.6477
      vertex 46 -21.85 37
      vertex 46 -15.0788 43.6844
    endloop
  endfacet
  facet normal -1 -0 0
    outer loop
      vertex 46 -15.0788 43.6844
      vertex 46 -21.85 37
      vertex 46 -15.1917 43.7312
    endloop
  endfacet
  facet normal -1 -0 0
    outer loop
      vertex 46 -15.1917 43.7312
      vertex 46 -21.85 37
      vertex 46 -15.3 43.7876
    endloop
  endfacet
  facet normal -1 -0 0
    outer loop
      vertex 46 -15.3 43.7876
      vertex 46 -21.85 37
      vertex 46 -15.403 43.8532
    endloop
  endfacet
  facet normal -1 -0 0
    outer loop
      vertex 46 -15.9947 44.878
      vertex 46 -21.85 37
      vertex 46 -16 45
    endloop
  endfacet
  facet normal -1 -0 0
    outer loop
      vertex 46 -15.9787 44.7569
      vertex 46 -21.85 37
      vertex 46 -15.9947 44.878
    endloop
  endfacet
  facet normal -1 -0 0
    outer loop
      vertex 46 -15.9523 44.6377
      vertex 46 -21.85 37
      vertex 46 -15.9787 44.7569
    endloop
  endfacet
  facet normal -1 -0 0
    outer loop
      vertex 46 -15.9156 44.5212
      vertex 46 -21.85 37
      vertex 46 -15.9523 44.6377
    endloop
  endfacet
  facet normal -1 -0 0
    outer loop
      vertex 46 -15.8688 44.4083
      vertex 46 -21.85 37
      vertex 46 -15.9156 44.5212
    endloop
  endfacet
  facet normal -1 -0 0
    outer loop
      vertex 46 -15.8124 44.3
      vertex 46 -21.85 37
      vertex 46 -15.8688 44.4083
    endloop
  endfacet
  facet normal -1 -0 0
    outer loop
      vertex 46 -15.7468 44.197
      vertex 46 -21.85 37
      vertex 46 -15.8124 44.3
    endloop
  endfacet
  facet normal -1 -0 0
    outer loop
      vertex 46 -15.6725 44.1001
      vertex 46 -21.85 37
      vertex 46 -15.7468 44.197
    endloop
  endfacet
  facet normal -1 -0 0
    outer loop
      vertex 46 -15.5899 44.0101
      vertex 46 -21.85 37
      vertex 46 -15.6725 44.1001
    endloop
  endfacet
  facet normal -1 -0 0
    outer loop
      vertex 46 -15.4999 43.9275
      vertex 46 -21.85 37
      vertex 46 -15.5899 44.0101
    endloop
  endfacet
  facet normal -1 -0 0
    outer loop
      vertex 46 -15.403 43.8532
      vertex 46 -21.85 37
      vertex 46 -15.4999 43.9275
    endloop
  endfacet
  facet normal -1 0 0
    outer loop
      vertex 46 -21.85 37
      vertex 46 -10.5 39.85
      vertex 46 -21.85 5
    endloop
  endfacet
  facet normal -1 0 0
    outer loop
      vertex 46 -21.85 5
      vertex 46 -10.5 39.85
      vertex 46 42.15 5
    endloop
  endfacet
  facet normal -1 0 0
    outer loop
      vertex 46 36.3 45
      vertex 46 46.15 37
      vertex 46 42.15 37
    endloop
  endfacet
  facet normal -1 0 0
    outer loop
      vertex 46 36.2947 45.122
      vertex 46 46.15 37
      vertex 46 36.3 45
    endloop
  endfacet
  facet normal -1 0 0
    outer loop
      vertex 46 46.15 37
      vertex 46 36.3 55
      vertex 46 46.15 67
    endloop
  endfacet
  facet normal -1 0 0
    outer loop
      vertex 46 36.2947 55.122
      vertex 46 46.15 67
      vertex 46 36.3 55
    endloop
  endfacet
  facet normal -1 0 0
    outer loop
      vertex 46 36.2787 55.2431
      vertex 46 46.15 67
      vertex 46 36.2947 55.122
    endloop
  endfacet
  facet normal -1 0 0
    outer loop
      vertex 46 36.2523 55.3623
      vertex 46 46.15 67
      vertex 46 36.2787 55.2431
    endloop
  endfacet
  facet normal -1 0 0
    outer loop
      vertex 46 36.2156 55.4788
      vertex 46 46.15 67
      vertex 46 36.2523 55.3623
    endloop
  endfacet
  facet normal -1 0 0
    outer loop
      vertex 46 36.1688 55.5917
      vertex 46 46.15 67
      vertex 46 36.2156 55.4788
    endloop
  endfacet
  facet normal -1 0 0
    outer loop
      vertex 46 36.1124 55.7
      vertex 46 46.15 67
      vertex 46 36.1688 55.5917
    endloop
  endfacet
  facet normal -1 0 0
    outer loop
      vertex 46 36.0468 55.803
      vertex 46 46.15 67
      vertex 46 36.1124 55.7
    endloop
  endfacet
  facet normal -1 0 0
    outer loop
      vertex 46 35.9725 55.8999
      vertex 46 46.15 67
      vertex 46 36.0468 55.803
    endloop
  endfacet
  facet normal -1 0 0
    outer loop
      vertex 46 35.8899 55.9899
      vertex 46 46.15 67
      vertex 46 35.9725 55.8999
    endloop
  endfacet
  facet normal -1 0 0
    outer loop
      vertex 46 35.7999 56.0725
      vertex 46 46.15 67
      vertex 46 35.8899 55.9899
    endloop
  endfacet
  facet normal -1 0 0
    outer loop
      vertex 46 35.703 56.1468
      vertex 46 46.15 67
      vertex 46 35.7999 56.0725
    endloop
  endfacet
  facet normal -1 0 0
    outer loop
      vertex 46 35.6 56.2124
      vertex 46 46.15 67
      vertex 46 35.703 56.1468
    endloop
  endfacet
  facet normal -1 0 0
    outer loop
      vertex 46 35.4917 56.2688
      vertex 46 46.15 67
      vertex 46 35.6 56.2124
    endloop
  endfacet
  facet normal -1 0 0
    outer loop
      vertex 46 35.3788 56.3156
      vertex 46 46.15 67
      vertex 46 35.4917 56.2688
    endloop
  endfacet
  facet normal -1 0 0
    outer loop
      vertex 46 30.8 60.15
      vertex 46 35.3788 56.3156
      vertex 46 35.2623 56.3523
    endloop
  endfacet
  facet normal -1 0 0
    outer loop
      vertex 46 30.8 60.15
      vertex 46 35.2623 56.3523
      vertex 46 35.1431 56.3787
    endloop
  endfacet
  facet normal -1 0 0
    outer loop
      vertex 46 30.8 60.15
      vertex 46 35.1431 56.3787
      vertex 46 35.022 56.3947
    endloop
  endfacet
  facet normal -1 0 0
    outer loop
      vertex 46 30.8 60.15
      vertex 46 35.022 56.3947
      vertex 46 34.9 56.4
    endloop
  endfacet
  facet normal -1 0 0
    outer loop
      vertex 46 30.8 60.15
      vertex 46 34.9 56.4
      vertex 46 34.778 56.3947
    endloop
  endfacet
  facet normal -1 0 0
    outer loop
      vertex 46 30.8 60.15
      vertex 46 34.778 56.3947
      vertex 46 34.6569 56.3787
    endloop
  endfacet
  facet normal -1 0 0
    outer loop
      vertex 46 30.8 60.15
      vertex 46 34.6569 56.3787
      vertex 46 34.5377 56.3523
    endloop
  endfacet
  facet normal -1 0 0
    outer loop
      vertex 46 30.8 60.15
      vertex 46 34.5377 56.3523
      vertex 46 34.4212 56.3156
    endloop
  endfacet
  facet normal -1 0 0
    outer loop
      vertex 46 30.8 60.15
      vertex 46 34.4212 56.3156
      vertex 46 34.3083 56.2688
    endloop
  endfacet
  facet normal -1 0 0
    outer loop
      vertex 46 30.8 60.15
      vertex 46 34.3083 56.2688
      vertex 46 34.2 56.2124
    endloop
  endfacet
  facet normal -1 0 0
    outer loop
      vertex 46 30.8 60.15
      vertex 46 34.2 56.2124
      vertex 46 34.097 56.1468
    endloop
  endfacet
  facet normal -1 0 0
    outer loop
      vertex 46 30.8 60.15
      vertex 46 34.097 56.1468
      vertex 46 34.0001 56.0725
    endloop
  endfacet
  facet normal -1 0 0
    outer loop
      vertex 46 33.5053 54.878
      vertex 46 30.8 60.15
      vertex 46 33.5 55
    endloop
  endfacet
  facet normal -1 0 0
    outer loop
      vertex 46 33.5 55
      vertex 46 30.8 60.15
      vertex 46 33.5053 55.122
    endloop
  endfacet
  facet normal -1 0 0
    outer loop
      vertex 46 33.5053 55.122
      vertex 46 30.8 60.15
      vertex 46 33.5213 55.2431
    endloop
  endfacet
  facet normal -1 0 0
    outer loop
      vertex 46 30.8 60.15
      vertex 46 33.5477 55.3623
      vertex 46 33.5213 55.2431
    endloop
  endfacet
  facet normal -1 0 0
    outer loop
      vertex 46 30.8 60.15
      vertex 46 33.5844 55.4788
      vertex 46 33.5477 55.3623
    endloop
  endfacet
  facet normal -1 0 0
    outer loop
      vertex 46 30.8 60.15
      vertex 46 33.6312 55.5917
      vertex 46 33.5844 55.4788
    endloop
  endfacet
  facet normal -1 0 0
    outer loop
      vertex 46 30.8 60.15
      vertex 46 33.6876 55.7
      vertex 46 33.6312 55.5917
    endloop
  endfacet
  facet normal -1 0 0
    outer loop
      vertex 46 30.8 60.15
      vertex 46 33.7532 55.803
      vertex 46 33.6876 55.7
    endloop
  endfacet
  facet normal -1 0 0
    outer loop
      vertex 46 30.8 60.15
      vertex 46 33.8275 55.8999
      vertex 46 33.7532 55.803
    endloop
  endfacet
  facet normal -1 0 0
    outer loop
      vertex 46 30.8 60.15
      vertex 46 33.91 55.9899
      vertex 46 33.8275 55.8999
    endloop
  endfacet
  facet normal -1 0 0
    outer loop
      vertex 46 30.8 60.15
      vertex 46 34.0001 56.0725
      vertex 46 33.91 55.9899
    endloop
  endfacet
  facet normal -1 0 0
    outer loop
      vertex 46 35.3788 56.3156
      vertex 46 30.8 60.15
      vertex 46 46.15 67
    endloop
  endfacet
  facet normal -1 0 0
    outer loop
      vertex 46 -10.5 60.15
      vertex 46 46.15 67
      vertex 46 30.8 60.15
    endloop
  endfacet
  facet normal -1 0 0
    outer loop
      vertex 46 -13.2213 45.2431
      vertex 46 -10.5 39.85
      vertex 46 -13.2053 45.122
    endloop
  endfacet
  facet normal -1 0 0
    outer loop
      vertex 46 -13.2053 55.122
      vertex 46 -10.5 60.15
      vertex 46 -13.2 55
    endloop
  endfacet
  facet normal -1 0 0
    outer loop
      vertex 46 -13.2213 55.2431
      vertex 46 -10.5 60.15
      vertex 46 -13.2053 55.122
    endloop
  endfacet
  facet normal -1 0 0
    outer loop
      vertex 46 -13.2477 55.3623
      vertex 46 -10.5 60.15
      vertex 46 -13.2213 55.2431
    endloop
  endfacet
  facet normal -1 0 0
    outer loop
      vertex 46 -13.2844 55.4788
      vertex 46 -10.5 60.15
      vertex 46 -13.2477 55.3623
    endloop
  endfacet
  facet normal -1 0 0
    outer loop
      vertex 46 -13.3312 55.5917
      vertex 46 -10.5 60.15
      vertex 46 -13.2844 55.4788
    endloop
  endfacet
  facet normal -1 0 0
    outer loop
      vertex 46 -13.3876 55.7
      vertex 46 -10.5 60.15
      vertex 46 -13.3312 55.5917
    endloop
  endfacet
  facet normal -1 0 0
    outer loop
      vertex 46 -13.4532 55.803
      vertex 46 -10.5 60.15
      vertex 46 -13.3876 55.7
    endloop
  endfacet
  facet normal -1 0 0
    outer loop
      vertex 46 -13.5275 55.8999
      vertex 46 -10.5 60.15
      vertex 46 -13.4532 55.803
    endloop
  endfacet
  facet normal -1 0 0
    outer loop
      vertex 46 -13.6101 55.9899
      vertex 46 -10.5 60.15
      vertex 46 -13.5275 55.8999
    endloop
  endfacet
  facet normal -1 0 0
    outer loop
      vertex 46 -13.7001 56.0725
      vertex 46 -10.5 60.15
      vertex 46 -13.6101 55.9899
    endloop
  endfacet
  facet normal -1 0 0
    outer loop
      vertex 46 -13.797 56.1468
      vertex 46 -10.5 60.15
      vertex 46 -13.7001 56.0725
    endloop
  endfacet
  facet normal -1 0 0
    outer loop
      vertex 46 -13.9 56.2124
      vertex 46 -10.5 60.15
      vertex 46 -13.797 56.1468
    endloop
  endfacet
  facet normal -1 0 0
    outer loop
      vertex 46 -14.0083 56.2688
      vertex 46 -10.5 60.15
      vertex 46 -13.9 56.2124
    endloop
  endfacet
  facet normal -1 0 0
    outer loop
      vertex 46 -14.1212 56.3156
      vertex 46 -10.5 60.15
      vertex 46 -14.0083 56.2688
    endloop
  endfacet
  facet normal -1 0 0
    outer loop
      vertex 46 -14.2377 56.3523
      vertex 46 -10.5 60.15
      vertex 46 -14.1212 56.3156
    endloop
  endfacet
  facet normal -1 0 0
    outer loop
      vertex 46 -14.3569 56.3787
      vertex 46 -10.5 60.15
      vertex 46 -14.2377 56.3523
    endloop
  endfacet
  facet normal -1 0 0
    outer loop
      vertex 46 -14.478 56.3947
      vertex 46 -10.5 60.15
      vertex 46 -14.3569 56.3787
    endloop
  endfacet
  facet normal -1 0 0
    outer loop
      vertex 46 -14.6 56.4
      vertex 46 -10.5 60.15
      vertex 46 -14.478 56.3947
    endloop
  endfacet
  facet normal -1 0 0
    outer loop
      vertex 46 -14.722 56.3947
      vertex 46 -10.5 60.15
      vertex 46 -14.6 56.4
    endloop
  endfacet
  facet normal -1 0 0
    outer loop
      vertex 46 -14.8431 56.3787
      vertex 46 -10.5 60.15
      vertex 46 -14.722 56.3947
    endloop
  endfacet
  facet normal -1 0 0
    outer loop
      vertex 46 -14.9623 56.3523
      vertex 46 -10.5 60.15
      vertex 46 -14.8431 56.3787
    endloop
  endfacet
  facet normal -1 0 0
    outer loop
      vertex 46 -15.0788 56.3156
      vertex 46 -10.5 60.15
      vertex 46 -14.9623 56.3523
    endloop
  endfacet
  facet normal -1 0 0
    outer loop
      vertex 46 -25.85 67
      vertex 46 -15.0788 56.3156
      vertex 46 -15.1917 56.2688
    endloop
  endfacet
  facet normal -1 0 0
    outer loop
      vertex 46 -25.85 67
      vertex 46 -15.1917 56.2688
      vertex 46 -15.3 56.2124
    endloop
  endfacet
  facet normal -1 0 0
    outer loop
      vertex 46 -25.85 67
      vertex 46 -15.3 56.2124
      vertex 46 -15.403 56.1468
    endloop
  endfacet
  facet normal -1 0 0
    outer loop
      vertex 46 -25.85 67
      vertex 46 -15.403 56.1468
      vertex 46 -15.4999 56.0725
    endloop
  endfacet
  facet normal -1 0 0
    outer loop
      vertex 46 -25.85 37
      vertex 46 -16 45
      vertex 46 -21.85 37
    endloop
  endfacet
  facet normal -1 0 0
    outer loop
      vertex 46 -15.9787 54.7569
      vertex 46 -25.85 67
      vertex 46 -15.9947 54.878
    endloop
  endfacet
  facet normal -1 0 0
    outer loop
      vertex 46 -15.9947 54.878
      vertex 46 -25.85 67
      vertex 46 -16 55
    endloop
  endfacet
  facet normal -1 0 0
    outer loop
      vertex 46 -16 55
      vertex 46 -25.85 67
      vertex 46 -15.9947 55.122
    endloop
  endfacet
  facet normal -1 0 0
    outer loop
      vertex 46 -15.9947 55.122
      vertex 46 -25.85 67
      vertex 46 -15.9787 55.2431
    endloop
  endfacet
  facet normal -1 0 0
    outer loop
      vertex 46 -15.9787 55.2431
      vertex 46 -25.85 67
      vertex 46 -15.9523 55.3623
    endloop
  endfacet
  facet normal -1 0 0
    outer loop
      vertex 46 -15.9523 55.3623
      vertex 46 -25.85 67
      vertex 46 -15.9156 55.4788
    endloop
  endfacet
  facet normal -1 0 0
    outer loop
      vertex 46 -15.9156 55.4788
      vertex 46 -25.85 67
      vertex 46 -15.8688 55.5917
    endloop
  endfacet
  facet normal -1 0 0
    outer loop
      vertex 46 -10.5 60.15
      vertex 46 -25.85 67
      vertex 46 46.15 67
    endloop
  endfacet
  facet normal -1 0 0
    outer loop
      vertex 46 -15.0788 56.3156
      vertex 46 -25.85 67
      vertex 46 -10.5 60.15
    endloop
  endfacet
  facet normal -1 0 0
    outer loop
      vertex 46 -15.5899 55.9899
      vertex 46 -25.85 67
      vertex 46 -15.4999 56.0725
    endloop
  endfacet
  facet normal -1 0 0
    outer loop
      vertex 46 -15.6725 55.8999
      vertex 46 -25.85 67
      vertex 46 -15.5899 55.9899
    endloop
  endfacet
  facet normal -1 0 0
    outer loop
      vertex 46 -15.7468 55.803
      vertex 46 -25.85 67
      vertex 46 -15.6725 55.8999
    endloop
  endfacet
  facet normal -1 0 0
    outer loop
      vertex 46 -15.8124 55.7
      vertex 46 -25.85 67
      vertex 46 -15.7468 55.803
    endloop
  endfacet
  facet normal -1 0 0
    outer loop
      vertex 46 -15.8688 55.5917
      vertex 46 -25.85 67
      vertex 46 -15.8124 55.7
    endloop
  endfacet
  facet normal 0 1 0
    outer loop
      vertex 52 46.15 67
      vertex 46 46.15 37
      vertex 46 46.15 67
    endloop
  endfacet
  facet normal 0 1 -0
    outer loop
      vertex 52 46.15 5
      vertex 46 46.15 37
      vertex 52 46.15 67
    endloop
  endfacet
  facet normal 0 1 0
    outer loop
      vertex 46 46.15 37
      vertex 52 46.15 5
      vertex 33.5556 46.15 5
    endloop
  endfacet
  facet normal 0 -1 0
    outer loop
      vertex 46 -25.85 37
      vertex 52 -25.85 67
      vertex 46 -25.85 67
    endloop
  endfacet
  facet normal 0 -1 0
    outer loop
      vertex 46 -25.85 37
      vertex 52 -25.85 5
      vertex 52 -25.85 67
    endloop
  endfacet
  facet normal 0 -1 0
    outer loop
      vertex 52 -25.85 5
      vertex 46 -25.85 37
      vertex 33.5556 -25.85 5
    endloop
  endfacet
  facet normal 0 1 0
    outer loop
      vertex -33.5556 -21.85 5
      vertex -46 -21.85 5
      vertex -46 -21.85 37
    endloop
  endfacet
  facet normal 0.932005 -0 0.362445
    outer loop
      vertex -46 -25.85 37
      vertex -33.5556 -21.85 5
      vertex -46 -21.85 37
    endloop
  endfacet
  facet normal 0.932005 0 0.362445
    outer loop
      vertex -33.5556 -21.85 5
      vertex -46 -25.85 37
      vertex -33.5556 -25.85 5
    endloop
  endfacet
  facet normal 0 -1 0
    outer loop
      vertex -46 42.15 37
      vertex -46 42.15 5
      vertex -33.5556 42.15 5
    endloop
  endfacet
  facet normal 0.932005 -0 0.362445
    outer loop
      vertex -46 42.15 37
      vertex -33.5556 46.15 5
      vertex -46 46.15 37
    endloop
  endfacet
  facet normal 0.932005 0 0.362445
    outer loop
      vertex -33.5556 46.15 5
      vertex -46 42.15 37
      vertex -33.5556 42.15 5
    endloop
  endfacet
  facet normal -0.932005 0 0.362445
    outer loop
      vertex 33.5556 -25.85 5
      vertex 46 -21.85 37
      vertex 33.5556 -21.85 5
    endloop
  endfacet
  facet normal -0.932005 0 0.362445
    outer loop
      vertex 46 -21.85 37
      vertex 33.5556 -25.85 5
      vertex 46 -25.85 37
    endloop
  endfacet
  facet normal 0 1 -0
    outer loop
      vertex 46 -21.85 5
      vertex 33.5556 -21.85 5
      vertex 46 -21.85 37
    endloop
  endfacet
  facet normal -0.932005 0 0.362445
    outer loop
      vertex 33.5556 42.15 5
      vertex 46 46.15 37
      vertex 33.5556 46.15 5
    endloop
  endfacet
  facet normal -0.932005 0 0.362445
    outer loop
      vertex 46 46.15 37
      vertex 33.5556 42.15 5
      vertex 46 42.15 37
    endloop
  endfacet
  facet normal 0 -1 -0
    outer loop
      vertex 46 42.15 37
      vertex 33.5556 42.15 5
      vertex 46 42.15 5
    endloop
  endfacet
  facet normal 0.991445 0.130528 0
    outer loop
      vertex 69.7336 6.1009 5
      vertex 68.9365 12.1554 0
      vertex 68.9365 12.1554 5
    endloop
  endfacet
  facet normal 0.991445 0.130528 0
    outer loop
      vertex 68.9365 12.1554 0
      vertex 69.7336 6.1009 5
      vertex 69.7336 6.1009 0
    endloop
  endfacet
  facet normal 0.999048 0.0436241 0
    outer loop
      vertex 70 0 5
      vertex 69.7336 6.1009 0
      vertex 69.7336 6.1009 5
    endloop
  endfacet
  facet normal 0.999048 0.0436241 0
    outer loop
      vertex 69.7336 6.1009 0
      vertex 70 0 5
      vertex 70 0 0
    endloop
  endfacet
  facet normal 0.976297 0.216436 0
    outer loop
      vertex 68.9365 12.1554 5
      vertex 67.6148 18.1173 0
      vertex 67.6148 18.1173 5
    endloop
  endfacet
  facet normal 0.976297 0.216436 0
    outer loop
      vertex 67.6148 18.1173 0
      vertex 68.9365 12.1554 5
      vertex 68.9365 12.1554 0
    endloop
  endfacet
  facet normal 0.608757 0.793357 -0
    outer loop
      vertex 44.9951 53.6231 0
      vertex 40.1503 57.3406 5
      vertex 44.9951 53.6231 5
    endloop
  endfacet
  facet normal 0.608757 0.793357 0
    outer loop
      vertex 40.1503 57.3406 5
      vertex 44.9951 53.6231 0
      vertex 40.1503 57.3406 0
    endloop
  endfacet
  facet normal -0.793357 -0.608757 0
    outer loop
      vertex -53.6231 -44.9951 0
      vertex -57.3406 -40.1503 5
      vertex -57.3406 -40.1503 0
    endloop
  endfacet
  facet normal -0.793357 -0.608757 0
    outer loop
      vertex -57.3406 -40.1503 5
      vertex -53.6231 -44.9951 0
      vertex -53.6231 -44.9951 5
    endloop
  endfacet
  facet normal -0.130528 -0.991445 0
    outer loop
      vertex -12.1554 -68.9365 0
      vertex -6.1009 -69.7336 5
      vertex -12.1554 -68.9365 5
    endloop
  endfacet
  facet normal -0.130528 -0.991445 -0
    outer loop
      vertex -6.1009 -69.7336 5
      vertex -12.1554 -68.9365 0
      vertex -6.1009 -69.7336 0
    endloop
  endfacet
  facet normal 0.737285 0.675582 0
    outer loop
      vertex 53.6231 44.9951 5
      vertex 49.4975 49.4975 0
      vertex 49.4975 49.4975 5
    endloop
  endfacet
  facet normal 0.737285 0.675582 0
    outer loop
      vertex 49.4975 49.4975 0
      vertex 53.6231 44.9951 5
      vertex 53.6231 44.9951 0
    endloop
  endfacet
  facet normal 0.300701 0.953718 -0
    outer loop
      vertex 23.9414 65.7785 0
      vertex 18.1173 67.6148 5
      vertex 23.9414 65.7785 5
    endloop
  endfacet
  facet normal 0.300701 0.953718 0
    outer loop
      vertex 18.1173 67.6148 5
      vertex 23.9414 65.7785 0
      vertex 18.1173 67.6148 0
    endloop
  endfacet
  facet normal -0.976297 0.216436 0
    outer loop
      vertex -68.9365 12.1554 0
      vertex -67.6148 18.1173 5
      vertex -67.6148 18.1173 0
    endloop
  endfacet
  facet normal -0.976297 0.216436 0
    outer loop
      vertex -67.6148 18.1173 5
      vertex -68.9365 12.1554 0
      vertex -68.9365 12.1554 5
    endloop
  endfacet
  facet normal -0.537311 0.843384 0
    outer loop
      vertex -35 60.6218 0
      vertex -40.1503 57.3406 5
      vertex -35 60.6218 5
    endloop
  endfacet
  facet normal -0.537311 0.843384 0
    outer loop
      vertex -40.1503 57.3406 5
      vertex -35 60.6218 0
      vertex -40.1503 57.3406 0
    endloop
  endfacet
  facet normal -0.216436 0.976297 0
    outer loop
      vertex -12.1554 68.9365 0
      vertex -18.1173 67.6148 5
      vertex -12.1554 68.9365 5
    endloop
  endfacet
  facet normal -0.216436 0.976297 0
    outer loop
      vertex -18.1173 67.6148 5
      vertex -12.1554 68.9365 0
      vertex -18.1173 67.6148 0
    endloop
  endfacet
  facet normal 0.130528 -0.991445 0
    outer loop
      vertex 6.1009 -69.7336 0
      vertex 12.1554 -68.9365 5
      vertex 6.1009 -69.7336 5
    endloop
  endfacet
  facet normal 0.130528 -0.991445 0
    outer loop
      vertex 12.1554 -68.9365 5
      vertex 6.1009 -69.7336 0
      vertex 12.1554 -68.9365 0
    endloop
  endfacet
  facet normal 0.999048 -0.0436241 0
    outer loop
      vertex 69.7336 -6.1009 5
      vertex 70 0 0
      vertex 70 0 5
    endloop
  endfacet
  facet normal 0.999048 -0.0436241 0
    outer loop
      vertex 70 0 0
      vertex 69.7336 -6.1009 5
      vertex 69.7336 -6.1009 0
    endloop
  endfacet
  facet normal 0.843384 -0.537311 0
    outer loop
      vertex 57.3406 -40.1503 5
      vertex 60.6218 -35 0
      vertex 60.6218 -35 5
    endloop
  endfacet
  facet normal 0.843384 -0.537311 0
    outer loop
      vertex 60.6218 -35 0
      vertex 57.3406 -40.1503 5
      vertex 57.3406 -40.1503 0
    endloop
  endfacet
  facet normal 0.608757 -0.793357 0
    outer loop
      vertex 40.1503 -57.3406 0
      vertex 44.9951 -53.6231 5
      vertex 40.1503 -57.3406 5
    endloop
  endfacet
  facet normal 0.608757 -0.793357 0
    outer loop
      vertex 44.9951 -53.6231 5
      vertex 40.1503 -57.3406 0
      vertex 44.9951 -53.6231 0
    endloop
  endfacet
  facet normal 0.675582 0.737285 -0
    outer loop
      vertex 49.4975 49.4975 0
      vertex 44.9951 53.6231 5
      vertex 49.4975 49.4975 5
    endloop
  endfacet
  facet normal 0.675582 0.737285 0
    outer loop
      vertex 44.9951 53.6231 5
      vertex 49.4975 49.4975 0
      vertex 44.9951 53.6231 0
    endloop
  endfacet
  facet normal -0.608757 0.793357 0
    outer loop
      vertex -40.1503 57.3406 0
      vertex -44.9951 53.6231 5
      vertex -40.1503 57.3406 5
    endloop
  endfacet
  facet normal -0.608757 0.793357 0
    outer loop
      vertex -44.9951 53.6231 5
      vertex -40.1503 57.3406 0
      vertex -44.9951 53.6231 0
    endloop
  endfacet
  facet normal -0.953718 -0.300701 0
    outer loop
      vertex -65.7785 -23.9414 0
      vertex -67.6148 -18.1173 5
      vertex -67.6148 -18.1173 0
    endloop
  endfacet
  facet normal -0.953718 -0.300701 0
    outer loop
      vertex -67.6148 -18.1173 5
      vertex -65.7785 -23.9414 0
      vertex -65.7785 -23.9414 5
    endloop
  endfacet
  facet normal 0.737285 -0.675582 0
    outer loop
      vertex 49.4975 -49.4975 5
      vertex 53.6231 -44.9951 0
      vertex 53.6231 -44.9951 5
    endloop
  endfacet
  facet normal 0.737285 -0.675582 0
    outer loop
      vertex 53.6231 -44.9951 0
      vertex 49.4975 -49.4975 5
      vertex 49.4975 -49.4975 0
    endloop
  endfacet
  facet normal 0.843384 0.537311 0
    outer loop
      vertex 60.6218 35 5
      vertex 57.3406 40.1503 0
      vertex 57.3406 40.1503 5
    endloop
  endfacet
  facet normal 0.843384 0.537311 0
    outer loop
      vertex 57.3406 40.1503 0
      vertex 60.6218 35 5
      vertex 60.6218 35 0
    endloop
  endfacet
  facet normal -0.843384 -0.537311 0
    outer loop
      vertex -57.3406 -40.1503 0
      vertex -60.6218 -35 5
      vertex -60.6218 -35 0
    endloop
  endfacet
  facet normal -0.843384 -0.537311 0
    outer loop
      vertex -60.6218 -35 5
      vertex -57.3406 -40.1503 0
      vertex -57.3406 -40.1503 5
    endloop
  endfacet
  facet normal 0.976297 -0.216436 0
    outer loop
      vertex 67.6148 -18.1173 5
      vertex 68.9365 -12.1554 0
      vertex 68.9365 -12.1554 5
    endloop
  endfacet
  facet normal 0.976297 -0.216436 0
    outer loop
      vertex 68.9365 -12.1554 0
      vertex 67.6148 -18.1173 5
      vertex 67.6148 -18.1173 0
    endloop
  endfacet
  facet normal -0.737285 0.675582 0
    outer loop
      vertex -53.6231 44.9951 0
      vertex -49.4975 49.4975 5
      vertex -49.4975 49.4975 0
    endloop
  endfacet
  facet normal -0.737285 0.675582 0
    outer loop
      vertex -49.4975 49.4975 5
      vertex -53.6231 44.9951 0
      vertex -53.6231 44.9951 5
    endloop
  endfacet
  facet normal -0.999048 0.0436241 0
    outer loop
      vertex -70 0 0
      vertex -69.7336 6.1009 5
      vertex -69.7336 6.1009 0
    endloop
  endfacet
  facet normal -0.999048 0.0436241 0
    outer loop
      vertex -69.7336 6.1009 5
      vertex -70 0 0
      vertex -70 0 5
    endloop
  endfacet
  facet normal 0.461741 0.887015 -0
    outer loop
      vertex 35 60.6218 0
      vertex 29.5833 63.4415 5
      vertex 35 60.6218 5
    endloop
  endfacet
  facet normal 0.461741 0.887015 0
    outer loop
      vertex 29.5833 63.4415 5
      vertex 35 60.6218 0
      vertex 29.5833 63.4415 0
    endloop
  endfacet
  facet normal -0.38269 0.923877 0
    outer loop
      vertex -23.9414 65.7785 0
      vertex -29.5833 63.4415 5
      vertex -23.9414 65.7785 5
    endloop
  endfacet
  facet normal -0.38269 0.923877 0
    outer loop
      vertex -29.5833 63.4415 5
      vertex -23.9414 65.7785 0
      vertex -29.5833 63.4415 0
    endloop
  endfacet
  facet normal -0.537311 -0.843384 0
    outer loop
      vertex -40.1503 -57.3406 0
      vertex -35 -60.6218 5
      vertex -40.1503 -57.3406 5
    endloop
  endfacet
  facet normal -0.537311 -0.843384 -0
    outer loop
      vertex -35 -60.6218 5
      vertex -40.1503 -57.3406 0
      vertex -35 -60.6218 0
    endloop
  endfacet
  facet normal 0.953718 0.300701 0
    outer loop
      vertex 67.6148 18.1173 5
      vertex 65.7785 23.9414 0
      vertex 65.7785 23.9414 5
    endloop
  endfacet
  facet normal 0.953718 0.300701 0
    outer loop
      vertex 65.7785 23.9414 0
      vertex 67.6148 18.1173 5
      vertex 67.6148 18.1173 0
    endloop
  endfacet
  facet normal 0.923877 -0.38269 0
    outer loop
      vertex 63.4415 -29.5833 5
      vertex 65.7785 -23.9414 0
      vertex 65.7785 -23.9414 5
    endloop
  endfacet
  facet normal 0.923877 -0.38269 0
    outer loop
      vertex 65.7785 -23.9414 0
      vertex 63.4415 -29.5833 5
      vertex 63.4415 -29.5833 0
    endloop
  endfacet
  facet normal 0.38269 0.923877 -0
    outer loop
      vertex 29.5833 63.4415 0
      vertex 23.9414 65.7785 5
      vertex 29.5833 63.4415 5
    endloop
  endfacet
  facet normal 0.38269 0.923877 0
    outer loop
      vertex 23.9414 65.7785 5
      vertex 29.5833 63.4415 0
      vertex 23.9414 65.7785 0
    endloop
  endfacet
  facet normal 0.216436 0.976297 -0
    outer loop
      vertex 18.1173 67.6148 0
      vertex 12.1554 68.9365 5
      vertex 18.1173 67.6148 5
    endloop
  endfacet
  facet normal 0.216436 0.976297 0
    outer loop
      vertex 12.1554 68.9365 5
      vertex 18.1173 67.6148 0
      vertex 12.1554 68.9365 0
    endloop
  endfacet
  facet normal -0 0 1
    outer loop
      vertex -35 60.6218 5
      vertex -33.5556 46.15 5
      vertex -29.5833 63.4415 5
    endloop
  endfacet
  facet normal -0 0 1
    outer loop
      vertex -40.1503 57.3406 5
      vertex -33.5556 46.15 5
      vertex -35 60.6218 5
    endloop
  endfacet
  facet normal -0 0 1
    outer loop
      vertex -44.9951 53.6231 5
      vertex -33.5556 46.15 5
      vertex -40.1503 57.3406 5
    endloop
  endfacet
  facet normal -0 0 1
    outer loop
      vertex -49.4975 49.4975 5
      vertex -33.5556 46.15 5
      vertex -44.9951 53.6231 5
    endloop
  endfacet
  facet normal 0 0 1
    outer loop
      vertex -49.4975 49.4975 5
      vertex -52 46.15 5
      vertex -33.5556 46.15 5
    endloop
  endfacet
  facet normal 0 0 1
    outer loop
      vertex -57.3406 40.1503 5
      vertex -52 46.15 5
      vertex -53.6231 44.9951 5
    endloop
  endfacet
  facet normal 0 0 1
    outer loop
      vertex -53.6231 44.9951 5
      vertex -52 46.15 5
      vertex -49.4975 49.4975 5
    endloop
  endfacet
  facet normal 0 0 1
    outer loop
      vertex -8.1881 8.83272 5
      vertex -17.6665 16.4114 5
      vertex -8.22776 8.53151 5
    endloop
  endfacet
  facet normal 0 0 1
    outer loop
      vertex -8.03073 -7.03394 5
      vertex -16.2928 -18.2017 5
      vertex -16.2848 -18.3848 5
    endloop
  endfacet
  facet normal -0 0 1
    outer loop
      vertex -17.8413 16.3563 5
      vertex -8.22776 8.53151 5
      vertex -17.6665 16.4114 5
    endloop
  endfacet
  facet normal 0 0 1
    outer loop
      vertex -8.03073 -7.03394 5
      vertex -16.3167 -18.0201 5
      vertex -16.2928 -18.2017 5
    endloop
  endfacet
  facet normal 0 0 1
    outer loop
      vertex -8.22776 8.53151 5
      vertex -17.8413 16.3563 5
      vertex -8.24101 8.22798 5
    endloop
  endfacet
  facet normal 0 0 1
    outer loop
      vertex -8.03073 -7.03394 5
      vertex -16.3563 -17.8413 5
      vertex -16.3167 -18.0201 5
    endloop
  endfacet
  facet normal 0 0 1
    outer loop
      vertex -8.24101 8.22798 5
      vertex -17.8413 16.3563 5
      vertex -8.24104 8.22724 5
    endloop
  endfacet
  facet normal 0 0 1
    outer loop
      vertex -8.03073 -7.03394 5
      vertex -16.4114 -17.6665 5
      vertex -16.3563 -17.8413 5
    endloop
  endfacet
  facet normal -0 0 1
    outer loop
      vertex -18.0201 16.3167 5
      vertex -8.24104 8.22724 5
      vertex -17.8413 16.3563 5
    endloop
  endfacet
  facet normal 0 0 1
    outer loop
      vertex -8.03073 -7.03394 5
      vertex -16.4815 -17.4973 5
      vertex -16.4114 -17.6665 5
    endloop
  endfacet
  facet normal 0 0 1
    outer loop
      vertex -8.24104 8.22724 5
      vertex -18.0201 16.3167 5
      vertex -8.24101 8.2265 5
    endloop
  endfacet
  facet normal 0 0 1
    outer loop
      vertex -8.03073 -7.03394 5
      vertex -16.5661 -17.3348 5
      vertex -16.4815 -17.4973 5
    endloop
  endfacet
  facet normal 0 0 1
    outer loop
      vertex -8.24101 8.2265 5
      vertex -18.0201 16.3167 5
      vertex -8.22776 7.92298 5
    endloop
  endfacet
  facet normal 0 0 1
    outer loop
      vertex -8.03073 -7.03394 5
      vertex -16.6646 -17.1803 5
      vertex -16.5661 -17.3348 5
    endloop
  endfacet
  facet normal -0 0 1
    outer loop
      vertex -18.2017 16.2928 5
      vertex -8.22776 7.92298 5
      vertex -18.0201 16.3167 5
    endloop
  endfacet
  facet normal 0 0 1
    outer loop
      vertex -8.03073 -7.03394 5
      vertex -16.7761 -17.0349 5
      vertex -16.6646 -17.1803 5
    endloop
  endfacet
  facet normal 0 0 1
    outer loop
      vertex -8.22776 7.92298 5
      vertex -18.2017 16.2928 5
      vertex -8.22766 7.92224 5
    endloop
  endfacet
  facet normal 0 0 1
    outer loop
      vertex -8.03073 -7.03394 5
      vertex -16.8999 -16.8999 5
      vertex -16.7761 -17.0349 5
    endloop
  endfacet
  facet normal 0 0 1
    outer loop
      vertex -8.22766 7.92224 5
      vertex -18.2017 16.2928 5
      vertex -8.18801 7.62103 5
    endloop
  endfacet
  facet normal 0 0 1
    outer loop
      vertex -8.03073 -7.03394 5
      vertex -17.0349 -16.7761 5
      vertex -16.8999 -16.8999 5
    endloop
  endfacet
  facet normal -0 0 1
    outer loop
      vertex -18.3848 16.2848 5
      vertex -8.18801 7.62103 5
      vertex -18.2017 16.2928 5
    endloop
  endfacet
  facet normal 0 0 1
    outer loop
      vertex -8.03073 -7.03394 5
      vertex -17.1803 -16.6646 5
      vertex -17.0349 -16.7761 5
    endloop
  endfacet
  facet normal 0 0 1
    outer loop
      vertex -8.18801 7.62103 5
      vertex -18.3848 16.2848 5
      vertex -8.18785 7.62031 5
    endloop
  endfacet
  facet normal 0 0 1
    outer loop
      vertex -8.03073 -7.03394 5
      vertex -17.3348 -16.5661 5
      vertex -17.1803 -16.6646 5
    endloop
  endfacet
  facet normal 0 0 1
    outer loop
      vertex -18.5678 16.2928 5
      vertex -8.18785 7.62031 5
      vertex -18.3848 16.2848 5
    endloop
  endfacet
  facet normal 0 0 1
    outer loop
      vertex -8.03073 -7.03394 5
      vertex -17.4973 -16.4815 5
      vertex -17.3348 -16.5661 5
    endloop
  endfacet
  facet normal 0 0 1
    outer loop
      vertex -8.18785 7.62031 5
      vertex -18.5678 16.2928 5
      vertex -8.12209 7.32369 5
    endloop
  endfacet
  facet normal 0 0 1
    outer loop
      vertex -8.03073 -7.03394 5
      vertex -17.6665 -16.4114 5
      vertex -17.4973 -16.4815 5
    endloop
  endfacet
  facet normal 0 0 1
    outer loop
      vertex -18.7494 16.3167 5
      vertex -8.12209 7.32369 5
      vertex -18.5678 16.2928 5
    endloop
  endfacet
  facet normal 0 0 1
    outer loop
      vertex -8.03073 -7.03394 5
      vertex -17.8413 -16.3563 5
      vertex -17.6665 -16.4114 5
    endloop
  endfacet
  facet normal 0 0 1
    outer loop
      vertex -8.12209 7.32369 5
      vertex -18.7494 16.3167 5
      vertex -8.03073 7.03394 5
    endloop
  endfacet
  facet normal 0 0 1
    outer loop
      vertex -8.03073 -7.03394 5
      vertex -18.0201 -16.3167 5
      vertex -17.8413 -16.3563 5
    endloop
  endfacet
  facet normal 0 0 1
    outer loop
      vertex -8.03073 7.03394 5
      vertex -18.7494 16.3167 5
      vertex -8.03051 7.03323 5
    endloop
  endfacet
  facet normal 0 0 1
    outer loop
      vertex -8.03073 -7.03394 5
      vertex -18.2017 -16.2928 5
      vertex -18.0201 -16.3167 5
    endloop
  endfacet
  facet normal 0 0 1
    outer loop
      vertex -18.9283 16.3563 5
      vertex -8.03051 7.03323 5
      vertex -18.7494 16.3167 5
    endloop
  endfacet
  facet normal 0 0 1
    outer loop
      vertex -8.03073 -7.03394 5
      vertex -18.3848 -16.2848 5
      vertex -18.2017 -16.2928 5
    endloop
  endfacet
  facet normal 0 0 1
    outer loop
      vertex -8.03051 7.03323 5
      vertex -18.9283 16.3563 5
      vertex -8.03051 -7.03323 5
    endloop
  endfacet
  facet normal 0 0 1
    outer loop
      vertex -8.03073 -7.03394 5
      vertex -18.5678 -16.2928 5
      vertex -18.3848 -16.2848 5
    endloop
  endfacet
  facet normal 0 0 1
    outer loop
      vertex -18.9283 -16.3563 5
      vertex -8.03051 -7.03323 5
      vertex -18.9283 16.3563 5
    endloop
  endfacet
  facet normal 0 0 1
    outer loop
      vertex -8.03073 -7.03394 5
      vertex -18.7494 -16.3167 5
      vertex -18.5678 -16.2928 5
    endloop
  endfacet
  facet normal 0 -0 1
    outer loop
      vertex -18.7494 -16.3167 5
      vertex -8.03051 -7.03323 5
      vertex -18.9283 -16.3563 5
    endloop
  endfacet
  facet normal 0 0 1
    outer loop
      vertex -8.03051 -7.03323 5
      vertex -18.7494 -16.3167 5
      vertex -8.03073 -7.03394 5
    endloop
  endfacet
  facet normal 0 0 1
    outer loop
      vertex -19.103 16.4114 5
      vertex -18.9283 -16.3563 5
      vertex -18.9283 16.3563 5
    endloop
  endfacet
  facet normal 0 0 1
    outer loop
      vertex -19.103 16.4114 5
      vertex -19.103 -16.4114 5
      vertex -18.9283 -16.3563 5
    endloop
  endfacet
  facet normal 0 0 1
    outer loop
      vertex -19.2723 16.4815 5
      vertex -19.103 -16.4114 5
      vertex -19.103 16.4114 5
    endloop
  endfacet
  facet normal 0 0 1
    outer loop
      vertex -19.2723 16.4815 5
      vertex -19.2723 -16.4815 5
      vertex -19.103 -16.4114 5
    endloop
  endfacet
  facet normal 0 0 1
    outer loop
      vertex -19.4348 16.5661 5
      vertex -19.2723 -16.4815 5
      vertex -19.2723 16.4815 5
    endloop
  endfacet
  facet normal 0 0 1
    outer loop
      vertex -19.4348 16.5661 5
      vertex -19.4348 -16.5661 5
      vertex -19.2723 -16.4815 5
    endloop
  endfacet
  facet normal 0 0 1
    outer loop
      vertex -19.5893 16.6646 5
      vertex -19.4348 -16.5661 5
      vertex -19.4348 16.5661 5
    endloop
  endfacet
  facet normal 0 0 1
    outer loop
      vertex -19.5893 16.6646 5
      vertex -19.5893 -16.6646 5
      vertex -19.4348 -16.5661 5
    endloop
  endfacet
  facet normal 0 0 1
    outer loop
      vertex -19.7346 16.7761 5
      vertex -19.5893 -16.6646 5
      vertex -19.5893 16.6646 5
    endloop
  endfacet
  facet normal 0 0 1
    outer loop
      vertex -19.7346 16.7761 5
      vertex -19.7346 -16.7761 5
      vertex -19.5893 -16.6646 5
    endloop
  endfacet
  facet normal 0 0 1
    outer loop
      vertex -33.5556 -21.85 5
      vertex -19.7346 16.7761 5
      vertex -19.8697 16.8999 5
    endloop
  endfacet
  facet normal 0 0 1
    outer loop
      vertex -19.7346 16.7761 5
      vertex -33.5556 -21.85 5
      vertex -19.7346 -16.7761 5
    endloop
  endfacet
  facet normal 0 0 1
    outer loop
      vertex -19.7346 -16.7761 5
      vertex -33.5556 -21.85 5
      vertex -19.8697 -16.8999 5
    endloop
  endfacet
  facet normal 0 0 1
    outer loop
      vertex -46 -21.85 5
      vertex -19.8697 16.8999 5
      vertex -36.8403 33.8704 5
    endloop
  endfacet
  facet normal 0 0 1
    outer loop
      vertex -46 -21.85 5
      vertex -36.8403 33.8704 5
      vertex -36.964 34.0055 5
    endloop
  endfacet
  facet normal 0 0 1
    outer loop
      vertex -46 42.15 5
      vertex -36.964 34.0055 5
      vertex -37.0756 34.1508 5
    endloop
  endfacet
  facet normal 0 0 1
    outer loop
      vertex -46 42.15 5
      vertex -37.0756 34.1508 5
      vertex -37.174 34.3053 5
    endloop
  endfacet
  facet normal 0 0 1
    outer loop
      vertex -46 42.15 5
      vertex -37.174 34.3053 5
      vertex -37.2586 34.4678 5
    endloop
  endfacet
  facet normal 0 0 1
    outer loop
      vertex -46 42.15 5
      vertex -37.2586 34.4678 5
      vertex -37.3287 34.6371 5
    endloop
  endfacet
  facet normal 0 0 1
    outer loop
      vertex -46 42.15 5
      vertex -37.3287 34.6371 5
      vertex -37.3838 34.8118 5
    endloop
  endfacet
  facet normal 0 0 1
    outer loop
      vertex -46 42.15 5
      vertex -37.3838 34.8118 5
      vertex -37.4234 34.9907 5
    endloop
  endfacet
  facet normal 0 0 1
    outer loop
      vertex -46 42.15 5
      vertex -37.4234 34.9907 5
      vertex -37.4473 35.1723 5
    endloop
  endfacet
  facet normal 0 0 1
    outer loop
      vertex -46 42.15 5
      vertex -37.4473 35.1723 5
      vertex -37.4553 35.3553 5
    endloop
  endfacet
  facet normal 0 0 1
    outer loop
      vertex -36.964 34.0055 5
      vertex -46 42.15 5
      vertex -46 -21.85 5
    endloop
  endfacet
  facet normal 0 0 1
    outer loop
      vertex -19.8697 16.8999 5
      vertex -46 -21.85 5
      vertex -33.5556 -21.85 5
    endloop
  endfacet
  facet normal 0 0 1
    outer loop
      vertex -4.53154 -20.1131 5
      vertex -16.6646 -19.5893 5
      vertex -4.33013 -20.5 5
    endloop
  endfacet
  facet normal -0 0 1
    outer loop
      vertex -16.7761 -19.7346 5
      vertex -4.33013 -20.5 5
      vertex -16.6646 -19.5893 5
    endloop
  endfacet
  facet normal 0 0 1
    outer loop
      vertex -4.33013 -20.5 5
      vertex -16.7761 -19.7346 5
      vertex -4.09576 -20.8679 5
    endloop
  endfacet
  facet normal -0 0 1
    outer loop
      vertex -16.8999 -19.8697 5
      vertex -4.09576 -20.8679 5
      vertex -16.7761 -19.7346 5
    endloop
  endfacet
  facet normal 0 0 1
    outer loop
      vertex -4.09576 -20.8679 5
      vertex -16.8999 -19.8697 5
      vertex -3.83022 -21.2139 5
    endloop
  endfacet
  facet normal 0 0 1
    outer loop
      vertex -3.83022 -21.2139 5
      vertex -16.8999 -19.8697 5
      vertex -3.53553 -21.5355 5
    endloop
  endfacet
  facet normal 0 0 1
    outer loop
      vertex -3.53553 -21.5355 5
      vertex -16.8999 -19.8697 5
      vertex -3.21394 -21.8302 5
    endloop
  endfacet
  facet normal 0 0 1
    outer loop
      vertex -3.21394 -21.8302 5
      vertex -16.8999 -19.8697 5
      vertex -2.86788 -22.0958 5
    endloop
  endfacet
  facet normal 0 0 1
    outer loop
      vertex -2.86788 -22.0958 5
      vertex -16.8999 -19.8697 5
      vertex -2.5 -22.3301 5
    endloop
  endfacet
  facet normal 0 0 1
    outer loop
      vertex -33.8704 -36.8403 5
      vertex -2.5 -22.3301 5
      vertex -16.8999 -19.8697 5
    endloop
  endfacet
  facet normal 0 0 1
    outer loop
      vertex -2.5 -22.3301 5
      vertex -18.1173 -67.6148 5
      vertex -12.1554 -68.9365 5
    endloop
  endfacet
  facet normal 0 0 1
    outer loop
      vertex -2.5 -22.3301 5
      vertex -33.8704 -36.8403 5
      vertex -18.1173 -67.6148 5
    endloop
  endfacet
  facet normal 0 0 1
    outer loop
      vertex -18.1173 -67.6148 5
      vertex -33.8704 -36.8403 5
      vertex -23.9414 -65.7785 5
    endloop
  endfacet
  facet normal 0 0 1
    outer loop
      vertex -23.9414 -65.7785 5
      vertex -33.8704 -36.8403 5
      vertex -29.5833 -63.4415 5
    endloop
  endfacet
  facet normal -0 0 1
    outer loop
      vertex -34.0055 -36.964 5
      vertex -29.5833 -63.4415 5
      vertex -33.8704 -36.8403 5
    endloop
  endfacet
  facet normal -0 0 1
    outer loop
      vertex -34.1508 -37.0756 5
      vertex -29.5833 -63.4415 5
      vertex -34.0055 -36.964 5
    endloop
  endfacet
  facet normal 0 0 1
    outer loop
      vertex -35 -60.6218 5
      vertex -34.1508 -37.0756 5
      vertex -34.3053 -37.174 5
    endloop
  endfacet
  facet normal 0 0 1
    outer loop
      vertex -35 -60.6218 5
      vertex -34.3053 -37.174 5
      vertex -34.4678 -37.2586 5
    endloop
  endfacet
  facet normal 0 0 1
    outer loop
      vertex -35 -60.6218 5
      vertex -34.4678 -37.2586 5
      vertex -34.6371 -37.3287 5
    endloop
  endfacet
  facet normal 0 0 1
    outer loop
      vertex -35 -60.6218 5
      vertex -34.6371 -37.3287 5
      vertex -34.8118 -37.3838 5
    endloop
  endfacet
  facet normal 0 0 1
    outer loop
      vertex -40.1503 -57.3406 5
      vertex -34.8118 -37.3838 5
      vertex -34.9907 -37.4234 5
    endloop
  endfacet
  facet normal 0 0 1
    outer loop
      vertex -34.1508 -37.0756 5
      vertex -35 -60.6218 5
      vertex -29.5833 -63.4415 5
    endloop
  endfacet
  facet normal 0 0 1
    outer loop
      vertex -40.1503 -57.3406 5
      vertex -34.9907 -37.4234 5
      vertex -35.1723 -37.4473 5
    endloop
  endfacet
  facet normal 0 0 1
    outer loop
      vertex -40.1503 -57.3406 5
      vertex -35.1723 -37.4473 5
      vertex -35.3553 -37.4553 5
    endloop
  endfacet
  facet normal 0 0 1
    outer loop
      vertex -40.1503 -57.3406 5
      vertex -35.3553 -37.4553 5
      vertex -35.5384 -37.4473 5
    endloop
  endfacet
  facet normal 0 0 1
    outer loop
      vertex -44.9951 -53.6231 5
      vertex -35.5384 -37.4473 5
      vertex -35.72 -37.4234 5
    endloop
  endfacet
  facet normal 0 0 1
    outer loop
      vertex -44.9951 -53.6231 5
      vertex -35.72 -37.4234 5
      vertex -35.8989 -37.3838 5
    endloop
  endfacet
  facet normal 0 0 1
    outer loop
      vertex -44.9951 -53.6231 5
      vertex -35.8989 -37.3838 5
      vertex -36.0736 -37.3287 5
    endloop
  endfacet
  facet normal 0 0 1
    outer loop
      vertex -44.9951 -53.6231 5
      vertex -36.0736 -37.3287 5
      vertex -36.2428 -37.2586 5
    endloop
  endfacet
  facet normal 0 0 1
    outer loop
      vertex -44.9951 -53.6231 5
      vertex -36.2428 -37.2586 5
      vertex -36.4053 -37.174 5
    endloop
  endfacet
  facet normal 0 0 1
    outer loop
      vertex -49.4975 -49.4975 5
      vertex -36.4053 -37.174 5
      vertex -36.5598 -37.0756 5
    endloop
  endfacet
  facet normal 0 0 1
    outer loop
      vertex -49.4975 -49.4975 5
      vertex -36.5598 -37.0756 5
      vertex -36.7052 -36.964 5
    endloop
  endfacet
  facet normal 0 0 1
    outer loop
      vertex -49.4975 -49.4975 5
      vertex -36.7052 -36.964 5
      vertex -36.8403 -36.8403 5
    endloop
  endfacet
  facet normal 0 0 1
    outer loop
      vertex -49.4975 -49.4975 5
      vertex -36.8403 -36.8403 5
      vertex -36.964 -36.7052 5
    endloop
  endfacet
  facet normal 0 0 1
    outer loop
      vertex -49.4975 -49.4975 5
      vertex -36.964 -36.7052 5
      vertex -37.0756 -36.5598 5
    endloop
  endfacet
  facet normal 0 0 1
    outer loop
      vertex -49.4975 -49.4975 5
      vertex -37.0756 -36.5598 5
      vertex -37.174 -36.4053 5
    endloop
  endfacet
  facet normal 0 0 1
    outer loop
      vertex -53.6231 -44.9951 5
      vertex -37.174 -36.4053 5
      vertex -37.2586 -36.2428 5
    endloop
  endfacet
  facet normal 0 0 1
    outer loop
      vertex -53.6231 -44.9951 5
      vertex -37.2586 -36.2428 5
      vertex -37.3287 -36.0736 5
    endloop
  endfacet
  facet normal 0 0 1
    outer loop
      vertex -53.6231 -44.9951 5
      vertex -37.3287 -36.0736 5
      vertex -37.3838 -35.8989 5
    endloop
  endfacet
  facet normal 0 0 1
    outer loop
      vertex -53.6231 -44.9951 5
      vertex -37.3838 -35.8989 5
      vertex -37.4234 -35.72 5
    endloop
  endfacet
  facet normal 0 0 1
    outer loop
      vertex -53.6231 -44.9951 5
      vertex -37.4234 -35.72 5
      vertex -37.4473 -35.5384 5
    endloop
  endfacet
  facet normal 0 0 1
    outer loop
      vertex -34.8118 -37.3838 5
      vertex -40.1503 -57.3406 5
      vertex -35 -60.6218 5
    endloop
  endfacet
  facet normal 0 0 1
    outer loop
      vertex -57.3406 -40.1503 5
      vertex -37.4473 -35.5384 5
      vertex -37.4553 -35.3553 5
    endloop
  endfacet
  facet normal 0 0 1
    outer loop
      vertex -33.5556 -25.85 5
      vertex -19.8697 -16.8999 5
      vertex -33.5556 -21.85 5
    endloop
  endfacet
  facet normal -0 0 1
    outer loop
      vertex -33.5556 -25.85 5
      vertex -36.8403 -33.8704 5
      vertex -19.8697 -16.8999 5
    endloop
  endfacet
  facet normal -0 0 1
    outer loop
      vertex -52 -25.85 5
      vertex -36.8403 -33.8704 5
      vertex -33.5556 -25.85 5
    endloop
  endfacet
  facet normal 0 0 1
    outer loop
      vertex -36.8403 -33.8704 5
      vertex -52 -25.85 5
      vertex -36.964 -34.0055 5
    endloop
  endfacet
  facet normal 0 0 1
    outer loop
      vertex -36.964 -34.0055 5
      vertex -52 -25.85 5
      vertex -37.0756 -34.1508 5
    endloop
  endfacet
  facet normal 0 0 1
    outer loop
      vertex -37.0756 -34.1508 5
      vertex -52 -25.85 5
      vertex -37.174 -34.3053 5
    endloop
  endfacet
  facet normal 0 0 1
    outer loop
      vertex -52 -25.85 5
      vertex -37.4553 -35.3553 5
      vertex -37.4473 -35.1723 5
    endloop
  endfacet
  facet normal 0 0 1
    outer loop
      vertex -35.5384 -37.4473 5
      vertex -44.9951 -53.6231 5
      vertex -40.1503 -57.3406 5
    endloop
  endfacet
  facet normal 0 0 1
    outer loop
      vertex -52 -25.85 5
      vertex -37.4473 -35.1723 5
      vertex -37.4234 -34.9907 5
    endloop
  endfacet
  facet normal 0 0 1
    outer loop
      vertex -52 -25.85 5
      vertex -37.4234 -34.9907 5
      vertex -37.3838 -34.8118 5
    endloop
  endfacet
  facet normal 0 0 1
    outer loop
      vertex -52 -25.85 5
      vertex -37.3838 -34.8118 5
      vertex -37.3287 -34.6371 5
    endloop
  endfacet
  facet normal 0 0 1
    outer loop
      vertex -36.4053 -37.174 5
      vertex -49.4975 -49.4975 5
      vertex -44.9951 -53.6231 5
    endloop
  endfacet
  facet normal 0 0 1
    outer loop
      vertex -52 -25.85 5
      vertex -37.3287 -34.6371 5
      vertex -37.2586 -34.4678 5
    endloop
  endfacet
  facet normal 0 0 1
    outer loop
      vertex -37.174 -34.3053 5
      vertex -52 -25.85 5
      vertex -37.2586 -34.4678 5
    endloop
  endfacet
  facet normal 0 0 1
    outer loop
      vertex -37.4553 -35.3553 5
      vertex -52 -25.85 5
      vertex -57.3406 -40.1503 5
    endloop
  endfacet
  facet normal 0 0 1
    outer loop
      vertex -37.174 -36.4053 5
      vertex -53.6231 -44.9951 5
      vertex -49.4975 -49.4975 5
    endloop
  endfacet
  facet normal 0 0 1
    outer loop
      vertex -60.6218 35 5
      vertex -52 46.15 5
      vertex -57.3406 40.1503 5
    endloop
  endfacet
  facet normal 0 0 1
    outer loop
      vertex -52 46.15 5
      vertex -60.6218 35 5
      vertex -52 -25.85 5
    endloop
  endfacet
  facet normal 0 0 1
    outer loop
      vertex -37.4473 -35.5384 5
      vertex -57.3406 -40.1503 5
      vertex -53.6231 -44.9951 5
    endloop
  endfacet
  facet normal -0 0 1
    outer loop
      vertex -63.4415 29.5833 5
      vertex -52 -25.85 5
      vertex -60.6218 35 5
    endloop
  endfacet
  facet normal 0 0 1
    outer loop
      vertex -52 -25.85 5
      vertex -60.6218 -35 5
      vertex -57.3406 -40.1503 5
    endloop
  endfacet
  facet normal -0 0 1
    outer loop
      vertex -65.7785 23.9414 5
      vertex -52 -25.85 5
      vertex -63.4415 29.5833 5
    endloop
  endfacet
  facet normal 0 0 1
    outer loop
      vertex -52 -25.85 5
      vertex -63.4415 -29.5833 5
      vertex -60.6218 -35 5
    endloop
  endfacet
  facet normal -0 0 1
    outer loop
      vertex -67.6148 18.1173 5
      vertex -52 -25.85 5
      vertex -65.7785 23.9414 5
    endloop
  endfacet
  facet normal 0 0 1
    outer loop
      vertex -52 -25.85 5
      vertex -65.7785 -23.9414 5
      vertex -63.4415 -29.5833 5
    endloop
  endfacet
  facet normal -0 0 1
    outer loop
      vertex -68.9365 12.1554 5
      vertex -52 -25.85 5
      vertex -67.6148 18.1173 5
    endloop
  endfacet
  facet normal 0 0 1
    outer loop
      vertex -52 -25.85 5
      vertex -67.6148 -18.1173 5
      vertex -65.7785 -23.9414 5
    endloop
  endfacet
  facet normal -0 0 1
    outer loop
      vertex -69.7336 6.1009 5
      vertex -52 -25.85 5
      vertex -68.9365 12.1554 5
    endloop
  endfacet
  facet normal 0 0 1
    outer loop
      vertex -52 -25.85 5
      vertex -68.9365 -12.1554 5
      vertex -67.6148 -18.1173 5
    endloop
  endfacet
  facet normal -0 0 1
    outer loop
      vertex -70 0 5
      vertex -52 -25.85 5
      vertex -69.7336 6.1009 5
    endloop
  endfacet
  facet normal 0 0 1
    outer loop
      vertex -52 -25.85 5
      vertex -69.7336 -6.1009 5
      vertex -68.9365 -12.1554 5
    endloop
  endfacet
  facet normal 0 0 1
    outer loop
      vertex -52 -25.85 5
      vertex -70 0 5
      vertex -69.7336 -6.1009 5
    endloop
  endfacet
  facet normal 0 0 1
    outer loop
      vertex 2.11309 -13.4685 5
      vertex -1.25899 -8.2265 5
      vertex -1.25895 -8.22724 5
    endloop
  endfacet
  facet normal 0 0 1
    outer loop
      vertex -2.74762 -5.36754 5
      vertex -1.02606 -2.81908 5
      vertex -1.26785 -2.71892 5
    endloop
  endfacet
  facet normal 0 0 1
    outer loop
      vertex -0.776457 -2.89778 5
      vertex -1.27224 -7.92298 5
      vertex -1.25899 -8.2265 5
    endloop
  endfacet
  facet normal 0 0 1
    outer loop
      vertex -0.776457 -2.89778 5
      vertex -1.3119 -7.62176 5
      vertex -1.27224 -7.92298 5
    endloop
  endfacet
  facet normal 0 0 1
    outer loop
      vertex -0.776457 -2.89778 5
      vertex -1.31199 -7.62103 5
      vertex -1.3119 -7.62176 5
    endloop
  endfacet
  facet normal 0 0 1
    outer loop
      vertex -0.776457 -2.89778 5
      vertex -1.37775 -7.32441 5
      vertex -1.31199 -7.62103 5
    endloop
  endfacet
  facet normal 0 0 1
    outer loop
      vertex -0.776457 -2.89778 5
      vertex -1.37791 -7.32369 5
      vertex -1.37775 -7.32441 5
    endloop
  endfacet
  facet normal 0 0 1
    outer loop
      vertex -0.776457 -2.89778 5
      vertex -1.37813 -7.32299 5
      vertex -1.37791 -7.32369 5
    endloop
  endfacet
  facet normal 0 0 1
    outer loop
      vertex -0.776457 -2.89778 5
      vertex -1.46949 -7.03323 5
      vertex -1.37813 -7.32299 5
    endloop
  endfacet
  facet normal 0 0 1
    outer loop
      vertex -0.776457 -2.89778 5
      vertex -1.46977 -7.03255 5
      vertex -1.46949 -7.03323 5
    endloop
  endfacet
  facet normal 0 0 1
    outer loop
      vertex -3.00448 -5.20391 5
      vertex -1.26785 -2.71892 5
      vertex -1.5 -2.59808 5
    endloop
  endfacet
  facet normal 0 0 1
    outer loop
      vertex -0.776457 -2.89778 5
      vertex -1.58604 -6.75186 5
      vertex -1.46977 -7.03255 5
    endloop
  endfacet
  facet normal 0 0 1
    outer loop
      vertex -3.00448 -5.20391 5
      vertex -1.5 -2.59808 5
      vertex -1.72073 -2.45746 5
    endloop
  endfacet
  facet normal 0 0 1
    outer loop
      vertex -0.776457 -2.89778 5
      vertex -1.72633 -6.48237 5
      vertex -1.58604 -6.75186 5
    endloop
  endfacet
  facet normal 0 0 1
    outer loop
      vertex -0.776457 -2.89778 5
      vertex -1.72667 -6.48172 5
      vertex -1.72633 -6.48237 5
    endloop
  endfacet
  facet normal 0 0 1
    outer loop
      vertex -0.776457 -2.89778 5
      vertex -1.72706 -6.4811 5
      vertex -1.72667 -6.48172 5
    endloop
  endfacet
  facet normal 0 0 1
    outer loop
      vertex -0.776457 -2.89778 5
      vertex -1.8903 -6.22486 5
      vertex -1.72706 -6.4811 5
    endloop
  endfacet
  facet normal 0 0 1
    outer loop
      vertex -0.776457 -2.89778 5
      vertex -1.89075 -6.22427 5
      vertex -1.8903 -6.22486 5
    endloop
  endfacet
  facet normal 0 0 1
    outer loop
      vertex -3.27462 -5.06328 5
      vertex -1.72073 -2.45746 5
      vertex -1.92836 -2.29813 5
    endloop
  endfacet
  facet normal 0 0 1
    outer loop
      vertex -0.776457 -2.89778 5
      vertex -2.0757 -5.98324 5
      vertex -1.89075 -6.22427 5
    endloop
  endfacet
  facet normal 0 0 1
    outer loop
      vertex -0.776457 -2.89778 5
      vertex -2.0762 -5.9827 5
      vertex -2.0757 -5.98324 5
    endloop
  endfacet
  facet normal 0 0 1
    outer loop
      vertex -3.5567 -4.94651 5
      vertex -1.92836 -2.29813 5
      vertex -2.12132 -2.12132 5
    endloop
  endfacet
  facet normal 0 0 1
    outer loop
      vertex -0.776457 -2.89778 5
      vertex -2.28146 -5.7587 5
      vertex -2.0762 -5.9827 5
    endloop
  endfacet
  facet normal 0 0 1
    outer loop
      vertex -3.84645 -4.85515 5
      vertex -2.12132 -2.12132 5
      vertex -2.29813 -1.92836 5
    endloop
  endfacet
  facet normal 0 0 1
    outer loop
      vertex -4.14379 -4.78923 5
      vertex -2.29813 -1.92836 5
      vertex -2.45746 -1.72073 5
    endloop
  endfacet
  facet normal 0 0 1
    outer loop
      vertex -0.776457 -2.89778 5
      vertex -2.50546 -5.55344 5
      vertex -2.28146 -5.7587 5
    endloop
  endfacet
  facet normal 0 0 1
    outer loop
      vertex -1.02606 -2.81908 5
      vertex -2.506 -5.55295 5
      vertex -2.50546 -5.55344 5
    endloop
  endfacet
  facet normal 0 0 1
    outer loop
      vertex -1.02606 -2.81908 5
      vertex -2.50659 -5.5525 5
      vertex -2.506 -5.55295 5
    endloop
  endfacet
  facet normal 0 0 1
    outer loop
      vertex -4.44573 -4.74948 5
      vertex -2.45746 -1.72073 5
      vertex -2.59808 -1.5 5
    endloop
  endfacet
  facet normal 0 0 1
    outer loop
      vertex -4.75 -4.7362 5
      vertex -2.59808 -1.5 5
      vertex -2.71892 -1.26785 5
    endloop
  endfacet
  facet normal 0 0 1
    outer loop
      vertex -1.02606 -2.81908 5
      vertex -2.74762 -5.36754 5
      vertex -2.50659 -5.5525 5
    endloop
  endfacet
  facet normal 0 0 1
    outer loop
      vertex -1.26785 -2.71892 5
      vertex -2.74824 -5.36715 5
      vertex -2.74762 -5.36754 5
    endloop
  endfacet
  facet normal 0 0 1
    outer loop
      vertex -5.05426 -4.74948 5
      vertex -2.71892 -1.26785 5
      vertex -2.81908 -1.02606 5
    endloop
  endfacet
  facet normal 0 0 1
    outer loop
      vertex -5.35548 -4.78914 5
      vertex -2.81908 -1.02606 5
      vertex -2.89778 -0.776457 5
    endloop
  endfacet
  facet normal 0 0 1
    outer loop
      vertex -5.65283 -4.85499 5
      vertex -2.89778 -0.776457 5
      vertex -2.95442 -0.520944 5
    endloop
  endfacet
  facet normal 0 0 1
    outer loop
      vertex -5.94401 -4.94673 5
      vertex -2.95442 -0.520944 5
      vertex -2.98858 -0.261467 5
    endloop
  endfacet
  facet normal 0 0 1
    outer loop
      vertex -1.26785 -2.71892 5
      vertex -3.00448 -5.20391 5
      vertex -2.74824 -5.36715 5
    endloop
  endfacet
  facet normal 0 0 1
    outer loop
      vertex -5.94469 -4.94701 5
      vertex -2.98858 -0.261467 5
      vertex -3 0 5
    endloop
  endfacet
  facet normal 0 0 1
    outer loop
      vertex -2.29813 1.92836 5
      vertex -4.14379 4.78923 5
      vertex -2.45746 1.72073 5
    endloop
  endfacet
  facet normal -0 0 1
    outer loop
      vertex -4.445 4.74958 5
      vertex -2.45746 1.72073 5
      vertex -4.14379 4.78923 5
    endloop
  endfacet
  facet normal 0 0 1
    outer loop
      vertex -1.72073 -2.45746 5
      vertex -3.27397 -5.06362 5
      vertex -3.00448 -5.20391 5
    endloop
  endfacet
  facet normal -0 0 1
    outer loop
      vertex -4.44573 4.74948 5
      vertex -2.45746 1.72073 5
      vertex -4.445 4.74958 5
    endloop
  endfacet
  facet normal 0 0 1
    outer loop
      vertex -1.72073 -2.45746 5
      vertex -3.27462 -5.06328 5
      vertex -3.27397 -5.06362 5
    endloop
  endfacet
  facet normal 0 0 1
    outer loop
      vertex -2.45746 1.72073 5
      vertex -4.44573 4.74948 5
      vertex -2.59808 1.5 5
    endloop
  endfacet
  facet normal 0 0 1
    outer loop
      vertex -1.92836 -2.29813 5
      vertex -3.55531 -4.94701 5
      vertex -3.27462 -5.06328 5
    endloop
  endfacet
  facet normal -0 0 1
    outer loop
      vertex -4.74926 4.73623 5
      vertex -2.59808 1.5 5
      vertex -4.44573 4.74948 5
    endloop
  endfacet
  facet normal 0 0 1
    outer loop
      vertex -1.92836 -2.29813 5
      vertex -3.55599 -4.94673 5
      vertex -3.55531 -4.94701 5
    endloop
  endfacet
  facet normal -0 0 1
    outer loop
      vertex -4.75 4.7362 5
      vertex -2.59808 1.5 5
      vertex -4.74926 4.73623 5
    endloop
  endfacet
  facet normal 0 0 1
    outer loop
      vertex -1.92836 -2.29813 5
      vertex -3.5567 -4.94651 5
      vertex -3.55599 -4.94673 5
    endloop
  endfacet
  facet normal 0 0 1
    outer loop
      vertex -2.59808 1.5 5
      vertex -4.75 4.7362 5
      vertex -2.71892 1.26785 5
    endloop
  endfacet
  facet normal 0 0 1
    outer loop
      vertex -2.12132 -2.12132 5
      vertex -3.84645 -4.85515 5
      vertex -3.5567 -4.94651 5
    endloop
  endfacet
  facet normal 0 0 1
    outer loop
      vertex -4.75074 4.73623 5
      vertex -2.71892 1.26785 5
      vertex -4.75 4.7362 5
    endloop
  endfacet
  facet normal 0 0 1
    outer loop
      vertex -2.29813 -1.92836 5
      vertex -4.14307 -4.78939 5
      vertex -3.84645 -4.85515 5
    endloop
  endfacet
  facet normal 0 0 1
    outer loop
      vertex -5.05426 4.74948 5
      vertex -2.71892 1.26785 5
      vertex -4.75074 4.73623 5
    endloop
  endfacet
  facet normal 0 0 1
    outer loop
      vertex -2.29813 -1.92836 5
      vertex -4.14379 -4.78923 5
      vertex -4.14307 -4.78939 5
    endloop
  endfacet
  facet normal 0 0 1
    outer loop
      vertex -2.71892 1.26785 5
      vertex -5.05426 4.74948 5
      vertex -2.81908 1.02606 5
    endloop
  endfacet
  facet normal 0 0 1
    outer loop
      vertex -2.45746 -1.72073 5
      vertex -4.445 -4.74958 5
      vertex -4.14379 -4.78923 5
    endloop
  endfacet
  facet normal 0 0 1
    outer loop
      vertex -5.35548 4.78914 5
      vertex -2.81908 1.02606 5
      vertex -5.05426 4.74948 5
    endloop
  endfacet
  facet normal 0 0 1
    outer loop
      vertex -2.45746 -1.72073 5
      vertex -4.44573 -4.74948 5
      vertex -4.445 -4.74958 5
    endloop
  endfacet
  facet normal 0 0 1
    outer loop
      vertex -2.81908 1.02606 5
      vertex -5.35548 4.78914 5
      vertex -2.89778 0.776457 5
    endloop
  endfacet
  facet normal 0 0 1
    outer loop
      vertex -2.59808 -1.5 5
      vertex -4.74926 -4.73623 5
      vertex -4.44573 -4.74948 5
    endloop
  endfacet
  facet normal 0 0 1
    outer loop
      vertex -5.35621 4.78923 5
      vertex -2.89778 0.776457 5
      vertex -5.35548 4.78914 5
    endloop
  endfacet
  facet normal 0 0 1
    outer loop
      vertex -2.59808 -1.5 5
      vertex -4.75 -4.7362 5
      vertex -4.74926 -4.73623 5
    endloop
  endfacet
  facet normal 0 0 1
    outer loop
      vertex -5.65283 4.85499 5
      vertex -2.89778 0.776457 5
      vertex -5.35621 4.78923 5
    endloop
  endfacet
  facet normal 0 0 1
    outer loop
      vertex -2.71892 -1.26785 5
      vertex -4.75074 -4.73623 5
      vertex -4.75 -4.7362 5
    endloop
  endfacet
  facet normal 0 0 1
    outer loop
      vertex -2.89778 0.776457 5
      vertex -5.65283 4.85499 5
      vertex -2.95442 0.520944 5
    endloop
  endfacet
  facet normal 0 0 1
    outer loop
      vertex -2.71892 -1.26785 5
      vertex -5.05426 -4.74948 5
      vertex -4.75074 -4.73623 5
    endloop
  endfacet
  facet normal 0 0 1
    outer loop
      vertex -5.65355 4.85515 5
      vertex -2.95442 0.520944 5
      vertex -5.65283 4.85499 5
    endloop
  endfacet
  facet normal 0 0 1
    outer loop
      vertex -2.81908 -1.02606 5
      vertex -5.35548 -4.78914 5
      vertex -5.05426 -4.74948 5
    endloop
  endfacet
  facet normal 0 0 1
    outer loop
      vertex -5.65425 4.85537 5
      vertex -2.95442 0.520944 5
      vertex -5.65355 4.85515 5
    endloop
  endfacet
  facet normal 0 0 1
    outer loop
      vertex -2.89778 -0.776457 5
      vertex -5.35621 -4.78923 5
      vertex -5.35548 -4.78914 5
    endloop
  endfacet
  facet normal 0 0 1
    outer loop
      vertex -5.94401 4.94673 5
      vertex -2.95442 0.520944 5
      vertex -5.65425 4.85537 5
    endloop
  endfacet
  facet normal 0 0 1
    outer loop
      vertex -2.89778 -0.776457 5
      vertex -5.65283 -4.85499 5
      vertex -5.35621 -4.78923 5
    endloop
  endfacet
  facet normal 0 0 1
    outer loop
      vertex -2.95442 0.520944 5
      vertex -5.94401 4.94673 5
      vertex -2.98858 0.261467 5
    endloop
  endfacet
  facet normal 0 0 1
    outer loop
      vertex -2.95442 -0.520944 5
      vertex -5.65355 -4.85515 5
      vertex -5.65283 -4.85499 5
    endloop
  endfacet
  facet normal 0 0 1
    outer loop
      vertex -5.94469 4.94701 5
      vertex -2.98858 0.261467 5
      vertex -5.94401 4.94673 5
    endloop
  endfacet
  facet normal 0 0 1
    outer loop
      vertex -2.95442 -0.520944 5
      vertex -5.65425 -4.85537 5
      vertex -5.65355 -4.85515 5
    endloop
  endfacet
  facet normal 0 0 1
    outer loop
      vertex -2.98858 0.261467 5
      vertex -5.94469 4.94701 5
      vertex -3 0 5
    endloop
  endfacet
  facet normal 0 0 1
    outer loop
      vertex -2.95442 -0.520944 5
      vertex -5.94401 -4.94673 5
      vertex -5.65425 -4.85537 5
    endloop
  endfacet
  facet normal 0 0 1
    outer loop
      vertex -6.22538 5.06328 5
      vertex -3 0 5
      vertex -5.94469 4.94701 5
    endloop
  endfacet
  facet normal 0 0 1
    outer loop
      vertex -2.98858 -0.261467 5
      vertex -5.94469 -4.94701 5
      vertex -5.94401 -4.94673 5
    endloop
  endfacet
  facet normal 0 0 1
    outer loop
      vertex -6.22538 -5.06328 5
      vertex -3 0 5
      vertex -6.22538 5.06328 5
    endloop
  endfacet
  facet normal 0 0 1
    outer loop
      vertex -3 0 5
      vertex -6.22538 -5.06328 5
      vertex -5.94469 -4.94701 5
    endloop
  endfacet
  facet normal 0 0 1
    outer loop
      vertex -6.49487 5.20357 5
      vertex -6.22538 -5.06328 5
      vertex -6.22538 5.06328 5
    endloop
  endfacet
  facet normal 0 0 1
    outer loop
      vertex -6.49487 5.20357 5
      vertex -6.49487 -5.20357 5
      vertex -6.22538 -5.06328 5
    endloop
  endfacet
  facet normal 0 0 1
    outer loop
      vertex -6.49552 5.20391 5
      vertex -6.49487 -5.20357 5
      vertex -6.49487 5.20357 5
    endloop
  endfacet
  facet normal 0 0 1
    outer loop
      vertex -6.49552 5.20391 5
      vertex -6.49552 -5.20391 5
      vertex -6.49487 -5.20357 5
    endloop
  endfacet
  facet normal 0 0 1
    outer loop
      vertex -6.49614 5.2043 5
      vertex -6.49552 -5.20391 5
      vertex -6.49552 5.20391 5
    endloop
  endfacet
  facet normal 0 0 1
    outer loop
      vertex -6.49614 5.2043 5
      vertex -6.49614 -5.2043 5
      vertex -6.49552 -5.20391 5
    endloop
  endfacet
  facet normal 0 0 1
    outer loop
      vertex -6.75238 5.36755 5
      vertex -6.49614 -5.2043 5
      vertex -6.49614 5.2043 5
    endloop
  endfacet
  facet normal 0 0 1
    outer loop
      vertex -6.75238 5.36755 5
      vertex -6.75238 -5.36755 5
      vertex -6.49614 -5.2043 5
    endloop
  endfacet
  facet normal 0 0 1
    outer loop
      vertex -6.75297 5.36799 5
      vertex -6.75238 -5.36755 5
      vertex -6.75238 5.36755 5
    endloop
  endfacet
  facet normal 0 0 1
    outer loop
      vertex -6.75297 5.36799 5
      vertex -6.75297 -5.36799 5
      vertex -6.75238 -5.36755 5
    endloop
  endfacet
  facet normal 0 0 1
    outer loop
      vertex -6.994 5.55295 5
      vertex -6.75297 -5.36799 5
      vertex -6.75297 5.36799 5
    endloop
  endfacet
  facet normal 0 0 1
    outer loop
      vertex -6.994 5.55295 5
      vertex -6.994 -5.55295 5
      vertex -6.75297 -5.36799 5
    endloop
  endfacet
  facet normal 0 0 1
    outer loop
      vertex -6.99454 5.55344 5
      vertex -6.994 -5.55295 5
      vertex -6.994 5.55295 5
    endloop
  endfacet
  facet normal 0 0 1
    outer loop
      vertex -6.99454 5.55344 5
      vertex -6.99454 -5.55344 5
      vertex -6.994 -5.55295 5
    endloop
  endfacet
  facet normal 0 0 1
    outer loop
      vertex -7.21854 5.7587 5
      vertex -6.99454 -5.55344 5
      vertex -6.99454 5.55344 5
    endloop
  endfacet
  facet normal 0 0 1
    outer loop
      vertex -7.21854 5.7587 5
      vertex -7.21854 -5.7587 5
      vertex -6.99454 -5.55344 5
    endloop
  endfacet
  facet normal 0 0 1
    outer loop
      vertex -7.4238 5.9827 5
      vertex -7.21854 -5.7587 5
      vertex -7.21854 5.7587 5
    endloop
  endfacet
  facet normal 0 0 1
    outer loop
      vertex -7.4238 5.9827 5
      vertex -7.4238 -5.9827 5
      vertex -7.21854 -5.7587 5
    endloop
  endfacet
  facet normal 0 0 1
    outer loop
      vertex -7.4243 5.98324 5
      vertex -7.4238 -5.9827 5
      vertex -7.4238 5.9827 5
    endloop
  endfacet
  facet normal 0 0 1
    outer loop
      vertex -7.4243 5.98324 5
      vertex -7.4243 -5.98324 5
      vertex -7.4238 -5.9827 5
    endloop
  endfacet
  facet normal 0 0 1
    outer loop
      vertex -7.42475 5.98383 5
      vertex -7.4243 -5.98324 5
      vertex -7.4243 5.98324 5
    endloop
  endfacet
  facet normal 0 0 1
    outer loop
      vertex -7.42475 5.98383 5
      vertex -7.42475 -5.98383 5
      vertex -7.4243 -5.98324 5
    endloop
  endfacet
  facet normal 0 0 1
    outer loop
      vertex -7.6097 6.22486 5
      vertex -7.42475 -5.98383 5
      vertex -7.42475 5.98383 5
    endloop
  endfacet
  facet normal 0 0 1
    outer loop
      vertex -7.6097 6.22486 5
      vertex -7.6097 -6.22486 5
      vertex -7.42475 -5.98383 5
    endloop
  endfacet
  facet normal 0 0 1
    outer loop
      vertex -7.61009 6.22548 5
      vertex -7.6097 -6.22486 5
      vertex -7.6097 6.22486 5
    endloop
  endfacet
  facet normal 0 0 1
    outer loop
      vertex -7.61009 6.22548 5
      vertex -7.61009 -6.22548 5
      vertex -7.6097 -6.22486 5
    endloop
  endfacet
  facet normal 0 0 1
    outer loop
      vertex -7.77333 6.48172 5
      vertex -7.61009 -6.22548 5
      vertex -7.61009 6.22548 5
    endloop
  endfacet
  facet normal 0 0 1
    outer loop
      vertex -7.77333 6.48172 5
      vertex -7.77333 -6.48172 5
      vertex -7.61009 -6.22548 5
    endloop
  endfacet
  facet normal 0 0 1
    outer loop
      vertex -7.91362 6.75121 5
      vertex -7.77333 -6.48172 5
      vertex -7.77333 6.48172 5
    endloop
  endfacet
  facet normal 0 0 1
    outer loop
      vertex -7.91362 6.75121 5
      vertex -7.91362 -6.75121 5
      vertex -7.77333 -6.48172 5
    endloop
  endfacet
  facet normal 0 0 1
    outer loop
      vertex -7.91396 6.75186 5
      vertex -7.91362 -6.75121 5
      vertex -7.91362 6.75121 5
    endloop
  endfacet
  facet normal 0 0 1
    outer loop
      vertex -7.91396 6.75186 5
      vertex -7.91396 -6.75186 5
      vertex -7.91362 -6.75121 5
    endloop
  endfacet
  facet normal 0 0 1
    outer loop
      vertex -8.03023 7.03255 5
      vertex -7.91396 -6.75186 5
      vertex -7.91396 6.75186 5
    endloop
  endfacet
  facet normal 0 0 1
    outer loop
      vertex -8.03023 7.03255 5
      vertex -8.03023 -7.03255 5
      vertex -7.91396 -6.75186 5
    endloop
  endfacet
  facet normal 0 0 1
    outer loop
      vertex -8.03051 7.03323 5
      vertex -8.03023 -7.03255 5
      vertex -8.03023 7.03255 5
    endloop
  endfacet
  facet normal 0 0 1
    outer loop
      vertex -8.03051 7.03323 5
      vertex -8.03051 -7.03323 5
      vertex -8.03023 -7.03255 5
    endloop
  endfacet
  facet normal 0 0 1
    outer loop
      vertex -8.12225 9.13007 5
      vertex -17.4973 16.4815 5
      vertex -8.18801 8.83345 5
    endloop
  endfacet
  facet normal -0 0 1
    outer loop
      vertex -17.6665 16.4114 5
      vertex -8.18801 8.83345 5
      vertex -17.4973 16.4815 5
    endloop
  endfacet
  facet normal -0 0 1
    outer loop
      vertex -17.4973 16.4815 5
      vertex -8.12209 9.13079 5
      vertex -17.3348 16.5661 5
    endloop
  endfacet
  facet normal 0 0 1
    outer loop
      vertex -8.12209 9.13079 5
      vertex -17.4973 16.4815 5
      vertex -8.12225 9.13007 5
    endloop
  endfacet
  facet normal 0 0 1
    outer loop
      vertex -8.12187 9.13149 5
      vertex -17.3348 16.5661 5
      vertex -8.12209 9.13079 5
    endloop
  endfacet
  facet normal 0 0 1
    outer loop
      vertex -8.18801 8.83345 5
      vertex -17.6665 16.4114 5
      vertex -8.1881 8.83272 5
    endloop
  endfacet
  facet normal 0 0 1
    outer loop
      vertex -8.03051 9.42125 5
      vertex -17.3348 16.5661 5
      vertex -8.12187 9.13149 5
    endloop
  endfacet
  facet normal 0 0 1
    outer loop
      vertex -8.03073 -7.03394 5
      vertex -16.2848 -18.3848 5
      vertex -8.12209 -7.32369 5
    endloop
  endfacet
  facet normal -0 0 1
    outer loop
      vertex -17.3348 16.5661 5
      vertex -8.03051 9.42125 5
      vertex -17.1803 16.6646 5
    endloop
  endfacet
  facet normal 0 0 1
    outer loop
      vertex -8.12209 -7.32369 5
      vertex -16.2848 -18.3848 5
      vertex -8.18785 -7.62031 5
    endloop
  endfacet
  facet normal 0 0 1
    outer loop
      vertex -8.03023 9.42193 5
      vertex -17.1803 16.6646 5
      vertex -8.03051 9.42125 5
    endloop
  endfacet
  facet normal 0 0 1
    outer loop
      vertex -8.18785 -7.62031 5
      vertex -16.2848 -18.3848 5
      vertex -8.18801 -7.62103 5
    endloop
  endfacet
  facet normal 0 0 1
    outer loop
      vertex -7.91396 9.70262 5
      vertex -17.1803 16.6646 5
      vertex -8.03023 9.42193 5
    endloop
  endfacet
  facet normal 0 0 1
    outer loop
      vertex -8.18801 -7.62103 5
      vertex -16.2848 -18.3848 5
      vertex -8.22766 -7.92224 5
    endloop
  endfacet
  facet normal -0 0 1
    outer loop
      vertex -17.1803 16.6646 5
      vertex -7.91396 9.70262 5
      vertex -17.0349 16.7761 5
    endloop
  endfacet
  facet normal 0 0 1
    outer loop
      vertex -8.22766 -7.92224 5
      vertex -16.2848 -18.3848 5
      vertex -8.22776 -7.92298 5
    endloop
  endfacet
  facet normal 0 0 1
    outer loop
      vertex 6.8257 2.244 5
      vertex 2.12132 2.12132 5
      vertex 6.82526 2.24341 5
    endloop
  endfacet
  facet normal 0 0 1
    outer loop
      vertex 6.00895 0 5
      vertex 4.98097 -17.5642 5
      vertex 5 -18 5
    endloop
  endfacet
  facet normal 0 -0 1
    outer loop
      vertex 2.45746 1.72073 5
      vertex 6.6403 2.00238 5
      vertex 2.29813 1.92836 5
    endloop
  endfacet
  facet normal 0 0 1
    outer loop
      vertex 6.00895 0 5
      vertex 4.92404 -17.1318 5
      vertex 4.98097 -17.5642 5
    endloop
  endfacet
  facet normal 0 0 1
    outer loop
      vertex 6.6403 2.00238 5
      vertex 2.45746 1.72073 5
      vertex 6.47706 1.74615 5
    endloop
  endfacet
  facet normal 0 0 1
    outer loop
      vertex 6.00895 0 5
      vertex 4.82963 -16.7059 5
      vertex 4.92404 -17.1318 5
    endloop
  endfacet
  facet normal 0 0 1
    outer loop
      vertex 6.47706 1.74615 5
      vertex 2.45746 1.72073 5
      vertex 6.47667 1.74552 5
    endloop
  endfacet
  facet normal 0 0 1
    outer loop
      vertex 2.98858 -0.261467 5
      vertex 6.00895 0 5
      vertex 3 0 5
    endloop
  endfacet
  facet normal 0 -0 1
    outer loop
      vertex 2.59808 1.5 5
      vertex 6.47667 1.74552 5
      vertex 2.45746 1.72073 5
    endloop
  endfacet
  facet normal 0 0 1
    outer loop
      vertex 2.95442 -0.520944 5
      vertex 6.00895 0 5
      vertex 2.98858 -0.261467 5
    endloop
  endfacet
  facet normal 0 -0 1
    outer loop
      vertex 2.71892 1.26785 5
      vertex 6.33604 1.47538 5
      vertex 2.59808 1.5 5
    endloop
  endfacet
  facet normal 0 0 1
    outer loop
      vertex 6.00895 0 5
      vertex 4.69846 -16.2899 5
      vertex 4.82963 -16.7059 5
    endloop
  endfacet
  facet normal 0 0 1
    outer loop
      vertex 6.33604 1.47538 5
      vertex 2.71892 1.26785 5
      vertex 6.33576 1.4747 5
    endloop
  endfacet
  facet normal 0 0 1
    outer loop
      vertex 2.89778 -0.776457 5
      vertex 6.00895 0 5
      vertex 2.95442 -0.520944 5
    endloop
  endfacet
  facet normal 0 0 1
    outer loop
      vertex 6.33576 1.4747 5
      vertex 2.71892 1.26785 5
      vertex 6.21949 1.19401 5
    endloop
  endfacet
  facet normal 0 0 1
    outer loop
      vertex 6.00895 0 5
      vertex 4.53154 -15.8869 5
      vertex 4.69846 -16.2899 5
    endloop
  endfacet
  facet normal 0 0 1
    outer loop
      vertex 6.21949 1.19401 5
      vertex 2.81908 1.02606 5
      vertex 6.21927 1.1933 5
    endloop
  endfacet
  facet normal 0 0 1
    outer loop
      vertex 2.81908 -1.02606 5
      vertex 6.00895 0 5
      vertex 2.89778 -0.776457 5
    endloop
  endfacet
  facet normal 0 0 1
    outer loop
      vertex 6.21927 1.1933 5
      vertex 2.81908 1.02606 5
      vertex 6.12791 0.903549 5
    endloop
  endfacet
  facet normal 0 0 1
    outer loop
      vertex 6.00895 0 5
      vertex 4.33013 -15.5 5
      vertex 4.53154 -15.8869 5
    endloop
  endfacet
  facet normal 0 0 1
    outer loop
      vertex 2.71892 -1.26785 5
      vertex 6.00895 0 5
      vertex 2.81908 -1.02606 5
    endloop
  endfacet
  facet normal 0 0 1
    outer loop
      vertex 6.00895 0 5
      vertex 2.98858 0.261467 5
      vertex 3 0 5
    endloop
  endfacet
  facet normal 0 0 1
    outer loop
      vertex 6.02221 0.303527 5
      vertex 2.98858 0.261467 5
      vertex 6.00895 0 5
    endloop
  endfacet
  facet normal 0 0 1
    outer loop
      vertex 6.02224 0.304264 5
      vertex 2.98858 0.261467 5
      vertex 6.02221 0.303527 5
    endloop
  endfacet
  facet normal 0 -0 1
    outer loop
      vertex 2.89778 0.776457 5
      vertex 6.12791 0.903549 5
      vertex 2.81908 1.02606 5
    endloop
  endfacet
  facet normal 0 -0 1
    outer loop
      vertex 2.98858 0.261467 5
      vertex 6.02224 0.304264 5
      vertex 2.95442 0.520944 5
    endloop
  endfacet
  facet normal 0 0 1
    outer loop
      vertex 6.0619 0.605482 5
      vertex 2.95442 0.520944 5
      vertex 6.02224 0.304264 5
    endloop
  endfacet
  facet normal 0 0 1
    outer loop
      vertex 6.06199 0.606213 5
      vertex 2.95442 0.520944 5
      vertex 6.0619 0.605482 5
    endloop
  endfacet
  facet normal 0 0 1
    outer loop
      vertex 6.47633 1.74487 5
      vertex 2.59808 1.5 5
      vertex 6.33604 1.47538 5
    endloop
  endfacet
  facet normal 0 0 1
    outer loop
      vertex 6.06215 0.606933 5
      vertex 2.95442 0.520944 5
      vertex 6.06199 0.606213 5
    endloop
  endfacet
  facet normal 0 -0 1
    outer loop
      vertex 2.95442 0.520944 5
      vertex 6.06215 0.606933 5
      vertex 2.89778 0.776457 5
    endloop
  endfacet
  facet normal 0 0 1
    outer loop
      vertex 6.12791 0.903549 5
      vertex 2.89778 0.776457 5
      vertex 6.06215 0.606933 5
    endloop
  endfacet
  facet normal 0 -0 1
    outer loop
      vertex 2.29813 1.92836 5
      vertex 6.82526 2.24341 5
      vertex 2.12132 2.12132 5
    endloop
  endfacet
  facet normal 0 -0 1
    outer loop
      vertex 2.81908 1.02606 5
      vertex 6.21949 1.19401 5
      vertex 2.71892 1.26785 5
    endloop
  endfacet
  facet normal 0 0 1
    outer loop
      vertex 6.47667 1.74552 5
      vertex 2.59808 1.5 5
      vertex 6.47633 1.74487 5
    endloop
  endfacet
  facet normal 0 0 1
    outer loop
      vertex -1.25899 8.22798 5
      vertex 2.11309 13.4685 5
      vertex 1.7101 13.3015 5
    endloop
  endfacet
  facet normal 0 0 1
    outer loop
      vertex 6.82526 2.24341 5
      vertex 2.29813 1.92836 5
      vertex 6.6403 2.00238 5
    endloop
  endfacet
  facet normal 0 0 1
    outer loop
      vertex -1.31199 8.83346 5
      vertex 1.7101 13.3015 5
      vertex 1.2941 13.1704 5
    endloop
  endfacet
  facet normal 0 0 1
    outer loop
      vertex 2.11309 13.4685 5
      vertex -1.25895 8.22724 5
      vertex -1.25899 8.2265 5
    endloop
  endfacet
  facet normal 0 0 1
    outer loop
      vertex 1.72073 2.45746 5
      vertex -1.25899 8.2265 5
      vertex 1.5 2.59808 5
    endloop
  endfacet
  facet normal 0 0 1
    outer loop
      vertex -1.37791 9.13079 5
      vertex 1.2941 13.1704 5
      vertex 0.86824 13.076 5
    endloop
  endfacet
  facet normal -0 0 1
    outer loop
      vertex -1.27224 7.92298 5
      vertex 1.5 2.59808 5
      vertex -1.25899 8.2265 5
    endloop
  endfacet
  facet normal 0 0 1
    outer loop
      vertex 1.5 2.59808 5
      vertex -1.27224 7.92298 5
      vertex 1.26785 2.71892 5
    endloop
  endfacet
  facet normal 0 0 1
    outer loop
      vertex -1.46949 9.42125 5
      vertex 0.86824 13.076 5
      vertex 0.435779 13.019 5
    endloop
  endfacet
  facet normal -0 0 1
    outer loop
      vertex -1.3119 7.62176 5
      vertex 1.26785 2.71892 5
      vertex -1.27224 7.92298 5
    endloop
  endfacet
  facet normal 0 0 1
    outer loop
      vertex -1.58638 9.70328 5
      vertex 0.435779 13.019 5
      vertex 0 13 5
    endloop
  endfacet
  facet normal -0 0 1
    outer loop
      vertex -1.31199 7.62103 5
      vertex 1.26785 2.71892 5
      vertex -1.3119 7.62176 5
    endloop
  endfacet
  facet normal 0 0 1
    outer loop
      vertex 1.26785 2.71892 5
      vertex -1.31199 7.62103 5
      vertex 1.02606 2.81908 5
    endloop
  endfacet
  facet normal 0 0 1
    outer loop
      vertex -1.88991 10.229 5
      vertex 0 13 5
      vertex -0.435779 13.019 5
    endloop
  endfacet
  facet normal -0 0 1
    outer loop
      vertex -1.37775 7.32441 5
      vertex 1.02606 2.81908 5
      vertex -1.31199 7.62103 5
    endloop
  endfacet
  facet normal -0 0 1
    outer loop
      vertex -1.37791 7.32369 5
      vertex 1.02606 2.81908 5
      vertex -1.37775 7.32441 5
    endloop
  endfacet
  facet normal 0 0 1
    outer loop
      vertex -2.0757 10.4712 5
      vertex -0.435779 13.019 5
      vertex -0.86824 13.076 5
    endloop
  endfacet
  facet normal -0 0 1
    outer loop
      vertex -1.37813 7.32299 5
      vertex 1.02606 2.81908 5
      vertex -1.37791 7.32369 5
    endloop
  endfacet
  facet normal 0 0 1
    outer loop
      vertex 1.02606 2.81908 5
      vertex -1.37813 7.32299 5
      vertex 0.776457 2.89778 5
    endloop
  endfacet
  facet normal 0 0 1
    outer loop
      vertex 2.11309 13.4685 5
      vertex -1.25899 8.22798 5
      vertex -1.25895 8.22724 5
    endloop
  endfacet
  facet normal 0 0 1
    outer loop
      vertex 1.7101 13.3015 5
      vertex -1.27224 8.53151 5
      vertex -1.25899 8.22798 5
    endloop
  endfacet
  facet normal 0 0 1
    outer loop
      vertex 1.7101 13.3015 5
      vertex -1.27234 8.53224 5
      vertex -1.27224 8.53151 5
    endloop
  endfacet
  facet normal 0 0 1
    outer loop
      vertex -2.28146 10.6958 5
      vertex -0.86824 13.076 5
      vertex -1.2941 13.1704 5
    endloop
  endfacet
  facet normal 0 0 1
    outer loop
      vertex 1.7101 13.3015 5
      vertex -1.31199 8.83346 5
      vertex -1.27234 8.53224 5
    endloop
  endfacet
  facet normal 0 0 1
    outer loop
      vertex 1.2941 13.1704 5
      vertex -1.31215 8.83418 5
      vertex -1.31199 8.83346 5
    endloop
  endfacet
  facet normal 0 0 1
    outer loop
      vertex 1.2941 13.1704 5
      vertex -1.37791 9.13079 5
      vertex -1.31215 8.83418 5
    endloop
  endfacet
  facet normal 0 0 1
    outer loop
      vertex 0.86824 13.076 5
      vertex -1.46927 9.42055 5
      vertex -1.37791 9.13079 5
    endloop
  endfacet
  facet normal 0 0 1
    outer loop
      vertex 0.86824 13.076 5
      vertex -1.46949 9.42125 5
      vertex -1.46927 9.42055 5
    endloop
  endfacet
  facet normal 0 0 1
    outer loop
      vertex 0.435779 13.019 5
      vertex -1.46977 9.42193 5
      vertex -1.46949 9.42125 5
    endloop
  endfacet
  facet normal 0 0 1
    outer loop
      vertex 0.435779 13.019 5
      vertex -1.58604 9.70262 5
      vertex -1.46977 9.42193 5
    endloop
  endfacet
  facet normal 0 0 1
    outer loop
      vertex 0.435779 13.019 5
      vertex -1.58638 9.70328 5
      vertex -1.58604 9.70262 5
    endloop
  endfacet
  facet normal 0 0 1
    outer loop
      vertex -2.74703 11.0865 5
      vertex -1.2941 13.1704 5
      vertex -1.7101 13.3015 5
    endloop
  endfacet
  facet normal 0 0 1
    outer loop
      vertex 0 13 5
      vertex -1.72667 9.97276 5
      vertex -1.58638 9.70328 5
    endloop
  endfacet
  facet normal 0 0 1
    outer loop
      vertex 0 13 5
      vertex -1.88991 10.229 5
      vertex -1.72667 9.97276 5
    endloop
  endfacet
  facet normal 0 0 1
    outer loop
      vertex -0.435779 13.019 5
      vertex -1.8903 10.2296 5
      vertex -1.88991 10.229 5
    endloop
  endfacet
  facet normal 0 0 1
    outer loop
      vertex -0.435779 13.019 5
      vertex -2.07525 10.4707 5
      vertex -1.8903 10.2296 5
    endloop
  endfacet
  facet normal 0 0 1
    outer loop
      vertex -0.435779 13.019 5
      vertex -2.0757 10.4712 5
      vertex -2.07525 10.4707 5
    endloop
  endfacet
  facet normal 0 0 1
    outer loop
      vertex -0.86824 13.076 5
      vertex -2.0762 10.4718 5
      vertex -2.0757 10.4712 5
    endloop
  endfacet
  facet normal 0 0 1
    outer loop
      vertex -3.00448 11.2506 5
      vertex -1.7101 13.3015 5
      vertex -2.11309 13.4685 5
    endloop
  endfacet
  facet normal 0 0 1
    outer loop
      vertex -0.86824 13.076 5
      vertex -2.28146 10.6958 5
      vertex -2.0762 10.4718 5
    endloop
  endfacet
  facet normal 0 0 1
    outer loop
      vertex -3.27462 11.3912 5
      vertex -2.11309 13.4685 5
      vertex -2.5 13.6699 5
    endloop
  endfacet
  facet normal 0 0 1
    outer loop
      vertex -1.2941 13.1704 5
      vertex -2.50546 10.901 5
      vertex -2.28146 10.6958 5
    endloop
  endfacet
  facet normal 0 0 1
    outer loop
      vertex -1.2941 13.1704 5
      vertex -2.506 10.9015 5
      vertex -2.50546 10.901 5
    endloop
  endfacet
  facet normal 0 0 1
    outer loop
      vertex -1.2941 13.1704 5
      vertex -2.74703 11.0865 5
      vertex -2.506 10.9015 5
    endloop
  endfacet
  facet normal 0 0 1
    outer loop
      vertex -1.7101 13.3015 5
      vertex -2.74762 11.0869 5
      vertex -2.74703 11.0865 5
    endloop
  endfacet
  facet normal 0 0 1
    outer loop
      vertex -3.84575 11.5991 5
      vertex -2.5 13.6699 5
      vertex -2.86788 13.9042 5
    endloop
  endfacet
  facet normal 0 0 1
    outer loop
      vertex -1.7101 13.3015 5
      vertex -3.00386 11.2502 5
      vertex -2.74762 11.0869 5
    endloop
  endfacet
  facet normal 0 0 1
    outer loop
      vertex -1.7101 13.3015 5
      vertex -3.00448 11.2506 5
      vertex -3.00386 11.2502 5
    endloop
  endfacet
  facet normal 0 0 1
    outer loop
      vertex -2.11309 13.4685 5
      vertex -3.00513 11.2509 5
      vertex -3.00448 11.2506 5
    endloop
  endfacet
  facet normal 0 0 1
    outer loop
      vertex -4.14379 11.6652 5
      vertex -2.86788 13.9042 5
      vertex -3.21394 14.1698 5
    endloop
  endfacet
  facet normal 0 0 1
    outer loop
      vertex -2.11309 13.4685 5
      vertex -3.27462 11.3912 5
      vertex -3.00513 11.2509 5
    endloop
  endfacet
  facet normal 0 0 1
    outer loop
      vertex -4.44574 11.705 5
      vertex -3.21394 14.1698 5
      vertex -3.53553 14.4645 5
    endloop
  endfacet
  facet normal 0 0 1
    outer loop
      vertex -2.5 13.6699 5
      vertex -3.55531 11.5075 5
      vertex -3.27462 11.3912 5
    endloop
  endfacet
  facet normal 0 0 1
    outer loop
      vertex -2.5 13.6699 5
      vertex -3.55599 11.5078 5
      vertex -3.55531 11.5075 5
    endloop
  endfacet
  facet normal 0 0 1
    outer loop
      vertex -4.75074 11.7183 5
      vertex -3.53553 14.4645 5
      vertex -3.83022 14.7861 5
    endloop
  endfacet
  facet normal 0 0 1
    outer loop
      vertex -2.5 13.6699 5
      vertex -3.84575 11.5991 5
      vertex -3.55599 11.5078 5
    endloop
  endfacet
  facet normal 0 0 1
    outer loop
      vertex -2.86788 13.9042 5
      vertex -3.84645 11.5993 5
      vertex -3.84575 11.5991 5
    endloop
  endfacet
  facet normal 0 0 1
    outer loop
      vertex -2.86788 13.9042 5
      vertex -3.84717 11.5995 5
      vertex -3.84645 11.5993 5
    endloop
  endfacet
  facet normal 0 0 1
    outer loop
      vertex -5.35621 11.6652 5
      vertex -3.83022 14.7861 5
      vertex -4.09576 15.1321 5
    endloop
  endfacet
  facet normal 0 0 1
    outer loop
      vertex -2.86788 13.9042 5
      vertex -4.14379 11.6652 5
      vertex -3.84717 11.5995 5
    endloop
  endfacet
  facet normal 0 0 1
    outer loop
      vertex -3.21394 14.1698 5
      vertex -4.14452 11.6653 5
      vertex -4.14379 11.6652 5
    endloop
  endfacet
  facet normal 0 0 1
    outer loop
      vertex -5.65355 11.5993 5
      vertex -4.09576 15.1321 5
      vertex -4.33013 15.5 5
    endloop
  endfacet
  facet normal 0 0 1
    outer loop
      vertex -3.21394 14.1698 5
      vertex -4.44574 11.705 5
      vertex -4.14452 11.6653 5
    endloop
  endfacet
  facet normal 0 0 1
    outer loop
      vertex -5.94401 11.5078 5
      vertex -4.33013 15.5 5
      vertex -4.53154 15.8869 5
    endloop
  endfacet
  facet normal 0 0 1
    outer loop
      vertex -6.22603 11.3909 5
      vertex -4.53154 15.8869 5
      vertex -4.69846 16.2899 5
    endloop
  endfacet
  facet normal 0 0 1
    outer loop
      vertex -3.53553 14.4645 5
      vertex -4.74926 11.7183 5
      vertex -4.44574 11.705 5
    endloop
  endfacet
  facet normal 0 0 1
    outer loop
      vertex -3.53553 14.4645 5
      vertex -4.75 11.7183 5
      vertex -4.74926 11.7183 5
    endloop
  endfacet
  facet normal 0 0 1
    outer loop
      vertex -3.53553 14.4645 5
      vertex -4.75074 11.7183 5
      vertex -4.75 11.7183 5
    endloop
  endfacet
  facet normal 0 0 1
    outer loop
      vertex -6.75176 11.0873 5
      vertex -4.69846 16.2899 5
      vertex -4.82963 16.7059 5
    endloop
  endfacet
  facet normal 0 0 1
    outer loop
      vertex -6.994 10.9015 5
      vertex -4.82963 16.7059 5
      vertex -4.92404 17.1318 5
    endloop
  endfacet
  facet normal 0 0 1
    outer loop
      vertex -5 18 5
      vertex -16.2928 18.2017 5
      vertex -4.98097 17.5642 5
    endloop
  endfacet
  facet normal -0 0 1
    outer loop
      vertex -16.2928 18.2017 5
      vertex -5 18 5
      vertex -16.2848 18.3848 5
    endloop
  endfacet
  facet normal 0 0 1
    outer loop
      vertex -3.83022 14.7861 5
      vertex -5.05427 11.705 5
      vertex -4.75074 11.7183 5
    endloop
  endfacet
  facet normal 0 0 1
    outer loop
      vertex 6.00895 0 5
      vertex 4.09576 -15.1321 5
      vertex 4.33013 -15.5 5
    endloop
  endfacet
  facet normal 0 0 1
    outer loop
      vertex 2.59808 -1.5 5
      vertex 6.00895 0 5
      vertex 2.71892 -1.26785 5
    endloop
  endfacet
  facet normal 0 0 1
    outer loop
      vertex 6.00895 0 5
      vertex 3.83022 -14.7861 5
      vertex 4.09576 -15.1321 5
    endloop
  endfacet
  facet normal 0 0 1
    outer loop
      vertex 2.45746 -1.72073 5
      vertex 6.00895 0 5
      vertex 2.59808 -1.5 5
    endloop
  endfacet
  facet normal 0 0 1
    outer loop
      vertex 6.00895 0 5
      vertex 3.53553 -14.4645 5
      vertex 3.83022 -14.7861 5
    endloop
  endfacet
  facet normal 0 0 1
    outer loop
      vertex 2.29813 -1.92836 5
      vertex 6.00895 0 5
      vertex 2.45746 -1.72073 5
    endloop
  endfacet
  facet normal 0 0 1
    outer loop
      vertex 2.12132 -2.12132 5
      vertex 6.00895 0 5
      vertex 2.29813 -1.92836 5
    endloop
  endfacet
  facet normal 0 0 1
    outer loop
      vertex 6.00895 0 5
      vertex 3.21394 -14.1698 5
      vertex 3.53553 -14.4645 5
    endloop
  endfacet
  facet normal 0 -0 1
    outer loop
      vertex 2.86788 -13.9042 5
      vertex 6.00895 0 5
      vertex 2.12132 -2.12132 5
    endloop
  endfacet
  facet normal 0 0 1
    outer loop
      vertex 6.00895 0 5
      vertex 2.86788 -13.9042 5
      vertex 3.21394 -14.1698 5
    endloop
  endfacet
  facet normal -0 0 1
    outer loop
      vertex 1.92836 -2.29813 5
      vertex 2.86788 -13.9042 5
      vertex 2.12132 -2.12132 5
    endloop
  endfacet
  facet normal 0 0 1
    outer loop
      vertex 2.86788 -13.9042 5
      vertex 1.92836 -2.29813 5
      vertex 2.5 -13.6699 5
    endloop
  endfacet
  facet normal -0 0 1
    outer loop
      vertex 1.72073 -2.45746 5
      vertex 2.5 -13.6699 5
      vertex 1.92836 -2.29813 5
    endloop
  endfacet
  facet normal 0 0 1
    outer loop
      vertex 2.5 -13.6699 5
      vertex 1.72073 -2.45746 5
      vertex 2.11309 -13.4685 5
    endloop
  endfacet
  facet normal -0 0 1
    outer loop
      vertex -1.25899 -8.2265 5
      vertex 2.11309 -13.4685 5
      vertex 1.72073 -2.45746 5
    endloop
  endfacet
  facet normal 0 0 1
    outer loop
      vertex -1.25899 -8.2265 5
      vertex 1.72073 -2.45746 5
      vertex 1.5 -2.59808 5
    endloop
  endfacet
  facet normal -0 0 1
    outer loop
      vertex -1.25899 -8.22798 5
      vertex 2.11309 -13.4685 5
      vertex -1.25895 -8.22724 5
    endloop
  endfacet
  facet normal 0 0 1
    outer loop
      vertex -1.25899 -8.2265 5
      vertex 1.5 -2.59808 5
      vertex 1.26785 -2.71892 5
    endloop
  endfacet
  facet normal 0 0 1
    outer loop
      vertex -1.25899 -8.2265 5
      vertex 1.26785 -2.71892 5
      vertex 1.02606 -2.81908 5
    endloop
  endfacet
  facet normal 0 0 1
    outer loop
      vertex 2.11309 -13.4685 5
      vertex -1.25899 -8.22798 5
      vertex 1.7101 -13.3015 5
    endloop
  endfacet
  facet normal 0 0 1
    outer loop
      vertex -1.25899 -8.2265 5
      vertex 1.02606 -2.81908 5
      vertex 0.776457 -2.89778 5
    endloop
  endfacet
  facet normal 0 0 1
    outer loop
      vertex -1.25899 -8.2265 5
      vertex 0.776457 -2.89778 5
      vertex 0.520944 -2.95442 5
    endloop
  endfacet
  facet normal -0 0 1
    outer loop
      vertex -1.27224 -8.53151 5
      vertex 1.7101 -13.3015 5
      vertex -1.25899 -8.22798 5
    endloop
  endfacet
  facet normal 0 0 1
    outer loop
      vertex -1.25899 -8.2265 5
      vertex 0.520944 -2.95442 5
      vertex 0.261467 -2.98858 5
    endloop
  endfacet
  facet normal 0 0 1
    outer loop
      vertex -1.25899 -8.2265 5
      vertex 0.261467 -2.98858 5
      vertex 0 -3 5
    endloop
  endfacet
  facet normal -0 0 1
    outer loop
      vertex -1.27234 -8.53224 5
      vertex 1.7101 -13.3015 5
      vertex -1.27224 -8.53151 5
    endloop
  endfacet
  facet normal 0 0 1
    outer loop
      vertex -1.25899 -8.2265 5
      vertex 0 -3 5
      vertex -0.261467 -2.98858 5
    endloop
  endfacet
  facet normal -0 0 1
    outer loop
      vertex -1.31199 -8.83346 5
      vertex 1.7101 -13.3015 5
      vertex -1.27234 -8.53224 5
    endloop
  endfacet
  facet normal 0 0 1
    outer loop
      vertex -1.25899 -8.2265 5
      vertex -0.261467 -2.98858 5
      vertex -0.520944 -2.95442 5
    endloop
  endfacet
  facet normal 0 0 1
    outer loop
      vertex -1.25899 -8.2265 5
      vertex -0.520944 -2.95442 5
      vertex -0.776457 -2.89778 5
    endloop
  endfacet
  facet normal 0 0 1
    outer loop
      vertex 1.7101 -13.3015 5
      vertex -1.31199 -8.83346 5
      vertex 1.2941 -13.1704 5
    endloop
  endfacet
  facet normal 0 0 1
    outer loop
      vertex -2.50546 -5.55344 5
      vertex -0.776457 -2.89778 5
      vertex -1.02606 -2.81908 5
    endloop
  endfacet
  facet normal -0 0 1
    outer loop
      vertex -1.31215 -8.83418 5
      vertex 1.2941 -13.1704 5
      vertex -1.31199 -8.83346 5
    endloop
  endfacet
  facet normal -0 0 1
    outer loop
      vertex -1.37791 -9.13079 5
      vertex 1.2941 -13.1704 5
      vertex -1.31215 -8.83418 5
    endloop
  endfacet
  facet normal 0 0 1
    outer loop
      vertex 1.2941 -13.1704 5
      vertex -1.37791 -9.13079 5
      vertex 0.86824 -13.076 5
    endloop
  endfacet
  facet normal -0 0 1
    outer loop
      vertex -1.46927 -9.42055 5
      vertex 0.86824 -13.076 5
      vertex -1.37791 -9.13079 5
    endloop
  endfacet
  facet normal -0 0 1
    outer loop
      vertex -1.46949 -9.42125 5
      vertex 0.86824 -13.076 5
      vertex -1.46927 -9.42055 5
    endloop
  endfacet
  facet normal 0 0 1
    outer loop
      vertex 0.86824 -13.076 5
      vertex -1.46949 -9.42125 5
      vertex 0.435779 -13.019 5
    endloop
  endfacet
  facet normal -0 0 1
    outer loop
      vertex -1.46977 -9.42193 5
      vertex 0.435779 -13.019 5
      vertex -1.46949 -9.42125 5
    endloop
  endfacet
  facet normal -0 0 1
    outer loop
      vertex -1.58604 -9.70262 5
      vertex 0.435779 -13.019 5
      vertex -1.46977 -9.42193 5
    endloop
  endfacet
  facet normal -0 0 1
    outer loop
      vertex -1.58638 -9.70328 5
      vertex 0.435779 -13.019 5
      vertex -1.58604 -9.70262 5
    endloop
  endfacet
  facet normal 0 0 1
    outer loop
      vertex 0.435779 -13.019 5
      vertex -1.58638 -9.70328 5
      vertex 0 -13 5
    endloop
  endfacet
  facet normal -0 0 1
    outer loop
      vertex -1.72667 -9.97276 5
      vertex 0 -13 5
      vertex -1.58638 -9.70328 5
    endloop
  endfacet
  facet normal -0 0 1
    outer loop
      vertex -1.88991 -10.229 5
      vertex 0 -13 5
      vertex -1.72667 -9.97276 5
    endloop
  endfacet
  facet normal 0 0 1
    outer loop
      vertex 0 -13 5
      vertex -1.88991 -10.229 5
      vertex -0.435779 -13.019 5
    endloop
  endfacet
  facet normal -0 0 1
    outer loop
      vertex -1.8903 -10.2296 5
      vertex -0.435779 -13.019 5
      vertex -1.88991 -10.229 5
    endloop
  endfacet
  facet normal -0 0 1
    outer loop
      vertex -2.07525 -10.4707 5
      vertex -0.435779 -13.019 5
      vertex -1.8903 -10.2296 5
    endloop
  endfacet
  facet normal -0 0 1
    outer loop
      vertex -2.0757 -10.4712 5
      vertex -0.435779 -13.019 5
      vertex -2.07525 -10.4707 5
    endloop
  endfacet
  facet normal 0 0 1
    outer loop
      vertex -0.435779 -13.019 5
      vertex -2.0757 -10.4712 5
      vertex -0.86824 -13.076 5
    endloop
  endfacet
  facet normal -0 0 1
    outer loop
      vertex -2.0762 -10.4718 5
      vertex -0.86824 -13.076 5
      vertex -2.0757 -10.4712 5
    endloop
  endfacet
  facet normal -0 0 1
    outer loop
      vertex -2.28146 -10.6958 5
      vertex -0.86824 -13.076 5
      vertex -2.0762 -10.4718 5
    endloop
  endfacet
  facet normal 0 0 1
    outer loop
      vertex -0.86824 -13.076 5
      vertex -2.28146 -10.6958 5
      vertex -1.2941 -13.1704 5
    endloop
  endfacet
  facet normal -0 0 1
    outer loop
      vertex -2.50546 -10.901 5
      vertex -1.2941 -13.1704 5
      vertex -2.28146 -10.6958 5
    endloop
  endfacet
  facet normal -0 0 1
    outer loop
      vertex -2.506 -10.9015 5
      vertex -1.2941 -13.1704 5
      vertex -2.50546 -10.901 5
    endloop
  endfacet
  facet normal -0 0 1
    outer loop
      vertex -2.74703 -11.0865 5
      vertex -1.2941 -13.1704 5
      vertex -2.506 -10.9015 5
    endloop
  endfacet
  facet normal 0 0 1
    outer loop
      vertex -1.2941 -13.1704 5
      vertex -2.74703 -11.0865 5
      vertex -1.7101 -13.3015 5
    endloop
  endfacet
  facet normal -0 0 1
    outer loop
      vertex -2.74762 -11.0869 5
      vertex -1.7101 -13.3015 5
      vertex -2.74703 -11.0865 5
    endloop
  endfacet
  facet normal -0 0 1
    outer loop
      vertex -3.00386 -11.2502 5
      vertex -1.7101 -13.3015 5
      vertex -2.74762 -11.0869 5
    endloop
  endfacet
  facet normal -0 0 1
    outer loop
      vertex -3.00448 -11.2506 5
      vertex -1.7101 -13.3015 5
      vertex -3.00386 -11.2502 5
    endloop
  endfacet
  facet normal 0 0 1
    outer loop
      vertex -1.7101 -13.3015 5
      vertex -3.00448 -11.2506 5
      vertex -2.11309 -13.4685 5
    endloop
  endfacet
  facet normal -0 0 1
    outer loop
      vertex -3.00513 -11.2509 5
      vertex -2.11309 -13.4685 5
      vertex -3.00448 -11.2506 5
    endloop
  endfacet
  facet normal -0 0 1
    outer loop
      vertex -3.27462 -11.3912 5
      vertex -2.11309 -13.4685 5
      vertex -3.00513 -11.2509 5
    endloop
  endfacet
  facet normal 0 0 1
    outer loop
      vertex -2.11309 -13.4685 5
      vertex -3.27462 -11.3912 5
      vertex -2.5 -13.6699 5
    endloop
  endfacet
  facet normal -0 0 1
    outer loop
      vertex -3.55531 -11.5075 5
      vertex -2.5 -13.6699 5
      vertex -3.27462 -11.3912 5
    endloop
  endfacet
  facet normal -0 0 1
    outer loop
      vertex -3.55599 -11.5078 5
      vertex -2.5 -13.6699 5
      vertex -3.55531 -11.5075 5
    endloop
  endfacet
  facet normal -0 0 1
    outer loop
      vertex -3.84575 -11.5991 5
      vertex -2.5 -13.6699 5
      vertex -3.55599 -11.5078 5
    endloop
  endfacet
  facet normal 0 0 1
    outer loop
      vertex -2.5 -13.6699 5
      vertex -3.84575 -11.5991 5
      vertex -2.86788 -13.9042 5
    endloop
  endfacet
  facet normal -0 0 1
    outer loop
      vertex -3.84645 -11.5993 5
      vertex -2.86788 -13.9042 5
      vertex -3.84575 -11.5991 5
    endloop
  endfacet
  facet normal -0 0 1
    outer loop
      vertex -3.84717 -11.5995 5
      vertex -2.86788 -13.9042 5
      vertex -3.84645 -11.5993 5
    endloop
  endfacet
  facet normal -0 0 1
    outer loop
      vertex -4.14379 -11.6652 5
      vertex -2.86788 -13.9042 5
      vertex -3.84717 -11.5995 5
    endloop
  endfacet
  facet normal 0 0 1
    outer loop
      vertex -2.86788 -13.9042 5
      vertex -4.14379 -11.6652 5
      vertex -3.21394 -14.1698 5
    endloop
  endfacet
  facet normal -0 0 1
    outer loop
      vertex -4.14452 -11.6653 5
      vertex -3.21394 -14.1698 5
      vertex -4.14379 -11.6652 5
    endloop
  endfacet
  facet normal -0 0 1
    outer loop
      vertex -4.44574 -11.705 5
      vertex -3.21394 -14.1698 5
      vertex -4.14452 -11.6653 5
    endloop
  endfacet
  facet normal 0 0 1
    outer loop
      vertex -3.21394 -14.1698 5
      vertex -4.44574 -11.705 5
      vertex -3.53553 -14.4645 5
    endloop
  endfacet
  facet normal -0 0 1
    outer loop
      vertex -4.74926 -11.7183 5
      vertex -3.53553 -14.4645 5
      vertex -4.44574 -11.705 5
    endloop
  endfacet
  facet normal -0 0 1
    outer loop
      vertex -4.75 -11.7183 5
      vertex -3.53553 -14.4645 5
      vertex -4.74926 -11.7183 5
    endloop
  endfacet
  facet normal -0 0 1
    outer loop
      vertex -4.75074 -11.7183 5
      vertex -3.53553 -14.4645 5
      vertex -4.75 -11.7183 5
    endloop
  endfacet
  facet normal 0 0 1
    outer loop
      vertex -3.53553 -14.4645 5
      vertex -4.75074 -11.7183 5
      vertex -3.83022 -14.7861 5
    endloop
  endfacet
  facet normal 0 0 1
    outer loop
      vertex -5.05427 -11.705 5
      vertex -3.83022 -14.7861 5
      vertex -4.75074 -11.7183 5
    endloop
  endfacet
  facet normal 0 0 1
    outer loop
      vertex -5.055 -11.7049 5
      vertex -3.83022 -14.7861 5
      vertex -5.05427 -11.705 5
    endloop
  endfacet
  facet normal 0 0 1
    outer loop
      vertex -5.35621 -11.6652 5
      vertex -3.83022 -14.7861 5
      vertex -5.055 -11.7049 5
    endloop
  endfacet
  facet normal 0 0 1
    outer loop
      vertex -3.83022 -14.7861 5
      vertex -5.35621 -11.6652 5
      vertex -4.09576 -15.1321 5
    endloop
  endfacet
  facet normal 0 0 1
    outer loop
      vertex -5.35693 -11.6651 5
      vertex -4.09576 -15.1321 5
      vertex -5.35621 -11.6652 5
    endloop
  endfacet
  facet normal 0 0 1
    outer loop
      vertex -5.65355 -11.5993 5
      vertex -4.09576 -15.1321 5
      vertex -5.35693 -11.6651 5
    endloop
  endfacet
  facet normal 0 0 1
    outer loop
      vertex -4.09576 -15.1321 5
      vertex -5.65355 -11.5993 5
      vertex -4.33013 -15.5 5
    endloop
  endfacet
  facet normal 0 0 1
    outer loop
      vertex -5.9433 -11.508 5
      vertex -4.33013 -15.5 5
      vertex -5.65355 -11.5993 5
    endloop
  endfacet
  facet normal 0 0 1
    outer loop
      vertex -5.94401 -11.5078 5
      vertex -4.33013 -15.5 5
      vertex -5.9433 -11.508 5
    endloop
  endfacet
  facet normal -0 0 1
    outer loop
      vertex -1.46949 7.03323 5
      vertex 0.776457 2.89778 5
      vertex -1.37813 7.32299 5
    endloop
  endfacet
  facet normal 0 0 1
    outer loop
      vertex 0.776457 2.89778 5
      vertex -1.46949 7.03323 5
      vertex 0.520944 2.95442 5
    endloop
  endfacet
  facet normal -0 0 1
    outer loop
      vertex -1.46977 7.03255 5
      vertex 0.520944 2.95442 5
      vertex -1.46949 7.03323 5
    endloop
  endfacet
  facet normal -0 0 1
    outer loop
      vertex -1.58604 6.75186 5
      vertex 0.520944 2.95442 5
      vertex -1.46977 7.03255 5
    endloop
  endfacet
  facet normal 0 0 1
    outer loop
      vertex 0.520944 2.95442 5
      vertex -1.58604 6.75186 5
      vertex 0.261467 2.98858 5
    endloop
  endfacet
  facet normal -0 0 1
    outer loop
      vertex -1.72633 6.48237 5
      vertex 0.261467 2.98858 5
      vertex -1.58604 6.75186 5
    endloop
  endfacet
  facet normal -0 0 1
    outer loop
      vertex -1.72667 6.48172 5
      vertex 0.261467 2.98858 5
      vertex -1.72633 6.48237 5
    endloop
  endfacet
  facet normal 0 0 1
    outer loop
      vertex 0.261467 2.98858 5
      vertex -1.72667 6.48172 5
      vertex 0 3 5
    endloop
  endfacet
  facet normal -0 0 1
    outer loop
      vertex -1.72706 6.4811 5
      vertex 0 3 5
      vertex -1.72667 6.48172 5
    endloop
  endfacet
  facet normal -0 0 1
    outer loop
      vertex -1.8903 6.22486 5
      vertex 0 3 5
      vertex -1.72706 6.4811 5
    endloop
  endfacet
  facet normal 0 0 1
    outer loop
      vertex 0 3 5
      vertex -1.8903 6.22486 5
      vertex -0.261467 2.98858 5
    endloop
  endfacet
  facet normal -0 0 1
    outer loop
      vertex -1.89075 6.22427 5
      vertex -0.261467 2.98858 5
      vertex -1.8903 6.22486 5
    endloop
  endfacet
  facet normal -0 0 1
    outer loop
      vertex -2.0757 5.98324 5
      vertex -0.261467 2.98858 5
      vertex -1.89075 6.22427 5
    endloop
  endfacet
  facet normal 0 0 1
    outer loop
      vertex -0.261467 2.98858 5
      vertex -2.0757 5.98324 5
      vertex -0.520944 2.95442 5
    endloop
  endfacet
  facet normal -0 0 1
    outer loop
      vertex -2.0762 5.9827 5
      vertex -0.520944 2.95442 5
      vertex -2.0757 5.98324 5
    endloop
  endfacet
  facet normal -0 0 1
    outer loop
      vertex -2.28146 5.7587 5
      vertex -0.520944 2.95442 5
      vertex -2.0762 5.9827 5
    endloop
  endfacet
  facet normal 0 0 1
    outer loop
      vertex -0.520944 2.95442 5
      vertex -2.28146 5.7587 5
      vertex -0.776457 2.89778 5
    endloop
  endfacet
  facet normal -0 0 1
    outer loop
      vertex -2.50546 5.55344 5
      vertex -0.776457 2.89778 5
      vertex -2.28146 5.7587 5
    endloop
  endfacet
  facet normal 0 0 1
    outer loop
      vertex -0.776457 2.89778 5
      vertex -2.50546 5.55344 5
      vertex -1.02606 2.81908 5
    endloop
  endfacet
  facet normal -0 0 1
    outer loop
      vertex -2.506 5.55295 5
      vertex -1.02606 2.81908 5
      vertex -2.50546 5.55344 5
    endloop
  endfacet
  facet normal -0 0 1
    outer loop
      vertex -2.50659 5.5525 5
      vertex -1.02606 2.81908 5
      vertex -2.506 5.55295 5
    endloop
  endfacet
  facet normal -0 0 1
    outer loop
      vertex -2.74762 5.36754 5
      vertex -1.02606 2.81908 5
      vertex -2.50659 5.5525 5
    endloop
  endfacet
  facet normal 0 0 1
    outer loop
      vertex -1.02606 2.81908 5
      vertex -2.74762 5.36754 5
      vertex -1.26785 2.71892 5
    endloop
  endfacet
  facet normal -0 0 1
    outer loop
      vertex -2.74824 5.36715 5
      vertex -1.26785 2.71892 5
      vertex -2.74762 5.36754 5
    endloop
  endfacet
  facet normal -0 0 1
    outer loop
      vertex -3.00448 5.20391 5
      vertex -1.26785 2.71892 5
      vertex -2.74824 5.36715 5
    endloop
  endfacet
  facet normal 0 0 1
    outer loop
      vertex -1.26785 2.71892 5
      vertex -3.00448 5.20391 5
      vertex -1.5 2.59808 5
    endloop
  endfacet
  facet normal 0 0 1
    outer loop
      vertex -1.5 2.59808 5
      vertex -3.00448 5.20391 5
      vertex -1.72073 2.45746 5
    endloop
  endfacet
  facet normal -0 0 1
    outer loop
      vertex -3.27397 5.06362 5
      vertex -1.72073 2.45746 5
      vertex -3.00448 5.20391 5
    endloop
  endfacet
  facet normal -0 0 1
    outer loop
      vertex -3.27462 5.06328 5
      vertex -1.72073 2.45746 5
      vertex -3.27397 5.06362 5
    endloop
  endfacet
  facet normal 0 0 1
    outer loop
      vertex -1.72073 2.45746 5
      vertex -3.27462 5.06328 5
      vertex -1.92836 2.29813 5
    endloop
  endfacet
  facet normal -0 0 1
    outer loop
      vertex -3.55531 4.94701 5
      vertex -1.92836 2.29813 5
      vertex -3.27462 5.06328 5
    endloop
  endfacet
  facet normal -0 0 1
    outer loop
      vertex -3.55599 4.94673 5
      vertex -1.92836 2.29813 5
      vertex -3.55531 4.94701 5
    endloop
  endfacet
  facet normal -0 0 1
    outer loop
      vertex -3.5567 4.94651 5
      vertex -1.92836 2.29813 5
      vertex -3.55599 4.94673 5
    endloop
  endfacet
  facet normal 0 0 1
    outer loop
      vertex -1.92836 2.29813 5
      vertex -3.5567 4.94651 5
      vertex -2.12132 2.12132 5
    endloop
  endfacet
  facet normal -0 0 1
    outer loop
      vertex -3.84645 4.85515 5
      vertex -2.12132 2.12132 5
      vertex -3.5567 4.94651 5
    endloop
  endfacet
  facet normal 0 0 1
    outer loop
      vertex -2.12132 2.12132 5
      vertex -3.84645 4.85515 5
      vertex -2.29813 1.92836 5
    endloop
  endfacet
  facet normal -0 0 1
    outer loop
      vertex -4.14379 4.78923 5
      vertex -2.29813 1.92836 5
      vertex -4.14307 4.78939 5
    endloop
  endfacet
  facet normal -0 0 1
    outer loop
      vertex -4.14307 4.78939 5
      vertex -2.29813 1.92836 5
      vertex -3.84645 4.85515 5
    endloop
  endfacet
  facet normal 0 0 1
    outer loop
      vertex 52 -25.85 5
      vertex 70 0 5
      vertex 69.7336 6.1009 5
    endloop
  endfacet
  facet normal 0 0 1
    outer loop
      vertex 52 -25.85 5
      vertex 69.7336 6.1009 5
      vertex 68.9365 12.1554 5
    endloop
  endfacet
  facet normal 0 0 1
    outer loop
      vertex 70 0 5
      vertex 52 -25.85 5
      vertex 69.7336 -6.1009 5
    endloop
  endfacet
  facet normal 0 0 1
    outer loop
      vertex 52 -25.85 5
      vertex 68.9365 12.1554 5
      vertex 67.6148 18.1173 5
    endloop
  endfacet
  facet normal 0 0 1
    outer loop
      vertex 69.7336 -6.1009 5
      vertex 52 -25.85 5
      vertex 68.9365 -12.1554 5
    endloop
  endfacet
  facet normal 0 0 1
    outer loop
      vertex 52 -25.85 5
      vertex 67.6148 18.1173 5
      vertex 65.7785 23.9414 5
    endloop
  endfacet
  facet normal 0 0 1
    outer loop
      vertex 68.9365 -12.1554 5
      vertex 52 -25.85 5
      vertex 67.6148 -18.1173 5
    endloop
  endfacet
  facet normal 0 0 1
    outer loop
      vertex 52 -25.85 5
      vertex 65.7785 23.9414 5
      vertex 63.4415 29.5833 5
    endloop
  endfacet
  facet normal 0 0 1
    outer loop
      vertex 67.6148 -18.1173 5
      vertex 52 -25.85 5
      vertex 65.7785 -23.9414 5
    endloop
  endfacet
  facet normal 0 0 1
    outer loop
      vertex 52 -25.85 5
      vertex 63.4415 29.5833 5
      vertex 60.6218 35 5
    endloop
  endfacet
  facet normal 0 0 1
    outer loop
      vertex 65.7785 -23.9414 5
      vertex 52 -25.85 5
      vertex 63.4415 -29.5833 5
    endloop
  endfacet
  facet normal 0 0 1
    outer loop
      vertex 52 46.15 5
      vertex 60.6218 35 5
      vertex 57.3406 40.1503 5
    endloop
  endfacet
  facet normal 0 0 1
    outer loop
      vertex 63.4415 -29.5833 5
      vertex 52 -25.85 5
      vertex 60.6218 -35 5
    endloop
  endfacet
  facet normal 0 0 1
    outer loop
      vertex 52 46.15 5
      vertex 57.3406 40.1503 5
      vertex 53.6231 44.9951 5
    endloop
  endfacet
  facet normal 0 0 1
    outer loop
      vertex 60.6218 -35 5
      vertex 52 -25.85 5
      vertex 57.3406 -40.1503 5
    endloop
  endfacet
  facet normal 0 0 1
    outer loop
      vertex 60.6218 35 5
      vertex 52 46.15 5
      vertex 52 -25.85 5
    endloop
  endfacet
  facet normal 0 0 1
    outer loop
      vertex 49.4975 49.4975 5
      vertex 52 46.15 5
      vertex 53.6231 44.9951 5
    endloop
  endfacet
  facet normal 0 0 1
    outer loop
      vertex 33.5556 46.15 5
      vertex 49.4975 49.4975 5
      vertex 44.9951 53.6231 5
    endloop
  endfacet
  facet normal 0 0 1
    outer loop
      vertex 33.5556 46.15 5
      vertex 44.9951 53.6231 5
      vertex 40.1503 57.3406 5
    endloop
  endfacet
  facet normal 0 0 1
    outer loop
      vertex 33.5556 46.15 5
      vertex 40.1503 57.3406 5
      vertex 35 60.6218 5
    endloop
  endfacet
  facet normal 0 0 1
    outer loop
      vertex 49.4975 49.4975 5
      vertex 33.5556 46.15 5
      vertex 52 46.15 5
    endloop
  endfacet
  facet normal 0 0 1
    outer loop
      vertex 23.9414 65.7785 5
      vertex 33.5556 46.15 5
      vertex 29.5833 63.4415 5
    endloop
  endfacet
  facet normal 0 0 1
    outer loop
      vertex 29.5833 63.4415 5
      vertex 33.5556 46.15 5
      vertex 35 60.6218 5
    endloop
  endfacet
  facet normal -0 0 1
    outer loop
      vertex 37.4553 -35.3553 5
      vertex 57.3406 -40.1503 5
      vertex 52 -25.85 5
    endloop
  endfacet
  facet normal 0 0 1
    outer loop
      vertex 57.3406 -40.1503 5
      vertex 37.4473 -35.5384 5
      vertex 53.6231 -44.9951 5
    endloop
  endfacet
  facet normal -0 0 1
    outer loop
      vertex 37.3838 -35.8989 5
      vertex 53.6231 -44.9951 5
      vertex 37.4234 -35.72 5
    endloop
  endfacet
  facet normal -0 0 1
    outer loop
      vertex 37.174 -36.4053 5
      vertex 53.6231 -44.9951 5
      vertex 37.2586 -36.2428 5
    endloop
  endfacet
  facet normal 0 0 1
    outer loop
      vertex 57.3406 -40.1503 5
      vertex 37.4553 -35.3553 5
      vertex 37.4473 -35.5384 5
    endloop
  endfacet
  facet normal 0 0 1
    outer loop
      vertex 52 -25.85 5
      vertex 37.4473 -35.1723 5
      vertex 37.4553 -35.3553 5
    endloop
  endfacet
  facet normal 0 0 1
    outer loop
      vertex 52 -25.85 5
      vertex 37.4234 -34.9907 5
      vertex 37.4473 -35.1723 5
    endloop
  endfacet
  facet normal 0 0 1
    outer loop
      vertex 52 -25.85 5
      vertex 37.3838 -34.8118 5
      vertex 37.4234 -34.9907 5
    endloop
  endfacet
  facet normal 0 0 1
    outer loop
      vertex 52 -25.85 5
      vertex 37.3287 -34.6371 5
      vertex 37.3838 -34.8118 5
    endloop
  endfacet
  facet normal 0 0 1
    outer loop
      vertex 52 -25.85 5
      vertex 37.2586 -34.4678 5
      vertex 37.3287 -34.6371 5
    endloop
  endfacet
  facet normal 0 0 1
    outer loop
      vertex 52 -25.85 5
      vertex 37.174 -34.3053 5
      vertex 37.2586 -34.4678 5
    endloop
  endfacet
  facet normal 0 0 1
    outer loop
      vertex 52 -25.85 5
      vertex 37.0756 -34.1508 5
      vertex 37.174 -34.3053 5
    endloop
  endfacet
  facet normal 0 0 1
    outer loop
      vertex 52 -25.85 5
      vertex 36.964 -34.0055 5
      vertex 37.0756 -34.1508 5
    endloop
  endfacet
  facet normal 0 0 1
    outer loop
      vertex 52 -25.85 5
      vertex 36.8403 -33.8704 5
      vertex 36.964 -34.0055 5
    endloop
  endfacet
  facet normal -0 0 1
    outer loop
      vertex 33.5556 -25.85 5
      vertex 36.8403 -33.8704 5
      vertex 52 -25.85 5
    endloop
  endfacet
  facet normal 0 0 1
    outer loop
      vertex 33.5556 -25.85 5
      vertex 19.8697 -16.8999 5
      vertex 36.8403 -33.8704 5
    endloop
  endfacet
  facet normal 0 0 1
    outer loop
      vertex 33.5556 -21.85 5
      vertex 19.8697 -16.8999 5
      vertex 33.5556 -25.85 5
    endloop
  endfacet
  facet normal 0 0 1
    outer loop
      vertex 12.991 0 5
      vertex 19.8697 16.8999 5
      vertex 19.7346 16.7761 5
    endloop
  endfacet
  facet normal -0 0 1
    outer loop
      vertex 12.9778 -0.303527 5
      vertex 33.5556 -21.85 5
      vertex 12.991 0 5
    endloop
  endfacet
  facet normal 0 0 1
    outer loop
      vertex 12.9778 0.304264 5
      vertex 19.7346 16.7761 5
      vertex 19.5893 16.6646 5
    endloop
  endfacet
  facet normal 0 0 1
    outer loop
      vertex 33.5556 -21.85 5
      vertex 19.7346 -16.7761 5
      vertex 19.8697 -16.8999 5
    endloop
  endfacet
  facet normal 0 0 1
    outer loop
      vertex 12.938 0.606213 5
      vertex 19.5893 16.6646 5
      vertex 19.4348 16.5661 5
    endloop
  endfacet
  facet normal -0 0 1
    outer loop
      vertex 12.9778 -0.304264 5
      vertex 33.5556 -21.85 5
      vertex 12.9778 -0.303527 5
    endloop
  endfacet
  facet normal 0 0 1
    outer loop
      vertex 12.8721 0.903549 5
      vertex 19.4348 16.5661 5
      vertex 19.2723 16.4815 5
    endloop
  endfacet
  facet normal 0 0 1
    outer loop
      vertex 33.5556 -21.85 5
      vertex 12.9778 -0.304264 5
      vertex 19.7346 -16.7761 5
    endloop
  endfacet
  facet normal 0 0 1
    outer loop
      vertex 12.7805 1.19401 5
      vertex 19.2723 16.4815 5
      vertex 19.103 16.4114 5
    endloop
  endfacet
  facet normal 0 0 1
    outer loop
      vertex 19.7346 -16.7761 5
      vertex 12.9778 -0.304264 5
      vertex 19.5893 -16.6646 5
    endloop
  endfacet
  facet normal 0 0 1
    outer loop
      vertex 12.664 1.47538 5
      vertex 19.103 16.4114 5
      vertex 18.9283 16.3563 5
    endloop
  endfacet
  facet normal -0 0 1
    outer loop
      vertex 12.9381 -0.605482 5
      vertex 19.5893 -16.6646 5
      vertex 12.9778 -0.304264 5
    endloop
  endfacet
  facet normal 0 0 1
    outer loop
      vertex 12.5233 1.74552 5
      vertex 18.9283 16.3563 5
      vertex 18.7494 16.3167 5
    endloop
  endfacet
  facet normal -0 0 1
    outer loop
      vertex 12.938 -0.606213 5
      vertex 19.5893 -16.6646 5
      vertex 12.9381 -0.605482 5
    endloop
  endfacet
  facet normal 0 0 1
    outer loop
      vertex 12.3597 2.00238 5
      vertex 18.7494 16.3167 5
      vertex 18.5678 16.2928 5
    endloop
  endfacet
  facet normal 0 0 1
    outer loop
      vertex 19.5893 -16.6646 5
      vertex 12.938 -0.606213 5
      vertex 19.4348 -16.5661 5
    endloop
  endfacet
  facet normal 0 0 1
    outer loop
      vertex 12.1743 2.244 5
      vertex 18.5678 16.2928 5
      vertex 18.3848 16.2848 5
    endloop
  endfacet
  facet normal -0 0 1
    outer loop
      vertex 12.9378 -0.606933 5
      vertex 19.4348 -16.5661 5
      vertex 12.938 -0.606213 5
    endloop
  endfacet
  facet normal 0 0 1
    outer loop
      vertex 11.9685 2.46854 5
      vertex 18.3848 16.2848 5
      vertex 18.2017 16.2928 5
    endloop
  endfacet
  facet normal -0 0 1
    outer loop
      vertex 12.8721 -0.903549 5
      vertex 19.4348 -16.5661 5
      vertex 12.9378 -0.606933 5
    endloop
  endfacet
  facet normal 0 0 1
    outer loop
      vertex 11.744 2.6743 5
      vertex 18.2017 16.2928 5
      vertex 18.0201 16.3167 5
    endloop
  endfacet
  facet normal 0 0 1
    outer loop
      vertex 19.4348 -16.5661 5
      vertex 12.8721 -0.903549 5
      vertex 19.2723 -16.4815 5
    endloop
  endfacet
  facet normal 0 0 1
    outer loop
      vertex 11.7434 2.67474 5
      vertex 18.0201 16.3167 5
      vertex 17.8413 16.3563 5
    endloop
  endfacet
  facet normal -0 0 1
    outer loop
      vertex 12.7807 -1.1933 5
      vertex 19.2723 -16.4815 5
      vertex 12.8721 -0.903549 5
    endloop
  endfacet
  facet normal 0 0 1
    outer loop
      vertex 11.5024 2.8597 5
      vertex 17.8413 16.3563 5
      vertex 17.6665 16.4114 5
    endloop
  endfacet
  facet normal -0 0 1
    outer loop
      vertex 12.7805 -1.19401 5
      vertex 19.2723 -16.4815 5
      vertex 12.7807 -1.1933 5
    endloop
  endfacet
  facet normal 0 0 1
    outer loop
      vertex 11.2455 3.02333 5
      vertex 17.6665 16.4114 5
      vertex 17.4973 16.4815 5
    endloop
  endfacet
  facet normal 0 0 1
    outer loop
      vertex 19.2723 -16.4815 5
      vertex 12.7805 -1.19401 5
      vertex 19.103 -16.4114 5
    endloop
  endfacet
  facet normal 0 0 1
    outer loop
      vertex 10.9754 3.16396 5
      vertex 17.4973 16.4815 5
      vertex 17.3348 16.5661 5
    endloop
  endfacet
  facet normal -0 0 1
    outer loop
      vertex 12.6642 -1.4747 5
      vertex 19.103 -16.4114 5
      vertex 12.7805 -1.19401 5
    endloop
  endfacet
  facet normal 0 0 1
    outer loop
      vertex 10.694 3.28051 5
      vertex 17.3348 16.5661 5
      vertex 17.1803 16.6646 5
    endloop
  endfacet
  facet normal -0 0 1
    outer loop
      vertex 12.664 -1.47538 5
      vertex 19.103 -16.4114 5
      vertex 12.6642 -1.4747 5
    endloop
  endfacet
  facet normal 0 0 1
    outer loop
      vertex 10.4035 3.37209 5
      vertex 17.1803 16.6646 5
      vertex 17.0349 16.7761 5
    endloop
  endfacet
  facet normal 0 0 1
    outer loop
      vertex 19.103 -16.4114 5
      vertex 12.664 -1.47538 5
      vertex 18.9283 -16.3563 5
    endloop
  endfacet
  facet normal 0 0 1
    outer loop
      vertex 10.1062 3.43801 5
      vertex 17.0349 16.7761 5
      vertex 16.8999 16.8999 5
    endloop
  endfacet
  facet normal -0 0 1
    outer loop
      vertex 12.5237 -1.74487 5
      vertex 18.9283 -16.3563 5
      vertex 12.664 -1.47538 5
    endloop
  endfacet
  facet normal 0 0 1
    outer loop
      vertex 4.53154 15.8869 5
      vertex 16.6646 17.1803 5
      vertex 4.69846 16.2899 5
    endloop
  endfacet
  facet normal -0 0 1
    outer loop
      vertex 12.5233 -1.74552 5
      vertex 18.9283 -16.3563 5
      vertex 12.5237 -1.74487 5
    endloop
  endfacet
  facet normal 0 0 1
    outer loop
      vertex 16.4114 17.6665 5
      vertex 4.82963 16.7059 5
      vertex 16.4815 17.4973 5
    endloop
  endfacet
  facet normal 0 0 1
    outer loop
      vertex 18.9283 -16.3563 5
      vertex 12.5233 -1.74552 5
      vertex 18.7494 -16.3167 5
    endloop
  endfacet
  facet normal 0 0 1
    outer loop
      vertex 4.82963 16.7059 5
      vertex 16.4114 17.6665 5
      vertex 4.92404 17.1318 5
    endloop
  endfacet
  facet normal -0 0 1
    outer loop
      vertex 12.5229 -1.74615 5
      vertex 18.7494 -16.3167 5
      vertex 12.5233 -1.74552 5
    endloop
  endfacet
  facet normal 0 0 1
    outer loop
      vertex 16.3563 17.8413 5
      vertex 4.92404 17.1318 5
      vertex 16.4114 17.6665 5
    endloop
  endfacet
  facet normal -0 0 1
    outer loop
      vertex 12.3597 -2.00238 5
      vertex 18.7494 -16.3167 5
      vertex 12.5229 -1.74615 5
    endloop
  endfacet
  facet normal 0 0 1
    outer loop
      vertex 4.92404 17.1318 5
      vertex 16.3563 17.8413 5
      vertex 4.98097 17.5642 5
    endloop
  endfacet
  facet normal 0 0 1
    outer loop
      vertex 18.7494 -16.3167 5
      vertex 12.3597 -2.00238 5
      vertex 18.5678 -16.2928 5
    endloop
  endfacet
  facet normal 0 0 1
    outer loop
      vertex 16.3167 18.0201 5
      vertex 4.98097 17.5642 5
      vertex 16.3563 17.8413 5
    endloop
  endfacet
  facet normal -0 0 1
    outer loop
      vertex 12.1747 -2.24341 5
      vertex 18.5678 -16.2928 5
      vertex 12.3597 -2.00238 5
    endloop
  endfacet
  facet normal 0 0 1
    outer loop
      vertex 16.2928 18.2017 5
      vertex 4.98097 17.5642 5
      vertex 16.3167 18.0201 5
    endloop
  endfacet
  facet normal -0 0 1
    outer loop
      vertex 12.1743 -2.244 5
      vertex 18.5678 -16.2928 5
      vertex 12.1747 -2.24341 5
    endloop
  endfacet
  facet normal 0 0 1
    outer loop
      vertex 4.98097 17.5642 5
      vertex 16.2928 18.2017 5
      vertex 5 18 5
    endloop
  endfacet
  facet normal 0 0 1
    outer loop
      vertex 18.5678 -16.2928 5
      vertex 12.1743 -2.244 5
      vertex 18.3848 -16.2848 5
    endloop
  endfacet
  facet normal 0 0 1
    outer loop
      vertex 5 18 5
      vertex 16.2928 18.2017 5
      vertex 16.2848 18.3848 5
    endloop
  endfacet
  facet normal -0 0 1
    outer loop
      vertex 11.969 -2.468 5
      vertex 18.3848 -16.2848 5
      vertex 12.1743 -2.244 5
    endloop
  endfacet
  facet normal 0 0 1
    outer loop
      vertex 53.6231 -44.9951 5
      vertex 37.4473 -35.5384 5
      vertex 37.4234 -35.72 5
    endloop
  endfacet
  facet normal -0 0 1
    outer loop
      vertex 37.3287 -36.0736 5
      vertex 53.6231 -44.9951 5
      vertex 37.3838 -35.8989 5
    endloop
  endfacet
  facet normal -0 0 1
    outer loop
      vertex 37.2586 -36.2428 5
      vertex 53.6231 -44.9951 5
      vertex 37.3287 -36.0736 5
    endloop
  endfacet
  facet normal 0 0 1
    outer loop
      vertex 53.6231 -44.9951 5
      vertex 37.174 -36.4053 5
      vertex 49.4975 -49.4975 5
    endloop
  endfacet
  facet normal -0 0 1
    outer loop
      vertex 37.0756 -36.5598 5
      vertex 49.4975 -49.4975 5
      vertex 37.174 -36.4053 5
    endloop
  endfacet
  facet normal -0 0 1
    outer loop
      vertex 36.964 -36.7052 5
      vertex 49.4975 -49.4975 5
      vertex 37.0756 -36.5598 5
    endloop
  endfacet
  facet normal -0 0 1
    outer loop
      vertex 36.8403 -36.8403 5
      vertex 49.4975 -49.4975 5
      vertex 36.964 -36.7052 5
    endloop
  endfacet
  facet normal -0 0 1
    outer loop
      vertex 36.7052 -36.964 5
      vertex 49.4975 -49.4975 5
      vertex 36.8403 -36.8403 5
    endloop
  endfacet
  facet normal -0 0 1
    outer loop
      vertex 36.5598 -37.0756 5
      vertex 49.4975 -49.4975 5
      vertex 36.7052 -36.964 5
    endloop
  endfacet
  facet normal -0 0 1
    outer loop
      vertex 36.4053 -37.174 5
      vertex 49.4975 -49.4975 5
      vertex 36.5598 -37.0756 5
    endloop
  endfacet
  facet normal 0 0 1
    outer loop
      vertex 49.4975 -49.4975 5
      vertex 36.4053 -37.174 5
      vertex 44.9951 -53.6231 5
    endloop
  endfacet
  facet normal -0 0 1
    outer loop
      vertex 36.2428 -37.2586 5
      vertex 44.9951 -53.6231 5
      vertex 36.4053 -37.174 5
    endloop
  endfacet
  facet normal -0 0 1
    outer loop
      vertex 36.0736 -37.3287 5
      vertex 44.9951 -53.6231 5
      vertex 36.2428 -37.2586 5
    endloop
  endfacet
  facet normal -0 0 1
    outer loop
      vertex 35.8989 -37.3838 5
      vertex 44.9951 -53.6231 5
      vertex 36.0736 -37.3287 5
    endloop
  endfacet
  facet normal -0 0 1
    outer loop
      vertex 35.72 -37.4234 5
      vertex 44.9951 -53.6231 5
      vertex 35.8989 -37.3838 5
    endloop
  endfacet
  facet normal -0 0 1
    outer loop
      vertex 35.5384 -37.4473 5
      vertex 44.9951 -53.6231 5
      vertex 35.72 -37.4234 5
    endloop
  endfacet
  facet normal 0 0 1
    outer loop
      vertex 44.9951 -53.6231 5
      vertex 35.5384 -37.4473 5
      vertex 40.1503 -57.3406 5
    endloop
  endfacet
  facet normal -0 0 1
    outer loop
      vertex 35.3553 -37.4553 5
      vertex 40.1503 -57.3406 5
      vertex 35.5384 -37.4473 5
    endloop
  endfacet
  facet normal 0 0 1
    outer loop
      vertex 35.1723 -37.4473 5
      vertex 40.1503 -57.3406 5
      vertex 35.3553 -37.4553 5
    endloop
  endfacet
  facet normal 0 0 1
    outer loop
      vertex 34.9907 -37.4234 5
      vertex 40.1503 -57.3406 5
      vertex 35.1723 -37.4473 5
    endloop
  endfacet
  facet normal 0 0 1
    outer loop
      vertex 34.8118 -37.3838 5
      vertex 40.1503 -57.3406 5
      vertex 34.9907 -37.4234 5
    endloop
  endfacet
  facet normal 0 0 1
    outer loop
      vertex 40.1503 -57.3406 5
      vertex 34.8118 -37.3838 5
      vertex 35 -60.6218 5
    endloop
  endfacet
  facet normal 0 0 1
    outer loop
      vertex 34.6371 -37.3287 5
      vertex 35 -60.6218 5
      vertex 34.8118 -37.3838 5
    endloop
  endfacet
  facet normal 0 0 1
    outer loop
      vertex 34.4678 -37.2586 5
      vertex 35 -60.6218 5
      vertex 34.6371 -37.3287 5
    endloop
  endfacet
  facet normal 0 0 1
    outer loop
      vertex 34.3053 -37.174 5
      vertex 35 -60.6218 5
      vertex 34.4678 -37.2586 5
    endloop
  endfacet
  facet normal 0 0 1
    outer loop
      vertex 34.1508 -37.0756 5
      vertex 35 -60.6218 5
      vertex 34.3053 -37.174 5
    endloop
  endfacet
  facet normal 0 0 1
    outer loop
      vertex 29.5833 -63.4415 5
      vertex 34.1508 -37.0756 5
      vertex 34.0055 -36.964 5
    endloop
  endfacet
  facet normal 0 0 1
    outer loop
      vertex 29.5833 -63.4415 5
      vertex 34.0055 -36.964 5
      vertex 33.8704 -36.8403 5
    endloop
  endfacet
  facet normal 0 0 1
    outer loop
      vertex 34.1508 -37.0756 5
      vertex 29.5833 -63.4415 5
      vertex 35 -60.6218 5
    endloop
  endfacet
  facet normal 0 0 1
    outer loop
      vertex 33.8704 -36.8403 5
      vertex 23.9414 -65.7785 5
      vertex 29.5833 -63.4415 5
    endloop
  endfacet
  facet normal 0 0 1
    outer loop
      vertex 33.8704 -36.8403 5
      vertex 18.1173 -67.6148 5
      vertex 23.9414 -65.7785 5
    endloop
  endfacet
  facet normal -0 0 1
    outer loop
      vertex 2.5 -22.3301 5
      vertex 33.8704 -36.8403 5
      vertex 16.8999 -19.8697 5
    endloop
  endfacet
  facet normal 0 0 1
    outer loop
      vertex 4.09576 -20.8679 5
      vertex 16.8999 -19.8697 5
      vertex 16.7761 -19.7346 5
    endloop
  endfacet
  facet normal 0 0 1
    outer loop
      vertex 4.33013 -20.5 5
      vertex 16.7761 -19.7346 5
      vertex 16.6646 -19.5893 5
    endloop
  endfacet
  facet normal 0 0 1
    outer loop
      vertex 4.53154 -20.1131 5
      vertex 16.6646 -19.5893 5
      vertex 16.5661 -19.4348 5
    endloop
  endfacet
  facet normal 0 0 1
    outer loop
      vertex 4.53154 -20.1131 5
      vertex 16.5661 -19.4348 5
      vertex 16.4815 -19.2723 5
    endloop
  endfacet
  facet normal 0 0 1
    outer loop
      vertex 4.69846 -19.7101 5
      vertex 16.4815 -19.2723 5
      vertex 16.4114 -19.103 5
    endloop
  endfacet
  facet normal 0 0 1
    outer loop
      vertex 4.82963 -19.2941 5
      vertex 16.4114 -19.103 5
      vertex 16.3563 -18.9283 5
    endloop
  endfacet
  facet normal -0 0 1
    outer loop
      vertex 4.92404 -18.8682 5
      vertex 16.3563 -18.9283 5
      vertex 16.3167 -18.7494 5
    endloop
  endfacet
  facet normal 0 0 1
    outer loop
      vertex 4.92404 -18.8682 5
      vertex 16.3167 -18.7494 5
      vertex 16.2928 -18.5678 5
    endloop
  endfacet
  facet normal -0 0 1
    outer loop
      vertex 4.98097 -18.4358 5
      vertex 16.2928 -18.5678 5
      vertex 16.2848 -18.3848 5
    endloop
  endfacet
  facet normal 0 0 1
    outer loop
      vertex 18.3848 -16.2848 5
      vertex 11.9685 -2.46854 5
      vertex 18.2017 -16.2928 5
    endloop
  endfacet
  facet normal -0 0 1
    outer loop
      vertex 11.968 -2.46904 5
      vertex 18.2017 -16.2928 5
      vertex 11.9685 -2.46854 5
    endloop
  endfacet
  facet normal -0 0 1
    outer loop
      vertex 11.744 -2.6743 5
      vertex 18.2017 -16.2928 5
      vertex 11.968 -2.46904 5
    endloop
  endfacet
  facet normal 0 0 1
    outer loop
      vertex 18.2017 -16.2928 5
      vertex 11.744 -2.6743 5
      vertex 18.0201 -16.3167 5
    endloop
  endfacet
  facet normal -0 0 1
    outer loop
      vertex 11.7434 -2.67474 5
      vertex 18.0201 -16.3167 5
      vertex 11.744 -2.6743 5
    endloop
  endfacet
  facet normal 0 0 1
    outer loop
      vertex 18.0201 -16.3167 5
      vertex 11.7434 -2.67474 5
      vertex 17.8413 -16.3563 5
    endloop
  endfacet
  facet normal -0 0 1
    outer loop
      vertex 11.5024 -2.8597 5
      vertex 17.8413 -16.3563 5
      vertex 11.7434 -2.67474 5
    endloop
  endfacet
  facet normal 0 0 1
    outer loop
      vertex 17.8413 -16.3563 5
      vertex 11.5024 -2.8597 5
      vertex 17.6665 -16.4114 5
    endloop
  endfacet
  facet normal -0 0 1
    outer loop
      vertex 11.2461 -3.02294 5
      vertex 17.6665 -16.4114 5
      vertex 11.5024 -2.8597 5
    endloop
  endfacet
  facet normal -0 0 1
    outer loop
      vertex 11.2455 -3.02333 5
      vertex 17.6665 -16.4114 5
      vertex 11.2461 -3.02294 5
    endloop
  endfacet
  facet normal 0 0 1
    outer loop
      vertex 17.6665 -16.4114 5
      vertex 11.2455 -3.02333 5
      vertex 17.4973 -16.4815 5
    endloop
  endfacet
  facet normal -0 0 1
    outer loop
      vertex 11.2449 -3.02367 5
      vertex 17.4973 -16.4815 5
      vertex 11.2455 -3.02333 5
    endloop
  endfacet
  facet normal -0 0 1
    outer loop
      vertex 10.9754 -3.16396 5
      vertex 17.4973 -16.4815 5
      vertex 11.2449 -3.02367 5
    endloop
  endfacet
  facet normal 0 0 1
    outer loop
      vertex 17.4973 -16.4815 5
      vertex 10.9754 -3.16396 5
      vertex 17.3348 -16.5661 5
    endloop
  endfacet
  facet normal -0 0 1
    outer loop
      vertex 10.9747 -3.16424 5
      vertex 17.3348 -16.5661 5
      vertex 10.9754 -3.16396 5
    endloop
  endfacet
  facet normal -0 0 1
    outer loop
      vertex 10.694 -3.28051 5
      vertex 17.3348 -16.5661 5
      vertex 10.9747 -3.16424 5
    endloop
  endfacet
  facet normal 0 0 1
    outer loop
      vertex 17.3348 -16.5661 5
      vertex 10.694 -3.28051 5
      vertex 17.1803 -16.6646 5
    endloop
  endfacet
  facet normal 0 0 1
    outer loop
      vertex 16.4114 -19.103 5
      vertex 4.82963 -19.2941 5
      vertex 4.69846 -19.7101 5
    endloop
  endfacet
  facet normal -0 0 1
    outer loop
      vertex 10.6933 -3.28073 5
      vertex 17.1803 -16.6646 5
      vertex 10.694 -3.28051 5
    endloop
  endfacet
  facet normal -0 0 1
    outer loop
      vertex 10.4035 -3.37209 5
      vertex 17.1803 -16.6646 5
      vertex 10.6933 -3.28073 5
    endloop
  endfacet
  facet normal 0 0 1
    outer loop
      vertex 17.1803 -16.6646 5
      vertex 10.4035 -3.37209 5
      vertex 17.0349 -16.7761 5
    endloop
  endfacet
  facet normal -0 0 1
    outer loop
      vertex 10.1069 -3.43785 5
      vertex 17.0349 -16.7761 5
      vertex 10.4035 -3.37209 5
    endloop
  endfacet
  facet normal -0 0 1
    outer loop
      vertex 10.1062 -3.43801 5
      vertex 17.0349 -16.7761 5
      vertex 10.1069 -3.43785 5
    endloop
  endfacet
  facet normal 0 0 1
    outer loop
      vertex 17.0349 -16.7761 5
      vertex 10.1062 -3.43801 5
      vertex 16.8999 -16.8999 5
    endloop
  endfacet
  facet normal -0 0 1
    outer loop
      vertex 10.1055 -3.4381 5
      vertex 16.8999 -16.8999 5
      vertex 10.1062 -3.43801 5
    endloop
  endfacet
  facet normal -0 0 1
    outer loop
      vertex 9.80426 -3.47776 5
      vertex 16.8999 -16.8999 5
      vertex 10.1055 -3.4381 5
    endloop
  endfacet
  facet normal 0 0 1
    outer loop
      vertex 16.8999 -16.8999 5
      vertex 9.80426 -3.47776 5
      vertex 16.7761 -17.0349 5
    endloop
  endfacet
  facet normal 0 0 1
    outer loop
      vertex 5 -18 5
      vertex 16.7761 -17.0349 5
      vertex 9.80426 -3.47776 5
    endloop
  endfacet
  facet normal 0 0 1
    outer loop
      vertex 16.7761 -17.0349 5
      vertex 5 -18 5
      vertex 16.6646 -17.1803 5
    endloop
  endfacet
  facet normal 0 0 1
    outer loop
      vertex 16.6646 -17.1803 5
      vertex 5 -18 5
      vertex 16.5661 -17.3348 5
    endloop
  endfacet
  facet normal 0 0 1
    outer loop
      vertex 16.5661 -17.3348 5
      vertex 5 -18 5
      vertex 16.4815 -17.4973 5
    endloop
  endfacet
  facet normal 0 0 1
    outer loop
      vertex 16.4815 -17.4973 5
      vertex 5 -18 5
      vertex 16.4114 -17.6665 5
    endloop
  endfacet
  facet normal 0 0 1
    outer loop
      vertex 16.4114 -17.6665 5
      vertex 5 -18 5
      vertex 16.3563 -17.8413 5
    endloop
  endfacet
  facet normal 0 0 1
    outer loop
      vertex 16.3563 -17.8413 5
      vertex 5 -18 5
      vertex 16.3167 -18.0201 5
    endloop
  endfacet
  facet normal 0 0 1
    outer loop
      vertex 16.3167 -18.0201 5
      vertex 5 -18 5
      vertex 16.2928 -18.2017 5
    endloop
  endfacet
  facet normal 0 0 1
    outer loop
      vertex 16.2928 -18.2017 5
      vertex 5 -18 5
      vertex 16.2848 -18.3848 5
    endloop
  endfacet
  facet normal 0 0 1
    outer loop
      vertex 5 -18 5
      vertex 9.80426 -3.47776 5
      vertex 9.80353 -3.47779 5
    endloop
  endfacet
  facet normal 0 0 1
    outer loop
      vertex 5 -18 5
      vertex 9.80353 -3.47779 5
      vertex 9.5 -3.49105 5
    endloop
  endfacet
  facet normal 0 0 1
    outer loop
      vertex 5 -18 5
      vertex 9.5 -3.49105 5
      vertex 9.19647 -3.47779 5
    endloop
  endfacet
  facet normal 0 0 1
    outer loop
      vertex 5 -18 5
      vertex 9.19647 -3.47779 5
      vertex 9.19574 -3.47776 5
    endloop
  endfacet
  facet normal 0 0 1
    outer loop
      vertex 5 -18 5
      vertex 9.19574 -3.47776 5
      vertex 8.89452 -3.4381 5
    endloop
  endfacet
  facet normal 0 0 1
    outer loop
      vertex 5 -18 5
      vertex 8.89452 -3.4381 5
      vertex 8.89379 -3.43801 5
    endloop
  endfacet
  facet normal 0 0 1
    outer loop
      vertex 5 -18 5
      vertex 8.89379 -3.43801 5
      vertex 8.89307 -3.43785 5
    endloop
  endfacet
  facet normal 0 0 1
    outer loop
      vertex 5 -18 5
      vertex 8.89307 -3.43785 5
      vertex 8.59645 -3.37209 5
    endloop
  endfacet
  facet normal 0 0 1
    outer loop
      vertex 5 -18 5
      vertex 8.59645 -3.37209 5
      vertex 8.3067 -3.28073 5
    endloop
  endfacet
  facet normal 0 0 1
    outer loop
      vertex 5 -18 5
      vertex 8.3067 -3.28073 5
      vertex 8.30599 -3.28051 5
    endloop
  endfacet
  facet normal 0 0 1
    outer loop
      vertex 5 -18 5
      vertex 8.30599 -3.28051 5
      vertex 8.0253 -3.16424 5
    endloop
  endfacet
  facet normal 0 0 1
    outer loop
      vertex 5 -18 5
      vertex 8.0253 -3.16424 5
      vertex 8.02462 -3.16396 5
    endloop
  endfacet
  facet normal 0 0 1
    outer loop
      vertex 5 -18 5
      vertex 8.02462 -3.16396 5
      vertex 7.75513 -3.02367 5
    endloop
  endfacet
  facet normal 0 0 1
    outer loop
      vertex 5 -18 5
      vertex 7.75513 -3.02367 5
      vertex 7.75448 -3.02333 5
    endloop
  endfacet
  facet normal 0 0 1
    outer loop
      vertex 5 -18 5
      vertex 7.75448 -3.02333 5
      vertex 7.75386 -3.02294 5
    endloop
  endfacet
  facet normal 0 0 1
    outer loop
      vertex 5 -18 5
      vertex 7.75386 -3.02294 5
      vertex 7.49762 -2.8597 5
    endloop
  endfacet
  facet normal 0 0 1
    outer loop
      vertex 5 -18 5
      vertex 7.49762 -2.8597 5
      vertex 7.25659 -2.67474 5
    endloop
  endfacet
  facet normal 0 0 1
    outer loop
      vertex 5 -18 5
      vertex 7.25659 -2.67474 5
      vertex 7.256 -2.6743 5
    endloop
  endfacet
  facet normal 0 0 1
    outer loop
      vertex 5 -18 5
      vertex 7.256 -2.6743 5
      vertex 7.032 -2.46904 5
    endloop
  endfacet
  facet normal 0 0 1
    outer loop
      vertex 5 -18 5
      vertex 7.032 -2.46904 5
      vertex 7.03146 -2.46854 5
    endloop
  endfacet
  facet normal 0 0 1
    outer loop
      vertex 5 -18 5
      vertex 7.03146 -2.46854 5
      vertex 7.03096 -2.468 5
    endloop
  endfacet
  facet normal 0 0 1
    outer loop
      vertex 5 -18 5
      vertex 7.03096 -2.468 5
      vertex 6.8257 -2.244 5
    endloop
  endfacet
  facet normal 0 0 1
    outer loop
      vertex 5 -18 5
      vertex 6.8257 -2.244 5
      vertex 6.82526 -2.24341 5
    endloop
  endfacet
  facet normal 0 0 1
    outer loop
      vertex 5 -18 5
      vertex 6.82526 -2.24341 5
      vertex 6.6403 -2.00238 5
    endloop
  endfacet
  facet normal 0 0 1
    outer loop
      vertex 5 -18 5
      vertex 6.6403 -2.00238 5
      vertex 6.47706 -1.74615 5
    endloop
  endfacet
  facet normal 0 0 1
    outer loop
      vertex 5 -18 5
      vertex 6.47706 -1.74615 5
      vertex 6.47667 -1.74552 5
    endloop
  endfacet
  facet normal 0 0 1
    outer loop
      vertex 5 -18 5
      vertex 6.47667 -1.74552 5
      vertex 6.47633 -1.74487 5
    endloop
  endfacet
  facet normal 0 0 1
    outer loop
      vertex 5 -18 5
      vertex 6.47633 -1.74487 5
      vertex 6.33604 -1.47538 5
    endloop
  endfacet
  facet normal 0 0 1
    outer loop
      vertex 5 -18 5
      vertex 6.33604 -1.47538 5
      vertex 6.33576 -1.4747 5
    endloop
  endfacet
  facet normal 0 0 1
    outer loop
      vertex 5 -18 5
      vertex 6.33576 -1.4747 5
      vertex 6.21949 -1.19401 5
    endloop
  endfacet
  facet normal 0 0 1
    outer loop
      vertex 5 -18 5
      vertex 6.21949 -1.19401 5
      vertex 6.21927 -1.1933 5
    endloop
  endfacet
  facet normal 0 0 1
    outer loop
      vertex 5 -18 5
      vertex 6.21927 -1.1933 5
      vertex 6.12791 -0.903549 5
    endloop
  endfacet
  facet normal 0 0 1
    outer loop
      vertex 16.2848 -18.3848 5
      vertex 5 -18 5
      vertex 4.98097 -18.4358 5
    endloop
  endfacet
  facet normal 0 0 1
    outer loop
      vertex 5 -18 5
      vertex 6.12791 -0.903549 5
      vertex 6.06215 -0.606933 5
    endloop
  endfacet
  facet normal 0 0 1
    outer loop
      vertex 5 -18 5
      vertex 6.06215 -0.606933 5
      vertex 6.06199 -0.606213 5
    endloop
  endfacet
  facet normal 0 0 1
    outer loop
      vertex 5 -18 5
      vertex 6.06199 -0.606213 5
      vertex 6.0619 -0.605482 5
    endloop
  endfacet
  facet normal 0 0 1
    outer loop
      vertex 5 -18 5
      vertex 6.0619 -0.605482 5
      vertex 6.02224 -0.304264 5
    endloop
  endfacet
  facet normal 0 0 1
    outer loop
      vertex 5 -18 5
      vertex 6.02224 -0.304264 5
      vertex 6.02221 -0.303527 5
    endloop
  endfacet
  facet normal 0 0 1
    outer loop
      vertex 5 -18 5
      vertex 6.02221 -0.303527 5
      vertex 6.00895 0 5
    endloop
  endfacet
  facet normal 0 0 1
    outer loop
      vertex 7.03096 2.468 5
      vertex 2.12132 2.12132 5
      vertex 6.8257 2.244 5
    endloop
  endfacet
  facet normal 0 0 1
    outer loop
      vertex 16.2928 -18.5678 5
      vertex 4.98097 -18.4358 5
      vertex 4.92404 -18.8682 5
    endloop
  endfacet
  facet normal 0 0 1
    outer loop
      vertex 16.3563 -18.9283 5
      vertex 4.92404 -18.8682 5
      vertex 4.82963 -19.2941 5
    endloop
  endfacet
  facet normal 0 0 1
    outer loop
      vertex 16.4815 -19.2723 5
      vertex 4.69846 -19.7101 5
      vertex 4.53154 -20.1131 5
    endloop
  endfacet
  facet normal 0 0 1
    outer loop
      vertex 16.6646 -19.5893 5
      vertex 4.53154 -20.1131 5
      vertex 4.33013 -20.5 5
    endloop
  endfacet
  facet normal 0 0 1
    outer loop
      vertex 16.7761 -19.7346 5
      vertex 4.33013 -20.5 5
      vertex 4.09576 -20.8679 5
    endloop
  endfacet
  facet normal 0 0 1
    outer loop
      vertex 16.8999 -19.8697 5
      vertex 4.09576 -20.8679 5
      vertex 3.83022 -21.2139 5
    endloop
  endfacet
  facet normal 0 0 1
    outer loop
      vertex 16.8999 -19.8697 5
      vertex 3.83022 -21.2139 5
      vertex 3.53553 -21.5355 5
    endloop
  endfacet
  facet normal 0 0 1
    outer loop
      vertex 16.8999 -19.8697 5
      vertex 3.53553 -21.5355 5
      vertex 3.21394 -21.8302 5
    endloop
  endfacet
  facet normal 0 0 1
    outer loop
      vertex 16.8999 -19.8697 5
      vertex 3.21394 -21.8302 5
      vertex 2.86788 -22.0958 5
    endloop
  endfacet
  facet normal 0 0 1
    outer loop
      vertex 16.8999 -19.8697 5
      vertex 2.86788 -22.0958 5
      vertex 2.5 -22.3301 5
    endloop
  endfacet
  facet normal -0 0 1
    outer loop
      vertex 2.11309 -22.5315 5
      vertex 33.8704 -36.8403 5
      vertex 2.5 -22.3301 5
    endloop
  endfacet
  facet normal 0 0 1
    outer loop
      vertex 33.8704 -36.8403 5
      vertex 2.11309 -22.5315 5
      vertex 18.1173 -67.6148 5
    endloop
  endfacet
  facet normal -0 0 1
    outer loop
      vertex 1.7101 -22.6985 5
      vertex 18.1173 -67.6148 5
      vertex 2.11309 -22.5315 5
    endloop
  endfacet
  facet normal 0 0 1
    outer loop
      vertex 18.1173 -67.6148 5
      vertex 1.7101 -22.6985 5
      vertex 12.1554 -68.9365 5
    endloop
  endfacet
  facet normal -0 0 1
    outer loop
      vertex 1.2941 -22.8296 5
      vertex 12.1554 -68.9365 5
      vertex 1.7101 -22.6985 5
    endloop
  endfacet
  facet normal 0 0 1
    outer loop
      vertex 12.1554 -68.9365 5
      vertex 1.2941 -22.8296 5
      vertex 6.1009 -69.7336 5
    endloop
  endfacet
  facet normal -0 0 1
    outer loop
      vertex 0.86824 -22.924 5
      vertex 6.1009 -69.7336 5
      vertex 1.2941 -22.8296 5
    endloop
  endfacet
  facet normal -0 0 1
    outer loop
      vertex 0.435779 -22.981 5
      vertex 6.1009 -69.7336 5
      vertex 0.86824 -22.924 5
    endloop
  endfacet
  facet normal 0 0 1
    outer loop
      vertex 0 -70 5
      vertex 0.435779 -22.981 5
      vertex 0 -23 5
    endloop
  endfacet
  facet normal 0 0 1
    outer loop
      vertex 0.435779 -22.981 5
      vertex 0 -70 5
      vertex 6.1009 -69.7336 5
    endloop
  endfacet
  facet normal 0 0 1
    outer loop
      vertex -0.435779 -22.981 5
      vertex 0 -70 5
      vertex 0 -23 5
    endloop
  endfacet
  facet normal 0 0 1
    outer loop
      vertex -6.1009 -69.7336 5
      vertex -0.435779 -22.981 5
      vertex -0.86824 -22.924 5
    endloop
  endfacet
  facet normal 0 0 1
    outer loop
      vertex -6.1009 -69.7336 5
      vertex -0.86824 -22.924 5
      vertex -1.2941 -22.8296 5
    endloop
  endfacet
  facet normal 0 0 1
    outer loop
      vertex -12.1554 -68.9365 5
      vertex -1.2941 -22.8296 5
      vertex -1.7101 -22.6985 5
    endloop
  endfacet
  facet normal 0 0 1
    outer loop
      vertex -12.1554 -68.9365 5
      vertex -1.7101 -22.6985 5
      vertex -2.11309 -22.5315 5
    endloop
  endfacet
  facet normal 0 0 1
    outer loop
      vertex -12.1554 -68.9365 5
      vertex -2.11309 -22.5315 5
      vertex -2.5 -22.3301 5
    endloop
  endfacet
  facet normal -0 0 1
    outer loop
      vertex -16.6646 -19.5893 5
      vertex -4.53154 -20.1131 5
      vertex -16.5661 -19.4348 5
    endloop
  endfacet
  facet normal -0 0 1
    outer loop
      vertex -16.5661 -19.4348 5
      vertex -4.53154 -20.1131 5
      vertex -16.4815 -19.2723 5
    endloop
  endfacet
  facet normal 0 0 1
    outer loop
      vertex -4.69846 -19.7101 5
      vertex -16.4815 -19.2723 5
      vertex -4.53154 -20.1131 5
    endloop
  endfacet
  facet normal -0 0 1
    outer loop
      vertex -16.4815 -19.2723 5
      vertex -4.69846 -19.7101 5
      vertex -16.4114 -19.103 5
    endloop
  endfacet
  facet normal 0 0 1
    outer loop
      vertex -4.82963 -19.2941 5
      vertex -16.4114 -19.103 5
      vertex -4.69846 -19.7101 5
    endloop
  endfacet
  facet normal -0 0 1
    outer loop
      vertex -16.4114 -19.103 5
      vertex -4.82963 -19.2941 5
      vertex -16.3563 -18.9283 5
    endloop
  endfacet
  facet normal 0 0 1
    outer loop
      vertex -4.92404 -18.8682 5
      vertex -16.3563 -18.9283 5
      vertex -4.82963 -19.2941 5
    endloop
  endfacet
  facet normal 0 0 1
    outer loop
      vertex -16.3563 -18.9283 5
      vertex -4.92404 -18.8682 5
      vertex -16.3167 -18.7494 5
    endloop
  endfacet
  facet normal -0 0 1
    outer loop
      vertex -16.3167 -18.7494 5
      vertex -4.92404 -18.8682 5
      vertex -16.2928 -18.5678 5
    endloop
  endfacet
  facet normal 0 0 1
    outer loop
      vertex -16.2928 -18.5678 5
      vertex -4.98097 -18.4358 5
      vertex -16.2848 -18.3848 5
    endloop
  endfacet
  facet normal 0 0 1
    outer loop
      vertex -5 -18 5
      vertex -16.2848 -18.3848 5
      vertex -4.98097 -18.4358 5
    endloop
  endfacet
  facet normal 0 0 1
    outer loop
      vertex -4.33013 -15.5 5
      vertex -5.94401 -11.5078 5
      vertex -4.53154 -15.8869 5
    endloop
  endfacet
  facet normal 0 0 1
    outer loop
      vertex -5.94469 -11.5075 5
      vertex -4.53154 -15.8869 5
      vertex -5.94401 -11.5078 5
    endloop
  endfacet
  facet normal 0 0 1
    outer loop
      vertex -6.22538 -11.3912 5
      vertex -4.53154 -15.8869 5
      vertex -5.94469 -11.5075 5
    endloop
  endfacet
  facet normal 0 0 1
    outer loop
      vertex -6.22603 -11.3909 5
      vertex -4.53154 -15.8869 5
      vertex -6.22538 -11.3912 5
    endloop
  endfacet
  facet normal 0 0 1
    outer loop
      vertex -4.53154 -15.8869 5
      vertex -6.22603 -11.3909 5
      vertex -4.69846 -16.2899 5
    endloop
  endfacet
  facet normal 0 0 1
    outer loop
      vertex -6.49552 -11.2506 5
      vertex -4.69846 -16.2899 5
      vertex -6.22603 -11.3909 5
    endloop
  endfacet
  facet normal 0 0 1
    outer loop
      vertex -6.75176 -11.0873 5
      vertex -4.69846 -16.2899 5
      vertex -6.49552 -11.2506 5
    endloop
  endfacet
  facet normal 0 0 1
    outer loop
      vertex -4.69846 -16.2899 5
      vertex -6.75176 -11.0873 5
      vertex -4.82963 -16.7059 5
    endloop
  endfacet
  facet normal 0 0 1
    outer loop
      vertex -6.75238 -11.0869 5
      vertex -4.82963 -16.7059 5
      vertex -6.75176 -11.0873 5
    endloop
  endfacet
  facet normal 0 0 1
    outer loop
      vertex -0.435779 -22.981 5
      vertex -6.1009 -69.7336 5
      vertex 0 -70 5
    endloop
  endfacet
  facet normal 0 0 1
    outer loop
      vertex -6.99341 -10.902 5
      vertex -4.82963 -16.7059 5
      vertex -6.75238 -11.0869 5
    endloop
  endfacet
  facet normal 0 0 1
    outer loop
      vertex -6.994 -10.9015 5
      vertex -4.82963 -16.7059 5
      vertex -6.99341 -10.902 5
    endloop
  endfacet
  facet normal 0 0 1
    outer loop
      vertex -4.82963 -16.7059 5
      vertex -6.994 -10.9015 5
      vertex -4.92404 -17.1318 5
    endloop
  endfacet
  facet normal 0 0 1
    outer loop
      vertex -16.2848 -18.3848 5
      vertex -6.994 -10.9015 5
      vertex -6.99454 -10.901 5
    endloop
  endfacet
  facet normal 0 0 1
    outer loop
      vertex -16.2848 -18.3848 5
      vertex -6.99454 -10.901 5
      vertex -7.21854 -10.6958 5
    endloop
  endfacet
  facet normal 0 0 1
    outer loop
      vertex -6.994 -10.9015 5
      vertex -16.2848 -18.3848 5
      vertex -4.92404 -17.1318 5
    endloop
  endfacet
  facet normal 0 0 1
    outer loop
      vertex -16.2848 -18.3848 5
      vertex -7.21854 -10.6958 5
      vertex -7.4238 -10.4718 5
    endloop
  endfacet
  facet normal 0 0 1
    outer loop
      vertex -16.2848 -18.3848 5
      vertex -7.4238 -10.4718 5
      vertex -7.42429 -10.4712 5
    endloop
  endfacet
  facet normal 0 0 1
    outer loop
      vertex -4.92404 -17.1318 5
      vertex -16.2848 -18.3848 5
      vertex -4.98097 -17.5642 5
    endloop
  endfacet
  facet normal 0 0 1
    outer loop
      vertex -16.2848 -18.3848 5
      vertex -7.42429 -10.4712 5
      vertex -7.60925 -10.2302 5
    endloop
  endfacet
  facet normal 0 0 1
    outer loop
      vertex -16.2848 -18.3848 5
      vertex -7.60925 -10.2302 5
      vertex -7.6097 -10.2296 5
    endloop
  endfacet
  facet normal 0 0 1
    outer loop
      vertex -4.98097 -17.5642 5
      vertex -16.2848 -18.3848 5
      vertex -5 -18 5
    endloop
  endfacet
  facet normal 0 0 1
    outer loop
      vertex -16.2848 -18.3848 5
      vertex -7.6097 -10.2296 5
      vertex -7.77294 -9.97339 5
    endloop
  endfacet
  facet normal 0 0 1
    outer loop
      vertex -16.2848 -18.3848 5
      vertex -7.77294 -9.97339 5
      vertex -7.77333 -9.97276 5
    endloop
  endfacet
  facet normal 0 0 1
    outer loop
      vertex -16.2848 -18.3848 5
      vertex -7.77333 -9.97276 5
      vertex -7.77367 -9.97211 5
    endloop
  endfacet
  facet normal 0 0 1
    outer loop
      vertex -16.2848 -18.3848 5
      vertex -7.77367 -9.97211 5
      vertex -7.91396 -9.70262 5
    endloop
  endfacet
  facet normal 0 0 1
    outer loop
      vertex -4.98097 -18.4358 5
      vertex -16.2928 -18.5678 5
      vertex -4.92404 -18.8682 5
    endloop
  endfacet
  facet normal 0 0 1
    outer loop
      vertex -16.2848 -18.3848 5
      vertex -7.91396 -9.70262 5
      vertex -8.03023 -9.42193 5
    endloop
  endfacet
  facet normal 0 0 1
    outer loop
      vertex -16.2848 -18.3848 5
      vertex -8.03023 -9.42193 5
      vertex -8.03051 -9.42125 5
    endloop
  endfacet
  facet normal 0 0 1
    outer loop
      vertex -16.2848 -18.3848 5
      vertex -8.03051 -9.42125 5
      vertex -8.12187 -9.13149 5
    endloop
  endfacet
  facet normal 0 0 1
    outer loop
      vertex -16.2848 -18.3848 5
      vertex -8.12187 -9.13149 5
      vertex -8.12209 -9.13079 5
    endloop
  endfacet
  facet normal 0 0 1
    outer loop
      vertex -16.2848 -18.3848 5
      vertex -8.12209 -9.13079 5
      vertex -8.12225 -9.13007 5
    endloop
  endfacet
  facet normal 0 0 1
    outer loop
      vertex -16.2848 -18.3848 5
      vertex -8.12225 -9.13007 5
      vertex -8.18801 -8.83345 5
    endloop
  endfacet
  facet normal 0 0 1
    outer loop
      vertex -8.22776 -8.53151 5
      vertex -16.2848 -18.3848 5
      vertex -8.1881 -8.83272 5
    endloop
  endfacet
  facet normal 0 0 1
    outer loop
      vertex -8.24101 -8.22798 5
      vertex -16.2848 -18.3848 5
      vertex -8.22776 -8.53151 5
    endloop
  endfacet
  facet normal 0 0 1
    outer loop
      vertex -8.24104 -8.22724 5
      vertex -16.2848 -18.3848 5
      vertex -8.24101 -8.22798 5
    endloop
  endfacet
  facet normal 0 0 1
    outer loop
      vertex -8.24101 -8.2265 5
      vertex -16.2848 -18.3848 5
      vertex -8.24104 -8.22724 5
    endloop
  endfacet
  facet normal 0 0 1
    outer loop
      vertex -7.77367 9.97211 5
      vertex -16.8999 16.8999 5
      vertex -7.91396 9.70262 5
    endloop
  endfacet
  facet normal 0 0 1
    outer loop
      vertex -8.1881 -8.83272 5
      vertex -16.2848 -18.3848 5
      vertex -8.18801 -8.83345 5
    endloop
  endfacet
  facet normal 0 0 1
    outer loop
      vertex -1.2941 -22.8296 5
      vertex -12.1554 -68.9365 5
      vertex -6.1009 -69.7336 5
    endloop
  endfacet
  facet normal 0 0 1
    outer loop
      vertex -8.22776 -7.92298 5
      vertex -16.2848 -18.3848 5
      vertex -8.24101 -8.2265 5
    endloop
  endfacet
  facet normal -0 0 1
    outer loop
      vertex -17.0349 16.7761 5
      vertex -7.91396 9.70262 5
      vertex -16.8999 16.8999 5
    endloop
  endfacet
  facet normal 0 0 1
    outer loop
      vertex -12.1554 68.9365 5
      vertex -16.3563 18.9283 5
      vertex -16.3167 18.7494 5
    endloop
  endfacet
  facet normal 0 0 1
    outer loop
      vertex -12.1554 68.9365 5
      vertex -16.4114 19.103 5
      vertex -16.3563 18.9283 5
    endloop
  endfacet
  facet normal 0 0 1
    outer loop
      vertex -12.1554 68.9365 5
      vertex -16.4815 19.2723 5
      vertex -16.4114 19.103 5
    endloop
  endfacet
  facet normal 0 0 1
    outer loop
      vertex -12.1554 68.9365 5
      vertex -16.5661 19.4348 5
      vertex -16.4815 19.2723 5
    endloop
  endfacet
  facet normal 0 0 1
    outer loop
      vertex -12.1554 68.9365 5
      vertex -16.6646 19.5893 5
      vertex -16.5661 19.4348 5
    endloop
  endfacet
  facet normal 0 0 1
    outer loop
      vertex -12.1554 68.9365 5
      vertex -16.7761 19.7346 5
      vertex -16.6646 19.5893 5
    endloop
  endfacet
  facet normal 0 0 1
    outer loop
      vertex -12.1554 68.9365 5
      vertex -16.8999 19.8697 5
      vertex -16.7761 19.7346 5
    endloop
  endfacet
  facet normal 0 0 1
    outer loop
      vertex -33.5556 46.15 5
      vertex -12.1554 68.9365 5
      vertex -18.1173 67.6148 5
    endloop
  endfacet
  facet normal 0 0 1
    outer loop
      vertex -33.5556 46.15 5
      vertex -18.1173 67.6148 5
      vertex -23.9414 65.7785 5
    endloop
  endfacet
  facet normal 0 0 1
    outer loop
      vertex -33.5556 46.15 5
      vertex -23.9414 65.7785 5
      vertex -29.5833 63.4415 5
    endloop
  endfacet
  facet normal 0 0 1
    outer loop
      vertex -33.5556 42.15 5
      vertex -12.1554 68.9365 5
      vertex -33.5556 46.15 5
    endloop
  endfacet
  facet normal 0 0 1
    outer loop
      vertex -12.1554 68.9365 5
      vertex -33.5556 42.15 5
      vertex -16.8999 19.8697 5
    endloop
  endfacet
  facet normal 0 0 1
    outer loop
      vertex -33.5556 42.15 5
      vertex -33.8704 36.8403 5
      vertex -16.8999 19.8697 5
    endloop
  endfacet
  facet normal 0 0 1
    outer loop
      vertex -33.5556 42.15 5
      vertex -34.0055 36.964 5
      vertex -33.8704 36.8403 5
    endloop
  endfacet
  facet normal 0 0 1
    outer loop
      vertex -33.5556 42.15 5
      vertex -34.1508 37.0756 5
      vertex -34.0055 36.964 5
    endloop
  endfacet
  facet normal 0 0 1
    outer loop
      vertex -33.5556 42.15 5
      vertex -34.3053 37.174 5
      vertex -34.1508 37.0756 5
    endloop
  endfacet
  facet normal 0 0 1
    outer loop
      vertex -33.5556 42.15 5
      vertex -34.4678 37.2586 5
      vertex -34.3053 37.174 5
    endloop
  endfacet
  facet normal 0 0 1
    outer loop
      vertex -33.5556 42.15 5
      vertex -34.6371 37.3287 5
      vertex -34.4678 37.2586 5
    endloop
  endfacet
  facet normal 0 0 1
    outer loop
      vertex -33.5556 42.15 5
      vertex -34.8118 37.3838 5
      vertex -34.6371 37.3287 5
    endloop
  endfacet
  facet normal 0 0 1
    outer loop
      vertex -33.5556 42.15 5
      vertex -34.9907 37.4234 5
      vertex -34.8118 37.3838 5
    endloop
  endfacet
  facet normal 0 0 1
    outer loop
      vertex -33.5556 42.15 5
      vertex -35.1723 37.4473 5
      vertex -34.9907 37.4234 5
    endloop
  endfacet
  facet normal 0 0 1
    outer loop
      vertex -33.5556 42.15 5
      vertex -35.3553 37.4553 5
      vertex -35.1723 37.4473 5
    endloop
  endfacet
  facet normal 0 0 1
    outer loop
      vertex -33.5556 42.15 5
      vertex -35.5384 37.4473 5
      vertex -35.3553 37.4553 5
    endloop
  endfacet
  facet normal 0 0 1
    outer loop
      vertex -33.5556 42.15 5
      vertex -35.72 37.4234 5
      vertex -35.5384 37.4473 5
    endloop
  endfacet
  facet normal 0 0 1
    outer loop
      vertex -33.5556 42.15 5
      vertex -35.8989 37.3838 5
      vertex -35.72 37.4234 5
    endloop
  endfacet
  facet normal 0 0 1
    outer loop
      vertex -33.5556 42.15 5
      vertex -36.0736 37.3287 5
      vertex -35.8989 37.3838 5
    endloop
  endfacet
  facet normal 0 0 1
    outer loop
      vertex -33.5556 42.15 5
      vertex -36.2428 37.2586 5
      vertex -36.0736 37.3287 5
    endloop
  endfacet
  facet normal 0 0 1
    outer loop
      vertex -33.5556 42.15 5
      vertex -36.4053 37.174 5
      vertex -36.2428 37.2586 5
    endloop
  endfacet
  facet normal 0 0 1
    outer loop
      vertex -33.5556 42.15 5
      vertex -36.5598 37.0756 5
      vertex -36.4053 37.174 5
    endloop
  endfacet
  facet normal -0 0 1
    outer loop
      vertex -46 42.15 5
      vertex -36.5598 37.0756 5
      vertex -33.5556 42.15 5
    endloop
  endfacet
  facet normal 0 0 1
    outer loop
      vertex -36.5598 37.0756 5
      vertex -46 42.15 5
      vertex -36.7052 36.964 5
    endloop
  endfacet
  facet normal 0 0 1
    outer loop
      vertex -36.7052 36.964 5
      vertex -46 42.15 5
      vertex -36.8403 36.8403 5
    endloop
  endfacet
  facet normal 0 0 1
    outer loop
      vertex -36.8403 36.8403 5
      vertex -46 42.15 5
      vertex -36.964 36.7052 5
    endloop
  endfacet
  facet normal 0 0 1
    outer loop
      vertex -36.964 36.7052 5
      vertex -46 42.15 5
      vertex -37.0756 36.5598 5
    endloop
  endfacet
  facet normal 0 0 1
    outer loop
      vertex -37.4473 35.5384 5
      vertex -46 42.15 5
      vertex -37.4553 35.3553 5
    endloop
  endfacet
  facet normal 0 0 1
    outer loop
      vertex -37.4234 35.72 5
      vertex -46 42.15 5
      vertex -37.4473 35.5384 5
    endloop
  endfacet
  facet normal 0 0 1
    outer loop
      vertex -37.3838 35.8989 5
      vertex -46 42.15 5
      vertex -37.4234 35.72 5
    endloop
  endfacet
  facet normal 0 0 1
    outer loop
      vertex -37.3287 36.0736 5
      vertex -46 42.15 5
      vertex -37.3838 35.8989 5
    endloop
  endfacet
  facet normal 0 0 1
    outer loop
      vertex -37.2586 36.2428 5
      vertex -46 42.15 5
      vertex -37.3287 36.0736 5
    endloop
  endfacet
  facet normal 0 0 1
    outer loop
      vertex -37.174 36.4053 5
      vertex -46 42.15 5
      vertex -37.2586 36.2428 5
    endloop
  endfacet
  facet normal 0 0 1
    outer loop
      vertex -37.0756 36.5598 5
      vertex -46 42.15 5
      vertex -37.174 36.4053 5
    endloop
  endfacet
  facet normal 0 0 1
    outer loop
      vertex 37.4473 35.1723 5
      vertex 46 42.15 5
      vertex 37.4553 35.3553 5
    endloop
  endfacet
  facet normal 0 0 1
    outer loop
      vertex 46 42.15 5
      vertex 37.4473 35.5384 5
      vertex 37.4553 35.3553 5
    endloop
  endfacet
  facet normal 0 0 1
    outer loop
      vertex 46 42.15 5
      vertex 37.4234 35.72 5
      vertex 37.4473 35.5384 5
    endloop
  endfacet
  facet normal 0 0 1
    outer loop
      vertex 46 42.15 5
      vertex 37.3838 35.8989 5
      vertex 37.4234 35.72 5
    endloop
  endfacet
  facet normal 0 0 1
    outer loop
      vertex 46 42.15 5
      vertex 37.3287 36.0736 5
      vertex 37.3838 35.8989 5
    endloop
  endfacet
  facet normal 0 0 1
    outer loop
      vertex 46 42.15 5
      vertex 37.2586 36.2428 5
      vertex 37.3287 36.0736 5
    endloop
  endfacet
  facet normal 0 0 1
    outer loop
      vertex 46 42.15 5
      vertex 37.174 36.4053 5
      vertex 37.2586 36.2428 5
    endloop
  endfacet
  facet normal 0 0 1
    outer loop
      vertex 46 42.15 5
      vertex 37.0756 36.5598 5
      vertex 37.174 36.4053 5
    endloop
  endfacet
  facet normal 0 0 1
    outer loop
      vertex 46 42.15 5
      vertex 36.964 36.7052 5
      vertex 37.0756 36.5598 5
    endloop
  endfacet
  facet normal 0 0 1
    outer loop
      vertex 46 42.15 5
      vertex 36.8403 36.8403 5
      vertex 36.964 36.7052 5
    endloop
  endfacet
  facet normal 0 0 1
    outer loop
      vertex 46 42.15 5
      vertex 36.7052 36.964 5
      vertex 36.8403 36.8403 5
    endloop
  endfacet
  facet normal 0 0 1
    outer loop
      vertex 46 42.15 5
      vertex 36.5598 37.0756 5
      vertex 36.7052 36.964 5
    endloop
  endfacet
  facet normal 0 0 1
    outer loop
      vertex 46 42.15 5
      vertex 36.4053 37.174 5
      vertex 36.5598 37.0756 5
    endloop
  endfacet
  facet normal -0 0 1
    outer loop
      vertex 33.5556 42.15 5
      vertex 36.4053 37.174 5
      vertex 46 42.15 5
    endloop
  endfacet
  facet normal 0 0 1
    outer loop
      vertex 36.4053 37.174 5
      vertex 33.5556 42.15 5
      vertex 36.2428 37.2586 5
    endloop
  endfacet
  facet normal 0 0 1
    outer loop
      vertex 36.2428 37.2586 5
      vertex 33.5556 42.15 5
      vertex 36.0736 37.3287 5
    endloop
  endfacet
  facet normal 0 0 1
    outer loop
      vertex 36.0736 37.3287 5
      vertex 33.5556 42.15 5
      vertex 35.8989 37.3838 5
    endloop
  endfacet
  facet normal 0 0 1
    outer loop
      vertex 35.8989 37.3838 5
      vertex 33.5556 42.15 5
      vertex 35.72 37.4234 5
    endloop
  endfacet
  facet normal 0 0 1
    outer loop
      vertex 35.72 37.4234 5
      vertex 33.5556 42.15 5
      vertex 35.5384 37.4473 5
    endloop
  endfacet
  facet normal 0 0 1
    outer loop
      vertex 35.5384 37.4473 5
      vertex 33.5556 42.15 5
      vertex 35.3553 37.4553 5
    endloop
  endfacet
  facet normal 0 0 1
    outer loop
      vertex 35.3553 37.4553 5
      vertex 33.5556 42.15 5
      vertex 35.1723 37.4473 5
    endloop
  endfacet
  facet normal 0 0 1
    outer loop
      vertex 35.1723 37.4473 5
      vertex 33.5556 42.15 5
      vertex 34.9907 37.4234 5
    endloop
  endfacet
  facet normal 0 0 1
    outer loop
      vertex 34.9907 37.4234 5
      vertex 33.5556 42.15 5
      vertex 34.8118 37.3838 5
    endloop
  endfacet
  facet normal 0 0 1
    outer loop
      vertex 34.8118 37.3838 5
      vertex 33.5556 42.15 5
      vertex 34.6371 37.3287 5
    endloop
  endfacet
  facet normal 0 0 1
    outer loop
      vertex 34.6371 37.3287 5
      vertex 33.5556 42.15 5
      vertex 34.4678 37.2586 5
    endloop
  endfacet
  facet normal 0 0 1
    outer loop
      vertex 33.5556 42.15 5
      vertex 34.3053 37.174 5
      vertex 34.4678 37.2586 5
    endloop
  endfacet
  facet normal 0 0 1
    outer loop
      vertex 33.5556 42.15 5
      vertex 34.1508 37.0756 5
      vertex 34.3053 37.174 5
    endloop
  endfacet
  facet normal 0 0 1
    outer loop
      vertex 33.5556 42.15 5
      vertex 34.0055 36.964 5
      vertex 34.1508 37.0756 5
    endloop
  endfacet
  facet normal 0 0 1
    outer loop
      vertex 33.5556 42.15 5
      vertex 33.8704 36.8403 5
      vertex 34.0055 36.964 5
    endloop
  endfacet
  facet normal 0 0 1
    outer loop
      vertex 18.1173 67.6148 5
      vertex 33.5556 46.15 5
      vertex 23.9414 65.7785 5
    endloop
  endfacet
  facet normal 0 0 1
    outer loop
      vertex 12.1554 68.9365 5
      vertex 33.5556 46.15 5
      vertex 18.1173 67.6148 5
    endloop
  endfacet
  facet normal 0 0 1
    outer loop
      vertex 33.5556 46.15 5
      vertex 1.7101 22.6985 5
      vertex 33.5556 42.15 5
    endloop
  endfacet
  facet normal 0 -0 1
    outer loop
      vertex 2.5 22.3301 5
      vertex 33.5556 42.15 5
      vertex 2.11309 22.5315 5
    endloop
  endfacet
  facet normal 0 0 1
    outer loop
      vertex 33.5556 42.15 5
      vertex 16.8999 19.8697 5
      vertex 33.8704 36.8403 5
    endloop
  endfacet
  facet normal -0 -0 1
    outer loop
      vertex 2.86788 22.0958 5
      vertex 16.8999 19.8697 5
      vertex 2.5 22.3301 5
    endloop
  endfacet
  facet normal -0 -0 1
    outer loop
      vertex 3.21394 21.8302 5
      vertex 16.8999 19.8697 5
      vertex 2.86788 22.0958 5
    endloop
  endfacet
  facet normal -0 -0 1
    outer loop
      vertex 3.53553 21.5355 5
      vertex 16.8999 19.8697 5
      vertex 3.21394 21.8302 5
    endloop
  endfacet
  facet normal -0 -0 1
    outer loop
      vertex 3.83022 21.2139 5
      vertex 16.8999 19.8697 5
      vertex 3.53553 21.5355 5
    endloop
  endfacet
  facet normal -0 -0 1
    outer loop
      vertex 4.09576 20.8679 5
      vertex 16.8999 19.8697 5
      vertex 3.83022 21.2139 5
    endloop
  endfacet
  facet normal 0 0 1
    outer loop
      vertex 16.8999 19.8697 5
      vertex 4.09576 20.8679 5
      vertex 16.7761 19.7346 5
    endloop
  endfacet
  facet normal -0 -0 1
    outer loop
      vertex 4.33013 20.5 5
      vertex 16.7761 19.7346 5
      vertex 4.09576 20.8679 5
    endloop
  endfacet
  facet normal 0 0 1
    outer loop
      vertex 16.7761 19.7346 5
      vertex 4.33013 20.5 5
      vertex 16.6646 19.5893 5
    endloop
  endfacet
  facet normal -0 0 1
    outer loop
      vertex 11.9685 -2.46854 5
      vertex 18.3848 -16.2848 5
      vertex 11.969 -2.468 5
    endloop
  endfacet
  facet normal 0 0 1
    outer loop
      vertex 16.6646 19.5893 5
      vertex 4.53154 20.1131 5
      vertex 16.5661 19.4348 5
    endloop
  endfacet
  facet normal 0 0 1
    outer loop
      vertex 19.7346 16.7761 5
      vertex 12.9778 0.303527 5
      vertex 12.991 0 5
    endloop
  endfacet
  facet normal 0 0 1
    outer loop
      vertex 19.7346 16.7761 5
      vertex 12.9778 0.304264 5
      vertex 12.9778 0.303527 5
    endloop
  endfacet
  facet normal 0 0 1
    outer loop
      vertex 19.5893 16.6646 5
      vertex 12.9381 0.605482 5
      vertex 12.9778 0.304264 5
    endloop
  endfacet
  facet normal 0 0 1
    outer loop
      vertex 19.5893 16.6646 5
      vertex 12.938 0.606213 5
      vertex 12.9381 0.605482 5
    endloop
  endfacet
  facet normal 0 0 1
    outer loop
      vertex 19.4348 16.5661 5
      vertex 12.9378 0.606933 5
      vertex 12.938 0.606213 5
    endloop
  endfacet
  facet normal 0 0 1
    outer loop
      vertex 19.4348 16.5661 5
      vertex 12.8721 0.903549 5
      vertex 12.9378 0.606933 5
    endloop
  endfacet
  facet normal 0 0 1
    outer loop
      vertex 19.2723 16.4815 5
      vertex 12.7807 1.1933 5
      vertex 12.8721 0.903549 5
    endloop
  endfacet
  facet normal 0 0 1
    outer loop
      vertex 19.2723 16.4815 5
      vertex 12.7805 1.19401 5
      vertex 12.7807 1.1933 5
    endloop
  endfacet
  facet normal 0 0 1
    outer loop
      vertex 19.103 16.4114 5
      vertex 12.6642 1.4747 5
      vertex 12.7805 1.19401 5
    endloop
  endfacet
  facet normal 0 0 1
    outer loop
      vertex 19.103 16.4114 5
      vertex 12.664 1.47538 5
      vertex 12.6642 1.4747 5
    endloop
  endfacet
  facet normal 0 0 1
    outer loop
      vertex 18.9283 16.3563 5
      vertex 12.5237 1.74487 5
      vertex 12.664 1.47538 5
    endloop
  endfacet
  facet normal 0 0 1
    outer loop
      vertex 18.9283 16.3563 5
      vertex 12.5233 1.74552 5
      vertex 12.5237 1.74487 5
    endloop
  endfacet
  facet normal 0 0 1
    outer loop
      vertex 18.7494 16.3167 5
      vertex 12.5229 1.74615 5
      vertex 12.5233 1.74552 5
    endloop
  endfacet
  facet normal 0 0 1
    outer loop
      vertex 18.7494 16.3167 5
      vertex 12.3597 2.00238 5
      vertex 12.5229 1.74615 5
    endloop
  endfacet
  facet normal 0 -0 1
    outer loop
      vertex 4.98097 18.4358 5
      vertex 16.2928 18.5678 5
      vertex 4.92404 18.8682 5
    endloop
  endfacet
  facet normal 0 0 1
    outer loop
      vertex 16.2928 18.5678 5
      vertex 4.98097 18.4358 5
      vertex 16.2848 18.3848 5
    endloop
  endfacet
  facet normal 0 0 1
    outer loop
      vertex 33.5556 46.15 5
      vertex 12.1554 68.9365 5
      vertex 1.7101 22.6985 5
    endloop
  endfacet
  facet normal 0 0 1
    outer loop
      vertex 18.5678 16.2928 5
      vertex 12.1747 2.24341 5
      vertex 12.3597 2.00238 5
    endloop
  endfacet
  facet normal 0 0 1
    outer loop
      vertex 18.5678 16.2928 5
      vertex 12.1743 2.244 5
      vertex 12.1747 2.24341 5
    endloop
  endfacet
  facet normal 0 -0 1
    outer loop
      vertex 5 18 5
      vertex 16.2848 18.3848 5
      vertex 4.98097 18.4358 5
    endloop
  endfacet
  facet normal 0 0 1
    outer loop
      vertex 18.3848 16.2848 5
      vertex 11.969 2.468 5
      vertex 12.1743 2.244 5
    endloop
  endfacet
  facet normal 0 0 1
    outer loop
      vertex 18.3848 16.2848 5
      vertex 11.9685 2.46854 5
      vertex 11.969 2.468 5
    endloop
  endfacet
  facet normal 0 0 1
    outer loop
      vertex 4.69846 16.2899 5
      vertex 16.4815 17.4973 5
      vertex 4.82963 16.7059 5
    endloop
  endfacet
  facet normal 0 0 1
    outer loop
      vertex 18.2017 16.2928 5
      vertex 11.968 2.46904 5
      vertex 11.9685 2.46854 5
    endloop
  endfacet
  facet normal 0 0 1
    outer loop
      vertex 18.2017 16.2928 5
      vertex 11.744 2.6743 5
      vertex 11.968 2.46904 5
    endloop
  endfacet
  facet normal 0 0 1
    outer loop
      vertex 18.0201 16.3167 5
      vertex 11.7434 2.67474 5
      vertex 11.744 2.6743 5
    endloop
  endfacet
  facet normal 0 0 1
    outer loop
      vertex 17.8413 16.3563 5
      vertex 11.5024 2.8597 5
      vertex 11.7434 2.67474 5
    endloop
  endfacet
  facet normal 0 0 1
    outer loop
      vertex 17.6665 16.4114 5
      vertex 11.2461 3.02294 5
      vertex 11.5024 2.8597 5
    endloop
  endfacet
  facet normal 0 0 1
    outer loop
      vertex 17.6665 16.4114 5
      vertex 11.2455 3.02333 5
      vertex 11.2461 3.02294 5
    endloop
  endfacet
  facet normal 0 0 1
    outer loop
      vertex 17.4973 16.4815 5
      vertex 11.2449 3.02367 5
      vertex 11.2455 3.02333 5
    endloop
  endfacet
  facet normal 0 0 1
    outer loop
      vertex 17.4973 16.4815 5
      vertex 10.9754 3.16396 5
      vertex 11.2449 3.02367 5
    endloop
  endfacet
  facet normal 0 0 1
    outer loop
      vertex 17.3348 16.5661 5
      vertex 10.694 3.28051 5
      vertex 10.9747 3.16424 5
    endloop
  endfacet
  facet normal 0 0 1
    outer loop
      vertex 17.1803 16.6646 5
      vertex 10.6933 3.28073 5
      vertex 10.694 3.28051 5
    endloop
  endfacet
  facet normal 0 0 1
    outer loop
      vertex 17.1803 16.6646 5
      vertex 10.4035 3.37209 5
      vertex 10.6933 3.28073 5
    endloop
  endfacet
  facet normal 0 0 1
    outer loop
      vertex 17.0349 16.7761 5
      vertex 10.1069 3.43785 5
      vertex 10.4035 3.37209 5
    endloop
  endfacet
  facet normal 0 0 1
    outer loop
      vertex 17.0349 16.7761 5
      vertex 10.1062 3.43801 5
      vertex 10.1069 3.43785 5
    endloop
  endfacet
  facet normal 0 0 1
    outer loop
      vertex 16.8999 16.8999 5
      vertex 10.1055 3.4381 5
      vertex 10.1062 3.43801 5
    endloop
  endfacet
  facet normal 0 0 1
    outer loop
      vertex 16.7761 17.0349 5
      vertex 4.33013 15.5 5
      vertex 16.8999 16.8999 5
    endloop
  endfacet
  facet normal 0 0 1
    outer loop
      vertex 16.4815 17.4973 5
      vertex 4.69846 16.2899 5
      vertex 16.5661 17.3348 5
    endloop
  endfacet
  facet normal 0 0 1
    outer loop
      vertex 16.5661 17.3348 5
      vertex 4.69846 16.2899 5
      vertex 16.6646 17.1803 5
    endloop
  endfacet
  facet normal 0 0 1
    outer loop
      vertex 16.6646 17.1803 5
      vertex 4.53154 15.8869 5
      vertex 16.7761 17.0349 5
    endloop
  endfacet
  facet normal 0 0 1
    outer loop
      vertex 4.33013 15.5 5
      vertex 16.7761 17.0349 5
      vertex 4.53154 15.8869 5
    endloop
  endfacet
  facet normal 0 0 1
    outer loop
      vertex 16.8999 16.8999 5
      vertex 4.33013 15.5 5
      vertex 10.1055 3.4381 5
    endloop
  endfacet
  facet normal 0 0 1
    outer loop
      vertex 10.1055 3.4381 5
      vertex 4.33013 15.5 5
      vertex 9.80426 3.47776 5
    endloop
  endfacet
  facet normal 0 0 1
    outer loop
      vertex 9.80426 3.47776 5
      vertex 4.09576 15.1321 5
      vertex 9.80353 3.47779 5
    endloop
  endfacet
  facet normal 0 0 1
    outer loop
      vertex 9.80353 3.47779 5
      vertex 4.09576 15.1321 5
      vertex 9.5 3.49105 5
    endloop
  endfacet
  facet normal -0 0 1
    outer loop
      vertex 3.83022 14.7861 5
      vertex 9.5 3.49105 5
      vertex 4.09576 15.1321 5
    endloop
  endfacet
  facet normal 0 0 1
    outer loop
      vertex 9.5 3.49105 5
      vertex 3.83022 14.7861 5
      vertex 9.19647 3.47779 5
    endloop
  endfacet
  facet normal 0 0 1
    outer loop
      vertex 9.19647 3.47779 5
      vertex 3.83022 14.7861 5
      vertex 9.19574 3.47776 5
    endloop
  endfacet
  facet normal -0 0 1
    outer loop
      vertex 3.53553 14.4645 5
      vertex 9.19574 3.47776 5
      vertex 3.83022 14.7861 5
    endloop
  endfacet
  facet normal 0 0 1
    outer loop
      vertex 9.19574 3.47776 5
      vertex 3.53553 14.4645 5
      vertex 8.89452 3.4381 5
    endloop
  endfacet
  facet normal 0 0 1
    outer loop
      vertex 8.89452 3.4381 5
      vertex 3.53553 14.4645 5
      vertex 8.89379 3.43801 5
    endloop
  endfacet
  facet normal -0 0 1
    outer loop
      vertex 3.21394 14.1698 5
      vertex 8.89379 3.43801 5
      vertex 3.53553 14.4645 5
    endloop
  endfacet
  facet normal 0 0 1
    outer loop
      vertex 8.89379 3.43801 5
      vertex 3.21394 14.1698 5
      vertex 8.89307 3.43785 5
    endloop
  endfacet
  facet normal 0 0 1
    outer loop
      vertex 8.89307 3.43785 5
      vertex 3.21394 14.1698 5
      vertex 8.59645 3.37209 5
    endloop
  endfacet
  facet normal -0 0 1
    outer loop
      vertex 2.86788 13.9042 5
      vertex 8.59645 3.37209 5
      vertex 3.21394 14.1698 5
    endloop
  endfacet
  facet normal 0 0 1
    outer loop
      vertex 8.59645 3.37209 5
      vertex 2.86788 13.9042 5
      vertex 8.3067 3.28073 5
    endloop
  endfacet
  facet normal 0 0 1
    outer loop
      vertex 8.3067 3.28073 5
      vertex 2.86788 13.9042 5
      vertex 8.30599 3.28051 5
    endloop
  endfacet
  facet normal 0 0 1
    outer loop
      vertex 8.30599 3.28051 5
      vertex 2.86788 13.9042 5
      vertex 8.0253 3.16424 5
    endloop
  endfacet
  facet normal 0 0 1
    outer loop
      vertex 8.0253 3.16424 5
      vertex 2.5 13.6699 5
      vertex 8.02462 3.16396 5
    endloop
  endfacet
  facet normal 0 0 1
    outer loop
      vertex 8.02462 3.16396 5
      vertex 2.5 13.6699 5
      vertex 7.75513 3.02367 5
    endloop
  endfacet
  facet normal 0 0 1
    outer loop
      vertex 7.75513 3.02367 5
      vertex 2.5 13.6699 5
      vertex 7.75448 3.02333 5
    endloop
  endfacet
  facet normal -0 0 1
    outer loop
      vertex 2.11309 13.4685 5
      vertex 7.75448 3.02333 5
      vertex 2.5 13.6699 5
    endloop
  endfacet
  facet normal -0 0 1
    outer loop
      vertex -1.25899 8.2265 5
      vertex 7.75448 3.02333 5
      vertex 2.11309 13.4685 5
    endloop
  endfacet
  facet normal 0 0 1
    outer loop
      vertex 7.75448 3.02333 5
      vertex -1.25899 8.2265 5
      vertex 7.75386 3.02294 5
    endloop
  endfacet
  facet normal 0 0 1
    outer loop
      vertex 7.75386 3.02294 5
      vertex -1.25899 8.2265 5
      vertex 7.49762 2.8597 5
    endloop
  endfacet
  facet normal 0 -0 1
    outer loop
      vertex 1.72073 2.45746 5
      vertex 7.49762 2.8597 5
      vertex -1.25899 8.2265 5
    endloop
  endfacet
  facet normal 0 0 1
    outer loop
      vertex 1.2941 22.8296 5
      vertex 12.1554 68.9365 5
      vertex 6.1009 69.7336 5
    endloop
  endfacet
  facet normal 0 0 1
    outer loop
      vertex 7.49762 2.8597 5
      vertex 1.72073 2.45746 5
      vertex 7.25659 2.67474 5
    endloop
  endfacet
  facet normal 0 0 1
    outer loop
      vertex 7.25659 2.67474 5
      vertex 1.72073 2.45746 5
      vertex 7.256 2.6743 5
    endloop
  endfacet
  facet normal 0 -0 1
    outer loop
      vertex 1.92836 2.29813 5
      vertex 7.256 2.6743 5
      vertex 1.72073 2.45746 5
    endloop
  endfacet
  facet normal 0 0 1
    outer loop
      vertex 7.256 2.6743 5
      vertex 1.92836 2.29813 5
      vertex 7.032 2.46904 5
    endloop
  endfacet
  facet normal 0 0 1
    outer loop
      vertex 7.032 2.46904 5
      vertex 1.92836 2.29813 5
      vertex 7.03146 2.46854 5
    endloop
  endfacet
  facet normal 0 0 1
    outer loop
      vertex 7.03146 2.46854 5
      vertex 1.92836 2.29813 5
      vertex 7.03096 2.468 5
    endloop
  endfacet
  facet normal 0 -0 1
    outer loop
      vertex 2.12132 2.12132 5
      vertex 7.03096 2.468 5
      vertex 1.92836 2.29813 5
    endloop
  endfacet
  facet normal -0 0 1
    outer loop
      vertex 2.5 13.6699 5
      vertex 8.0253 3.16424 5
      vertex 2.86788 13.9042 5
    endloop
  endfacet
  facet normal -0 0 1
    outer loop
      vertex 4.09576 15.1321 5
      vertex 9.80426 3.47776 5
      vertex 4.33013 15.5 5
    endloop
  endfacet
  facet normal 0 0 1
    outer loop
      vertex 17.3348 16.5661 5
      vertex 10.9747 3.16424 5
      vertex 10.9754 3.16396 5
    endloop
  endfacet
  facet normal 0 0 1
    outer loop
      vertex 16.3167 18.7494 5
      vertex 4.92404 18.8682 5
      vertex 16.2928 18.5678 5
    endloop
  endfacet
  facet normal 0 0 1
    outer loop
      vertex 16.3563 18.9283 5
      vertex 4.92404 18.8682 5
      vertex 16.3167 18.7494 5
    endloop
  endfacet
  facet normal 0 -0 1
    outer loop
      vertex 4.92404 18.8682 5
      vertex 16.3563 18.9283 5
      vertex 4.82963 19.2941 5
    endloop
  endfacet
  facet normal 0 0 1
    outer loop
      vertex 16.4114 19.103 5
      vertex 4.82963 19.2941 5
      vertex 16.3563 18.9283 5
    endloop
  endfacet
  facet normal -0 -0 1
    outer loop
      vertex 4.82963 19.2941 5
      vertex 16.4114 19.103 5
      vertex 4.69846 19.7101 5
    endloop
  endfacet
  facet normal 0 0 1
    outer loop
      vertex 16.4815 19.2723 5
      vertex 4.69846 19.7101 5
      vertex 16.4114 19.103 5
    endloop
  endfacet
  facet normal -0 -0 1
    outer loop
      vertex 4.69846 19.7101 5
      vertex 16.4815 19.2723 5
      vertex 4.53154 20.1131 5
    endloop
  endfacet
  facet normal 0 0 1
    outer loop
      vertex 16.5661 19.4348 5
      vertex 4.53154 20.1131 5
      vertex 16.4815 19.2723 5
    endloop
  endfacet
  facet normal -0 -0 1
    outer loop
      vertex 4.53154 20.1131 5
      vertex 16.6646 19.5893 5
      vertex 4.33013 20.5 5
    endloop
  endfacet
  facet normal 0 -0 1
    outer loop
      vertex 16.8999 19.8697 5
      vertex 33.5556 42.15 5
      vertex 2.5 22.3301 5
    endloop
  endfacet
  facet normal 0 0 1
    outer loop
      vertex 33.5556 42.15 5
      vertex 1.7101 22.6985 5
      vertex 2.11309 22.5315 5
    endloop
  endfacet
  facet normal 0 0 1
    outer loop
      vertex 12.1554 68.9365 5
      vertex 1.2941 22.8296 5
      vertex 1.7101 22.6985 5
    endloop
  endfacet
  facet normal 0 0 1
    outer loop
      vertex 6.1009 69.7336 5
      vertex 0.86824 22.924 5
      vertex 1.2941 22.8296 5
    endloop
  endfacet
  facet normal 0 0 1
    outer loop
      vertex 6.1009 69.7336 5
      vertex 0.435779 22.981 5
      vertex 0.86824 22.924 5
    endloop
  endfacet
  facet normal 0 0 1
    outer loop
      vertex 0 70 5
      vertex 0.435779 22.981 5
      vertex 6.1009 69.7336 5
    endloop
  endfacet
  facet normal 0 0 1
    outer loop
      vertex 0 70 5
      vertex 0 23 5
      vertex 0.435779 22.981 5
    endloop
  endfacet
  facet normal 0 0 1
    outer loop
      vertex 0 70 5
      vertex -0.435779 22.981 5
      vertex 0 23 5
    endloop
  endfacet
  facet normal -0 0 1
    outer loop
      vertex -6.1009 69.7336 5
      vertex -0.435779 22.981 5
      vertex 0 70 5
    endloop
  endfacet
  facet normal 0 0 1
    outer loop
      vertex -0.435779 22.981 5
      vertex -6.1009 69.7336 5
      vertex -0.86824 22.924 5
    endloop
  endfacet
  facet normal 0 0 1
    outer loop
      vertex -0.86824 22.924 5
      vertex -6.1009 69.7336 5
      vertex -1.2941 22.8296 5
    endloop
  endfacet
  facet normal -0 0 1
    outer loop
      vertex -12.1554 68.9365 5
      vertex -1.2941 22.8296 5
      vertex -6.1009 69.7336 5
    endloop
  endfacet
  facet normal 0 0 1
    outer loop
      vertex -1.2941 22.8296 5
      vertex -12.1554 68.9365 5
      vertex -1.7101 22.6985 5
    endloop
  endfacet
  facet normal 0 0 1
    outer loop
      vertex -1.7101 22.6985 5
      vertex -12.1554 68.9365 5
      vertex -2.11309 22.5315 5
    endloop
  endfacet
  facet normal 0 0 1
    outer loop
      vertex -2.11309 22.5315 5
      vertex -12.1554 68.9365 5
      vertex -2.5 22.3301 5
    endloop
  endfacet
  facet normal 0 0 1
    outer loop
      vertex -16.3167 18.7494 5
      vertex -2.5 22.3301 5
      vertex -12.1554 68.9365 5
    endloop
  endfacet
  facet normal 0 0 1
    outer loop
      vertex -2.5 22.3301 5
      vertex -16.3167 18.7494 5
      vertex -2.86788 22.0958 5
    endloop
  endfacet
  facet normal 0 0 1
    outer loop
      vertex -2.86788 22.0958 5
      vertex -16.3167 18.7494 5
      vertex -3.21394 21.8302 5
    endloop
  endfacet
  facet normal 0 0 1
    outer loop
      vertex -3.21394 21.8302 5
      vertex -16.3167 18.7494 5
      vertex -3.53553 21.5355 5
    endloop
  endfacet
  facet normal 0 0 1
    outer loop
      vertex -3.53553 21.5355 5
      vertex -16.3167 18.7494 5
      vertex -3.83022 21.2139 5
    endloop
  endfacet
  facet normal 0 0 1
    outer loop
      vertex -3.83022 21.2139 5
      vertex -16.3167 18.7494 5
      vertex -4.09576 20.8679 5
    endloop
  endfacet
  facet normal 0 0 1
    outer loop
      vertex -4.09576 20.8679 5
      vertex -16.3167 18.7494 5
      vertex -4.33013 20.5 5
    endloop
  endfacet
  facet normal 0 0 1
    outer loop
      vertex -4.33013 20.5 5
      vertex -16.3167 18.7494 5
      vertex -4.53154 20.1131 5
    endloop
  endfacet
  facet normal 0 0 1
    outer loop
      vertex -4.53154 20.1131 5
      vertex -16.3167 18.7494 5
      vertex -4.69846 19.7101 5
    endloop
  endfacet
  facet normal 0 0 1
    outer loop
      vertex -3.83022 14.7861 5
      vertex -5.055 11.7049 5
      vertex -5.05427 11.705 5
    endloop
  endfacet
  facet normal 0 0 1
    outer loop
      vertex -3.83022 14.7861 5
      vertex -5.35621 11.6652 5
      vertex -5.055 11.7049 5
    endloop
  endfacet
  facet normal -0 -0 1
    outer loop
      vertex -16.2928 18.5678 5
      vertex -4.98097 18.4358 5
      vertex -16.3167 18.7494 5
    endloop
  endfacet
  facet normal 0 0 1
    outer loop
      vertex -4.09576 15.1321 5
      vertex -5.35693 11.6651 5
      vertex -5.35621 11.6652 5
    endloop
  endfacet
  facet normal 0 0 1
    outer loop
      vertex -4.09576 15.1321 5
      vertex -5.65355 11.5993 5
      vertex -5.35693 11.6651 5
    endloop
  endfacet
  facet normal 0 0 1
    outer loop
      vertex -4.69846 19.7101 5
      vertex -16.3167 18.7494 5
      vertex -4.82963 19.2941 5
    endloop
  endfacet
  facet normal 0 0 1
    outer loop
      vertex -16.3167 18.7494 5
      vertex -4.92404 18.8682 5
      vertex -4.82963 19.2941 5
    endloop
  endfacet
  facet normal 0 0 1
    outer loop
      vertex -6.99454 10.901 5
      vertex -16.4815 17.4973 5
      vertex -7.21854 10.6958 5
    endloop
  endfacet
  facet normal 0 0 1
    outer loop
      vertex -4.33013 15.5 5
      vertex -5.9433 11.508 5
      vertex -5.65355 11.5993 5
    endloop
  endfacet
  facet normal 0 0 1
    outer loop
      vertex -4.33013 15.5 5
      vertex -5.94401 11.5078 5
      vertex -5.9433 11.508 5
    endloop
  endfacet
  facet normal 0 0 1
    outer loop
      vertex -4.53154 15.8869 5
      vertex -5.94469 11.5075 5
      vertex -5.94401 11.5078 5
    endloop
  endfacet
  facet normal 0 0 1
    outer loop
      vertex -4.53154 15.8869 5
      vertex -6.22538 11.3912 5
      vertex -5.94469 11.5075 5
    endloop
  endfacet
  facet normal 0 0 1
    outer loop
      vertex -4.53154 15.8869 5
      vertex -6.22603 11.3909 5
      vertex -6.22538 11.3912 5
    endloop
  endfacet
  facet normal 0 0 1
    outer loop
      vertex -4.69846 16.2899 5
      vertex -6.49552 11.2506 5
      vertex -6.22603 11.3909 5
    endloop
  endfacet
  facet normal 0 0 1
    outer loop
      vertex -4.69846 16.2899 5
      vertex -6.75176 11.0873 5
      vertex -6.49552 11.2506 5
    endloop
  endfacet
  facet normal 0 0 1
    outer loop
      vertex -4.82963 16.7059 5
      vertex -6.75238 11.0869 5
      vertex -6.75176 11.0873 5
    endloop
  endfacet
  facet normal 0 0 1
    outer loop
      vertex -4.82963 16.7059 5
      vertex -6.99341 10.902 5
      vertex -6.75238 11.0869 5
    endloop
  endfacet
  facet normal 0 0 1
    outer loop
      vertex -4.82963 16.7059 5
      vertex -6.994 10.9015 5
      vertex -6.99341 10.902 5
    endloop
  endfacet
  facet normal 0 -0 1
    outer loop
      vertex -16.2848 18.3848 5
      vertex -4.98097 18.4358 5
      vertex -16.2928 18.5678 5
    endloop
  endfacet
  facet normal 0 0 1
    outer loop
      vertex -4.98097 18.4358 5
      vertex -16.2848 18.3848 5
      vertex -5 18 5
    endloop
  endfacet
  facet normal -0 0 1
    outer loop
      vertex -16.3167 18.0201 5
      vertex -4.98097 17.5642 5
      vertex -16.2928 18.2017 5
    endloop
  endfacet
  facet normal -0 0 1
    outer loop
      vertex -16.3563 17.8413 5
      vertex -4.98097 17.5642 5
      vertex -16.3167 18.0201 5
    endloop
  endfacet
  facet normal 0 0 1
    outer loop
      vertex -4.98097 17.5642 5
      vertex -16.3563 17.8413 5
      vertex -4.92404 17.1318 5
    endloop
  endfacet
  facet normal -0 0 1
    outer loop
      vertex -16.4114 17.6665 5
      vertex -4.92404 17.1318 5
      vertex -16.3563 17.8413 5
    endloop
  endfacet
  facet normal 0 0 1
    outer loop
      vertex -4.92404 17.1318 5
      vertex -16.4114 17.6665 5
      vertex -6.994 10.9015 5
    endloop
  endfacet
  facet normal 0 0 1
    outer loop
      vertex -6.994 10.9015 5
      vertex -16.4114 17.6665 5
      vertex -6.99454 10.901 5
    endloop
  endfacet
  facet normal -0 0 1
    outer loop
      vertex -16.3167 18.7494 5
      vertex -4.98097 18.4358 5
      vertex -4.92404 18.8682 5
    endloop
  endfacet
  facet normal -0 0 1
    outer loop
      vertex -16.4815 17.4973 5
      vertex -6.99454 10.901 5
      vertex -16.4114 17.6665 5
    endloop
  endfacet
  facet normal -0 0 1
    outer loop
      vertex -16.5661 17.3348 5
      vertex -7.21854 10.6958 5
      vertex -16.4815 17.4973 5
    endloop
  endfacet
  facet normal 0 0 1
    outer loop
      vertex -7.21854 10.6958 5
      vertex -16.5661 17.3348 5
      vertex -7.4238 10.4718 5
    endloop
  endfacet
  facet normal 0 0 1
    outer loop
      vertex -7.4238 10.4718 5
      vertex -16.5661 17.3348 5
      vertex -7.42429 10.4712 5
    endloop
  endfacet
  facet normal -0 0 1
    outer loop
      vertex -16.6646 17.1803 5
      vertex -7.42429 10.4712 5
      vertex -16.5661 17.3348 5
    endloop
  endfacet
  facet normal 0 0 1
    outer loop
      vertex -7.42429 10.4712 5
      vertex -16.6646 17.1803 5
      vertex -7.60925 10.2302 5
    endloop
  endfacet
  facet normal 0 0 1
    outer loop
      vertex -7.60925 10.2302 5
      vertex -16.6646 17.1803 5
      vertex -7.6097 10.2296 5
    endloop
  endfacet
  facet normal -0 0 1
    outer loop
      vertex -16.7761 17.0349 5
      vertex -7.6097 10.2296 5
      vertex -16.6646 17.1803 5
    endloop
  endfacet
  facet normal 0 0 1
    outer loop
      vertex -7.6097 10.2296 5
      vertex -16.7761 17.0349 5
      vertex -7.77294 9.97339 5
    endloop
  endfacet
  facet normal 0 0 1
    outer loop
      vertex -7.77294 9.97339 5
      vertex -16.7761 17.0349 5
      vertex -7.77333 9.97276 5
    endloop
  endfacet
  facet normal 0 0 1
    outer loop
      vertex -7.77333 9.97276 5
      vertex -16.8999 16.8999 5
      vertex -7.77367 9.97211 5
    endloop
  endfacet
  facet normal -0 0 1
    outer loop
      vertex -16.8999 16.8999 5
      vertex -7.77333 9.97276 5
      vertex -16.7761 17.0349 5
    endloop
  endfacet
  facet normal 0 0 1
    outer loop
      vertex 37.4234 34.9907 5
      vertex 46 42.15 5
      vertex 37.4473 35.1723 5
    endloop
  endfacet
  facet normal 0 0 1
    outer loop
      vertex 37.3838 34.8118 5
      vertex 46 42.15 5
      vertex 37.4234 34.9907 5
    endloop
  endfacet
  facet normal 0 0 1
    outer loop
      vertex 37.3287 34.6371 5
      vertex 46 42.15 5
      vertex 37.3838 34.8118 5
    endloop
  endfacet
  facet normal 0 0 1
    outer loop
      vertex 37.2586 34.4678 5
      vertex 46 42.15 5
      vertex 37.3287 34.6371 5
    endloop
  endfacet
  facet normal 0 0 1
    outer loop
      vertex 37.174 34.3053 5
      vertex 46 42.15 5
      vertex 37.2586 34.4678 5
    endloop
  endfacet
  facet normal 0 0 1
    outer loop
      vertex 37.0756 34.1508 5
      vertex 46 42.15 5
      vertex 37.174 34.3053 5
    endloop
  endfacet
  facet normal 0 0 1
    outer loop
      vertex 36.964 34.0055 5
      vertex 46 42.15 5
      vertex 37.0756 34.1508 5
    endloop
  endfacet
  facet normal 0 0 1
    outer loop
      vertex 46 42.15 5
      vertex 36.964 34.0055 5
      vertex 46 -21.85 5
    endloop
  endfacet
  facet normal -0 0 1
    outer loop
      vertex 36.8403 33.8704 5
      vertex 46 -21.85 5
      vertex 36.964 34.0055 5
    endloop
  endfacet
  facet normal -0 0 1
    outer loop
      vertex 19.8697 16.8999 5
      vertex 46 -21.85 5
      vertex 36.8403 33.8704 5
    endloop
  endfacet
  facet normal -0 0 1
    outer loop
      vertex 12.991 0 5
      vertex 33.5556 -21.85 5
      vertex 19.8697 16.8999 5
    endloop
  endfacet
  facet normal 0 0 1
    outer loop
      vertex 46 -21.85 5
      vertex 19.8697 16.8999 5
      vertex 33.5556 -21.85 5
    endloop
  endfacet
  facet normal -0.38269 -0.923877 0
    outer loop
      vertex -29.5833 -63.4415 0
      vertex -23.9414 -65.7785 5
      vertex -29.5833 -63.4415 5
    endloop
  endfacet
  facet normal -0.38269 -0.923877 -0
    outer loop
      vertex -23.9414 -65.7785 5
      vertex -29.5833 -63.4415 0
      vertex -23.9414 -65.7785 0
    endloop
  endfacet
  facet normal 0.793357 -0.608757 0
    outer loop
      vertex 53.6231 -44.9951 5
      vertex 57.3406 -40.1503 0
      vertex 57.3406 -40.1503 5
    endloop
  endfacet
  facet normal 0.793357 -0.608757 0
    outer loop
      vertex 57.3406 -40.1503 0
      vertex 53.6231 -44.9951 5
      vertex 53.6231 -44.9951 0
    endloop
  endfacet
  facet normal 0.461741 -0.887015 0
    outer loop
      vertex 29.5833 -63.4415 0
      vertex 35 -60.6218 5
      vertex 29.5833 -63.4415 5
    endloop
  endfacet
  facet normal 0.461741 -0.887015 0
    outer loop
      vertex 35 -60.6218 5
      vertex 29.5833 -63.4415 0
      vertex 35 -60.6218 0
    endloop
  endfacet
  facet normal 0.0436241 0.999048 -0
    outer loop
      vertex 6.1009 69.7336 0
      vertex 0 70 5
      vertex 6.1009 69.7336 5
    endloop
  endfacet
  facet normal 0.0436241 0.999048 0
    outer loop
      vertex 0 70 5
      vertex 6.1009 69.7336 0
      vertex 0 70 0
    endloop
  endfacet
  facet normal -0.887015 -0.461741 0
    outer loop
      vertex -60.6218 -35 0
      vertex -63.4415 -29.5833 5
      vertex -63.4415 -29.5833 0
    endloop
  endfacet
  facet normal -0.887015 -0.461741 0
    outer loop
      vertex -63.4415 -29.5833 5
      vertex -60.6218 -35 0
      vertex -60.6218 -35 5
    endloop
  endfacet
  facet normal -0.923877 -0.38269 0
    outer loop
      vertex -63.4415 -29.5833 0
      vertex -65.7785 -23.9414 5
      vertex -65.7785 -23.9414 0
    endloop
  endfacet
  facet normal -0.923877 -0.38269 0
    outer loop
      vertex -65.7785 -23.9414 5
      vertex -63.4415 -29.5833 0
      vertex -63.4415 -29.5833 5
    endloop
  endfacet
  facet normal 0.38269 -0.923877 0
    outer loop
      vertex 23.9414 -65.7785 0
      vertex 29.5833 -63.4415 5
      vertex 23.9414 -65.7785 5
    endloop
  endfacet
  facet normal 0.38269 -0.923877 0
    outer loop
      vertex 29.5833 -63.4415 5
      vertex 23.9414 -65.7785 0
      vertex 29.5833 -63.4415 0
    endloop
  endfacet
  facet normal -0.675582 -0.737285 0
    outer loop
      vertex -49.4975 -49.4975 0
      vertex -44.9951 -53.6231 5
      vertex -49.4975 -49.4975 5
    endloop
  endfacet
  facet normal -0.675582 -0.737285 -0
    outer loop
      vertex -44.9951 -53.6231 5
      vertex -49.4975 -49.4975 0
      vertex -44.9951 -53.6231 0
    endloop
  endfacet
  facet normal 0.0436241 -0.999048 0
    outer loop
      vertex 0 -70 0
      vertex 6.1009 -69.7336 5
      vertex 0 -70 5
    endloop
  endfacet
  facet normal 0.0436241 -0.999048 0
    outer loop
      vertex 6.1009 -69.7336 5
      vertex 0 -70 0
      vertex 6.1009 -69.7336 0
    endloop
  endfacet
  facet normal 0.953718 -0.300701 0
    outer loop
      vertex 65.7785 -23.9414 5
      vertex 67.6148 -18.1173 0
      vertex 67.6148 -18.1173 5
    endloop
  endfacet
  facet normal 0.953718 -0.300701 0
    outer loop
      vertex 67.6148 -18.1173 0
      vertex 65.7785 -23.9414 5
      vertex 65.7785 -23.9414 0
    endloop
  endfacet
  facet normal -0.608757 -0.793357 0
    outer loop
      vertex -44.9951 -53.6231 0
      vertex -40.1503 -57.3406 5
      vertex -44.9951 -53.6231 5
    endloop
  endfacet
  facet normal -0.608757 -0.793357 -0
    outer loop
      vertex -40.1503 -57.3406 5
      vertex -44.9951 -53.6231 0
      vertex -40.1503 -57.3406 0
    endloop
  endfacet
  facet normal 0.537311 0.843384 -0
    outer loop
      vertex 40.1503 57.3406 0
      vertex 35 60.6218 5
      vertex 40.1503 57.3406 5
    endloop
  endfacet
  facet normal 0.537311 0.843384 0
    outer loop
      vertex 35 60.6218 5
      vertex 40.1503 57.3406 0
      vertex 35 60.6218 0
    endloop
  endfacet
  facet normal -0.130528 0.991445 0
    outer loop
      vertex -6.1009 69.7336 0
      vertex -12.1554 68.9365 5
      vertex -6.1009 69.7336 5
    endloop
  endfacet
  facet normal -0.130528 0.991445 0
    outer loop
      vertex -12.1554 68.9365 5
      vertex -6.1009 69.7336 0
      vertex -12.1554 68.9365 0
    endloop
  endfacet
  facet normal 0.991445 -0.130528 0
    outer loop
      vertex 68.9365 -12.1554 5
      vertex 69.7336 -6.1009 0
      vertex 69.7336 -6.1009 5
    endloop
  endfacet
  facet normal 0.991445 -0.130528 0
    outer loop
      vertex 69.7336 -6.1009 0
      vertex 68.9365 -12.1554 5
      vertex 68.9365 -12.1554 0
    endloop
  endfacet
  facet normal -0.976297 -0.216436 0
    outer loop
      vertex -67.6148 -18.1173 0
      vertex -68.9365 -12.1554 5
      vertex -68.9365 -12.1554 0
    endloop
  endfacet
  facet normal -0.976297 -0.216436 0
    outer loop
      vertex -68.9365 -12.1554 5
      vertex -67.6148 -18.1173 0
      vertex -67.6148 -18.1173 5
    endloop
  endfacet
  facet normal 0.923877 0.38269 0
    outer loop
      vertex 65.7785 23.9414 5
      vertex 63.4415 29.5833 0
      vertex 63.4415 29.5833 5
    endloop
  endfacet
  facet normal 0.923877 0.38269 0
    outer loop
      vertex 63.4415 29.5833 0
      vertex 65.7785 23.9414 5
      vertex 65.7785 23.9414 0
    endloop
  endfacet
  facet normal 0.130528 0.991445 -0
    outer loop
      vertex 12.1554 68.9365 0
      vertex 6.1009 69.7336 5
      vertex 12.1554 68.9365 5
    endloop
  endfacet
  facet normal 0.130528 0.991445 0
    outer loop
      vertex 6.1009 69.7336 5
      vertex 12.1554 68.9365 0
      vertex 6.1009 69.7336 0
    endloop
  endfacet
  facet normal 0.887015 0.461741 0
    outer loop
      vertex 63.4415 29.5833 5
      vertex 60.6218 35 0
      vertex 60.6218 35 5
    endloop
  endfacet
  facet normal 0.887015 0.461741 0
    outer loop
      vertex 60.6218 35 0
      vertex 63.4415 29.5833 5
      vertex 63.4415 29.5833 0
    endloop
  endfacet
  facet normal -0.461741 -0.887015 0
    outer loop
      vertex -35 -60.6218 0
      vertex -29.5833 -63.4415 5
      vertex -35 -60.6218 5
    endloop
  endfacet
  facet normal -0.461741 -0.887015 -0
    outer loop
      vertex -29.5833 -63.4415 5
      vertex -35 -60.6218 0
      vertex -29.5833 -63.4415 0
    endloop
  endfacet
  facet normal -0.675582 0.737285 0
    outer loop
      vertex -44.9951 53.6231 0
      vertex -49.4975 49.4975 5
      vertex -44.9951 53.6231 5
    endloop
  endfacet
  facet normal -0.675582 0.737285 0
    outer loop
      vertex -49.4975 49.4975 5
      vertex -44.9951 53.6231 0
      vertex -49.4975 49.4975 0
    endloop
  endfacet
  facet normal -0.300701 0.953718 0
    outer loop
      vertex -18.1173 67.6148 0
      vertex -23.9414 65.7785 5
      vertex -18.1173 67.6148 5
    endloop
  endfacet
  facet normal -0.300701 0.953718 0
    outer loop
      vertex -23.9414 65.7785 5
      vertex -18.1173 67.6148 0
      vertex -23.9414 65.7785 0
    endloop
  endfacet
  facet normal -0.843384 0.537311 0
    outer loop
      vertex -60.6218 35 0
      vertex -57.3406 40.1503 5
      vertex -57.3406 40.1503 0
    endloop
  endfacet
  facet normal -0.843384 0.537311 0
    outer loop
      vertex -57.3406 40.1503 5
      vertex -60.6218 35 0
      vertex -60.6218 35 5
    endloop
  endfacet
  facet normal -0.999048 -0.0436241 0
    outer loop
      vertex -69.7336 -6.1009 0
      vertex -70 0 5
      vertex -70 0 0
    endloop
  endfacet
  facet normal -0.999048 -0.0436241 0
    outer loop
      vertex -70 0 5
      vertex -69.7336 -6.1009 0
      vertex -69.7336 -6.1009 5
    endloop
  endfacet
  facet normal -0.216436 -0.976297 0
    outer loop
      vertex -18.1173 -67.6148 0
      vertex -12.1554 -68.9365 5
      vertex -18.1173 -67.6148 5
    endloop
  endfacet
  facet normal -0.216436 -0.976297 -0
    outer loop
      vertex -12.1554 -68.9365 5
      vertex -18.1173 -67.6148 0
      vertex -12.1554 -68.9365 0
    endloop
  endfacet
  facet normal -0.0436241 0.999048 0
    outer loop
      vertex 0 70 0
      vertex -6.1009 69.7336 5
      vertex 0 70 5
    endloop
  endfacet
  facet normal -0.0436241 0.999048 0
    outer loop
      vertex -6.1009 69.7336 5
      vertex 0 70 0
      vertex -6.1009 69.7336 0
    endloop
  endfacet
  facet normal 0.300701 -0.953718 0
    outer loop
      vertex 18.1173 -67.6148 0
      vertex 23.9414 -65.7785 5
      vertex 18.1173 -67.6148 5
    endloop
  endfacet
  facet normal 0.300701 -0.953718 0
    outer loop
      vertex 23.9414 -65.7785 5
      vertex 18.1173 -67.6148 0
      vertex 23.9414 -65.7785 0
    endloop
  endfacet
  facet normal 0.216436 -0.976297 0
    outer loop
      vertex 12.1554 -68.9365 0
      vertex 18.1173 -67.6148 5
      vertex 12.1554 -68.9365 5
    endloop
  endfacet
  facet normal 0.216436 -0.976297 0
    outer loop
      vertex 18.1173 -67.6148 5
      vertex 12.1554 -68.9365 0
      vertex 18.1173 -67.6148 0
    endloop
  endfacet
  facet normal -0.953718 0.300701 0
    outer loop
      vertex -67.6148 18.1173 0
      vertex -65.7785 23.9414 5
      vertex -65.7785 23.9414 0
    endloop
  endfacet
  facet normal -0.953718 0.300701 0
    outer loop
      vertex -65.7785 23.9414 5
      vertex -67.6148 18.1173 0
      vertex -67.6148 18.1173 5
    endloop
  endfacet
  facet normal -0.737285 -0.675582 0
    outer loop
      vertex -49.4975 -49.4975 0
      vertex -53.6231 -44.9951 5
      vertex -53.6231 -44.9951 0
    endloop
  endfacet
  facet normal -0.737285 -0.675582 0
    outer loop
      vertex -53.6231 -44.9951 5
      vertex -49.4975 -49.4975 0
      vertex -49.4975 -49.4975 5
    endloop
  endfacet
  facet normal -0.461741 0.887015 0
    outer loop
      vertex -29.5833 63.4415 0
      vertex -35 60.6218 5
      vertex -29.5833 63.4415 5
    endloop
  endfacet
  facet normal -0.461741 0.887015 0
    outer loop
      vertex -35 60.6218 5
      vertex -29.5833 63.4415 0
      vertex -35 60.6218 0
    endloop
  endfacet
  facet normal -0.991445 -0.130528 0
    outer loop
      vertex -68.9365 -12.1554 0
      vertex -69.7336 -6.1009 5
      vertex -69.7336 -6.1009 0
    endloop
  endfacet
  facet normal -0.991445 -0.130528 0
    outer loop
      vertex -69.7336 -6.1009 5
      vertex -68.9365 -12.1554 0
      vertex -68.9365 -12.1554 5
    endloop
  endfacet
  facet normal -0.0436241 -0.999048 0
    outer loop
      vertex -6.1009 -69.7336 0
      vertex 0 -70 5
      vertex -6.1009 -69.7336 5
    endloop
  endfacet
  facet normal -0.0436241 -0.999048 -0
    outer loop
      vertex 0 -70 5
      vertex -6.1009 -69.7336 0
      vertex 0 -70 0
    endloop
  endfacet
  facet normal 0.887015 -0.461741 0
    outer loop
      vertex 60.6218 -35 5
      vertex 63.4415 -29.5833 0
      vertex 63.4415 -29.5833 5
    endloop
  endfacet
  facet normal 0.887015 -0.461741 0
    outer loop
      vertex 63.4415 -29.5833 0
      vertex 60.6218 -35 5
      vertex 60.6218 -35 0
    endloop
  endfacet
  facet normal 0.793357 0.608757 0
    outer loop
      vertex 57.3406 40.1503 5
      vertex 53.6231 44.9951 0
      vertex 53.6231 44.9951 5
    endloop
  endfacet
  facet normal 0.793357 0.608757 0
    outer loop
      vertex 53.6231 44.9951 0
      vertex 57.3406 40.1503 5
      vertex 57.3406 40.1503 0
    endloop
  endfacet
  facet normal 0.537311 -0.843384 0
    outer loop
      vertex 35 -60.6218 0
      vertex 40.1503 -57.3406 5
      vertex 35 -60.6218 5
    endloop
  endfacet
  facet normal 0.537311 -0.843384 0
    outer loop
      vertex 40.1503 -57.3406 5
      vertex 35 -60.6218 0
      vertex 40.1503 -57.3406 0
    endloop
  endfacet
  facet normal -0.991445 0.130528 0
    outer loop
      vertex -69.7336 6.1009 0
      vertex -68.9365 12.1554 5
      vertex -68.9365 12.1554 0
    endloop
  endfacet
  facet normal -0.991445 0.130528 0
    outer loop
      vertex -68.9365 12.1554 5
      vertex -69.7336 6.1009 0
      vertex -69.7336 6.1009 5
    endloop
  endfacet
  facet normal -0.300701 -0.953718 0
    outer loop
      vertex -23.9414 -65.7785 0
      vertex -18.1173 -67.6148 5
      vertex -23.9414 -65.7785 5
    endloop
  endfacet
  facet normal -0.300701 -0.953718 -0
    outer loop
      vertex -18.1173 -67.6148 5
      vertex -23.9414 -65.7785 0
      vertex -18.1173 -67.6148 0
    endloop
  endfacet
  facet normal -0.923877 0.38269 0
    outer loop
      vertex -65.7785 23.9414 0
      vertex -63.4415 29.5833 5
      vertex -63.4415 29.5833 0
    endloop
  endfacet
  facet normal -0.923877 0.38269 0
    outer loop
      vertex -63.4415 29.5833 5
      vertex -65.7785 23.9414 0
      vertex -65.7785 23.9414 5
    endloop
  endfacet
  facet normal 0.675582 -0.737285 0
    outer loop
      vertex 44.9951 -53.6231 0
      vertex 49.4975 -49.4975 5
      vertex 44.9951 -53.6231 5
    endloop
  endfacet
  facet normal 0.675582 -0.737285 0
    outer loop
      vertex 49.4975 -49.4975 5
      vertex 44.9951 -53.6231 0
      vertex 49.4975 -49.4975 0
    endloop
  endfacet
  facet normal -0.887015 0.461741 0
    outer loop
      vertex -63.4415 29.5833 0
      vertex -60.6218 35 5
      vertex -60.6218 35 0
    endloop
  endfacet
  facet normal -0.887015 0.461741 0
    outer loop
      vertex -60.6218 35 5
      vertex -63.4415 29.5833 0
      vertex -63.4415 29.5833 5
    endloop
  endfacet
  facet normal -0.793357 0.608757 0
    outer loop
      vertex -57.3406 40.1503 0
      vertex -53.6231 44.9951 5
      vertex -53.6231 44.9951 0
    endloop
  endfacet
  facet normal -0.793357 0.608757 0
    outer loop
      vertex -53.6231 44.9951 5
      vertex -57.3406 40.1503 0
      vertex -57.3406 40.1503 5
    endloop
  endfacet
  facet normal -0.991495 -0.130144 0
    outer loop
      vertex 11.1935 0.148165 0
      vertex 11.1742 0.295201 3
      vertex 11.1742 0.295201 0
    endloop
  endfacet
  facet normal -0.991495 -0.130144 0
    outer loop
      vertex 11.1742 0.295201 3
      vertex 11.1935 0.148165 0
      vertex 11.1935 0.148165 3
    endloop
  endfacet
  facet normal -0.999039 -0.0438279 0
    outer loop
      vertex 11.2 0 0
      vertex 11.1935 0.148165 3
      vertex 11.1935 0.148165 0
    endloop
  endfacet
  facet normal -0.999039 -0.0438279 0
    outer loop
      vertex 11.1935 0.148165 3
      vertex 11.2 0 0
      vertex 11.2 0 3
    endloop
  endfacet
  facet normal -0.976295 -0.216444 0
    outer loop
      vertex 11.1742 0.295201 0
      vertex 11.1421 0.439992 3
      vertex 11.1421 0.439992 0
    endloop
  endfacet
  facet normal -0.976295 -0.216444 0
    outer loop
      vertex 11.1421 0.439992 3
      vertex 11.1742 0.295201 0
      vertex 11.1742 0.295201 3
    endloop
  endfacet
  facet normal -0.130538 0.991443 0
    outer loop
      vertex 9.7952 -1.67417 0
      vertex 9.64816 -1.69353 3
      vertex 9.7952 -1.67417 3
    endloop
  endfacet
  facet normal -0.130538 0.991443 0
    outer loop
      vertex 9.64816 -1.69353 3
      vertex 9.7952 -1.67417 0
      vertex 9.64816 -1.69353 0
    endloop
  endfacet
  facet normal -0.300728 0.95371 0
    outer loop
      vertex 10.0814 -1.59748 0
      vertex 9.93999 -1.64207 3
      vertex 10.0814 -1.59748 3
    endloop
  endfacet
  facet normal -0.300728 0.95371 0
    outer loop
      vertex 9.93999 -1.64207 3
      vertex 10.0814 -1.59748 0
      vertex 9.93999 -1.64207 0
    endloop
  endfacet
  facet normal 0.953729 -0.300668 0
    outer loop
      vertex 7.85793 0.439992 3
      vertex 7.90252 0.581433 0
      vertex 7.90252 0.581433 3
    endloop
  endfacet
  facet normal 0.953729 -0.300668 0
    outer loop
      vertex 7.90252 0.581433 0
      vertex 7.85793 0.439992 3
      vertex 7.85793 0.439992 0
    endloop
  endfacet
  facet normal 0.793333 0.608788 0
    outer loop
      vertex 8.19773 -1.09274 3
      vertex 8.10744 -0.97508 0
      vertex 8.10744 -0.97508 3
    endloop
  endfacet
  facet normal 0.793333 0.608788 0
    outer loop
      vertex 8.10744 -0.97508 0
      vertex 8.19773 -1.09274 3
      vertex 8.19773 -1.09274 0
    endloop
  endfacet
  facet normal -0.95371 -0.300729 0
    outer loop
      vertex 11.1421 0.439992 0
      vertex 11.0975 0.581433 3
      vertex 11.0975 0.581433 0
    endloop
  endfacet
  facet normal -0.95371 -0.300729 0
    outer loop
      vertex 11.0975 0.581433 3
      vertex 11.1421 0.439992 0
      vertex 11.1421 0.439992 3
    endloop
  endfacet
  facet normal -0.7933 -0.608831 0
    outer loop
      vertex 10.8926 0.97508 0
      vertex 10.8023 1.09274 3
      vertex 10.8023 1.09274 0
    endloop
  endfacet
  facet normal -0.7933 -0.608831 0
    outer loop
      vertex 10.8023 1.09274 3
      vertex 10.8926 0.97508 0
      vertex 10.8926 0.97508 3
    endloop
  endfacet
  facet normal 0.537277 -0.843406 0
    outer loop
      vertex 8.52492 1.39256 0
      vertex 8.65 1.47224 3
      vertex 8.52492 1.39256 3
    endloop
  endfacet
  facet normal 0.537277 -0.843406 0
    outer loop
      vertex 8.65 1.47224 3
      vertex 8.52492 1.39256 0
      vertex 8.65 1.47224 0
    endloop
  endfacet
  facet normal 0.30067 -0.953728 0
    outer loop
      vertex 8.91857 1.59748 0
      vertex 9.06001 1.64207 3
      vertex 8.91857 1.59748 3
    endloop
  endfacet
  facet normal 0.30067 -0.953728 0
    outer loop
      vertex 9.06001 1.64207 3
      vertex 8.91857 1.59748 0
      vertex 9.06001 1.64207 0
    endloop
  endfacet
  facet normal 0.216445 -0.976295 0
    outer loop
      vertex 9.06001 1.64207 0
      vertex 9.2048 1.67417 3
      vertex 9.06001 1.64207 3
    endloop
  endfacet
  facet normal 0.216445 -0.976295 0
    outer loop
      vertex 9.2048 1.67417 3
      vertex 9.06001 1.64207 0
      vertex 9.2048 1.67417 0
    endloop
  endfacet
  facet normal 0.923867 0.382714 0
    outer loop
      vertex 7.95928 -0.718451 3
      vertex 7.90252 -0.581433 0
      vertex 7.90252 -0.581433 3
    endloop
  endfacet
  facet normal 0.923867 0.382714 0
    outer loop
      vertex 7.90252 -0.581433 0
      vertex 7.95928 -0.718451 3
      vertex 7.95928 -0.718451 0
    endloop
  endfacet
  facet normal -0.843652 -0.53689 0
    outer loop
      vertex 10.9722 0.849999 0
      vertex 10.8926 0.97508 3
      vertex 10.8926 0.97508 0
    endloop
  endfacet
  facet normal -0.843652 -0.53689 0
    outer loop
      vertex 10.8926 0.97508 3
      vertex 10.9722 0.849999 0
      vertex 10.9722 0.849999 3
    endloop
  endfacet
  facet normal -0.95371 0.300729 0
    outer loop
      vertex 11.0975 -0.581433 0
      vertex 11.1421 -0.439992 3
      vertex 11.1421 -0.439992 0
    endloop
  endfacet
  facet normal -0.95371 0.300729 0
    outer loop
      vertex 11.1421 -0.439992 3
      vertex 11.0975 -0.581433 0
      vertex 11.0975 -0.581433 3
    endloop
  endfacet
  facet normal -0.675383 -0.737467 0
    outer loop
      vertex 10.5927 1.30227 0
      vertex 10.7021 1.20208 3
      vertex 10.5927 1.30227 3
    endloop
  endfacet
  facet normal -0.675383 -0.737467 -0
    outer loop
      vertex 10.7021 1.20208 3
      vertex 10.5927 1.30227 0
      vertex 10.7021 1.20208 0
    endloop
  endfacet
  facet normal -0.537216 -0.843445 0
    outer loop
      vertex 10.35 1.47224 0
      vertex 10.4751 1.39256 3
      vertex 10.35 1.47224 3
    endloop
  endfacet
  facet normal -0.537216 -0.843445 -0
    outer loop
      vertex 10.4751 1.39256 3
      vertex 10.35 1.47224 0
      vertex 10.4751 1.39256 0
    endloop
  endfacet
  facet normal -0.999039 0.0438279 0
    outer loop
      vertex 11.1935 -0.148165 0
      vertex 11.2 0 3
      vertex 11.2 0 0
    endloop
  endfacet
  facet normal -0.999039 0.0438279 0
    outer loop
      vertex 11.2 0 3
      vertex 11.1935 -0.148165 0
      vertex 11.1935 -0.148165 3
    endloop
  endfacet
  facet normal 0.216445 0.976295 -0
    outer loop
      vertex 9.2048 -1.67417 0
      vertex 9.06001 -1.64207 3
      vertex 9.2048 -1.67417 3
    endloop
  endfacet
  facet normal 0.216445 0.976295 0
    outer loop
      vertex 9.06001 -1.64207 3
      vertex 9.2048 -1.67417 0
      vertex 9.06001 -1.64207 0
    endloop
  endfacet
  facet normal -0.608984 -0.793183 0
    outer loop
      vertex 10.4751 1.39256 0
      vertex 10.5927 1.30227 3
      vertex 10.4751 1.39256 3
    endloop
  endfacet
  facet normal -0.608984 -0.793183 -0
    outer loop
      vertex 10.5927 1.30227 3
      vertex 10.4751 1.39256 0
      vertex 10.5927 1.30227 0
    endloop
  endfacet
  facet normal 0.953729 0.300668 0
    outer loop
      vertex 7.90252 -0.581433 3
      vertex 7.85793 -0.439992 0
      vertex 7.85793 -0.439992 3
    endloop
  endfacet
  facet normal 0.953729 0.300668 0
    outer loop
      vertex 7.85793 -0.439992 0
      vertex 7.90252 -0.581433 3
      vertex 7.90252 -0.581433 0
    endloop
  endfacet
  facet normal 0.608788 -0.793333 0
    outer loop
      vertex 8.40726 1.30227 0
      vertex 8.52492 1.39256 3
      vertex 8.40726 1.30227 3
    endloop
  endfacet
  facet normal 0.608788 -0.793333 0
    outer loop
      vertex 8.52492 1.39256 3
      vertex 8.40726 1.30227 0
      vertex 8.52492 1.39256 0
    endloop
  endfacet
  facet normal -0.216445 0.976295 0
    outer loop
      vertex 9.93999 -1.64207 0
      vertex 9.7952 -1.67417 3
      vertex 9.93999 -1.64207 3
    endloop
  endfacet
  facet normal -0.216445 0.976295 0
    outer loop
      vertex 9.7952 -1.67417 3
      vertex 9.93999 -1.64207 0
      vertex 9.7952 -1.67417 0
    endloop
  endfacet
  facet normal 0.382709 0.923869 -0
    outer loop
      vertex 8.91857 -1.59748 0
      vertex 8.78155 -1.54072 3
      vertex 8.91857 -1.59748 3
    endloop
  endfacet
  facet normal 0.382709 0.923869 0
    outer loop
      vertex 8.78155 -1.54072 3
      vertex 8.91857 -1.59748 0
      vertex 8.78155 -1.54072 0
    endloop
  endfacet
  facet normal -0.461884 0.886941 0
    outer loop
      vertex 10.35 -1.47224 0
      vertex 10.2185 -1.54072 3
      vertex 10.35 -1.47224 3
    endloop
  endfacet
  facet normal -0.461884 0.886941 0
    outer loop
      vertex 10.2185 -1.54072 3
      vertex 10.35 -1.47224 0
      vertex 10.2185 -1.54072 0
    endloop
  endfacet
  facet normal 0.0436274 -0.999048 0
    outer loop
      vertex 9.35184 1.69353 0
      vertex 9.5 1.7 3
      vertex 9.35184 1.69353 3
    endloop
  endfacet
  facet normal 0.0436274 -0.999048 0
    outer loop
      vertex 9.5 1.7 3
      vertex 9.35184 1.69353 0
      vertex 9.5 1.7 0
    endloop
  endfacet
  facet normal 0.537277 0.843406 -0
    outer loop
      vertex 8.65 -1.47224 0
      vertex 8.52492 -1.39256 3
      vertex 8.65 -1.47224 3
    endloop
  endfacet
  facet normal 0.537277 0.843406 0
    outer loop
      vertex 8.52492 -1.39256 3
      vertex 8.65 -1.47224 0
      vertex 8.52492 -1.39256 0
    endloop
  endfacet
  facet normal -0.0436274 0.999048 0
    outer loop
      vertex 9.64816 -1.69353 0
      vertex 9.5 -1.7 3
      vertex 9.64816 -1.69353 3
    endloop
  endfacet
  facet normal -0.0436274 0.999048 0
    outer loop
      vertex 9.5 -1.7 3
      vertex 9.64816 -1.69353 0
      vertex 9.5 -1.7 0
    endloop
  endfacet
  facet normal 0.88701 0.461751 0
    outer loop
      vertex 8.02776 -0.849999 3
      vertex 7.95928 -0.718451 0
      vertex 7.95928 -0.718451 3
    endloop
  endfacet
  facet normal 0.88701 0.461751 0
    outer loop
      vertex 7.95928 -0.718451 0
      vertex 8.02776 -0.849999 3
      vertex 8.02776 -0.849999 0
    endloop
  endfacet
  facet normal -0.461884 -0.886941 0
    outer loop
      vertex 10.2185 1.54072 0
      vertex 10.35 1.47224 3
      vertex 10.2185 1.54072 3
    endloop
  endfacet
  facet normal -0.461884 -0.886941 -0
    outer loop
      vertex 10.35 1.47224 3
      vertex 10.2185 1.54072 0
      vertex 10.35 1.47224 0
    endloop
  endfacet
  facet normal -0.675383 0.737467 0
    outer loop
      vertex 10.7021 -1.20208 0
      vertex 10.5927 -1.30227 3
      vertex 10.7021 -1.20208 3
    endloop
  endfacet
  facet normal -0.675383 0.737467 0
    outer loop
      vertex 10.5927 -1.30227 3
      vertex 10.7021 -1.20208 0
      vertex 10.5927 -1.30227 0
    endloop
  endfacet
  facet normal -0.537216 0.843445 0
    outer loop
      vertex 10.4751 -1.39256 0
      vertex 10.35 -1.47224 3
      vertex 10.4751 -1.39256 3
    endloop
  endfacet
  facet normal -0.537216 0.843445 0
    outer loop
      vertex 10.35 -1.47224 3
      vertex 10.4751 -1.39256 0
      vertex 10.35 -1.47224 0
    endloop
  endfacet
  facet normal -0.7933 0.608831 0
    outer loop
      vertex 10.8023 -1.09274 0
      vertex 10.8926 -0.97508 3
      vertex 10.8926 -0.97508 0
    endloop
  endfacet
  facet normal -0.7933 0.608831 0
    outer loop
      vertex 10.8926 -0.97508 3
      vertex 10.8023 -1.09274 0
      vertex 10.8023 -1.09274 3
    endloop
  endfacet
  facet normal 0.999048 -0.043626 0
    outer loop
      vertex 7.8 0 3
      vertex 7.80647 0.148165 0
      vertex 7.80647 0.148165 3
    endloop
  endfacet
  facet normal 0.999048 -0.043626 0
    outer loop
      vertex 7.80647 0.148165 0
      vertex 7.8 0 3
      vertex 7.8 0 0
    endloop
  endfacet
  facet normal -0.608984 0.793183 0
    outer loop
      vertex 10.5927 -1.30227 0
      vertex 10.4751 -1.39256 3
      vertex 10.5927 -1.30227 3
    endloop
  endfacet
  facet normal -0.608984 0.793183 0
    outer loop
      vertex 10.4751 -1.39256 3
      vertex 10.5927 -1.30227 0
      vertex 10.4751 -1.39256 0
    endloop
  endfacet
  facet normal -0.923772 -0.382944 0
    outer loop
      vertex 11.0975 0.581433 0
      vertex 11.0407 0.718451 3
      vertex 11.0407 0.718451 0
    endloop
  endfacet
  facet normal -0.923772 -0.382944 0
    outer loop
      vertex 11.0407 0.718451 3
      vertex 11.0975 0.581433 0
      vertex 11.0975 0.581433 3
    endloop
  endfacet
  facet normal -0.737249 -0.675621 0
    outer loop
      vertex 10.8023 1.09274 0
      vertex 10.7021 1.20208 3
      vertex 10.7021 1.20208 0
    endloop
  endfacet
  facet normal -0.737249 -0.675621 0
    outer loop
      vertex 10.7021 1.20208 3
      vertex 10.8023 1.09274 0
      vertex 10.8023 1.09274 3
    endloop
  endfacet
  facet normal 0.923867 -0.382714 0
    outer loop
      vertex 7.90252 0.581433 3
      vertex 7.95928 0.718451 0
      vertex 7.95928 0.718451 3
    endloop
  endfacet
  facet normal 0.923867 -0.382714 0
    outer loop
      vertex 7.95928 0.718451 0
      vertex 7.90252 0.581433 3
      vertex 7.90252 0.581433 0
    endloop
  endfacet
  facet normal -0.382518 0.923948 0
    outer loop
      vertex 10.2185 -1.54072 0
      vertex 10.0814 -1.59748 3
      vertex 10.2185 -1.54072 3
    endloop
  endfacet
  facet normal -0.382518 0.923948 0
    outer loop
      vertex 10.0814 -1.59748 3
      vertex 10.2185 -1.54072 0
      vertex 10.0814 -1.59748 0
    endloop
  endfacet
  facet normal -0.886954 -0.461857 0
    outer loop
      vertex 11.0407 0.718451 0
      vertex 10.9722 0.849999 3
      vertex 10.9722 0.849999 0
    endloop
  endfacet
  facet normal -0.886954 -0.461857 0
    outer loop
      vertex 10.9722 0.849999 3
      vertex 11.0407 0.718451 0
      vertex 11.0407 0.718451 3
    endloop
  endfacet
  facet normal 0.675584 -0.737283 0
    outer loop
      vertex 8.29792 1.20208 0
      vertex 8.40726 1.30227 3
      vertex 8.29792 1.20208 3
    endloop
  endfacet
  facet normal 0.675584 -0.737283 0
    outer loop
      vertex 8.40726 1.30227 3
      vertex 8.29792 1.20208 0
      vertex 8.40726 1.30227 0
    endloop
  endfacet
  facet normal 0.675584 0.737283 -0
    outer loop
      vertex 8.40726 -1.30227 0
      vertex 8.29792 -1.20208 3
      vertex 8.40726 -1.30227 3
    endloop
  endfacet
  facet normal 0.675584 0.737283 0
    outer loop
      vertex 8.29792 -1.20208 3
      vertex 8.40726 -1.30227 0
      vertex 8.29792 -1.20208 0
    endloop
  endfacet
  facet normal -0.130538 -0.991443 0
    outer loop
      vertex 9.64816 1.69353 0
      vertex 9.7952 1.67417 3
      vertex 9.64816 1.69353 3
    endloop
  endfacet
  facet normal -0.130538 -0.991443 -0
    outer loop
      vertex 9.7952 1.67417 3
      vertex 9.64816 1.69353 0
      vertex 9.7952 1.67417 0
    endloop
  endfacet
  facet normal 0.461745 -0.887012 0
    outer loop
      vertex 8.65 1.47224 0
      vertex 8.78155 1.54072 3
      vertex 8.65 1.47224 3
    endloop
  endfacet
  facet normal 0.461745 -0.887012 0
    outer loop
      vertex 8.78155 1.54072 3
      vertex 8.65 1.47224 0
      vertex 8.78155 1.54072 0
    endloop
  endfacet
  facet normal 0.382709 -0.923869 0
    outer loop
      vertex 8.78155 1.54072 0
      vertex 8.91857 1.59748 3
      vertex 8.78155 1.54072 3
    endloop
  endfacet
  facet normal 0.382709 -0.923869 0
    outer loop
      vertex 8.91857 1.59748 3
      vertex 8.78155 1.54072 0
      vertex 8.91857 1.59748 0
    endloop
  endfacet
  facet normal 0.991443 -0.130542 0
    outer loop
      vertex 7.80647 0.148165 3
      vertex 7.82583 0.295201 0
      vertex 7.82583 0.295201 3
    endloop
  endfacet
  facet normal 0.991443 -0.130542 0
    outer loop
      vertex 7.82583 0.295201 0
      vertex 7.80647 0.148165 3
      vertex 7.80647 0.148165 0
    endloop
  endfacet
  facet normal 0.976295 -0.216444 0
    outer loop
      vertex 7.82583 0.295201 3
      vertex 7.85793 0.439992 0
      vertex 7.85793 0.439992 3
    endloop
  endfacet
  facet normal 0.976295 -0.216444 0
    outer loop
      vertex 7.85793 0.439992 0
      vertex 7.82583 0.295201 3
      vertex 7.82583 0.295201 0
    endloop
  endfacet
  facet normal -0.923772 0.382944 0
    outer loop
      vertex 11.0407 -0.718451 0
      vertex 11.0975 -0.581433 3
      vertex 11.0975 -0.581433 0
    endloop
  endfacet
  facet normal -0.923772 0.382944 0
    outer loop
      vertex 11.0975 -0.581433 3
      vertex 11.0407 -0.718451 0
      vertex 11.0407 -0.718451 3
    endloop
  endfacet
  facet normal -0.216445 -0.976295 0
    outer loop
      vertex 9.7952 1.67417 0
      vertex 9.93999 1.64207 3
      vertex 9.7952 1.67417 3
    endloop
  endfacet
  facet normal -0.216445 -0.976295 -0
    outer loop
      vertex 9.93999 1.64207 3
      vertex 9.7952 1.67417 0
      vertex 9.93999 1.64207 0
    endloop
  endfacet
  facet normal 0.793333 -0.608788 0
    outer loop
      vertex 8.10744 0.97508 3
      vertex 8.19773 1.09274 0
      vertex 8.19773 1.09274 3
    endloop
  endfacet
  facet normal 0.793333 -0.608788 0
    outer loop
      vertex 8.19773 1.09274 0
      vertex 8.10744 0.97508 3
      vertex 8.10744 0.97508 0
    endloop
  endfacet
  facet normal 0.999048 0.043626 0
    outer loop
      vertex 7.80647 -0.148165 3
      vertex 7.8 0 0
      vertex 7.8 0 3
    endloop
  endfacet
  facet normal 0.999048 0.043626 0
    outer loop
      vertex 7.8 0 0
      vertex 7.80647 -0.148165 3
      vertex 7.80647 -0.148165 0
    endloop
  endfacet
  facet normal 0.461745 0.887012 -0
    outer loop
      vertex 8.78155 -1.54072 0
      vertex 8.65 -1.47224 3
      vertex 8.78155 -1.54072 3
    endloop
  endfacet
  facet normal 0.461745 0.887012 0
    outer loop
      vertex 8.65 -1.47224 3
      vertex 8.78155 -1.54072 0
      vertex 8.65 -1.47224 0
    endloop
  endfacet
  facet normal -0.0436274 -0.999048 0
    outer loop
      vertex 9.5 1.7 0
      vertex 9.64816 1.69353 3
      vertex 9.5 1.7 3
    endloop
  endfacet
  facet normal -0.0436274 -0.999048 -0
    outer loop
      vertex 9.64816 1.69353 3
      vertex 9.5 1.7 0
      vertex 9.64816 1.69353 0
    endloop
  endfacet
  facet normal -0.976295 0.216444 0
    outer loop
      vertex 11.1421 -0.439992 0
      vertex 11.1742 -0.295201 3
      vertex 11.1742 -0.295201 0
    endloop
  endfacet
  facet normal -0.976295 0.216444 0
    outer loop
      vertex 11.1742 -0.295201 3
      vertex 11.1421 -0.439992 0
      vertex 11.1421 -0.439992 3
    endloop
  endfacet
  facet normal 0.737283 0.675584 0
    outer loop
      vertex 8.29792 -1.20208 3
      vertex 8.19773 -1.09274 0
      vertex 8.19773 -1.09274 3
    endloop
  endfacet
  facet normal 0.737283 0.675584 0
    outer loop
      vertex 8.19773 -1.09274 0
      vertex 8.29792 -1.20208 3
      vertex 8.29792 -1.20208 0
    endloop
  endfacet
  facet normal 0.976295 0.216444 0
    outer loop
      vertex 7.85793 -0.439992 3
      vertex 7.82583 -0.295201 0
      vertex 7.82583 -0.295201 3
    endloop
  endfacet
  facet normal 0.976295 0.216444 0
    outer loop
      vertex 7.82583 -0.295201 0
      vertex 7.85793 -0.439992 3
      vertex 7.85793 -0.439992 0
    endloop
  endfacet
  facet normal -0.886954 0.461857 0
    outer loop
      vertex 10.9722 -0.849999 0
      vertex 11.0407 -0.718451 3
      vertex 11.0407 -0.718451 0
    endloop
  endfacet
  facet normal -0.886954 0.461857 0
    outer loop
      vertex 11.0407 -0.718451 3
      vertex 10.9722 -0.849999 0
      vertex 10.9722 -0.849999 3
    endloop
  endfacet
  facet normal -0.382518 -0.923948 0
    outer loop
      vertex 10.0814 1.59748 0
      vertex 10.2185 1.54072 3
      vertex 10.0814 1.59748 3
    endloop
  endfacet
  facet normal -0.382518 -0.923948 -0
    outer loop
      vertex 10.2185 1.54072 3
      vertex 10.0814 1.59748 0
      vertex 10.2185 1.54072 0
    endloop
  endfacet
  facet normal -0.300728 -0.95371 0
    outer loop
      vertex 9.93999 1.64207 0
      vertex 10.0814 1.59748 3
      vertex 9.93999 1.64207 3
    endloop
  endfacet
  facet normal -0.300728 -0.95371 -0
    outer loop
      vertex 10.0814 1.59748 3
      vertex 9.93999 1.64207 0
      vertex 10.0814 1.59748 0
    endloop
  endfacet
  facet normal 0.737283 -0.675584 0
    outer loop
      vertex 8.19773 1.09274 3
      vertex 8.29792 1.20208 0
      vertex 8.29792 1.20208 3
    endloop
  endfacet
  facet normal 0.737283 -0.675584 0
    outer loop
      vertex 8.29792 1.20208 0
      vertex 8.19773 1.09274 3
      vertex 8.19773 1.09274 0
    endloop
  endfacet
  facet normal 0.130538 -0.991443 0
    outer loop
      vertex 9.2048 1.67417 0
      vertex 9.35184 1.69353 3
      vertex 9.2048 1.67417 3
    endloop
  endfacet
  facet normal 0.130538 -0.991443 0
    outer loop
      vertex 9.35184 1.69353 3
      vertex 9.2048 1.67417 0
      vertex 9.35184 1.69353 0
    endloop
  endfacet
  facet normal 0.608788 0.793333 -0
    outer loop
      vertex 8.52492 -1.39256 0
      vertex 8.40726 -1.30227 3
      vertex 8.52492 -1.39256 3
    endloop
  endfacet
  facet normal 0.608788 0.793333 0
    outer loop
      vertex 8.40726 -1.30227 3
      vertex 8.52492 -1.39256 0
      vertex 8.40726 -1.30227 0
    endloop
  endfacet
  facet normal -0.843652 0.53689 0
    outer loop
      vertex 10.8926 -0.97508 0
      vertex 10.9722 -0.849999 3
      vertex 10.9722 -0.849999 0
    endloop
  endfacet
  facet normal -0.843652 0.53689 0
    outer loop
      vertex 10.9722 -0.849999 3
      vertex 10.8926 -0.97508 0
      vertex 10.8926 -0.97508 3
    endloop
  endfacet
  facet normal 0.30067 0.953728 -0
    outer loop
      vertex 9.06001 -1.64207 0
      vertex 8.91857 -1.59748 3
      vertex 9.06001 -1.64207 3
    endloop
  endfacet
  facet normal 0.30067 0.953728 0
    outer loop
      vertex 8.91857 -1.59748 3
      vertex 9.06001 -1.64207 0
      vertex 8.91857 -1.59748 0
    endloop
  endfacet
  facet normal 0.991443 0.130542 0
    outer loop
      vertex 7.82583 -0.295201 3
      vertex 7.80647 -0.148165 0
      vertex 7.80647 -0.148165 3
    endloop
  endfacet
  facet normal 0.991443 0.130542 0
    outer loop
      vertex 7.80647 -0.148165 0
      vertex 7.82583 -0.295201 3
      vertex 7.82583 -0.295201 0
    endloop
  endfacet
  facet normal 0.843408 0.537274 0
    outer loop
      vertex 8.10744 -0.97508 3
      vertex 8.02776 -0.849999 0
      vertex 8.02776 -0.849999 3
    endloop
  endfacet
  facet normal 0.843408 0.537274 0
    outer loop
      vertex 8.02776 -0.849999 0
      vertex 8.10744 -0.97508 3
      vertex 8.10744 -0.97508 0
    endloop
  endfacet
  facet normal 0.88701 -0.461751 0
    outer loop
      vertex 7.95928 0.718451 3
      vertex 8.02776 0.849999 0
      vertex 8.02776 0.849999 3
    endloop
  endfacet
  facet normal 0.88701 -0.461751 0
    outer loop
      vertex 8.02776 0.849999 0
      vertex 7.95928 0.718451 3
      vertex 7.95928 0.718451 0
    endloop
  endfacet
  facet normal -0.991495 0.130144 0
    outer loop
      vertex 11.1742 -0.295201 0
      vertex 11.1935 -0.148165 3
      vertex 11.1935 -0.148165 0
    endloop
  endfacet
  facet normal -0.991495 0.130144 0
    outer loop
      vertex 11.1935 -0.148165 3
      vertex 11.1742 -0.295201 0
      vertex 11.1742 -0.295201 3
    endloop
  endfacet
  facet normal -0.737249 0.675621 0
    outer loop
      vertex 10.7021 -1.20208 0
      vertex 10.8023 -1.09274 3
      vertex 10.8023 -1.09274 0
    endloop
  endfacet
  facet normal -0.737249 0.675621 0
    outer loop
      vertex 10.8023 -1.09274 3
      vertex 10.7021 -1.20208 0
      vertex 10.7021 -1.20208 3
    endloop
  endfacet
  facet normal 0.0436274 0.999048 -0
    outer loop
      vertex 9.5 -1.7 0
      vertex 9.35184 -1.69353 3
      vertex 9.5 -1.7 3
    endloop
  endfacet
  facet normal 0.0436274 0.999048 0
    outer loop
      vertex 9.35184 -1.69353 3
      vertex 9.5 -1.7 0
      vertex 9.35184 -1.69353 0
    endloop
  endfacet
  facet normal 0.130538 0.991443 -0
    outer loop
      vertex 9.35184 -1.69353 0
      vertex 9.2048 -1.67417 3
      vertex 9.35184 -1.69353 3
    endloop
  endfacet
  facet normal 0.130538 0.991443 0
    outer loop
      vertex 9.2048 -1.67417 3
      vertex 9.35184 -1.69353 0
      vertex 9.2048 -1.67417 0
    endloop
  endfacet
  facet normal 0.843408 -0.537274 0
    outer loop
      vertex 8.02776 0.849999 3
      vertex 8.10744 0.97508 0
      vertex 8.10744 0.97508 3
    endloop
  endfacet
  facet normal 0.843408 -0.537274 0
    outer loop
      vertex 8.10744 0.97508 0
      vertex 8.02776 0.849999 3
      vertex 8.02776 0.849999 0
    endloop
  endfacet
  facet normal -0.28508 -0.688592 0.666761
    outer loop
      vertex 10.2185 1.54072 3
      vertex 10.9747 3.16424 5
      vertex 10.0814 1.59748 3
    endloop
  endfacet
  facet normal -0.27686 -0.69215 0.666541
    outer loop
      vertex 10.9747 3.16424 5
      vertex 10.2185 1.54072 3
      vertex 10.9754 3.16396 5
    endloop
  endfacet
  facet normal -0.0972857 -0.738889 0.666768
    outer loop
      vertex 9.7952 1.67417 3
      vertex 10.1055 3.4381 5
      vertex 9.64816 1.69353 3
    endloop
  endfacet
  facet normal -0.0950433 -0.739226 0.666717
    outer loop
      vertex 10.1055 3.4381 5
      vertex 9.7952 1.67417 3
      vertex 10.1062 3.43801 5
    endloop
  endfacet
  facet normal 0.50349 0.549471 0.666768
    outer loop
      vertex 8.29792 -1.20208 3
      vertex 7.032 -2.46904 5
      vertex 8.40726 -1.30227 3
    endloop
  endfacet
  facet normal 0.506292 0.546795 0.666846
    outer loop
      vertex 7.032 -2.46904 5
      vertex 8.29792 -1.20208 3
      vertex 7.03146 -2.46854 5
    endloop
  endfacet
  facet normal -0.744568 -0.0323803 0.666761
    outer loop
      vertex 12.991 0 5
      vertex 12.9778 0.303527 5
      vertex 11.2 0 3
    endloop
  endfacet
  facet normal -0.7462 0 0.665722
    outer loop
      vertex 11.1935 0.148165 3
      vertex 12.9778 0.303527 5
      vertex 12.9778 0.304264 5
    endloop
  endfacet
  facet normal -0.74454 -0.032663 0.666779
    outer loop
      vertex 12.9778 0.303527 5
      vertex 11.1935 0.148165 3
      vertex 11.2 0 3
    endloop
  endfacet
  facet normal -0.440952 0.601299 0.666334
    outer loop
      vertex 10.5927 -1.30227 3
      vertex 11.7434 -2.67474 5
      vertex 11.744 -2.6743 5
    endloop
  endfacet
  facet normal -0.453851 0.591127 0.666775
    outer loop
      vertex 11.7434 -2.67474 5
      vertex 10.5927 -1.30227 3
      vertex 10.4751 -1.39256 3
    endloop
  endfacet
  facet normal 0.161675 -0.727539 0.666745
    outer loop
      vertex 9.06001 1.64207 3
      vertex 8.89379 3.43801 5
      vertex 8.89307 3.43785 5
    endloop
  endfacet
  facet normal 0.161309 -0.727599 0.666768
    outer loop
      vertex 8.89379 3.43801 5
      vertex 9.06001 1.64207 3
      vertex 9.2048 1.67417 3
    endloop
  endfacet
  facet normal -0.738865 0.0973812 0.666779
    outer loop
      vertex 12.9381 -0.605482 5
      vertex 12.9778 -0.304264 5
      vertex 11.1935 -0.148165 3
    endloop
  endfacet
  facet normal 0.549471 0.50349 0.666768
    outer loop
      vertex 7.03096 -2.468 5
      vertex 8.29792 -1.20208 3
      vertex 8.19773 -1.09274 3
    endloop
  endfacet
  facet normal 0.546795 0.506292 0.666846
    outer loop
      vertex 8.29792 -1.20208 3
      vertex 7.03096 -2.468 5
      vertex 7.03146 -2.46854 5
    endloop
  endfacet
  facet normal -0.710776 0.224126 0.666757
    outer loop
      vertex 11.0975 -0.581433 3
      vertex 12.7807 -1.1933 5
      vertex 11.1421 -0.439992 3
    endloop
  endfacet
  facet normal -0.717936 0.202235 0.666085
    outer loop
      vertex 12.7807 -1.1933 5
      vertex 11.0975 -0.581433 3
      vertex 12.7805 -1.19401 5
    endloop
  endfacet
  facet normal 0.0325266 0.744555 0.666768
    outer loop
      vertex 9.5 -3.49105 5
      vertex 9.5 -1.7 3
      vertex 9.19647 -3.47779 5
    endloop
  endfacet
  facet normal -0.166126 0.726803 0.666453
    outer loop
      vertex 9.93999 -1.64207 3
      vertex 10.1062 -3.43801 5
      vertex 10.1069 -3.43785 5
    endloop
  endfacet
  facet normal -0.161309 0.727599 0.666768
    outer loop
      vertex 10.1062 -3.43801 5
      vertex 9.93999 -1.64207 3
      vertex 9.7952 -1.67417 3
    endloop
  endfacet
  facet normal -0.503493 -0.549461 0.666774
    outer loop
      vertex 11.968 2.46904 5
      vertex 11.744 2.6743 5
      vertex 10.5927 1.30227 3
    endloop
  endfacet
  facet normal 0.727599 0.161309 0.666768
    outer loop
      vertex 6.12791 -0.903549 5
      vertex 7.85793 -0.439992 3
      vertex 6.06215 -0.606933 5
    endloop
  endfacet
  facet normal 0.453707 0.591246 0.666767
    outer loop
      vertex 7.49762 -2.8597 5
      vertex 8.52492 -1.39256 3
      vertex 7.25659 -2.67474 5
    endloop
  endfacet
  facet normal 0.503496 0.549465 0.666768
    outer loop
      vertex 7.256 -2.6743 5
      vertex 8.40726 -1.30227 3
      vertex 7.032 -2.46904 5
    endloop
  endfacet
  facet normal -0.727636 0.16117 0.666761
    outer loop
      vertex 12.8721 -0.903549 5
      vertex 12.9378 -0.606933 5
      vertex 11.1421 -0.439992 3
    endloop
  endfacet
  facet normal 0.283772 -0.689159 0.666733
    outer loop
      vertex 8.78155 1.54072 3
      vertex 8.0253 3.16424 5
      vertex 8.02462 3.16396 5
    endloop
  endfacet
  facet normal 0.28522 -0.688528 0.666768
    outer loop
      vertex 8.0253 3.16424 5
      vertex 8.78155 1.54072 3
      vertex 8.91857 1.59748 3
    endloop
  endfacet
  facet normal 0.744555 -0.0325269 0.666768
    outer loop
      vertex 7.8 0 3
      vertex 6.02221 0.303527 5
      vertex 6.00895 0 5
    endloop
  endfacet
  facet normal 0.689159 -0.283772 0.666733
    outer loop
      vertex 6.33576 1.4747 5
      vertex 7.95928 0.718451 3
      vertex 6.33604 1.47538 5
    endloop
  endfacet
  facet normal 0.688526 -0.285223 0.666768
    outer loop
      vertex 7.95928 0.718451 3
      vertex 6.33576 1.4747 5
      vertex 7.90252 0.581433 3
    endloop
  endfacet
  facet normal 0.549465 -0.503496 0.666768
    outer loop
      vertex 8.19773 1.09274 3
      vertex 7.03096 2.468 5
      vertex 6.8257 2.244 5
    endloop
  endfacet
  facet normal 0.032514 0.744557 0.666767
    outer loop
      vertex 9.35184 -1.69353 3
      vertex 9.19647 -3.47779 5
      vertex 9.5 -1.7 3
    endloop
  endfacet
  facet normal 0.0306031 0.744675 0.666725
    outer loop
      vertex 9.19647 -3.47779 5
      vertex 9.35184 -1.69353 3
      vertex 9.19574 -3.47776 5
    endloop
  endfacet
  facet normal -0.0972791 0.73889 0.666767
    outer loop
      vertex 9.80426 -3.47776 5
      vertex 10.1055 -3.4381 5
      vertex 9.64816 -1.69353 3
    endloop
  endfacet
  facet normal -0.344121 0.661064 0.666765
    outer loop
      vertex 10.9754 -3.16396 5
      vertex 11.2449 -3.02367 5
      vertex 10.2185 -1.54072 3
    endloop
  endfacet
  facet normal 0.738889 0.0972883 0.666767
    outer loop
      vertex 6.0619 -0.605482 5
      vertex 7.82583 -0.295201 3
      vertex 7.80647 -0.148165 3
    endloop
  endfacet
  facet normal 0.739812 0.0910849 0.666619
    outer loop
      vertex 7.82583 -0.295201 3
      vertex 6.0619 -0.605482 5
      vertex 6.06199 -0.606213 5
    endloop
  endfacet
  facet normal 0.628547 0.400437 0.666768
    outer loop
      vertex 6.6403 -2.00238 5
      vertex 8.10744 -0.97508 3
      vertex 6.47706 -1.74615 5
    endloop
  endfacet
  facet normal 0.22411 0.710771 0.666768
    outer loop
      vertex 8.59645 -3.37209 5
      vertex 9.06001 -1.64207 3
      vertex 8.3067 -3.28073 5
    endloop
  endfacet
  facet normal -0.440952 -0.601299 0.666334
    outer loop
      vertex 11.7434 2.67474 5
      vertex 10.5927 1.30227 3
      vertex 11.744 2.6743 5
    endloop
  endfacet
  facet normal -0.453851 -0.591127 0.666775
    outer loop
      vertex 10.5927 1.30227 3
      vertex 11.7434 2.67474 5
      vertex 10.4751 1.39256 3
    endloop
  endfacet
  facet normal -0.503493 0.549461 0.666774
    outer loop
      vertex 11.744 -2.6743 5
      vertex 11.968 -2.46904 5
      vertex 10.5927 -1.30227 3
    endloop
  endfacet
  facet normal 0.344123 -0.66106 0.666767
    outer loop
      vertex 7.75513 3.02367 5
      vertex 8.65 1.47224 3
      vertex 8.78155 1.54072 3
    endloop
  endfacet
  facet normal 0.345416 -0.660354 0.666798
    outer loop
      vertex 8.65 1.47224 3
      vertex 7.75513 3.02367 5
      vertex 7.75448 3.02333 5
    endloop
  endfacet
  facet normal -0.629144 0.399456 0.666793
    outer loop
      vertex 10.9722 -0.849999 3
      vertex 12.5229 -1.74615 5
      vertex 12.5233 -1.74552 5
    endloop
  endfacet
  facet normal -0.628738 0.400121 0.666777
    outer loop
      vertex 12.5229 -1.74615 5
      vertex 10.9722 -0.849999 3
      vertex 10.8926 -0.97508 3
    endloop
  endfacet
  facet normal 0.0972857 0.738889 0.666767
    outer loop
      vertex 9.2048 -1.67417 3
      vertex 8.89452 -3.4381 5
      vertex 9.35184 -1.69353 3
    endloop
  endfacet
  facet normal 0.0912075 0.739794 0.666623
    outer loop
      vertex 8.89452 -3.4381 5
      vertex 9.2048 -1.67417 3
      vertex 8.89379 -3.43801 5
    endloop
  endfacet
  facet normal -0.406242 -0.624988 0.666601
    outer loop
      vertex 10.35 1.47224 3
      vertex 11.2461 3.02294 5
      vertex 11.2455 3.02333 5
    endloop
  endfacet
  facet normal -0.40037 -0.628593 0.666765
    outer loop
      vertex 11.2461 3.02294 5
      vertex 10.35 1.47224 3
      vertex 10.4751 1.39256 3
    endloop
  endfacet
  facet normal 0.660354 -0.345416 0.666798
    outer loop
      vertex 6.47633 1.74487 5
      vertex 8.02776 0.849999 3
      vertex 6.47667 1.74552 5
    endloop
  endfacet
  facet normal 0.661058 -0.344127 0.666767
    outer loop
      vertex 8.02776 0.849999 3
      vertex 6.47633 1.74487 5
      vertex 7.95928 0.718451 3
    endloop
  endfacet
  facet normal -0.27686 0.69215 0.666541
    outer loop
      vertex 10.2185 -1.54072 3
      vertex 10.9747 -3.16424 5
      vertex 10.9754 -3.16396 5
    endloop
  endfacet
  facet normal -0.28508 0.688592 0.666761
    outer loop
      vertex 10.9747 -3.16424 5
      vertex 10.2185 -1.54072 3
      vertex 10.0814 -1.59748 3
    endloop
  endfacet
  facet normal 0.591244 0.453709 0.666767
    outer loop
      vertex 6.82526 -2.24341 5
      vertex 8.19773 -1.09274 3
      vertex 8.10744 -0.97508 3
    endloop
  endfacet
  facet normal 0.597609 0.445674 0.666512
    outer loop
      vertex 8.19773 -1.09274 3
      vertex 6.82526 -2.24341 5
      vertex 6.8257 -2.244 5
    endloop
  endfacet
  facet normal -0.0325266 0.744555 0.666768
    outer loop
      vertex 9.80353 -3.47779 5
      vertex 9.5 -1.7 3
      vertex 9.5 -3.49105 5
    endloop
  endfacet
  facet normal 0.710771 0.22411 0.666768
    outer loop
      vertex 6.21927 -1.1933 5
      vertex 7.85793 -0.439992 3
      vertex 6.12791 -0.903549 5
    endloop
  endfacet
  facet normal -0.628598 -0.400371 0.666759
    outer loop
      vertex 12.5229 1.74615 5
      vertex 12.3597 2.00238 5
      vertex 10.8926 0.97508 3
    endloop
  endfacet
  facet normal 0.34413 -0.661056 0.666768
    outer loop
      vertex 8.78155 1.54072 3
      vertex 8.02462 3.16396 5
      vertex 7.75513 3.02367 5
    endloop
  endfacet
  facet normal -0.453743 0.59122 0.666766
    outer loop
      vertex 11.5024 -2.8597 5
      vertex 11.7434 -2.67474 5
      vertex 10.4751 -1.39256 3
    endloop
  endfacet
  facet normal 0.727599 0.161308 0.666768
    outer loop
      vertex 6.06199 -0.606213 5
      vertex 7.85793 -0.439992 3
      vertex 7.82583 -0.295201 3
    endloop
  endfacet
  facet normal 0.727539 0.161675 0.666745
    outer loop
      vertex 7.85793 -0.439992 3
      vertex 6.06199 -0.606213 5
      vertex 6.06215 -0.606933 5
    endloop
  endfacet
  facet normal -0.727606 0.161309 0.66676
    outer loop
      vertex 11.1421 -0.439992 3
      vertex 12.938 -0.606213 5
      vertex 11.1742 -0.295201 3
    endloop
  endfacet
  facet normal -0.720662 0.200184 0.663756
    outer loop
      vertex 12.938 -0.606213 5
      vertex 11.1421 -0.439992 3
      vertex 12.9378 -0.606933 5
    endloop
  endfacet
  facet normal 0.591246 0.453707 0.666767
    outer loop
      vertex 6.82526 -2.24341 5
      vertex 8.10744 -0.97508 3
      vertex 6.6403 -2.00238 5
    endloop
  endfacet
  facet normal 0.738889 -0.0972861 0.666767
    outer loop
      vertex 7.80647 0.148165 3
      vertex 6.0619 0.605482 5
      vertex 6.02224 0.304264 5
    endloop
  endfacet
  facet normal -0.710748 -0.224201 0.666762
    outer loop
      vertex 12.8721 0.903549 5
      vertex 12.7807 1.1933 5
      vertex 11.1421 0.439992 3
    endloop
  endfacet
  facet normal 0.739812 -0.0910849 0.666619
    outer loop
      vertex 6.0619 0.605482 5
      vertex 7.82583 0.295201 3
      vertex 6.06199 0.606213 5
    endloop
  endfacet
  facet normal 0.738889 -0.0972883 0.666767
    outer loop
      vertex 7.82583 0.295201 3
      vertex 6.0619 0.605482 5
      vertex 7.80647 0.148165 3
    endloop
  endfacet
  facet normal -0.526765 0.526765 0.667111
    outer loop
      vertex 10.7021 -1.20208 3
      vertex 11.968 -2.46904 5
      vertex 11.9685 -2.46854 5
    endloop
  endfacet
  facet normal -0.503344 0.549614 0.666761
    outer loop
      vertex 11.968 -2.46904 5
      vertex 10.7021 -1.20208 3
      vertex 10.5927 -1.30227 3
    endloop
  endfacet
  facet normal 0.28521 0.688532 0.666767
    outer loop
      vertex 8.30599 -3.28051 5
      vertex 8.91857 -1.59748 3
      vertex 8.0253 -3.16424 5
    endloop
  endfacet
  facet normal 0.50349 -0.549471 0.666768
    outer loop
      vertex 7.032 2.46904 5
      vertex 8.29792 1.20208 3
      vertex 8.40726 1.30227 3
    endloop
  endfacet
  facet normal 0.506292 -0.546795 0.666846
    outer loop
      vertex 8.29792 1.20208 3
      vertex 7.032 2.46904 5
      vertex 7.03146 2.46854 5
    endloop
  endfacet
  facet normal 0.0325266 -0.744555 0.666768
    outer loop
      vertex 9.5 1.7 3
      vertex 9.5 3.49105 5
      vertex 9.19647 3.47779 5
    endloop
  endfacet
  facet normal -0.591205 0.453773 0.666759
    outer loop
      vertex 12.1747 -2.24341 5
      vertex 12.3597 -2.00238 5
      vertex 10.8926 -0.97508 3
    endloop
  endfacet
  facet normal -0.54942 0.503553 0.666762
    outer loop
      vertex 11.969 -2.468 5
      vertex 12.1743 -2.244 5
      vertex 10.8023 -1.09274 3
    endloop
  endfacet
  facet normal -0.710748 0.224201 0.666762
    outer loop
      vertex 12.7807 -1.1933 5
      vertex 12.8721 -0.903549 5
      vertex 11.1421 -0.439992 3
    endloop
  endfacet
  facet normal -0.74454 0.032663 0.666779
    outer loop
      vertex 11.1935 -0.148165 3
      vertex 12.9778 -0.303527 5
      vertex 11.2 0 3
    endloop
  endfacet
  facet normal -0.7462 0 0.665722
    outer loop
      vertex 12.9778 -0.303527 5
      vertex 11.1935 -0.148165 3
      vertex 12.9778 -0.304264 5
    endloop
  endfacet
  facet normal -0.744568 0.0323803 0.666761
    outer loop
      vertex 12.9778 -0.303527 5
      vertex 12.991 0 5
      vertex 11.2 0 3
    endloop
  endfacet
  facet normal -0.032514 -0.744557 0.666767
    outer loop
      vertex 9.64816 1.69353 3
      vertex 9.80353 3.47779 5
      vertex 9.5 1.7 3
    endloop
  endfacet
  facet normal -0.0306031 -0.744675 0.666725
    outer loop
      vertex 9.80353 3.47779 5
      vertex 9.64816 1.69353 3
      vertex 9.80426 3.47776 5
    endloop
  endfacet
  facet normal -0.549452 0.503522 0.66676
    outer loop
      vertex 10.7021 -1.20208 3
      vertex 11.969 -2.468 5
      vertex 10.8023 -1.09274 3
    endloop
  endfacet
  facet normal -0.546801 0.506297 0.666837
    outer loop
      vertex 11.969 -2.468 5
      vertex 10.7021 -1.20208 3
      vertex 11.9685 -2.46854 5
    endloop
  endfacet
  facet normal 0.711947 -0.220603 0.666682
    outer loop
      vertex 6.21927 1.1933 5
      vertex 7.90252 0.581433 3
      vertex 6.21949 1.19401 5
    endloop
  endfacet
  facet normal 0.710783 -0.224078 0.666766
    outer loop
      vertex 7.90252 0.581433 3
      vertex 6.21927 1.1933 5
      vertex 7.85793 0.439992 3
    endloop
  endfacet
  facet normal 0.161307 -0.727599 0.666768
    outer loop
      vertex 9.06001 1.64207 3
      vertex 8.89307 3.43785 5
      vertex 8.59645 3.37209 5
    endloop
  endfacet
  facet normal -0.161318 0.727598 0.666766
    outer loop
      vertex 10.1069 -3.43785 5
      vertex 10.4035 -3.37209 5
      vertex 9.93999 -1.64207 3
    endloop
  endfacet
  facet normal -0.224076 0.710784 0.666766
    outer loop
      vertex 10.4035 -3.37209 5
      vertex 10.6933 -3.28073 5
      vertex 9.93999 -1.64207 3
    endloop
  endfacet
  facet normal 0.727599 -0.161309 0.666768
    outer loop
      vertex 7.85793 0.439992 3
      vertex 6.12791 0.903549 5
      vertex 6.06215 0.606933 5
    endloop
  endfacet
  facet normal 0.28521 -0.688532 0.666767
    outer loop
      vertex 8.91857 1.59748 3
      vertex 8.30599 3.28051 5
      vertex 8.0253 3.16424 5
    endloop
  endfacet
  facet normal 0.710771 -0.22411 0.666768
    outer loop
      vertex 7.85793 0.439992 3
      vertex 6.21927 1.1933 5
      vertex 6.12791 0.903549 5
    endloop
  endfacet
  facet normal -0.688512 0.285276 0.66676
    outer loop
      vertex 12.6642 -1.4747 5
      vertex 12.7805 -1.19401 5
      vertex 11.0975 -0.581433 3
    endloop
  endfacet
  facet normal 0.400426 -0.628554 0.666767
    outer loop
      vertex 8.52492 1.39256 3
      vertex 7.75386 3.02294 5
      vertex 7.49762 2.8597 5
    endloop
  endfacet
  facet normal 0.400426 0.628554 0.666767
    outer loop
      vertex 7.75386 -3.02294 5
      vertex 8.52492 -1.39256 3
      vertex 7.49762 -2.8597 5
    endloop
  endfacet
  facet normal 0.591246 -0.453707 0.666767
    outer loop
      vertex 8.10744 0.97508 3
      vertex 6.82526 2.24341 5
      vertex 6.6403 2.00238 5
    endloop
  endfacet
  facet normal 0.628547 -0.400437 0.666768
    outer loop
      vertex 8.10744 0.97508 3
      vertex 6.6403 2.00238 5
      vertex 6.47706 1.74615 5
    endloop
  endfacet
  facet normal 0.28522 0.688528 0.666768
    outer loop
      vertex 8.78155 -1.54072 3
      vertex 8.0253 -3.16424 5
      vertex 8.91857 -1.59748 3
    endloop
  endfacet
  facet normal 0.283772 0.689159 0.666733
    outer loop
      vertex 8.0253 -3.16424 5
      vertex 8.78155 -1.54072 3
      vertex 8.02462 -3.16396 5
    endloop
  endfacet
  facet normal -0.738939 0.0969934 0.666755
    outer loop
      vertex 11.1742 -0.295201 3
      vertex 12.9381 -0.605482 5
      vertex 11.1935 -0.148165 3
    endloop
  endfacet
  facet normal -0.738327 0.101002 0.666837
    outer loop
      vertex 12.9381 -0.605482 5
      vertex 11.1742 -0.295201 3
      vertex 12.938 -0.606213 5
    endloop
  endfacet
  facet normal 0.727539 -0.161675 0.666745
    outer loop
      vertex 6.06199 0.606213 5
      vertex 7.85793 0.439992 3
      vertex 6.06215 0.606933 5
    endloop
  endfacet
  facet normal 0.727599 -0.161308 0.666768
    outer loop
      vertex 7.85793 0.439992 3
      vertex 6.06199 0.606213 5
      vertex 7.82583 0.295201 3
    endloop
  endfacet
  facet normal 0.688526 0.285223 0.666768
    outer loop
      vertex 6.33576 -1.4747 5
      vertex 7.95928 -0.718451 3
      vertex 7.90252 -0.581433 3
    endloop
  endfacet
  facet normal 0.689159 0.283772 0.666733
    outer loop
      vertex 7.95928 -0.718451 3
      vertex 6.33576 -1.4747 5
      vertex 6.33604 -1.47538 5
    endloop
  endfacet
  facet normal -0.40036 0.628598 0.666766
    outer loop
      vertex 11.2461 -3.02294 5
      vertex 11.5024 -2.8597 5
      vertex 10.4751 -1.39256 3
    endloop
  endfacet
  facet normal -0.661005 0.3442 0.666782
    outer loop
      vertex 10.9722 -0.849999 3
      vertex 12.5237 -1.74487 5
      vertex 11.0407 -0.718451 3
    endloop
  endfacet
  facet normal -0.634553 0.390494 0.666976
    outer loop
      vertex 12.5237 -1.74487 5
      vertex 10.9722 -0.849999 3
      vertex 12.5233 -1.74552 5
    endloop
  endfacet
  facet normal -0.661038 0.344145 0.666778
    outer loop
      vertex 12.5237 -1.74487 5
      vertex 12.664 -1.47538 5
      vertex 11.0407 -0.718451 3
    endloop
  endfacet
  facet normal 0.744555 0.0325269 0.666768
    outer loop
      vertex 6.02221 -0.303527 5
      vertex 7.8 0 3
      vertex 6.00895 0 5
    endloop
  endfacet
  facet normal 0.688532 0.28521 0.666767
    outer loop
      vertex 6.33576 -1.4747 5
      vertex 7.90252 -0.581433 3
      vertex 6.21949 -1.19401 5
    endloop
  endfacet
  facet normal 0.661056 -0.34413 0.666768
    outer loop
      vertex 7.95928 0.718451 3
      vertex 6.47633 1.74487 5
      vertex 6.33604 1.47538 5
    endloop
  endfacet
  facet normal 0.0912075 -0.739794 0.666623
    outer loop
      vertex 9.2048 1.67417 3
      vertex 8.89452 3.4381 5
      vertex 8.89379 3.43801 5
    endloop
  endfacet
  facet normal 0.0972857 -0.738889 0.666767
    outer loop
      vertex 8.89452 3.4381 5
      vertex 9.2048 1.67417 3
      vertex 9.35184 1.69353 3
    endloop
  endfacet
  facet normal -0.688455 0.285395 0.666768
    outer loop
      vertex 11.0407 -0.718451 3
      vertex 12.6642 -1.4747 5
      vertex 11.0975 -0.581433 3
    endloop
  endfacet
  facet normal -0.718261 0.211253 0.662928
    outer loop
      vertex 12.6642 -1.4747 5
      vertex 11.0407 -0.718451 3
      vertex 12.664 -1.47538 5
    endloop
  endfacet
  facet normal 0.710783 0.224078 0.666766
    outer loop
      vertex 6.21927 -1.1933 5
      vertex 7.90252 -0.581433 3
      vertex 7.85793 -0.439992 3
    endloop
  endfacet
  facet normal 0.711947 0.220603 0.666682
    outer loop
      vertex 7.90252 -0.581433 3
      vertex 6.21927 -1.1933 5
      vertex 6.21949 -1.19401 5
    endloop
  endfacet
  facet normal -0.40037 0.628593 0.666765
    outer loop
      vertex 10.35 -1.47224 3
      vertex 11.2461 -3.02294 5
      vertex 10.4751 -1.39256 3
    endloop
  endfacet
  facet normal -0.406242 0.624988 0.666601
    outer loop
      vertex 11.2461 -3.02294 5
      vertex 10.35 -1.47224 3
      vertex 11.2455 -3.02333 5
    endloop
  endfacet
  facet normal -0.546801 -0.506297 0.666837
    outer loop
      vertex 10.7021 1.20208 3
      vertex 11.969 2.468 5
      vertex 11.9685 2.46854 5
    endloop
  endfacet
  facet normal -0.549452 -0.503522 0.66676
    outer loop
      vertex 11.969 2.468 5
      vertex 10.7021 1.20208 3
      vertex 10.8023 1.09274 3
    endloop
  endfacet
  facet normal 0.546795 -0.506292 0.666846
    outer loop
      vertex 7.03096 2.468 5
      vertex 8.29792 1.20208 3
      vertex 7.03146 2.46854 5
    endloop
  endfacet
  facet normal 0.549471 -0.50349 0.666768
    outer loop
      vertex 8.29792 1.20208 3
      vertex 7.03096 2.468 5
      vertex 8.19773 1.09274 3
    endloop
  endfacet
  facet normal -0.0325266 -0.744555 0.666768
    outer loop
      vertex 9.80353 3.47779 5
      vertex 9.5 3.49105 5
      vertex 9.5 1.7 3
    endloop
  endfacet
  facet normal -0.0950433 0.739226 0.666717
    outer loop
      vertex 9.7952 -1.67417 3
      vertex 10.1055 -3.4381 5
      vertex 10.1062 -3.43801 5
    endloop
  endfacet
  facet normal -0.0972857 0.738889 0.666768
    outer loop
      vertex 10.1055 -3.4381 5
      vertex 9.7952 -1.67417 3
      vertex 9.64816 -1.69353 3
    endloop
  endfacet
  facet normal -0.0306031 0.744675 0.666725
    outer loop
      vertex 9.64816 -1.69353 3
      vertex 9.80353 -3.47779 5
      vertex 9.80426 -3.47776 5
    endloop
  endfacet
  facet normal -0.032514 0.744557 0.666767
    outer loop
      vertex 9.80353 -3.47779 5
      vertex 9.64816 -1.69353 3
      vertex 9.5 -1.7 3
    endloop
  endfacet
  facet normal -0.628598 0.400371 0.666759
    outer loop
      vertex 12.3597 -2.00238 5
      vertex 12.5229 -1.74615 5
      vertex 10.8926 -0.97508 3
    endloop
  endfacet
  facet normal -0.223454 0.710991 0.666753
    outer loop
      vertex 10.0814 -1.59748 3
      vertex 10.6933 -3.28073 5
      vertex 10.694 -3.28051 5
    endloop
  endfacet
  facet normal -0.224122 0.710766 0.666769
    outer loop
      vertex 10.6933 -3.28073 5
      vertex 10.0814 -1.59748 3
      vertex 9.93999 -1.64207 3
    endloop
  endfacet
  facet normal -0.285201 0.688534 0.666769
    outer loop
      vertex 10.694 -3.28051 5
      vertex 10.9747 -3.16424 5
      vertex 10.0814 -1.59748 3
    endloop
  endfacet
  facet normal 0.661056 0.34413 0.666768
    outer loop
      vertex 6.47633 -1.74487 5
      vertex 7.95928 -0.718451 3
      vertex 6.33604 -1.47538 5
    endloop
  endfacet
  facet normal 0.744557 0.032513 0.666767
    outer loop
      vertex 6.02221 -0.303527 5
      vertex 7.80647 -0.148165 3
      vertex 7.8 0 3
    endloop
  endfacet
  facet normal 0.744693 0.0303132 0.666718
    outer loop
      vertex 7.80647 -0.148165 3
      vertex 6.02221 -0.303527 5
      vertex 6.02224 -0.304264 5
    endloop
  endfacet
  facet normal 0.738889 0.0972861 0.666767
    outer loop
      vertex 6.0619 -0.605482 5
      vertex 7.80647 -0.148165 3
      vertex 6.02224 -0.304264 5
    endloop
  endfacet
  facet normal 0.688532 -0.28521 0.666767
    outer loop
      vertex 7.90252 0.581433 3
      vertex 6.33576 1.4747 5
      vertex 6.21949 1.19401 5
    endloop
  endfacet
  facet normal 0.224079 0.710782 0.666766
    outer loop
      vertex 8.91857 -1.59748 3
      vertex 8.3067 -3.28073 5
      vertex 9.06001 -1.64207 3
    endloop
  endfacet
  facet normal 0.220603 0.711947 0.666683
    outer loop
      vertex 8.3067 -3.28073 5
      vertex 8.91857 -1.59748 3
      vertex 8.30599 -3.28051 5
    endloop
  endfacet
  facet normal 0.661058 0.344127 0.666767
    outer loop
      vertex 6.47633 -1.74487 5
      vertex 8.02776 -0.849999 3
      vertex 7.95928 -0.718451 3
    endloop
  endfacet
  facet normal 0.660354 0.345416 0.666798
    outer loop
      vertex 8.02776 -0.849999 3
      vertex 6.47633 -1.74487 5
      vertex 6.47667 -1.74552 5
    endloop
  endfacet
  facet normal -0.661038 -0.344145 0.666778
    outer loop
      vertex 12.664 1.47538 5
      vertex 12.5237 1.74487 5
      vertex 11.0407 0.718451 3
    endloop
  endfacet
  facet normal -0.591227 0.453747 0.666757
    outer loop
      vertex 10.8023 -1.09274 3
      vertex 12.1747 -2.24341 5
      vertex 10.8926 -0.97508 3
    endloop
  endfacet
  facet normal -0.618042 0.419011 0.665172
    outer loop
      vertex 12.1747 -2.24341 5
      vertex 10.8023 -1.09274 3
      vertex 12.1743 -2.244 5
    endloop
  endfacet
  facet normal -0.224122 -0.710766 0.666769
    outer loop
      vertex 10.0814 1.59748 3
      vertex 10.6933 3.28073 5
      vertex 9.93999 1.64207 3
    endloop
  endfacet
  facet normal -0.223454 -0.710991 0.666753
    outer loop
      vertex 10.6933 3.28073 5
      vertex 10.0814 1.59748 3
      vertex 10.694 3.28051 5
    endloop
  endfacet
  facet normal 0.0972855 -0.738889 0.666767
    outer loop
      vertex 9.35184 1.69353 3
      vertex 9.19574 3.47776 5
      vertex 8.89452 3.4381 5
    endloop
  endfacet
  facet normal 0.0306031 -0.744675 0.666725
    outer loop
      vertex 9.35184 1.69353 3
      vertex 9.19647 3.47779 5
      vertex 9.19574 3.47776 5
    endloop
  endfacet
  facet normal 0.032514 -0.744557 0.666767
    outer loop
      vertex 9.19647 3.47779 5
      vertex 9.35184 1.69353 3
      vertex 9.5 1.7 3
    endloop
  endfacet
  facet normal 0.0972855 0.738889 0.666767
    outer loop
      vertex 9.19574 -3.47776 5
      vertex 9.35184 -1.69353 3
      vertex 8.89452 -3.4381 5
    endloop
  endfacet
  facet normal 0.453707 -0.591246 0.666767
    outer loop
      vertex 8.52492 1.39256 3
      vertex 7.49762 2.8597 5
      vertex 7.25659 2.67474 5
    endloop
  endfacet
  facet normal 0.503496 -0.549465 0.666768
    outer loop
      vertex 8.40726 1.30227 3
      vertex 7.256 2.6743 5
      vertex 7.032 2.46904 5
    endloop
  endfacet
  facet normal 0.22411 -0.710771 0.666768
    outer loop
      vertex 9.06001 1.64207 3
      vertex 8.59645 3.37209 5
      vertex 8.3067 3.28073 5
    endloop
  endfacet
  facet normal 0.597609 -0.445674 0.666512
    outer loop
      vertex 6.82526 2.24341 5
      vertex 8.19773 1.09274 3
      vertex 6.8257 2.244 5
    endloop
  endfacet
  facet normal 0.591244 -0.453709 0.666767
    outer loop
      vertex 8.19773 1.09274 3
      vertex 6.82526 2.24341 5
      vertex 8.10744 0.97508 3
    endloop
  endfacet
  facet normal -0.526765 -0.526765 0.667111
    outer loop
      vertex 11.968 2.46904 5
      vertex 10.7021 1.20208 3
      vertex 11.9685 2.46854 5
    endloop
  endfacet
  facet normal -0.503344 -0.549614 0.666761
    outer loop
      vertex 10.7021 1.20208 3
      vertex 11.968 2.46904 5
      vertex 10.5927 1.30227 3
    endloop
  endfacet
  facet normal -0.40036 -0.628598 0.666766
    outer loop
      vertex 11.5024 2.8597 5
      vertex 11.2461 3.02294 5
      vertex 10.4751 1.39256 3
    endloop
  endfacet
  facet normal -0.224076 -0.710784 0.666766
    outer loop
      vertex 10.6933 3.28073 5
      vertex 10.4035 3.37209 5
      vertex 9.93999 1.64207 3
    endloop
  endfacet
  facet normal -0.367276 0.648135 0.667105
    outer loop
      vertex 10.35 -1.47224 3
      vertex 11.2449 -3.02367 5
      vertex 11.2455 -3.02333 5
    endloop
  endfacet
  facet normal -0.344224 0.661002 0.666773
    outer loop
      vertex 11.2449 -3.02367 5
      vertex 10.35 -1.47224 3
      vertex 10.2185 -1.54072 3
    endloop
  endfacet
  facet normal 0.549465 0.503496 0.666768
    outer loop
      vertex 7.03096 -2.468 5
      vertex 8.19773 -1.09274 3
      vertex 6.8257 -2.244 5
    endloop
  endfacet
  facet normal -0.718261 -0.211253 0.662928
    outer loop
      vertex 11.0407 0.718451 3
      vertex 12.6642 1.4747 5
      vertex 12.664 1.47538 5
    endloop
  endfacet
  facet normal -0.688455 -0.285395 0.666768
    outer loop
      vertex 12.6642 1.4747 5
      vertex 11.0407 0.718451 3
      vertex 11.0975 0.581433 3
    endloop
  endfacet
  facet normal 0.400414 0.628561 0.666768
    outer loop
      vertex 7.75386 -3.02294 5
      vertex 8.65 -1.47224 3
      vertex 8.52492 -1.39256 3
    endloop
  endfacet
  facet normal 0.396777 0.630773 0.666854
    outer loop
      vertex 8.65 -1.47224 3
      vertex 7.75386 -3.02294 5
      vertex 7.75448 -3.02333 5
    endloop
  endfacet
  facet normal 0.161309 0.727599 0.666768
    outer loop
      vertex 9.06001 -1.64207 3
      vertex 8.89379 -3.43801 5
      vertex 9.2048 -1.67417 3
    endloop
  endfacet
  facet normal 0.161675 0.727539 0.666745
    outer loop
      vertex 8.89379 -3.43801 5
      vertex 9.06001 -1.64207 3
      vertex 8.89307 -3.43785 5
    endloop
  endfacet
  facet normal 0.628562 0.400411 0.666769
    outer loop
      vertex 8.02776 -0.849999 3
      vertex 6.47706 -1.74615 5
      vertex 8.10744 -0.97508 3
    endloop
  endfacet
  facet normal 0.633538 0.39219 0.666945
    outer loop
      vertex 6.47706 -1.74615 5
      vertex 8.02776 -0.849999 3
      vertex 6.47667 -1.74552 5
    endloop
  endfacet
  facet normal -0.591205 -0.453773 0.666759
    outer loop
      vertex 12.3597 2.00238 5
      vertex 12.1747 2.24341 5
      vertex 10.8926 0.97508 3
    endloop
  endfacet
  facet normal 0.344123 0.66106 0.666767
    outer loop
      vertex 8.65 -1.47224 3
      vertex 7.75513 -3.02367 5
      vertex 8.78155 -1.54072 3
    endloop
  endfacet
  facet normal 0.345416 0.660354 0.666798
    outer loop
      vertex 7.75513 -3.02367 5
      vertex 8.65 -1.47224 3
      vertex 7.75448 -3.02333 5
    endloop
  endfacet
  facet normal 0.34413 0.661056 0.666768
    outer loop
      vertex 8.02462 -3.16396 5
      vertex 8.78155 -1.54072 3
      vertex 7.75513 -3.02367 5
    endloop
  endfacet
  facet normal 0.161307 0.727599 0.666768
    outer loop
      vertex 8.89307 -3.43785 5
      vertex 9.06001 -1.64207 3
      vertex 8.59645 -3.37209 5
    endloop
  endfacet
  facet normal -0.453743 -0.59122 0.666766
    outer loop
      vertex 11.7434 2.67474 5
      vertex 11.5024 2.8597 5
      vertex 10.4751 1.39256 3
    endloop
  endfacet
  facet normal 0.453709 0.591244 0.666767
    outer loop
      vertex 8.40726 -1.30227 3
      vertex 7.25659 -2.67474 5
      vertex 8.52492 -1.39256 3
    endloop
  endfacet
  facet normal 0.445674 0.597609 0.666512
    outer loop
      vertex 7.25659 -2.67474 5
      vertex 8.40726 -1.30227 3
      vertex 7.256 -2.6743 5
    endloop
  endfacet
  facet normal 0.453709 -0.591244 0.666767
    outer loop
      vertex 7.25659 2.67474 5
      vertex 8.40726 1.30227 3
      vertex 8.52492 1.39256 3
    endloop
  endfacet
  facet normal 0.445674 -0.597609 0.666512
    outer loop
      vertex 8.40726 1.30227 3
      vertex 7.25659 2.67474 5
      vertex 7.256 2.6743 5
    endloop
  endfacet
  facet normal 0.628562 -0.400411 0.666769
    outer loop
      vertex 6.47706 1.74615 5
      vertex 8.02776 0.849999 3
      vertex 8.10744 0.97508 3
    endloop
  endfacet
  facet normal 0.633538 -0.39219 0.666945
    outer loop
      vertex 8.02776 0.849999 3
      vertex 6.47706 1.74615 5
      vertex 6.47667 1.74552 5
    endloop
  endfacet
  facet normal -0.161318 -0.727598 0.666766
    outer loop
      vertex 10.4035 3.37209 5
      vertex 10.1069 3.43785 5
      vertex 9.93999 1.64207 3
    endloop
  endfacet
  facet normal -0.0972791 -0.73889 0.666767
    outer loop
      vertex 10.1055 3.4381 5
      vertex 9.80426 3.47776 5
      vertex 9.64816 1.69353 3
    endloop
  endfacet
  facet normal 0.220603 -0.711947 0.666683
    outer loop
      vertex 8.91857 1.59748 3
      vertex 8.3067 3.28073 5
      vertex 8.30599 3.28051 5
    endloop
  endfacet
  facet normal 0.224079 -0.710782 0.666766
    outer loop
      vertex 8.3067 3.28073 5
      vertex 8.91857 1.59748 3
      vertex 9.06001 1.64207 3
    endloop
  endfacet
  facet normal 0.744693 -0.0303132 0.666718
    outer loop
      vertex 6.02221 0.303527 5
      vertex 7.80647 0.148165 3
      vertex 6.02224 0.304264 5
    endloop
  endfacet
  facet normal 0.744557 -0.032513 0.666767
    outer loop
      vertex 7.80647 0.148165 3
      vertex 6.02221 0.303527 5
      vertex 7.8 0 3
    endloop
  endfacet
  facet normal -0.161309 -0.727599 0.666768
    outer loop
      vertex 9.93999 1.64207 3
      vertex 10.1062 3.43801 5
      vertex 9.7952 1.67417 3
    endloop
  endfacet
  facet normal -0.166126 -0.726803 0.666453
    outer loop
      vertex 10.1062 3.43801 5
      vertex 9.93999 1.64207 3
      vertex 10.1069 3.43785 5
    endloop
  endfacet
  facet normal 0.396777 -0.630773 0.666854
    outer loop
      vertex 7.75386 3.02294 5
      vertex 8.65 1.47224 3
      vertex 7.75448 3.02333 5
    endloop
  endfacet
  facet normal 0.400414 -0.628561 0.666768
    outer loop
      vertex 8.65 1.47224 3
      vertex 7.75386 3.02294 5
      vertex 8.52492 1.39256 3
    endloop
  endfacet
  facet normal -0.285201 -0.688534 0.666769
    outer loop
      vertex 10.9747 3.16424 5
      vertex 10.694 3.28051 5
      vertex 10.0814 1.59748 3
    endloop
  endfacet
  facet normal -0.629144 -0.399456 0.666793
    outer loop
      vertex 12.5229 1.74615 5
      vertex 10.9722 0.849999 3
      vertex 12.5233 1.74552 5
    endloop
  endfacet
  facet normal -0.628738 -0.400121 0.666777
    outer loop
      vertex 10.9722 0.849999 3
      vertex 12.5229 1.74615 5
      vertex 10.8926 0.97508 3
    endloop
  endfacet
  facet normal -0.344121 -0.661064 0.666765
    outer loop
      vertex 11.2449 3.02367 5
      vertex 10.9754 3.16396 5
      vertex 10.2185 1.54072 3
    endloop
  endfacet
  facet normal -0.54942 -0.503553 0.666762
    outer loop
      vertex 12.1743 2.244 5
      vertex 11.969 2.468 5
      vertex 10.8023 1.09274 3
    endloop
  endfacet
  facet normal -0.618042 -0.419011 0.665172
    outer loop
      vertex 10.8023 1.09274 3
      vertex 12.1747 2.24341 5
      vertex 12.1743 2.244 5
    endloop
  endfacet
  facet normal -0.591227 -0.453747 0.666757
    outer loop
      vertex 12.1747 2.24341 5
      vertex 10.8023 1.09274 3
      vertex 10.8926 0.97508 3
    endloop
  endfacet
  facet normal -0.634553 -0.390494 0.666976
    outer loop
      vertex 10.9722 0.849999 3
      vertex 12.5237 1.74487 5
      vertex 12.5233 1.74552 5
    endloop
  endfacet
  facet normal -0.661005 -0.3442 0.666782
    outer loop
      vertex 12.5237 1.74487 5
      vertex 10.9722 0.849999 3
      vertex 11.0407 0.718451 3
    endloop
  endfacet
  facet normal -0.717936 -0.202235 0.666085
    outer loop
      vertex 11.0975 0.581433 3
      vertex 12.7807 1.1933 5
      vertex 12.7805 1.19401 5
    endloop
  endfacet
  facet normal -0.710776 -0.224126 0.666757
    outer loop
      vertex 12.7807 1.1933 5
      vertex 11.0975 0.581433 3
      vertex 11.1421 0.439992 3
    endloop
  endfacet
  facet normal -0.727636 -0.16117 0.666761
    outer loop
      vertex 12.9378 0.606933 5
      vertex 12.8721 0.903549 5
      vertex 11.1421 0.439992 3
    endloop
  endfacet
  facet normal -0.367276 -0.648135 0.667105
    outer loop
      vertex 11.2449 3.02367 5
      vertex 10.35 1.47224 3
      vertex 11.2455 3.02333 5
    endloop
  endfacet
  facet normal -0.344224 -0.661002 0.666773
    outer loop
      vertex 10.35 1.47224 3
      vertex 11.2449 3.02367 5
      vertex 10.2185 1.54072 3
    endloop
  endfacet
  facet normal -0.738865 -0.0973812 0.666779
    outer loop
      vertex 12.9778 0.304264 5
      vertex 12.9381 0.605482 5
      vertex 11.1935 0.148165 3
    endloop
  endfacet
  facet normal -0.688512 -0.285276 0.66676
    outer loop
      vertex 12.7805 1.19401 5
      vertex 12.6642 1.4747 5
      vertex 11.0975 0.581433 3
    endloop
  endfacet
  facet normal -0.720662 -0.200184 0.663756
    outer loop
      vertex 11.1421 0.439992 3
      vertex 12.938 0.606213 5
      vertex 12.9378 0.606933 5
    endloop
  endfacet
  facet normal -0.727606 -0.161309 0.66676
    outer loop
      vertex 12.938 0.606213 5
      vertex 11.1421 0.439992 3
      vertex 11.1742 0.295201 3
    endloop
  endfacet
  facet normal -0.738327 -0.101002 0.666837
    outer loop
      vertex 11.1742 0.295201 3
      vertex 12.9381 0.605482 5
      vertex 12.938 0.606213 5
    endloop
  endfacet
  facet normal -0.738939 -0.0969934 0.666755
    outer loop
      vertex 12.9381 0.605482 5
      vertex 11.1742 0.295201 3
      vertex 11.1935 0.148165 3
    endloop
  endfacet
  facet normal 0.608746 -0.793365 0
    outer loop
      vertex -5.84274 9.52952 0
      vertex -5.72508 9.6198 3
      vertex -5.84274 9.52952 3
    endloop
  endfacet
  facet normal 0.608746 -0.793365 0
    outer loop
      vertex -5.72508 9.6198 3
      vertex -5.84274 9.52952 0
      vertex -5.72508 9.6198 0
    endloop
  endfacet
  facet normal 0.537277 -0.843406 0
    outer loop
      vertex -5.72508 9.6198 0
      vertex -5.6 9.69948 3
      vertex -5.72508 9.6198 3
    endloop
  endfacet
  facet normal 0.537277 -0.843406 0
    outer loop
      vertex -5.6 9.69948 3
      vertex -5.72508 9.6198 0
      vertex -5.6 9.69948 0
    endloop
  endfacet
  facet normal 0.675621 -0.737249 0
    outer loop
      vertex -5.95208 9.42932 0
      vertex -5.84274 9.52952 3
      vertex -5.95208 9.42932 3
    endloop
  endfacet
  facet normal 0.675621 -0.737249 0
    outer loop
      vertex -5.84274 9.52952 3
      vertex -5.95208 9.42932 0
      vertex -5.84274 9.52952 0
    endloop
  endfacet
  facet normal -0.793365 -0.608746 0
    outer loop
      vertex -3.35744 9.20232 0
      vertex -3.44772 9.31998 3
      vertex -3.44772 9.31998 0
    endloop
  endfacet
  facet normal -0.793365 -0.608746 0
    outer loop
      vertex -3.44772 9.31998 3
      vertex -3.35744 9.20232 0
      vertex -3.35744 9.20232 3
    endloop
  endfacet
  facet normal -0.675621 -0.737249 0
    outer loop
      vertex -3.65726 9.52952 0
      vertex -3.54792 9.42932 3
      vertex -3.65726 9.52952 3
    endloop
  endfacet
  facet normal -0.675621 -0.737249 -0
    outer loop
      vertex -3.54792 9.42932 3
      vertex -3.65726 9.52952 0
      vertex -3.54792 9.42932 0
    endloop
  endfacet
  facet normal -0.216445 0.976295 0
    outer loop
      vertex -4.31001 6.58517 0
      vertex -4.4548 6.55307 3
      vertex -4.31001 6.58517 3
    endloop
  endfacet
  facet normal -0.216445 0.976295 0
    outer loop
      vertex -4.4548 6.55307 3
      vertex -4.31001 6.58517 0
      vertex -4.4548 6.55307 0
    endloop
  endfacet
  facet normal -0.923869 0.382709 0
    outer loop
      vertex -3.20928 7.50879 0
      vertex -3.15252 7.64581 3
      vertex -3.15252 7.64581 0
    endloop
  endfacet
  facet normal -0.923869 0.382709 0
    outer loop
      vertex -3.15252 7.64581 3
      vertex -3.20928 7.50879 0
      vertex -3.20928 7.50879 3
    endloop
  endfacet
  facet normal 0.737283 -0.675584 0
    outer loop
      vertex -6.05227 9.31998 3
      vertex -5.95208 9.42932 0
      vertex -5.95208 9.42932 3
    endloop
  endfacet
  facet normal 0.737283 -0.675584 0
    outer loop
      vertex -5.95208 9.42932 0
      vertex -6.05227 9.31998 3
      vertex -6.05227 9.31998 0
    endloop
  endfacet
  facet normal 0.923869 -0.382709 0
    outer loop
      vertex -6.34748 8.80867 3
      vertex -6.29072 8.94569 0
      vertex -6.29072 8.94569 3
    endloop
  endfacet
  facet normal 0.923869 -0.382709 0
    outer loop
      vertex -6.29072 8.94569 0
      vertex -6.34748 8.80867 3
      vertex -6.34748 8.80867 0
    endloop
  endfacet
  facet normal 0.461745 0.887012 -0
    outer loop
      vertex -5.46845 6.68652 0
      vertex -5.6 6.755 3
      vertex -5.46845 6.68652 3
    endloop
  endfacet
  facet normal 0.461745 0.887012 0
    outer loop
      vertex -5.6 6.755 3
      vertex -5.46845 6.68652 0
      vertex -5.6 6.755 0
    endloop
  endfacet
  facet normal 0.675584 0.737283 -0
    outer loop
      vertex -5.84274 6.92497 0
      vertex -5.95208 7.02516 3
      vertex -5.84274 6.92497 3
    endloop
  endfacet
  facet normal 0.675584 0.737283 0
    outer loop
      vertex -5.95208 7.02516 3
      vertex -5.84274 6.92497 0
      vertex -5.95208 7.02516 0
    endloop
  endfacet
  facet normal 0.737249 0.675621 0
    outer loop
      vertex -5.95208 7.02516 3
      vertex -6.05228 7.1345 0
      vertex -6.05228 7.1345 3
    endloop
  endfacet
  facet normal 0.737249 0.675621 0
    outer loop
      vertex -6.05228 7.1345 0
      vertex -5.95208 7.02516 3
      vertex -5.95208 7.02516 0
    endloop
  endfacet
  facet normal -0.793333 0.608788 0
    outer loop
      vertex -3.44773 7.1345 0
      vertex -3.35744 7.25216 3
      vertex -3.35744 7.25216 0
    endloop
  endfacet
  facet normal -0.793333 0.608788 0
    outer loop
      vertex -3.35744 7.25216 3
      vertex -3.44773 7.1345 0
      vertex -3.44773 7.1345 3
    endloop
  endfacet
  facet normal 0.887012 -0.461745 0
    outer loop
      vertex -6.29072 8.94569 3
      vertex -6.22224 9.07724 0
      vertex -6.22224 9.07724 3
    endloop
  endfacet
  facet normal 0.887012 -0.461745 0
    outer loop
      vertex -6.22224 9.07724 0
      vertex -6.29072 8.94569 3
      vertex -6.29072 8.94569 0
    endloop
  endfacet
  facet normal 0.216381 -0.976309 0
    outer loop
      vertex -5.18999 9.86932 0
      vertex -5.0452 9.90141 3
      vertex -5.18999 9.86932 3
    endloop
  endfacet
  facet normal 0.216381 -0.976309 0
    outer loop
      vertex -5.0452 9.90141 3
      vertex -5.18999 9.86932 0
      vertex -5.0452 9.90141 0
    endloop
  endfacet
  facet normal 0.976295 -0.216445 0
    outer loop
      vertex -6.42417 8.52244 3
      vertex -6.39207 8.66723 0
      vertex -6.39207 8.66723 3
    endloop
  endfacet
  facet normal 0.976295 -0.216445 0
    outer loop
      vertex -6.39207 8.66723 0
      vertex -6.42417 8.52244 3
      vertex -6.42417 8.52244 0
    endloop
  endfacet
  facet normal 0.999048 -0.0436245 0
    outer loop
      vertex -6.45 8.22724 3
      vertex -6.44353 8.37541 0
      vertex -6.44353 8.37541 3
    endloop
  endfacet
  facet normal 0.999048 -0.0436245 0
    outer loop
      vertex -6.44353 8.37541 0
      vertex -6.45 8.22724 3
      vertex -6.45 8.22724 0
    endloop
  endfacet
  facet normal 0.461745 -0.887012 0
    outer loop
      vertex -5.6 9.69948 0
      vertex -5.46845 9.76796 3
      vertex -5.6 9.69948 3
    endloop
  endfacet
  facet normal 0.461745 -0.887012 0
    outer loop
      vertex -5.46845 9.76796 3
      vertex -5.6 9.69948 0
      vertex -5.46845 9.76796 0
    endloop
  endfacet
  facet normal -0.953734 -0.300651 0
    outer loop
      vertex -3.10793 8.66723 0
      vertex -3.15252 8.80868 3
      vertex -3.15252 8.80868 0
    endloop
  endfacet
  facet normal -0.953734 -0.300651 0
    outer loop
      vertex -3.15252 8.80868 3
      vertex -3.10793 8.66723 0
      vertex -3.10793 8.66723 3
    endloop
  endfacet
  facet normal 0.991442 -0.130547 0
    outer loop
      vertex -6.44353 8.37541 3
      vertex -6.42417 8.52244 0
      vertex -6.42417 8.52244 3
    endloop
  endfacet
  facet normal 0.991442 -0.130547 0
    outer loop
      vertex -6.42417 8.52244 0
      vertex -6.44353 8.37541 3
      vertex -6.44353 8.37541 0
    endloop
  endfacet
  facet normal -0.737283 0.675584 0
    outer loop
      vertex -3.54792 7.02516 0
      vertex -3.44773 7.1345 3
      vertex -3.44773 7.1345 0
    endloop
  endfacet
  facet normal -0.737283 0.675584 0
    outer loop
      vertex -3.44773 7.1345 3
      vertex -3.54792 7.02516 0
      vertex -3.54792 7.02516 3
    endloop
  endfacet
  facet normal 0.382652 0.923893 -0
    outer loop
      vertex -5.33143 6.62977 0
      vertex -5.46845 6.68652 3
      vertex -5.33143 6.62977 3
    endloop
  endfacet
  facet normal 0.382652 0.923893 0
    outer loop
      vertex -5.46845 6.68652 3
      vertex -5.33143 6.62977 0
      vertex -5.46845 6.68652 0
    endloop
  endfacet
  facet normal -0.737249 -0.675621 0
    outer loop
      vertex -3.44772 9.31998 0
      vertex -3.54792 9.42932 3
      vertex -3.54792 9.42932 0
    endloop
  endfacet
  facet normal -0.737249 -0.675621 0
    outer loop
      vertex -3.54792 9.42932 3
      vertex -3.44772 9.31998 0
      vertex -3.44772 9.31998 3
    endloop
  endfacet
  facet normal -0.991442 -0.130547 0
    outer loop
      vertex -3.05647 8.37541 0
      vertex -3.07583 8.52244 3
      vertex -3.07583 8.52244 0
    endloop
  endfacet
  facet normal -0.991442 -0.130547 0
    outer loop
      vertex -3.07583 8.52244 3
      vertex -3.05647 8.37541 0
      vertex -3.05647 8.37541 3
    endloop
  endfacet
  facet normal -0.537277 -0.843406 0
    outer loop
      vertex -3.9 9.69948 0
      vertex -3.77492 9.6198 3
      vertex -3.9 9.69948 3
    endloop
  endfacet
  facet normal -0.537277 -0.843406 -0
    outer loop
      vertex -3.77492 9.6198 3
      vertex -3.9 9.69948 0
      vertex -3.77492 9.6198 0
    endloop
  endfacet
  facet normal 0.843406 0.537277 0
    outer loop
      vertex -6.14256 7.25216 3
      vertex -6.22224 7.37724 0
      vertex -6.22224 7.37724 3
    endloop
  endfacet
  facet normal 0.843406 0.537277 0
    outer loop
      vertex -6.22224 7.37724 0
      vertex -6.14256 7.25216 3
      vertex -6.14256 7.25216 0
    endloop
  endfacet
  facet normal -0.999048 0.0436274 0
    outer loop
      vertex -3.05647 8.07908 0
      vertex -3.05 8.22724 3
      vertex -3.05 8.22724 0
    endloop
  endfacet
  facet normal -0.999048 0.0436274 0
    outer loop
      vertex -3.05 8.22724 3
      vertex -3.05647 8.07908 0
      vertex -3.05647 8.07908 3
    endloop
  endfacet
  facet normal -0.843406 -0.537277 0
    outer loop
      vertex -3.27776 9.07724 0
      vertex -3.35744 9.20232 3
      vertex -3.35744 9.20232 0
    endloop
  endfacet
  facet normal -0.843406 -0.537277 0
    outer loop
      vertex -3.35744 9.20232 3
      vertex -3.27776 9.07724 0
      vertex -3.27776 9.07724 3
    endloop
  endfacet
  facet normal -0.843406 0.537277 0
    outer loop
      vertex -3.35744 7.25216 0
      vertex -3.27776 7.37724 3
      vertex -3.27776 7.37724 0
    endloop
  endfacet
  facet normal -0.843406 0.537277 0
    outer loop
      vertex -3.27776 7.37724 3
      vertex -3.35744 7.25216 0
      vertex -3.35744 7.25216 3
    endloop
  endfacet
  facet normal 0.999048 0.0436274 0
    outer loop
      vertex -6.44353 8.07908 3
      vertex -6.45 8.22724 0
      vertex -6.45 8.22724 3
    endloop
  endfacet
  facet normal 0.999048 0.0436274 0
    outer loop
      vertex -6.45 8.22724 0
      vertex -6.44353 8.07908 3
      vertex -6.44353 8.07908 0
    endloop
  endfacet
  facet normal -0.30067 -0.953728 0
    outer loop
      vertex -4.31001 9.86931 0
      vertex -4.16857 9.82472 3
      vertex -4.31001 9.86931 3
    endloop
  endfacet
  facet normal -0.30067 -0.953728 -0
    outer loop
      vertex -4.16857 9.82472 3
      vertex -4.31001 9.86931 0
      vertex -4.16857 9.82472 0
    endloop
  endfacet
  facet normal -0.461745 -0.887012 0
    outer loop
      vertex -4.03155 9.76796 0
      vertex -3.9 9.69948 3
      vertex -4.03155 9.76796 3
    endloop
  endfacet
  facet normal -0.461745 -0.887012 -0
    outer loop
      vertex -3.9 9.69948 3
      vertex -4.03155 9.76796 0
      vertex -3.9 9.69948 0
    endloop
  endfacet
  facet normal -0.130538 -0.991443 0
    outer loop
      vertex -4.60184 9.92077 0
      vertex -4.4548 9.90141 3
      vertex -4.60184 9.92077 3
    endloop
  endfacet
  facet normal -0.130538 -0.991443 -0
    outer loop
      vertex -4.4548 9.90141 3
      vertex -4.60184 9.92077 0
      vertex -4.4548 9.90141 0
    endloop
  endfacet
  facet normal -0.461745 0.887012 0
    outer loop
      vertex -3.9 6.755 0
      vertex -4.03155 6.68652 3
      vertex -3.9 6.755 3
    endloop
  endfacet
  facet normal -0.461745 0.887012 0
    outer loop
      vertex -4.03155 6.68652 3
      vertex -3.9 6.755 0
      vertex -4.03155 6.68652 0
    endloop
  endfacet
  facet normal -0.382709 -0.923869 0
    outer loop
      vertex -4.16857 9.82472 0
      vertex -4.03155 9.76796 3
      vertex -4.16857 9.82472 3
    endloop
  endfacet
  facet normal -0.382709 -0.923869 -0
    outer loop
      vertex -4.03155 9.76796 3
      vertex -4.16857 9.82472 0
      vertex -4.03155 9.76796 0
    endloop
  endfacet
  facet normal 0.793333 -0.608788 0
    outer loop
      vertex -6.14256 9.20232 3
      vertex -6.05227 9.31998 0
      vertex -6.05227 9.31998 3
    endloop
  endfacet
  facet normal 0.793333 -0.608788 0
    outer loop
      vertex -6.05227 9.31998 0
      vertex -6.14256 9.20232 3
      vertex -6.14256 9.20232 0
    endloop
  endfacet
  facet normal 0.953728 -0.30067 0
    outer loop
      vertex -6.39207 8.66723 3
      vertex -6.34748 8.80867 0
      vertex -6.34748 8.80867 3
    endloop
  endfacet
  facet normal 0.953728 -0.30067 0
    outer loop
      vertex -6.34748 8.80867 0
      vertex -6.39207 8.66723 3
      vertex -6.39207 8.66723 0
    endloop
  endfacet
  facet normal -0.130547 0.991442 0
    outer loop
      vertex -4.4548 6.55307 0
      vertex -4.60183 6.53371 3
      vertex -4.4548 6.55307 3
    endloop
  endfacet
  facet normal -0.130547 0.991442 0
    outer loop
      vertex -4.60183 6.53371 3
      vertex -4.4548 6.55307 0
      vertex -4.60183 6.53371 0
    endloop
  endfacet
  facet normal -0.608746 -0.793365 0
    outer loop
      vertex -3.77492 9.6198 0
      vertex -3.65726 9.52952 3
      vertex -3.77492 9.6198 3
    endloop
  endfacet
  facet normal -0.608746 -0.793365 -0
    outer loop
      vertex -3.65726 9.52952 3
      vertex -3.77492 9.6198 0
      vertex -3.65726 9.52952 0
    endloop
  endfacet
  facet normal 0.843406 -0.537277 0
    outer loop
      vertex -6.22224 9.07724 3
      vertex -6.14256 9.20232 0
      vertex -6.14256 9.20232 3
    endloop
  endfacet
  facet normal 0.843406 -0.537277 0
    outer loop
      vertex -6.14256 9.20232 0
      vertex -6.22224 9.07724 3
      vertex -6.22224 9.07724 0
    endloop
  endfacet
  facet normal 0.300731 0.953709 -0
    outer loop
      vertex -5.18999 6.58517 0
      vertex -5.33143 6.62977 3
      vertex -5.18999 6.58517 3
    endloop
  endfacet
  facet normal 0.300731 0.953709 0
    outer loop
      vertex -5.33143 6.62977 3
      vertex -5.18999 6.58517 0
      vertex -5.33143 6.62977 0
    endloop
  endfacet
  facet normal -0.976295 0.216445 0
    outer loop
      vertex -3.10793 7.78725 0
      vertex -3.07583 7.93204 3
      vertex -3.07583 7.93204 0
    endloop
  endfacet
  facet normal -0.976295 0.216445 0
    outer loop
      vertex -3.07583 7.93204 3
      vertex -3.10793 7.78725 0
      vertex -3.10793 7.78725 3
    endloop
  endfacet
  facet normal 0.923869 0.382709 0
    outer loop
      vertex -6.29072 7.50879 3
      vertex -6.34748 7.64581 0
      vertex -6.34748 7.64581 3
    endloop
  endfacet
  facet normal 0.923869 0.382709 0
    outer loop
      vertex -6.34748 7.64581 0
      vertex -6.29072 7.50879 3
      vertex -6.29072 7.50879 0
    endloop
  endfacet
  facet normal 0.537277 0.843406 -0
    outer loop
      vertex -5.6 6.755 0
      vertex -5.72508 6.83468 3
      vertex -5.6 6.755 3
    endloop
  endfacet
  facet normal 0.537277 0.843406 0
    outer loop
      vertex -5.72508 6.83468 3
      vertex -5.6 6.755 0
      vertex -5.72508 6.83468 0
    endloop
  endfacet
  facet normal 0.608788 0.793333 -0
    outer loop
      vertex -5.72508 6.83468 0
      vertex -5.84274 6.92497 3
      vertex -5.72508 6.83468 3
    endloop
  endfacet
  facet normal 0.608788 0.793333 0
    outer loop
      vertex -5.84274 6.92497 3
      vertex -5.72508 6.83468 0
      vertex -5.84274 6.92497 0
    endloop
  endfacet
  facet normal -0.382652 0.923893 0
    outer loop
      vertex -4.03155 6.68652 0
      vertex -4.16857 6.62977 3
      vertex -4.03155 6.68652 3
    endloop
  endfacet
  facet normal -0.382652 0.923893 0
    outer loop
      vertex -4.16857 6.62977 3
      vertex -4.03155 6.68652 0
      vertex -4.16857 6.62977 0
    endloop
  endfacet
  facet normal -0.300731 0.953709 0
    outer loop
      vertex -4.16857 6.62977 0
      vertex -4.31001 6.58517 3
      vertex -4.16857 6.62977 3
    endloop
  endfacet
  facet normal -0.300731 0.953709 0
    outer loop
      vertex -4.31001 6.58517 3
      vertex -4.16857 6.62977 0
      vertex -4.31001 6.58517 0
    endloop
  endfacet
  facet normal 0.130547 -0.991442 0
    outer loop
      vertex -5.0452 9.90141 0
      vertex -4.89817 9.92077 3
      vertex -5.0452 9.90141 3
    endloop
  endfacet
  facet normal 0.130547 -0.991442 0
    outer loop
      vertex -4.89817 9.92077 3
      vertex -5.0452 9.90141 0
      vertex -4.89817 9.92077 0
    endloop
  endfacet
  facet normal 0.953728 0.30067 0
    outer loop
      vertex -6.34748 7.64581 3
      vertex -6.39207 7.78725 0
      vertex -6.39207 7.78725 3
    endloop
  endfacet
  facet normal 0.953728 0.30067 0
    outer loop
      vertex -6.39207 7.78725 0
      vertex -6.34748 7.64581 3
      vertex -6.34748 7.64581 0
    endloop
  endfacet
  facet normal 0.130538 0.991443 -0
    outer loop
      vertex -4.89816 6.53371 0
      vertex -5.0452 6.55307 3
      vertex -4.89816 6.53371 3
    endloop
  endfacet
  facet normal 0.130538 0.991443 0
    outer loop
      vertex -5.0452 6.55307 3
      vertex -4.89816 6.53371 0
      vertex -5.0452 6.55307 0
    endloop
  endfacet
  facet normal -0.537277 0.843406 0
    outer loop
      vertex -3.77492 6.83468 0
      vertex -3.9 6.755 3
      vertex -3.77492 6.83468 3
    endloop
  endfacet
  facet normal -0.537277 0.843406 0
    outer loop
      vertex -3.9 6.755 3
      vertex -3.77492 6.83468 0
      vertex -3.9 6.755 0
    endloop
  endfacet
  facet normal -0.999048 -0.0436245 0
    outer loop
      vertex -3.05 8.22724 0
      vertex -3.05647 8.37541 3
      vertex -3.05647 8.37541 0
    endloop
  endfacet
  facet normal -0.999048 -0.0436245 0
    outer loop
      vertex -3.05647 8.37541 3
      vertex -3.05 8.22724 0
      vertex -3.05 8.22724 3
    endloop
  endfacet
  facet normal 0.887012 0.461745 0
    outer loop
      vertex -6.22224 7.37724 3
      vertex -6.29072 7.50879 0
      vertex -6.29072 7.50879 3
    endloop
  endfacet
  facet normal 0.887012 0.461745 0
    outer loop
      vertex -6.29072 7.50879 0
      vertex -6.22224 7.37724 3
      vertex -6.22224 7.37724 0
    endloop
  endfacet
  facet normal 0.300731 -0.953709 0
    outer loop
      vertex -5.33143 9.82472 0
      vertex -5.18999 9.86932 3
      vertex -5.33143 9.82472 3
    endloop
  endfacet
  facet normal 0.300731 -0.953709 0
    outer loop
      vertex -5.18999 9.86932 3
      vertex -5.33143 9.82472 0
      vertex -5.18999 9.86932 0
    endloop
  endfacet
  facet normal -0.953728 0.30067 0
    outer loop
      vertex -3.15252 7.64581 0
      vertex -3.10793 7.78725 3
      vertex -3.10793 7.78725 0
    endloop
  endfacet
  facet normal -0.953728 0.30067 0
    outer loop
      vertex -3.10793 7.78725 3
      vertex -3.15252 7.64581 0
      vertex -3.15252 7.64581 3
    endloop
  endfacet
  facet normal -0.675584 0.737283 0
    outer loop
      vertex -3.54792 7.02516 0
      vertex -3.65726 6.92497 3
      vertex -3.54792 7.02516 3
    endloop
  endfacet
  facet normal -0.675584 0.737283 0
    outer loop
      vertex -3.65726 6.92497 3
      vertex -3.54792 7.02516 0
      vertex -3.65726 6.92497 0
    endloop
  endfacet
  facet normal 0.0436245 -0.999048 0
    outer loop
      vertex -4.89817 9.92077 0
      vertex -4.75 9.92724 3
      vertex -4.89817 9.92077 3
    endloop
  endfacet
  facet normal 0.0436245 -0.999048 0
    outer loop
      vertex -4.75 9.92724 3
      vertex -4.89817 9.92077 0
      vertex -4.75 9.92724 0
    endloop
  endfacet
  facet normal 0.991443 0.130538 0
    outer loop
      vertex -6.42417 7.93204 3
      vertex -6.44353 8.07908 0
      vertex -6.44353 8.07908 3
    endloop
  endfacet
  facet normal 0.991443 0.130538 0
    outer loop
      vertex -6.44353 8.07908 0
      vertex -6.42417 7.93204 3
      vertex -6.42417 7.93204 0
    endloop
  endfacet
  facet normal 0.976295 0.216445 0
    outer loop
      vertex -6.39207 7.78725 3
      vertex -6.42417 7.93204 0
      vertex -6.42417 7.93204 3
    endloop
  endfacet
  facet normal 0.976295 0.216445 0
    outer loop
      vertex -6.42417 7.93204 0
      vertex -6.39207 7.78725 3
      vertex -6.39207 7.78725 0
    endloop
  endfacet
  facet normal 0.216445 0.976295 -0
    outer loop
      vertex -5.0452 6.55307 0
      vertex -5.18999 6.58517 3
      vertex -5.0452 6.55307 3
    endloop
  endfacet
  facet normal 0.216445 0.976295 0
    outer loop
      vertex -5.18999 6.58517 3
      vertex -5.0452 6.55307 0
      vertex -5.18999 6.58517 0
    endloop
  endfacet
  facet normal 0.793365 0.608746 0
    outer loop
      vertex -6.05228 7.1345 3
      vertex -6.14256 7.25216 0
      vertex -6.14256 7.25216 3
    endloop
  endfacet
  facet normal 0.793365 0.608746 0
    outer loop
      vertex -6.14256 7.25216 0
      vertex -6.05228 7.1345 3
      vertex -6.05228 7.1345 0
    endloop
  endfacet
  facet normal -0.991443 0.130538 0
    outer loop
      vertex -3.07583 7.93204 0
      vertex -3.05647 8.07908 3
      vertex -3.05647 8.07908 0
    endloop
  endfacet
  facet normal -0.991443 0.130538 0
    outer loop
      vertex -3.05647 8.07908 3
      vertex -3.07583 7.93204 0
      vertex -3.07583 7.93204 3
    endloop
  endfacet
  facet normal -0.0436274 -0.999048 0
    outer loop
      vertex -4.75 9.92724 0
      vertex -4.60184 9.92077 3
      vertex -4.75 9.92724 3
    endloop
  endfacet
  facet normal -0.0436274 -0.999048 -0
    outer loop
      vertex -4.60184 9.92077 3
      vertex -4.75 9.92724 0
      vertex -4.60184 9.92077 0
    endloop
  endfacet
  facet normal -0.976295 -0.216445 0
    outer loop
      vertex -3.07583 8.52244 0
      vertex -3.10793 8.66723 3
      vertex -3.10793 8.66723 0
    endloop
  endfacet
  facet normal -0.976295 -0.216445 0
    outer loop
      vertex -3.10793 8.66723 3
      vertex -3.07583 8.52244 0
      vertex -3.07583 8.52244 3
    endloop
  endfacet
  facet normal -0.608788 0.793333 0
    outer loop
      vertex -3.65726 6.92497 0
      vertex -3.77492 6.83468 3
      vertex -3.65726 6.92497 3
    endloop
  endfacet
  facet normal -0.608788 0.793333 0
    outer loop
      vertex -3.77492 6.83468 3
      vertex -3.65726 6.92497 0
      vertex -3.77492 6.83468 0
    endloop
  endfacet
  facet normal -0.887012 0.461745 0
    outer loop
      vertex -3.27776 7.37724 0
      vertex -3.20928 7.50879 3
      vertex -3.20928 7.50879 0
    endloop
  endfacet
  facet normal -0.887012 0.461745 0
    outer loop
      vertex -3.20928 7.50879 3
      vertex -3.27776 7.37724 0
      vertex -3.27776 7.37724 3
    endloop
  endfacet
  facet normal -0.0436245 0.999048 0
    outer loop
      vertex -4.60183 6.53371 0
      vertex -4.75 6.52724 3
      vertex -4.60183 6.53371 3
    endloop
  endfacet
  facet normal -0.0436245 0.999048 0
    outer loop
      vertex -4.75 6.52724 3
      vertex -4.60183 6.53371 0
      vertex -4.75 6.52724 0
    endloop
  endfacet
  facet normal 0.382709 -0.923869 0
    outer loop
      vertex -5.46845 9.76796 0
      vertex -5.33143 9.82472 3
      vertex -5.46845 9.76796 3
    endloop
  endfacet
  facet normal 0.382709 -0.923869 0
    outer loop
      vertex -5.33143 9.82472 3
      vertex -5.46845 9.76796 0
      vertex -5.33143 9.82472 0
    endloop
  endfacet
  facet normal -0.216445 -0.976295 0
    outer loop
      vertex -4.4548 9.90141 0
      vertex -4.31001 9.86931 3
      vertex -4.4548 9.90141 3
    endloop
  endfacet
  facet normal -0.216445 -0.976295 -0
    outer loop
      vertex -4.31001 9.86931 3
      vertex -4.4548 9.90141 0
      vertex -4.31001 9.86931 0
    endloop
  endfacet
  facet normal -0.887012 -0.461745 0
    outer loop
      vertex -3.20928 8.94569 0
      vertex -3.27776 9.07724 3
      vertex -3.27776 9.07724 0
    endloop
  endfacet
  facet normal -0.887012 -0.461745 0
    outer loop
      vertex -3.27776 9.07724 3
      vertex -3.20928 8.94569 0
      vertex -3.20928 8.94569 3
    endloop
  endfacet
  facet normal -0.923859 -0.382733 0
    outer loop
      vertex -3.15252 8.80868 0
      vertex -3.20928 8.94569 3
      vertex -3.20928 8.94569 0
    endloop
  endfacet
  facet normal -0.923859 -0.382733 0
    outer loop
      vertex -3.20928 8.94569 3
      vertex -3.15252 8.80868 0
      vertex -3.15252 8.80868 3
    endloop
  endfacet
  facet normal 0.0436274 0.999048 -0
    outer loop
      vertex -4.75 6.52724 0
      vertex -4.89816 6.53371 3
      vertex -4.75 6.52724 3
    endloop
  endfacet
  facet normal 0.0436274 0.999048 0
    outer loop
      vertex -4.89816 6.53371 3
      vertex -4.75 6.52724 0
      vertex -4.89816 6.53371 0
    endloop
  endfacet
  facet normal 0.738889 0.0972857 0.666767
    outer loop
      vertex -8.22776 7.92298 5
      vertex -6.42417 7.93204 3
      vertex -6.44353 8.07908 3
    endloop
  endfacet
  facet normal 0.738697 0.0998239 0.666605
    outer loop
      vertex -6.42417 7.93204 3
      vertex -8.22776 7.92298 5
      vertex -8.22766 7.92224 5
    endloop
  endfacet
  facet normal 0.688528 0.28522 0.666767
    outer loop
      vertex -8.03051 7.03323 5
      vertex -6.29072 7.50879 3
      vertex -6.34748 7.64581 3
    endloop
  endfacet
  facet normal 0.68905 0.283726 0.666866
    outer loop
      vertex -6.29072 7.50879 3
      vertex -8.03051 7.03323 5
      vertex -8.03023 7.03255 5
    endloop
  endfacet
  facet normal -0.727598 0.161309 0.666768
    outer loop
      vertex -3.10793 7.78725 3
      vertex -1.37775 7.32441 5
      vertex -3.07583 7.93204 3
    endloop
  endfacet
  facet normal -0.727511 0.161669 0.666776
    outer loop
      vertex -1.37775 7.32441 5
      vertex -3.10793 7.78725 3
      vertex -1.37791 7.32369 5
    endloop
  endfacet
  facet normal 0.40053 -0.628486 0.66677
    outer loop
      vertex -5.6 9.69948 3
      vertex -6.49552 11.2506 5
      vertex -6.75176 11.0873 5
    endloop
  endfacet
  facet normal 0.400417 -0.628567 0.666761
    outer loop
      vertex -6.75176 11.0873 5
      vertex -5.72508 9.6198 3
      vertex -5.6 9.69948 3
    endloop
  endfacet
  facet normal 0.40399 -0.626184 0.666847
    outer loop
      vertex -5.72508 9.6198 3
      vertex -6.75176 11.0873 5
      vertex -6.75238 11.0869 5
    endloop
  endfacet
  facet normal -0.285217 -0.68852 0.666777
    outer loop
      vertex -4.03155 9.76796 3
      vertex -3.55599 11.5078 5
      vertex -4.16857 9.82472 3
    endloop
  endfacet
  facet normal -0.301236 -0.682802 0.665611
    outer loop
      vertex -3.55599 11.5078 5
      vertex -4.03155 9.76796 3
      vertex -3.55531 11.5075 5
    endloop
  endfacet
  facet normal 0.549448 0.503518 0.666766
    outer loop
      vertex -6.05228 7.1345 3
      vertex -7.4238 5.9827 5
      vertex -5.95208 7.02516 3
    endloop
  endfacet
  facet normal 0.546905 0.506394 0.666678
    outer loop
      vertex -7.4238 5.9827 5
      vertex -6.05228 7.1345 3
      vertex -7.4243 5.98324 5
    endloop
  endfacet
  facet normal 0.285272 -0.688504 0.666769
    outer loop
      vertex -5.46845 9.76796 3
      vertex -5.94469 11.5075 5
      vertex -6.22538 11.3912 5
    endloop
  endfacet
  facet normal -0.71078 0.224079 0.666769
    outer loop
      vertex -3.15252 7.64581 3
      vertex -1.37791 7.32369 5
      vertex -3.10793 7.78725 3
    endloop
  endfacet
  facet normal -0.710943 0.223439 0.66681
    outer loop
      vertex -1.37791 7.32369 5
      vertex -3.15252 7.64581 3
      vertex -1.37813 7.32299 5
    endloop
  endfacet
  facet normal 0.102211 -0.735921 0.669308
    outer loop
      vertex -5.18999 9.86932 3
      vertex -5.35621 11.6652 5
      vertex -5.35693 11.6651 5
    endloop
  endfacet
  facet normal 0.161263 -0.727617 0.666759
    outer loop
      vertex -5.35621 11.6652 5
      vertex -5.18999 9.86932 3
      vertex -5.0452 9.90141 3
    endloop
  endfacet
  facet normal -0.661051 -0.34414 0.666767
    outer loop
      vertex -1.58638 9.70328 5
      vertex -1.72667 9.97276 5
      vertex -3.27776 9.07724 3
    endloop
  endfacet
  facet normal -0.572292 -0.47691 0.667112
    outer loop
      vertex -2.0762 10.4718 5
      vertex -3.44772 9.31998 3
      vertex -2.0757 10.4712 5
    endloop
  endfacet
  facet normal -0.549446 -0.503517 0.666768
    outer loop
      vertex -3.44772 9.31998 3
      vertex -2.0762 10.4718 5
      vertex -3.54792 9.42932 3
    endloop
  endfacet
  facet normal 0.727599 -0.161307 0.666768
    outer loop
      vertex -6.42417 8.52244 3
      vertex -8.12225 9.13007 5
      vertex -8.18801 8.83345 5
    endloop
  endfacet
  facet normal -0.503497 0.549465 0.666767
    outer loop
      vertex -2.50546 5.55344 5
      vertex -2.28146 5.7587 5
      vertex -3.54792 7.02516 3
    endloop
  endfacet
  facet normal -0.738889 0.0972855 0.666767
    outer loop
      vertex -1.3119 7.62176 5
      vertex -1.27224 7.92298 5
      vertex -3.05647 8.07908 3
    endloop
  endfacet
  facet normal -0.727599 0.161307 0.666768
    outer loop
      vertex -1.37775 7.32441 5
      vertex -1.31199 7.62103 5
      vertex -3.07583 7.93204 3
    endloop
  endfacet
  facet normal 0.223978 -0.710817 0.666763
    outer loop
      vertex -5.18999 9.86932 3
      vertex -5.65355 11.5993 5
      vertex -5.9433 11.508 5
    endloop
  endfacet
  facet normal 0.453709 0.591244 0.666767
    outer loop
      vertex -6.75297 5.36799 5
      vertex -5.72508 6.83468 3
      vertex -5.84274 6.92497 3
    endloop
  endfacet
  facet normal 0.445439 0.597293 0.666953
    outer loop
      vertex -5.72508 6.83468 3
      vertex -6.75297 5.36799 5
      vertex -6.75238 5.36755 5
    endloop
  endfacet
  facet normal -0.34413 0.661057 0.666767
    outer loop
      vertex -3.27397 5.06362 5
      vertex -3.00448 5.20391 5
      vertex -3.9 6.755 3
    endloop
  endfacet
  facet normal -0.101177 0.738592 0.666517
    outer loop
      vertex -4.4548 6.55307 3
      vertex -4.44573 4.74948 5
      vertex -4.445 4.74958 5
    endloop
  endfacet
  facet normal -0.0972922 0.738888 0.666767
    outer loop
      vertex -4.44573 4.74948 5
      vertex -4.4548 6.55307 3
      vertex -4.60183 6.53371 3
    endloop
  endfacet
  facet normal 0.161307 0.727599 0.666768
    outer loop
      vertex -5.35621 4.78923 5
      vertex -5.0452 6.55307 3
      vertex -5.65283 4.85499 5
    endloop
  endfacet
  facet normal -0.66247 -0.341272 0.666833
    outer loop
      vertex -1.58638 9.70328 5
      vertex -3.20928 8.94569 3
      vertex -1.58604 9.70262 5
    endloop
  endfacet
  facet normal -0.661059 -0.344123 0.666768
    outer loop
      vertex -3.20928 8.94569 3
      vertex -1.58638 9.70328 5
      vertex -3.27776 9.07724 3
    endloop
  endfacet
  facet normal -0.591322 -0.453608 0.666767
    outer loop
      vertex -1.8903 10.2296 5
      vertex -2.07525 10.4707 5
      vertex -3.35744 9.20232 3
    endloop
  endfacet
  facet normal -0.400533 -0.628491 0.666763
    outer loop
      vertex -2.74762 11.0869 5
      vertex -3.00386 11.2502 5
      vertex -3.77492 9.6198 3
    endloop
  endfacet
  facet normal -0.451992 0.592612 0.666718
    outer loop
      vertex -3.65726 6.92497 3
      vertex -2.50659 5.5525 5
      vertex -2.506 5.55295 5
    endloop
  endfacet
  facet normal -0.453709 0.591244 0.666767
    outer loop
      vertex -2.50659 5.5525 5
      vertex -3.65726 6.92497 3
      vertex -3.77492 6.83468 3
    endloop
  endfacet
  facet normal -0.661056 0.34413 0.666768
    outer loop
      vertex -1.72633 6.48237 5
      vertex -1.58604 6.75186 5
      vertex -3.20928 7.50879 3
    endloop
  endfacet
  facet normal -0.727598 -0.161312 0.666768
    outer loop
      vertex -1.31215 8.83418 5
      vertex -1.37791 9.13079 5
      vertex -3.10793 8.66723 3
    endloop
  endfacet
  facet normal 0.739794 -0.0912075 0.666623
    outer loop
      vertex -8.1881 8.83272 5
      vertex -6.42417 8.52244 3
      vertex -8.18801 8.83345 5
    endloop
  endfacet
  facet normal 0.738888 -0.0972922 0.666767
    outer loop
      vertex -6.42417 8.52244 3
      vertex -8.1881 8.83272 5
      vertex -6.44353 8.37541 3
    endloop
  endfacet
  facet normal -0.223968 -0.71081 0.666774
    outer loop
      vertex -3.55599 11.5078 5
      vertex -3.84575 11.5991 5
      vertex -4.16857 9.82472 3
    endloop
  endfacet
  facet normal 0.400414 0.628561 0.666768
    outer loop
      vertex -6.49614 5.2043 5
      vertex -5.6 6.755 3
      vertex -5.72508 6.83468 3
    endloop
  endfacet
  facet normal 0.396777 0.630773 0.666854
    outer loop
      vertex -5.6 6.755 3
      vertex -6.49614 5.2043 5
      vertex -6.49552 5.20391 5
    endloop
  endfacet
  facet normal 0 -0.744948 0.667123
    outer loop
      vertex -4.75 9.92724 3
      vertex -4.74926 11.7183 5
      vertex -4.75 11.7183 5
    endloop
  endfacet
  facet normal -0.0325137 -0.744548 0.666777
    outer loop
      vertex -4.74926 11.7183 5
      vertex -4.75 9.92724 3
      vertex -4.60184 9.92077 3
    endloop
  endfacet
  facet normal -0.68905 -0.283726 0.666866
    outer loop
      vertex -3.20928 8.94569 3
      vertex -1.46949 9.42125 5
      vertex -1.46977 9.42193 5
    endloop
  endfacet
  facet normal -0.688522 -0.285238 0.666766
    outer loop
      vertex -1.46949 9.42125 5
      vertex -3.20928 8.94569 3
      vertex -3.15252 8.80868 3
    endloop
  endfacet
  facet normal 0.744612 -0.030187 0.666815
    outer loop
      vertex -6.45 8.22724 3
      vertex -8.24101 8.22798 5
      vertex -8.24104 8.22724 5
    endloop
  endfacet
  facet normal 0.744557 -0.0325119 0.666767
    outer loop
      vertex -8.24101 8.22798 5
      vertex -6.45 8.22724 3
      vertex -6.44353 8.37541 3
    endloop
  endfacet
  facet normal -0.0325119 0.744557 0.666767
    outer loop
      vertex -4.75 6.52724 3
      vertex -4.74926 4.73623 5
      vertex -4.60183 6.53371 3
    endloop
  endfacet
  facet normal -0.030187 0.744612 0.666815
    outer loop
      vertex -4.74926 4.73623 5
      vertex -4.75 6.52724 3
      vertex -4.75 4.7362 5
    endloop
  endfacet
  facet normal -0.41806 -0.616638 0.667071
    outer loop
      vertex -3.77492 9.6198 3
      vertex -2.74703 11.0865 5
      vertex -2.74762 11.0869 5
    endloop
  endfacet
  facet normal -0.453676 -0.591266 0.66677
    outer loop
      vertex -2.74703 11.0865 5
      vertex -3.77492 9.6198 3
      vertex -3.65726 9.52952 3
    endloop
  endfacet
  facet normal -0.688528 0.28522 0.666767
    outer loop
      vertex -3.20928 7.50879 3
      vertex -1.46949 7.03323 5
      vertex -3.15252 7.64581 3
    endloop
  endfacet
  facet normal -0.68905 0.283726 0.666866
    outer loop
      vertex -1.46949 7.03323 5
      vertex -3.20928 7.50879 3
      vertex -1.46977 7.03255 5
    endloop
  endfacet
  facet normal -0.628554 -0.400426 0.666767
    outer loop
      vertex -1.72667 9.97276 5
      vertex -1.88991 10.229 5
      vertex -3.27776 9.07724 3
    endloop
  endfacet
  facet normal -0.549465 0.503497 0.666767
    outer loop
      vertex -2.28146 5.7587 5
      vertex -2.0762 5.9827 5
      vertex -3.54792 7.02516 3
    endloop
  endfacet
  facet normal 0.661056 -0.34413 0.666768
    outer loop
      vertex -6.29072 8.94569 3
      vertex -7.77367 9.97211 5
      vertex -7.91396 9.70262 5
    endloop
  endfacet
  facet normal 0.400444 0.628544 0.666766
    outer loop
      vertex -6.49614 5.2043 5
      vertex -5.72508 6.83468 3
      vertex -6.75238 5.36755 5
    endloop
  endfacet
  facet normal -0.285272 -0.688504 0.666769
    outer loop
      vertex -3.27462 11.3912 5
      vertex -3.55531 11.5075 5
      vertex -4.03155 9.76796 3
    endloop
  endfacet
  facet normal -0.50349 0.549471 0.666768
    outer loop
      vertex -3.65726 6.92497 3
      vertex -2.50546 5.55344 5
      vertex -3.54792 7.02516 3
    endloop
  endfacet
  facet normal -0.500767 0.551865 0.666841
    outer loop
      vertex -2.50546 5.55344 5
      vertex -3.65726 6.92497 3
      vertex -2.506 5.55295 5
    endloop
  endfacet
  facet normal 0.202231 -0.717922 0.666101
    outer loop
      vertex -5.33143 9.82472 3
      vertex -5.9433 11.508 5
      vertex -5.94401 11.5078 5
    endloop
  endfacet
  facet normal 0.224123 -0.710762 0.666773
    outer loop
      vertex -5.9433 11.508 5
      vertex -5.33143 9.82472 3
      vertex -5.18999 9.86932 3
    endloop
  endfacet
  facet normal -0.688532 0.28521 0.666768
    outer loop
      vertex -1.58604 6.75186 5
      vertex -1.46977 7.03255 5
      vertex -3.20928 7.50879 3
    endloop
  endfacet
  facet normal -0.28521 0.688532 0.666768
    outer loop
      vertex -3.55531 4.94701 5
      vertex -3.27462 5.06328 5
      vertex -4.03155 6.68652 3
    endloop
  endfacet
  facet normal 0.549464 -0.503495 0.66677
    outer loop
      vertex -5.95208 9.42932 3
      vertex -7.21854 10.6958 5
      vertex -7.4238 10.4718 5
    endloop
  endfacet
  facet normal -0.283726 0.68905 0.666866
    outer loop
      vertex -4.03155 6.68652 3
      vertex -3.55599 4.94673 5
      vertex -3.55531 4.94701 5
    endloop
  endfacet
  facet normal -0.285176 0.688544 0.66677
    outer loop
      vertex -3.55599 4.94673 5
      vertex -4.03155 6.68652 3
      vertex -4.16857 6.62977 3
    endloop
  endfacet
  facet normal -0.22408 -0.710785 0.666763
    outer loop
      vertex -4.16857 9.82472 3
      vertex -3.84645 11.5993 5
      vertex -4.31001 9.86931 3
    endloop
  endfacet
  facet normal -0.204463 -0.715621 0.667894
    outer loop
      vertex -3.84645 11.5993 5
      vertex -4.16857 9.82472 3
      vertex -3.84575 11.5991 5
    endloop
  endfacet
  facet normal -0.738891 -0.0972613 0.666768
    outer loop
      vertex -1.27234 8.53224 5
      vertex -1.31199 8.83346 5
      vertex -3.07583 8.52244 3
    endloop
  endfacet
  facet normal 0.224125 0.710766 0.666768
    outer loop
      vertex -5.33143 6.62977 3
      vertex -5.65355 4.85515 5
      vertex -5.18999 6.58517 3
    endloop
  endfacet
  facet normal 0.223439 0.710941 0.666812
    outer loop
      vertex -5.65355 4.85515 5
      vertex -5.33143 6.62977 3
      vertex -5.65425 4.85537 5
    endloop
  endfacet
  facet normal 0.628554 0.400426 0.666767
    outer loop
      vertex -7.61009 6.22548 5
      vertex -6.22224 7.37724 3
      vertex -7.77333 6.48172 5
    endloop
  endfacet
  facet normal -0.0973822 -0.738878 0.666765
    outer loop
      vertex -4.14452 11.6653 5
      vertex -4.44574 11.705 5
      vertex -4.60184 9.92077 3
    endloop
  endfacet
  facet normal -0.161168 -0.727636 0.666761
    outer loop
      vertex -3.84717 11.5995 5
      vertex -4.14379 11.6652 5
      vertex -4.4548 9.90141 3
    endloop
  endfacet
  facet normal 0.161402 -0.727583 0.666762
    outer loop
      vertex -5.18999 9.86932 3
      vertex -5.35693 11.6651 5
      vertex -5.65355 11.5993 5
    endloop
  endfacet
  facet normal 0.312178 -0.676387 0.667118
    outer loop
      vertex -6.22603 11.3909 5
      vertex -5.46845 9.76796 3
      vertex -6.22538 11.3912 5
    endloop
  endfacet
  facet normal 0.34412 -0.661054 0.666775
    outer loop
      vertex -5.46845 9.76796 3
      vertex -6.22603 11.3909 5
      vertex -5.6 9.69948 3
    endloop
  endfacet
  facet normal 0.344147 -0.661042 0.666773
    outer loop
      vertex -5.6 9.69948 3
      vertex -6.22603 11.3909 5
      vertex -6.49552 11.2506 5
    endloop
  endfacet
  facet normal 0.66106 0.344123 0.666768
    outer loop
      vertex -6.29072 7.50879 3
      vertex -7.91362 6.75121 5
      vertex -6.22224 7.37724 3
    endloop
  endfacet
  facet normal 0.660404 0.345442 0.666735
    outer loop
      vertex -7.91362 6.75121 5
      vertex -6.29072 7.50879 3
      vertex -7.91396 6.75186 5
    endloop
  endfacet
  facet normal -0.161308 -0.727597 0.66677
    outer loop
      vertex -4.31001 9.86931 3
      vertex -3.84717 11.5995 5
      vertex -4.4548 9.90141 3
    endloop
  endfacet
  facet normal -0.199386 -0.717791 0.667099
    outer loop
      vertex -3.84717 11.5995 5
      vertex -4.31001 9.86931 3
      vertex -3.84645 11.5993 5
    endloop
  endfacet
  facet normal -0.161675 0.727539 0.666745
    outer loop
      vertex -4.31001 6.58517 3
      vertex -4.14379 4.78923 5
      vertex -4.14307 4.78939 5
    endloop
  endfacet
  facet normal -0.161309 0.727599 0.666768
    outer loop
      vertex -4.14379 4.78923 5
      vertex -4.31001 6.58517 3
      vertex -4.4548 6.55307 3
    endloop
  endfacet
  facet normal 0.549465 0.503497 0.666767
    outer loop
      vertex -7.21854 5.7587 5
      vertex -5.95208 7.02516 3
      vertex -7.4238 5.9827 5
    endloop
  endfacet
  facet normal -0.549464 -0.503495 0.66677
    outer loop
      vertex -2.0762 10.4718 5
      vertex -2.28146 10.6958 5
      vertex -3.54792 9.42932 3
    endloop
  endfacet
  facet normal -0.503416 -0.549538 0.666768
    outer loop
      vertex -2.28146 10.6958 5
      vertex -2.50546 10.901 5
      vertex -3.54792 9.42932 3
    endloop
  endfacet
  facet normal -0.22411 0.710771 0.666768
    outer loop
      vertex -3.84645 4.85515 5
      vertex -3.5567 4.94651 5
      vertex -4.31001 6.58517 3
    endloop
  endfacet
  facet normal 0.453706 0.591246 0.666768
    outer loop
      vertex -6.75297 5.36799 5
      vertex -5.84274 6.92497 3
      vertex -6.994 5.55295 5
    endloop
  endfacet
  facet normal -0.161307 0.727599 0.666768
    outer loop
      vertex -4.14307 4.78939 5
      vertex -3.84645 4.85515 5
      vertex -4.31001 6.58517 3
    endloop
  endfacet
  facet normal 0.0973859 -0.738882 0.66676
    outer loop
      vertex -5.0452 9.90141 3
      vertex -5.055 11.7049 5
      vertex -5.35621 11.6652 5
    endloop
  endfacet
  facet normal 0.34413 0.661056 0.666768
    outer loop
      vertex -6.22538 5.06328 5
      vertex -5.46845 6.68652 3
      vertex -6.49487 5.20357 5
    endloop
  endfacet
  facet normal -0.744557 0.0325032 0.666767
    outer loop
      vertex -1.27224 7.92298 5
      vertex -1.25899 8.2265 5
      vertex -3.05647 8.07908 3
    endloop
  endfacet
  facet normal 0.0972855 0.738889 0.666767
    outer loop
      vertex -5.05426 4.74948 5
      vertex -4.89816 6.53371 3
      vertex -5.35548 4.78914 5
    endloop
  endfacet
  facet normal 0.0325032 0.744557 0.666767
    outer loop
      vertex -4.75074 4.73623 5
      vertex -4.89816 6.53371 3
      vertex -5.05426 4.74948 5
    endloop
  endfacet
  facet normal -0.738592 -0.101177 0.666517
    outer loop
      vertex -3.07583 8.52244 3
      vertex -1.27224 8.53151 5
      vertex -1.27234 8.53224 5
    endloop
  endfacet
  facet normal -0.738888 -0.0972922 0.666767
    outer loop
      vertex -1.27224 8.53151 5
      vertex -3.07583 8.52244 3
      vertex -3.05647 8.37541 3
    endloop
  endfacet
  facet normal 0.301236 -0.682802 0.665611
    outer loop
      vertex -5.46845 9.76796 3
      vertex -5.94401 11.5078 5
      vertex -5.94469 11.5075 5
    endloop
  endfacet
  facet normal 0.285217 -0.68852 0.666777
    outer loop
      vertex -5.94401 11.5078 5
      vertex -5.46845 9.76796 3
      vertex -5.33143 9.82472 3
    endloop
  endfacet
  facet normal -0.220603 0.711945 0.666685
    outer loop
      vertex -4.16857 6.62977 3
      vertex -3.5567 4.94651 5
      vertex -3.55599 4.94673 5
    endloop
  endfacet
  facet normal -0.224124 0.710765 0.666769
    outer loop
      vertex -3.5567 4.94651 5
      vertex -4.16857 6.62977 3
      vertex -4.31001 6.58517 3
    endloop
  endfacet
  facet normal -0.592545 0.451941 0.666813
    outer loop
      vertex -3.35744 7.25216 3
      vertex -1.89075 6.22427 5
      vertex -1.8903 6.22486 5
    endloop
  endfacet
  facet normal -0.591244 0.453709 0.666767
    outer loop
      vertex -1.89075 6.22427 5
      vertex -3.35744 7.25216 3
      vertex -3.44773 7.1345 3
    endloop
  endfacet
  facet normal -0.344149 -0.661047 0.666767
    outer loop
      vertex -3.00513 11.2509 5
      vertex -3.27462 11.3912 5
      vertex -4.03155 9.76796 3
    endloop
  endfacet
  facet normal 0.0325115 -0.744548 0.666777
    outer loop
      vertex -4.75 9.92724 3
      vertex -4.75074 11.7183 5
      vertex -4.89817 9.92077 3
    endloop
  endfacet
  facet normal 0 -0.744948 0.667123
    outer loop
      vertex -4.75074 11.7183 5
      vertex -4.75 9.92724 3
      vertex -4.75 11.7183 5
    endloop
  endfacet
  facet normal 0.0326245 -0.744549 0.66677
    outer loop
      vertex -4.89817 9.92077 3
      vertex -4.75074 11.7183 5
      vertex -5.05427 11.705 5
    endloop
  endfacet
  facet normal -0.400426 0.628554 0.666767
    outer loop
      vertex -3.00448 5.20391 5
      vertex -2.74824 5.36715 5
      vertex -3.9 6.755 3
    endloop
  endfacet
  facet normal -0.591257 0.45369 0.666769
    outer loop
      vertex -2.0757 5.98324 5
      vertex -1.89075 6.22427 5
      vertex -3.44773 7.1345 3
    endloop
  endfacet
  facet normal -0.0325022 0.744557 0.666767
    outer loop
      vertex -4.44573 4.74948 5
      vertex -4.60183 6.53371 3
      vertex -4.74926 4.73623 5
    endloop
  endfacet
  facet normal 0.591269 0.453678 0.666766
    outer loop
      vertex -7.42475 5.98383 5
      vertex -6.05228 7.1345 3
      vertex -6.14256 7.25216 3
    endloop
  endfacet
  facet normal 0.592612 0.451992 0.666718
    outer loop
      vertex -6.05228 7.1345 3
      vertex -7.42475 5.98383 5
      vertex -7.4243 5.98324 5
    endloop
  endfacet
  facet normal 0.101177 -0.738592 0.666517
    outer loop
      vertex -5.0452 9.90141 3
      vertex -5.05427 11.705 5
      vertex -5.055 11.7049 5
    endloop
  endfacet
  facet normal 0.0972922 -0.738888 0.666767
    outer loop
      vertex -5.05427 11.705 5
      vertex -5.0452 9.90141 3
      vertex -4.89817 9.92077 3
    endloop
  endfacet
  facet normal -0.546904 0.506393 0.66668
    outer loop
      vertex -3.44773 7.1345 3
      vertex -2.0762 5.9827 5
      vertex -2.0757 5.98324 5
    endloop
  endfacet
  facet normal -0.549471 0.50349 0.666768
    outer loop
      vertex -2.0762 5.9827 5
      vertex -3.44773 7.1345 3
      vertex -3.54792 7.02516 3
    endloop
  endfacet
  facet normal -0.312753 -0.677632 0.665583
    outer loop
      vertex -3.00513 11.2509 5
      vertex -3.9 9.69948 3
      vertex -3.00448 11.2506 5
    endloop
  endfacet
  facet normal -0.344124 -0.661062 0.666765
    outer loop
      vertex -3.9 9.69948 3
      vertex -3.00513 11.2509 5
      vertex -4.03155 9.76796 3
    endloop
  endfacet
  facet normal 0.710943 -0.223439 0.66681
    outer loop
      vertex -8.12209 9.13079 5
      vertex -6.34748 8.80867 3
      vertex -8.12187 9.13149 5
    endloop
  endfacet
  facet normal 0.71078 -0.224079 0.666769
    outer loop
      vertex -6.34748 8.80867 3
      vertex -8.12209 9.13079 5
      vertex -6.39207 8.66723 3
    endloop
  endfacet
  facet normal 0.161309 0.727598 0.666768
    outer loop
      vertex -5.18999 6.58517 3
      vertex -5.65283 4.85499 5
      vertex -5.0452 6.55307 3
    endloop
  endfacet
  facet normal 0.161669 0.727511 0.666776
    outer loop
      vertex -5.65283 4.85499 5
      vertex -5.18999 6.58517 3
      vertex -5.65355 4.85515 5
    endloop
  endfacet
  facet normal 0.661057 0.34413 0.666767
    outer loop
      vertex -7.77333 6.48172 5
      vertex -6.22224 7.37724 3
      vertex -7.91362 6.75121 5
    endloop
  endfacet
  facet normal -0.553869 -0.498482 0.666891
    outer loop
      vertex -3.44772 9.31998 3
      vertex -2.07525 10.4707 5
      vertex -2.0757 10.4712 5
    endloop
  endfacet
  facet normal -0.591264 -0.453675 0.666773
    outer loop
      vertex -2.07525 10.4707 5
      vertex -3.44772 9.31998 3
      vertex -3.35744 9.20232 3
    endloop
  endfacet
  facet normal -0.624766 -0.406098 0.666898
    outer loop
      vertex -3.35744 9.20232 3
      vertex -1.88991 10.229 5
      vertex -1.8903 10.2296 5
    endloop
  endfacet
  facet normal -0.628563 -0.400415 0.666766
    outer loop
      vertex -1.88991 10.229 5
      vertex -3.35744 9.20232 3
      vertex -3.27776 9.07724 3
    endloop
  endfacet
  facet normal -0.0326255 -0.744549 0.66677
    outer loop
      vertex -4.60184 9.92077 3
      vertex -4.44574 11.705 5
      vertex -4.74926 11.7183 5
    endloop
  endfacet
  facet normal -0.506398 -0.546909 0.666672
    outer loop
      vertex -3.65726 9.52952 3
      vertex -2.50546 10.901 5
      vertex -2.506 10.9015 5
    endloop
  endfacet
  facet normal -0.503522 -0.549452 0.666759
    outer loop
      vertex -2.50546 10.901 5
      vertex -3.65726 9.52952 3
      vertex -3.54792 9.42932 3
    endloop
  endfacet
  facet normal -0.453771 -0.591202 0.666763
    outer loop
      vertex -2.506 10.9015 5
      vertex -2.74703 11.0865 5
      vertex -3.65726 9.52952 3
    endloop
  endfacet
  facet normal -0.628554 0.400426 0.666767
    outer loop
      vertex -1.8903 6.22486 5
      vertex -1.72706 6.4811 5
      vertex -3.35744 7.25216 3
    endloop
  endfacet
  facet normal -0.396865 0.630913 0.666669
    outer loop
      vertex -3.77492 6.83468 3
      vertex -2.74824 5.36715 5
      vertex -2.74762 5.36754 5
    endloop
  endfacet
  facet normal -0.400415 0.628563 0.666766
    outer loop
      vertex -2.74824 5.36715 5
      vertex -3.77492 6.83468 3
      vertex -3.9 6.755 3
    endloop
  endfacet
  facet normal -0.453707 0.591246 0.666767
    outer loop
      vertex -2.74762 5.36754 5
      vertex -2.50659 5.5525 5
      vertex -3.77492 6.83468 3
    endloop
  endfacet
  facet normal -0.0972645 0.738891 0.666768
    outer loop
      vertex -4.445 4.74958 5
      vertex -4.14379 4.78923 5
      vertex -4.4548 6.55307 3
    endloop
  endfacet
  facet normal -0.727538 -0.161675 0.666745
    outer loop
      vertex -3.10793 8.66723 3
      vertex -1.31199 8.83346 5
      vertex -1.31215 8.83418 5
    endloop
  endfacet
  facet normal -0.727598 -0.161309 0.666769
    outer loop
      vertex -1.31199 8.83346 5
      vertex -3.10793 8.66723 3
      vertex -3.07583 8.52244 3
    endloop
  endfacet
  facet normal -0.630773 0.396777 0.666854
    outer loop
      vertex -3.27776 7.37724 3
      vertex -1.72706 6.4811 5
      vertex -1.72667 6.48172 5
    endloop
  endfacet
  facet normal -0.628561 0.400414 0.666768
    outer loop
      vertex -1.72706 6.4811 5
      vertex -3.27776 7.37724 3
      vertex -3.35744 7.25216 3
    endloop
  endfacet
  facet normal 0.628534 -0.40046 0.666766
    outer loop
      vertex -6.14256 9.20232 3
      vertex -7.6097 10.2296 5
      vertex -7.77294 9.97339 5
    endloop
  endfacet
  facet normal -0.0972867 -0.738896 0.666759
    outer loop
      vertex -4.4548 9.90141 3
      vertex -4.14452 11.6653 5
      vertex -4.60184 9.92077 3
    endloop
  endfacet
  facet normal -0.101138 -0.738308 0.666838
    outer loop
      vertex -4.14452 11.6653 5
      vertex -4.4548 9.90141 3
      vertex -4.14379 11.6652 5
    endloop
  endfacet
  facet normal 0.727599 0.161309 0.666768
    outer loop
      vertex -8.18801 7.62103 5
      vertex -6.39207 7.78725 3
      vertex -6.42417 7.93204 3
    endloop
  endfacet
  facet normal 0.727539 0.161675 0.666745
    outer loop
      vertex -6.39207 7.78725 3
      vertex -8.18801 7.62103 5
      vertex -8.18785 7.62031 5
    endloop
  endfacet
  facet normal 0.591258 0.453691 0.666767
    outer loop
      vertex -7.42475 5.98383 5
      vertex -6.14256 7.25216 3
      vertex -7.6097 6.22486 5
    endloop
  endfacet
  facet normal 0.628563 0.400415 0.666766
    outer loop
      vertex -7.61009 6.22548 5
      vertex -6.14256 7.25216 3
      vertex -6.22224 7.37724 3
    endloop
  endfacet
  facet normal 0.630913 0.396865 0.666669
    outer loop
      vertex -6.14256 7.25216 3
      vertex -7.61009 6.22548 5
      vertex -7.6097 6.22486 5
    endloop
  endfacet
  facet normal -0.688532 -0.28521 0.666768
    outer loop
      vertex -1.46977 9.42193 5
      vertex -1.58604 9.70262 5
      vertex -3.20928 8.94569 3
    endloop
  endfacet
  facet normal 0.28521 0.688532 0.666768
    outer loop
      vertex -5.94469 4.94701 5
      vertex -5.46845 6.68652 3
      vertex -6.22538 5.06328 5
    endloop
  endfacet
  facet normal 0.224103 0.710772 0.666769
    outer loop
      vertex -5.65425 4.85537 5
      vertex -5.33143 6.62977 3
      vertex -5.94401 4.94673 5
    endloop
  endfacet
  facet normal 0.503497 0.549465 0.666767
    outer loop
      vertex -6.99454 5.55344 5
      vertex -5.95208 7.02516 3
      vertex -7.21854 5.7587 5
    endloop
  endfacet
  facet normal 0.0972857 0.738889 0.666767
    outer loop
      vertex -5.0452 6.55307 3
      vertex -5.35548 4.78914 5
      vertex -4.89816 6.53371 3
    endloop
  endfacet
  facet normal 0.0912075 0.739794 0.666623
    outer loop
      vertex -5.35548 4.78914 5
      vertex -5.0452 6.55307 3
      vertex -5.35621 4.78923 5
    endloop
  endfacet
  facet normal 0.727511 -0.161669 0.666776
    outer loop
      vertex -8.12225 9.13007 5
      vertex -6.39207 8.66723 3
      vertex -8.12209 9.13079 5
    endloop
  endfacet
  facet normal 0.727598 -0.161309 0.666768
    outer loop
      vertex -6.39207 8.66723 3
      vertex -8.12225 9.13007 5
      vertex -6.42417 8.52244 3
    endloop
  endfacet
  facet normal 0.744557 -0.0325022 0.666767
    outer loop
      vertex -6.44353 8.37541 3
      vertex -8.22776 8.53151 5
      vertex -8.24101 8.22798 5
    endloop
  endfacet
  facet normal 0.727599 0.161307 0.666768
    outer loop
      vertex -8.12209 7.32369 5
      vertex -6.39207 7.78725 3
      vertex -8.18785 7.62031 5
    endloop
  endfacet
  facet normal -0.404074 -0.626315 0.666673
    outer loop
      vertex -3.9 9.69948 3
      vertex -3.00386 11.2502 5
      vertex -3.00448 11.2506 5
    endloop
  endfacet
  facet normal -0.400412 -0.628558 0.666772
    outer loop
      vertex -3.00386 11.2502 5
      vertex -3.9 9.69948 3
      vertex -3.77492 9.6198 3
    endloop
  endfacet
  facet normal -0.710774 0.224104 0.666767
    outer loop
      vertex -1.46949 7.03323 5
      vertex -1.37813 7.32299 5
      vertex -3.15252 7.64581 3
    endloop
  endfacet
  facet normal 0.591245 -0.45371 0.666766
    outer loop
      vertex -7.60925 10.2302 5
      vertex -6.14256 9.20232 3
      vertex -6.05227 9.31998 3
    endloop
  endfacet
  facet normal 0.596103 -0.447077 0.66692
    outer loop
      vertex -6.14256 9.20232 3
      vertex -7.60925 10.2302 5
      vertex -7.6097 10.2296 5
    endloop
  endfacet
  facet normal -0.744346 0.0402349 0.666581
    outer loop
      vertex -3.05 8.22724 3
      vertex -1.25899 8.2265 5
      vertex -1.25895 8.22724 5
    endloop
  endfacet
  facet normal -0.744557 0.0325141 0.666767
    outer loop
      vertex -1.25899 8.2265 5
      vertex -3.05 8.22724 3
      vertex -3.05647 8.07908 3
    endloop
  endfacet
  facet normal -0.710992 -0.223455 0.666752
    outer loop
      vertex -3.15252 8.80868 3
      vertex -1.46927 9.42055 5
      vertex -1.46949 9.42125 5
    endloop
  endfacet
  facet normal -0.710787 -0.224065 0.666766
    outer loop
      vertex -1.46927 9.42055 5
      vertex -3.15252 8.80868 3
      vertex -3.10793 8.66723 3
    endloop
  endfacet
  facet normal -0.66106 0.344123 0.666767
    outer loop
      vertex -3.27776 7.37724 3
      vertex -1.72633 6.48237 5
      vertex -3.20928 7.50879 3
    endloop
  endfacet
  facet normal -0.660354 0.345416 0.666798
    outer loop
      vertex -1.72633 6.48237 5
      vertex -3.27776 7.37724 3
      vertex -1.72667 6.48172 5
    endloop
  endfacet
  facet normal 0.688532 -0.28521 0.666768
    outer loop
      vertex -6.29072 8.94569 3
      vertex -7.91396 9.70262 5
      vertex -8.03023 9.42193 5
    endloop
  endfacet
  facet normal -0.744557 -0.0325119 0.666767
    outer loop
      vertex -3.05 8.22724 3
      vertex -1.25899 8.22798 5
      vertex -3.05647 8.37541 3
    endloop
  endfacet
  facet normal -0.744346 -0.0402349 0.666581
    outer loop
      vertex -1.25899 8.22798 5
      vertex -3.05 8.22724 3
      vertex -1.25895 8.22724 5
    endloop
  endfacet
  facet normal -0.744557 -0.0325022 0.666767
    outer loop
      vertex -1.25899 8.22798 5
      vertex -1.27224 8.53151 5
      vertex -3.05647 8.37541 3
    endloop
  endfacet
  facet normal -0.710773 -0.224103 0.666768
    outer loop
      vertex -1.37791 9.13079 5
      vertex -1.46927 9.42055 5
      vertex -3.10793 8.66723 3
    endloop
  endfacet
  facet normal 0.738889 -0.0972887 0.666767
    outer loop
      vertex -6.44353 8.37541 3
      vertex -8.1881 8.83272 5
      vertex -8.22776 8.53151 5
    endloop
  endfacet
  facet normal -0.738889 0.0972857 0.666767
    outer loop
      vertex -3.07583 7.93204 3
      vertex -1.3119 7.62176 5
      vertex -3.05647 8.07908 3
    endloop
  endfacet
  facet normal -0.739794 0.0912075 0.666623
    outer loop
      vertex -1.3119 7.62176 5
      vertex -3.07583 7.93204 3
      vertex -1.31199 7.62103 5
    endloop
  endfacet
  facet normal 0.285176 0.688544 0.66677
    outer loop
      vertex -5.46845 6.68652 3
      vertex -5.94401 4.94673 5
      vertex -5.33143 6.62977 3
    endloop
  endfacet
  facet normal 0.283726 0.68905 0.666866
    outer loop
      vertex -5.94401 4.94673 5
      vertex -5.46845 6.68652 3
      vertex -5.94469 4.94701 5
    endloop
  endfacet
  facet normal 0.030187 0.744612 0.666815
    outer loop
      vertex -4.75 6.52724 3
      vertex -4.75074 4.73623 5
      vertex -4.75 4.7362 5
    endloop
  endfacet
  facet normal 0.0325141 0.744557 0.666767
    outer loop
      vertex -4.75074 4.73623 5
      vertex -4.75 6.52724 3
      vertex -4.89816 6.53371 3
    endloop
  endfacet
  facet normal 0.710771 0.22411 0.666768
    outer loop
      vertex -8.03073 7.03394 5
      vertex -6.39207 7.78725 3
      vertex -8.12209 7.32369 5
    endloop
  endfacet
  facet normal 0.688532 0.28521 0.666768
    outer loop
      vertex -7.91396 6.75186 5
      vertex -6.29072 7.50879 3
      vertex -8.03023 7.03255 5
    endloop
  endfacet
  facet normal 0.50349 0.549471 0.666768
    outer loop
      vertex -6.99454 5.55344 5
      vertex -5.84274 6.92497 3
      vertex -5.95208 7.02516 3
    endloop
  endfacet
  facet normal 0.500767 0.551865 0.666841
    outer loop
      vertex -5.84274 6.92497 3
      vertex -6.99454 5.55344 5
      vertex -6.994 5.55295 5
    endloop
  endfacet
  facet normal -0.344123 0.66106 0.666768
    outer loop
      vertex -4.03155 6.68652 3
      vertex -3.27397 5.06362 5
      vertex -3.9 6.755 3
    endloop
  endfacet
  facet normal -0.345442 0.660404 0.666735
    outer loop
      vertex -3.27397 5.06362 5
      vertex -4.03155 6.68652 3
      vertex -3.27462 5.06328 5
    endloop
  endfacet
  facet normal 0.710782 0.224079 0.666766
    outer loop
      vertex -8.03073 7.03394 5
      vertex -6.34748 7.64581 3
      vertex -6.39207 7.78725 3
    endloop
  endfacet
  facet normal 0.711947 0.220603 0.666683
    outer loop
      vertex -6.34748 7.64581 3
      vertex -8.03073 7.03394 5
      vertex -8.03051 7.03323 5
    endloop
  endfacet
  facet normal 0.344123 0.66106 0.666767
    outer loop
      vertex -5.6 6.755 3
      vertex -6.49487 5.20357 5
      vertex -5.46845 6.68652 3
    endloop
  endfacet
  facet normal 0.345416 0.660354 0.666798
    outer loop
      vertex -6.49487 5.20357 5
      vertex -5.6 6.755 3
      vertex -6.49552 5.20391 5
    endloop
  endfacet
  facet normal 0.738891 0.0972645 0.666768
    outer loop
      vertex -8.18801 7.62103 5
      vertex -6.42417 7.93204 3
      vertex -8.22766 7.92224 5
    endloop
  endfacet
  facet normal 0.660354 -0.345416 0.666798
    outer loop
      vertex -7.77367 9.97211 5
      vertex -6.22224 9.07724 3
      vertex -7.77333 9.97276 5
    endloop
  endfacet
  facet normal 0.66106 -0.344123 0.666767
    outer loop
      vertex -6.22224 9.07724 3
      vertex -7.77367 9.97211 5
      vertex -6.29072 8.94569 3
    endloop
  endfacet
  facet normal 0.744557 0.0325032 0.666767
    outer loop
      vertex -8.22776 7.92298 5
      vertex -6.44353 8.07908 3
      vertex -8.24101 8.2265 5
    endloop
  endfacet
  facet normal 0.710774 -0.224104 0.666767
    outer loop
      vertex -6.34748 8.80867 3
      vertex -8.03051 9.42125 5
      vertex -8.12187 9.13149 5
    endloop
  endfacet
  facet normal 0.68905 -0.283726 0.666866
    outer loop
      vertex -8.03051 9.42125 5
      vertex -6.29072 8.94569 3
      vertex -8.03023 9.42193 5
    endloop
  endfacet
  facet normal 0.688528 -0.28522 0.666767
    outer loop
      vertex -6.29072 8.94569 3
      vertex -8.03051 9.42125 5
      vertex -6.34748 8.80867 3
    endloop
  endfacet
  facet normal 0.62856 -0.400413 0.666769
    outer loop
      vertex -7.77294 9.97339 5
      vertex -6.22224 9.07724 3
      vertex -6.14256 9.20232 3
    endloop
  endfacet
  facet normal 0.633539 -0.392191 0.666945
    outer loop
      vertex -6.22224 9.07724 3
      vertex -7.77294 9.97339 5
      vertex -7.77333 9.97276 5
    endloop
  endfacet
  facet normal 0.54947 -0.503488 0.666771
    outer loop
      vertex -7.4238 10.4718 5
      vertex -6.05227 9.31998 3
      vertex -5.95208 9.42932 3
    endloop
  endfacet
  facet normal 0.577015 -0.471229 0.667082
    outer loop
      vertex -6.05227 9.31998 3
      vertex -7.4238 10.4718 5
      vertex -7.42429 10.4712 5
    endloop
  endfacet
  facet normal 0.503416 -0.549538 0.666768
    outer loop
      vertex -5.95208 9.42932 3
      vertex -6.99454 10.901 5
      vertex -7.21854 10.6958 5
    endloop
  endfacet
  facet normal 0.744612 0.030187 0.666815
    outer loop
      vertex -8.24101 8.2265 5
      vertex -6.45 8.22724 3
      vertex -8.24104 8.22724 5
    endloop
  endfacet
  facet normal 0.744557 0.0325141 0.666767
    outer loop
      vertex -6.45 8.22724 3
      vertex -8.24101 8.2265 5
      vertex -6.44353 8.07908 3
    endloop
  endfacet
  facet normal 0.453616 -0.59132 0.666763
    outer loop
      vertex -5.72508 9.6198 3
      vertex -6.75238 11.0869 5
      vertex -6.99341 10.902 5
    endloop
  endfacet
  facet normal 0.591221 -0.453744 0.666763
    outer loop
      vertex -6.05227 9.31998 3
      vertex -7.42429 10.4712 5
      vertex -7.60925 10.2302 5
    endloop
  endfacet
  facet normal 0.506398 -0.546909 0.666672
    outer loop
      vertex -6.99454 10.901 5
      vertex -5.84274 9.52952 3
      vertex -6.994 10.9015 5
    endloop
  endfacet
  facet normal 0.503522 -0.549452 0.666759
    outer loop
      vertex -5.84274 9.52952 3
      vertex -6.99454 10.901 5
      vertex -5.95208 9.42932 3
    endloop
  endfacet
  facet normal 0.453677 -0.591268 0.666768
    outer loop
      vertex -6.99341 10.902 5
      vertex -5.84274 9.52952 3
      vertex -5.72508 9.6198 3
    endloop
  endfacet
  facet normal 0.481633 -0.568327 0.667109
    outer loop
      vertex -5.84274 9.52952 3
      vertex -6.99341 10.902 5
      vertex -6.994 10.9015 5
    endloop
  endfacet
  facet normal 0.382709 0.923869 -0
    outer loop
      vertex -5.33143 -9.82472 0
      vertex -5.46845 -9.76796 3
      vertex -5.33143 -9.82472 3
    endloop
  endfacet
  facet normal 0.382709 0.923869 0
    outer loop
      vertex -5.46845 -9.76796 3
      vertex -5.33143 -9.82472 0
      vertex -5.46845 -9.76796 0
    endloop
  endfacet
  facet normal 0.461745 0.887012 -0
    outer loop
      vertex -5.46845 -9.76796 0
      vertex -5.6 -9.69948 3
      vertex -5.46845 -9.76796 3
    endloop
  endfacet
  facet normal 0.461745 0.887012 0
    outer loop
      vertex -5.6 -9.69948 3
      vertex -5.46845 -9.76796 0
      vertex -5.6 -9.69948 0
    endloop
  endfacet
  facet normal 0.300731 0.953709 -0
    outer loop
      vertex -5.18999 -9.86932 0
      vertex -5.33143 -9.82472 3
      vertex -5.18999 -9.86932 3
    endloop
  endfacet
  facet normal 0.300731 0.953709 0
    outer loop
      vertex -5.33143 -9.82472 3
      vertex -5.18999 -9.86932 0
      vertex -5.33143 -9.82472 0
    endloop
  endfacet
  facet normal 0.923869 -0.382709 0
    outer loop
      vertex -6.34748 -7.64581 3
      vertex -6.29072 -7.50879 0
      vertex -6.29072 -7.50879 3
    endloop
  endfacet
  facet normal 0.923869 -0.382709 0
    outer loop
      vertex -6.29072 -7.50879 0
      vertex -6.34748 -7.64581 3
      vertex -6.34748 -7.64581 0
    endloop
  endfacet
  facet normal 0.976295 -0.216445 0
    outer loop
      vertex -6.42417 -7.93204 3
      vertex -6.39207 -7.78725 0
      vertex -6.39207 -7.78725 3
    endloop
  endfacet
  facet normal 0.976295 -0.216445 0
    outer loop
      vertex -6.39207 -7.78725 0
      vertex -6.42417 -7.93204 3
      vertex -6.42417 -7.93204 0
    endloop
  endfacet
  facet normal -0.737283 -0.675584 0
    outer loop
      vertex -3.44773 -7.1345 0
      vertex -3.54792 -7.02516 3
      vertex -3.54792 -7.02516 0
    endloop
  endfacet
  facet normal -0.737283 -0.675584 0
    outer loop
      vertex -3.54792 -7.02516 3
      vertex -3.44773 -7.1345 0
      vertex -3.44773 -7.1345 3
    endloop
  endfacet
  facet normal 0.130538 -0.991443 0
    outer loop
      vertex -5.0452 -6.55307 0
      vertex -4.89816 -6.53371 3
      vertex -5.0452 -6.55307 3
    endloop
  endfacet
  facet normal 0.130538 -0.991443 0
    outer loop
      vertex -4.89816 -6.53371 3
      vertex -5.0452 -6.55307 0
      vertex -4.89816 -6.53371 0
    endloop
  endfacet
  facet normal 0.216381 0.976309 -0
    outer loop
      vertex -5.0452 -9.90141 0
      vertex -5.18999 -9.86932 3
      vertex -5.0452 -9.90141 3
    endloop
  endfacet
  facet normal 0.216381 0.976309 0
    outer loop
      vertex -5.18999 -9.86932 3
      vertex -5.0452 -9.90141 0
      vertex -5.18999 -9.86932 0
    endloop
  endfacet
  facet normal -0.130538 0.991443 0
    outer loop
      vertex -4.4548 -9.90141 0
      vertex -4.60184 -9.92077 3
      vertex -4.4548 -9.90141 3
    endloop
  endfacet
  facet normal -0.130538 0.991443 0
    outer loop
      vertex -4.60184 -9.92077 3
      vertex -4.4548 -9.90141 0
      vertex -4.60184 -9.92077 0
    endloop
  endfacet
  facet normal -0.999048 -0.0436274 0
    outer loop
      vertex -3.05 -8.22724 0
      vertex -3.05647 -8.07908 3
      vertex -3.05647 -8.07908 0
    endloop
  endfacet
  facet normal -0.999048 -0.0436274 0
    outer loop
      vertex -3.05647 -8.07908 3
      vertex -3.05 -8.22724 0
      vertex -3.05 -8.22724 3
    endloop
  endfacet
  facet normal -0.976295 0.216445 0
    outer loop
      vertex -3.10793 -8.66723 0
      vertex -3.07583 -8.52244 3
      vertex -3.07583 -8.52244 0
    endloop
  endfacet
  facet normal -0.976295 0.216445 0
    outer loop
      vertex -3.07583 -8.52244 3
      vertex -3.10793 -8.66723 0
      vertex -3.10793 -8.66723 3
    endloop
  endfacet
  facet normal -0.953734 0.300651 0
    outer loop
      vertex -3.15252 -8.80868 0
      vertex -3.10793 -8.66723 3
      vertex -3.10793 -8.66723 0
    endloop
  endfacet
  facet normal -0.953734 0.300651 0
    outer loop
      vertex -3.10793 -8.66723 3
      vertex -3.15252 -8.80868 0
      vertex -3.15252 -8.80868 3
    endloop
  endfacet
  facet normal -0.130547 -0.991442 0
    outer loop
      vertex -4.60183 -6.53371 0
      vertex -4.4548 -6.55307 3
      vertex -4.60183 -6.53371 3
    endloop
  endfacet
  facet normal -0.130547 -0.991442 -0
    outer loop
      vertex -4.4548 -6.55307 3
      vertex -4.60183 -6.53371 0
      vertex -4.4548 -6.55307 0
    endloop
  endfacet
  facet normal -0.0436274 0.999048 0
    outer loop
      vertex -4.60184 -9.92077 0
      vertex -4.75 -9.92724 3
      vertex -4.60184 -9.92077 3
    endloop
  endfacet
  facet normal -0.0436274 0.999048 0
    outer loop
      vertex -4.75 -9.92724 3
      vertex -4.60184 -9.92077 0
      vertex -4.75 -9.92724 0
    endloop
  endfacet
  facet normal 0.737283 0.675584 0
    outer loop
      vertex -5.95208 -9.42932 3
      vertex -6.05227 -9.31998 0
      vertex -6.05227 -9.31998 3
    endloop
  endfacet
  facet normal 0.737283 0.675584 0
    outer loop
      vertex -6.05227 -9.31998 0
      vertex -5.95208 -9.42932 3
      vertex -5.95208 -9.42932 0
    endloop
  endfacet
  facet normal -0.30067 0.953728 0
    outer loop
      vertex -4.16857 -9.82472 0
      vertex -4.31001 -9.86931 3
      vertex -4.16857 -9.82472 3
    endloop
  endfacet
  facet normal -0.30067 0.953728 0
    outer loop
      vertex -4.31001 -9.86931 3
      vertex -4.16857 -9.82472 0
      vertex -4.31001 -9.86931 0
    endloop
  endfacet
  facet normal -0.461745 0.887012 0
    outer loop
      vertex -3.9 -9.69948 0
      vertex -4.03155 -9.76796 3
      vertex -3.9 -9.69948 3
    endloop
  endfacet
  facet normal -0.461745 0.887012 0
    outer loop
      vertex -4.03155 -9.76796 3
      vertex -3.9 -9.69948 0
      vertex -4.03155 -9.76796 0
    endloop
  endfacet
  facet normal 0.537277 0.843406 -0
    outer loop
      vertex -5.6 -9.69948 0
      vertex -5.72508 -9.6198 3
      vertex -5.6 -9.69948 3
    endloop
  endfacet
  facet normal 0.537277 0.843406 0
    outer loop
      vertex -5.72508 -9.6198 3
      vertex -5.6 -9.69948 0
      vertex -5.72508 -9.6198 0
    endloop
  endfacet
  facet normal 0.737249 -0.675621 0
    outer loop
      vertex -6.05228 -7.1345 3
      vertex -5.95208 -7.02516 0
      vertex -5.95208 -7.02516 3
    endloop
  endfacet
  facet normal 0.737249 -0.675621 0
    outer loop
      vertex -5.95208 -7.02516 0
      vertex -6.05228 -7.1345 3
      vertex -6.05228 -7.1345 0
    endloop
  endfacet
  facet normal -0.382709 0.923869 0
    outer loop
      vertex -4.03155 -9.76796 0
      vertex -4.16857 -9.82472 3
      vertex -4.03155 -9.76796 3
    endloop
  endfacet
  facet normal -0.382709 0.923869 0
    outer loop
      vertex -4.16857 -9.82472 3
      vertex -4.03155 -9.76796 0
      vertex -4.16857 -9.82472 0
    endloop
  endfacet
  facet normal -0.216445 -0.976295 0
    outer loop
      vertex -4.4548 -6.55307 0
      vertex -4.31001 -6.58517 3
      vertex -4.4548 -6.55307 3
    endloop
  endfacet
  facet normal -0.216445 -0.976295 -0
    outer loop
      vertex -4.31001 -6.58517 3
      vertex -4.4548 -6.55307 0
      vertex -4.31001 -6.58517 0
    endloop
  endfacet
  facet normal -0.991443 -0.130538 0
    outer loop
      vertex -3.05647 -8.07908 0
      vertex -3.07583 -7.93204 3
      vertex -3.07583 -7.93204 0
    endloop
  endfacet
  facet normal -0.991443 -0.130538 0
    outer loop
      vertex -3.07583 -7.93204 3
      vertex -3.05647 -8.07908 0
      vertex -3.05647 -8.07908 3
    endloop
  endfacet
  facet normal 0.953728 -0.30067 0
    outer loop
      vertex -6.39207 -7.78725 3
      vertex -6.34748 -7.64581 0
      vertex -6.34748 -7.64581 3
    endloop
  endfacet
  facet normal 0.953728 -0.30067 0
    outer loop
      vertex -6.34748 -7.64581 0
      vertex -6.39207 -7.78725 3
      vertex -6.39207 -7.78725 0
    endloop
  endfacet
  facet normal 0.608788 -0.793333 0
    outer loop
      vertex -5.84274 -6.92497 0
      vertex -5.72508 -6.83468 3
      vertex -5.84274 -6.92497 3
    endloop
  endfacet
  facet normal 0.608788 -0.793333 0
    outer loop
      vertex -5.72508 -6.83468 3
      vertex -5.84274 -6.92497 0
      vertex -5.72508 -6.83468 0
    endloop
  endfacet
  facet normal 0.999048 -0.0436274 0
    outer loop
      vertex -6.45 -8.22724 3
      vertex -6.44353 -8.07908 0
      vertex -6.44353 -8.07908 3
    endloop
  endfacet
  facet normal 0.999048 -0.0436274 0
    outer loop
      vertex -6.44353 -8.07908 0
      vertex -6.45 -8.22724 3
      vertex -6.45 -8.22724 0
    endloop
  endfacet
  facet normal -0.887012 0.461745 0
    outer loop
      vertex -3.27776 -9.07724 0
      vertex -3.20928 -8.94569 3
      vertex -3.20928 -8.94569 0
    endloop
  endfacet
  facet normal -0.887012 0.461745 0
    outer loop
      vertex -3.20928 -8.94569 3
      vertex -3.27776 -9.07724 0
      vertex -3.27776 -9.07724 3
    endloop
  endfacet
  facet normal 0.461745 -0.887012 0
    outer loop
      vertex -5.6 -6.755 0
      vertex -5.46845 -6.68652 3
      vertex -5.6 -6.755 3
    endloop
  endfacet
  facet normal 0.461745 -0.887012 0
    outer loop
      vertex -5.46845 -6.68652 3
      vertex -5.6 -6.755 0
      vertex -5.46845 -6.68652 0
    endloop
  endfacet
  facet normal 0.887012 -0.461745 0
    outer loop
      vertex -6.29072 -7.50879 3
      vertex -6.22224 -7.37724 0
      vertex -6.22224 -7.37724 3
    endloop
  endfacet
  facet normal 0.887012 -0.461745 0
    outer loop
      vertex -6.22224 -7.37724 0
      vertex -6.29072 -7.50879 3
      vertex -6.29072 -7.50879 0
    endloop
  endfacet
  facet normal -0.0436245 -0.999048 0
    outer loop
      vertex -4.75 -6.52724 0
      vertex -4.60183 -6.53371 3
      vertex -4.75 -6.52724 3
    endloop
  endfacet
  facet normal -0.0436245 -0.999048 -0
    outer loop
      vertex -4.60183 -6.53371 3
      vertex -4.75 -6.52724 0
      vertex -4.60183 -6.53371 0
    endloop
  endfacet
  facet normal -0.537277 0.843406 0
    outer loop
      vertex -3.77492 -9.6198 0
      vertex -3.9 -9.69948 3
      vertex -3.77492 -9.6198 3
    endloop
  endfacet
  facet normal -0.537277 0.843406 0
    outer loop
      vertex -3.9 -9.69948 3
      vertex -3.77492 -9.6198 0
      vertex -3.9 -9.69948 0
    endloop
  endfacet
  facet normal 0.976295 0.216445 0
    outer loop
      vertex -6.39207 -8.66723 3
      vertex -6.42417 -8.52244 0
      vertex -6.42417 -8.52244 3
    endloop
  endfacet
  facet normal 0.976295 0.216445 0
    outer loop
      vertex -6.42417 -8.52244 0
      vertex -6.39207 -8.66723 3
      vertex -6.39207 -8.66723 0
    endloop
  endfacet
  facet normal 0.999048 0.0436245 0
    outer loop
      vertex -6.44353 -8.37541 3
      vertex -6.45 -8.22724 0
      vertex -6.45 -8.22724 3
    endloop
  endfacet
  facet normal 0.999048 0.0436245 0
    outer loop
      vertex -6.45 -8.22724 0
      vertex -6.44353 -8.37541 3
      vertex -6.44353 -8.37541 0
    endloop
  endfacet
  facet normal 0.923869 0.382709 0
    outer loop
      vertex -6.29072 -8.94569 3
      vertex -6.34748 -8.80867 0
      vertex -6.34748 -8.80867 3
    endloop
  endfacet
  facet normal 0.923869 0.382709 0
    outer loop
      vertex -6.34748 -8.80867 0
      vertex -6.29072 -8.94569 3
      vertex -6.29072 -8.94569 0
    endloop
  endfacet
  facet normal -0.537277 -0.843406 0
    outer loop
      vertex -3.9 -6.755 0
      vertex -3.77492 -6.83468 3
      vertex -3.9 -6.755 3
    endloop
  endfacet
  facet normal -0.537277 -0.843406 -0
    outer loop
      vertex -3.77492 -6.83468 3
      vertex -3.9 -6.755 0
      vertex -3.77492 -6.83468 0
    endloop
  endfacet
  facet normal 0.991442 0.130547 0
    outer loop
      vertex -6.42417 -8.52244 3
      vertex -6.44353 -8.37541 0
      vertex -6.44353 -8.37541 3
    endloop
  endfacet
  facet normal 0.991442 0.130547 0
    outer loop
      vertex -6.44353 -8.37541 0
      vertex -6.42417 -8.52244 3
      vertex -6.42417 -8.52244 0
    endloop
  endfacet
  facet normal 0.130547 0.991442 -0
    outer loop
      vertex -4.89817 -9.92077 0
      vertex -5.0452 -9.90141 3
      vertex -4.89817 -9.92077 3
    endloop
  endfacet
  facet normal 0.130547 0.991442 0
    outer loop
      vertex -5.0452 -9.90141 3
      vertex -4.89817 -9.92077 0
      vertex -5.0452 -9.90141 0
    endloop
  endfacet
  facet normal -0.216445 0.976295 0
    outer loop
      vertex -4.31001 -9.86931 0
      vertex -4.4548 -9.90141 3
      vertex -4.31001 -9.86931 3
    endloop
  endfacet
  facet normal -0.216445 0.976295 0
    outer loop
      vertex -4.4548 -9.90141 3
      vertex -4.31001 -9.86931 0
      vertex -4.4548 -9.90141 0
    endloop
  endfacet
  facet normal -0.793333 -0.608788 0
    outer loop
      vertex -3.35744 -7.25216 0
      vertex -3.44773 -7.1345 3
      vertex -3.44773 -7.1345 0
    endloop
  endfacet
  facet normal -0.793333 -0.608788 0
    outer loop
      vertex -3.44773 -7.1345 3
      vertex -3.35744 -7.25216 0
      vertex -3.35744 -7.25216 3
    endloop
  endfacet
  facet normal 0.991443 -0.130538 0
    outer loop
      vertex -6.44353 -8.07908 3
      vertex -6.42417 -7.93204 0
      vertex -6.42417 -7.93204 3
    endloop
  endfacet
  facet normal 0.991443 -0.130538 0
    outer loop
      vertex -6.42417 -7.93204 0
      vertex -6.44353 -8.07908 3
      vertex -6.44353 -8.07908 0
    endloop
  endfacet
  facet normal 0.0436245 0.999048 -0
    outer loop
      vertex -4.75 -9.92724 0
      vertex -4.89817 -9.92077 3
      vertex -4.75 -9.92724 3
    endloop
  endfacet
  facet normal 0.0436245 0.999048 0
    outer loop
      vertex -4.89817 -9.92077 3
      vertex -4.75 -9.92724 0
      vertex -4.89817 -9.92077 0
    endloop
  endfacet
  facet normal -0.976295 -0.216445 0
    outer loop
      vertex -3.07583 -7.93204 0
      vertex -3.10793 -7.78725 3
      vertex -3.10793 -7.78725 0
    endloop
  endfacet
  facet normal -0.976295 -0.216445 0
    outer loop
      vertex -3.10793 -7.78725 3
      vertex -3.07583 -7.93204 0
      vertex -3.07583 -7.93204 3
    endloop
  endfacet
  facet normal 0.300731 -0.953709 0
    outer loop
      vertex -5.33143 -6.62977 0
      vertex -5.18999 -6.58517 3
      vertex -5.33143 -6.62977 3
    endloop
  endfacet
  facet normal 0.300731 -0.953709 0
    outer loop
      vertex -5.18999 -6.58517 3
      vertex -5.33143 -6.62977 0
      vertex -5.18999 -6.58517 0
    endloop
  endfacet
  facet normal -0.793365 0.608746 0
    outer loop
      vertex -3.44772 -9.31998 0
      vertex -3.35744 -9.20232 3
      vertex -3.35744 -9.20232 0
    endloop
  endfacet
  facet normal -0.793365 0.608746 0
    outer loop
      vertex -3.35744 -9.20232 3
      vertex -3.44772 -9.31998 0
      vertex -3.44772 -9.31998 3
    endloop
  endfacet
  facet normal -0.999048 0.0436245 0
    outer loop
      vertex -3.05647 -8.37541 0
      vertex -3.05 -8.22724 3
      vertex -3.05 -8.22724 0
    endloop
  endfacet
  facet normal -0.999048 0.0436245 0
    outer loop
      vertex -3.05 -8.22724 3
      vertex -3.05647 -8.37541 0
      vertex -3.05647 -8.37541 3
    endloop
  endfacet
  facet normal -0.991442 0.130547 0
    outer loop
      vertex -3.07583 -8.52244 0
      vertex -3.05647 -8.37541 3
      vertex -3.05647 -8.37541 0
    endloop
  endfacet
  facet normal -0.991442 0.130547 0
    outer loop
      vertex -3.05647 -8.37541 3
      vertex -3.07583 -8.52244 0
      vertex -3.07583 -8.52244 3
    endloop
  endfacet
  facet normal -0.608788 -0.793333 0
    outer loop
      vertex -3.77492 -6.83468 0
      vertex -3.65726 -6.92497 3
      vertex -3.77492 -6.83468 3
    endloop
  endfacet
  facet normal -0.608788 -0.793333 -0
    outer loop
      vertex -3.65726 -6.92497 3
      vertex -3.77492 -6.83468 0
      vertex -3.65726 -6.92497 0
    endloop
  endfacet
  facet normal -0.675584 -0.737283 0
    outer loop
      vertex -3.65726 -6.92497 0
      vertex -3.54792 -7.02516 3
      vertex -3.65726 -6.92497 3
    endloop
  endfacet
  facet normal -0.675584 -0.737283 -0
    outer loop
      vertex -3.54792 -7.02516 3
      vertex -3.65726 -6.92497 0
      vertex -3.54792 -7.02516 0
    endloop
  endfacet
  facet normal 0.793333 0.608788 0
    outer loop
      vertex -6.05227 -9.31998 3
      vertex -6.14256 -9.20232 0
      vertex -6.14256 -9.20232 3
    endloop
  endfacet
  facet normal 0.793333 0.608788 0
    outer loop
      vertex -6.14256 -9.20232 0
      vertex -6.05227 -9.31998 3
      vertex -6.05227 -9.31998 0
    endloop
  endfacet
  facet normal -0.737249 0.675621 0
    outer loop
      vertex -3.54792 -9.42932 0
      vertex -3.44772 -9.31998 3
      vertex -3.44772 -9.31998 0
    endloop
  endfacet
  facet normal -0.737249 0.675621 0
    outer loop
      vertex -3.44772 -9.31998 3
      vertex -3.54792 -9.42932 0
      vertex -3.54792 -9.42932 3
    endloop
  endfacet
  facet normal -0.923869 -0.382709 0
    outer loop
      vertex -3.15252 -7.64581 0
      vertex -3.20928 -7.50879 3
      vertex -3.20928 -7.50879 0
    endloop
  endfacet
  facet normal -0.923869 -0.382709 0
    outer loop
      vertex -3.20928 -7.50879 3
      vertex -3.15252 -7.64581 0
      vertex -3.15252 -7.64581 3
    endloop
  endfacet
  facet normal -0.461745 -0.887012 0
    outer loop
      vertex -4.03155 -6.68652 0
      vertex -3.9 -6.755 3
      vertex -4.03155 -6.68652 3
    endloop
  endfacet
  facet normal -0.461745 -0.887012 -0
    outer loop
      vertex -3.9 -6.755 3
      vertex -4.03155 -6.68652 0
      vertex -3.9 -6.755 0
    endloop
  endfacet
  facet normal 0.537277 -0.843406 0
    outer loop
      vertex -5.72508 -6.83468 0
      vertex -5.6 -6.755 3
      vertex -5.72508 -6.83468 3
    endloop
  endfacet
  facet normal 0.537277 -0.843406 0
    outer loop
      vertex -5.6 -6.755 3
      vertex -5.72508 -6.83468 0
      vertex -5.6 -6.755 0
    endloop
  endfacet
  facet normal -0.843406 0.537277 0
    outer loop
      vertex -3.35744 -9.20232 0
      vertex -3.27776 -9.07724 3
      vertex -3.27776 -9.07724 0
    endloop
  endfacet
  facet normal -0.843406 0.537277 0
    outer loop
      vertex -3.27776 -9.07724 3
      vertex -3.35744 -9.20232 0
      vertex -3.35744 -9.20232 3
    endloop
  endfacet
  facet normal 0.675621 0.737249 -0
    outer loop
      vertex -5.84274 -9.52952 0
      vertex -5.95208 -9.42932 3
      vertex -5.84274 -9.52952 3
    endloop
  endfacet
  facet normal 0.675621 0.737249 0
    outer loop
      vertex -5.95208 -9.42932 3
      vertex -5.84274 -9.52952 0
      vertex -5.95208 -9.42932 0
    endloop
  endfacet
  facet normal 0.216445 -0.976295 0
    outer loop
      vertex -5.18999 -6.58517 0
      vertex -5.0452 -6.55307 3
      vertex -5.18999 -6.58517 3
    endloop
  endfacet
  facet normal 0.216445 -0.976295 0
    outer loop
      vertex -5.0452 -6.55307 3
      vertex -5.18999 -6.58517 0
      vertex -5.0452 -6.55307 0
    endloop
  endfacet
  facet normal -0.300731 -0.953709 0
    outer loop
      vertex -4.31001 -6.58517 0
      vertex -4.16857 -6.62977 3
      vertex -4.31001 -6.58517 3
    endloop
  endfacet
  facet normal -0.300731 -0.953709 -0
    outer loop
      vertex -4.16857 -6.62977 3
      vertex -4.31001 -6.58517 0
      vertex -4.16857 -6.62977 0
    endloop
  endfacet
  facet normal 0.843406 0.537277 0
    outer loop
      vertex -6.14256 -9.20232 3
      vertex -6.22224 -9.07724 0
      vertex -6.22224 -9.07724 3
    endloop
  endfacet
  facet normal 0.843406 0.537277 0
    outer loop
      vertex -6.22224 -9.07724 0
      vertex -6.14256 -9.20232 3
      vertex -6.14256 -9.20232 0
    endloop
  endfacet
  facet normal -0.608746 0.793365 0
    outer loop
      vertex -3.65726 -9.52952 0
      vertex -3.77492 -9.6198 3
      vertex -3.65726 -9.52952 3
    endloop
  endfacet
  facet normal -0.608746 0.793365 0
    outer loop
      vertex -3.77492 -9.6198 3
      vertex -3.65726 -9.52952 0
      vertex -3.77492 -9.6198 0
    endloop
  endfacet
  facet normal -0.675621 0.737249 0
    outer loop
      vertex -3.54792 -9.42932 0
      vertex -3.65726 -9.52952 3
      vertex -3.54792 -9.42932 3
    endloop
  endfacet
  facet normal -0.675621 0.737249 0
    outer loop
      vertex -3.65726 -9.52952 3
      vertex -3.54792 -9.42932 0
      vertex -3.65726 -9.52952 0
    endloop
  endfacet
  facet normal -0.953728 -0.30067 0
    outer loop
      vertex -3.10793 -7.78725 0
      vertex -3.15252 -7.64581 3
      vertex -3.15252 -7.64581 0
    endloop
  endfacet
  facet normal -0.953728 -0.30067 0
    outer loop
      vertex -3.15252 -7.64581 3
      vertex -3.10793 -7.78725 0
      vertex -3.10793 -7.78725 3
    endloop
  endfacet
  facet normal -0.923859 0.382733 0
    outer loop
      vertex -3.20928 -8.94569 0
      vertex -3.15252 -8.80868 3
      vertex -3.15252 -8.80868 0
    endloop
  endfacet
  facet normal -0.923859 0.382733 0
    outer loop
      vertex -3.15252 -8.80868 3
      vertex -3.20928 -8.94569 0
      vertex -3.20928 -8.94569 3
    endloop
  endfacet
  facet normal 0.382652 -0.923893 0
    outer loop
      vertex -5.46845 -6.68652 0
      vertex -5.33143 -6.62977 3
      vertex -5.46845 -6.68652 3
    endloop
  endfacet
  facet normal 0.382652 -0.923893 0
    outer loop
      vertex -5.33143 -6.62977 3
      vertex -5.46845 -6.68652 0
      vertex -5.33143 -6.62977 0
    endloop
  endfacet
  facet normal 0.887012 0.461745 0
    outer loop
      vertex -6.22224 -9.07724 3
      vertex -6.29072 -8.94569 0
      vertex -6.29072 -8.94569 3
    endloop
  endfacet
  facet normal 0.887012 0.461745 0
    outer loop
      vertex -6.29072 -8.94569 0
      vertex -6.22224 -9.07724 3
      vertex -6.22224 -9.07724 0
    endloop
  endfacet
  facet normal 0.675584 -0.737283 0
    outer loop
      vertex -5.95208 -7.02516 0
      vertex -5.84274 -6.92497 3
      vertex -5.95208 -7.02516 3
    endloop
  endfacet
  facet normal 0.675584 -0.737283 0
    outer loop
      vertex -5.84274 -6.92497 3
      vertex -5.95208 -7.02516 0
      vertex -5.84274 -6.92497 0
    endloop
  endfacet
  facet normal -0.382652 -0.923893 0
    outer loop
      vertex -4.16857 -6.62977 0
      vertex -4.03155 -6.68652 3
      vertex -4.16857 -6.62977 3
    endloop
  endfacet
  facet normal -0.382652 -0.923893 -0
    outer loop
      vertex -4.03155 -6.68652 3
      vertex -4.16857 -6.62977 0
      vertex -4.03155 -6.68652 0
    endloop
  endfacet
  facet normal 0.0436274 -0.999048 0
    outer loop
      vertex -4.89816 -6.53371 0
      vertex -4.75 -6.52724 3
      vertex -4.89816 -6.53371 3
    endloop
  endfacet
  facet normal 0.0436274 -0.999048 0
    outer loop
      vertex -4.75 -6.52724 3
      vertex -4.89816 -6.53371 0
      vertex -4.75 -6.52724 0
    endloop
  endfacet
  facet normal -0.843406 -0.537277 0
    outer loop
      vertex -3.27776 -7.37724 0
      vertex -3.35744 -7.25216 3
      vertex -3.35744 -7.25216 0
    endloop
  endfacet
  facet normal -0.843406 -0.537277 0
    outer loop
      vertex -3.35744 -7.25216 3
      vertex -3.27776 -7.37724 0
      vertex -3.27776 -7.37724 3
    endloop
  endfacet
  facet normal 0.608746 0.793365 -0
    outer loop
      vertex -5.72508 -9.6198 0
      vertex -5.84274 -9.52952 3
      vertex -5.72508 -9.6198 3
    endloop
  endfacet
  facet normal 0.608746 0.793365 0
    outer loop
      vertex -5.84274 -9.52952 3
      vertex -5.72508 -9.6198 0
      vertex -5.84274 -9.52952 0
    endloop
  endfacet
  facet normal 0.953728 0.30067 0
    outer loop
      vertex -6.34748 -8.80867 3
      vertex -6.39207 -8.66723 0
      vertex -6.39207 -8.66723 3
    endloop
  endfacet
  facet normal 0.953728 0.30067 0
    outer loop
      vertex -6.39207 -8.66723 0
      vertex -6.34748 -8.80867 3
      vertex -6.34748 -8.80867 0
    endloop
  endfacet
  facet normal 0.843406 -0.537277 0
    outer loop
      vertex -6.22224 -7.37724 3
      vertex -6.14256 -7.25216 0
      vertex -6.14256 -7.25216 3
    endloop
  endfacet
  facet normal 0.843406 -0.537277 0
    outer loop
      vertex -6.14256 -7.25216 0
      vertex -6.22224 -7.37724 3
      vertex -6.22224 -7.37724 0
    endloop
  endfacet
  facet normal 0.793365 -0.608746 0
    outer loop
      vertex -6.14256 -7.25216 3
      vertex -6.05228 -7.1345 0
      vertex -6.05228 -7.1345 3
    endloop
  endfacet
  facet normal 0.793365 -0.608746 0
    outer loop
      vertex -6.05228 -7.1345 0
      vertex -6.14256 -7.25216 3
      vertex -6.14256 -7.25216 0
    endloop
  endfacet
  facet normal -0.887012 -0.461745 0
    outer loop
      vertex -3.20928 -7.50879 0
      vertex -3.27776 -7.37724 3
      vertex -3.27776 -7.37724 0
    endloop
  endfacet
  facet normal -0.887012 -0.461745 0
    outer loop
      vertex -3.27776 -7.37724 3
      vertex -3.20928 -7.50879 0
      vertex -3.20928 -7.50879 3
    endloop
  endfacet
  facet normal -0.453676 0.591266 0.66677
    outer loop
      vertex -3.77492 -9.6198 3
      vertex -2.74703 -11.0865 5
      vertex -3.65726 -9.52952 3
    endloop
  endfacet
  facet normal -0.41806 0.616638 0.667071
    outer loop
      vertex -2.74703 -11.0865 5
      vertex -3.77492 -9.6198 3
      vertex -2.74762 -11.0869 5
    endloop
  endfacet
  facet normal -0.591264 0.453675 0.666773
    outer loop
      vertex -3.44772 -9.31998 3
      vertex -2.07525 -10.4707 5
      vertex -3.35744 -9.20232 3
    endloop
  endfacet
  facet normal -0.553869 0.498482 0.666891
    outer loop
      vertex -2.07525 -10.4707 5
      vertex -3.44772 -9.31998 3
      vertex -2.0757 -10.4712 5
    endloop
  endfacet
  facet normal 0.223439 -0.710941 0.666812
    outer loop
      vertex -5.33143 -6.62977 3
      vertex -5.65355 -4.85515 5
      vertex -5.65425 -4.85537 5
    endloop
  endfacet
  facet normal 0.224125 -0.710766 0.666768
    outer loop
      vertex -5.65355 -4.85515 5
      vertex -5.33143 -6.62977 3
      vertex -5.18999 -6.58517 3
    endloop
  endfacet
  facet normal 0.344147 0.661042 0.666773
    outer loop
      vertex -6.22603 -11.3909 5
      vertex -5.6 -9.69948 3
      vertex -6.49552 -11.2506 5
    endloop
  endfacet
  facet normal 0.34412 0.661054 0.666775
    outer loop
      vertex -6.22603 -11.3909 5
      vertex -5.46845 -9.76796 3
      vertex -5.6 -9.69948 3
    endloop
  endfacet
  facet normal 0.312178 0.676387 0.667118
    outer loop
      vertex -5.46845 -9.76796 3
      vertex -6.22603 -11.3909 5
      vertex -6.22538 -11.3912 5
    endloop
  endfacet
  facet normal 0.738888 0.0972922 0.666767
    outer loop
      vertex -8.1881 -8.83272 5
      vertex -6.42417 -8.52244 3
      vertex -6.44353 -8.37541 3
    endloop
  endfacet
  facet normal 0.739794 0.0912075 0.666623
    outer loop
      vertex -6.42417 -8.52244 3
      vertex -8.1881 -8.83272 5
      vertex -8.18801 -8.83345 5
    endloop
  endfacet
  facet normal -0.710787 0.224065 0.666766
    outer loop
      vertex -3.15252 -8.80868 3
      vertex -1.46927 -9.42055 5
      vertex -3.10793 -8.66723 3
    endloop
  endfacet
  facet normal -0.710992 0.223455 0.666752
    outer loop
      vertex -1.46927 -9.42055 5
      vertex -3.15252 -8.80868 3
      vertex -1.46949 -9.42125 5
    endloop
  endfacet
  facet normal 0.453616 0.59132 0.666763
    outer loop
      vertex -6.75238 -11.0869 5
      vertex -5.72508 -9.6198 3
      vertex -6.99341 -10.902 5
    endloop
  endfacet
  facet normal 0.161669 -0.727511 0.666776
    outer loop
      vertex -5.18999 -6.58517 3
      vertex -5.65283 -4.85499 5
      vertex -5.65355 -4.85515 5
    endloop
  endfacet
  facet normal 0.161309 -0.727598 0.666768
    outer loop
      vertex -5.65283 -4.85499 5
      vertex -5.18999 -6.58517 3
      vertex -5.0452 -6.55307 3
    endloop
  endfacet
  facet normal 0.54947 0.503488 0.666771
    outer loop
      vertex -6.05227 -9.31998 3
      vertex -7.4238 -10.4718 5
      vertex -5.95208 -9.42932 3
    endloop
  endfacet
  facet normal 0.577015 0.471229 0.667082
    outer loop
      vertex -7.4238 -10.4718 5
      vertex -6.05227 -9.31998 3
      vertex -7.42429 -10.4712 5
    endloop
  endfacet
  facet normal 0.628554 -0.400426 0.666767
    outer loop
      vertex -6.22224 -7.37724 3
      vertex -7.61009 -6.22548 5
      vertex -7.77333 -6.48172 5
    endloop
  endfacet
  facet normal 0.711947 -0.220603 0.666683
    outer loop
      vertex -8.03073 -7.03394 5
      vertex -6.34748 -7.64581 3
      vertex -8.03051 -7.03323 5
    endloop
  endfacet
  facet normal 0.710782 -0.224079 0.666766
    outer loop
      vertex -6.34748 -7.64581 3
      vertex -8.03073 -7.03394 5
      vertex -6.39207 -7.78725 3
    endloop
  endfacet
  facet normal -0.223968 0.71081 0.666774
    outer loop
      vertex -3.84575 -11.5991 5
      vertex -3.55599 -11.5078 5
      vertex -4.16857 -9.82472 3
    endloop
  endfacet
  facet normal -0.22411 -0.710771 0.666768
    outer loop
      vertex -3.5567 -4.94651 5
      vertex -3.84645 -4.85515 5
      vertex -4.31001 -6.58517 3
    endloop
  endfacet
  facet normal 0.28521 -0.688532 0.666768
    outer loop
      vertex -5.46845 -6.68652 3
      vertex -5.94469 -4.94701 5
      vertex -6.22538 -5.06328 5
    endloop
  endfacet
  facet normal 0.224103 -0.710772 0.666769
    outer loop
      vertex -5.33143 -6.62977 3
      vertex -5.65425 -4.85537 5
      vertex -5.94401 -4.94673 5
    endloop
  endfacet
  facet normal 0.503416 0.549538 0.666768
    outer loop
      vertex -6.99454 -10.901 5
      vertex -5.95208 -9.42932 3
      vertex -7.21854 -10.6958 5
    endloop
  endfacet
  facet normal -0.738888 0.0972922 0.666767
    outer loop
      vertex -3.07583 -8.52244 3
      vertex -1.27224 -8.53151 5
      vertex -3.05647 -8.37541 3
    endloop
  endfacet
  facet normal -0.738592 0.101177 0.666517
    outer loop
      vertex -1.27224 -8.53151 5
      vertex -3.07583 -8.52244 3
      vertex -1.27234 -8.53224 5
    endloop
  endfacet
  facet normal -0.400426 -0.628554 0.666767
    outer loop
      vertex -2.74824 -5.36715 5
      vertex -3.00448 -5.20391 5
      vertex -3.9 -6.755 3
    endloop
  endfacet
  facet normal -0.592545 -0.451941 0.666813
    outer loop
      vertex -1.89075 -6.22427 5
      vertex -3.35744 -7.25216 3
      vertex -1.8903 -6.22486 5
    endloop
  endfacet
  facet normal -0.591244 -0.453709 0.666767
    outer loop
      vertex -3.35744 -7.25216 3
      vertex -1.89075 -6.22427 5
      vertex -3.44773 -7.1345 3
    endloop
  endfacet
  facet normal -0.710774 -0.224104 0.666767
    outer loop
      vertex -1.37813 -7.32299 5
      vertex -1.46949 -7.03323 5
      vertex -3.15252 -7.64581 3
    endloop
  endfacet
  facet normal 0.630913 -0.396865 0.666669
    outer loop
      vertex -7.61009 -6.22548 5
      vertex -6.14256 -7.25216 3
      vertex -7.6097 -6.22486 5
    endloop
  endfacet
  facet normal 0.628563 -0.400415 0.666766
    outer loop
      vertex -6.14256 -7.25216 3
      vertex -7.61009 -6.22548 5
      vertex -6.22224 -7.37724 3
    endloop
  endfacet
  facet normal 0.688532 -0.28521 0.666768
    outer loop
      vertex -6.29072 -7.50879 3
      vertex -7.91396 -6.75186 5
      vertex -8.03023 -7.03255 5
    endloop
  endfacet
  facet normal 0.744557 -0.0325032 0.666767
    outer loop
      vertex -6.44353 -8.07908 3
      vertex -8.22776 -7.92298 5
      vertex -8.24101 -8.2265 5
    endloop
  endfacet
  facet normal -0.285176 -0.688544 0.66677
    outer loop
      vertex -4.03155 -6.68652 3
      vertex -3.55599 -4.94673 5
      vertex -4.16857 -6.62977 3
    endloop
  endfacet
  facet normal -0.283726 -0.68905 0.666866
    outer loop
      vertex -3.55599 -4.94673 5
      vertex -4.03155 -6.68652 3
      vertex -3.55531 -4.94701 5
    endloop
  endfacet
  facet normal 0.0325032 -0.744557 0.666767
    outer loop
      vertex -4.89816 -6.53371 3
      vertex -4.75074 -4.73623 5
      vertex -5.05426 -4.74948 5
    endloop
  endfacet
  facet normal 0.503497 -0.549465 0.666767
    outer loop
      vertex -5.95208 -7.02516 3
      vertex -6.99454 -5.55344 5
      vertex -7.21854 -5.7587 5
    endloop
  endfacet
  facet normal -0.301236 0.682802 0.665611
    outer loop
      vertex -4.03155 -9.76796 3
      vertex -3.55599 -11.5078 5
      vertex -3.55531 -11.5075 5
    endloop
  endfacet
  facet normal -0.285217 0.68852 0.666777
    outer loop
      vertex -3.55599 -11.5078 5
      vertex -4.03155 -9.76796 3
      vertex -4.16857 -9.82472 3
    endloop
  endfacet
  facet normal 0.727599 0.161307 0.666768
    outer loop
      vertex -8.12225 -9.13007 5
      vertex -6.42417 -8.52244 3
      vertex -8.18801 -8.83345 5
    endloop
  endfacet
  facet normal -0.744346 0.0402349 0.666581
    outer loop
      vertex -3.05 -8.22724 3
      vertex -1.25899 -8.22798 5
      vertex -1.25895 -8.22724 5
    endloop
  endfacet
  facet normal -0.744557 0.0325119 0.666767
    outer loop
      vertex -1.25899 -8.22798 5
      vertex -3.05 -8.22724 3
      vertex -3.05647 -8.37541 3
    endloop
  endfacet
  facet normal 0.66106 0.344123 0.666767
    outer loop
      vertex -7.77367 -9.97211 5
      vertex -6.22224 -9.07724 3
      vertex -6.29072 -8.94569 3
    endloop
  endfacet
  facet normal 0.660354 0.345416 0.666798
    outer loop
      vertex -6.22224 -9.07724 3
      vertex -7.77367 -9.97211 5
      vertex -7.77333 -9.97276 5
    endloop
  endfacet
  facet normal 0.592612 -0.451992 0.666718
    outer loop
      vertex -7.42475 -5.98383 5
      vertex -6.05228 -7.1345 3
      vertex -7.4243 -5.98324 5
    endloop
  endfacet
  facet normal 0.591269 -0.453678 0.666766
    outer loop
      vertex -6.05228 -7.1345 3
      vertex -7.42475 -5.98383 5
      vertex -6.14256 -7.25216 3
    endloop
  endfacet
  facet normal -0.312753 0.677632 0.665583
    outer loop
      vertex -3.9 -9.69948 3
      vertex -3.00513 -11.2509 5
      vertex -3.00448 -11.2506 5
    endloop
  endfacet
  facet normal -0.344124 0.661062 0.666765
    outer loop
      vertex -3.00513 -11.2509 5
      vertex -3.9 -9.69948 3
      vertex -4.03155 -9.76796 3
    endloop
  endfacet
  facet normal -0.630773 -0.396777 0.666854
    outer loop
      vertex -1.72706 -6.4811 5
      vertex -3.27776 -7.37724 3
      vertex -1.72667 -6.48172 5
    endloop
  endfacet
  facet normal -0.628561 -0.400414 0.666768
    outer loop
      vertex -3.27776 -7.37724 3
      vertex -1.72706 -6.4811 5
      vertex -3.35744 -7.25216 3
    endloop
  endfacet
  facet normal 0.738697 -0.0998239 0.666605
    outer loop
      vertex -8.22776 -7.92298 5
      vertex -6.42417 -7.93204 3
      vertex -8.22766 -7.92224 5
    endloop
  endfacet
  facet normal 0.738889 -0.0972857 0.666767
    outer loop
      vertex -6.42417 -7.93204 3
      vertex -8.22776 -7.92298 5
      vertex -6.44353 -8.07908 3
    endloop
  endfacet
  facet normal 0.0912075 -0.739794 0.666623
    outer loop
      vertex -5.0452 -6.55307 3
      vertex -5.35548 -4.78914 5
      vertex -5.35621 -4.78923 5
    endloop
  endfacet
  facet normal 0.0972857 -0.738889 0.666767
    outer loop
      vertex -5.35548 -4.78914 5
      vertex -5.0452 -6.55307 3
      vertex -4.89816 -6.53371 3
    endloop
  endfacet
  facet normal 0.661057 -0.34413 0.666767
    outer loop
      vertex -6.22224 -7.37724 3
      vertex -7.77333 -6.48172 5
      vertex -7.91362 -6.75121 5
    endloop
  endfacet
  facet normal -0.161307 -0.727599 0.666768
    outer loop
      vertex -3.84645 -4.85515 5
      vertex -4.14307 -4.78939 5
      vertex -4.31001 -6.58517 3
    endloop
  endfacet
  facet normal -0.0326255 0.744549 0.66677
    outer loop
      vertex -4.44574 -11.705 5
      vertex -4.60184 -9.92077 3
      vertex -4.74926 -11.7183 5
    endloop
  endfacet
  facet normal -0.744557 0.0325022 0.666767
    outer loop
      vertex -1.27224 -8.53151 5
      vertex -1.25899 -8.22798 5
      vertex -3.05647 -8.37541 3
    endloop
  endfacet
  facet normal 0.738889 0.0972887 0.666767
    outer loop
      vertex -8.1881 -8.83272 5
      vertex -6.44353 -8.37541 3
      vertex -8.22776 -8.53151 5
    endloop
  endfacet
  facet normal -0.224124 -0.710765 0.666769
    outer loop
      vertex -4.16857 -6.62977 3
      vertex -3.5567 -4.94651 5
      vertex -4.31001 -6.58517 3
    endloop
  endfacet
  facet normal -0.220603 -0.711945 0.666685
    outer loop
      vertex -3.5567 -4.94651 5
      vertex -4.16857 -6.62977 3
      vertex -3.55599 -4.94673 5
    endloop
  endfacet
  facet normal 0.503522 0.549452 0.666759
    outer loop
      vertex -6.99454 -10.901 5
      vertex -5.84274 -9.52952 3
      vertex -5.95208 -9.42932 3
    endloop
  endfacet
  facet normal 0.506398 0.546909 0.666672
    outer loop
      vertex -5.84274 -9.52952 3
      vertex -6.99454 -10.901 5
      vertex -6.994 -10.9015 5
    endloop
  endfacet
  facet normal 0.0972855 -0.738889 0.666767
    outer loop
      vertex -4.89816 -6.53371 3
      vertex -5.05426 -4.74948 5
      vertex -5.35548 -4.78914 5
    endloop
  endfacet
  facet normal -0.453707 -0.591246 0.666767
    outer loop
      vertex -2.50659 -5.5525 5
      vertex -2.74762 -5.36754 5
      vertex -3.77492 -6.83468 3
    endloop
  endfacet
  facet normal 0.161402 0.727583 0.666762
    outer loop
      vertex -5.35693 -11.6651 5
      vertex -5.18999 -9.86932 3
      vertex -5.65355 -11.5993 5
    endloop
  endfacet
  facet normal -0.451992 -0.592612 0.666718
    outer loop
      vertex -2.50659 -5.5525 5
      vertex -3.65726 -6.92497 3
      vertex -2.506 -5.55295 5
    endloop
  endfacet
  facet normal -0.453709 -0.591244 0.666767
    outer loop
      vertex -3.65726 -6.92497 3
      vertex -2.50659 -5.5525 5
      vertex -3.77492 -6.83468 3
    endloop
  endfacet
  facet normal 0.727598 0.161309 0.666768
    outer loop
      vertex -8.12225 -9.13007 5
      vertex -6.39207 -8.66723 3
      vertex -6.42417 -8.52244 3
    endloop
  endfacet
  facet normal 0.727511 0.161669 0.666776
    outer loop
      vertex -6.39207 -8.66723 3
      vertex -8.12225 -9.13007 5
      vertex -8.12209 -9.13079 5
    endloop
  endfacet
  facet normal 0.453706 -0.591246 0.666768
    outer loop
      vertex -5.84274 -6.92497 3
      vertex -6.75297 -5.36799 5
      vertex -6.994 -5.55295 5
    endloop
  endfacet
  facet normal -0.727511 -0.161669 0.666776
    outer loop
      vertex -3.10793 -7.78725 3
      vertex -1.37775 -7.32441 5
      vertex -1.37791 -7.32369 5
    endloop
  endfacet
  facet normal -0.727598 -0.161309 0.666768
    outer loop
      vertex -1.37775 -7.32441 5
      vertex -3.10793 -7.78725 3
      vertex -3.07583 -7.93204 3
    endloop
  endfacet
  facet normal -0.661051 0.34414 0.666767
    outer loop
      vertex -1.72667 -9.97276 5
      vertex -1.58638 -9.70328 5
      vertex -3.27776 -9.07724 3
    endloop
  endfacet
  facet normal 0.688532 0.28521 0.666768
    outer loop
      vertex -7.91396 -9.70262 5
      vertex -6.29072 -8.94569 3
      vertex -8.03023 -9.42193 5
    endloop
  endfacet
  facet normal 0.710774 0.224104 0.666767
    outer loop
      vertex -8.03051 -9.42125 5
      vertex -6.34748 -8.80867 3
      vertex -8.12187 -9.13149 5
    endloop
  endfacet
  facet normal 0.549464 0.503495 0.66677
    outer loop
      vertex -7.21854 -10.6958 5
      vertex -5.95208 -9.42932 3
      vertex -7.4238 -10.4718 5
    endloop
  endfacet
  facet normal 0.400417 0.628567 0.666761
    outer loop
      vertex -5.72508 -9.6198 3
      vertex -6.75176 -11.0873 5
      vertex -5.6 -9.69948 3
    endloop
  endfacet
  facet normal 0.40399 0.626184 0.666847
    outer loop
      vertex -6.75176 -11.0873 5
      vertex -5.72508 -9.6198 3
      vertex -6.75238 -11.0869 5
    endloop
  endfacet
  facet normal 0.40053 0.628486 0.66677
    outer loop
      vertex -6.49552 -11.2506 5
      vertex -5.6 -9.69948 3
      vertex -6.75176 -11.0873 5
    endloop
  endfacet
  facet normal -0.628563 0.400415 0.666766
    outer loop
      vertex -3.35744 -9.20232 3
      vertex -1.88991 -10.229 5
      vertex -3.27776 -9.07724 3
    endloop
  endfacet
  facet normal -0.624766 0.406098 0.666898
    outer loop
      vertex -1.88991 -10.229 5
      vertex -3.35744 -9.20232 3
      vertex -1.8903 -10.2296 5
    endloop
  endfacet
  facet normal 0.71078 0.224079 0.666769
    outer loop
      vertex -8.12209 -9.13079 5
      vertex -6.34748 -8.80867 3
      vertex -6.39207 -8.66723 3
    endloop
  endfacet
  facet normal 0.710943 0.223439 0.66681
    outer loop
      vertex -6.34748 -8.80867 3
      vertex -8.12209 -9.13079 5
      vertex -8.12187 -9.13149 5
    endloop
  endfacet
  facet normal -0.546904 -0.506393 0.66668
    outer loop
      vertex -2.0762 -5.9827 5
      vertex -3.44773 -7.1345 3
      vertex -2.0757 -5.98324 5
    endloop
  endfacet
  facet normal -0.549471 -0.50349 0.666768
    outer loop
      vertex -3.44773 -7.1345 3
      vertex -2.0762 -5.9827 5
      vertex -3.54792 -7.02516 3
    endloop
  endfacet
  facet normal -0.710773 0.224103 0.666768
    outer loop
      vertex -1.46927 -9.42055 5
      vertex -1.37791 -9.13079 5
      vertex -3.10793 -8.66723 3
    endloop
  endfacet
  facet normal 0.710771 -0.22411 0.666768
    outer loop
      vertex -6.39207 -7.78725 3
      vertex -8.03073 -7.03394 5
      vertex -8.12209 -7.32369 5
    endloop
  endfacet
  facet normal 0.727599 -0.161307 0.666768
    outer loop
      vertex -6.39207 -7.78725 3
      vertex -8.12209 -7.32369 5
      vertex -8.18785 -7.62031 5
    endloop
  endfacet
  facet normal -0.503497 -0.549465 0.666767
    outer loop
      vertex -2.28146 -5.7587 5
      vertex -2.50546 -5.55344 5
      vertex -3.54792 -7.02516 3
    endloop
  endfacet
  facet normal -0.738891 0.0972613 0.666768
    outer loop
      vertex -1.31199 -8.83346 5
      vertex -1.27234 -8.53224 5
      vertex -3.07583 -8.52244 3
    endloop
  endfacet
  facet normal -0.549465 -0.503497 0.666767
    outer loop
      vertex -2.0762 -5.9827 5
      vertex -2.28146 -5.7587 5
      vertex -3.54792 -7.02516 3
    endloop
  endfacet
  facet normal 0.591221 0.453744 0.666763
    outer loop
      vertex -7.42429 -10.4712 5
      vertex -6.05227 -9.31998 3
      vertex -7.60925 -10.2302 5
    endloop
  endfacet
  facet normal -0.744557 -0.0325032 0.666767
    outer loop
      vertex -1.25899 -8.2265 5
      vertex -1.27224 -7.92298 5
      vertex -3.05647 -8.07908 3
    endloop
  endfacet
  facet normal 0.34413 -0.661056 0.666768
    outer loop
      vertex -5.46845 -6.68652 3
      vertex -6.22538 -5.06328 5
      vertex -6.49487 -5.20357 5
    endloop
  endfacet
  facet normal -0.688532 -0.28521 0.666768
    outer loop
      vertex -1.46977 -7.03255 5
      vertex -1.58604 -6.75186 5
      vertex -3.20928 -7.50879 3
    endloop
  endfacet
  facet normal -0.661056 -0.34413 0.666768
    outer loop
      vertex -1.58604 -6.75186 5
      vertex -1.72633 -6.48237 5
      vertex -3.20928 -7.50879 3
    endloop
  endfacet
  facet normal 0.445439 -0.597293 0.666953
    outer loop
      vertex -6.75297 -5.36799 5
      vertex -5.72508 -6.83468 3
      vertex -6.75238 -5.36755 5
    endloop
  endfacet
  facet normal 0.453709 -0.591244 0.666767
    outer loop
      vertex -5.72508 -6.83468 3
      vertex -6.75297 -5.36799 5
      vertex -5.84274 -6.92497 3
    endloop
  endfacet
  facet normal 0.453677 0.591268 0.666768
    outer loop
      vertex -5.84274 -9.52952 3
      vertex -6.99341 -10.902 5
      vertex -5.72508 -9.6198 3
    endloop
  endfacet
  facet normal 0.481633 0.568327 0.667109
    outer loop
      vertex -6.99341 -10.902 5
      vertex -5.84274 -9.52952 3
      vertex -6.994 -10.9015 5
    endloop
  endfacet
  facet normal -0.500767 -0.551865 0.666841
    outer loop
      vertex -3.65726 -6.92497 3
      vertex -2.50546 -5.55344 5
      vertex -2.506 -5.55295 5
    endloop
  endfacet
  facet normal -0.50349 -0.549471 0.666768
    outer loop
      vertex -2.50546 -5.55344 5
      vertex -3.65726 -6.92497 3
      vertex -3.54792 -7.02516 3
    endloop
  endfacet
  facet normal -0.0972922 -0.738888 0.666767
    outer loop
      vertex -4.4548 -6.55307 3
      vertex -4.44573 -4.74948 5
      vertex -4.60183 -6.53371 3
    endloop
  endfacet
  facet normal -0.101177 -0.738592 0.666517
    outer loop
      vertex -4.44573 -4.74948 5
      vertex -4.4548 -6.55307 3
      vertex -4.445 -4.74958 5
    endloop
  endfacet
  facet normal 0.744557 0.0325022 0.666767
    outer loop
      vertex -8.22776 -8.53151 5
      vertex -6.44353 -8.37541 3
      vertex -8.24101 -8.22798 5
    endloop
  endfacet
  facet normal 0.62856 0.400413 0.666769
    outer loop
      vertex -6.22224 -9.07724 3
      vertex -7.77294 -9.97339 5
      vertex -6.14256 -9.20232 3
    endloop
  endfacet
  facet normal 0.633539 0.392191 0.666945
    outer loop
      vertex -7.77294 -9.97339 5
      vertex -6.22224 -9.07724 3
      vertex -7.77333 -9.97276 5
    endloop
  endfacet
  facet normal 0.628534 0.40046 0.666766
    outer loop
      vertex -7.6097 -10.2296 5
      vertex -6.14256 -9.20232 3
      vertex -7.77294 -9.97339 5
    endloop
  endfacet
  facet normal -0.34413 -0.661057 0.666767
    outer loop
      vertex -3.00448 -5.20391 5
      vertex -3.27397 -5.06362 5
      vertex -3.9 -6.755 3
    endloop
  endfacet
  facet normal -0.0972645 -0.738891 0.666768
    outer loop
      vertex -4.14379 -4.78923 5
      vertex -4.445 -4.74958 5
      vertex -4.4548 -6.55307 3
    endloop
  endfacet
  facet normal -0.628554 -0.400426 0.666767
    outer loop
      vertex -1.72706 -6.4811 5
      vertex -1.8903 -6.22486 5
      vertex -3.35744 -7.25216 3
    endloop
  endfacet
  facet normal -0.688522 0.285238 0.666766
    outer loop
      vertex -3.20928 -8.94569 3
      vertex -1.46949 -9.42125 5
      vertex -3.15252 -8.80868 3
    endloop
  endfacet
  facet normal -0.68905 0.283726 0.666866
    outer loop
      vertex -1.46949 -9.42125 5
      vertex -3.20928 -8.94569 3
      vertex -1.46977 -9.42193 5
    endloop
  endfacet
  facet normal 0.591245 0.45371 0.666766
    outer loop
      vertex -6.14256 -9.20232 3
      vertex -7.60925 -10.2302 5
      vertex -6.05227 -9.31998 3
    endloop
  endfacet
  facet normal 0.596103 0.447077 0.66692
    outer loop
      vertex -7.60925 -10.2302 5
      vertex -6.14256 -9.20232 3
      vertex -7.6097 -10.2296 5
    endloop
  endfacet
  facet normal -0.161309 -0.727599 0.666768
    outer loop
      vertex -4.31001 -6.58517 3
      vertex -4.14379 -4.78923 5
      vertex -4.4548 -6.55307 3
    endloop
  endfacet
  facet normal -0.161675 -0.727539 0.666745
    outer loop
      vertex -4.14379 -4.78923 5
      vertex -4.31001 -6.58517 3
      vertex -4.14307 -4.78939 5
    endloop
  endfacet
  facet normal 0.744612 0.030187 0.666815
    outer loop
      vertex -8.24101 -8.22798 5
      vertex -6.45 -8.22724 3
      vertex -8.24104 -8.22724 5
    endloop
  endfacet
  facet normal 0.744557 0.0325119 0.666767
    outer loop
      vertex -6.45 -8.22724 3
      vertex -8.24101 -8.22798 5
      vertex -6.44353 -8.37541 3
    endloop
  endfacet
  facet normal -0.199386 0.717791 0.667099
    outer loop
      vertex -4.31001 -9.86931 3
      vertex -3.84717 -11.5995 5
      vertex -3.84645 -11.5993 5
    endloop
  endfacet
  facet normal -0.161308 0.727597 0.66677
    outer loop
      vertex -3.84717 -11.5995 5
      vertex -4.31001 -9.86931 3
      vertex -4.4548 -9.90141 3
    endloop
  endfacet
  facet normal -0.710943 -0.223439 0.66681
    outer loop
      vertex -3.15252 -7.64581 3
      vertex -1.37791 -7.32369 5
      vertex -1.37813 -7.32299 5
    endloop
  endfacet
  facet normal -0.71078 -0.224079 0.666769
    outer loop
      vertex -1.37791 -7.32369 5
      vertex -3.15252 -7.64581 3
      vertex -3.10793 -7.78725 3
    endloop
  endfacet
  facet normal -0.628554 0.400426 0.666767
    outer loop
      vertex -1.88991 -10.229 5
      vertex -1.72667 -9.97276 5
      vertex -3.27776 -9.07724 3
    endloop
  endfacet
  facet normal 0.68905 -0.283726 0.666866
    outer loop
      vertex -8.03051 -7.03323 5
      vertex -6.29072 -7.50879 3
      vertex -8.03023 -7.03255 5
    endloop
  endfacet
  facet normal 0.688528 -0.28522 0.666767
    outer loop
      vertex -6.29072 -7.50879 3
      vertex -8.03051 -7.03323 5
      vertex -6.34748 -7.64581 3
    endloop
  endfacet
  facet normal 0.66106 -0.344123 0.666768
    outer loop
      vertex -7.91362 -6.75121 5
      vertex -6.29072 -7.50879 3
      vertex -6.22224 -7.37724 3
    endloop
  endfacet
  facet normal 0.660404 -0.345442 0.666735
    outer loop
      vertex -6.29072 -7.50879 3
      vertex -7.91362 -6.75121 5
      vertex -7.91396 -6.75186 5
    endloop
  endfacet
  facet normal 0.661056 0.34413 0.666768
    outer loop
      vertex -7.77367 -9.97211 5
      vertex -6.29072 -8.94569 3
      vertex -7.91396 -9.70262 5
    endloop
  endfacet
  facet normal 0.727539 -0.161675 0.666745
    outer loop
      vertex -8.18801 -7.62103 5
      vertex -6.39207 -7.78725 3
      vertex -8.18785 -7.62031 5
    endloop
  endfacet
  facet normal 0.727599 -0.161309 0.666768
    outer loop
      vertex -6.39207 -7.78725 3
      vertex -8.18801 -7.62103 5
      vertex -6.42417 -7.93204 3
    endloop
  endfacet
  facet normal 0.738891 -0.0972645 0.666768
    outer loop
      vertex -6.42417 -7.93204 3
      vertex -8.18801 -7.62103 5
      vertex -8.22766 -7.92224 5
    endloop
  endfacet
  facet normal -0.0325022 -0.744557 0.666767
    outer loop
      vertex -4.60183 -6.53371 3
      vertex -4.44573 -4.74948 5
      vertex -4.74926 -4.73623 5
    endloop
  endfacet
  facet normal -0.345442 -0.660404 0.666735
    outer loop
      vertex -4.03155 -6.68652 3
      vertex -3.27397 -5.06362 5
      vertex -3.27462 -5.06328 5
    endloop
  endfacet
  facet normal -0.344123 -0.66106 0.666768
    outer loop
      vertex -3.27397 -5.06362 5
      vertex -4.03155 -6.68652 3
      vertex -3.9 -6.755 3
    endloop
  endfacet
  facet normal -0.28521 -0.688532 0.666768
    outer loop
      vertex -3.27462 -5.06328 5
      vertex -3.55531 -4.94701 5
      vertex -4.03155 -6.68652 3
    endloop
  endfacet
  facet normal -0.591257 -0.45369 0.666769
    outer loop
      vertex -1.89075 -6.22427 5
      vertex -2.0757 -5.98324 5
      vertex -3.44773 -7.1345 3
    endloop
  endfacet
  facet normal 0.500767 -0.551865 0.666841
    outer loop
      vertex -6.99454 -5.55344 5
      vertex -5.84274 -6.92497 3
      vertex -6.994 -5.55295 5
    endloop
  endfacet
  facet normal 0.50349 -0.549471 0.666768
    outer loop
      vertex -5.84274 -6.92497 3
      vertex -6.99454 -5.55344 5
      vertex -5.95208 -7.02516 3
    endloop
  endfacet
  facet normal -0.030187 -0.744612 0.666815
    outer loop
      vertex -4.75 -6.52724 3
      vertex -4.74926 -4.73623 5
      vertex -4.75 -4.7362 5
    endloop
  endfacet
  facet normal -0.0325119 -0.744557 0.666767
    outer loop
      vertex -4.74926 -4.73623 5
      vertex -4.75 -6.52724 3
      vertex -4.60183 -6.53371 3
    endloop
  endfacet
  facet normal 0.0326245 0.744549 0.66677
    outer loop
      vertex -4.75074 -11.7183 5
      vertex -4.89817 -9.92077 3
      vertex -5.05427 -11.705 5
    endloop
  endfacet
  facet normal 0.688528 0.28522 0.666767
    outer loop
      vertex -8.03051 -9.42125 5
      vertex -6.29072 -8.94569 3
      vertex -6.34748 -8.80867 3
    endloop
  endfacet
  facet normal 0.68905 0.283726 0.666866
    outer loop
      vertex -6.29072 -8.94569 3
      vertex -8.03051 -9.42125 5
      vertex -8.03023 -9.42193 5
    endloop
  endfacet
  facet normal -0.503522 0.549452 0.666759
    outer loop
      vertex -3.65726 -9.52952 3
      vertex -2.50546 -10.901 5
      vertex -3.54792 -9.42932 3
    endloop
  endfacet
  facet normal -0.506398 0.546909 0.666672
    outer loop
      vertex -2.50546 -10.901 5
      vertex -3.65726 -9.52952 3
      vertex -2.506 -10.9015 5
    endloop
  endfacet
  facet normal -0.688532 0.28521 0.666768
    outer loop
      vertex -1.58604 -9.70262 5
      vertex -1.46977 -9.42193 5
      vertex -3.20928 -8.94569 3
    endloop
  endfacet
  facet normal -0.66247 0.341272 0.666833
    outer loop
      vertex -3.20928 -8.94569 3
      vertex -1.58638 -9.70328 5
      vertex -1.58604 -9.70262 5
    endloop
  endfacet
  facet normal -0.661059 0.344123 0.666768
    outer loop
      vertex -1.58638 -9.70328 5
      vertex -3.20928 -8.94569 3
      vertex -3.27776 -9.07724 3
    endloop
  endfacet
  facet normal 0.591258 -0.453691 0.666767
    outer loop
      vertex -6.14256 -7.25216 3
      vertex -7.42475 -5.98383 5
      vertex -7.6097 -6.22486 5
    endloop
  endfacet
  facet normal -0.738889 -0.0972855 0.666767
    outer loop
      vertex -1.27224 -7.92298 5
      vertex -1.3119 -7.62176 5
      vertex -3.05647 -8.07908 3
    endloop
  endfacet
  facet normal -0.727599 -0.161307 0.666768
    outer loop
      vertex -1.31199 -7.62103 5
      vertex -1.37775 -7.32441 5
      vertex -3.07583 -7.93204 3
    endloop
  endfacet
  facet normal -0.727598 0.161312 0.666768
    outer loop
      vertex -1.37791 -9.13079 5
      vertex -1.31215 -8.83418 5
      vertex -3.10793 -8.66723 3
    endloop
  endfacet
  facet normal -0.68905 -0.283726 0.666866
    outer loop
      vertex -3.20928 -7.50879 3
      vertex -1.46949 -7.03323 5
      vertex -1.46977 -7.03255 5
    endloop
  endfacet
  facet normal -0.688528 -0.28522 0.666767
    outer loop
      vertex -1.46949 -7.03323 5
      vertex -3.20928 -7.50879 3
      vertex -3.15252 -7.64581 3
    endloop
  endfacet
  facet normal -0.204463 0.715621 0.667894
    outer loop
      vertex -4.16857 -9.82472 3
      vertex -3.84645 -11.5993 5
      vertex -3.84575 -11.5991 5
    endloop
  endfacet
  facet normal -0.22408 0.710785 0.666763
    outer loop
      vertex -3.84645 -11.5993 5
      vertex -4.16857 -9.82472 3
      vertex -4.31001 -9.86931 3
    endloop
  endfacet
  facet normal -0.344149 0.661047 0.666767
    outer loop
      vertex -3.27462 -11.3912 5
      vertex -3.00513 -11.2509 5
      vertex -4.03155 -9.76796 3
    endloop
  endfacet
  facet normal -0.503416 0.549538 0.666768
    outer loop
      vertex -2.50546 -10.901 5
      vertex -2.28146 -10.6958 5
      vertex -3.54792 -9.42932 3
    endloop
  endfacet
  facet normal 0.744612 -0.030187 0.666815
    outer loop
      vertex -6.45 -8.22724 3
      vertex -8.24101 -8.2265 5
      vertex -8.24104 -8.22724 5
    endloop
  endfacet
  facet normal 0.744557 -0.0325141 0.666767
    outer loop
      vertex -8.24101 -8.2265 5
      vertex -6.45 -8.22724 3
      vertex -6.44353 -8.07908 3
    endloop
  endfacet
  facet normal 0.161307 -0.727599 0.666768
    outer loop
      vertex -5.0452 -6.55307 3
      vertex -5.35621 -4.78923 5
      vertex -5.65283 -4.85499 5
    endloop
  endfacet
  facet normal 0.0972922 0.738888 0.666767
    outer loop
      vertex -5.0452 -9.90141 3
      vertex -5.05427 -11.705 5
      vertex -4.89817 -9.92077 3
    endloop
  endfacet
  facet normal 0.101177 0.738592 0.666517
    outer loop
      vertex -5.05427 -11.705 5
      vertex -5.0452 -9.90141 3
      vertex -5.055 -11.7049 5
    endloop
  endfacet
  facet normal 0.344123 -0.66106 0.666767
    outer loop
      vertex -6.49487 -5.20357 5
      vertex -5.6 -6.755 3
      vertex -5.46845 -6.68652 3
    endloop
  endfacet
  facet normal 0.345416 -0.660354 0.666798
    outer loop
      vertex -5.6 -6.755 3
      vertex -6.49487 -5.20357 5
      vertex -6.49552 -5.20391 5
    endloop
  endfacet
  facet normal 0.549448 -0.503518 0.666766
    outer loop
      vertex -7.4238 -5.9827 5
      vertex -6.05228 -7.1345 3
      vertex -5.95208 -7.02516 3
    endloop
  endfacet
  facet normal 0.546905 -0.506394 0.666678
    outer loop
      vertex -6.05228 -7.1345 3
      vertex -7.4238 -5.9827 5
      vertex -7.4243 -5.98324 5
    endloop
  endfacet
  facet normal 0.0325141 -0.744557 0.666767
    outer loop
      vertex -4.75 -6.52724 3
      vertex -4.75074 -4.73623 5
      vertex -4.89816 -6.53371 3
    endloop
  endfacet
  facet normal 0.030187 -0.744612 0.666815
    outer loop
      vertex -4.75074 -4.73623 5
      vertex -4.75 -6.52724 3
      vertex -4.75 -4.7362 5
    endloop
  endfacet
  facet normal -0.0973822 0.738878 0.666765
    outer loop
      vertex -4.44574 -11.705 5
      vertex -4.14452 -11.6653 5
      vertex -4.60184 -9.92077 3
    endloop
  endfacet
  facet normal 0.396777 -0.630773 0.666854
    outer loop
      vertex -6.49614 -5.2043 5
      vertex -5.6 -6.755 3
      vertex -6.49552 -5.20391 5
    endloop
  endfacet
  facet normal 0.400414 -0.628561 0.666768
    outer loop
      vertex -5.6 -6.755 3
      vertex -6.49614 -5.2043 5
      vertex -5.72508 -6.83468 3
    endloop
  endfacet
  facet normal 0.400444 -0.628544 0.666766
    outer loop
      vertex -5.72508 -6.83468 3
      vertex -6.49614 -5.2043 5
      vertex -6.75238 -5.36755 5
    endloop
  endfacet
  facet normal 0.549465 -0.503497 0.666767
    outer loop
      vertex -5.95208 -7.02516 3
      vertex -7.21854 -5.7587 5
      vertex -7.4238 -5.9827 5
    endloop
  endfacet
  facet normal -0.285272 0.688504 0.666769
    outer loop
      vertex -3.55531 -11.5075 5
      vertex -3.27462 -11.3912 5
      vertex -4.03155 -9.76796 3
    endloop
  endfacet
  facet normal 0.283726 -0.68905 0.666866
    outer loop
      vertex -5.46845 -6.68652 3
      vertex -5.94401 -4.94673 5
      vertex -5.94469 -4.94701 5
    endloop
  endfacet
  facet normal 0.285176 -0.688544 0.66677
    outer loop
      vertex -5.94401 -4.94673 5
      vertex -5.46845 -6.68652 3
      vertex -5.33143 -6.62977 3
    endloop
  endfacet
  facet normal -0.739794 -0.0912075 0.666623
    outer loop
      vertex -3.07583 -7.93204 3
      vertex -1.3119 -7.62176 5
      vertex -1.31199 -7.62103 5
    endloop
  endfacet
  facet normal -0.738889 -0.0972857 0.666767
    outer loop
      vertex -1.3119 -7.62176 5
      vertex -3.07583 -7.93204 3
      vertex -3.05647 -8.07908 3
    endloop
  endfacet
  facet normal -0.660354 -0.345416 0.666798
    outer loop
      vertex -3.27776 -7.37724 3
      vertex -1.72633 -6.48237 5
      vertex -1.72667 -6.48172 5
    endloop
  endfacet
  facet normal -0.66106 -0.344123 0.666767
    outer loop
      vertex -1.72633 -6.48237 5
      vertex -3.27776 -7.37724 3
      vertex -3.20928 -7.50879 3
    endloop
  endfacet
  facet normal -0.549464 0.503495 0.66677
    outer loop
      vertex -2.28146 -10.6958 5
      vertex -2.0762 -10.4718 5
      vertex -3.54792 -9.42932 3
    endloop
  endfacet
  facet normal -0.591322 0.453608 0.666767
    outer loop
      vertex -2.07525 -10.4707 5
      vertex -1.8903 -10.2296 5
      vertex -3.35744 -9.20232 3
    endloop
  endfacet
  facet normal -0.727598 0.161309 0.666769
    outer loop
      vertex -3.10793 -8.66723 3
      vertex -1.31199 -8.83346 5
      vertex -3.07583 -8.52244 3
    endloop
  endfacet
  facet normal -0.727538 0.161675 0.666745
    outer loop
      vertex -1.31199 -8.83346 5
      vertex -3.10793 -8.66723 3
      vertex -1.31215 -8.83418 5
    endloop
  endfacet
  facet normal -0.396865 -0.630913 0.666669
    outer loop
      vertex -2.74824 -5.36715 5
      vertex -3.77492 -6.83468 3
      vertex -2.74762 -5.36754 5
    endloop
  endfacet
  facet normal -0.400415 -0.628563 0.666766
    outer loop
      vertex -3.77492 -6.83468 3
      vertex -2.74824 -5.36715 5
      vertex -3.9 -6.755 3
    endloop
  endfacet
  facet normal -0.572292 0.47691 0.667112
    outer loop
      vertex -3.44772 -9.31998 3
      vertex -2.0762 -10.4718 5
      vertex -2.0757 -10.4712 5
    endloop
  endfacet
  facet normal -0.549446 0.503517 0.666768
    outer loop
      vertex -2.0762 -10.4718 5
      vertex -3.44772 -9.31998 3
      vertex -3.54792 -9.42932 3
    endloop
  endfacet
  facet normal -0.744557 -0.0325141 0.666767
    outer loop
      vertex -3.05 -8.22724 3
      vertex -1.25899 -8.2265 5
      vertex -3.05647 -8.07908 3
    endloop
  endfacet
  facet normal -0.744346 -0.0402349 0.666581
    outer loop
      vertex -1.25899 -8.2265 5
      vertex -3.05 -8.22724 3
      vertex -1.25895 -8.22724 5
    endloop
  endfacet
  facet normal -0.453771 0.591202 0.666763
    outer loop
      vertex -2.74703 -11.0865 5
      vertex -2.506 -10.9015 5
      vertex -3.65726 -9.52952 3
    endloop
  endfacet
  facet normal -0.0325137 0.744548 0.666777
    outer loop
      vertex -4.75 -9.92724 3
      vertex -4.74926 -11.7183 5
      vertex -4.60184 -9.92077 3
    endloop
  endfacet
  facet normal 0 0.744948 0.667123
    outer loop
      vertex -4.74926 -11.7183 5
      vertex -4.75 -9.92724 3
      vertex -4.75 -11.7183 5
    endloop
  endfacet
  facet normal -0.400533 0.628491 0.666763
    outer loop
      vertex -3.00386 -11.2502 5
      vertex -2.74762 -11.0869 5
      vertex -3.77492 -9.6198 3
    endloop
  endfacet
  facet normal -0.161168 0.727636 0.666761
    outer loop
      vertex -4.14379 -11.6652 5
      vertex -3.84717 -11.5995 5
      vertex -4.4548 -9.90141 3
    endloop
  endfacet
  facet normal -0.101138 0.738308 0.666838
    outer loop
      vertex -4.4548 -9.90141 3
      vertex -4.14452 -11.6653 5
      vertex -4.14379 -11.6652 5
    endloop
  endfacet
  facet normal -0.0972867 0.738896 0.666759
    outer loop
      vertex -4.14452 -11.6653 5
      vertex -4.4548 -9.90141 3
      vertex -4.60184 -9.92077 3
    endloop
  endfacet
  facet normal 0 0.744948 0.667123
    outer loop
      vertex -4.75 -9.92724 3
      vertex -4.75074 -11.7183 5
      vertex -4.75 -11.7183 5
    endloop
  endfacet
  facet normal 0.0325115 0.744548 0.666777
    outer loop
      vertex -4.75074 -11.7183 5
      vertex -4.75 -9.92724 3
      vertex -4.89817 -9.92077 3
    endloop
  endfacet
  facet normal 0.161263 0.727617 0.666759
    outer loop
      vertex -5.18999 -9.86932 3
      vertex -5.35621 -11.6652 5
      vertex -5.0452 -9.90141 3
    endloop
  endfacet
  facet normal 0.102211 0.735921 0.669308
    outer loop
      vertex -5.35621 -11.6652 5
      vertex -5.18999 -9.86932 3
      vertex -5.35693 -11.6651 5
    endloop
  endfacet
  facet normal 0.223978 0.710817 0.666763
    outer loop
      vertex -5.65355 -11.5993 5
      vertex -5.18999 -9.86932 3
      vertex -5.9433 -11.508 5
    endloop
  endfacet
  facet normal -0.400412 0.628558 0.666772
    outer loop
      vertex -3.9 -9.69948 3
      vertex -3.00386 -11.2502 5
      vertex -3.77492 -9.6198 3
    endloop
  endfacet
  facet normal -0.404074 0.626315 0.666673
    outer loop
      vertex -3.00386 -11.2502 5
      vertex -3.9 -9.69948 3
      vertex -3.00448 -11.2506 5
    endloop
  endfacet
  facet normal 0.285272 0.688504 0.666769
    outer loop
      vertex -5.94469 -11.5075 5
      vertex -5.46845 -9.76796 3
      vertex -6.22538 -11.3912 5
    endloop
  endfacet
  facet normal 0.0973859 0.738882 0.66676
    outer loop
      vertex -5.055 -11.7049 5
      vertex -5.0452 -9.90141 3
      vertex -5.35621 -11.6652 5
    endloop
  endfacet
  facet normal 0.224123 0.710762 0.666773
    outer loop
      vertex -5.33143 -9.82472 3
      vertex -5.9433 -11.508 5
      vertex -5.18999 -9.86932 3
    endloop
  endfacet
  facet normal 0.202231 0.717922 0.666101
    outer loop
      vertex -5.9433 -11.508 5
      vertex -5.33143 -9.82472 3
      vertex -5.94401 -11.5078 5
    endloop
  endfacet
  facet normal 0.285217 0.68852 0.666777
    outer loop
      vertex -5.46845 -9.76796 3
      vertex -5.94401 -11.5078 5
      vertex -5.33143 -9.82472 3
    endloop
  endfacet
  facet normal 0.301236 0.682802 0.665611
    outer loop
      vertex -5.94401 -11.5078 5
      vertex -5.46845 -9.76796 3
      vertex -5.94469 -11.5075 5
    endloop
  endfacet
  facet normal 0.461782 -0.886993 0
    outer loop
      vertex 34.3053 37.174 0
      vertex 34.4678 37.2586 5
      vertex 34.3053 37.174 5
    endloop
  endfacet
  facet normal 0.461782 -0.886993 0
    outer loop
      vertex 34.4678 37.2586 5
      vertex 34.3053 37.174 0
      vertex 34.4678 37.2586 0
    endloop
  endfacet
  facet normal -0.300792 0.95369 0
    outer loop
      vertex 19.103 16.4114 0
      vertex 18.9283 16.3563 5
      vertex 19.103 16.4114 5
    endloop
  endfacet
  facet normal -0.300792 0.95369 0
    outer loop
      vertex 18.9283 16.3563 5
      vertex 19.103 16.4114 0
      vertex 18.9283 16.3563 0
    endloop
  endfacet
  facet normal -0.461782 0.886993 0
    outer loop
      vertex 19.4348 16.5661 0
      vertex 19.2723 16.4815 5
      vertex 19.4348 16.5661 5
    endloop
  endfacet
  facet normal -0.461782 0.886993 0
    outer loop
      vertex 19.2723 16.4815 5
      vertex 19.4348 16.5661 0
      vertex 19.2723 16.4815 0
    endloop
  endfacet
  facet normal -0.216121 -0.976367 0
    outer loop
      vertex 35.72 37.4234 0
      vertex 35.8989 37.3838 5
      vertex 35.72 37.4234 5
    endloop
  endfacet
  facet normal -0.216121 -0.976367 -0
    outer loop
      vertex 35.8989 37.3838 5
      vertex 35.72 37.4234 0
      vertex 35.8989 37.3838 0
    endloop
  endfacet
  facet normal -0.843459 0.537193 0
    outer loop
      vertex 37.0756 34.1508 0
      vertex 37.174 34.3053 5
      vertex 37.174 34.3053 0
    endloop
  endfacet
  facet normal -0.843459 0.537193 0
    outer loop
      vertex 37.174 34.3053 5
      vertex 37.0756 34.1508 0
      vertex 37.0756 34.1508 5
    endloop
  endfacet
  facet normal -0.976367 -0.216121 0
    outer loop
      vertex 37.4234 35.72 0
      vertex 37.3838 35.8989 5
      vertex 37.3838 35.8989 0
    endloop
  endfacet
  facet normal -0.976367 -0.216121 0
    outer loop
      vertex 37.3838 35.8989 5
      vertex 37.4234 35.72 0
      vertex 37.4234 35.72 5
    endloop
  endfacet
  facet normal 0.382754 0.92385 -0
    outer loop
      vertex 17.6665 16.4114 0
      vertex 17.4973 16.4815 5
      vertex 17.6665 16.4114 5
    endloop
  endfacet
  facet normal 0.382754 0.92385 0
    outer loop
      vertex 17.4973 16.4815 5
      vertex 17.6665 16.4114 0
      vertex 17.4973 16.4815 0
    endloop
  endfacet
  facet normal 0.675873 0.737018 -0
    outer loop
      vertex 17.0349 16.7761 0
      vertex 16.8999 16.8999 5
      vertex 17.0349 16.7761 5
    endloop
  endfacet
  facet normal 0.675873 0.737018 0
    outer loop
      vertex 16.8999 16.8999 5
      vertex 17.0349 16.7761 0
      vertex 16.8999 16.8999 0
    endloop
  endfacet
  facet normal 0.130483 -0.991451 0
    outer loop
      vertex 34.9907 37.4234 0
      vertex 35.1723 37.4473 5
      vertex 34.9907 37.4234 5
    endloop
  endfacet
  facet normal 0.130483 -0.991451 0
    outer loop
      vertex 35.1723 37.4473 5
      vertex 34.9907 37.4234 0
      vertex 35.1723 37.4473 0
    endloop
  endfacet
  facet normal -0.130483 -0.991451 0
    outer loop
      vertex 35.5384 37.4473 0
      vertex 35.72 37.4234 5
      vertex 35.5384 37.4473 5
    endloop
  endfacet
  facet normal -0.130483 -0.991451 -0
    outer loop
      vertex 35.72 37.4234 5
      vertex 35.5384 37.4473 0
      vertex 35.72 37.4234 0
    endloop
  endfacet
  facet normal -0.608867 -0.793273 0
    outer loop
      vertex 36.5598 37.0756 0
      vertex 36.7052 36.964 5
      vertex 36.5598 37.0756 5
    endloop
  endfacet
  facet normal -0.608867 -0.793273 -0
    outer loop
      vertex 36.7052 36.964 5
      vertex 36.5598 37.0756 0
      vertex 36.7052 36.964 0
    endloop
  endfacet
  facet normal -0.737539 0.675304 0
    outer loop
      vertex 36.8403 33.8704 0
      vertex 36.964 34.0055 5
      vertex 36.964 34.0055 0
    endloop
  endfacet
  facet normal -0.737539 0.675304 0
    outer loop
      vertex 36.964 34.0055 5
      vertex 36.8403 33.8704 0
      vertex 36.8403 33.8704 5
    endloop
  endfacet
  facet normal -0.216121 0.976367 0
    outer loop
      vertex 18.9283 16.3563 0
      vertex 18.7494 16.3167 5
      vertex 18.9283 16.3563 5
    endloop
  endfacet
  facet normal -0.216121 0.976367 0
    outer loop
      vertex 18.7494 16.3167 5
      vertex 18.9283 16.3563 0
      vertex 18.7494 16.3167 0
    endloop
  endfacet
  facet normal -0.537193 -0.843459 0
    outer loop
      vertex 36.4053 37.174 0
      vertex 36.5598 37.0756 5
      vertex 36.4053 37.174 5
    endloop
  endfacet
  facet normal -0.537193 -0.843459 -0
    outer loop
      vertex 36.5598 37.0756 5
      vertex 36.4053 37.174 0
      vertex 36.5598 37.0756 0
    endloop
  endfacet
  facet normal -0.461782 -0.886993 0
    outer loop
      vertex 36.2428 37.2586 0
      vertex 36.4053 37.174 5
      vertex 36.2428 37.2586 5
    endloop
  endfacet
  facet normal -0.461782 -0.886993 -0
    outer loop
      vertex 36.4053 37.174 5
      vertex 36.2428 37.2586 0
      vertex 36.4053 37.174 0
    endloop
  endfacet
  facet normal -0.999047 -0.0436503 0
    outer loop
      vertex 37.4553 35.3553 0
      vertex 37.4473 35.5384 5
      vertex 37.4473 35.5384 0
    endloop
  endfacet
  facet normal -0.999047 -0.0436503 0
    outer loop
      vertex 37.4473 35.5384 5
      vertex 37.4553 35.3553 0
      vertex 37.4553 35.3553 5
    endloop
  endfacet
  facet normal 0.737267 -0.675601 0
    outer loop
      vertex 16.7761 19.7346 5
      vertex 16.8999 19.8697 0
      vertex 16.8999 19.8697 5
    endloop
  endfacet
  facet normal 0.737267 -0.675601 0
    outer loop
      vertex 16.8999 19.8697 0
      vertex 16.7761 19.7346 5
      vertex 16.7761 19.7346 0
    endloop
  endfacet
  facet normal -0.382754 -0.92385 0
    outer loop
      vertex 36.0736 37.3287 0
      vertex 36.2428 37.2586 5
      vertex 36.0736 37.3287 5
    endloop
  endfacet
  facet normal -0.382754 -0.92385 -0
    outer loop
      vertex 36.2428 37.2586 5
      vertex 36.0736 37.3287 0
      vertex 36.2428 37.2586 0
    endloop
  endfacet
  facet normal -0.707105 0.707109 0
    outer loop
      vertex 19.8697 16.8999 0
      vertex 36.8403 33.8704 5
      vertex 36.8403 33.8704 0
    endloop
  endfacet
  facet normal -0.707105 0.707109 0
    outer loop
      vertex 36.8403 33.8704 5
      vertex 19.8697 16.8999 0
      vertex 19.8697 16.8999 5
    endloop
  endfacet
  facet normal -0.793273 -0.608867 0
    outer loop
      vertex 37.0756 36.5598 0
      vertex 36.964 36.7052 5
      vertex 36.964 36.7052 0
    endloop
  endfacet
  facet normal -0.793273 -0.608867 0
    outer loop
      vertex 36.964 36.7052 5
      vertex 37.0756 36.5598 0
      vertex 37.0756 36.5598 5
    endloop
  endfacet
  facet normal 0.793536 0.608523 0
    outer loop
      vertex 16.7761 17.0349 5
      vertex 16.6646 17.1803 0
      vertex 16.6646 17.1803 5
    endloop
  endfacet
  facet normal 0.793536 0.608523 0
    outer loop
      vertex 16.6646 17.1803 0
      vertex 16.7761 17.0349 5
      vertex 16.7761 17.0349 0
    endloop
  endfacet
  facet normal 0.991451 0.130483 0
    outer loop
      vertex 16.3167 18.0201 5
      vertex 16.2928 18.2017 0
      vertex 16.2928 18.2017 5
    endloop
  endfacet
  facet normal 0.991451 0.130483 0
    outer loop
      vertex 16.2928 18.2017 0
      vertex 16.3167 18.0201 5
      vertex 16.3167 18.0201 0
    endloop
  endfacet
  facet normal -0.0436503 -0.999047 0
    outer loop
      vertex 35.3553 37.4553 0
      vertex 35.5384 37.4473 5
      vertex 35.3553 37.4553 5
    endloop
  endfacet
  facet normal -0.0436503 -0.999047 -0
    outer loop
      vertex 35.5384 37.4473 5
      vertex 35.3553 37.4553 0
      vertex 35.5384 37.4473 0
    endloop
  endfacet
  facet normal -0.130483 0.991451 0
    outer loop
      vertex 18.7494 16.3167 0
      vertex 18.5678 16.2928 5
      vertex 18.7494 16.3167 5
    endloop
  endfacet
  facet normal -0.130483 0.991451 0
    outer loop
      vertex 18.5678 16.2928 5
      vertex 18.7494 16.3167 0
      vertex 18.5678 16.2928 0
    endloop
  endfacet
  facet normal 0.886993 -0.461782 0
    outer loop
      vertex 16.4815 19.2723 5
      vertex 16.5661 19.4348 0
      vertex 16.5661 19.4348 5
    endloop
  endfacet
  facet normal 0.886993 -0.461782 0
    outer loop
      vertex 16.5661 19.4348 0
      vertex 16.4815 19.2723 5
      vertex 16.4815 19.2723 0
    endloop
  endfacet
  facet normal -0.608787 0.793334 0
    outer loop
      vertex 19.7346 16.7761 0
      vertex 19.5893 16.6646 5
      vertex 19.7346 16.7761 5
    endloop
  endfacet
  facet normal -0.608787 0.793334 0
    outer loop
      vertex 19.5893 16.6646 5
      vertex 19.7346 16.7761 0
      vertex 19.5893 16.6646 0
    endloop
  endfacet
  facet normal 0.707109 -0.707105 0
    outer loop
      vertex 16.8999 19.8697 5
      vertex 33.8704 36.8403 0
      vertex 33.8704 36.8403 5
    endloop
  endfacet
  facet normal 0.707109 -0.707105 0
    outer loop
      vertex 33.8704 36.8403 0
      vertex 16.8999 19.8697 5
      vertex 16.8999 19.8697 0
    endloop
  endfacet
  facet normal -0.300792 -0.95369 0
    outer loop
      vertex 35.8989 37.3838 0
      vertex 36.0736 37.3287 5
      vertex 35.8989 37.3838 5
    endloop
  endfacet
  facet normal -0.300792 -0.95369 -0
    outer loop
      vertex 36.0736 37.3287 5
      vertex 35.8989 37.3838 0
      vertex 36.0736 37.3287 0
    endloop
  endfacet
  facet normal 0.130483 0.991451 -0
    outer loop
      vertex 18.2017 16.2928 0
      vertex 18.0201 16.3167 5
      vertex 18.2017 16.2928 5
    endloop
  endfacet
  facet normal 0.130483 0.991451 0
    outer loop
      vertex 18.0201 16.3167 5
      vertex 18.2017 16.2928 0
      vertex 18.0201 16.3167 0
    endloop
  endfacet
  facet normal 0.216237 0.976341 -0
    outer loop
      vertex 18.0201 16.3167 0
      vertex 17.8413 16.3563 5
      vertex 18.0201 16.3167 5
    endloop
  endfacet
  facet normal 0.216237 0.976341 0
    outer loop
      vertex 17.8413 16.3563 5
      vertex 18.0201 16.3167 0
      vertex 17.8413 16.3563 0
    endloop
  endfacet
  facet normal 0.216121 -0.976367 0
    outer loop
      vertex 34.8118 37.3838 0
      vertex 34.9907 37.4234 5
      vertex 34.8118 37.3838 5
    endloop
  endfacet
  facet normal 0.216121 -0.976367 0
    outer loop
      vertex 34.9907 37.4234 5
      vertex 34.8118 37.3838 0
      vertex 34.9907 37.4234 0
    endloop
  endfacet
  facet normal -0.537582 0.843212 0
    outer loop
      vertex 19.5893 16.6646 0
      vertex 19.4348 16.5661 5
      vertex 19.5893 16.6646 5
    endloop
  endfacet
  facet normal -0.537582 0.843212 0
    outer loop
      vertex 19.4348 16.5661 5
      vertex 19.5893 16.6646 0
      vertex 19.4348 16.5661 0
    endloop
  endfacet
  facet normal -0.95369 -0.300792 0
    outer loop
      vertex 37.3838 35.8989 0
      vertex 37.3287 36.0736 5
      vertex 37.3287 36.0736 0
    endloop
  endfacet
  facet normal -0.95369 -0.300792 0
    outer loop
      vertex 37.3287 36.0736 5
      vertex 37.3838 35.8989 0
      vertex 37.3838 35.8989 5
    endloop
  endfacet
  facet normal 0.737018 0.675873 0
    outer loop
      vertex 16.8999 16.8999 5
      vertex 16.7761 17.0349 0
      vertex 16.7761 17.0349 5
    endloop
  endfacet
  facet normal 0.737018 0.675873 0
    outer loop
      vertex 16.7761 17.0349 0
      vertex 16.8999 16.8999 5
      vertex 16.8999 16.8999 0
    endloop
  endfacet
  facet normal -0.95369 0.300792 0
    outer loop
      vertex 37.3287 34.6371 0
      vertex 37.3838 34.8118 5
      vertex 37.3838 34.8118 0
    endloop
  endfacet
  facet normal -0.95369 0.300792 0
    outer loop
      vertex 37.3838 34.8118 5
      vertex 37.3287 34.6371 0
      vertex 37.3287 34.6371 5
    endloop
  endfacet
  facet normal -0.976367 0.216121 0
    outer loop
      vertex 37.3838 34.8118 0
      vertex 37.4234 34.9907 5
      vertex 37.4234 34.9907 0
    endloop
  endfacet
  facet normal -0.976367 0.216121 0
    outer loop
      vertex 37.4234 34.9907 5
      vertex 37.3838 34.8118 0
      vertex 37.3838 34.8118 5
    endloop
  endfacet
  facet normal -0.991451 0.130483 0
    outer loop
      vertex 37.4234 34.9907 0
      vertex 37.4473 35.1723 5
      vertex 37.4473 35.1723 0
    endloop
  endfacet
  facet normal -0.991451 0.130483 0
    outer loop
      vertex 37.4473 35.1723 5
      vertex 37.4234 34.9907 0
      vertex 37.4234 34.9907 5
    endloop
  endfacet
  facet normal 0.675304 -0.737539 0
    outer loop
      vertex 33.8704 36.8403 0
      vertex 34.0055 36.964 5
      vertex 33.8704 36.8403 5
    endloop
  endfacet
  facet normal 0.675304 -0.737539 0
    outer loop
      vertex 34.0055 36.964 5
      vertex 33.8704 36.8403 0
      vertex 34.0055 36.964 0
    endloop
  endfacet
  facet normal -0.675601 0.737267 0
    outer loop
      vertex 19.8697 16.8999 0
      vertex 19.7346 16.7761 5
      vertex 19.8697 16.8999 5
    endloop
  endfacet
  facet normal -0.675601 0.737267 0
    outer loop
      vertex 19.7346 16.7761 5
      vertex 19.8697 16.8999 0
      vertex 19.7346 16.7761 0
    endloop
  endfacet
  facet normal 0.382561 -0.92393 0
    outer loop
      vertex 34.4678 37.2586 0
      vertex 34.6371 37.3287 5
      vertex 34.4678 37.2586 5
    endloop
  endfacet
  facet normal 0.382561 -0.92393 0
    outer loop
      vertex 34.6371 37.3287 5
      vertex 34.4678 37.2586 0
      vertex 34.6371 37.3287 0
    endloop
  endfacet
  facet normal -0.382561 0.92393 0
    outer loop
      vertex 19.2723 16.4815 0
      vertex 19.103 16.4114 5
      vertex 19.2723 16.4815 5
    endloop
  endfacet
  facet normal -0.382561 0.92393 0
    outer loop
      vertex 19.103 16.4114 5
      vertex 19.2723 16.4815 0
      vertex 19.103 16.4114 0
    endloop
  endfacet
  facet normal 0.999046 -0.0436741 0
    outer loop
      vertex 16.2848 18.3848 5
      vertex 16.2928 18.5678 0
      vertex 16.2928 18.5678 5
    endloop
  endfacet
  facet normal 0.999046 -0.0436741 0
    outer loop
      vertex 16.2928 18.5678 0
      vertex 16.2848 18.3848 5
      vertex 16.2848 18.3848 0
    endloop
  endfacet
  facet normal 0.976367 -0.216121 0
    outer loop
      vertex 16.3167 18.7494 5
      vertex 16.3563 18.9283 0
      vertex 16.3563 18.9283 5
    endloop
  endfacet
  facet normal 0.976367 -0.216121 0
    outer loop
      vertex 16.3563 18.9283 0
      vertex 16.3167 18.7494 5
      vertex 16.3167 18.7494 0
    endloop
  endfacet
  facet normal 0.608523 0.793536 -0
    outer loop
      vertex 17.1803 16.6646 0
      vertex 17.0349 16.7761 5
      vertex 17.1803 16.6646 5
    endloop
  endfacet
  facet normal 0.608523 0.793536 0
    outer loop
      vertex 17.0349 16.7761 5
      vertex 17.1803 16.6646 0
      vertex 17.0349 16.7761 0
    endloop
  endfacet
  facet normal -0.999046 0.0436741 0
    outer loop
      vertex 37.4473 35.1723 0
      vertex 37.4553 35.3553 5
      vertex 37.4553 35.3553 0
    endloop
  endfacet
  facet normal -0.999046 0.0436741 0
    outer loop
      vertex 37.4553 35.3553 5
      vertex 37.4473 35.1723 0
      vertex 37.4473 35.1723 5
    endloop
  endfacet
  facet normal -0.675304 -0.737539 0
    outer loop
      vertex 36.7052 36.964 0
      vertex 36.8403 36.8403 5
      vertex 36.7052 36.964 5
    endloop
  endfacet
  facet normal -0.675304 -0.737539 -0
    outer loop
      vertex 36.8403 36.8403 5
      vertex 36.7052 36.964 0
      vertex 36.8403 36.8403 0
    endloop
  endfacet
  facet normal -0.886993 0.461782 0
    outer loop
      vertex 37.174 34.3053 0
      vertex 37.2586 34.4678 5
      vertex 37.2586 34.4678 0
    endloop
  endfacet
  facet normal -0.886993 0.461782 0
    outer loop
      vertex 37.2586 34.4678 5
      vertex 37.174 34.3053 0
      vertex 37.174 34.3053 5
    endloop
  endfacet
  facet normal -0.79307 0.60913 0
    outer loop
      vertex 36.964 34.0055 0
      vertex 37.0756 34.1508 5
      vertex 37.0756 34.1508 0
    endloop
  endfacet
  facet normal -0.79307 0.60913 0
    outer loop
      vertex 37.0756 34.1508 5
      vertex 36.964 34.0055 0
      vertex 36.964 34.0055 5
    endloop
  endfacet
  facet normal 0.95369 -0.300792 0
    outer loop
      vertex 16.3563 18.9283 5
      vertex 16.4114 19.103 0
      vertex 16.4114 19.103 5
    endloop
  endfacet
  facet normal 0.95369 -0.300792 0
    outer loop
      vertex 16.4114 19.103 0
      vertex 16.3563 18.9283 5
      vertex 16.3563 18.9283 0
    endloop
  endfacet
  facet normal 0.60913 -0.79307 0
    outer loop
      vertex 34.0055 36.964 0
      vertex 34.1508 37.0756 5
      vertex 34.0055 36.964 5
    endloop
  endfacet
  facet normal 0.60913 -0.79307 0
    outer loop
      vertex 34.1508 37.0756 5
      vertex 34.0055 36.964 0
      vertex 34.1508 37.0756 0
    endloop
  endfacet
  facet normal -0.843459 -0.537193 0
    outer loop
      vertex 37.174 36.4053 0
      vertex 37.0756 36.5598 5
      vertex 37.0756 36.5598 0
    endloop
  endfacet
  facet normal -0.843459 -0.537193 0
    outer loop
      vertex 37.0756 36.5598 5
      vertex 37.174 36.4053 0
      vertex 37.174 36.4053 5
    endloop
  endfacet
  facet normal -0.991451 -0.130483 0
    outer loop
      vertex 37.4473 35.5384 0
      vertex 37.4234 35.72 5
      vertex 37.4234 35.72 0
    endloop
  endfacet
  facet normal -0.991451 -0.130483 0
    outer loop
      vertex 37.4234 35.72 5
      vertex 37.4473 35.5384 0
      vertex 37.4473 35.5384 5
    endloop
  endfacet
  facet normal 0.843212 0.537582 0
    outer loop
      vertex 16.6646 17.1803 5
      vertex 16.5661 17.3348 0
      vertex 16.5661 17.3348 5
    endloop
  endfacet
  facet normal 0.843212 0.537582 0
    outer loop
      vertex 16.5661 17.3348 0
      vertex 16.6646 17.1803 5
      vertex 16.6646 17.1803 0
    endloop
  endfacet
  facet normal -0.886993 -0.461782 0
    outer loop
      vertex 37.2586 36.2428 0
      vertex 37.174 36.4053 5
      vertex 37.174 36.4053 0
    endloop
  endfacet
  facet normal -0.886993 -0.461782 0
    outer loop
      vertex 37.174 36.4053 5
      vertex 37.2586 36.2428 0
      vertex 37.2586 36.2428 5
    endloop
  endfacet
  facet normal 0.0436741 -0.999046 0
    outer loop
      vertex 35.1723 37.4473 0
      vertex 35.3553 37.4553 5
      vertex 35.1723 37.4473 5
    endloop
  endfacet
  facet normal 0.0436741 -0.999046 0
    outer loop
      vertex 35.3553 37.4553 5
      vertex 35.1723 37.4473 0
      vertex 35.3553 37.4553 0
    endloop
  endfacet
  facet normal 0.793334 -0.608787 0
    outer loop
      vertex 16.6646 19.5893 5
      vertex 16.7761 19.7346 0
      vertex 16.7761 19.7346 5
    endloop
  endfacet
  facet normal 0.793334 -0.608787 0
    outer loop
      vertex 16.7761 19.7346 0
      vertex 16.6646 19.5893 5
      vertex 16.6646 19.5893 0
    endloop
  endfacet
  facet normal 0.843212 -0.537582 0
    outer loop
      vertex 16.5661 19.4348 5
      vertex 16.6646 19.5893 0
      vertex 16.6646 19.5893 5
    endloop
  endfacet
  facet normal 0.843212 -0.537582 0
    outer loop
      vertex 16.6646 19.5893 0
      vertex 16.5661 19.4348 5
      vertex 16.5661 19.4348 0
    endloop
  endfacet
  facet normal -0.92393 0.382561 0
    outer loop
      vertex 37.2586 34.4678 0
      vertex 37.3287 34.6371 5
      vertex 37.3287 34.6371 0
    endloop
  endfacet
  facet normal -0.92393 0.382561 0
    outer loop
      vertex 37.3287 34.6371 5
      vertex 37.2586 34.4678 0
      vertex 37.2586 34.4678 5
    endloop
  endfacet
  facet normal 0.0436503 0.999047 -0
    outer loop
      vertex 18.3848 16.2848 0
      vertex 18.2017 16.2928 5
      vertex 18.3848 16.2848 5
    endloop
  endfacet
  facet normal 0.0436503 0.999047 0
    outer loop
      vertex 18.2017 16.2928 5
      vertex 18.3848 16.2848 0
      vertex 18.2017 16.2928 0
    endloop
  endfacet
  facet normal 0.886993 0.461782 0
    outer loop
      vertex 16.5661 17.3348 5
      vertex 16.4815 17.4973 0
      vertex 16.4815 17.4973 5
    endloop
  endfacet
  facet normal 0.886993 0.461782 0
    outer loop
      vertex 16.4815 17.4973 0
      vertex 16.5661 17.3348 5
      vertex 16.5661 17.3348 0
    endloop
  endfacet
  facet normal 0.999047 0.0436503 0
    outer loop
      vertex 16.2928 18.2017 5
      vertex 16.2848 18.3848 0
      vertex 16.2848 18.3848 5
    endloop
  endfacet
  facet normal 0.999047 0.0436503 0
    outer loop
      vertex 16.2848 18.3848 0
      vertex 16.2928 18.2017 5
      vertex 16.2928 18.2017 0
    endloop
  endfacet
  facet normal -0.0436741 0.999046 0
    outer loop
      vertex 18.5678 16.2928 0
      vertex 18.3848 16.2848 5
      vertex 18.5678 16.2928 5
    endloop
  endfacet
  facet normal -0.0436741 0.999046 0
    outer loop
      vertex 18.3848 16.2848 5
      vertex 18.5678 16.2928 0
      vertex 18.3848 16.2848 0
    endloop
  endfacet
  facet normal 0.300635 0.953739 -0
    outer loop
      vertex 17.8413 16.3563 0
      vertex 17.6665 16.4114 5
      vertex 17.8413 16.3563 5
    endloop
  endfacet
  facet normal 0.300635 0.953739 0
    outer loop
      vertex 17.6665 16.4114 5
      vertex 17.8413 16.3563 0
      vertex 17.6665 16.4114 0
    endloop
  endfacet
  facet normal -0.737539 -0.675304 0
    outer loop
      vertex 36.964 36.7052 0
      vertex 36.8403 36.8403 5
      vertex 36.8403 36.8403 0
    endloop
  endfacet
  facet normal -0.737539 -0.675304 0
    outer loop
      vertex 36.8403 36.8403 5
      vertex 36.964 36.7052 0
      vertex 36.964 36.7052 5
    endloop
  endfacet
  facet normal 0.300792 -0.95369 0
    outer loop
      vertex 34.6371 37.3287 0
      vertex 34.8118 37.3838 5
      vertex 34.6371 37.3287 5
    endloop
  endfacet
  facet normal 0.300792 -0.95369 0
    outer loop
      vertex 34.8118 37.3838 5
      vertex 34.6371 37.3287 0
      vertex 34.8118 37.3838 0
    endloop
  endfacet
  facet normal -0.92385 -0.382754 0
    outer loop
      vertex 37.3287 36.0736 0
      vertex 37.2586 36.2428 5
      vertex 37.2586 36.2428 0
    endloop
  endfacet
  facet normal -0.92385 -0.382754 0
    outer loop
      vertex 37.2586 36.2428 5
      vertex 37.3287 36.0736 0
      vertex 37.3287 36.0736 5
    endloop
  endfacet
  facet normal 0.461782 0.886993 -0
    outer loop
      vertex 17.4973 16.4815 0
      vertex 17.3348 16.5661 5
      vertex 17.4973 16.4815 5
    endloop
  endfacet
  facet normal 0.461782 0.886993 0
    outer loop
      vertex 17.3348 16.5661 5
      vertex 17.4973 16.4815 0
      vertex 17.3348 16.5661 0
    endloop
  endfacet
  facet normal 0.537193 -0.843459 0
    outer loop
      vertex 34.1508 37.0756 0
      vertex 34.3053 37.174 5
      vertex 34.1508 37.0756 5
    endloop
  endfacet
  facet normal 0.537193 -0.843459 0
    outer loop
      vertex 34.3053 37.174 5
      vertex 34.1508 37.0756 0
      vertex 34.3053 37.174 0
    endloop
  endfacet
  facet normal 0.92393 -0.382561 0
    outer loop
      vertex 16.4114 19.103 5
      vertex 16.4815 19.2723 0
      vertex 16.4815 19.2723 5
    endloop
  endfacet
  facet normal 0.92393 -0.382561 0
    outer loop
      vertex 16.4815 19.2723 0
      vertex 16.4114 19.103 5
      vertex 16.4114 19.103 0
    endloop
  endfacet
  facet normal 0.976341 0.216237 0
    outer loop
      vertex 16.3563 17.8413 5
      vertex 16.3167 18.0201 0
      vertex 16.3167 18.0201 5
    endloop
  endfacet
  facet normal 0.976341 0.216237 0
    outer loop
      vertex 16.3167 18.0201 0
      vertex 16.3563 17.8413 5
      vertex 16.3563 17.8413 0
    endloop
  endfacet
  facet normal 0.991451 -0.130483 0
    outer loop
      vertex 16.2928 18.5678 5
      vertex 16.3167 18.7494 0
      vertex 16.3167 18.7494 5
    endloop
  endfacet
  facet normal 0.991451 -0.130483 0
    outer loop
      vertex 16.3167 18.7494 0
      vertex 16.2928 18.5678 5
      vertex 16.2928 18.5678 0
    endloop
  endfacet
  facet normal 0.953739 0.300635 0
    outer loop
      vertex 16.4114 17.6665 5
      vertex 16.3563 17.8413 0
      vertex 16.3563 17.8413 5
    endloop
  endfacet
  facet normal 0.953739 0.300635 0
    outer loop
      vertex 16.3563 17.8413 0
      vertex 16.4114 17.6665 5
      vertex 16.4114 17.6665 0
    endloop
  endfacet
  facet normal 0.537582 0.843212 -0
    outer loop
      vertex 17.3348 16.5661 0
      vertex 17.1803 16.6646 5
      vertex 17.3348 16.5661 5
    endloop
  endfacet
  facet normal 0.537582 0.843212 0
    outer loop
      vertex 17.1803 16.6646 5
      vertex 17.3348 16.5661 0
      vertex 17.1803 16.6646 0
    endloop
  endfacet
  facet normal 0.92385 0.382754 0
    outer loop
      vertex 16.4815 17.4973 5
      vertex 16.4114 17.6665 0
      vertex 16.4114 17.6665 5
    endloop
  endfacet
  facet normal 0.92385 0.382754 0
    outer loop
      vertex 16.4114 17.6665 0
      vertex 16.4815 17.4973 5
      vertex 16.4815 17.4973 0
    endloop
  endfacet
  facet normal -0.886993 -0.461782 0
    outer loop
      vertex -16.4815 19.2723 0
      vertex -16.5661 19.4348 5
      vertex -16.5661 19.4348 0
    endloop
  endfacet
  facet normal -0.886993 -0.461782 0
    outer loop
      vertex -16.5661 19.4348 5
      vertex -16.4815 19.2723 0
      vertex -16.4815 19.2723 5
    endloop
  endfacet
  facet normal 0.976367 -0.216121 0
    outer loop
      vertex -37.4234 35.72 5
      vertex -37.3838 35.8989 0
      vertex -37.3838 35.8989 5
    endloop
  endfacet
  facet normal 0.976367 -0.216121 0
    outer loop
      vertex -37.3838 35.8989 0
      vertex -37.4234 35.72 5
      vertex -37.4234 35.72 0
    endloop
  endfacet
  facet normal 0.976367 0.216121 0
    outer loop
      vertex -37.3838 34.8118 5
      vertex -37.4234 34.9907 0
      vertex -37.4234 34.9907 5
    endloop
  endfacet
  facet normal 0.976367 0.216121 0
    outer loop
      vertex -37.4234 34.9907 0
      vertex -37.3838 34.8118 5
      vertex -37.3838 34.8118 0
    endloop
  endfacet
  facet normal 0.216121 -0.976367 0
    outer loop
      vertex -35.8989 37.3838 0
      vertex -35.72 37.4234 5
      vertex -35.8989 37.3838 5
    endloop
  endfacet
  facet normal 0.216121 -0.976367 0
    outer loop
      vertex -35.72 37.4234 5
      vertex -35.8989 37.3838 0
      vertex -35.72 37.4234 0
    endloop
  endfacet
  facet normal -0.92385 0.382754 0
    outer loop
      vertex -16.4815 17.4973 0
      vertex -16.4114 17.6665 5
      vertex -16.4114 17.6665 0
    endloop
  endfacet
  facet normal -0.92385 0.382754 0
    outer loop
      vertex -16.4114 17.6665 5
      vertex -16.4815 17.4973 0
      vertex -16.4815 17.4973 5
    endloop
  endfacet
  facet normal -0.737018 0.675873 0
    outer loop
      vertex -16.8999 16.8999 0
      vertex -16.7761 17.0349 5
      vertex -16.7761 17.0349 0
    endloop
  endfacet
  facet normal -0.737018 0.675873 0
    outer loop
      vertex -16.7761 17.0349 5
      vertex -16.8999 16.8999 0
      vertex -16.8999 16.8999 5
    endloop
  endfacet
  facet normal -0.537193 -0.843459 0
    outer loop
      vertex -34.3053 37.174 0
      vertex -34.1508 37.0756 5
      vertex -34.3053 37.174 5
    endloop
  endfacet
  facet normal -0.537193 -0.843459 -0
    outer loop
      vertex -34.1508 37.0756 5
      vertex -34.3053 37.174 0
      vertex -34.1508 37.0756 0
    endloop
  endfacet
  facet normal 0.793273 -0.608867 0
    outer loop
      vertex -37.0756 36.5598 5
      vertex -36.964 36.7052 0
      vertex -36.964 36.7052 5
    endloop
  endfacet
  facet normal 0.793273 -0.608867 0
    outer loop
      vertex -36.964 36.7052 0
      vertex -37.0756 36.5598 5
      vertex -37.0756 36.5598 0
    endloop
  endfacet
  facet normal 0.79307 0.60913 0
    outer loop
      vertex -36.964 34.0055 5
      vertex -37.0756 34.1508 0
      vertex -37.0756 34.1508 5
    endloop
  endfacet
  facet normal 0.79307 0.60913 0
    outer loop
      vertex -37.0756 34.1508 0
      vertex -36.964 34.0055 5
      vertex -36.964 34.0055 0
    endloop
  endfacet
  facet normal 0.843459 -0.537193 0
    outer loop
      vertex -37.174 36.4053 5
      vertex -37.0756 36.5598 0
      vertex -37.0756 36.5598 5
    endloop
  endfacet
  facet normal 0.843459 -0.537193 0
    outer loop
      vertex -37.0756 36.5598 0
      vertex -37.174 36.4053 5
      vertex -37.174 36.4053 0
    endloop
  endfacet
  facet normal 0.886993 -0.461782 0
    outer loop
      vertex -37.2586 36.2428 5
      vertex -37.174 36.4053 0
      vertex -37.174 36.4053 5
    endloop
  endfacet
  facet normal 0.886993 -0.461782 0
    outer loop
      vertex -37.174 36.4053 0
      vertex -37.2586 36.2428 5
      vertex -37.2586 36.2428 0
    endloop
  endfacet
  facet normal 0.0436503 -0.999047 0
    outer loop
      vertex -35.5384 37.4473 0
      vertex -35.3553 37.4553 5
      vertex -35.5384 37.4473 5
    endloop
  endfacet
  facet normal 0.0436503 -0.999047 0
    outer loop
      vertex -35.3553 37.4553 5
      vertex -35.5384 37.4473 0
      vertex -35.3553 37.4553 0
    endloop
  endfacet
  facet normal 0.675601 0.737267 -0
    outer loop
      vertex -19.7346 16.7761 0
      vertex -19.8697 16.8999 5
      vertex -19.7346 16.7761 5
    endloop
  endfacet
  facet normal 0.675601 0.737267 0
    outer loop
      vertex -19.8697 16.8999 5
      vertex -19.7346 16.7761 0
      vertex -19.8697 16.8999 0
    endloop
  endfacet
  facet normal 0.92385 -0.382754 0
    outer loop
      vertex -37.3287 36.0736 5
      vertex -37.2586 36.2428 0
      vertex -37.2586 36.2428 5
    endloop
  endfacet
  facet normal 0.92385 -0.382754 0
    outer loop
      vertex -37.2586 36.2428 0
      vertex -37.3287 36.0736 5
      vertex -37.3287 36.0736 0
    endloop
  endfacet
  facet normal -0.707109 -0.707105 0
    outer loop
      vertex -16.8999 19.8697 0
      vertex -33.8704 36.8403 5
      vertex -33.8704 36.8403 0
    endloop
  endfacet
  facet normal -0.707109 -0.707105 0
    outer loop
      vertex -33.8704 36.8403 5
      vertex -16.8999 19.8697 0
      vertex -16.8999 19.8697 5
    endloop
  endfacet
  facet normal 0.608867 -0.793273 0
    outer loop
      vertex -36.7052 36.964 0
      vertex -36.5598 37.0756 5
      vertex -36.7052 36.964 5
    endloop
  endfacet
  facet normal 0.608867 -0.793273 0
    outer loop
      vertex -36.5598 37.0756 5
      vertex -36.7052 36.964 0
      vertex -36.5598 37.0756 0
    endloop
  endfacet
  facet normal -0.608523 0.793536 0
    outer loop
      vertex -17.0349 16.7761 0
      vertex -17.1803 16.6646 5
      vertex -17.0349 16.7761 5
    endloop
  endfacet
  facet normal -0.608523 0.793536 0
    outer loop
      vertex -17.1803 16.6646 5
      vertex -17.0349 16.7761 0
      vertex -17.1803 16.6646 0
    endloop
  endfacet
  facet normal -0.130483 0.991451 0
    outer loop
      vertex -18.0201 16.3167 0
      vertex -18.2017 16.2928 5
      vertex -18.0201 16.3167 5
    endloop
  endfacet
  facet normal -0.130483 0.991451 0
    outer loop
      vertex -18.2017 16.2928 5
      vertex -18.0201 16.3167 0
      vertex -18.2017 16.2928 0
    endloop
  endfacet
  facet normal 0.999047 -0.0436503 0
    outer loop
      vertex -37.4553 35.3553 5
      vertex -37.4473 35.5384 0
      vertex -37.4473 35.5384 5
    endloop
  endfacet
  facet normal 0.999047 -0.0436503 0
    outer loop
      vertex -37.4473 35.5384 0
      vertex -37.4553 35.3553 5
      vertex -37.4553 35.3553 0
    endloop
  endfacet
  facet normal -0.991451 -0.130483 0
    outer loop
      vertex -16.2928 18.5678 0
      vertex -16.3167 18.7494 5
      vertex -16.3167 18.7494 0
    endloop
  endfacet
  facet normal -0.991451 -0.130483 0
    outer loop
      vertex -16.3167 18.7494 5
      vertex -16.2928 18.5678 0
      vertex -16.2928 18.5678 5
    endloop
  endfacet
  facet normal 0.461782 0.886993 -0
    outer loop
      vertex -19.2723 16.4815 0
      vertex -19.4348 16.5661 5
      vertex -19.2723 16.4815 5
    endloop
  endfacet
  facet normal 0.461782 0.886993 0
    outer loop
      vertex -19.4348 16.5661 5
      vertex -19.2723 16.4815 0
      vertex -19.4348 16.5661 0
    endloop
  endfacet
  facet normal -0.793334 -0.608787 0
    outer loop
      vertex -16.6646 19.5893 0
      vertex -16.7761 19.7346 5
      vertex -16.7761 19.7346 0
    endloop
  endfacet
  facet normal -0.793334 -0.608787 0
    outer loop
      vertex -16.7761 19.7346 5
      vertex -16.6646 19.5893 0
      vertex -16.6646 19.5893 5
    endloop
  endfacet
  facet normal 0.886993 0.461782 0
    outer loop
      vertex -37.174 34.3053 5
      vertex -37.2586 34.4678 0
      vertex -37.2586 34.4678 5
    endloop
  endfacet
  facet normal 0.886993 0.461782 0
    outer loop
      vertex -37.2586 34.4678 0
      vertex -37.174 34.3053 5
      vertex -37.174 34.3053 0
    endloop
  endfacet
  facet normal 0.707105 0.707109 0
    outer loop
      vertex -19.8697 16.8999 5
      vertex -36.8403 33.8704 0
      vertex -36.8403 33.8704 5
    endloop
  endfacet
  facet normal 0.707105 0.707109 0
    outer loop
      vertex -36.8403 33.8704 0
      vertex -19.8697 16.8999 5
      vertex -19.8697 16.8999 0
    endloop
  endfacet
  facet normal 0.95369 -0.300792 0
    outer loop
      vertex -37.3838 35.8989 5
      vertex -37.3287 36.0736 0
      vertex -37.3287 36.0736 5
    endloop
  endfacet
  facet normal 0.95369 -0.300792 0
    outer loop
      vertex -37.3287 36.0736 0
      vertex -37.3838 35.8989 5
      vertex -37.3838 35.8989 0
    endloop
  endfacet
  facet normal -0.991451 0.130483 0
    outer loop
      vertex -16.3167 18.0201 0
      vertex -16.2928 18.2017 5
      vertex -16.2928 18.2017 0
    endloop
  endfacet
  facet normal -0.991451 0.130483 0
    outer loop
      vertex -16.2928 18.2017 5
      vertex -16.3167 18.0201 0
      vertex -16.3167 18.0201 5
    endloop
  endfacet
  facet normal -0.976341 0.216237 0
    outer loop
      vertex -16.3563 17.8413 0
      vertex -16.3167 18.0201 5
      vertex -16.3167 18.0201 0
    endloop
  endfacet
  facet normal -0.976341 0.216237 0
    outer loop
      vertex -16.3167 18.0201 5
      vertex -16.3563 17.8413 0
      vertex -16.3563 17.8413 5
    endloop
  endfacet
  facet normal -0.675304 -0.737539 0
    outer loop
      vertex -34.0055 36.964 0
      vertex -33.8704 36.8403 5
      vertex -34.0055 36.964 5
    endloop
  endfacet
  facet normal -0.675304 -0.737539 -0
    outer loop
      vertex -33.8704 36.8403 5
      vertex -34.0055 36.964 0
      vertex -33.8704 36.8403 0
    endloop
  endfacet
  facet normal -0.461782 -0.886993 0
    outer loop
      vertex -34.4678 37.2586 0
      vertex -34.3053 37.174 5
      vertex -34.4678 37.2586 5
    endloop
  endfacet
  facet normal -0.461782 -0.886993 -0
    outer loop
      vertex -34.3053 37.174 5
      vertex -34.4678 37.2586 0
      vertex -34.3053 37.174 0
    endloop
  endfacet
  facet normal 0.300792 -0.95369 0
    outer loop
      vertex -36.0736 37.3287 0
      vertex -35.8989 37.3838 5
      vertex -36.0736 37.3287 5
    endloop
  endfacet
  facet normal 0.300792 -0.95369 0
    outer loop
      vertex -35.8989 37.3838 5
      vertex -36.0736 37.3287 0
      vertex -35.8989 37.3838 0
    endloop
  endfacet
  facet normal -0.675873 0.737018 0
    outer loop
      vertex -16.8999 16.8999 0
      vertex -17.0349 16.7761 5
      vertex -16.8999 16.8999 5
    endloop
  endfacet
  facet normal -0.675873 0.737018 0
    outer loop
      vertex -17.0349 16.7761 5
      vertex -16.8999 16.8999 0
      vertex -17.0349 16.7761 0
    endloop
  endfacet
  facet normal -0.843212 -0.537582 0
    outer loop
      vertex -16.5661 19.4348 0
      vertex -16.6646 19.5893 5
      vertex -16.6646 19.5893 0
    endloop
  endfacet
  facet normal -0.843212 -0.537582 0
    outer loop
      vertex -16.6646 19.5893 5
      vertex -16.5661 19.4348 0
      vertex -16.5661 19.4348 5
    endloop
  endfacet
  facet normal 0.382754 -0.92385 0
    outer loop
      vertex -36.2428 37.2586 0
      vertex -36.0736 37.3287 5
      vertex -36.2428 37.2586 5
    endloop
  endfacet
  facet normal 0.382754 -0.92385 0
    outer loop
      vertex -36.0736 37.3287 5
      vertex -36.2428 37.2586 0
      vertex -36.0736 37.3287 0
    endloop
  endfacet
  facet normal -0.95369 -0.300792 0
    outer loop
      vertex -16.3563 18.9283 0
      vertex -16.4114 19.103 5
      vertex -16.4114 19.103 0
    endloop
  endfacet
  facet normal -0.95369 -0.300792 0
    outer loop
      vertex -16.4114 19.103 5
      vertex -16.3563 18.9283 0
      vertex -16.3563 18.9283 5
    endloop
  endfacet
  facet normal -0.216121 -0.976367 0
    outer loop
      vertex -34.9907 37.4234 0
      vertex -34.8118 37.3838 5
      vertex -34.9907 37.4234 5
    endloop
  endfacet
  facet normal -0.216121 -0.976367 -0
    outer loop
      vertex -34.8118 37.3838 5
      vertex -34.9907 37.4234 0
      vertex -34.8118 37.3838 0
    endloop
  endfacet
  facet normal -0.130483 -0.991451 0
    outer loop
      vertex -35.1723 37.4473 0
      vertex -34.9907 37.4234 5
      vertex -35.1723 37.4473 5
    endloop
  endfacet
  facet normal -0.130483 -0.991451 -0
    outer loop
      vertex -34.9907 37.4234 5
      vertex -35.1723 37.4473 0
      vertex -34.9907 37.4234 0
    endloop
  endfacet
  facet normal -0.976367 -0.216121 0
    outer loop
      vertex -16.3167 18.7494 0
      vertex -16.3563 18.9283 5
      vertex -16.3563 18.9283 0
    endloop
  endfacet
  facet normal -0.976367 -0.216121 0
    outer loop
      vertex -16.3563 18.9283 5
      vertex -16.3167 18.7494 0
      vertex -16.3167 18.7494 5
    endloop
  endfacet
  facet normal -0.737267 -0.675601 0
    outer loop
      vertex -16.7761 19.7346 0
      vertex -16.8999 19.8697 5
      vertex -16.8999 19.8697 0
    endloop
  endfacet
  facet normal -0.737267 -0.675601 0
    outer loop
      vertex -16.8999 19.8697 5
      vertex -16.7761 19.7346 0
      vertex -16.7761 19.7346 5
    endloop
  endfacet
  facet normal -0.300792 -0.95369 0
    outer loop
      vertex -34.8118 37.3838 0
      vertex -34.6371 37.3287 5
      vertex -34.8118 37.3838 5
    endloop
  endfacet
  facet normal -0.300792 -0.95369 -0
    outer loop
      vertex -34.6371 37.3287 5
      vertex -34.8118 37.3838 0
      vertex -34.6371 37.3287 0
    endloop
  endfacet
  facet normal 0.737539 0.675304 0
    outer loop
      vertex -36.8403 33.8704 5
      vertex -36.964 34.0055 0
      vertex -36.964 34.0055 5
    endloop
  endfacet
  facet normal 0.737539 0.675304 0
    outer loop
      vertex -36.964 34.0055 0
      vertex -36.8403 33.8704 5
      vertex -36.8403 33.8704 0
    endloop
  endfacet
  facet normal 0.92393 0.382561 0
    outer loop
      vertex -37.2586 34.4678 5
      vertex -37.3287 34.6371 0
      vertex -37.3287 34.6371 5
    endloop
  endfacet
  facet normal 0.92393 0.382561 0
    outer loop
      vertex -37.3287 34.6371 0
      vertex -37.2586 34.4678 5
      vertex -37.2586 34.4678 0
    endloop
  endfacet
  facet normal -0.92393 -0.382561 0
    outer loop
      vertex -16.4114 19.103 0
      vertex -16.4815 19.2723 5
      vertex -16.4815 19.2723 0
    endloop
  endfacet
  facet normal -0.92393 -0.382561 0
    outer loop
      vertex -16.4815 19.2723 5
      vertex -16.4114 19.103 0
      vertex -16.4114 19.103 5
    endloop
  endfacet
  facet normal -0.0436741 -0.999046 0
    outer loop
      vertex -35.3553 37.4553 0
      vertex -35.1723 37.4473 5
      vertex -35.3553 37.4553 5
    endloop
  endfacet
  facet normal -0.0436741 -0.999046 -0
    outer loop
      vertex -35.1723 37.4473 5
      vertex -35.3553 37.4553 0
      vertex -35.1723 37.4473 0
    endloop
  endfacet
  facet normal 0.0436741 0.999046 -0
    outer loop
      vertex -18.3848 16.2848 0
      vertex -18.5678 16.2928 5
      vertex -18.3848 16.2848 5
    endloop
  endfacet
  facet normal 0.0436741 0.999046 0
    outer loop
      vertex -18.5678 16.2928 5
      vertex -18.3848 16.2848 0
      vertex -18.5678 16.2928 0
    endloop
  endfacet
  facet normal -0.793536 0.608523 0
    outer loop
      vertex -16.7761 17.0349 0
      vertex -16.6646 17.1803 5
      vertex -16.6646 17.1803 0
    endloop
  endfacet
  facet normal -0.793536 0.608523 0
    outer loop
      vertex -16.6646 17.1803 5
      vertex -16.7761 17.0349 0
      vertex -16.7761 17.0349 5
    endloop
  endfacet
  facet normal -0.60913 -0.79307 0
    outer loop
      vertex -34.1508 37.0756 0
      vertex -34.0055 36.964 5
      vertex -34.1508 37.0756 5
    endloop
  endfacet
  facet normal -0.60913 -0.79307 -0
    outer loop
      vertex -34.0055 36.964 5
      vertex -34.1508 37.0756 0
      vertex -34.0055 36.964 0
    endloop
  endfacet
  facet normal 0.300792 0.95369 -0
    outer loop
      vertex -18.9283 16.3563 0
      vertex -19.103 16.4114 5
      vertex -18.9283 16.3563 5
    endloop
  endfacet
  facet normal 0.300792 0.95369 0
    outer loop
      vertex -19.103 16.4114 5
      vertex -18.9283 16.3563 0
      vertex -19.103 16.4114 0
    endloop
  endfacet
  facet normal 0.216121 0.976367 -0
    outer loop
      vertex -18.7494 16.3167 0
      vertex -18.9283 16.3563 5
      vertex -18.7494 16.3167 5
    endloop
  endfacet
  facet normal 0.216121 0.976367 0
    outer loop
      vertex -18.9283 16.3563 5
      vertex -18.7494 16.3167 0
      vertex -18.9283 16.3563 0
    endloop
  endfacet
  facet normal 0.537193 -0.843459 0
    outer loop
      vertex -36.5598 37.0756 0
      vertex -36.4053 37.174 5
      vertex -36.5598 37.0756 5
    endloop
  endfacet
  facet normal 0.537193 -0.843459 0
    outer loop
      vertex -36.4053 37.174 5
      vertex -36.5598 37.0756 0
      vertex -36.4053 37.174 0
    endloop
  endfacet
  facet normal 0.130483 -0.991451 0
    outer loop
      vertex -35.72 37.4234 0
      vertex -35.5384 37.4473 5
      vertex -35.72 37.4234 5
    endloop
  endfacet
  facet normal 0.130483 -0.991451 0
    outer loop
      vertex -35.5384 37.4473 5
      vertex -35.72 37.4234 0
      vertex -35.5384 37.4473 0
    endloop
  endfacet
  facet normal -0.537582 0.843212 0
    outer loop
      vertex -17.1803 16.6646 0
      vertex -17.3348 16.5661 5
      vertex -17.1803 16.6646 5
    endloop
  endfacet
  facet normal -0.537582 0.843212 0
    outer loop
      vertex -17.3348 16.5661 5
      vertex -17.1803 16.6646 0
      vertex -17.3348 16.5661 0
    endloop
  endfacet
  facet normal 0.461782 -0.886993 0
    outer loop
      vertex -36.4053 37.174 0
      vertex -36.2428 37.2586 5
      vertex -36.4053 37.174 5
    endloop
  endfacet
  facet normal 0.461782 -0.886993 0
    outer loop
      vertex -36.2428 37.2586 5
      vertex -36.4053 37.174 0
      vertex -36.2428 37.2586 0
    endloop
  endfacet
  facet normal 0.999046 0.0436741 0
    outer loop
      vertex -37.4473 35.1723 5
      vertex -37.4553 35.3553 0
      vertex -37.4553 35.3553 5
    endloop
  endfacet
  facet normal 0.999046 0.0436741 0
    outer loop
      vertex -37.4553 35.3553 0
      vertex -37.4473 35.1723 5
      vertex -37.4473 35.1723 0
    endloop
  endfacet
  facet normal 0.608787 0.793334 -0
    outer loop
      vertex -19.5893 16.6646 0
      vertex -19.7346 16.7761 5
      vertex -19.5893 16.6646 5
    endloop
  endfacet
  facet normal 0.608787 0.793334 0
    outer loop
      vertex -19.7346 16.7761 5
      vertex -19.5893 16.6646 0
      vertex -19.7346 16.7761 0
    endloop
  endfacet
  facet normal 0.537582 0.843212 -0
    outer loop
      vertex -19.4348 16.5661 0
      vertex -19.5893 16.6646 5
      vertex -19.4348 16.5661 5
    endloop
  endfacet
  facet normal 0.537582 0.843212 0
    outer loop
      vertex -19.5893 16.6646 5
      vertex -19.4348 16.5661 0
      vertex -19.5893 16.6646 0
    endloop
  endfacet
  facet normal -0.382561 -0.92393 0
    outer loop
      vertex -34.6371 37.3287 0
      vertex -34.4678 37.2586 5
      vertex -34.6371 37.3287 5
    endloop
  endfacet
  facet normal -0.382561 -0.92393 -0
    outer loop
      vertex -34.4678 37.2586 5
      vertex -34.6371 37.3287 0
      vertex -34.4678 37.2586 0
    endloop
  endfacet
  facet normal 0.991451 -0.130483 0
    outer loop
      vertex -37.4473 35.5384 5
      vertex -37.4234 35.72 0
      vertex -37.4234 35.72 5
    endloop
  endfacet
  facet normal 0.991451 -0.130483 0
    outer loop
      vertex -37.4234 35.72 0
      vertex -37.4473 35.5384 5
      vertex -37.4473 35.5384 0
    endloop
  endfacet
  facet normal -0.999047 0.0436503 0
    outer loop
      vertex -16.2928 18.2017 0
      vertex -16.2848 18.3848 5
      vertex -16.2848 18.3848 0
    endloop
  endfacet
  facet normal -0.999047 0.0436503 0
    outer loop
      vertex -16.2848 18.3848 5
      vertex -16.2928 18.2017 0
      vertex -16.2928 18.2017 5
    endloop
  endfacet
  facet normal -0.461782 0.886993 0
    outer loop
      vertex -17.3348 16.5661 0
      vertex -17.4973 16.4815 5
      vertex -17.3348 16.5661 5
    endloop
  endfacet
  facet normal -0.461782 0.886993 0
    outer loop
      vertex -17.4973 16.4815 5
      vertex -17.3348 16.5661 0
      vertex -17.4973 16.4815 0
    endloop
  endfacet
  facet normal -0.0436503 0.999047 0
    outer loop
      vertex -18.2017 16.2928 0
      vertex -18.3848 16.2848 5
      vertex -18.2017 16.2928 5
    endloop
  endfacet
  facet normal -0.0436503 0.999047 0
    outer loop
      vertex -18.3848 16.2848 5
      vertex -18.2017 16.2928 0
      vertex -18.3848 16.2848 0
    endloop
  endfacet
  facet normal -0.999046 -0.0436741 0
    outer loop
      vertex -16.2848 18.3848 0
      vertex -16.2928 18.5678 5
      vertex -16.2928 18.5678 0
    endloop
  endfacet
  facet normal -0.999046 -0.0436741 0
    outer loop
      vertex -16.2928 18.5678 5
      vertex -16.2848 18.3848 0
      vertex -16.2848 18.3848 5
    endloop
  endfacet
  facet normal -0.953739 0.300635 0
    outer loop
      vertex -16.4114 17.6665 0
      vertex -16.3563 17.8413 5
      vertex -16.3563 17.8413 0
    endloop
  endfacet
  facet normal -0.953739 0.300635 0
    outer loop
      vertex -16.3563 17.8413 5
      vertex -16.4114 17.6665 0
      vertex -16.4114 17.6665 5
    endloop
  endfacet
  facet normal 0.991451 0.130483 0
    outer loop
      vertex -37.4234 34.9907 5
      vertex -37.4473 35.1723 0
      vertex -37.4473 35.1723 5
    endloop
  endfacet
  facet normal 0.991451 0.130483 0
    outer loop
      vertex -37.4473 35.1723 0
      vertex -37.4234 34.9907 5
      vertex -37.4234 34.9907 0
    endloop
  endfacet
  facet normal 0.675304 -0.737539 0
    outer loop
      vertex -36.8403 36.8403 0
      vertex -36.7052 36.964 5
      vertex -36.8403 36.8403 5
    endloop
  endfacet
  facet normal 0.675304 -0.737539 0
    outer loop
      vertex -36.7052 36.964 5
      vertex -36.8403 36.8403 0
      vertex -36.7052 36.964 0
    endloop
  endfacet
  facet normal 0.737539 -0.675304 0
    outer loop
      vertex -36.964 36.7052 5
      vertex -36.8403 36.8403 0
      vertex -36.8403 36.8403 5
    endloop
  endfacet
  facet normal 0.737539 -0.675304 0
    outer loop
      vertex -36.8403 36.8403 0
      vertex -36.964 36.7052 5
      vertex -36.964 36.7052 0
    endloop
  endfacet
  facet normal 0.95369 0.300792 0
    outer loop
      vertex -37.3287 34.6371 5
      vertex -37.3838 34.8118 0
      vertex -37.3838 34.8118 5
    endloop
  endfacet
  facet normal 0.95369 0.300792 0
    outer loop
      vertex -37.3838 34.8118 0
      vertex -37.3287 34.6371 5
      vertex -37.3287 34.6371 0
    endloop
  endfacet
  facet normal -0.886993 0.461782 0
    outer loop
      vertex -16.5661 17.3348 0
      vertex -16.4815 17.4973 5
      vertex -16.4815 17.4973 0
    endloop
  endfacet
  facet normal -0.886993 0.461782 0
    outer loop
      vertex -16.4815 17.4973 5
      vertex -16.5661 17.3348 0
      vertex -16.5661 17.3348 5
    endloop
  endfacet
  facet normal 0.843459 0.537193 0
    outer loop
      vertex -37.0756 34.1508 5
      vertex -37.174 34.3053 0
      vertex -37.174 34.3053 5
    endloop
  endfacet
  facet normal 0.843459 0.537193 0
    outer loop
      vertex -37.174 34.3053 0
      vertex -37.0756 34.1508 5
      vertex -37.0756 34.1508 0
    endloop
  endfacet
  facet normal 0.382561 0.92393 -0
    outer loop
      vertex -19.103 16.4114 0
      vertex -19.2723 16.4815 5
      vertex -19.103 16.4114 5
    endloop
  endfacet
  facet normal 0.382561 0.92393 0
    outer loop
      vertex -19.2723 16.4815 5
      vertex -19.103 16.4114 0
      vertex -19.2723 16.4815 0
    endloop
  endfacet
  facet normal -0.216237 0.976341 0
    outer loop
      vertex -17.8413 16.3563 0
      vertex -18.0201 16.3167 5
      vertex -17.8413 16.3563 5
    endloop
  endfacet
  facet normal -0.216237 0.976341 0
    outer loop
      vertex -18.0201 16.3167 5
      vertex -17.8413 16.3563 0
      vertex -18.0201 16.3167 0
    endloop
  endfacet
  facet normal 0.130483 0.991451 -0
    outer loop
      vertex -18.5678 16.2928 0
      vertex -18.7494 16.3167 5
      vertex -18.5678 16.2928 5
    endloop
  endfacet
  facet normal 0.130483 0.991451 0
    outer loop
      vertex -18.7494 16.3167 5
      vertex -18.5678 16.2928 0
      vertex -18.7494 16.3167 0
    endloop
  endfacet
  facet normal -0.300635 0.953739 0
    outer loop
      vertex -17.6665 16.4114 0
      vertex -17.8413 16.3563 5
      vertex -17.6665 16.4114 5
    endloop
  endfacet
  facet normal -0.300635 0.953739 0
    outer loop
      vertex -17.8413 16.3563 5
      vertex -17.6665 16.4114 0
      vertex -17.8413 16.3563 0
    endloop
  endfacet
  facet normal -0.843212 0.537582 0
    outer loop
      vertex -16.6646 17.1803 0
      vertex -16.5661 17.3348 5
      vertex -16.5661 17.3348 0
    endloop
  endfacet
  facet normal -0.843212 0.537582 0
    outer loop
      vertex -16.5661 17.3348 5
      vertex -16.6646 17.1803 0
      vertex -16.6646 17.1803 5
    endloop
  endfacet
  facet normal -0.382754 0.92385 0
    outer loop
      vertex -17.4973 16.4815 0
      vertex -17.6665 16.4114 5
      vertex -17.4973 16.4815 5
    endloop
  endfacet
  facet normal -0.382754 0.92385 0
    outer loop
      vertex -17.6665 16.4114 5
      vertex -17.4973 16.4815 0
      vertex -17.6665 16.4114 0
    endloop
  endfacet
  facet normal 0.300792 0.95369 -0
    outer loop
      vertex -35.8989 -37.3838 0
      vertex -36.0736 -37.3287 5
      vertex -35.8989 -37.3838 5
    endloop
  endfacet
  facet normal 0.300792 0.95369 0
    outer loop
      vertex -36.0736 -37.3287 5
      vertex -35.8989 -37.3838 0
      vertex -36.0736 -37.3287 0
    endloop
  endfacet
  facet normal -0.999046 0.0436741 0
    outer loop
      vertex -16.2928 -18.5678 0
      vertex -16.2848 -18.3848 5
      vertex -16.2848 -18.3848 0
    endloop
  endfacet
  facet normal -0.999046 0.0436741 0
    outer loop
      vertex -16.2848 -18.3848 5
      vertex -16.2928 -18.5678 0
      vertex -16.2928 -18.5678 5
    endloop
  endfacet
  facet normal 0.999047 0.0436503 0
    outer loop
      vertex -37.4473 -35.5384 5
      vertex -37.4553 -35.3553 0
      vertex -37.4553 -35.3553 5
    endloop
  endfacet
  facet normal 0.999047 0.0436503 0
    outer loop
      vertex -37.4553 -35.3553 0
      vertex -37.4473 -35.5384 5
      vertex -37.4473 -35.5384 0
    endloop
  endfacet
  facet normal -0.991451 -0.130483 0
    outer loop
      vertex -16.2928 -18.2017 0
      vertex -16.3167 -18.0201 5
      vertex -16.3167 -18.0201 0
    endloop
  endfacet
  facet normal -0.991451 -0.130483 0
    outer loop
      vertex -16.3167 -18.0201 5
      vertex -16.2928 -18.2017 0
      vertex -16.2928 -18.2017 5
    endloop
  endfacet
  facet normal -0.737267 0.675601 0
    outer loop
      vertex -16.8999 -19.8697 0
      vertex -16.7761 -19.7346 5
      vertex -16.7761 -19.7346 0
    endloop
  endfacet
  facet normal -0.737267 0.675601 0
    outer loop
      vertex -16.7761 -19.7346 5
      vertex -16.8999 -19.8697 0
      vertex -16.8999 -19.8697 5
    endloop
  endfacet
  facet normal -0.737018 -0.675873 0
    outer loop
      vertex -16.7761 -17.0349 0
      vertex -16.8999 -16.8999 5
      vertex -16.8999 -16.8999 0
    endloop
  endfacet
  facet normal -0.737018 -0.675873 0
    outer loop
      vertex -16.8999 -16.8999 5
      vertex -16.7761 -17.0349 0
      vertex -16.7761 -17.0349 5
    endloop
  endfacet
  facet normal 0.886993 -0.461782 0
    outer loop
      vertex -37.2586 -34.4678 5
      vertex -37.174 -34.3053 0
      vertex -37.174 -34.3053 5
    endloop
  endfacet
  facet normal 0.886993 -0.461782 0
    outer loop
      vertex -37.174 -34.3053 0
      vertex -37.2586 -34.4678 5
      vertex -37.2586 -34.4678 0
    endloop
  endfacet
  facet normal 0.130483 -0.991451 0
    outer loop
      vertex -18.7494 -16.3167 0
      vertex -18.5678 -16.2928 5
      vertex -18.7494 -16.3167 5
    endloop
  endfacet
  facet normal 0.130483 -0.991451 0
    outer loop
      vertex -18.5678 -16.2928 5
      vertex -18.7494 -16.3167 0
      vertex -18.5678 -16.2928 0
    endloop
  endfacet
  facet normal 0.608867 0.793273 -0
    outer loop
      vertex -36.5598 -37.0756 0
      vertex -36.7052 -36.964 5
      vertex -36.5598 -37.0756 5
    endloop
  endfacet
  facet normal 0.608867 0.793273 0
    outer loop
      vertex -36.7052 -36.964 5
      vertex -36.5598 -37.0756 0
      vertex -36.7052 -36.964 0
    endloop
  endfacet
  facet normal 0.991451 -0.130483 0
    outer loop
      vertex -37.4473 -35.1723 5
      vertex -37.4234 -34.9907 0
      vertex -37.4234 -34.9907 5
    endloop
  endfacet
  facet normal 0.991451 -0.130483 0
    outer loop
      vertex -37.4234 -34.9907 0
      vertex -37.4473 -35.1723 5
      vertex -37.4473 -35.1723 0
    endloop
  endfacet
  facet normal -0.793334 0.608787 0
    outer loop
      vertex -16.7761 -19.7346 0
      vertex -16.6646 -19.5893 5
      vertex -16.6646 -19.5893 0
    endloop
  endfacet
  facet normal -0.793334 0.608787 0
    outer loop
      vertex -16.6646 -19.5893 5
      vertex -16.7761 -19.7346 0
      vertex -16.7761 -19.7346 5
    endloop
  endfacet
  facet normal -0.608523 -0.793536 0
    outer loop
      vertex -17.1803 -16.6646 0
      vertex -17.0349 -16.7761 5
      vertex -17.1803 -16.6646 5
    endloop
  endfacet
  facet normal -0.608523 -0.793536 -0
    outer loop
      vertex -17.0349 -16.7761 5
      vertex -17.1803 -16.6646 0
      vertex -17.0349 -16.7761 0
    endloop
  endfacet
  facet normal 0.707105 -0.707109 0
    outer loop
      vertex -36.8403 -33.8704 5
      vertex -19.8697 -16.8999 0
      vertex -19.8697 -16.8999 5
    endloop
  endfacet
  facet normal 0.707105 -0.707109 0
    outer loop
      vertex -19.8697 -16.8999 0
      vertex -36.8403 -33.8704 5
      vertex -36.8403 -33.8704 0
    endloop
  endfacet
  facet normal 0.0436741 -0.999046 0
    outer loop
      vertex -18.5678 -16.2928 0
      vertex -18.3848 -16.2848 5
      vertex -18.5678 -16.2928 5
    endloop
  endfacet
  facet normal 0.0436741 -0.999046 0
    outer loop
      vertex -18.3848 -16.2848 5
      vertex -18.5678 -16.2928 0
      vertex -18.3848 -16.2848 0
    endloop
  endfacet
  facet normal -0.953739 -0.300635 0
    outer loop
      vertex -16.3563 -17.8413 0
      vertex -16.4114 -17.6665 5
      vertex -16.4114 -17.6665 0
    endloop
  endfacet
  facet normal -0.953739 -0.300635 0
    outer loop
      vertex -16.4114 -17.6665 5
      vertex -16.3563 -17.8413 0
      vertex -16.3563 -17.8413 5
    endloop
  endfacet
  facet normal -0.461782 0.886993 0
    outer loop
      vertex -34.3053 -37.174 0
      vertex -34.4678 -37.2586 5
      vertex -34.3053 -37.174 5
    endloop
  endfacet
  facet normal -0.461782 0.886993 0
    outer loop
      vertex -34.4678 -37.2586 5
      vertex -34.3053 -37.174 0
      vertex -34.4678 -37.2586 0
    endloop
  endfacet
  facet normal -0.300792 0.95369 0
    outer loop
      vertex -34.6371 -37.3287 0
      vertex -34.8118 -37.3838 5
      vertex -34.6371 -37.3287 5
    endloop
  endfacet
  facet normal -0.300792 0.95369 0
    outer loop
      vertex -34.8118 -37.3838 5
      vertex -34.6371 -37.3287 0
      vertex -34.8118 -37.3838 0
    endloop
  endfacet
  facet normal -0.707109 0.707105 0
    outer loop
      vertex -33.8704 -36.8403 0
      vertex -16.8999 -19.8697 5
      vertex -16.8999 -19.8697 0
    endloop
  endfacet
  facet normal -0.707109 0.707105 0
    outer loop
      vertex -16.8999 -19.8697 5
      vertex -33.8704 -36.8403 0
      vertex -33.8704 -36.8403 5
    endloop
  endfacet
  facet normal 0.843459 0.537193 0
    outer loop
      vertex -37.0756 -36.5598 5
      vertex -37.174 -36.4053 0
      vertex -37.174 -36.4053 5
    endloop
  endfacet
  facet normal 0.843459 0.537193 0
    outer loop
      vertex -37.174 -36.4053 0
      vertex -37.0756 -36.5598 5
      vertex -37.0756 -36.5598 0
    endloop
  endfacet
  facet normal 0.382754 0.92385 -0
    outer loop
      vertex -36.0736 -37.3287 0
      vertex -36.2428 -37.2586 5
      vertex -36.0736 -37.3287 5
    endloop
  endfacet
  facet normal 0.382754 0.92385 0
    outer loop
      vertex -36.2428 -37.2586 5
      vertex -36.0736 -37.3287 0
      vertex -36.2428 -37.2586 0
    endloop
  endfacet
  facet normal 0.79307 -0.60913 0
    outer loop
      vertex -37.0756 -34.1508 5
      vertex -36.964 -34.0055 0
      vertex -36.964 -34.0055 5
    endloop
  endfacet
  facet normal 0.79307 -0.60913 0
    outer loop
      vertex -36.964 -34.0055 0
      vertex -37.0756 -34.1508 5
      vertex -37.0756 -34.1508 0
    endloop
  endfacet
  facet normal -0.537193 0.843459 0
    outer loop
      vertex -34.1508 -37.0756 0
      vertex -34.3053 -37.174 5
      vertex -34.1508 -37.0756 5
    endloop
  endfacet
  facet normal -0.537193 0.843459 0
    outer loop
      vertex -34.3053 -37.174 5
      vertex -34.1508 -37.0756 0
      vertex -34.3053 -37.174 0
    endloop
  endfacet
  facet normal -0.216121 0.976367 0
    outer loop
      vertex -34.8118 -37.3838 0
      vertex -34.9907 -37.4234 5
      vertex -34.8118 -37.3838 5
    endloop
  endfacet
  facet normal -0.216121 0.976367 0
    outer loop
      vertex -34.9907 -37.4234 5
      vertex -34.8118 -37.3838 0
      vertex -34.9907 -37.4234 0
    endloop
  endfacet
  facet normal 0.95369 0.300792 0
    outer loop
      vertex -37.3287 -36.0736 5
      vertex -37.3838 -35.8989 0
      vertex -37.3838 -35.8989 5
    endloop
  endfacet
  facet normal 0.95369 0.300792 0
    outer loop
      vertex -37.3838 -35.8989 0
      vertex -37.3287 -36.0736 5
      vertex -37.3287 -36.0736 0
    endloop
  endfacet
  facet normal 0.999046 -0.0436741 0
    outer loop
      vertex -37.4553 -35.3553 5
      vertex -37.4473 -35.1723 0
      vertex -37.4473 -35.1723 5
    endloop
  endfacet
  facet normal 0.999046 -0.0436741 0
    outer loop
      vertex -37.4473 -35.1723 0
      vertex -37.4553 -35.3553 5
      vertex -37.4553 -35.3553 0
    endloop
  endfacet
  facet normal 0.216121 0.976367 -0
    outer loop
      vertex -35.72 -37.4234 0
      vertex -35.8989 -37.3838 5
      vertex -35.72 -37.4234 5
    endloop
  endfacet
  facet normal 0.216121 0.976367 0
    outer loop
      vertex -35.8989 -37.3838 5
      vertex -35.72 -37.4234 0
      vertex -35.8989 -37.3838 0
    endloop
  endfacet
  facet normal -0.461782 -0.886993 0
    outer loop
      vertex -17.4973 -16.4815 0
      vertex -17.3348 -16.5661 5
      vertex -17.4973 -16.4815 5
    endloop
  endfacet
  facet normal -0.461782 -0.886993 -0
    outer loop
      vertex -17.3348 -16.5661 5
      vertex -17.4973 -16.4815 0
      vertex -17.3348 -16.5661 0
    endloop
  endfacet
  facet normal 0.793273 0.608867 0
    outer loop
      vertex -36.964 -36.7052 5
      vertex -37.0756 -36.5598 0
      vertex -37.0756 -36.5598 5
    endloop
  endfacet
  facet normal 0.793273 0.608867 0
    outer loop
      vertex -37.0756 -36.5598 0
      vertex -36.964 -36.7052 5
      vertex -36.964 -36.7052 0
    endloop
  endfacet
  facet normal -0.886993 -0.461782 0
    outer loop
      vertex -16.4815 -17.4973 0
      vertex -16.5661 -17.3348 5
      vertex -16.5661 -17.3348 0
    endloop
  endfacet
  facet normal -0.886993 -0.461782 0
    outer loop
      vertex -16.5661 -17.3348 5
      vertex -16.4815 -17.4973 0
      vertex -16.4815 -17.4973 5
    endloop
  endfacet
  facet normal 0.976367 0.216121 0
    outer loop
      vertex -37.3838 -35.8989 5
      vertex -37.4234 -35.72 0
      vertex -37.4234 -35.72 5
    endloop
  endfacet
  facet normal 0.976367 0.216121 0
    outer loop
      vertex -37.4234 -35.72 0
      vertex -37.3838 -35.8989 5
      vertex -37.3838 -35.8989 0
    endloop
  endfacet
  facet normal 0.737539 -0.675304 0
    outer loop
      vertex -36.964 -34.0055 5
      vertex -36.8403 -33.8704 0
      vertex -36.8403 -33.8704 5
    endloop
  endfacet
  facet normal 0.737539 -0.675304 0
    outer loop
      vertex -36.8403 -33.8704 0
      vertex -36.964 -34.0055 5
      vertex -36.964 -34.0055 0
    endloop
  endfacet
  facet normal -0.843212 -0.537582 0
    outer loop
      vertex -16.5661 -17.3348 0
      vertex -16.6646 -17.1803 5
      vertex -16.6646 -17.1803 0
    endloop
  endfacet
  facet normal -0.843212 -0.537582 0
    outer loop
      vertex -16.6646 -17.1803 5
      vertex -16.5661 -17.3348 0
      vertex -16.5661 -17.3348 5
    endloop
  endfacet
  facet normal 0.537193 0.843459 -0
    outer loop
      vertex -36.4053 -37.174 0
      vertex -36.5598 -37.0756 5
      vertex -36.4053 -37.174 5
    endloop
  endfacet
  facet normal 0.537193 0.843459 0
    outer loop
      vertex -36.5598 -37.0756 5
      vertex -36.4053 -37.174 0
      vertex -36.5598 -37.0756 0
    endloop
  endfacet
  facet normal 0.92393 -0.382561 0
    outer loop
      vertex -37.3287 -34.6371 5
      vertex -37.2586 -34.4678 0
      vertex -37.2586 -34.4678 5
    endloop
  endfacet
  facet normal 0.92393 -0.382561 0
    outer loop
      vertex -37.2586 -34.4678 0
      vertex -37.3287 -34.6371 5
      vertex -37.3287 -34.6371 0
    endloop
  endfacet
  facet normal 0.461782 -0.886993 0
    outer loop
      vertex -19.4348 -16.5661 0
      vertex -19.2723 -16.4815 5
      vertex -19.4348 -16.5661 5
    endloop
  endfacet
  facet normal 0.461782 -0.886993 0
    outer loop
      vertex -19.2723 -16.4815 5
      vertex -19.4348 -16.5661 0
      vertex -19.2723 -16.4815 0
    endloop
  endfacet
  facet normal 0.216121 -0.976367 0
    outer loop
      vertex -18.9283 -16.3563 0
      vertex -18.7494 -16.3167 5
      vertex -18.9283 -16.3563 5
    endloop
  endfacet
  facet normal 0.216121 -0.976367 0
    outer loop
      vertex -18.7494 -16.3167 5
      vertex -18.9283 -16.3563 0
      vertex -18.7494 -16.3167 0
    endloop
  endfacet
  facet normal 0.461782 0.886993 -0
    outer loop
      vertex -36.2428 -37.2586 0
      vertex -36.4053 -37.174 5
      vertex -36.2428 -37.2586 5
    endloop
  endfacet
  facet normal 0.461782 0.886993 0
    outer loop
      vertex -36.4053 -37.174 5
      vertex -36.2428 -37.2586 0
      vertex -36.4053 -37.174 0
    endloop
  endfacet
  facet normal 0.608787 -0.793334 0
    outer loop
      vertex -19.7346 -16.7761 0
      vertex -19.5893 -16.6646 5
      vertex -19.7346 -16.7761 5
    endloop
  endfacet
  facet normal 0.608787 -0.793334 0
    outer loop
      vertex -19.5893 -16.6646 5
      vertex -19.7346 -16.7761 0
      vertex -19.5893 -16.6646 0
    endloop
  endfacet
  facet normal -0.216237 -0.976341 0
    outer loop
      vertex -18.0201 -16.3167 0
      vertex -17.8413 -16.3563 5
      vertex -18.0201 -16.3167 5
    endloop
  endfacet
  facet normal -0.216237 -0.976341 -0
    outer loop
      vertex -17.8413 -16.3563 5
      vertex -18.0201 -16.3167 0
      vertex -17.8413 -16.3563 0
    endloop
  endfacet
  facet normal 0.843459 -0.537193 0
    outer loop
      vertex -37.174 -34.3053 5
      vertex -37.0756 -34.1508 0
      vertex -37.0756 -34.1508 5
    endloop
  endfacet
  facet normal 0.843459 -0.537193 0
    outer loop
      vertex -37.0756 -34.1508 0
      vertex -37.174 -34.3053 5
      vertex -37.174 -34.3053 0
    endloop
  endfacet
  facet normal 0.300792 -0.95369 0
    outer loop
      vertex -19.103 -16.4114 0
      vertex -18.9283 -16.3563 5
      vertex -19.103 -16.4114 5
    endloop
  endfacet
  facet normal 0.300792 -0.95369 0
    outer loop
      vertex -18.9283 -16.3563 5
      vertex -19.103 -16.4114 0
      vertex -18.9283 -16.3563 0
    endloop
  endfacet
  facet normal -0.675304 0.737539 0
    outer loop
      vertex -33.8704 -36.8403 0
      vertex -34.0055 -36.964 5
      vertex -33.8704 -36.8403 5
    endloop
  endfacet
  facet normal -0.675304 0.737539 0
    outer loop
      vertex -34.0055 -36.964 5
      vertex -33.8704 -36.8403 0
      vertex -34.0055 -36.964 0
    endloop
  endfacet
  facet normal -0.382754 -0.92385 0
    outer loop
      vertex -17.6665 -16.4114 0
      vertex -17.4973 -16.4815 5
      vertex -17.6665 -16.4114 5
    endloop
  endfacet
  facet normal -0.382754 -0.92385 -0
    outer loop
      vertex -17.4973 -16.4815 5
      vertex -17.6665 -16.4114 0
      vertex -17.4973 -16.4815 0
    endloop
  endfacet
  facet normal -0.300635 -0.953739 0
    outer loop
      vertex -17.8413 -16.3563 0
      vertex -17.6665 -16.4114 5
      vertex -17.8413 -16.3563 5
    endloop
  endfacet
  facet normal -0.300635 -0.953739 -0
    outer loop
      vertex -17.6665 -16.4114 5
      vertex -17.8413 -16.3563 0
      vertex -17.6665 -16.4114 0
    endloop
  endfacet
  facet normal -0.130483 0.991451 0
    outer loop
      vertex -34.9907 -37.4234 0
      vertex -35.1723 -37.4473 5
      vertex -34.9907 -37.4234 5
    endloop
  endfacet
  facet normal -0.130483 0.991451 0
    outer loop
      vertex -35.1723 -37.4473 5
      vertex -34.9907 -37.4234 0
      vertex -35.1723 -37.4473 0
    endloop
  endfacet
  facet normal -0.793536 -0.608523 0
    outer loop
      vertex -16.6646 -17.1803 0
      vertex -16.7761 -17.0349 5
      vertex -16.7761 -17.0349 0
    endloop
  endfacet
  facet normal -0.793536 -0.608523 0
    outer loop
      vertex -16.7761 -17.0349 5
      vertex -16.6646 -17.1803 0
      vertex -16.6646 -17.1803 5
    endloop
  endfacet
  facet normal 0.675601 -0.737267 0
    outer loop
      vertex -19.8697 -16.8999 0
      vertex -19.7346 -16.7761 5
      vertex -19.8697 -16.8999 5
    endloop
  endfacet
  facet normal 0.675601 -0.737267 0
    outer loop
      vertex -19.7346 -16.7761 5
      vertex -19.8697 -16.8999 0
      vertex -19.7346 -16.7761 0
    endloop
  endfacet
  facet normal 0.0436503 0.999047 -0
    outer loop
      vertex -35.3553 -37.4553 0
      vertex -35.5384 -37.4473 5
      vertex -35.3553 -37.4553 5
    endloop
  endfacet
  facet normal 0.0436503 0.999047 0
    outer loop
      vertex -35.5384 -37.4473 5
      vertex -35.3553 -37.4553 0
      vertex -35.5384 -37.4473 0
    endloop
  endfacet
  facet normal -0.60913 0.79307 0
    outer loop
      vertex -34.0055 -36.964 0
      vertex -34.1508 -37.0756 5
      vertex -34.0055 -36.964 5
    endloop
  endfacet
  facet normal -0.60913 0.79307 0
    outer loop
      vertex -34.1508 -37.0756 5
      vertex -34.0055 -36.964 0
      vertex -34.1508 -37.0756 0
    endloop
  endfacet
  facet normal 0.737539 0.675304 0
    outer loop
      vertex -36.8403 -36.8403 5
      vertex -36.964 -36.7052 0
      vertex -36.964 -36.7052 5
    endloop
  endfacet
  facet normal 0.737539 0.675304 0
    outer loop
      vertex -36.964 -36.7052 0
      vertex -36.8403 -36.8403 5
      vertex -36.8403 -36.8403 0
    endloop
  endfacet
  facet normal -0.95369 0.300792 0
    outer loop
      vertex -16.4114 -19.103 0
      vertex -16.3563 -18.9283 5
      vertex -16.3563 -18.9283 0
    endloop
  endfacet
  facet normal -0.95369 0.300792 0
    outer loop
      vertex -16.3563 -18.9283 5
      vertex -16.4114 -19.103 0
      vertex -16.4114 -19.103 5
    endloop
  endfacet
  facet normal 0.92385 0.382754 0
    outer loop
      vertex -37.2586 -36.2428 5
      vertex -37.3287 -36.0736 0
      vertex -37.3287 -36.0736 5
    endloop
  endfacet
  facet normal 0.92385 0.382754 0
    outer loop
      vertex -37.3287 -36.0736 0
      vertex -37.2586 -36.2428 5
      vertex -37.2586 -36.2428 0
    endloop
  endfacet
  facet normal -0.843212 0.537582 0
    outer loop
      vertex -16.6646 -19.5893 0
      vertex -16.5661 -19.4348 5
      vertex -16.5661 -19.4348 0
    endloop
  endfacet
  facet normal -0.843212 0.537582 0
    outer loop
      vertex -16.5661 -19.4348 5
      vertex -16.6646 -19.5893 0
      vertex -16.6646 -19.5893 5
    endloop
  endfacet
  facet normal 0.537582 -0.843212 0
    outer loop
      vertex -19.5893 -16.6646 0
      vertex -19.4348 -16.5661 5
      vertex -19.5893 -16.6646 5
    endloop
  endfacet
  facet normal 0.537582 -0.843212 0
    outer loop
      vertex -19.4348 -16.5661 5
      vertex -19.5893 -16.6646 0
      vertex -19.4348 -16.5661 0
    endloop
  endfacet
  facet normal -0.0436503 -0.999047 0
    outer loop
      vertex -18.3848 -16.2848 0
      vertex -18.2017 -16.2928 5
      vertex -18.3848 -16.2848 5
    endloop
  endfacet
  facet normal -0.0436503 -0.999047 -0
    outer loop
      vertex -18.2017 -16.2928 5
      vertex -18.3848 -16.2848 0
      vertex -18.2017 -16.2928 0
    endloop
  endfacet
  facet normal -0.886993 0.461782 0
    outer loop
      vertex -16.5661 -19.4348 0
      vertex -16.4815 -19.2723 5
      vertex -16.4815 -19.2723 0
    endloop
  endfacet
  facet normal -0.886993 0.461782 0
    outer loop
      vertex -16.4815 -19.2723 5
      vertex -16.5661 -19.4348 0
      vertex -16.5661 -19.4348 5
    endloop
  endfacet
  facet normal 0.95369 -0.300792 0
    outer loop
      vertex -37.3838 -34.8118 5
      vertex -37.3287 -34.6371 0
      vertex -37.3287 -34.6371 5
    endloop
  endfacet
  facet normal 0.95369 -0.300792 0
    outer loop
      vertex -37.3287 -34.6371 0
      vertex -37.3838 -34.8118 5
      vertex -37.3838 -34.8118 0
    endloop
  endfacet
  facet normal -0.0436741 0.999046 0
    outer loop
      vertex -35.1723 -37.4473 0
      vertex -35.3553 -37.4553 5
      vertex -35.1723 -37.4473 5
    endloop
  endfacet
  facet normal -0.0436741 0.999046 0
    outer loop
      vertex -35.3553 -37.4553 5
      vertex -35.1723 -37.4473 0
      vertex -35.3553 -37.4553 0
    endloop
  endfacet
  facet normal -0.999047 -0.0436503 0
    outer loop
      vertex -16.2848 -18.3848 0
      vertex -16.2928 -18.2017 5
      vertex -16.2928 -18.2017 0
    endloop
  endfacet
  facet normal -0.999047 -0.0436503 0
    outer loop
      vertex -16.2928 -18.2017 5
      vertex -16.2848 -18.3848 0
      vertex -16.2848 -18.3848 5
    endloop
  endfacet
  facet normal 0.991451 0.130483 0
    outer loop
      vertex -37.4234 -35.72 5
      vertex -37.4473 -35.5384 0
      vertex -37.4473 -35.5384 5
    endloop
  endfacet
  facet normal 0.991451 0.130483 0
    outer loop
      vertex -37.4473 -35.5384 0
      vertex -37.4234 -35.72 5
      vertex -37.4234 -35.72 0
    endloop
  endfacet
  facet normal -0.92393 0.382561 0
    outer loop
      vertex -16.4815 -19.2723 0
      vertex -16.4114 -19.103 5
      vertex -16.4114 -19.103 0
    endloop
  endfacet
  facet normal -0.92393 0.382561 0
    outer loop
      vertex -16.4114 -19.103 5
      vertex -16.4815 -19.2723 0
      vertex -16.4815 -19.2723 5
    endloop
  endfacet
  facet normal -0.92385 -0.382754 0
    outer loop
      vertex -16.4114 -17.6665 0
      vertex -16.4815 -17.4973 5
      vertex -16.4815 -17.4973 0
    endloop
  endfacet
  facet normal -0.92385 -0.382754 0
    outer loop
      vertex -16.4815 -17.4973 5
      vertex -16.4114 -17.6665 0
      vertex -16.4114 -17.6665 5
    endloop
  endfacet
  facet normal 0.675304 0.737539 -0
    outer loop
      vertex -36.7052 -36.964 0
      vertex -36.8403 -36.8403 5
      vertex -36.7052 -36.964 5
    endloop
  endfacet
  facet normal 0.675304 0.737539 0
    outer loop
      vertex -36.8403 -36.8403 5
      vertex -36.7052 -36.964 0
      vertex -36.8403 -36.8403 0
    endloop
  endfacet
  facet normal 0.382561 -0.92393 0
    outer loop
      vertex -19.2723 -16.4815 0
      vertex -19.103 -16.4114 5
      vertex -19.2723 -16.4815 5
    endloop
  endfacet
  facet normal 0.382561 -0.92393 0
    outer loop
      vertex -19.103 -16.4114 5
      vertex -19.2723 -16.4815 0
      vertex -19.103 -16.4114 0
    endloop
  endfacet
  facet normal -0.130483 -0.991451 0
    outer loop
      vertex -18.2017 -16.2928 0
      vertex -18.0201 -16.3167 5
      vertex -18.2017 -16.2928 5
    endloop
  endfacet
  facet normal -0.130483 -0.991451 -0
    outer loop
      vertex -18.0201 -16.3167 5
      vertex -18.2017 -16.2928 0
      vertex -18.0201 -16.3167 0
    endloop
  endfacet
  facet normal -0.537582 -0.843212 0
    outer loop
      vertex -17.3348 -16.5661 0
      vertex -17.1803 -16.6646 5
      vertex -17.3348 -16.5661 5
    endloop
  endfacet
  facet normal -0.537582 -0.843212 -0
    outer loop
      vertex -17.1803 -16.6646 5
      vertex -17.3348 -16.5661 0
      vertex -17.1803 -16.6646 0
    endloop
  endfacet
  facet normal 0.976367 -0.216121 0
    outer loop
      vertex -37.4234 -34.9907 5
      vertex -37.3838 -34.8118 0
      vertex -37.3838 -34.8118 5
    endloop
  endfacet
  facet normal 0.976367 -0.216121 0
    outer loop
      vertex -37.3838 -34.8118 0
      vertex -37.4234 -34.9907 5
      vertex -37.4234 -34.9907 0
    endloop
  endfacet
  facet normal -0.675873 -0.737018 0
    outer loop
      vertex -17.0349 -16.7761 0
      vertex -16.8999 -16.8999 5
      vertex -17.0349 -16.7761 5
    endloop
  endfacet
  facet normal -0.675873 -0.737018 -0
    outer loop
      vertex -16.8999 -16.8999 5
      vertex -17.0349 -16.7761 0
      vertex -16.8999 -16.8999 0
    endloop
  endfacet
  facet normal 0.886993 0.461782 0
    outer loop
      vertex -37.174 -36.4053 5
      vertex -37.2586 -36.2428 0
      vertex -37.2586 -36.2428 5
    endloop
  endfacet
  facet normal 0.886993 0.461782 0
    outer loop
      vertex -37.2586 -36.2428 0
      vertex -37.174 -36.4053 5
      vertex -37.174 -36.4053 0
    endloop
  endfacet
  facet normal -0.382561 0.92393 0
    outer loop
      vertex -34.4678 -37.2586 0
      vertex -34.6371 -37.3287 5
      vertex -34.4678 -37.2586 5
    endloop
  endfacet
  facet normal -0.382561 0.92393 0
    outer loop
      vertex -34.6371 -37.3287 5
      vertex -34.4678 -37.2586 0
      vertex -34.6371 -37.3287 0
    endloop
  endfacet
  facet normal 0.130483 0.991451 -0
    outer loop
      vertex -35.5384 -37.4473 0
      vertex -35.72 -37.4234 5
      vertex -35.5384 -37.4473 5
    endloop
  endfacet
  facet normal 0.130483 0.991451 0
    outer loop
      vertex -35.72 -37.4234 5
      vertex -35.5384 -37.4473 0
      vertex -35.72 -37.4234 0
    endloop
  endfacet
  facet normal -0.991451 0.130483 0
    outer loop
      vertex -16.3167 -18.7494 0
      vertex -16.2928 -18.5678 5
      vertex -16.2928 -18.5678 0
    endloop
  endfacet
  facet normal -0.991451 0.130483 0
    outer loop
      vertex -16.2928 -18.5678 5
      vertex -16.3167 -18.7494 0
      vertex -16.3167 -18.7494 5
    endloop
  endfacet
  facet normal -0.976367 0.216121 0
    outer loop
      vertex -16.3563 -18.9283 0
      vertex -16.3167 -18.7494 5
      vertex -16.3167 -18.7494 0
    endloop
  endfacet
  facet normal -0.976367 0.216121 0
    outer loop
      vertex -16.3167 -18.7494 5
      vertex -16.3563 -18.9283 0
      vertex -16.3563 -18.9283 5
    endloop
  endfacet
  facet normal -0.976341 -0.216237 0
    outer loop
      vertex -16.3167 -18.0201 0
      vertex -16.3563 -17.8413 5
      vertex -16.3563 -17.8413 0
    endloop
  endfacet
  facet normal -0.976341 -0.216237 0
    outer loop
      vertex -16.3563 -17.8413 5
      vertex -16.3167 -18.0201 0
      vertex -16.3167 -18.0201 5
    endloop
  endfacet
  facet normal -0.976367 0.216121 0
    outer loop
      vertex 37.3838 -35.8989 0
      vertex 37.4234 -35.72 5
      vertex 37.4234 -35.72 0
    endloop
  endfacet
  facet normal -0.976367 0.216121 0
    outer loop
      vertex 37.4234 -35.72 5
      vertex 37.3838 -35.8989 0
      vertex 37.3838 -35.8989 5
    endloop
  endfacet
  facet normal -0.608867 0.793273 0
    outer loop
      vertex 36.7052 -36.964 0
      vertex 36.5598 -37.0756 5
      vertex 36.7052 -36.964 5
    endloop
  endfacet
  facet normal -0.608867 0.793273 0
    outer loop
      vertex 36.5598 -37.0756 5
      vertex 36.7052 -36.964 0
      vertex 36.5598 -37.0756 0
    endloop
  endfacet
  facet normal -0.999047 0.0436503 0
    outer loop
      vertex 37.4473 -35.5384 0
      vertex 37.4553 -35.3553 5
      vertex 37.4553 -35.3553 0
    endloop
  endfacet
  facet normal -0.999047 0.0436503 0
    outer loop
      vertex 37.4553 -35.3553 5
      vertex 37.4473 -35.5384 0
      vertex 37.4473 -35.5384 5
    endloop
  endfacet
  facet normal -0.675601 -0.737267 0
    outer loop
      vertex 19.7346 -16.7761 0
      vertex 19.8697 -16.8999 5
      vertex 19.7346 -16.7761 5
    endloop
  endfacet
  facet normal -0.675601 -0.737267 -0
    outer loop
      vertex 19.8697 -16.8999 5
      vertex 19.7346 -16.7761 0
      vertex 19.8697 -16.8999 0
    endloop
  endfacet
  facet normal -0.461782 -0.886993 0
    outer loop
      vertex 19.2723 -16.4815 0
      vertex 19.4348 -16.5661 5
      vertex 19.2723 -16.4815 5
    endloop
  endfacet
  facet normal -0.461782 -0.886993 -0
    outer loop
      vertex 19.4348 -16.5661 5
      vertex 19.2723 -16.4815 0
      vertex 19.4348 -16.5661 0
    endloop
  endfacet
  facet normal 0.537193 0.843459 -0
    outer loop
      vertex 34.3053 -37.174 0
      vertex 34.1508 -37.0756 5
      vertex 34.3053 -37.174 5
    endloop
  endfacet
  facet normal 0.537193 0.843459 0
    outer loop
      vertex 34.1508 -37.0756 5
      vertex 34.3053 -37.174 0
      vertex 34.1508 -37.0756 0
    endloop
  endfacet
  facet normal 0.886993 -0.461782 0
    outer loop
      vertex 16.4815 -17.4973 5
      vertex 16.5661 -17.3348 0
      vertex 16.5661 -17.3348 5
    endloop
  endfacet
  facet normal 0.886993 -0.461782 0
    outer loop
      vertex 16.5661 -17.3348 0
      vertex 16.4815 -17.4973 5
      vertex 16.4815 -17.4973 0
    endloop
  endfacet
  facet normal -0.382561 -0.92393 0
    outer loop
      vertex 19.103 -16.4114 0
      vertex 19.2723 -16.4815 5
      vertex 19.103 -16.4114 5
    endloop
  endfacet
  facet normal -0.382561 -0.92393 -0
    outer loop
      vertex 19.2723 -16.4815 5
      vertex 19.103 -16.4114 0
      vertex 19.2723 -16.4815 0
    endloop
  endfacet
  facet normal -0.793273 0.608867 0
    outer loop
      vertex 36.964 -36.7052 0
      vertex 37.0756 -36.5598 5
      vertex 37.0756 -36.5598 0
    endloop
  endfacet
  facet normal -0.793273 0.608867 0
    outer loop
      vertex 37.0756 -36.5598 5
      vertex 36.964 -36.7052 0
      vertex 36.964 -36.7052 5
    endloop
  endfacet
  facet normal -0.537193 0.843459 0
    outer loop
      vertex 36.5598 -37.0756 0
      vertex 36.4053 -37.174 5
      vertex 36.5598 -37.0756 5
    endloop
  endfacet
  facet normal -0.537193 0.843459 0
    outer loop
      vertex 36.4053 -37.174 5
      vertex 36.5598 -37.0756 0
      vertex 36.4053 -37.174 0
    endloop
  endfacet
  facet normal -0.382754 0.92385 0
    outer loop
      vertex 36.2428 -37.2586 0
      vertex 36.0736 -37.3287 5
      vertex 36.2428 -37.2586 5
    endloop
  endfacet
  facet normal -0.382754 0.92385 0
    outer loop
      vertex 36.0736 -37.3287 5
      vertex 36.2428 -37.2586 0
      vertex 36.0736 -37.3287 0
    endloop
  endfacet
  facet normal 0.707109 0.707105 0
    outer loop
      vertex 33.8704 -36.8403 5
      vertex 16.8999 -19.8697 0
      vertex 16.8999 -19.8697 5
    endloop
  endfacet
  facet normal 0.707109 0.707105 0
    outer loop
      vertex 16.8999 -19.8697 0
      vertex 33.8704 -36.8403 5
      vertex 33.8704 -36.8403 0
    endloop
  endfacet
  facet normal 0.793334 0.608787 0
    outer loop
      vertex 16.7761 -19.7346 5
      vertex 16.6646 -19.5893 0
      vertex 16.6646 -19.5893 5
    endloop
  endfacet
  facet normal 0.793334 0.608787 0
    outer loop
      vertex 16.6646 -19.5893 0
      vertex 16.7761 -19.7346 5
      vertex 16.7761 -19.7346 0
    endloop
  endfacet
  facet normal 0.843212 0.537582 0
    outer loop
      vertex 16.6646 -19.5893 5
      vertex 16.5661 -19.4348 0
      vertex 16.5661 -19.4348 5
    endloop
  endfacet
  facet normal 0.843212 0.537582 0
    outer loop
      vertex 16.5661 -19.4348 0
      vertex 16.6646 -19.5893 5
      vertex 16.6646 -19.5893 0
    endloop
  endfacet
  facet normal -0.95369 -0.300792 0
    outer loop
      vertex 37.3838 -34.8118 0
      vertex 37.3287 -34.6371 5
      vertex 37.3287 -34.6371 0
    endloop
  endfacet
  facet normal -0.95369 -0.300792 0
    outer loop
      vertex 37.3287 -34.6371 5
      vertex 37.3838 -34.8118 0
      vertex 37.3838 -34.8118 5
    endloop
  endfacet
  facet normal -0.999046 -0.0436741 0
    outer loop
      vertex 37.4553 -35.3553 0
      vertex 37.4473 -35.1723 5
      vertex 37.4473 -35.1723 0
    endloop
  endfacet
  facet normal -0.999046 -0.0436741 0
    outer loop
      vertex 37.4473 -35.1723 5
      vertex 37.4553 -35.3553 0
      vertex 37.4553 -35.3553 5
    endloop
  endfacet
  facet normal 0.60913 0.79307 -0
    outer loop
      vertex 34.1508 -37.0756 0
      vertex 34.0055 -36.964 5
      vertex 34.1508 -37.0756 5
    endloop
  endfacet
  facet normal 0.60913 0.79307 0
    outer loop
      vertex 34.0055 -36.964 5
      vertex 34.1508 -37.0756 0
      vertex 34.0055 -36.964 0
    endloop
  endfacet
  facet normal -0.707105 -0.707109 0
    outer loop
      vertex 36.8403 -33.8704 0
      vertex 19.8697 -16.8999 5
      vertex 19.8697 -16.8999 0
    endloop
  endfacet
  facet normal -0.707105 -0.707109 0
    outer loop
      vertex 19.8697 -16.8999 5
      vertex 36.8403 -33.8704 0
      vertex 36.8403 -33.8704 5
    endloop
  endfacet
  facet normal -0.92385 0.382754 0
    outer loop
      vertex 37.2586 -36.2428 0
      vertex 37.3287 -36.0736 5
      vertex 37.3287 -36.0736 0
    endloop
  endfacet
  facet normal -0.92385 0.382754 0
    outer loop
      vertex 37.3287 -36.0736 5
      vertex 37.2586 -36.2428 0
      vertex 37.2586 -36.2428 5
    endloop
  endfacet
  facet normal 0.675304 0.737539 -0
    outer loop
      vertex 34.0055 -36.964 0
      vertex 33.8704 -36.8403 5
      vertex 34.0055 -36.964 5
    endloop
  endfacet
  facet normal 0.675304 0.737539 0
    outer loop
      vertex 33.8704 -36.8403 5
      vertex 34.0055 -36.964 0
      vertex 33.8704 -36.8403 0
    endloop
  endfacet
  facet normal 0.537582 -0.843212 0
    outer loop
      vertex 17.1803 -16.6646 0
      vertex 17.3348 -16.5661 5
      vertex 17.1803 -16.6646 5
    endloop
  endfacet
  facet normal 0.537582 -0.843212 0
    outer loop
      vertex 17.3348 -16.5661 5
      vertex 17.1803 -16.6646 0
      vertex 17.3348 -16.5661 0
    endloop
  endfacet
  facet normal -0.675304 0.737539 0
    outer loop
      vertex 36.8403 -36.8403 0
      vertex 36.7052 -36.964 5
      vertex 36.8403 -36.8403 5
    endloop
  endfacet
  facet normal -0.675304 0.737539 0
    outer loop
      vertex 36.7052 -36.964 5
      vertex 36.8403 -36.8403 0
      vertex 36.7052 -36.964 0
    endloop
  endfacet
  facet normal -0.216121 -0.976367 0
    outer loop
      vertex 18.7494 -16.3167 0
      vertex 18.9283 -16.3563 5
      vertex 18.7494 -16.3167 5
    endloop
  endfacet
  facet normal -0.216121 -0.976367 -0
    outer loop
      vertex 18.9283 -16.3563 5
      vertex 18.7494 -16.3167 0
      vertex 18.9283 -16.3563 0
    endloop
  endfacet
  facet normal 0.843212 -0.537582 0
    outer loop
      vertex 16.5661 -17.3348 5
      vertex 16.6646 -17.1803 0
      vertex 16.6646 -17.1803 5
    endloop
  endfacet
  facet normal 0.843212 -0.537582 0
    outer loop
      vertex 16.6646 -17.1803 0
      vertex 16.5661 -17.3348 5
      vertex 16.5661 -17.3348 0
    endloop
  endfacet
  facet normal 0.461782 0.886993 -0
    outer loop
      vertex 34.4678 -37.2586 0
      vertex 34.3053 -37.174 5
      vertex 34.4678 -37.2586 5
    endloop
  endfacet
  facet normal 0.461782 0.886993 0
    outer loop
      vertex 34.3053 -37.174 5
      vertex 34.4678 -37.2586 0
      vertex 34.3053 -37.174 0
    endloop
  endfacet
  facet normal -0.300792 0.95369 0
    outer loop
      vertex 36.0736 -37.3287 0
      vertex 35.8989 -37.3838 5
      vertex 36.0736 -37.3287 5
    endloop
  endfacet
  facet normal -0.300792 0.95369 0
    outer loop
      vertex 35.8989 -37.3838 5
      vertex 36.0736 -37.3287 0
      vertex 35.8989 -37.3838 0
    endloop
  endfacet
  facet normal 0.976367 0.216121 0
    outer loop
      vertex 16.3563 -18.9283 5
      vertex 16.3167 -18.7494 0
      vertex 16.3167 -18.7494 5
    endloop
  endfacet
  facet normal 0.976367 0.216121 0
    outer loop
      vertex 16.3167 -18.7494 0
      vertex 16.3563 -18.9283 5
      vertex 16.3563 -18.9283 0
    endloop
  endfacet
  facet normal -0.886993 -0.461782 0
    outer loop
      vertex 37.2586 -34.4678 0
      vertex 37.174 -34.3053 5
      vertex 37.174 -34.3053 0
    endloop
  endfacet
  facet normal -0.886993 -0.461782 0
    outer loop
      vertex 37.174 -34.3053 5
      vertex 37.2586 -34.4678 0
      vertex 37.2586 -34.4678 5
    endloop
  endfacet
  facet normal 0.130483 -0.991451 0
    outer loop
      vertex 18.0201 -16.3167 0
      vertex 18.2017 -16.2928 5
      vertex 18.0201 -16.3167 5
    endloop
  endfacet
  facet normal 0.130483 -0.991451 0
    outer loop
      vertex 18.2017 -16.2928 5
      vertex 18.0201 -16.3167 0
      vertex 18.2017 -16.2928 0
    endloop
  endfacet
  facet normal 0.92385 -0.382754 0
    outer loop
      vertex 16.4114 -17.6665 5
      vertex 16.4815 -17.4973 0
      vertex 16.4815 -17.4973 5
    endloop
  endfacet
  facet normal 0.92385 -0.382754 0
    outer loop
      vertex 16.4815 -17.4973 0
      vertex 16.4114 -17.6665 5
      vertex 16.4114 -17.6665 0
    endloop
  endfacet
  facet normal -0.461782 0.886993 0
    outer loop
      vertex 36.4053 -37.174 0
      vertex 36.2428 -37.2586 5
      vertex 36.4053 -37.174 5
    endloop
  endfacet
  facet normal -0.461782 0.886993 0
    outer loop
      vertex 36.2428 -37.2586 5
      vertex 36.4053 -37.174 0
      vertex 36.2428 -37.2586 0
    endloop
  endfacet
  facet normal -0.737539 -0.675304 0
    outer loop
      vertex 36.964 -34.0055 0
      vertex 36.8403 -33.8704 5
      vertex 36.8403 -33.8704 0
    endloop
  endfacet
  facet normal -0.737539 -0.675304 0
    outer loop
      vertex 36.8403 -33.8704 5
      vertex 36.964 -34.0055 0
      vertex 36.964 -34.0055 5
    endloop
  endfacet
  facet normal 0.737267 0.675601 0
    outer loop
      vertex 16.8999 -19.8697 5
      vertex 16.7761 -19.7346 0
      vertex 16.7761 -19.7346 5
    endloop
  endfacet
  facet normal 0.737267 0.675601 0
    outer loop
      vertex 16.7761 -19.7346 0
      vertex 16.8999 -19.8697 5
      vertex 16.8999 -19.8697 0
    endloop
  endfacet
  facet normal -0.92393 -0.382561 0
    outer loop
      vertex 37.3287 -34.6371 0
      vertex 37.2586 -34.4678 5
      vertex 37.2586 -34.4678 0
    endloop
  endfacet
  facet normal -0.92393 -0.382561 0
    outer loop
      vertex 37.2586 -34.4678 5
      vertex 37.3287 -34.6371 0
      vertex 37.3287 -34.6371 5
    endloop
  endfacet
  facet normal -0.130483 0.991451 0
    outer loop
      vertex 35.72 -37.4234 0
      vertex 35.5384 -37.4473 5
      vertex 35.72 -37.4234 5
    endloop
  endfacet
  facet normal -0.130483 0.991451 0
    outer loop
      vertex 35.5384 -37.4473 5
      vertex 35.72 -37.4234 0
      vertex 35.5384 -37.4473 0
    endloop
  endfacet
  facet normal -0.843459 0.537193 0
    outer loop
      vertex 37.0756 -36.5598 0
      vertex 37.174 -36.4053 5
      vertex 37.174 -36.4053 0
    endloop
  endfacet
  facet normal -0.843459 0.537193 0
    outer loop
      vertex 37.174 -36.4053 5
      vertex 37.0756 -36.5598 0
      vertex 37.0756 -36.5598 5
    endloop
  endfacet
  facet normal 0.300792 0.95369 -0
    outer loop
      vertex 34.8118 -37.3838 0
      vertex 34.6371 -37.3287 5
      vertex 34.8118 -37.3838 5
    endloop
  endfacet
  facet normal 0.300792 0.95369 0
    outer loop
      vertex 34.6371 -37.3287 5
      vertex 34.8118 -37.3838 0
      vertex 34.6371 -37.3287 0
    endloop
  endfacet
  facet normal -0.216121 0.976367 0
    outer loop
      vertex 35.8989 -37.3838 0
      vertex 35.72 -37.4234 5
      vertex 35.8989 -37.3838 5
    endloop
  endfacet
  facet normal -0.216121 0.976367 0
    outer loop
      vertex 35.72 -37.4234 5
      vertex 35.8989 -37.3838 0
      vertex 35.72 -37.4234 0
    endloop
  endfacet
  facet normal 0.461782 -0.886993 0
    outer loop
      vertex 17.3348 -16.5661 0
      vertex 17.4973 -16.4815 5
      vertex 17.3348 -16.5661 5
    endloop
  endfacet
  facet normal 0.461782 -0.886993 0
    outer loop
      vertex 17.4973 -16.4815 5
      vertex 17.3348 -16.5661 0
      vertex 17.4973 -16.4815 0
    endloop
  endfacet
  facet normal -0.95369 0.300792 0
    outer loop
      vertex 37.3287 -36.0736 0
      vertex 37.3838 -35.8989 5
      vertex 37.3838 -35.8989 0
    endloop
  endfacet
  facet normal -0.95369 0.300792 0
    outer loop
      vertex 37.3838 -35.8989 5
      vertex 37.3287 -36.0736 0
      vertex 37.3287 -36.0736 5
    endloop
  endfacet
  facet normal -0.537582 -0.843212 0
    outer loop
      vertex 19.4348 -16.5661 0
      vertex 19.5893 -16.6646 5
      vertex 19.4348 -16.5661 5
    endloop
  endfacet
  facet normal -0.537582 -0.843212 -0
    outer loop
      vertex 19.5893 -16.6646 5
      vertex 19.4348 -16.5661 0
      vertex 19.5893 -16.6646 0
    endloop
  endfacet
  facet normal 0.300635 -0.953739 0
    outer loop
      vertex 17.6665 -16.4114 0
      vertex 17.8413 -16.3563 5
      vertex 17.6665 -16.4114 5
    endloop
  endfacet
  facet normal 0.300635 -0.953739 0
    outer loop
      vertex 17.8413 -16.3563 5
      vertex 17.6665 -16.4114 0
      vertex 17.8413 -16.3563 0
    endloop
  endfacet
  facet normal -0.886993 0.461782 0
    outer loop
      vertex 37.174 -36.4053 0
      vertex 37.2586 -36.2428 5
      vertex 37.2586 -36.2428 0
    endloop
  endfacet
  facet normal -0.886993 0.461782 0
    outer loop
      vertex 37.2586 -36.2428 5
      vertex 37.174 -36.4053 0
      vertex 37.174 -36.4053 5
    endloop
  endfacet
  facet normal -0.300792 -0.95369 0
    outer loop
      vertex 18.9283 -16.3563 0
      vertex 19.103 -16.4114 5
      vertex 18.9283 -16.3563 5
    endloop
  endfacet
  facet normal -0.300792 -0.95369 -0
    outer loop
      vertex 19.103 -16.4114 5
      vertex 18.9283 -16.3563 0
      vertex 19.103 -16.4114 0
    endloop
  endfacet
  facet normal 0.886993 0.461782 0
    outer loop
      vertex 16.5661 -19.4348 5
      vertex 16.4815 -19.2723 0
      vertex 16.4815 -19.2723 5
    endloop
  endfacet
  facet normal 0.886993 0.461782 0
    outer loop
      vertex 16.4815 -19.2723 0
      vertex 16.5661 -19.4348 5
      vertex 16.5661 -19.4348 0
    endloop
  endfacet
  facet normal 0.991451 -0.130483 0
    outer loop
      vertex 16.2928 -18.2017 5
      vertex 16.3167 -18.0201 0
      vertex 16.3167 -18.0201 5
    endloop
  endfacet
  facet normal 0.991451 -0.130483 0
    outer loop
      vertex 16.3167 -18.0201 0
      vertex 16.2928 -18.2017 5
      vertex 16.2928 -18.2017 0
    endloop
  endfacet
  facet normal 0.382754 -0.92385 0
    outer loop
      vertex 17.4973 -16.4815 0
      vertex 17.6665 -16.4114 5
      vertex 17.4973 -16.4815 5
    endloop
  endfacet
  facet normal 0.382754 -0.92385 0
    outer loop
      vertex 17.6665 -16.4114 5
      vertex 17.4973 -16.4815 0
      vertex 17.6665 -16.4114 0
    endloop
  endfacet
  facet normal -0.79307 -0.60913 0
    outer loop
      vertex 37.0756 -34.1508 0
      vertex 36.964 -34.0055 5
      vertex 36.964 -34.0055 0
    endloop
  endfacet
  facet normal -0.79307 -0.60913 0
    outer loop
      vertex 36.964 -34.0055 5
      vertex 37.0756 -34.1508 0
      vertex 37.0756 -34.1508 5
    endloop
  endfacet
  facet normal -0.0436503 0.999047 0
    outer loop
      vertex 35.5384 -37.4473 0
      vertex 35.3553 -37.4553 5
      vertex 35.5384 -37.4473 5
    endloop
  endfacet
  facet normal -0.0436503 0.999047 0
    outer loop
      vertex 35.3553 -37.4553 5
      vertex 35.5384 -37.4473 0
      vertex 35.3553 -37.4553 0
    endloop
  endfacet
  facet normal 0.92393 0.382561 0
    outer loop
      vertex 16.4815 -19.2723 5
      vertex 16.4114 -19.103 0
      vertex 16.4114 -19.103 5
    endloop
  endfacet
  facet normal 0.92393 0.382561 0
    outer loop
      vertex 16.4114 -19.103 0
      vertex 16.4815 -19.2723 5
      vertex 16.4815 -19.2723 0
    endloop
  endfacet
  facet normal 0.95369 0.300792 0
    outer loop
      vertex 16.4114 -19.103 5
      vertex 16.3563 -18.9283 0
      vertex 16.3563 -18.9283 5
    endloop
  endfacet
  facet normal 0.95369 0.300792 0
    outer loop
      vertex 16.3563 -18.9283 0
      vertex 16.4114 -19.103 5
      vertex 16.4114 -19.103 0
    endloop
  endfacet
  facet normal 0.608523 -0.793536 0
    outer loop
      vertex 17.0349 -16.7761 0
      vertex 17.1803 -16.6646 5
      vertex 17.0349 -16.7761 5
    endloop
  endfacet
  facet normal 0.608523 -0.793536 0
    outer loop
      vertex 17.1803 -16.6646 5
      vertex 17.0349 -16.7761 0
      vertex 17.1803 -16.6646 0
    endloop
  endfacet
  facet normal 0.0436741 0.999046 -0
    outer loop
      vertex 35.3553 -37.4553 0
      vertex 35.1723 -37.4473 5
      vertex 35.3553 -37.4553 5
    endloop
  endfacet
  facet normal 0.0436741 0.999046 0
    outer loop
      vertex 35.1723 -37.4473 5
      vertex 35.3553 -37.4553 0
      vertex 35.1723 -37.4473 0
    endloop
  endfacet
  facet normal 0.130483 0.991451 -0
    outer loop
      vertex 35.1723 -37.4473 0
      vertex 34.9907 -37.4234 5
      vertex 35.1723 -37.4473 5
    endloop
  endfacet
  facet normal 0.130483 0.991451 0
    outer loop
      vertex 34.9907 -37.4234 5
      vertex 35.1723 -37.4473 0
      vertex 34.9907 -37.4234 0
    endloop
  endfacet
  facet normal 0.953739 -0.300635 0
    outer loop
      vertex 16.3563 -17.8413 5
      vertex 16.4114 -17.6665 0
      vertex 16.4114 -17.6665 5
    endloop
  endfacet
  facet normal 0.953739 -0.300635 0
    outer loop
      vertex 16.4114 -17.6665 0
      vertex 16.3563 -17.8413 5
      vertex 16.3563 -17.8413 0
    endloop
  endfacet
  facet normal 0.976341 -0.216237 0
    outer loop
      vertex 16.3167 -18.0201 5
      vertex 16.3563 -17.8413 0
      vertex 16.3563 -17.8413 5
    endloop
  endfacet
  facet normal 0.976341 -0.216237 0
    outer loop
      vertex 16.3563 -17.8413 0
      vertex 16.3167 -18.0201 5
      vertex 16.3167 -18.0201 0
    endloop
  endfacet
  facet normal 0.793536 -0.608523 0
    outer loop
      vertex 16.6646 -17.1803 5
      vertex 16.7761 -17.0349 0
      vertex 16.7761 -17.0349 5
    endloop
  endfacet
  facet normal 0.793536 -0.608523 0
    outer loop
      vertex 16.7761 -17.0349 0
      vertex 16.6646 -17.1803 5
      vertex 16.6646 -17.1803 0
    endloop
  endfacet
  facet normal 0.737018 -0.675873 0
    outer loop
      vertex 16.7761 -17.0349 5
      vertex 16.8999 -16.8999 0
      vertex 16.8999 -16.8999 5
    endloop
  endfacet
  facet normal 0.737018 -0.675873 0
    outer loop
      vertex 16.8999 -16.8999 0
      vertex 16.7761 -17.0349 5
      vertex 16.7761 -17.0349 0
    endloop
  endfacet
  facet normal 0.382561 0.92393 -0
    outer loop
      vertex 34.6371 -37.3287 0
      vertex 34.4678 -37.2586 5
      vertex 34.6371 -37.3287 5
    endloop
  endfacet
  facet normal 0.382561 0.92393 0
    outer loop
      vertex 34.4678 -37.2586 5
      vertex 34.6371 -37.3287 0
      vertex 34.4678 -37.2586 0
    endloop
  endfacet
  facet normal 0.675873 -0.737018 0
    outer loop
      vertex 16.8999 -16.8999 0
      vertex 17.0349 -16.7761 5
      vertex 16.8999 -16.8999 5
    endloop
  endfacet
  facet normal 0.675873 -0.737018 0
    outer loop
      vertex 17.0349 -16.7761 5
      vertex 16.8999 -16.8999 0
      vertex 17.0349 -16.7761 0
    endloop
  endfacet
  facet normal 0.0436503 -0.999047 0
    outer loop
      vertex 18.2017 -16.2928 0
      vertex 18.3848 -16.2848 5
      vertex 18.2017 -16.2928 5
    endloop
  endfacet
  facet normal 0.0436503 -0.999047 0
    outer loop
      vertex 18.3848 -16.2848 5
      vertex 18.2017 -16.2928 0
      vertex 18.3848 -16.2848 0
    endloop
  endfacet
  facet normal 0.991451 0.130483 0
    outer loop
      vertex 16.3167 -18.7494 5
      vertex 16.2928 -18.5678 0
      vertex 16.2928 -18.5678 5
    endloop
  endfacet
  facet normal 0.991451 0.130483 0
    outer loop
      vertex 16.2928 -18.5678 0
      vertex 16.3167 -18.7494 5
      vertex 16.3167 -18.7494 0
    endloop
  endfacet
  facet normal -0.737539 0.675304 0
    outer loop
      vertex 36.8403 -36.8403 0
      vertex 36.964 -36.7052 5
      vertex 36.964 -36.7052 0
    endloop
  endfacet
  facet normal -0.737539 0.675304 0
    outer loop
      vertex 36.964 -36.7052 5
      vertex 36.8403 -36.8403 0
      vertex 36.8403 -36.8403 5
    endloop
  endfacet
  facet normal -0.843459 -0.537193 0
    outer loop
      vertex 37.174 -34.3053 0
      vertex 37.0756 -34.1508 5
      vertex 37.0756 -34.1508 0
    endloop
  endfacet
  facet normal -0.843459 -0.537193 0
    outer loop
      vertex 37.0756 -34.1508 5
      vertex 37.174 -34.3053 0
      vertex 37.174 -34.3053 5
    endloop
  endfacet
  facet normal 0.999047 -0.0436503 0
    outer loop
      vertex 16.2848 -18.3848 5
      vertex 16.2928 -18.2017 0
      vertex 16.2928 -18.2017 5
    endloop
  endfacet
  facet normal 0.999047 -0.0436503 0
    outer loop
      vertex 16.2928 -18.2017 0
      vertex 16.2848 -18.3848 5
      vertex 16.2848 -18.3848 0
    endloop
  endfacet
  facet normal 0.999046 0.0436741 0
    outer loop
      vertex 16.2928 -18.5678 5
      vertex 16.2848 -18.3848 0
      vertex 16.2848 -18.3848 5
    endloop
  endfacet
  facet normal 0.999046 0.0436741 0
    outer loop
      vertex 16.2848 -18.3848 0
      vertex 16.2928 -18.5678 5
      vertex 16.2928 -18.5678 0
    endloop
  endfacet
  facet normal -0.0436741 -0.999046 0
    outer loop
      vertex 18.3848 -16.2848 0
      vertex 18.5678 -16.2928 5
      vertex 18.3848 -16.2848 5
    endloop
  endfacet
  facet normal -0.0436741 -0.999046 -0
    outer loop
      vertex 18.5678 -16.2928 5
      vertex 18.3848 -16.2848 0
      vertex 18.5678 -16.2928 0
    endloop
  endfacet
  facet normal -0.608787 -0.793334 0
    outer loop
      vertex 19.5893 -16.6646 0
      vertex 19.7346 -16.7761 5
      vertex 19.5893 -16.6646 5
    endloop
  endfacet
  facet normal -0.608787 -0.793334 -0
    outer loop
      vertex 19.7346 -16.7761 5
      vertex 19.5893 -16.6646 0
      vertex 19.7346 -16.7761 0
    endloop
  endfacet
  facet normal -0.976367 -0.216121 0
    outer loop
      vertex 37.4234 -34.9907 0
      vertex 37.3838 -34.8118 5
      vertex 37.3838 -34.8118 0
    endloop
  endfacet
  facet normal -0.976367 -0.216121 0
    outer loop
      vertex 37.3838 -34.8118 5
      vertex 37.4234 -34.9907 0
      vertex 37.4234 -34.9907 5
    endloop
  endfacet
  facet normal 0.216237 -0.976341 0
    outer loop
      vertex 17.8413 -16.3563 0
      vertex 18.0201 -16.3167 5
      vertex 17.8413 -16.3563 5
    endloop
  endfacet
  facet normal 0.216237 -0.976341 0
    outer loop
      vertex 18.0201 -16.3167 5
      vertex 17.8413 -16.3563 0
      vertex 18.0201 -16.3167 0
    endloop
  endfacet
  facet normal -0.991451 -0.130483 0
    outer loop
      vertex 37.4473 -35.1723 0
      vertex 37.4234 -34.9907 5
      vertex 37.4234 -34.9907 0
    endloop
  endfacet
  facet normal -0.991451 -0.130483 0
    outer loop
      vertex 37.4234 -34.9907 5
      vertex 37.4473 -35.1723 0
      vertex 37.4473 -35.1723 5
    endloop
  endfacet
  facet normal -0.130483 -0.991451 0
    outer loop
      vertex 18.5678 -16.2928 0
      vertex 18.7494 -16.3167 5
      vertex 18.5678 -16.2928 5
    endloop
  endfacet
  facet normal -0.130483 -0.991451 -0
    outer loop
      vertex 18.7494 -16.3167 5
      vertex 18.5678 -16.2928 0
      vertex 18.7494 -16.3167 0
    endloop
  endfacet
  facet normal 0.216121 0.976367 -0
    outer loop
      vertex 34.9907 -37.4234 0
      vertex 34.8118 -37.3838 5
      vertex 34.9907 -37.4234 5
    endloop
  endfacet
  facet normal 0.216121 0.976367 0
    outer loop
      vertex 34.8118 -37.3838 5
      vertex 34.9907 -37.4234 0
      vertex 34.8118 -37.3838 0
    endloop
  endfacet
  facet normal -0.991451 0.130483 0
    outer loop
      vertex 37.4234 -35.72 0
      vertex 37.4473 -35.5384 5
      vertex 37.4473 -35.5384 0
    endloop
  endfacet
  facet normal -0.991451 0.130483 0
    outer loop
      vertex 37.4473 -35.5384 5
      vertex 37.4234 -35.72 0
      vertex 37.4234 -35.72 5
    endloop
  endfacet
  facet normal 0 -0.991384 -0.130984
    outer loop
      vertex 46 -13.2053 45.122
      vertex 52 -13.2213 45.2431
      vertex 46 -13.2213 45.2431
    endloop
  endfacet
  facet normal 0 -0.991384 -0.130984
    outer loop
      vertex 52 -13.2213 45.2431
      vertex 46 -13.2053 45.122
      vertex 52 -13.2053 45.122
    endloop
  endfacet
  facet normal 0 -0.216237 0.976341
    outer loop
      vertex 46 -14.2377 43.6477
      vertex 52 -14.3569 43.6213
      vertex 52 -14.2377 43.6477
    endloop
  endfacet
  facet normal 0 -0.216237 0.976341
    outer loop
      vertex 52 -14.3569 43.6213
      vertex 46 -14.2377 43.6477
      vertex 46 -14.3569 43.6213
    endloop
  endfacet
  facet normal -0 0.0434017 0.999058
    outer loop
      vertex 46 -14.6 43.6
      vertex 52 -14.722 43.6053
      vertex 52 -14.6 43.6
    endloop
  endfacet
  facet normal 0 0.0434017 0.999058
    outer loop
      vertex 52 -14.722 43.6053
      vertex 46 -14.6 43.6
      vertex 46 -14.722 43.6053
    endloop
  endfacet
  facet normal 0 -0.953793 -0.300465
    outer loop
      vertex 46 -13.2477 45.3623
      vertex 52 -13.2844 45.4788
      vertex 46 -13.2844 45.4788
    endloop
  endfacet
  facet normal 0 -0.953793 -0.300465
    outer loop
      vertex 52 -13.2844 45.4788
      vertex 46 -13.2477 45.3623
      vertex 52 -13.2477 45.3623
    endloop
  endfacet
  facet normal -0 0.300465 0.953793
    outer loop
      vertex 46 -14.9623 43.6477
      vertex 52 -15.0788 43.6844
      vertex 52 -14.9623 43.6477
    endloop
  endfacet
  facet normal 0 0.300465 0.953793
    outer loop
      vertex 52 -15.0788 43.6844
      vertex 46 -14.9623 43.6477
      vertex 46 -15.0788 43.6844
    endloop
  endfacet
  facet normal -0 0.38293 0.923777
    outer loop
      vertex 46 -15.0788 43.6844
      vertex 52 -15.1917 43.7312
      vertex 52 -15.0788 43.6844
    endloop
  endfacet
  facet normal 0 0.38293 0.923777
    outer loop
      vertex 52 -15.1917 43.7312
      vertex 46 -15.0788 43.6844
      vertex 46 -15.1917 43.7312
    endloop
  endfacet
  facet normal 0 -0.736746 0.676169
    outer loop
      vertex 46 -13.6101 44.0101
      vertex 52 -13.5275 44.1001
      vertex 46 -13.5275 44.1001
    endloop
  endfacet
  facet normal 0 -0.736746 0.676169
    outer loop
      vertex 52 -13.5275 44.1001
      vertex 46 -13.6101 44.0101
      vertex 52 -13.6101 44.0101
    endloop
  endfacet
  facet normal 0 -0.0434017 0.999058
    outer loop
      vertex 46 -14.478 43.6053
      vertex 52 -14.6 43.6
      vertex 52 -14.478 43.6053
    endloop
  endfacet
  facet normal 0 -0.0434017 0.999058
    outer loop
      vertex 52 -14.6 43.6
      vertex 46 -14.478 43.6053
      vertex 46 -14.6 43.6
    endloop
  endfacet
  facet normal 0 -0.999058 -0.0434017
    outer loop
      vertex 46 -13.2 45
      vertex 52 -13.2053 45.122
      vertex 46 -13.2053 45.122
    endloop
  endfacet
  facet normal 0 -0.999058 -0.0434017
    outer loop
      vertex 52 -13.2053 45.122
      vertex 46 -13.2 45
      vertex 52 -13.2 45
    endloop
  endfacet
  facet normal 0 -0.461894 -0.886935
    outer loop
      vertex 46 -14.0083 46.2688
      vertex 52 -13.9 46.2124
      vertex 52 -14.0083 46.2688
    endloop
  endfacet
  facet normal -0 -0.461894 -0.886935
    outer loop
      vertex 52 -13.9 46.2124
      vertex 46 -14.0083 46.2688
      vertex 46 -13.9 46.2124
    endloop
  endfacet
  facet normal 0 0.675725 -0.737154
    outer loop
      vertex 46 -15.5899 45.99
      vertex 52 -15.4999 46.0725
      vertex 52 -15.5899 45.99
    endloop
  endfacet
  facet normal 0 0.675725 -0.737154
    outer loop
      vertex 52 -15.4999 46.0725
      vertex 46 -15.5899 45.99
      vertex 46 -15.4999 46.0725
    endloop
  endfacet
  facet normal 0 -0.976341 -0.216237
    outer loop
      vertex 46 -13.2213 45.2431
      vertex 52 -13.2477 45.3623
      vertex 46 -13.2477 45.3623
    endloop
  endfacet
  facet normal 0 -0.976341 -0.216237
    outer loop
      vertex 52 -13.2477 45.3623
      vertex 46 -13.2213 45.2431
      vertex 52 -13.2213 45.2431
    endloop
  endfacet
  facet normal -0 0.537193 0.843459
    outer loop
      vertex 46 -15.3 43.7876
      vertex 52 -15.403 43.8532
      vertex 52 -15.3 43.7876
    endloop
  endfacet
  facet normal 0 0.537193 0.843459
    outer loop
      vertex 52 -15.403 43.8532
      vertex 46 -15.3 43.7876
      vertex 46 -15.403 43.8532
    endloop
  endfacet
  facet normal 0 -0.923777 -0.38293
    outer loop
      vertex 46 -13.2844 45.4788
      vertex 52 -13.3312 45.5917
      vertex 46 -13.3312 45.5917
    endloop
  endfacet
  facet normal 0 -0.923777 -0.38293
    outer loop
      vertex 52 -13.3312 45.5917
      vertex 46 -13.2844 45.4788
      vertex 52 -13.2844 45.4788
    endloop
  endfacet
  facet normal 0 0.923777 -0.38293
    outer loop
      vertex 52 -15.9156 45.4788
      vertex 46 -15.8688 45.5917
      vertex 52 -15.8688 45.5917
    endloop
  endfacet
  facet normal 0 0.923777 -0.38293
    outer loop
      vertex 46 -15.8688 45.5917
      vertex 52 -15.9156 45.4788
      vertex 46 -15.9156 45.4788
    endloop
  endfacet
  facet normal -0 0.676169 0.736746
    outer loop
      vertex 46 -15.4999 43.9275
      vertex 52 -15.5899 44.0101
      vertex 52 -15.4999 43.9275
    endloop
  endfacet
  facet normal 0 0.676169 0.736746
    outer loop
      vertex 52 -15.5899 44.0101
      vertex 46 -15.4999 43.9275
      vertex 46 -15.5899 44.0101
    endloop
  endfacet
  facet normal 0 -0.537193 0.843459
    outer loop
      vertex 46 -13.797 43.8532
      vertex 52 -13.9 43.7876
      vertex 52 -13.797 43.8532
    endloop
  endfacet
  facet normal 0 -0.537193 0.843459
    outer loop
      vertex 52 -13.9 43.7876
      vertex 46 -13.797 43.8532
      vertex 46 -13.9 43.7876
    endloop
  endfacet
  facet normal -0 0.130984 0.991384
    outer loop
      vertex 46 -14.722 43.6053
      vertex 52 -14.8431 43.6213
      vertex 52 -14.722 43.6053
    endloop
  endfacet
  facet normal 0 0.130984 0.991384
    outer loop
      vertex 52 -14.8431 43.6213
      vertex 46 -14.722 43.6053
      vertex 46 -14.8431 43.6213
    endloop
  endfacet
  facet normal 0 0.953793 0.300465
    outer loop
      vertex 52 -15.9156 44.5212
      vertex 46 -15.9523 44.6377
      vertex 52 -15.9523 44.6377
    endloop
  endfacet
  facet normal 0 0.953793 0.300465
    outer loop
      vertex 46 -15.9523 44.6377
      vertex 52 -15.9156 44.5212
      vertex 46 -15.9156 44.5212
    endloop
  endfacet
  facet normal 0 -0.976341 0.216237
    outer loop
      vertex 46 -13.2477 44.6377
      vertex 52 -13.2213 44.7569
      vertex 46 -13.2213 44.7569
    endloop
  endfacet
  facet normal 0 -0.976341 0.216237
    outer loop
      vertex 52 -13.2213 44.7569
      vertex 46 -13.2477 44.6377
      vertex 52 -13.2477 44.6377
    endloop
  endfacet
  facet normal 0 -0.793567 -0.608483
    outer loop
      vertex 46 -13.4532 45.803
      vertex 52 -13.5275 45.8999
      vertex 46 -13.5275 45.8999
    endloop
  endfacet
  facet normal 0 -0.793567 -0.608483
    outer loop
      vertex 52 -13.5275 45.8999
      vertex 46 -13.4532 45.803
      vertex 52 -13.4532 45.803
    endloop
  endfacet
  facet normal 0 -0.38293 0.923777
    outer loop
      vertex 46 -14.0083 43.7312
      vertex 52 -14.1212 43.6844
      vertex 52 -14.0083 43.7312
    endloop
  endfacet
  facet normal 0 -0.38293 0.923777
    outer loop
      vertex 52 -14.1212 43.6844
      vertex 46 -14.0083 43.7312
      vertex 46 -14.1212 43.6844
    endloop
  endfacet
  facet normal 0 -0.300465 -0.953793
    outer loop
      vertex 46 -14.2377 46.3523
      vertex 52 -14.1212 46.3156
      vertex 52 -14.2377 46.3523
    endloop
  endfacet
  facet normal -0 -0.300465 -0.953793
    outer loop
      vertex 52 -14.1212 46.3156
      vertex 46 -14.2377 46.3523
      vertex 46 -14.1212 46.3156
    endloop
  endfacet
  facet normal -0 0.216237 0.976341
    outer loop
      vertex 46 -14.8431 43.6213
      vertex 52 -14.9623 43.6477
      vertex 52 -14.8431 43.6213
    endloop
  endfacet
  facet normal 0 0.216237 0.976341
    outer loop
      vertex 52 -14.9623 43.6477
      vertex 46 -14.8431 43.6213
      vertex 46 -14.9623 43.6477
    endloop
  endfacet
  facet normal 0 0.991384 0.130984
    outer loop
      vertex 52 -15.9787 44.7569
      vertex 46 -15.9947 44.878
      vertex 52 -15.9947 44.878
    endloop
  endfacet
  facet normal 0 0.991384 0.130984
    outer loop
      vertex 46 -15.9947 44.878
      vertex 52 -15.9787 44.7569
      vertex 46 -15.9787 44.7569
    endloop
  endfacet
  facet normal 0 -0.886935 0.461894
    outer loop
      vertex 46 -13.3876 44.3
      vertex 52 -13.3312 44.4083
      vertex 46 -13.3312 44.4083
    endloop
  endfacet
  facet normal 0 -0.886935 0.461894
    outer loop
      vertex 52 -13.3312 44.4083
      vertex 46 -13.3876 44.3
      vertex 52 -13.3876 44.3
    endloop
  endfacet
  facet normal 0 -0.130984 0.991384
    outer loop
      vertex 46 -14.3569 43.6213
      vertex 52 -14.478 43.6053
      vertex 52 -14.3569 43.6213
    endloop
  endfacet
  facet normal 0 -0.130984 0.991384
    outer loop
      vertex 52 -14.478 43.6053
      vertex 46 -14.3569 43.6213
      vertex 46 -14.478 43.6053
    endloop
  endfacet
  facet normal 0 0.999058 0.0434017
    outer loop
      vertex 52 -15.9947 44.878
      vertex 46 -16 45
      vertex 52 -16 45
    endloop
  endfacet
  facet normal 0 0.999058 0.0434017
    outer loop
      vertex 46 -16 45
      vertex 52 -15.9947 44.878
      vertex 46 -15.9947 44.878
    endloop
  endfacet
  facet normal 0 0.976341 0.216237
    outer loop
      vertex 52 -15.9523 44.6377
      vertex 46 -15.9787 44.7569
      vertex 52 -15.9787 44.7569
    endloop
  endfacet
  facet normal 0 0.976341 0.216237
    outer loop
      vertex 46 -15.9787 44.7569
      vertex 52 -15.9523 44.6377
      vertex 46 -15.9523 44.6377
    endloop
  endfacet
  facet normal 0 0.461894 -0.886935
    outer loop
      vertex 46 -15.3 46.2124
      vertex 52 -15.1917 46.2688
      vertex 52 -15.3 46.2124
    endloop
  endfacet
  facet normal 0 0.461894 -0.886935
    outer loop
      vertex 52 -15.1917 46.2688
      vertex 46 -15.3 46.2124
      vertex 46 -15.1917 46.2688
    endloop
  endfacet
  facet normal 0 -0.843459 -0.537193
    outer loop
      vertex 46 -13.3876 45.7
      vertex 52 -13.4532 45.803
      vertex 46 -13.4532 45.803
    endloop
  endfacet
  facet normal 0 -0.843459 -0.537193
    outer loop
      vertex 52 -13.4532 45.803
      vertex 46 -13.3876 45.7
      vertex 52 -13.3876 45.7
    endloop
  endfacet
  facet normal 0 0.73712 -0.675762
    outer loop
      vertex 52 -15.6725 45.8999
      vertex 46 -15.5899 45.99
      vertex 52 -15.5899 45.99
    endloop
  endfacet
  facet normal 0 0.73712 -0.675762
    outer loop
      vertex 46 -15.5899 45.99
      vertex 52 -15.6725 45.8999
      vertex 46 -15.6725 45.8999
    endloop
  endfacet
  facet normal 0 0.216237 -0.976341
    outer loop
      vertex 46 -14.9623 46.3523
      vertex 52 -14.8431 46.3787
      vertex 52 -14.9623 46.3523
    endloop
  endfacet
  facet normal 0 0.216237 -0.976341
    outer loop
      vertex 52 -14.8431 46.3787
      vertex 46 -14.9623 46.3523
      vertex 46 -14.8431 46.3787
    endloop
  endfacet
  facet normal 0 0.38293 -0.923777
    outer loop
      vertex 46 -15.1917 46.2688
      vertex 52 -15.0788 46.3156
      vertex 52 -15.1917 46.2688
    endloop
  endfacet
  facet normal 0 0.38293 -0.923777
    outer loop
      vertex 52 -15.0788 46.3156
      vertex 46 -15.1917 46.2688
      vertex 46 -15.0788 46.3156
    endloop
  endfacet
  facet normal 0 -0.216237 -0.976341
    outer loop
      vertex 46 -14.3569 46.3787
      vertex 52 -14.2377 46.3523
      vertex 52 -14.3569 46.3787
    endloop
  endfacet
  facet normal -0 -0.216237 -0.976341
    outer loop
      vertex 52 -14.2377 46.3523
      vertex 46 -14.3569 46.3787
      vertex 46 -14.2377 46.3523
    endloop
  endfacet
  facet normal 0 0.130984 -0.991384
    outer loop
      vertex 46 -14.8431 46.3787
      vertex 52 -14.722 46.3947
      vertex 52 -14.8431 46.3787
    endloop
  endfacet
  facet normal 0 0.130984 -0.991384
    outer loop
      vertex 52 -14.722 46.3947
      vertex 46 -14.8431 46.3787
      vertex 46 -14.722 46.3947
    endloop
  endfacet
  facet normal 0 -0.923777 0.38293
    outer loop
      vertex 46 -13.3312 44.4083
      vertex 52 -13.2844 44.5212
      vertex 46 -13.2844 44.5212
    endloop
  endfacet
  facet normal 0 -0.923777 0.38293
    outer loop
      vertex 52 -13.2844 44.5212
      vertex 46 -13.3312 44.4083
      vertex 52 -13.3312 44.4083
    endloop
  endfacet
  facet normal -0 0.608483 0.793567
    outer loop
      vertex 46 -15.403 43.8532
      vertex 52 -15.4999 43.9275
      vertex 52 -15.403 43.8532
    endloop
  endfacet
  facet normal 0 0.608483 0.793567
    outer loop
      vertex 52 -15.4999 43.9275
      vertex 46 -15.403 43.8532
      vertex 46 -15.4999 43.9275
    endloop
  endfacet
  facet normal 0 -0.886935 -0.461894
    outer loop
      vertex 46 -13.3312 45.5917
      vertex 52 -13.3876 45.7
      vertex 46 -13.3876 45.7
    endloop
  endfacet
  facet normal 0 -0.886935 -0.461894
    outer loop
      vertex 52 -13.3876 45.7
      vertex 46 -13.3312 45.5917
      vertex 52 -13.3312 45.5917
    endloop
  endfacet
  facet normal 0 -0.537193 -0.843459
    outer loop
      vertex 46 -13.9 46.2124
      vertex 52 -13.797 46.1468
      vertex 52 -13.9 46.2124
    endloop
  endfacet
  facet normal -0 -0.537193 -0.843459
    outer loop
      vertex 52 -13.797 46.1468
      vertex 46 -13.9 46.2124
      vertex 46 -13.797 46.1468
    endloop
  endfacet
  facet normal 0 -0.793567 0.608483
    outer loop
      vertex 46 -13.5275 44.1001
      vertex 52 -13.4532 44.197
      vertex 46 -13.4532 44.197
    endloop
  endfacet
  facet normal 0 -0.793567 0.608483
    outer loop
      vertex 52 -13.4532 44.197
      vertex 46 -13.5275 44.1001
      vertex 52 -13.5275 44.1001
    endloop
  endfacet
  facet normal 0 0.923777 0.38293
    outer loop
      vertex 52 -15.8688 44.4083
      vertex 46 -15.9156 44.5212
      vertex 52 -15.9156 44.5212
    endloop
  endfacet
  facet normal 0 0.923777 0.38293
    outer loop
      vertex 46 -15.9156 44.5212
      vertex 52 -15.8688 44.4083
      vertex 46 -15.8688 44.4083
    endloop
  endfacet
  facet normal 0 -0.300465 0.953793
    outer loop
      vertex 46 -14.1212 43.6844
      vertex 52 -14.2377 43.6477
      vertex 52 -14.1212 43.6844
    endloop
  endfacet
  facet normal 0 -0.300465 0.953793
    outer loop
      vertex 52 -14.2377 43.6477
      vertex 46 -14.1212 43.6844
      vertex 46 -14.2377 43.6477
    endloop
  endfacet
  facet normal 0 -0.843459 0.537193
    outer loop
      vertex 46 -13.4532 44.197
      vertex 52 -13.3876 44.3
      vertex 46 -13.3876 44.3
    endloop
  endfacet
  facet normal 0 -0.843459 0.537193
    outer loop
      vertex 52 -13.3876 44.3
      vertex 46 -13.4532 44.197
      vertex 52 -13.4532 44.197
    endloop
  endfacet
  facet normal 0 -0.73712 -0.675762
    outer loop
      vertex 46 -13.5275 45.8999
      vertex 52 -13.6101 45.99
      vertex 46 -13.6101 45.99
    endloop
  endfacet
  facet normal 0 -0.73712 -0.675762
    outer loop
      vertex 52 -13.6101 45.99
      vertex 46 -13.5275 45.8999
      vertex 52 -13.5275 45.8999
    endloop
  endfacet
  facet normal 0 -0.676169 0.736746
    outer loop
      vertex 46 -13.6101 44.0101
      vertex 52 -13.7001 43.9275
      vertex 52 -13.6101 44.0101
    endloop
  endfacet
  facet normal 0 -0.676169 0.736746
    outer loop
      vertex 52 -13.7001 43.9275
      vertex 46 -13.6101 44.0101
      vertex 46 -13.7001 43.9275
    endloop
  endfacet
  facet normal 0 -0.999058 0.0434017
    outer loop
      vertex 46 -13.2053 44.878
      vertex 52 -13.2 45
      vertex 46 -13.2 45
    endloop
  endfacet
  facet normal 0 -0.999058 0.0434017
    outer loop
      vertex 52 -13.2 45
      vertex 46 -13.2053 44.878
      vertex 52 -13.2053 44.878
    endloop
  endfacet
  facet normal -0 0.461894 0.886935
    outer loop
      vertex 46 -15.1917 43.7312
      vertex 52 -15.3 43.7876
      vertex 52 -15.1917 43.7312
    endloop
  endfacet
  facet normal 0 0.461894 0.886935
    outer loop
      vertex 52 -15.3 43.7876
      vertex 46 -15.1917 43.7312
      vertex 46 -15.3 43.7876
    endloop
  endfacet
  facet normal 0 -0.461894 0.886935
    outer loop
      vertex 46 -13.9 43.7876
      vertex 52 -14.0083 43.7312
      vertex 52 -13.9 43.7876
    endloop
  endfacet
  facet normal 0 -0.461894 0.886935
    outer loop
      vertex 52 -14.0083 43.7312
      vertex 46 -13.9 43.7876
      vertex 46 -14.0083 43.7312
    endloop
  endfacet
  facet normal 0 0.608483 -0.793567
    outer loop
      vertex 46 -15.4999 46.0725
      vertex 52 -15.403 46.1468
      vertex 52 -15.4999 46.0725
    endloop
  endfacet
  facet normal 0 0.608483 -0.793567
    outer loop
      vertex 52 -15.403 46.1468
      vertex 46 -15.4999 46.0725
      vertex 46 -15.403 46.1468
    endloop
  endfacet
  facet normal 0 0.0434017 -0.999058
    outer loop
      vertex 46 -14.722 46.3947
      vertex 52 -14.6 46.4
      vertex 52 -14.722 46.3947
    endloop
  endfacet
  facet normal 0 0.0434017 -0.999058
    outer loop
      vertex 52 -14.6 46.4
      vertex 46 -14.722 46.3947
      vertex 46 -14.6 46.4
    endloop
  endfacet
  facet normal 0 -0.675725 -0.737154
    outer loop
      vertex 46 -13.7001 46.0725
      vertex 52 -13.6101 45.99
      vertex 52 -13.7001 46.0725
    endloop
  endfacet
  facet normal -0 -0.675725 -0.737154
    outer loop
      vertex 52 -13.6101 45.99
      vertex 46 -13.7001 46.0725
      vertex 46 -13.6101 45.99
    endloop
  endfacet
  facet normal 0 -0.953793 0.300465
    outer loop
      vertex 46 -13.2844 44.5212
      vertex 52 -13.2477 44.6377
      vertex 46 -13.2477 44.6377
    endloop
  endfacet
  facet normal 0 -0.953793 0.300465
    outer loop
      vertex 52 -13.2477 44.6377
      vertex 46 -13.2844 44.5212
      vertex 52 -13.2844 44.5212
    endloop
  endfacet
  facet normal 0 -0.608483 0.793567
    outer loop
      vertex 46 -13.7001 43.9275
      vertex 52 -13.797 43.8532
      vertex 52 -13.7001 43.9275
    endloop
  endfacet
  facet normal 0 -0.608483 0.793567
    outer loop
      vertex 52 -13.797 43.8532
      vertex 46 -13.7001 43.9275
      vertex 46 -13.797 43.8532
    endloop
  endfacet
  facet normal 0 0.843459 0.537193
    outer loop
      vertex 52 -15.7468 44.197
      vertex 46 -15.8124 44.3
      vertex 52 -15.8124 44.3
    endloop
  endfacet
  facet normal 0 0.843459 0.537193
    outer loop
      vertex 46 -15.8124 44.3
      vertex 52 -15.7468 44.197
      vertex 46 -15.7468 44.197
    endloop
  endfacet
  facet normal 0 -0.991384 0.130984
    outer loop
      vertex 46 -13.2213 44.7569
      vertex 52 -13.2053 44.878
      vertex 46 -13.2053 44.878
    endloop
  endfacet
  facet normal 0 -0.991384 0.130984
    outer loop
      vertex 52 -13.2053 44.878
      vertex 46 -13.2213 44.7569
      vertex 52 -13.2213 44.7569
    endloop
  endfacet
  facet normal 0 -0.38293 -0.923777
    outer loop
      vertex 46 -14.1212 46.3156
      vertex 52 -14.0083 46.2688
      vertex 52 -14.1212 46.3156
    endloop
  endfacet
  facet normal -0 -0.38293 -0.923777
    outer loop
      vertex 52 -14.0083 46.2688
      vertex 46 -14.1212 46.3156
      vertex 46 -14.0083 46.2688
    endloop
  endfacet
  facet normal 0 0.300465 -0.953793
    outer loop
      vertex 46 -15.0788 46.3156
      vertex 52 -14.9623 46.3523
      vertex 52 -15.0788 46.3156
    endloop
  endfacet
  facet normal 0 0.300465 -0.953793
    outer loop
      vertex 52 -14.9623 46.3523
      vertex 46 -15.0788 46.3156
      vertex 46 -14.9623 46.3523
    endloop
  endfacet
  facet normal 0 0.886935 0.461894
    outer loop
      vertex 52 -15.8124 44.3
      vertex 46 -15.8688 44.4083
      vertex 52 -15.8688 44.4083
    endloop
  endfacet
  facet normal 0 0.886935 0.461894
    outer loop
      vertex 46 -15.8688 44.4083
      vertex 52 -15.8124 44.3
      vertex 46 -15.8124 44.3
    endloop
  endfacet
  facet normal 0 0.991384 -0.130984
    outer loop
      vertex 52 -15.9947 45.122
      vertex 46 -15.9787 45.2431
      vertex 52 -15.9787 45.2431
    endloop
  endfacet
  facet normal 0 0.991384 -0.130984
    outer loop
      vertex 46 -15.9787 45.2431
      vertex 52 -15.9947 45.122
      vertex 46 -15.9947 45.122
    endloop
  endfacet
  facet normal 0 0.886935 -0.461894
    outer loop
      vertex 52 -15.8688 45.5917
      vertex 46 -15.8124 45.7
      vertex 52 -15.8124 45.7
    endloop
  endfacet
  facet normal 0 0.886935 -0.461894
    outer loop
      vertex 46 -15.8124 45.7
      vertex 52 -15.8688 45.5917
      vertex 46 -15.8688 45.5917
    endloop
  endfacet
  facet normal 0 -0.608483 -0.793567
    outer loop
      vertex 46 -13.797 46.1468
      vertex 52 -13.7001 46.0725
      vertex 52 -13.797 46.1468
    endloop
  endfacet
  facet normal -0 -0.608483 -0.793567
    outer loop
      vertex 52 -13.7001 46.0725
      vertex 46 -13.797 46.1468
      vertex 46 -13.7001 46.0725
    endloop
  endfacet
  facet normal 0 0.999058 -0.0434017
    outer loop
      vertex 52 -16 45
      vertex 46 -15.9947 45.122
      vertex 52 -15.9947 45.122
    endloop
  endfacet
  facet normal 0 0.999058 -0.0434017
    outer loop
      vertex 46 -15.9947 45.122
      vertex 52 -16 45
      vertex 46 -16 45
    endloop
  endfacet
  facet normal 0 -0.130984 -0.991384
    outer loop
      vertex 46 -14.478 46.3947
      vertex 52 -14.3569 46.3787
      vertex 52 -14.478 46.3947
    endloop
  endfacet
  facet normal -0 -0.130984 -0.991384
    outer loop
      vertex 52 -14.3569 46.3787
      vertex 46 -14.478 46.3947
      vertex 46 -14.3569 46.3787
    endloop
  endfacet
  facet normal 0 -0.0434017 -0.999058
    outer loop
      vertex 46 -14.6 46.4
      vertex 52 -14.478 46.3947
      vertex 52 -14.6 46.4
    endloop
  endfacet
  facet normal -0 -0.0434017 -0.999058
    outer loop
      vertex 52 -14.478 46.3947
      vertex 46 -14.6 46.4
      vertex 46 -14.478 46.3947
    endloop
  endfacet
  facet normal 0 0.976341 -0.216237
    outer loop
      vertex 52 -15.9787 45.2431
      vertex 46 -15.9523 45.3623
      vertex 52 -15.9523 45.3623
    endloop
  endfacet
  facet normal 0 0.976341 -0.216237
    outer loop
      vertex 46 -15.9523 45.3623
      vertex 52 -15.9787 45.2431
      vertex 46 -15.9787 45.2431
    endloop
  endfacet
  facet normal 0 0.793567 -0.608483
    outer loop
      vertex 52 -15.7468 45.803
      vertex 46 -15.6725 45.8999
      vertex 52 -15.6725 45.8999
    endloop
  endfacet
  facet normal 0 0.793567 -0.608483
    outer loop
      vertex 46 -15.6725 45.8999
      vertex 52 -15.7468 45.803
      vertex 46 -15.7468 45.803
    endloop
  endfacet
  facet normal 0 0.736746 0.676169
    outer loop
      vertex 52 -15.5899 44.0101
      vertex 46 -15.6725 44.1001
      vertex 52 -15.6725 44.1001
    endloop
  endfacet
  facet normal 0 0.736746 0.676169
    outer loop
      vertex 46 -15.6725 44.1001
      vertex 52 -15.5899 44.0101
      vertex 46 -15.5899 44.0101
    endloop
  endfacet
  facet normal 0 0.793567 0.608483
    outer loop
      vertex 52 -15.6725 44.1001
      vertex 46 -15.7468 44.197
      vertex 52 -15.7468 44.197
    endloop
  endfacet
  facet normal 0 0.793567 0.608483
    outer loop
      vertex 46 -15.7468 44.197
      vertex 52 -15.6725 44.1001
      vertex 46 -15.6725 44.1001
    endloop
  endfacet
  facet normal 0 0.537193 -0.843459
    outer loop
      vertex 46 -15.403 46.1468
      vertex 52 -15.3 46.2124
      vertex 52 -15.403 46.1468
    endloop
  endfacet
  facet normal 0 0.537193 -0.843459
    outer loop
      vertex 52 -15.3 46.2124
      vertex 46 -15.403 46.1468
      vertex 46 -15.3 46.2124
    endloop
  endfacet
  facet normal 0 0.953793 -0.300465
    outer loop
      vertex 52 -15.9523 45.3623
      vertex 46 -15.9156 45.4788
      vertex 52 -15.9156 45.4788
    endloop
  endfacet
  facet normal 0 0.953793 -0.300465
    outer loop
      vertex 46 -15.9156 45.4788
      vertex 52 -15.9523 45.3623
      vertex 46 -15.9523 45.3623
    endloop
  endfacet
  facet normal 0 0.843459 -0.537193
    outer loop
      vertex 52 -15.8124 45.7
      vertex 46 -15.7468 45.803
      vertex 52 -15.7468 45.803
    endloop
  endfacet
  facet normal 0 0.843459 -0.537193
    outer loop
      vertex 46 -15.7468 45.803
      vertex 52 -15.8124 45.7
      vertex 46 -15.8124 45.7
    endloop
  endfacet
  facet normal 0 -0.991384 -0.130984
    outer loop
      vertex 46 -13.2053 55.122
      vertex 52 -13.2213 55.2431
      vertex 46 -13.2213 55.2431
    endloop
  endfacet
  facet normal 0 -0.991384 -0.130984
    outer loop
      vertex 52 -13.2213 55.2431
      vertex 46 -13.2053 55.122
      vertex 52 -13.2053 55.122
    endloop
  endfacet
  facet normal 0 -0.216237 0.976341
    outer loop
      vertex 46 -14.2377 53.6477
      vertex 52 -14.3569 53.6213
      vertex 52 -14.2377 53.6477
    endloop
  endfacet
  facet normal 0 -0.216237 0.976341
    outer loop
      vertex 52 -14.3569 53.6213
      vertex 46 -14.2377 53.6477
      vertex 46 -14.3569 53.6213
    endloop
  endfacet
  facet normal -0 0.0434017 0.999058
    outer loop
      vertex 46 -14.6 53.6
      vertex 52 -14.722 53.6053
      vertex 52 -14.6 53.6
    endloop
  endfacet
  facet normal 0 0.0434017 0.999058
    outer loop
      vertex 52 -14.722 53.6053
      vertex 46 -14.6 53.6
      vertex 46 -14.722 53.6053
    endloop
  endfacet
  facet normal 0 -0.953793 -0.300465
    outer loop
      vertex 46 -13.2477 55.3623
      vertex 52 -13.2844 55.4788
      vertex 46 -13.2844 55.4788
    endloop
  endfacet
  facet normal 0 -0.953793 -0.300465
    outer loop
      vertex 52 -13.2844 55.4788
      vertex 46 -13.2477 55.3623
      vertex 52 -13.2477 55.3623
    endloop
  endfacet
  facet normal -0 0.300465 0.953793
    outer loop
      vertex 46 -14.9623 53.6477
      vertex 52 -15.0788 53.6844
      vertex 52 -14.9623 53.6477
    endloop
  endfacet
  facet normal 0 0.300465 0.953793
    outer loop
      vertex 52 -15.0788 53.6844
      vertex 46 -14.9623 53.6477
      vertex 46 -15.0788 53.6844
    endloop
  endfacet
  facet normal -0 0.38293 0.923777
    outer loop
      vertex 46 -15.0788 53.6844
      vertex 52 -15.1917 53.7312
      vertex 52 -15.0788 53.6844
    endloop
  endfacet
  facet normal 0 0.38293 0.923777
    outer loop
      vertex 52 -15.1917 53.7312
      vertex 46 -15.0788 53.6844
      vertex 46 -15.1917 53.7312
    endloop
  endfacet
  facet normal 0 -0.73712 0.675762
    outer loop
      vertex 46 -13.6101 54.01
      vertex 52 -13.5275 54.1001
      vertex 46 -13.5275 54.1001
    endloop
  endfacet
  facet normal 0 -0.73712 0.675762
    outer loop
      vertex 52 -13.5275 54.1001
      vertex 46 -13.6101 54.01
      vertex 52 -13.6101 54.01
    endloop
  endfacet
  facet normal 0 -0.0434017 0.999058
    outer loop
      vertex 46 -14.478 53.6053
      vertex 52 -14.6 53.6
      vertex 52 -14.478 53.6053
    endloop
  endfacet
  facet normal 0 -0.0434017 0.999058
    outer loop
      vertex 52 -14.6 53.6
      vertex 46 -14.478 53.6053
      vertex 46 -14.6 53.6
    endloop
  endfacet
  facet normal 0 -0.999058 -0.0434017
    outer loop
      vertex 46 -13.2 55
      vertex 52 -13.2053 55.122
      vertex 46 -13.2053 55.122
    endloop
  endfacet
  facet normal 0 -0.999058 -0.0434017
    outer loop
      vertex 52 -13.2053 55.122
      vertex 46 -13.2 55
      vertex 52 -13.2 55
    endloop
  endfacet
  facet normal 0 -0.461894 -0.886935
    outer loop
      vertex 46 -14.0083 56.2688
      vertex 52 -13.9 56.2124
      vertex 52 -14.0083 56.2688
    endloop
  endfacet
  facet normal -0 -0.461894 -0.886935
    outer loop
      vertex 52 -13.9 56.2124
      vertex 46 -14.0083 56.2688
      vertex 46 -13.9 56.2124
    endloop
  endfacet
  facet normal 0 0.676169 -0.736746
    outer loop
      vertex 46 -15.5899 55.9899
      vertex 52 -15.4999 56.0725
      vertex 52 -15.5899 55.9899
    endloop
  endfacet
  facet normal 0 0.676169 -0.736746
    outer loop
      vertex 52 -15.4999 56.0725
      vertex 46 -15.5899 55.9899
      vertex 46 -15.4999 56.0725
    endloop
  endfacet
  facet normal 0 -0.976341 -0.216237
    outer loop
      vertex 46 -13.2213 55.2431
      vertex 52 -13.2477 55.3623
      vertex 46 -13.2477 55.3623
    endloop
  endfacet
  facet normal 0 -0.976341 -0.216237
    outer loop
      vertex 52 -13.2477 55.3623
      vertex 46 -13.2213 55.2431
      vertex 52 -13.2213 55.2431
    endloop
  endfacet
  facet normal -0 0.537193 0.843459
    outer loop
      vertex 46 -15.3 53.7876
      vertex 52 -15.403 53.8532
      vertex 52 -15.3 53.7876
    endloop
  endfacet
  facet normal 0 0.537193 0.843459
    outer loop
      vertex 52 -15.403 53.8532
      vertex 46 -15.3 53.7876
      vertex 46 -15.403 53.8532
    endloop
  endfacet
  facet normal 0 -0.923777 -0.38293
    outer loop
      vertex 46 -13.2844 55.4788
      vertex 52 -13.3312 55.5917
      vertex 46 -13.3312 55.5917
    endloop
  endfacet
  facet normal 0 -0.923777 -0.38293
    outer loop
      vertex 52 -13.3312 55.5917
      vertex 46 -13.2844 55.4788
      vertex 52 -13.2844 55.4788
    endloop
  endfacet
  facet normal 0 0.923777 -0.38293
    outer loop
      vertex 52 -15.9156 55.4788
      vertex 46 -15.8688 55.5917
      vertex 52 -15.8688 55.5917
    endloop
  endfacet
  facet normal 0 0.923777 -0.38293
    outer loop
      vertex 46 -15.8688 55.5917
      vertex 52 -15.9156 55.4788
      vertex 46 -15.9156 55.4788
    endloop
  endfacet
  facet normal -0 0.675725 0.737154
    outer loop
      vertex 46 -15.4999 53.9275
      vertex 52 -15.5899 54.01
      vertex 52 -15.4999 53.9275
    endloop
  endfacet
  facet normal 0 0.675725 0.737154
    outer loop
      vertex 52 -15.5899 54.01
      vertex 46 -15.4999 53.9275
      vertex 46 -15.5899 54.01
    endloop
  endfacet
  facet normal 0 -0.537193 0.843459
    outer loop
      vertex 46 -13.797 53.8532
      vertex 52 -13.9 53.7876
      vertex 52 -13.797 53.8532
    endloop
  endfacet
  facet normal 0 -0.537193 0.843459
    outer loop
      vertex 52 -13.9 53.7876
      vertex 46 -13.797 53.8532
      vertex 46 -13.9 53.7876
    endloop
  endfacet
  facet normal -0 0.130984 0.991384
    outer loop
      vertex 46 -14.722 53.6053
      vertex 52 -14.8431 53.6213
      vertex 52 -14.722 53.6053
    endloop
  endfacet
  facet normal 0 0.130984 0.991384
    outer loop
      vertex 52 -14.8431 53.6213
      vertex 46 -14.722 53.6053
      vertex 46 -14.8431 53.6213
    endloop
  endfacet
  facet normal 0 0.953793 0.300465
    outer loop
      vertex 52 -15.9156 54.5212
      vertex 46 -15.9523 54.6377
      vertex 52 -15.9523 54.6377
    endloop
  endfacet
  facet normal 0 0.953793 0.300465
    outer loop
      vertex 46 -15.9523 54.6377
      vertex 52 -15.9156 54.5212
      vertex 46 -15.9156 54.5212
    endloop
  endfacet
  facet normal 0 -0.976341 0.216237
    outer loop
      vertex 46 -13.2477 54.6377
      vertex 52 -13.2213 54.7569
      vertex 46 -13.2213 54.7569
    endloop
  endfacet
  facet normal 0 -0.976341 0.216237
    outer loop
      vertex 52 -13.2213 54.7569
      vertex 46 -13.2477 54.6377
      vertex 52 -13.2477 54.6377
    endloop
  endfacet
  facet normal 0 -0.793567 -0.608483
    outer loop
      vertex 46 -13.4532 55.803
      vertex 52 -13.5275 55.8999
      vertex 46 -13.5275 55.8999
    endloop
  endfacet
  facet normal 0 -0.793567 -0.608483
    outer loop
      vertex 52 -13.5275 55.8999
      vertex 46 -13.4532 55.803
      vertex 52 -13.4532 55.803
    endloop
  endfacet
  facet normal 0 -0.38293 0.923777
    outer loop
      vertex 46 -14.0083 53.7312
      vertex 52 -14.1212 53.6844
      vertex 52 -14.0083 53.7312
    endloop
  endfacet
  facet normal 0 -0.38293 0.923777
    outer loop
      vertex 52 -14.1212 53.6844
      vertex 46 -14.0083 53.7312
      vertex 46 -14.1212 53.6844
    endloop
  endfacet
  facet normal 0 -0.300465 -0.953793
    outer loop
      vertex 46 -14.2377 56.3523
      vertex 52 -14.1212 56.3156
      vertex 52 -14.2377 56.3523
    endloop
  endfacet
  facet normal -0 -0.300465 -0.953793
    outer loop
      vertex 52 -14.1212 56.3156
      vertex 46 -14.2377 56.3523
      vertex 46 -14.1212 56.3156
    endloop
  endfacet
  facet normal -0 0.216237 0.976341
    outer loop
      vertex 46 -14.8431 53.6213
      vertex 52 -14.9623 53.6477
      vertex 52 -14.8431 53.6213
    endloop
  endfacet
  facet normal 0 0.216237 0.976341
    outer loop
      vertex 52 -14.9623 53.6477
      vertex 46 -14.8431 53.6213
      vertex 46 -14.9623 53.6477
    endloop
  endfacet
  facet normal 0 0.991384 0.130984
    outer loop
      vertex 52 -15.9787 54.7569
      vertex 46 -15.9947 54.878
      vertex 52 -15.9947 54.878
    endloop
  endfacet
  facet normal 0 0.991384 0.130984
    outer loop
      vertex 46 -15.9947 54.878
      vertex 52 -15.9787 54.7569
      vertex 46 -15.9787 54.7569
    endloop
  endfacet
  facet normal 0 -0.886935 0.461894
    outer loop
      vertex 46 -13.3876 54.3
      vertex 52 -13.3312 54.4083
      vertex 46 -13.3312 54.4083
    endloop
  endfacet
  facet normal 0 -0.886935 0.461894
    outer loop
      vertex 52 -13.3312 54.4083
      vertex 46 -13.3876 54.3
      vertex 52 -13.3876 54.3
    endloop
  endfacet
  facet normal 0 -0.130984 0.991384
    outer loop
      vertex 46 -14.3569 53.6213
      vertex 52 -14.478 53.6053
      vertex 52 -14.3569 53.6213
    endloop
  endfacet
  facet normal 0 -0.130984 0.991384
    outer loop
      vertex 52 -14.478 53.6053
      vertex 46 -14.3569 53.6213
      vertex 46 -14.478 53.6053
    endloop
  endfacet
  facet normal 0 0.999058 0.0434017
    outer loop
      vertex 52 -15.9947 54.878
      vertex 46 -16 55
      vertex 52 -16 55
    endloop
  endfacet
  facet normal 0 0.999058 0.0434017
    outer loop
      vertex 46 -16 55
      vertex 52 -15.9947 54.878
      vertex 46 -15.9947 54.878
    endloop
  endfacet
  facet normal 0 0.976341 0.216237
    outer loop
      vertex 52 -15.9523 54.6377
      vertex 46 -15.9787 54.7569
      vertex 52 -15.9787 54.7569
    endloop
  endfacet
  facet normal 0 0.976341 0.216237
    outer loop
      vertex 46 -15.9787 54.7569
      vertex 52 -15.9523 54.6377
      vertex 46 -15.9523 54.6377
    endloop
  endfacet
  facet normal 0 0.461894 -0.886935
    outer loop
      vertex 46 -15.3 56.2124
      vertex 52 -15.1917 56.2688
      vertex 52 -15.3 56.2124
    endloop
  endfacet
  facet normal 0 0.461894 -0.886935
    outer loop
      vertex 52 -15.1917 56.2688
      vertex 46 -15.3 56.2124
      vertex 46 -15.1917 56.2688
    endloop
  endfacet
  facet normal 0 -0.843459 -0.537193
    outer loop
      vertex 46 -13.3876 55.7
      vertex 52 -13.4532 55.803
      vertex 46 -13.4532 55.803
    endloop
  endfacet
  facet normal 0 -0.843459 -0.537193
    outer loop
      vertex 52 -13.4532 55.803
      vertex 46 -13.3876 55.7
      vertex 52 -13.3876 55.7
    endloop
  endfacet
  facet normal 0 0.736746 -0.676169
    outer loop
      vertex 52 -15.6725 55.8999
      vertex 46 -15.5899 55.9899
      vertex 52 -15.5899 55.9899
    endloop
  endfacet
  facet normal 0 0.736746 -0.676169
    outer loop
      vertex 46 -15.5899 55.9899
      vertex 52 -15.6725 55.8999
      vertex 46 -15.6725 55.8999
    endloop
  endfacet
  facet normal 0 0.216237 -0.976341
    outer loop
      vertex 46 -14.9623 56.3523
      vertex 52 -14.8431 56.3787
      vertex 52 -14.9623 56.3523
    endloop
  endfacet
  facet normal 0 0.216237 -0.976341
    outer loop
      vertex 52 -14.8431 56.3787
      vertex 46 -14.9623 56.3523
      vertex 46 -14.8431 56.3787
    endloop
  endfacet
  facet normal 0 0.38293 -0.923777
    outer loop
      vertex 46 -15.1917 56.2688
      vertex 52 -15.0788 56.3156
      vertex 52 -15.1917 56.2688
    endloop
  endfacet
  facet normal 0 0.38293 -0.923777
    outer loop
      vertex 52 -15.0788 56.3156
      vertex 46 -15.1917 56.2688
      vertex 46 -15.0788 56.3156
    endloop
  endfacet
  facet normal 0 -0.216237 -0.976341
    outer loop
      vertex 46 -14.3569 56.3787
      vertex 52 -14.2377 56.3523
      vertex 52 -14.3569 56.3787
    endloop
  endfacet
  facet normal -0 -0.216237 -0.976341
    outer loop
      vertex 52 -14.2377 56.3523
      vertex 46 -14.3569 56.3787
      vertex 46 -14.2377 56.3523
    endloop
  endfacet
  facet normal 0 0.130984 -0.991384
    outer loop
      vertex 46 -14.8431 56.3787
      vertex 52 -14.722 56.3947
      vertex 52 -14.8431 56.3787
    endloop
  endfacet
  facet normal 0 0.130984 -0.991384
    outer loop
      vertex 52 -14.722 56.3947
      vertex 46 -14.8431 56.3787
      vertex 46 -14.722 56.3947
    endloop
  endfacet
  facet normal 0 -0.923777 0.38293
    outer loop
      vertex 46 -13.3312 54.4083
      vertex 52 -13.2844 54.5212
      vertex 46 -13.2844 54.5212
    endloop
  endfacet
  facet normal 0 -0.923777 0.38293
    outer loop
      vertex 52 -13.2844 54.5212
      vertex 46 -13.3312 54.4083
      vertex 52 -13.3312 54.4083
    endloop
  endfacet
  facet normal -0 0.608483 0.793567
    outer loop
      vertex 46 -15.403 53.8532
      vertex 52 -15.4999 53.9275
      vertex 52 -15.403 53.8532
    endloop
  endfacet
  facet normal 0 0.608483 0.793567
    outer loop
      vertex 52 -15.4999 53.9275
      vertex 46 -15.403 53.8532
      vertex 46 -15.4999 53.9275
    endloop
  endfacet
  facet normal 0 -0.886935 -0.461894
    outer loop
      vertex 46 -13.3312 55.5917
      vertex 52 -13.3876 55.7
      vertex 46 -13.3876 55.7
    endloop
  endfacet
  facet normal 0 -0.886935 -0.461894
    outer loop
      vertex 52 -13.3876 55.7
      vertex 46 -13.3312 55.5917
      vertex 52 -13.3312 55.5917
    endloop
  endfacet
  facet normal 0 -0.537193 -0.843459
    outer loop
      vertex 46 -13.9 56.2124
      vertex 52 -13.797 56.1468
      vertex 52 -13.9 56.2124
    endloop
  endfacet
  facet normal -0 -0.537193 -0.843459
    outer loop
      vertex 52 -13.797 56.1468
      vertex 46 -13.9 56.2124
      vertex 46 -13.797 56.1468
    endloop
  endfacet
  facet normal 0 -0.793567 0.608483
    outer loop
      vertex 46 -13.5275 54.1001
      vertex 52 -13.4532 54.197
      vertex 46 -13.4532 54.197
    endloop
  endfacet
  facet normal 0 -0.793567 0.608483
    outer loop
      vertex 52 -13.4532 54.197
      vertex 46 -13.5275 54.1001
      vertex 52 -13.5275 54.1001
    endloop
  endfacet
  facet normal 0 0.923777 0.38293
    outer loop
      vertex 52 -15.8688 54.4083
      vertex 46 -15.9156 54.5212
      vertex 52 -15.9156 54.5212
    endloop
  endfacet
  facet normal 0 0.923777 0.38293
    outer loop
      vertex 46 -15.9156 54.5212
      vertex 52 -15.8688 54.4083
      vertex 46 -15.8688 54.4083
    endloop
  endfacet
  facet normal 0 -0.300465 0.953793
    outer loop
      vertex 46 -14.1212 53.6844
      vertex 52 -14.2377 53.6477
      vertex 52 -14.1212 53.6844
    endloop
  endfacet
  facet normal 0 -0.300465 0.953793
    outer loop
      vertex 52 -14.2377 53.6477
      vertex 46 -14.1212 53.6844
      vertex 46 -14.2377 53.6477
    endloop
  endfacet
  facet normal 0 -0.843459 0.537193
    outer loop
      vertex 46 -13.4532 54.197
      vertex 52 -13.3876 54.3
      vertex 46 -13.3876 54.3
    endloop
  endfacet
  facet normal 0 -0.843459 0.537193
    outer loop
      vertex 52 -13.3876 54.3
      vertex 46 -13.4532 54.197
      vertex 52 -13.4532 54.197
    endloop
  endfacet
  facet normal 0 -0.736746 -0.676169
    outer loop
      vertex 46 -13.5275 55.8999
      vertex 52 -13.6101 55.9899
      vertex 46 -13.6101 55.9899
    endloop
  endfacet
  facet normal 0 -0.736746 -0.676169
    outer loop
      vertex 52 -13.6101 55.9899
      vertex 46 -13.5275 55.8999
      vertex 52 -13.5275 55.8999
    endloop
  endfacet
  facet normal 0 -0.675725 0.737154
    outer loop
      vertex 46 -13.6101 54.01
      vertex 52 -13.7001 53.9275
      vertex 52 -13.6101 54.01
    endloop
  endfacet
  facet normal 0 -0.675725 0.737154
    outer loop
      vertex 52 -13.7001 53.9275
      vertex 46 -13.6101 54.01
      vertex 46 -13.7001 53.9275
    endloop
  endfacet
  facet normal 0 -0.999058 0.0434017
    outer loop
      vertex 46 -13.2053 54.878
      vertex 52 -13.2 55
      vertex 46 -13.2 55
    endloop
  endfacet
  facet normal 0 -0.999058 0.0434017
    outer loop
      vertex 52 -13.2 55
      vertex 46 -13.2053 54.878
      vertex 52 -13.2053 54.878
    endloop
  endfacet
  facet normal -0 0.461894 0.886935
    outer loop
      vertex 46 -15.1917 53.7312
      vertex 52 -15.3 53.7876
      vertex 52 -15.1917 53.7312
    endloop
  endfacet
  facet normal 0 0.461894 0.886935
    outer loop
      vertex 52 -15.3 53.7876
      vertex 46 -15.1917 53.7312
      vertex 46 -15.3 53.7876
    endloop
  endfacet
  facet normal 0 -0.461894 0.886935
    outer loop
      vertex 46 -13.9 53.7876
      vertex 52 -14.0083 53.7312
      vertex 52 -13.9 53.7876
    endloop
  endfacet
  facet normal 0 -0.461894 0.886935
    outer loop
      vertex 52 -14.0083 53.7312
      vertex 46 -13.9 53.7876
      vertex 46 -14.0083 53.7312
    endloop
  endfacet
  facet normal 0 0.608483 -0.793567
    outer loop
      vertex 46 -15.4999 56.0725
      vertex 52 -15.403 56.1468
      vertex 52 -15.4999 56.0725
    endloop
  endfacet
  facet normal 0 0.608483 -0.793567
    outer loop
      vertex 52 -15.403 56.1468
      vertex 46 -15.4999 56.0725
      vertex 46 -15.403 56.1468
    endloop
  endfacet
  facet normal 0 0.0434017 -0.999058
    outer loop
      vertex 46 -14.722 56.3947
      vertex 52 -14.6 56.4
      vertex 52 -14.722 56.3947
    endloop
  endfacet
  facet normal 0 0.0434017 -0.999058
    outer loop
      vertex 52 -14.6 56.4
      vertex 46 -14.722 56.3947
      vertex 46 -14.6 56.4
    endloop
  endfacet
  facet normal 0 -0.0434017 -0.999058
    outer loop
      vertex 46 -14.6 56.4
      vertex 52 -14.478 56.3947
      vertex 52 -14.6 56.4
    endloop
  endfacet
  facet normal -0 -0.0434017 -0.999058
    outer loop
      vertex 52 -14.478 56.3947
      vertex 46 -14.6 56.4
      vertex 46 -14.478 56.3947
    endloop
  endfacet
  facet normal 0 -0.676169 -0.736746
    outer loop
      vertex 46 -13.7001 56.0725
      vertex 52 -13.6101 55.9899
      vertex 52 -13.7001 56.0725
    endloop
  endfacet
  facet normal -0 -0.676169 -0.736746
    outer loop
      vertex 52 -13.6101 55.9899
      vertex 46 -13.7001 56.0725
      vertex 46 -13.6101 55.9899
    endloop
  endfacet
  facet normal 0 -0.953793 0.300465
    outer loop
      vertex 46 -13.2844 54.5212
      vertex 52 -13.2477 54.6377
      vertex 46 -13.2477 54.6377
    endloop
  endfacet
  facet normal 0 -0.953793 0.300465
    outer loop
      vertex 52 -13.2477 54.6377
      vertex 46 -13.2844 54.5212
      vertex 52 -13.2844 54.5212
    endloop
  endfacet
  facet normal 0 -0.608483 0.793567
    outer loop
      vertex 46 -13.7001 53.9275
      vertex 52 -13.797 53.8532
      vertex 52 -13.7001 53.9275
    endloop
  endfacet
  facet normal 0 -0.608483 0.793567
    outer loop
      vertex 52 -13.797 53.8532
      vertex 46 -13.7001 53.9275
      vertex 46 -13.797 53.8532
    endloop
  endfacet
  facet normal 0 0.843459 0.537193
    outer loop
      vertex 52 -15.7468 54.197
      vertex 46 -15.8124 54.3
      vertex 52 -15.8124 54.3
    endloop
  endfacet
  facet normal 0 0.843459 0.537193
    outer loop
      vertex 46 -15.8124 54.3
      vertex 52 -15.7468 54.197
      vertex 46 -15.7468 54.197
    endloop
  endfacet
  facet normal 0 -0.991384 0.130984
    outer loop
      vertex 46 -13.2213 54.7569
      vertex 52 -13.2053 54.878
      vertex 46 -13.2053 54.878
    endloop
  endfacet
  facet normal 0 -0.991384 0.130984
    outer loop
      vertex 52 -13.2053 54.878
      vertex 46 -13.2213 54.7569
      vertex 52 -13.2213 54.7569
    endloop
  endfacet
  facet normal 0 0.300465 -0.953793
    outer loop
      vertex 46 -15.0788 56.3156
      vertex 52 -14.9623 56.3523
      vertex 52 -15.0788 56.3156
    endloop
  endfacet
  facet normal 0 0.300465 -0.953793
    outer loop
      vertex 52 -14.9623 56.3523
      vertex 46 -15.0788 56.3156
      vertex 46 -14.9623 56.3523
    endloop
  endfacet
  facet normal 0 0.886935 0.461894
    outer loop
      vertex 52 -15.8124 54.3
      vertex 46 -15.8688 54.4083
      vertex 52 -15.8688 54.4083
    endloop
  endfacet
  facet normal 0 0.886935 0.461894
    outer loop
      vertex 46 -15.8688 54.4083
      vertex 52 -15.8124 54.3
      vertex 46 -15.8124 54.3
    endloop
  endfacet
  facet normal 0 0.991384 -0.130984
    outer loop
      vertex 52 -15.9947 55.122
      vertex 46 -15.9787 55.2431
      vertex 52 -15.9787 55.2431
    endloop
  endfacet
  facet normal 0 0.991384 -0.130984
    outer loop
      vertex 46 -15.9787 55.2431
      vertex 52 -15.9947 55.122
      vertex 46 -15.9947 55.122
    endloop
  endfacet
  facet normal 0 0.886935 -0.461894
    outer loop
      vertex 52 -15.8688 55.5917
      vertex 46 -15.8124 55.7
      vertex 52 -15.8124 55.7
    endloop
  endfacet
  facet normal 0 0.886935 -0.461894
    outer loop
      vertex 46 -15.8124 55.7
      vertex 52 -15.8688 55.5917
      vertex 46 -15.8688 55.5917
    endloop
  endfacet
  facet normal 0 -0.608483 -0.793567
    outer loop
      vertex 46 -13.797 56.1468
      vertex 52 -13.7001 56.0725
      vertex 52 -13.797 56.1468
    endloop
  endfacet
  facet normal -0 -0.608483 -0.793567
    outer loop
      vertex 52 -13.7001 56.0725
      vertex 46 -13.797 56.1468
      vertex 46 -13.7001 56.0725
    endloop
  endfacet
  facet normal 0 0.999058 -0.0434017
    outer loop
      vertex 52 -16 55
      vertex 46 -15.9947 55.122
      vertex 52 -15.9947 55.122
    endloop
  endfacet
  facet normal 0 0.999058 -0.0434017
    outer loop
      vertex 46 -15.9947 55.122
      vertex 52 -16 55
      vertex 46 -16 55
    endloop
  endfacet
  facet normal 0 -0.130984 -0.991384
    outer loop
      vertex 46 -14.478 56.3947
      vertex 52 -14.3569 56.3787
      vertex 52 -14.478 56.3947
    endloop
  endfacet
  facet normal -0 -0.130984 -0.991384
    outer loop
      vertex 52 -14.3569 56.3787
      vertex 46 -14.478 56.3947
      vertex 46 -14.3569 56.3787
    endloop
  endfacet
  facet normal 0 0.976341 -0.216237
    outer loop
      vertex 52 -15.9787 55.2431
      vertex 46 -15.9523 55.3623
      vertex 52 -15.9523 55.3623
    endloop
  endfacet
  facet normal 0 0.976341 -0.216237
    outer loop
      vertex 46 -15.9523 55.3623
      vertex 52 -15.9787 55.2431
      vertex 46 -15.9787 55.2431
    endloop
  endfacet
  facet normal 0 0.793567 -0.608483
    outer loop
      vertex 52 -15.7468 55.803
      vertex 46 -15.6725 55.8999
      vertex 52 -15.6725 55.8999
    endloop
  endfacet
  facet normal 0 0.793567 -0.608483
    outer loop
      vertex 46 -15.6725 55.8999
      vertex 52 -15.7468 55.803
      vertex 46 -15.7468 55.803
    endloop
  endfacet
  facet normal 0 -0.38293 -0.923777
    outer loop
      vertex 46 -14.1212 56.3156
      vertex 52 -14.0083 56.2688
      vertex 52 -14.1212 56.3156
    endloop
  endfacet
  facet normal -0 -0.38293 -0.923777
    outer loop
      vertex 52 -14.0083 56.2688
      vertex 46 -14.1212 56.3156
      vertex 46 -14.0083 56.2688
    endloop
  endfacet
  facet normal 0 0.73712 0.675762
    outer loop
      vertex 52 -15.5899 54.01
      vertex 46 -15.6725 54.1001
      vertex 52 -15.6725 54.1001
    endloop
  endfacet
  facet normal 0 0.73712 0.675762
    outer loop
      vertex 46 -15.6725 54.1001
      vertex 52 -15.5899 54.01
      vertex 46 -15.5899 54.01
    endloop
  endfacet
  facet normal 0 0.793567 0.608483
    outer loop
      vertex 52 -15.6725 54.1001
      vertex 46 -15.7468 54.197
      vertex 52 -15.7468 54.197
    endloop
  endfacet
  facet normal 0 0.793567 0.608483
    outer loop
      vertex 46 -15.7468 54.197
      vertex 52 -15.6725 54.1001
      vertex 46 -15.6725 54.1001
    endloop
  endfacet
  facet normal 0 0.537193 -0.843459
    outer loop
      vertex 46 -15.403 56.1468
      vertex 52 -15.3 56.2124
      vertex 52 -15.403 56.1468
    endloop
  endfacet
  facet normal 0 0.537193 -0.843459
    outer loop
      vertex 52 -15.3 56.2124
      vertex 46 -15.403 56.1468
      vertex 46 -15.3 56.2124
    endloop
  endfacet
  facet normal 0 0.953793 -0.300465
    outer loop
      vertex 52 -15.9523 55.3623
      vertex 46 -15.9156 55.4788
      vertex 52 -15.9156 55.4788
    endloop
  endfacet
  facet normal 0 0.953793 -0.300465
    outer loop
      vertex 46 -15.9156 55.4788
      vertex 52 -15.9523 55.3623
      vertex 46 -15.9523 55.3623
    endloop
  endfacet
  facet normal 0 0.843459 -0.537193
    outer loop
      vertex 52 -15.8124 55.7
      vertex 46 -15.7468 55.803
      vertex 52 -15.7468 55.803
    endloop
  endfacet
  facet normal 0 0.843459 -0.537193
    outer loop
      vertex 46 -15.7468 55.803
      vertex 52 -15.8124 55.7
      vertex 46 -15.8124 55.7
    endloop
  endfacet
  facet normal 0 -0.991384 -0.130984
    outer loop
      vertex 46 36.2947 45.122
      vertex 52 36.2787 45.2431
      vertex 46 36.2787 45.2431
    endloop
  endfacet
  facet normal 0 -0.991384 -0.130984
    outer loop
      vertex 52 36.2787 45.2431
      vertex 46 36.2947 45.122
      vertex 52 36.2947 45.122
    endloop
  endfacet
  facet normal 0 -0.216237 0.976341
    outer loop
      vertex 46 35.2623 43.6477
      vertex 52 35.1431 43.6213
      vertex 52 35.2623 43.6477
    endloop
  endfacet
  facet normal 0 -0.216237 0.976341
    outer loop
      vertex 52 35.1431 43.6213
      vertex 46 35.2623 43.6477
      vertex 46 35.1431 43.6213
    endloop
  endfacet
  facet normal -0 0.0434017 0.999058
    outer loop
      vertex 46 34.9 43.6
      vertex 52 34.778 43.6053
      vertex 52 34.9 43.6
    endloop
  endfacet
  facet normal 0 0.0434017 0.999058
    outer loop
      vertex 52 34.778 43.6053
      vertex 46 34.9 43.6
      vertex 46 34.778 43.6053
    endloop
  endfacet
  facet normal 0 -0.953793 -0.300465
    outer loop
      vertex 46 36.2523 45.3623
      vertex 52 36.2156 45.4788
      vertex 46 36.2156 45.4788
    endloop
  endfacet
  facet normal 0 -0.953793 -0.300465
    outer loop
      vertex 52 36.2156 45.4788
      vertex 46 36.2523 45.3623
      vertex 52 36.2523 45.3623
    endloop
  endfacet
  facet normal -0 0.300465 0.953793
    outer loop
      vertex 46 34.5377 43.6477
      vertex 52 34.4212 43.6844
      vertex 52 34.5377 43.6477
    endloop
  endfacet
  facet normal 0 0.300465 0.953793
    outer loop
      vertex 52 34.4212 43.6844
      vertex 46 34.5377 43.6477
      vertex 46 34.4212 43.6844
    endloop
  endfacet
  facet normal -0 0.38293 0.923777
    outer loop
      vertex 46 34.4212 43.6844
      vertex 52 34.3083 43.7312
      vertex 52 34.4212 43.6844
    endloop
  endfacet
  facet normal 0 0.38293 0.923777
    outer loop
      vertex 52 34.3083 43.7312
      vertex 46 34.4212 43.6844
      vertex 46 34.3083 43.7312
    endloop
  endfacet
  facet normal 0 -0.736746 0.676169
    outer loop
      vertex 46 35.8899 44.0101
      vertex 52 35.9725 44.1001
      vertex 46 35.9725 44.1001
    endloop
  endfacet
  facet normal 0 -0.736746 0.676169
    outer loop
      vertex 52 35.9725 44.1001
      vertex 46 35.8899 44.0101
      vertex 52 35.8899 44.0101
    endloop
  endfacet
  facet normal 0 -0.0434017 0.999058
    outer loop
      vertex 46 35.022 43.6053
      vertex 52 34.9 43.6
      vertex 52 35.022 43.6053
    endloop
  endfacet
  facet normal 0 -0.0434017 0.999058
    outer loop
      vertex 52 34.9 43.6
      vertex 46 35.022 43.6053
      vertex 46 34.9 43.6
    endloop
  endfacet
  facet normal 0 -0.999058 -0.0434017
    outer loop
      vertex 46 36.3 45
      vertex 52 36.2947 45.122
      vertex 46 36.2947 45.122
    endloop
  endfacet
  facet normal 0 -0.999058 -0.0434017
    outer loop
      vertex 52 36.2947 45.122
      vertex 46 36.3 45
      vertex 52 36.3 45
    endloop
  endfacet
  facet normal 0 -0.461894 -0.886935
    outer loop
      vertex 46 35.4917 46.2688
      vertex 52 35.6 46.2124
      vertex 52 35.4917 46.2688
    endloop
  endfacet
  facet normal -0 -0.461894 -0.886935
    outer loop
      vertex 52 35.6 46.2124
      vertex 46 35.4917 46.2688
      vertex 46 35.6 46.2124
    endloop
  endfacet
  facet normal 0 0.675317 -0.737528
    outer loop
      vertex 46 33.91 45.99
      vertex 52 34.0001 46.0725
      vertex 52 33.91 45.99
    endloop
  endfacet
  facet normal 0 0.675317 -0.737528
    outer loop
      vertex 52 34.0001 46.0725
      vertex 46 33.91 45.99
      vertex 46 34.0001 46.0725
    endloop
  endfacet
  facet normal 0 -0.976341 -0.216237
    outer loop
      vertex 46 36.2787 45.2431
      vertex 52 36.2523 45.3623
      vertex 46 36.2523 45.3623
    endloop
  endfacet
  facet normal 0 -0.976341 -0.216237
    outer loop
      vertex 52 36.2523 45.3623
      vertex 46 36.2787 45.2431
      vertex 52 36.2787 45.2431
    endloop
  endfacet
  facet normal -0 0.537193 0.843459
    outer loop
      vertex 46 34.2 43.7876
      vertex 52 34.097 43.8532
      vertex 52 34.2 43.7876
    endloop
  endfacet
  facet normal 0 0.537193 0.843459
    outer loop
      vertex 52 34.097 43.8532
      vertex 46 34.2 43.7876
      vertex 46 34.097 43.8532
    endloop
  endfacet
  facet normal 0 -0.923777 -0.38293
    outer loop
      vertex 46 36.2156 45.4788
      vertex 52 36.1688 45.5917
      vertex 46 36.1688 45.5917
    endloop
  endfacet
  facet normal 0 -0.923777 -0.38293
    outer loop
      vertex 52 36.1688 45.5917
      vertex 46 36.2156 45.4788
      vertex 52 36.2156 45.4788
    endloop
  endfacet
  facet normal 0 0.923777 -0.38293
    outer loop
      vertex 52 33.5844 45.4788
      vertex 46 33.6312 45.5917
      vertex 52 33.6312 45.5917
    endloop
  endfacet
  facet normal 0 0.923777 -0.38293
    outer loop
      vertex 46 33.6312 45.5917
      vertex 52 33.5844 45.4788
      vertex 46 33.5844 45.4788
    endloop
  endfacet
  facet normal -0 0.675762 0.73712
    outer loop
      vertex 46 34.0001 43.9275
      vertex 52 33.91 44.0101
      vertex 52 34.0001 43.9275
    endloop
  endfacet
  facet normal 0 0.675762 0.73712
    outer loop
      vertex 52 33.91 44.0101
      vertex 46 34.0001 43.9275
      vertex 46 33.91 44.0101
    endloop
  endfacet
  facet normal 0 -0.537193 0.843459
    outer loop
      vertex 46 35.703 43.8532
      vertex 52 35.6 43.7876
      vertex 52 35.703 43.8532
    endloop
  endfacet
  facet normal 0 -0.537193 0.843459
    outer loop
      vertex 52 35.6 43.7876
      vertex 46 35.703 43.8532
      vertex 46 35.6 43.7876
    endloop
  endfacet
  facet normal -0 0.130984 0.991384
    outer loop
      vertex 46 34.778 43.6053
      vertex 52 34.6569 43.6213
      vertex 52 34.778 43.6053
    endloop
  endfacet
  facet normal 0 0.130984 0.991384
    outer loop
      vertex 52 34.6569 43.6213
      vertex 46 34.778 43.6053
      vertex 46 34.6569 43.6213
    endloop
  endfacet
  facet normal 0 0.953793 0.300465
    outer loop
      vertex 52 33.5844 44.5212
      vertex 46 33.5477 44.6377
      vertex 52 33.5477 44.6377
    endloop
  endfacet
  facet normal 0 0.953793 0.300465
    outer loop
      vertex 46 33.5477 44.6377
      vertex 52 33.5844 44.5212
      vertex 46 33.5844 44.5212
    endloop
  endfacet
  facet normal 0 -0.976341 0.216237
    outer loop
      vertex 46 36.2523 44.6377
      vertex 52 36.2787 44.7569
      vertex 46 36.2787 44.7569
    endloop
  endfacet
  facet normal 0 -0.976341 0.216237
    outer loop
      vertex 52 36.2787 44.7569
      vertex 46 36.2523 44.6377
      vertex 52 36.2523 44.6377
    endloop
  endfacet
  facet normal 0 -0.793567 -0.608483
    outer loop
      vertex 46 36.0468 45.803
      vertex 52 35.9725 45.8999
      vertex 46 35.9725 45.8999
    endloop
  endfacet
  facet normal 0 -0.793567 -0.608483
    outer loop
      vertex 52 35.9725 45.8999
      vertex 46 36.0468 45.803
      vertex 52 36.0468 45.803
    endloop
  endfacet
  facet normal 0 -0.38293 0.923777
    outer loop
      vertex 46 35.4917 43.7312
      vertex 52 35.3788 43.6844
      vertex 52 35.4917 43.7312
    endloop
  endfacet
  facet normal 0 -0.38293 0.923777
    outer loop
      vertex 52 35.3788 43.6844
      vertex 46 35.4917 43.7312
      vertex 46 35.3788 43.6844
    endloop
  endfacet
  facet normal 0 -0.300465 -0.953793
    outer loop
      vertex 46 35.2623 46.3523
      vertex 52 35.3788 46.3156
      vertex 52 35.2623 46.3523
    endloop
  endfacet
  facet normal -0 -0.300465 -0.953793
    outer loop
      vertex 52 35.3788 46.3156
      vertex 46 35.2623 46.3523
      vertex 46 35.3788 46.3156
    endloop
  endfacet
  facet normal -0 0.216237 0.976341
    outer loop
      vertex 46 34.6569 43.6213
      vertex 52 34.5377 43.6477
      vertex 52 34.6569 43.6213
    endloop
  endfacet
  facet normal 0 0.216237 0.976341
    outer loop
      vertex 52 34.5377 43.6477
      vertex 46 34.6569 43.6213
      vertex 46 34.5377 43.6477
    endloop
  endfacet
  facet normal 0 0.991384 0.130984
    outer loop
      vertex 52 33.5213 44.7569
      vertex 46 33.5053 44.878
      vertex 52 33.5053 44.878
    endloop
  endfacet
  facet normal 0 0.991384 0.130984
    outer loop
      vertex 46 33.5053 44.878
      vertex 52 33.5213 44.7569
      vertex 46 33.5213 44.7569
    endloop
  endfacet
  facet normal 0 -0.886935 0.461894
    outer loop
      vertex 46 36.1124 44.3
      vertex 52 36.1688 44.4083
      vertex 46 36.1688 44.4083
    endloop
  endfacet
  facet normal 0 -0.886935 0.461894
    outer loop
      vertex 52 36.1688 44.4083
      vertex 46 36.1124 44.3
      vertex 52 36.1124 44.3
    endloop
  endfacet
  facet normal 0 -0.130984 0.991384
    outer loop
      vertex 46 35.1431 43.6213
      vertex 52 35.022 43.6053
      vertex 52 35.1431 43.6213
    endloop
  endfacet
  facet normal 0 -0.130984 0.991384
    outer loop
      vertex 52 35.022 43.6053
      vertex 46 35.1431 43.6213
      vertex 46 35.022 43.6053
    endloop
  endfacet
  facet normal 0 -0.991384 0.130984
    outer loop
      vertex 46 36.2787 44.7569
      vertex 52 36.2947 44.878
      vertex 46 36.2947 44.878
    endloop
  endfacet
  facet normal 0 -0.991384 0.130984
    outer loop
      vertex 52 36.2947 44.878
      vertex 46 36.2787 44.7569
      vertex 52 36.2787 44.7569
    endloop
  endfacet
  facet normal 0 0.999058 0.0434017
    outer loop
      vertex 52 33.5053 44.878
      vertex 46 33.5 45
      vertex 52 33.5 45
    endloop
  endfacet
  facet normal 0 0.999058 0.0434017
    outer loop
      vertex 46 33.5 45
      vertex 52 33.5053 44.878
      vertex 46 33.5053 44.878
    endloop
  endfacet
  facet normal 0 0.976341 0.216237
    outer loop
      vertex 52 33.5477 44.6377
      vertex 46 33.5213 44.7569
      vertex 52 33.5213 44.7569
    endloop
  endfacet
  facet normal 0 0.976341 0.216237
    outer loop
      vertex 46 33.5213 44.7569
      vertex 52 33.5477 44.6377
      vertex 46 33.5477 44.6377
    endloop
  endfacet
  facet normal 0 0.461894 -0.886935
    outer loop
      vertex 46 34.2 46.2124
      vertex 52 34.3083 46.2688
      vertex 52 34.2 46.2124
    endloop
  endfacet
  facet normal 0 0.461894 -0.886935
    outer loop
      vertex 52 34.3083 46.2688
      vertex 46 34.2 46.2124
      vertex 46 34.3083 46.2688
    endloop
  endfacet
  facet normal 0 -0.843459 -0.537193
    outer loop
      vertex 46 36.1124 45.7
      vertex 52 36.0468 45.803
      vertex 46 36.0468 45.803
    endloop
  endfacet
  facet normal 0 -0.843459 -0.537193
    outer loop
      vertex 52 36.0468 45.803
      vertex 46 36.1124 45.7
      vertex 52 36.1124 45.7
    endloop
  endfacet
  facet normal 0 0.737528 -0.675317
    outer loop
      vertex 52 33.8275 45.8999
      vertex 46 33.91 45.99
      vertex 52 33.91 45.99
    endloop
  endfacet
  facet normal 0 0.737528 -0.675317
    outer loop
      vertex 46 33.91 45.99
      vertex 52 33.8275 45.8999
      vertex 46 33.8275 45.8999
    endloop
  endfacet
  facet normal 0 0.216237 -0.976341
    outer loop
      vertex 46 34.5377 46.3523
      vertex 52 34.6569 46.3787
      vertex 52 34.5377 46.3523
    endloop
  endfacet
  facet normal 0 0.216237 -0.976341
    outer loop
      vertex 52 34.6569 46.3787
      vertex 46 34.5377 46.3523
      vertex 46 34.6569 46.3787
    endloop
  endfacet
  facet normal 0 0.38293 -0.923777
    outer loop
      vertex 46 34.3083 46.2688
      vertex 52 34.4212 46.3156
      vertex 52 34.3083 46.2688
    endloop
  endfacet
  facet normal 0 0.38293 -0.923777
    outer loop
      vertex 52 34.4212 46.3156
      vertex 46 34.3083 46.2688
      vertex 46 34.4212 46.3156
    endloop
  endfacet
  facet normal 0 -0.216237 -0.976341
    outer loop
      vertex 46 35.1431 46.3787
      vertex 52 35.2623 46.3523
      vertex 52 35.1431 46.3787
    endloop
  endfacet
  facet normal -0 -0.216237 -0.976341
    outer loop
      vertex 52 35.2623 46.3523
      vertex 46 35.1431 46.3787
      vertex 46 35.2623 46.3523
    endloop
  endfacet
  facet normal 0 0.130984 -0.991384
    outer loop
      vertex 46 34.6569 46.3787
      vertex 52 34.778 46.3947
      vertex 52 34.6569 46.3787
    endloop
  endfacet
  facet normal 0 0.130984 -0.991384
    outer loop
      vertex 52 34.778 46.3947
      vertex 46 34.6569 46.3787
      vertex 46 34.778 46.3947
    endloop
  endfacet
  facet normal 0 -0.923777 0.38293
    outer loop
      vertex 46 36.1688 44.4083
      vertex 52 36.2156 44.5212
      vertex 46 36.2156 44.5212
    endloop
  endfacet
  facet normal 0 -0.923777 0.38293
    outer loop
      vertex 52 36.2156 44.5212
      vertex 46 36.1688 44.4083
      vertex 52 36.1688 44.4083
    endloop
  endfacet
  facet normal -0 0.608483 0.793567
    outer loop
      vertex 46 34.097 43.8532
      vertex 52 34.0001 43.9275
      vertex 52 34.097 43.8532
    endloop
  endfacet
  facet normal 0 0.608483 0.793567
    outer loop
      vertex 52 34.0001 43.9275
      vertex 46 34.097 43.8532
      vertex 46 34.0001 43.9275
    endloop
  endfacet
  facet normal 0 -0.886935 -0.461894
    outer loop
      vertex 46 36.1688 45.5917
      vertex 52 36.1124 45.7
      vertex 46 36.1124 45.7
    endloop
  endfacet
  facet normal 0 -0.886935 -0.461894
    outer loop
      vertex 52 36.1124 45.7
      vertex 46 36.1688 45.5917
      vertex 52 36.1688 45.5917
    endloop
  endfacet
  facet normal 0 -0.537193 -0.843459
    outer loop
      vertex 46 35.6 46.2124
      vertex 52 35.703 46.1468
      vertex 52 35.6 46.2124
    endloop
  endfacet
  facet normal -0 -0.537193 -0.843459
    outer loop
      vertex 52 35.703 46.1468
      vertex 46 35.6 46.2124
      vertex 46 35.703 46.1468
    endloop
  endfacet
  facet normal 0 -0.793567 0.608483
    outer loop
      vertex 46 35.9725 44.1001
      vertex 52 36.0468 44.197
      vertex 46 36.0468 44.197
    endloop
  endfacet
  facet normal 0 -0.793567 0.608483
    outer loop
      vertex 52 36.0468 44.197
      vertex 46 35.9725 44.1001
      vertex 52 35.9725 44.1001
    endloop
  endfacet
  facet normal 0 0.923777 0.38293
    outer loop
      vertex 52 33.6312 44.4083
      vertex 46 33.5844 44.5212
      vertex 52 33.5844 44.5212
    endloop
  endfacet
  facet normal 0 0.923777 0.38293
    outer loop
      vertex 46 33.5844 44.5212
      vertex 52 33.6312 44.4083
      vertex 46 33.6312 44.4083
    endloop
  endfacet
  facet normal 0 -0.300465 0.953793
    outer loop
      vertex 46 35.3788 43.6844
      vertex 52 35.2623 43.6477
      vertex 52 35.3788 43.6844
    endloop
  endfacet
  facet normal 0 -0.300465 0.953793
    outer loop
      vertex 52 35.2623 43.6477
      vertex 46 35.3788 43.6844
      vertex 46 35.2623 43.6477
    endloop
  endfacet
  facet normal 0 -0.843459 0.537193
    outer loop
      vertex 46 36.0468 44.197
      vertex 52 36.1124 44.3
      vertex 46 36.1124 44.3
    endloop
  endfacet
  facet normal 0 -0.843459 0.537193
    outer loop
      vertex 52 36.1124 44.3
      vertex 46 36.0468 44.197
      vertex 52 36.0468 44.197
    endloop
  endfacet
  facet normal 0 -0.73712 -0.675762
    outer loop
      vertex 46 35.9725 45.8999
      vertex 52 35.8899 45.99
      vertex 46 35.8899 45.99
    endloop
  endfacet
  facet normal 0 -0.73712 -0.675762
    outer loop
      vertex 52 35.8899 45.99
      vertex 46 35.9725 45.8999
      vertex 52 35.9725 45.8999
    endloop
  endfacet
  facet normal 0 -0.676169 0.736746
    outer loop
      vertex 46 35.8899 44.0101
      vertex 52 35.7999 43.9275
      vertex 52 35.8899 44.0101
    endloop
  endfacet
  facet normal 0 -0.676169 0.736746
    outer loop
      vertex 52 35.7999 43.9275
      vertex 46 35.8899 44.0101
      vertex 46 35.7999 43.9275
    endloop
  endfacet
  facet normal 0 -0.999058 0.0434017
    outer loop
      vertex 46 36.2947 44.878
      vertex 52 36.3 45
      vertex 46 36.3 45
    endloop
  endfacet
  facet normal 0 -0.999058 0.0434017
    outer loop
      vertex 52 36.3 45
      vertex 46 36.2947 44.878
      vertex 52 36.2947 44.878
    endloop
  endfacet
  facet normal -0 0.461894 0.886935
    outer loop
      vertex 46 34.3083 43.7312
      vertex 52 34.2 43.7876
      vertex 52 34.3083 43.7312
    endloop
  endfacet
  facet normal 0 0.461894 0.886935
    outer loop
      vertex 52 34.2 43.7876
      vertex 46 34.3083 43.7312
      vertex 46 34.2 43.7876
    endloop
  endfacet
  facet normal 0 -0.461894 0.886935
    outer loop
      vertex 46 35.6 43.7876
      vertex 52 35.4917 43.7312
      vertex 52 35.6 43.7876
    endloop
  endfacet
  facet normal 0 -0.461894 0.886935
    outer loop
      vertex 52 35.4917 43.7312
      vertex 46 35.6 43.7876
      vertex 46 35.4917 43.7312
    endloop
  endfacet
  facet normal 0 0.608483 -0.793567
    outer loop
      vertex 46 34.0001 46.0725
      vertex 52 34.097 46.1468
      vertex 52 34.0001 46.0725
    endloop
  endfacet
  facet normal 0 0.608483 -0.793567
    outer loop
      vertex 52 34.097 46.1468
      vertex 46 34.0001 46.0725
      vertex 46 34.097 46.1468
    endloop
  endfacet
  facet normal 0 0.0434017 -0.999058
    outer loop
      vertex 46 34.778 46.3947
      vertex 52 34.9 46.4
      vertex 52 34.778 46.3947
    endloop
  endfacet
  facet normal 0 0.0434017 -0.999058
    outer loop
      vertex 52 34.9 46.4
      vertex 46 34.778 46.3947
      vertex 46 34.9 46.4
    endloop
  endfacet
  facet normal 0 -0.675725 -0.737154
    outer loop
      vertex 46 35.7999 46.0725
      vertex 52 35.8899 45.99
      vertex 52 35.7999 46.0725
    endloop
  endfacet
  facet normal -0 -0.675725 -0.737154
    outer loop
      vertex 52 35.8899 45.99
      vertex 46 35.7999 46.0725
      vertex 46 35.8899 45.99
    endloop
  endfacet
  facet normal 0 -0.953793 0.300465
    outer loop
      vertex 46 36.2156 44.5212
      vertex 52 36.2523 44.6377
      vertex 46 36.2523 44.6377
    endloop
  endfacet
  facet normal 0 -0.953793 0.300465
    outer loop
      vertex 52 36.2523 44.6377
      vertex 46 36.2156 44.5212
      vertex 52 36.2156 44.5212
    endloop
  endfacet
  facet normal 0 -0.608483 0.793567
    outer loop
      vertex 46 35.7999 43.9275
      vertex 52 35.703 43.8532
      vertex 52 35.7999 43.9275
    endloop
  endfacet
  facet normal 0 -0.608483 0.793567
    outer loop
      vertex 52 35.703 43.8532
      vertex 46 35.7999 43.9275
      vertex 46 35.703 43.8532
    endloop
  endfacet
  facet normal 0 0.843459 0.537193
    outer loop
      vertex 52 33.7532 44.197
      vertex 46 33.6876 44.3
      vertex 52 33.6876 44.3
    endloop
  endfacet
  facet normal 0 0.843459 0.537193
    outer loop
      vertex 46 33.6876 44.3
      vertex 52 33.7532 44.197
      vertex 46 33.7532 44.197
    endloop
  endfacet
  facet normal 0 -0.38293 -0.923777
    outer loop
      vertex 46 35.3788 46.3156
      vertex 52 35.4917 46.2688
      vertex 52 35.3788 46.3156
    endloop
  endfacet
  facet normal -0 -0.38293 -0.923777
    outer loop
      vertex 52 35.4917 46.2688
      vertex 46 35.3788 46.3156
      vertex 46 35.4917 46.2688
    endloop
  endfacet
  facet normal 0 0.300465 -0.953793
    outer loop
      vertex 46 34.4212 46.3156
      vertex 52 34.5377 46.3523
      vertex 52 34.4212 46.3156
    endloop
  endfacet
  facet normal 0 0.300465 -0.953793
    outer loop
      vertex 52 34.5377 46.3523
      vertex 46 34.4212 46.3156
      vertex 46 34.5377 46.3523
    endloop
  endfacet
  facet normal 0 0.886935 0.461894
    outer loop
      vertex 52 33.6876 44.3
      vertex 46 33.6312 44.4083
      vertex 52 33.6312 44.4083
    endloop
  endfacet
  facet normal 0 0.886935 0.461894
    outer loop
      vertex 46 33.6312 44.4083
      vertex 52 33.6876 44.3
      vertex 46 33.6876 44.3
    endloop
  endfacet
  facet normal 0 0.991384 -0.130984
    outer loop
      vertex 52 33.5053 45.122
      vertex 46 33.5213 45.2431
      vertex 52 33.5213 45.2431
    endloop
  endfacet
  facet normal 0 0.991384 -0.130984
    outer loop
      vertex 46 33.5213 45.2431
      vertex 52 33.5053 45.122
      vertex 46 33.5053 45.122
    endloop
  endfacet
  facet normal 0 -0.608483 -0.793567
    outer loop
      vertex 46 35.703 46.1468
      vertex 52 35.7999 46.0725
      vertex 52 35.703 46.1468
    endloop
  endfacet
  facet normal -0 -0.608483 -0.793567
    outer loop
      vertex 52 35.7999 46.0725
      vertex 46 35.703 46.1468
      vertex 46 35.7999 46.0725
    endloop
  endfacet
  facet normal 0 0.886935 -0.461894
    outer loop
      vertex 52 33.6312 45.5917
      vertex 46 33.6876 45.7
      vertex 52 33.6876 45.7
    endloop
  endfacet
  facet normal 0 0.886935 -0.461894
    outer loop
      vertex 46 33.6876 45.7
      vertex 52 33.6312 45.5917
      vertex 46 33.6312 45.5917
    endloop
  endfacet
  facet normal 0 0.999058 -0.0434017
    outer loop
      vertex 52 33.5 45
      vertex 46 33.5053 45.122
      vertex 52 33.5053 45.122
    endloop
  endfacet
  facet normal 0 0.999058 -0.0434017
    outer loop
      vertex 46 33.5053 45.122
      vertex 52 33.5 45
      vertex 46 33.5 45
    endloop
  endfacet
  facet normal 0 -0.130984 -0.991384
    outer loop
      vertex 46 35.022 46.3947
      vertex 52 35.1431 46.3787
      vertex 52 35.022 46.3947
    endloop
  endfacet
  facet normal -0 -0.130984 -0.991384
    outer loop
      vertex 52 35.1431 46.3787
      vertex 46 35.022 46.3947
      vertex 46 35.1431 46.3787
    endloop
  endfacet
  facet normal 0 -0.0434017 -0.999058
    outer loop
      vertex 46 34.9 46.4
      vertex 52 35.022 46.3947
      vertex 52 34.9 46.4
    endloop
  endfacet
  facet normal -0 -0.0434017 -0.999058
    outer loop
      vertex 52 35.022 46.3947
      vertex 46 34.9 46.4
      vertex 46 35.022 46.3947
    endloop
  endfacet
  facet normal 0 0.976341 -0.216237
    outer loop
      vertex 52 33.5213 45.2431
      vertex 46 33.5477 45.3623
      vertex 52 33.5477 45.3623
    endloop
  endfacet
  facet normal 0 0.976341 -0.216237
    outer loop
      vertex 46 33.5477 45.3623
      vertex 52 33.5213 45.2431
      vertex 46 33.5213 45.2431
    endloop
  endfacet
  facet normal 0 0.793567 -0.608483
    outer loop
      vertex 52 33.7532 45.803
      vertex 46 33.8275 45.8999
      vertex 52 33.8275 45.8999
    endloop
  endfacet
  facet normal 0 0.793567 -0.608483
    outer loop
      vertex 46 33.8275 45.8999
      vertex 52 33.7532 45.803
      vertex 46 33.7532 45.803
    endloop
  endfacet
  facet normal 0 0.737154 0.675725
    outer loop
      vertex 52 33.91 44.0101
      vertex 46 33.8275 44.1001
      vertex 52 33.8275 44.1001
    endloop
  endfacet
  facet normal 0 0.737154 0.675725
    outer loop
      vertex 46 33.8275 44.1001
      vertex 52 33.91 44.0101
      vertex 46 33.91 44.0101
    endloop
  endfacet
  facet normal 0 0.793567 0.608483
    outer loop
      vertex 52 33.8275 44.1001
      vertex 46 33.7532 44.197
      vertex 52 33.7532 44.197
    endloop
  endfacet
  facet normal 0 0.793567 0.608483
    outer loop
      vertex 46 33.7532 44.197
      vertex 52 33.8275 44.1001
      vertex 46 33.8275 44.1001
    endloop
  endfacet
  facet normal 0 0.537193 -0.843459
    outer loop
      vertex 46 34.097 46.1468
      vertex 52 34.2 46.2124
      vertex 52 34.097 46.1468
    endloop
  endfacet
  facet normal 0 0.537193 -0.843459
    outer loop
      vertex 52 34.2 46.2124
      vertex 46 34.097 46.1468
      vertex 46 34.2 46.2124
    endloop
  endfacet
  facet normal 0 0.953793 -0.300465
    outer loop
      vertex 52 33.5477 45.3623
      vertex 46 33.5844 45.4788
      vertex 52 33.5844 45.4788
    endloop
  endfacet
  facet normal 0 0.953793 -0.300465
    outer loop
      vertex 46 33.5844 45.4788
      vertex 52 33.5477 45.3623
      vertex 46 33.5477 45.3623
    endloop
  endfacet
  facet normal 0 0.843459 -0.537193
    outer loop
      vertex 52 33.6876 45.7
      vertex 46 33.7532 45.803
      vertex 52 33.7532 45.803
    endloop
  endfacet
  facet normal 0 0.843459 -0.537193
    outer loop
      vertex 46 33.7532 45.803
      vertex 52 33.6876 45.7
      vertex 46 33.6876 45.7
    endloop
  endfacet
  facet normal 0 -0.991384 -0.130984
    outer loop
      vertex 46 36.2947 55.122
      vertex 52 36.2787 55.2431
      vertex 46 36.2787 55.2431
    endloop
  endfacet
  facet normal 0 -0.991384 -0.130984
    outer loop
      vertex 52 36.2787 55.2431
      vertex 46 36.2947 55.122
      vertex 52 36.2947 55.122
    endloop
  endfacet
  facet normal 0 -0.216237 0.976341
    outer loop
      vertex 46 35.2623 53.6477
      vertex 52 35.1431 53.6213
      vertex 52 35.2623 53.6477
    endloop
  endfacet
  facet normal 0 -0.216237 0.976341
    outer loop
      vertex 52 35.1431 53.6213
      vertex 46 35.2623 53.6477
      vertex 46 35.1431 53.6213
    endloop
  endfacet
  facet normal -0 0.0434017 0.999058
    outer loop
      vertex 46 34.9 53.6
      vertex 52 34.778 53.6053
      vertex 52 34.9 53.6
    endloop
  endfacet
  facet normal 0 0.0434017 0.999058
    outer loop
      vertex 52 34.778 53.6053
      vertex 46 34.9 53.6
      vertex 46 34.778 53.6053
    endloop
  endfacet
  facet normal 0 -0.953793 -0.300465
    outer loop
      vertex 46 36.2523 55.3623
      vertex 52 36.2156 55.4788
      vertex 46 36.2156 55.4788
    endloop
  endfacet
  facet normal 0 -0.953793 -0.300465
    outer loop
      vertex 52 36.2156 55.4788
      vertex 46 36.2523 55.3623
      vertex 52 36.2523 55.3623
    endloop
  endfacet
  facet normal -0 0.300465 0.953793
    outer loop
      vertex 46 34.5377 53.6477
      vertex 52 34.4212 53.6844
      vertex 52 34.5377 53.6477
    endloop
  endfacet
  facet normal 0 0.300465 0.953793
    outer loop
      vertex 52 34.4212 53.6844
      vertex 46 34.5377 53.6477
      vertex 46 34.4212 53.6844
    endloop
  endfacet
  facet normal -0 0.38293 0.923777
    outer loop
      vertex 46 34.4212 53.6844
      vertex 52 34.3083 53.7312
      vertex 52 34.4212 53.6844
    endloop
  endfacet
  facet normal 0 0.38293 0.923777
    outer loop
      vertex 52 34.3083 53.7312
      vertex 46 34.4212 53.6844
      vertex 46 34.3083 53.7312
    endloop
  endfacet
  facet normal 0 -0.73712 0.675762
    outer loop
      vertex 46 35.8899 54.01
      vertex 52 35.9725 54.1001
      vertex 46 35.9725 54.1001
    endloop
  endfacet
  facet normal 0 -0.73712 0.675762
    outer loop
      vertex 52 35.9725 54.1001
      vertex 46 35.8899 54.01
      vertex 52 35.8899 54.01
    endloop
  endfacet
  facet normal 0 -0.0434017 0.999058
    outer loop
      vertex 46 35.022 53.6053
      vertex 52 34.9 53.6
      vertex 52 35.022 53.6053
    endloop
  endfacet
  facet normal 0 -0.0434017 0.999058
    outer loop
      vertex 52 34.9 53.6
      vertex 46 35.022 53.6053
      vertex 46 34.9 53.6
    endloop
  endfacet
  facet normal 0 -0.999058 -0.0434017
    outer loop
      vertex 46 36.3 55
      vertex 52 36.2947 55.122
      vertex 46 36.2947 55.122
    endloop
  endfacet
  facet normal 0 -0.999058 -0.0434017
    outer loop
      vertex 52 36.2947 55.122
      vertex 46 36.3 55
      vertex 52 36.3 55
    endloop
  endfacet
  facet normal 0 -0.461894 -0.886935
    outer loop
      vertex 46 35.4917 56.2688
      vertex 52 35.6 56.2124
      vertex 52 35.4917 56.2688
    endloop
  endfacet
  facet normal -0 -0.461894 -0.886935
    outer loop
      vertex 52 35.6 56.2124
      vertex 46 35.4917 56.2688
      vertex 46 35.6 56.2124
    endloop
  endfacet
  facet normal 0 0.675762 -0.73712
    outer loop
      vertex 46 33.91 55.9899
      vertex 52 34.0001 56.0725
      vertex 52 33.91 55.9899
    endloop
  endfacet
  facet normal 0 0.675762 -0.73712
    outer loop
      vertex 52 34.0001 56.0725
      vertex 46 33.91 55.9899
      vertex 46 34.0001 56.0725
    endloop
  endfacet
  facet normal 0 -0.976341 -0.216237
    outer loop
      vertex 46 36.2787 55.2431
      vertex 52 36.2523 55.3623
      vertex 46 36.2523 55.3623
    endloop
  endfacet
  facet normal 0 -0.976341 -0.216237
    outer loop
      vertex 52 36.2523 55.3623
      vertex 46 36.2787 55.2431
      vertex 52 36.2787 55.2431
    endloop
  endfacet
  facet normal -0 0.537193 0.843459
    outer loop
      vertex 46 34.2 53.7876
      vertex 52 34.097 53.8532
      vertex 52 34.2 53.7876
    endloop
  endfacet
  facet normal 0 0.537193 0.843459
    outer loop
      vertex 52 34.097 53.8532
      vertex 46 34.2 53.7876
      vertex 46 34.097 53.8532
    endloop
  endfacet
  facet normal 0 -0.923777 -0.38293
    outer loop
      vertex 46 36.2156 55.4788
      vertex 52 36.1688 55.5917
      vertex 46 36.1688 55.5917
    endloop
  endfacet
  facet normal 0 -0.923777 -0.38293
    outer loop
      vertex 52 36.1688 55.5917
      vertex 46 36.2156 55.4788
      vertex 52 36.2156 55.4788
    endloop
  endfacet
  facet normal 0 0.923777 -0.38293
    outer loop
      vertex 52 33.5844 55.4788
      vertex 46 33.6312 55.5917
      vertex 52 33.6312 55.5917
    endloop
  endfacet
  facet normal 0 0.923777 -0.38293
    outer loop
      vertex 46 33.6312 55.5917
      vertex 52 33.5844 55.4788
      vertex 46 33.5844 55.4788
    endloop
  endfacet
  facet normal -0 0.675317 0.737528
    outer loop
      vertex 46 34.0001 53.9275
      vertex 52 33.91 54.01
      vertex 52 34.0001 53.9275
    endloop
  endfacet
  facet normal 0 0.675317 0.737528
    outer loop
      vertex 52 33.91 54.01
      vertex 46 34.0001 53.9275
      vertex 46 33.91 54.01
    endloop
  endfacet
  facet normal 0 -0.537193 0.843459
    outer loop
      vertex 46 35.703 53.8532
      vertex 52 35.6 53.7876
      vertex 52 35.703 53.8532
    endloop
  endfacet
  facet normal 0 -0.537193 0.843459
    outer loop
      vertex 52 35.6 53.7876
      vertex 46 35.703 53.8532
      vertex 46 35.6 53.7876
    endloop
  endfacet
  facet normal -0 0.130984 0.991384
    outer loop
      vertex 46 34.778 53.6053
      vertex 52 34.6569 53.6213
      vertex 52 34.778 53.6053
    endloop
  endfacet
  facet normal 0 0.130984 0.991384
    outer loop
      vertex 52 34.6569 53.6213
      vertex 46 34.778 53.6053
      vertex 46 34.6569 53.6213
    endloop
  endfacet
  facet normal 0 0.953793 0.300465
    outer loop
      vertex 52 33.5844 54.5212
      vertex 46 33.5477 54.6377
      vertex 52 33.5477 54.6377
    endloop
  endfacet
  facet normal 0 0.953793 0.300465
    outer loop
      vertex 46 33.5477 54.6377
      vertex 52 33.5844 54.5212
      vertex 46 33.5844 54.5212
    endloop
  endfacet
  facet normal 0 -0.976341 0.216237
    outer loop
      vertex 46 36.2523 54.6377
      vertex 52 36.2787 54.7569
      vertex 46 36.2787 54.7569
    endloop
  endfacet
  facet normal 0 -0.976341 0.216237
    outer loop
      vertex 52 36.2787 54.7569
      vertex 46 36.2523 54.6377
      vertex 52 36.2523 54.6377
    endloop
  endfacet
  facet normal 0 -0.793567 -0.608483
    outer loop
      vertex 46 36.0468 55.803
      vertex 52 35.9725 55.8999
      vertex 46 35.9725 55.8999
    endloop
  endfacet
  facet normal 0 -0.793567 -0.608483
    outer loop
      vertex 52 35.9725 55.8999
      vertex 46 36.0468 55.803
      vertex 52 36.0468 55.803
    endloop
  endfacet
  facet normal 0 -0.38293 0.923777
    outer loop
      vertex 46 35.4917 53.7312
      vertex 52 35.3788 53.6844
      vertex 52 35.4917 53.7312
    endloop
  endfacet
  facet normal 0 -0.38293 0.923777
    outer loop
      vertex 52 35.3788 53.6844
      vertex 46 35.4917 53.7312
      vertex 46 35.3788 53.6844
    endloop
  endfacet
  facet normal 0 -0.300465 -0.953793
    outer loop
      vertex 46 35.2623 56.3523
      vertex 52 35.3788 56.3156
      vertex 52 35.2623 56.3523
    endloop
  endfacet
  facet normal -0 -0.300465 -0.953793
    outer loop
      vertex 52 35.3788 56.3156
      vertex 46 35.2623 56.3523
      vertex 46 35.3788 56.3156
    endloop
  endfacet
  facet normal -0 0.216237 0.976341
    outer loop
      vertex 46 34.6569 53.6213
      vertex 52 34.5377 53.6477
      vertex 52 34.6569 53.6213
    endloop
  endfacet
  facet normal 0 0.216237 0.976341
    outer loop
      vertex 52 34.5377 53.6477
      vertex 46 34.6569 53.6213
      vertex 46 34.5377 53.6477
    endloop
  endfacet
  facet normal 0 0.991384 0.130984
    outer loop
      vertex 52 33.5213 54.7569
      vertex 46 33.5053 54.878
      vertex 52 33.5053 54.878
    endloop
  endfacet
  facet normal 0 0.991384 0.130984
    outer loop
      vertex 46 33.5053 54.878
      vertex 52 33.5213 54.7569
      vertex 46 33.5213 54.7569
    endloop
  endfacet
  facet normal 0 -0.886935 0.461894
    outer loop
      vertex 46 36.1124 54.3
      vertex 52 36.1688 54.4083
      vertex 46 36.1688 54.4083
    endloop
  endfacet
  facet normal 0 -0.886935 0.461894
    outer loop
      vertex 52 36.1688 54.4083
      vertex 46 36.1124 54.3
      vertex 52 36.1124 54.3
    endloop
  endfacet
  facet normal 0 -0.130984 0.991384
    outer loop
      vertex 46 35.1431 53.6213
      vertex 52 35.022 53.6053
      vertex 52 35.1431 53.6213
    endloop
  endfacet
  facet normal 0 -0.130984 0.991384
    outer loop
      vertex 52 35.022 53.6053
      vertex 46 35.1431 53.6213
      vertex 46 35.022 53.6053
    endloop
  endfacet
  facet normal 0 0.999058 0.0434017
    outer loop
      vertex 52 33.5053 54.878
      vertex 46 33.5 55
      vertex 52 33.5 55
    endloop
  endfacet
  facet normal 0 0.999058 0.0434017
    outer loop
      vertex 46 33.5 55
      vertex 52 33.5053 54.878
      vertex 46 33.5053 54.878
    endloop
  endfacet
  facet normal 0 0.976341 0.216237
    outer loop
      vertex 52 33.5477 54.6377
      vertex 46 33.5213 54.7569
      vertex 52 33.5213 54.7569
    endloop
  endfacet
  facet normal 0 0.976341 0.216237
    outer loop
      vertex 46 33.5213 54.7569
      vertex 52 33.5477 54.6377
      vertex 46 33.5477 54.6377
    endloop
  endfacet
  facet normal 0 0.461894 -0.886935
    outer loop
      vertex 46 34.2 56.2124
      vertex 52 34.3083 56.2688
      vertex 52 34.2 56.2124
    endloop
  endfacet
  facet normal 0 0.461894 -0.886935
    outer loop
      vertex 52 34.3083 56.2688
      vertex 46 34.2 56.2124
      vertex 46 34.3083 56.2688
    endloop
  endfacet
  facet normal 0 -0.843459 -0.537193
    outer loop
      vertex 46 36.1124 55.7
      vertex 52 36.0468 55.803
      vertex 46 36.0468 55.803
    endloop
  endfacet
  facet normal 0 -0.843459 -0.537193
    outer loop
      vertex 52 36.0468 55.803
      vertex 46 36.1124 55.7
      vertex 52 36.1124 55.7
    endloop
  endfacet
  facet normal 0 0.737154 -0.675725
    outer loop
      vertex 52 33.8275 55.8999
      vertex 46 33.91 55.9899
      vertex 52 33.91 55.9899
    endloop
  endfacet
  facet normal 0 0.737154 -0.675725
    outer loop
      vertex 46 33.91 55.9899
      vertex 52 33.8275 55.8999
      vertex 46 33.8275 55.8999
    endloop
  endfacet
  facet normal 0 0.216237 -0.976341
    outer loop
      vertex 46 34.5377 56.3523
      vertex 52 34.6569 56.3787
      vertex 52 34.5377 56.3523
    endloop
  endfacet
  facet normal 0 0.216237 -0.976341
    outer loop
      vertex 52 34.6569 56.3787
      vertex 46 34.5377 56.3523
      vertex 46 34.6569 56.3787
    endloop
  endfacet
  facet normal 0 0.38293 -0.923777
    outer loop
      vertex 46 34.3083 56.2688
      vertex 52 34.4212 56.3156
      vertex 52 34.3083 56.2688
    endloop
  endfacet
  facet normal 0 0.38293 -0.923777
    outer loop
      vertex 52 34.4212 56.3156
      vertex 46 34.3083 56.2688
      vertex 46 34.4212 56.3156
    endloop
  endfacet
  facet normal 0 -0.216237 -0.976341
    outer loop
      vertex 46 35.1431 56.3787
      vertex 52 35.2623 56.3523
      vertex 52 35.1431 56.3787
    endloop
  endfacet
  facet normal -0 -0.216237 -0.976341
    outer loop
      vertex 52 35.2623 56.3523
      vertex 46 35.1431 56.3787
      vertex 46 35.2623 56.3523
    endloop
  endfacet
  facet normal 0 0.130984 -0.991384
    outer loop
      vertex 46 34.6569 56.3787
      vertex 52 34.778 56.3947
      vertex 52 34.6569 56.3787
    endloop
  endfacet
  facet normal 0 0.130984 -0.991384
    outer loop
      vertex 52 34.778 56.3947
      vertex 46 34.6569 56.3787
      vertex 46 34.778 56.3947
    endloop
  endfacet
  facet normal 0 -0.923777 0.38293
    outer loop
      vertex 46 36.1688 54.4083
      vertex 52 36.2156 54.5212
      vertex 46 36.2156 54.5212
    endloop
  endfacet
  facet normal 0 -0.923777 0.38293
    outer loop
      vertex 52 36.2156 54.5212
      vertex 46 36.1688 54.4083
      vertex 52 36.1688 54.4083
    endloop
  endfacet
  facet normal -0 0.608483 0.793567
    outer loop
      vertex 46 34.097 53.8532
      vertex 52 34.0001 53.9275
      vertex 52 34.097 53.8532
    endloop
  endfacet
  facet normal 0 0.608483 0.793567
    outer loop
      vertex 52 34.0001 53.9275
      vertex 46 34.097 53.8532
      vertex 46 34.0001 53.9275
    endloop
  endfacet
  facet normal 0 -0.886935 -0.461894
    outer loop
      vertex 46 36.1688 55.5917
      vertex 52 36.1124 55.7
      vertex 46 36.1124 55.7
    endloop
  endfacet
  facet normal 0 -0.886935 -0.461894
    outer loop
      vertex 52 36.1124 55.7
      vertex 46 36.1688 55.5917
      vertex 52 36.1688 55.5917
    endloop
  endfacet
  facet normal 0 -0.537193 -0.843459
    outer loop
      vertex 46 35.6 56.2124
      vertex 52 35.703 56.1468
      vertex 52 35.6 56.2124
    endloop
  endfacet
  facet normal -0 -0.537193 -0.843459
    outer loop
      vertex 52 35.703 56.1468
      vertex 46 35.6 56.2124
      vertex 46 35.703 56.1468
    endloop
  endfacet
  facet normal 0 -0.793567 0.608483
    outer loop
      vertex 46 35.9725 54.1001
      vertex 52 36.0468 54.197
      vertex 46 36.0468 54.197
    endloop
  endfacet
  facet normal 0 -0.793567 0.608483
    outer loop
      vertex 52 36.0468 54.197
      vertex 46 35.9725 54.1001
      vertex 52 35.9725 54.1001
    endloop
  endfacet
  facet normal 0 0.923777 0.38293
    outer loop
      vertex 52 33.6312 54.4083
      vertex 46 33.5844 54.5212
      vertex 52 33.5844 54.5212
    endloop
  endfacet
  facet normal 0 0.923777 0.38293
    outer loop
      vertex 46 33.5844 54.5212
      vertex 52 33.6312 54.4083
      vertex 46 33.6312 54.4083
    endloop
  endfacet
  facet normal 0 -0.300465 0.953793
    outer loop
      vertex 46 35.3788 53.6844
      vertex 52 35.2623 53.6477
      vertex 52 35.3788 53.6844
    endloop
  endfacet
  facet normal 0 -0.300465 0.953793
    outer loop
      vertex 52 35.2623 53.6477
      vertex 46 35.3788 53.6844
      vertex 46 35.2623 53.6477
    endloop
  endfacet
  facet normal 0 -0.843459 0.537193
    outer loop
      vertex 46 36.0468 54.197
      vertex 52 36.1124 54.3
      vertex 46 36.1124 54.3
    endloop
  endfacet
  facet normal 0 -0.843459 0.537193
    outer loop
      vertex 52 36.1124 54.3
      vertex 46 36.0468 54.197
      vertex 52 36.0468 54.197
    endloop
  endfacet
  facet normal 0 -0.736746 -0.676169
    outer loop
      vertex 46 35.9725 55.8999
      vertex 52 35.8899 55.9899
      vertex 46 35.8899 55.9899
    endloop
  endfacet
  facet normal 0 -0.736746 -0.676169
    outer loop
      vertex 52 35.8899 55.9899
      vertex 46 35.9725 55.8999
      vertex 52 35.9725 55.8999
    endloop
  endfacet
  facet normal 0 -0.675725 0.737154
    outer loop
      vertex 46 35.8899 54.01
      vertex 52 35.7999 53.9275
      vertex 52 35.8899 54.01
    endloop
  endfacet
  facet normal 0 -0.675725 0.737154
    outer loop
      vertex 52 35.7999 53.9275
      vertex 46 35.8899 54.01
      vertex 46 35.7999 53.9275
    endloop
  endfacet
  facet normal 0 -0.999058 0.0434017
    outer loop
      vertex 46 36.2947 54.878
      vertex 52 36.3 55
      vertex 46 36.3 55
    endloop
  endfacet
  facet normal 0 -0.999058 0.0434017
    outer loop
      vertex 52 36.3 55
      vertex 46 36.2947 54.878
      vertex 52 36.2947 54.878
    endloop
  endfacet
  facet normal -0 0.461894 0.886935
    outer loop
      vertex 46 34.3083 53.7312
      vertex 52 34.2 53.7876
      vertex 52 34.3083 53.7312
    endloop
  endfacet
  facet normal 0 0.461894 0.886935
    outer loop
      vertex 52 34.2 53.7876
      vertex 46 34.3083 53.7312
      vertex 46 34.2 53.7876
    endloop
  endfacet
  facet normal 0 -0.461894 0.886935
    outer loop
      vertex 46 35.6 53.7876
      vertex 52 35.4917 53.7312
      vertex 52 35.6 53.7876
    endloop
  endfacet
  facet normal 0 -0.461894 0.886935
    outer loop
      vertex 52 35.4917 53.7312
      vertex 46 35.6 53.7876
      vertex 46 35.4917 53.7312
    endloop
  endfacet
  facet normal 0 0.608483 -0.793567
    outer loop
      vertex 46 34.0001 56.0725
      vertex 52 34.097 56.1468
      vertex 52 34.0001 56.0725
    endloop
  endfacet
  facet normal 0 0.608483 -0.793567
    outer loop
      vertex 52 34.097 56.1468
      vertex 46 34.0001 56.0725
      vertex 46 34.097 56.1468
    endloop
  endfacet
  facet normal 0 0.0434017 -0.999058
    outer loop
      vertex 46 34.778 56.3947
      vertex 52 34.9 56.4
      vertex 52 34.778 56.3947
    endloop
  endfacet
  facet normal 0 0.0434017 -0.999058
    outer loop
      vertex 52 34.9 56.4
      vertex 46 34.778 56.3947
      vertex 46 34.9 56.4
    endloop
  endfacet
  facet normal 0 -0.676169 -0.736746
    outer loop
      vertex 46 35.7999 56.0725
      vertex 52 35.8899 55.9899
      vertex 52 35.7999 56.0725
    endloop
  endfacet
  facet normal -0 -0.676169 -0.736746
    outer loop
      vertex 52 35.8899 55.9899
      vertex 46 35.7999 56.0725
      vertex 46 35.8899 55.9899
    endloop
  endfacet
  facet normal 0 -0.953793 0.300465
    outer loop
      vertex 46 36.2156 54.5212
      vertex 52 36.2523 54.6377
      vertex 46 36.2523 54.6377
    endloop
  endfacet
  facet normal 0 -0.953793 0.300465
    outer loop
      vertex 52 36.2523 54.6377
      vertex 46 36.2156 54.5212
      vertex 52 36.2156 54.5212
    endloop
  endfacet
  facet normal 0 -0.608483 0.793567
    outer loop
      vertex 46 35.7999 53.9275
      vertex 52 35.703 53.8532
      vertex 52 35.7999 53.9275
    endloop
  endfacet
  facet normal 0 -0.608483 0.793567
    outer loop
      vertex 52 35.703 53.8532
      vertex 46 35.7999 53.9275
      vertex 46 35.703 53.8532
    endloop
  endfacet
  facet normal 0 0.843459 0.537193
    outer loop
      vertex 52 33.7532 54.197
      vertex 46 33.6876 54.3
      vertex 52 33.6876 54.3
    endloop
  endfacet
  facet normal 0 0.843459 0.537193
    outer loop
      vertex 46 33.6876 54.3
      vertex 52 33.7532 54.197
      vertex 46 33.7532 54.197
    endloop
  endfacet
  facet normal 0 -0.991384 0.130984
    outer loop
      vertex 46 36.2787 54.7569
      vertex 52 36.2947 54.878
      vertex 46 36.2947 54.878
    endloop
  endfacet
  facet normal 0 -0.991384 0.130984
    outer loop
      vertex 52 36.2947 54.878
      vertex 46 36.2787 54.7569
      vertex 52 36.2787 54.7569
    endloop
  endfacet
  facet normal 0 -0.38293 -0.923777
    outer loop
      vertex 46 35.3788 56.3156
      vertex 52 35.4917 56.2688
      vertex 52 35.3788 56.3156
    endloop
  endfacet
  facet normal -0 -0.38293 -0.923777
    outer loop
      vertex 52 35.4917 56.2688
      vertex 46 35.3788 56.3156
      vertex 46 35.4917 56.2688
    endloop
  endfacet
  facet normal 0 0.300465 -0.953793
    outer loop
      vertex 46 34.4212 56.3156
      vertex 52 34.5377 56.3523
      vertex 52 34.4212 56.3156
    endloop
  endfacet
  facet normal 0 0.300465 -0.953793
    outer loop
      vertex 52 34.5377 56.3523
      vertex 46 34.4212 56.3156
      vertex 46 34.5377 56.3523
    endloop
  endfacet
  facet normal 0 0.886935 0.461894
    outer loop
      vertex 52 33.6876 54.3
      vertex 46 33.6312 54.4083
      vertex 52 33.6312 54.4083
    endloop
  endfacet
  facet normal 0 0.886935 0.461894
    outer loop
      vertex 46 33.6312 54.4083
      vertex 52 33.6876 54.3
      vertex 46 33.6876 54.3
    endloop
  endfacet
  facet normal 0 0.991384 -0.130984
    outer loop
      vertex 52 33.5053 55.122
      vertex 46 33.5213 55.2431
      vertex 52 33.5213 55.2431
    endloop
  endfacet
  facet normal 0 0.991384 -0.130984
    outer loop
      vertex 46 33.5213 55.2431
      vertex 52 33.5053 55.122
      vertex 46 33.5053 55.122
    endloop
  endfacet
  facet normal 0 0.886935 -0.461894
    outer loop
      vertex 52 33.6312 55.5917
      vertex 46 33.6876 55.7
      vertex 52 33.6876 55.7
    endloop
  endfacet
  facet normal 0 0.886935 -0.461894
    outer loop
      vertex 46 33.6876 55.7
      vertex 52 33.6312 55.5917
      vertex 46 33.6312 55.5917
    endloop
  endfacet
  facet normal 0 -0.608483 -0.793567
    outer loop
      vertex 46 35.703 56.1468
      vertex 52 35.7999 56.0725
      vertex 52 35.703 56.1468
    endloop
  endfacet
  facet normal -0 -0.608483 -0.793567
    outer loop
      vertex 52 35.7999 56.0725
      vertex 46 35.703 56.1468
      vertex 46 35.7999 56.0725
    endloop
  endfacet
  facet normal 0 0.999058 -0.0434017
    outer loop
      vertex 52 33.5 55
      vertex 46 33.5053 55.122
      vertex 52 33.5053 55.122
    endloop
  endfacet
  facet normal 0 0.999058 -0.0434017
    outer loop
      vertex 46 33.5053 55.122
      vertex 52 33.5 55
      vertex 46 33.5 55
    endloop
  endfacet
  facet normal 0 -0.130984 -0.991384
    outer loop
      vertex 46 35.022 56.3947
      vertex 52 35.1431 56.3787
      vertex 52 35.022 56.3947
    endloop
  endfacet
  facet normal -0 -0.130984 -0.991384
    outer loop
      vertex 52 35.1431 56.3787
      vertex 46 35.022 56.3947
      vertex 46 35.1431 56.3787
    endloop
  endfacet
  facet normal 0 -0.0434017 -0.999058
    outer loop
      vertex 46 34.9 56.4
      vertex 52 35.022 56.3947
      vertex 52 34.9 56.4
    endloop
  endfacet
  facet normal -0 -0.0434017 -0.999058
    outer loop
      vertex 52 35.022 56.3947
      vertex 46 34.9 56.4
      vertex 46 35.022 56.3947
    endloop
  endfacet
  facet normal 0 0.976341 -0.216237
    outer loop
      vertex 52 33.5213 55.2431
      vertex 46 33.5477 55.3623
      vertex 52 33.5477 55.3623
    endloop
  endfacet
  facet normal 0 0.976341 -0.216237
    outer loop
      vertex 46 33.5477 55.3623
      vertex 52 33.5213 55.2431
      vertex 46 33.5213 55.2431
    endloop
  endfacet
  facet normal 0 0.793567 -0.608483
    outer loop
      vertex 52 33.7532 55.803
      vertex 46 33.8275 55.8999
      vertex 52 33.8275 55.8999
    endloop
  endfacet
  facet normal 0 0.793567 -0.608483
    outer loop
      vertex 46 33.8275 55.8999
      vertex 52 33.7532 55.803
      vertex 46 33.7532 55.803
    endloop
  endfacet
  facet normal 0 0.737528 0.675317
    outer loop
      vertex 52 33.91 54.01
      vertex 46 33.8275 54.1001
      vertex 52 33.8275 54.1001
    endloop
  endfacet
  facet normal 0 0.737528 0.675317
    outer loop
      vertex 46 33.8275 54.1001
      vertex 52 33.91 54.01
      vertex 46 33.91 54.01
    endloop
  endfacet
  facet normal 0 0.793567 0.608483
    outer loop
      vertex 52 33.8275 54.1001
      vertex 46 33.7532 54.197
      vertex 52 33.7532 54.197
    endloop
  endfacet
  facet normal 0 0.793567 0.608483
    outer loop
      vertex 46 33.7532 54.197
      vertex 52 33.8275 54.1001
      vertex 46 33.8275 54.1001
    endloop
  endfacet
  facet normal 0 0.537193 -0.843459
    outer loop
      vertex 46 34.097 56.1468
      vertex 52 34.2 56.2124
      vertex 52 34.097 56.1468
    endloop
  endfacet
  facet normal 0 0.537193 -0.843459
    outer loop
      vertex 52 34.2 56.2124
      vertex 46 34.097 56.1468
      vertex 46 34.2 56.2124
    endloop
  endfacet
  facet normal 0 0.953793 -0.300465
    outer loop
      vertex 52 33.5477 55.3623
      vertex 46 33.5844 55.4788
      vertex 52 33.5844 55.4788
    endloop
  endfacet
  facet normal 0 0.953793 -0.300465
    outer loop
      vertex 46 33.5844 55.4788
      vertex 52 33.5477 55.3623
      vertex 46 33.5477 55.3623
    endloop
  endfacet
  facet normal 0 0.843459 -0.537193
    outer loop
      vertex 52 33.6876 55.7
      vertex 46 33.7532 55.803
      vertex 52 33.7532 55.803
    endloop
  endfacet
  facet normal 0 0.843459 -0.537193
    outer loop
      vertex 46 33.7532 55.803
      vertex 52 33.6876 55.7
      vertex 46 33.6876 55.7
    endloop
  endfacet
  facet normal 0 0 -1
    outer loop
      vertex 46 -10.5 60.15
      vertex 52 30.8 60.15
      vertex 52 -10.5 60.15
    endloop
  endfacet
  facet normal -0 0 -1
    outer loop
      vertex 52 30.8 60.15
      vertex 46 -10.5 60.15
      vertex 46 30.8 60.15
    endloop
  endfacet
  facet normal -0 0 1
    outer loop
      vertex 46 30.8 39.85
      vertex 52 -10.5 39.85
      vertex 52 30.8 39.85
    endloop
  endfacet
  facet normal 0 0 1
    outer loop
      vertex 52 -10.5 39.85
      vertex 46 30.8 39.85
      vertex 46 -10.5 39.85
    endloop
  endfacet
  facet normal 0 -1 0
    outer loop
      vertex 46 30.8 39.85
      vertex 52 30.8 60.15
      vertex 46 30.8 60.15
    endloop
  endfacet
  facet normal 0 -1 -0
    outer loop
      vertex 52 30.8 60.15
      vertex 46 30.8 39.85
      vertex 52 30.8 39.85
    endloop
  endfacet
  facet normal 0 1 -0
    outer loop
      vertex 52 -10.5 39.85
      vertex 46 -10.5 60.15
      vertex 52 -10.5 60.15
    endloop
  endfacet
  facet normal 0 1 0
    outer loop
      vertex 46 -10.5 60.15
      vertex 52 -10.5 39.85
      vertex 46 -10.5 39.85
    endloop
  endfacet
  facet normal -0.991444 0.130534 0
    outer loop
      vertex 4.92404 -18.8682 0
      vertex 4.98097 -18.4358 5
      vertex 4.98097 -18.4358 0
    endloop
  endfacet
  facet normal -0.991444 0.130534 0
    outer loop
      vertex 4.98097 -18.4358 5
      vertex 4.92404 -18.8682 0
      vertex 4.92404 -18.8682 5
    endloop
  endfacet
  facet normal -0.0435587 -0.999051 0
    outer loop
      vertex 0 -13 0
      vertex 0.435779 -13.019 5
      vertex 0 -13 5
    endloop
  endfacet
  facet normal -0.0435587 -0.999051 -0
    outer loop
      vertex 0.435779 -13.019 5
      vertex 0 -13 0
      vertex 0.435779 -13.019 0
    endloop
  endfacet
  facet normal -0.991444 -0.130534 0
    outer loop
      vertex 4.98097 -17.5642 0
      vertex 4.92404 -17.1318 5
      vertex 4.92404 -17.1318 0
    endloop
  endfacet
  facet normal -0.991444 -0.130534 0
    outer loop
      vertex 4.92404 -17.1318 5
      vertex 4.98097 -17.5642 0
      vertex 4.98097 -17.5642 5
    endloop
  endfacet
  facet normal -0.999048 -0.0436252 0
    outer loop
      vertex 5 -18 0
      vertex 4.98097 -17.5642 5
      vertex 4.98097 -17.5642 0
    endloop
  endfacet
  facet normal -0.999048 -0.0436252 0
    outer loop
      vertex 4.98097 -17.5642 5
      vertex 5 -18 0
      vertex 5 -18 5
    endloop
  endfacet
  facet normal -0.976301 -0.216418 0
    outer loop
      vertex 4.92404 -17.1318 0
      vertex 4.82963 -16.7059 5
      vertex 4.82963 -16.7059 0
    endloop
  endfacet
  facet normal -0.976301 -0.216418 0
    outer loop
      vertex 4.82963 -16.7059 5
      vertex 4.92404 -17.1318 0
      vertex 4.92404 -17.1318 5
    endloop
  endfacet
  facet normal 0.793304 0.608826 0
    outer loop
      vertex -3.83022 -21.2139 5
      vertex -4.09576 -20.8679 0
      vertex -4.09576 -20.8679 5
    endloop
  endfacet
  facet normal 0.793304 0.608826 0
    outer loop
      vertex -4.09576 -20.8679 0
      vertex -3.83022 -21.2139 5
      vertex -3.83022 -21.2139 0
    endloop
  endfacet
  facet normal -0.300572 -0.953759 0
    outer loop
      vertex 1.2941 -13.1704 0
      vertex 1.7101 -13.3015 5
      vertex 1.2941 -13.1704 5
    endloop
  endfacet
  facet normal -0.300572 -0.953759 -0
    outer loop
      vertex 1.7101 -13.3015 5
      vertex 1.2941 -13.1704 0
      vertex 1.7101 -13.3015 0
    endloop
  endfacet
  facet normal -0.382832 -0.923818 0
    outer loop
      vertex 1.7101 -13.3015 0
      vertex 2.11309 -13.4685 5
      vertex 1.7101 -13.3015 5
    endloop
  endfacet
  facet normal -0.382832 -0.923818 -0
    outer loop
      vertex 2.11309 -13.4685 5
      vertex 1.7101 -13.3015 0
      vertex 2.11309 -13.4685 0
    endloop
  endfacet
  facet normal 0.953713 -0.300718 0
    outer loop
      vertex -4.82963 -16.7059 5
      vertex -4.69846 -16.2899 0
      vertex -4.69846 -16.2899 5
    endloop
  endfacet
  facet normal 0.953713 -0.300718 0
    outer loop
      vertex -4.69846 -16.2899 0
      vertex -4.82963 -16.7059 5
      vertex -4.82963 -16.7059 0
    endloop
  endfacet
  facet normal 0.8434 -0.537286 0
    outer loop
      vertex -4.33013 -15.5 5
      vertex -4.09576 -15.1321 0
      vertex -4.09576 -15.1321 5
    endloop
  endfacet
  facet normal 0.8434 -0.537286 0
    outer loop
      vertex -4.09576 -15.1321 0
      vertex -4.33013 -15.5 5
      vertex -4.33013 -15.5 0
    endloop
  endfacet
  facet normal 0.923886 -0.382668 0
    outer loop
      vertex -4.69846 -16.2899 5
      vertex -4.53154 -15.8869 0
      vertex -4.53154 -15.8869 5
    endloop
  endfacet
  facet normal 0.923886 -0.382668 0
    outer loop
      vertex -4.53154 -15.8869 0
      vertex -4.69846 -16.2899 5
      vertex -4.69846 -16.2899 0
    endloop
  endfacet
  facet normal 0.953713 0.300718 0
    outer loop
      vertex -4.69846 -19.7101 5
      vertex -4.82963 -19.2941 0
      vertex -4.82963 -19.2941 5
    endloop
  endfacet
  facet normal 0.953713 0.300718 0
    outer loop
      vertex -4.82963 -19.2941 0
      vertex -4.69846 -19.7101 5
      vertex -4.69846 -19.7101 0
    endloop
  endfacet
  facet normal 0.216416 -0.976301 0
    outer loop
      vertex -1.2941 -13.1704 0
      vertex -0.86824 -13.076 5
      vertex -1.2941 -13.1704 5
    endloop
  endfacet
  facet normal 0.216416 -0.976301 0
    outer loop
      vertex -0.86824 -13.076 5
      vertex -1.2941 -13.1704 0
      vertex -0.86824 -13.076 0
    endloop
  endfacet
  facet normal -0.130674 0.991425 0
    outer loop
      vertex 0.86824 -22.924 0
      vertex 0.435779 -22.981 5
      vertex 0.86824 -22.924 5
    endloop
  endfacet
  facet normal -0.130674 0.991425 0
    outer loop
      vertex 0.435779 -22.981 5
      vertex 0.86824 -22.924 0
      vertex 0.435779 -22.981 0
    endloop
  endfacet
  facet normal -0.8434 0.537286 0
    outer loop
      vertex 4.09576 -20.8679 0
      vertex 4.33013 -20.5 5
      vertex 4.33013 -20.5 0
    endloop
  endfacet
  facet normal -0.8434 0.537286 0
    outer loop
      vertex 4.33013 -20.5 5
      vertex 4.09576 -20.8679 0
      vertex 4.09576 -20.8679 5
    endloop
  endfacet
  facet normal -0.382832 0.923818 0
    outer loop
      vertex 2.11309 -22.5315 0
      vertex 1.7101 -22.6985 5
      vertex 2.11309 -22.5315 5
    endloop
  endfacet
  facet normal -0.382832 0.923818 0
    outer loop
      vertex 1.7101 -22.6985 5
      vertex 2.11309 -22.5315 0
      vertex 1.7101 -22.6985 0
    endloop
  endfacet
  facet normal 0.0435587 -0.999051 0
    outer loop
      vertex -0.435779 -13.019 0
      vertex 0 -13 5
      vertex -0.435779 -13.019 5
    endloop
  endfacet
  facet normal 0.0435587 -0.999051 0
    outer loop
      vertex 0 -13 5
      vertex -0.435779 -13.019 0
      vertex 0 -13 0
    endloop
  endfacet
  facet normal -0.73728 0.675588 0
    outer loop
      vertex 3.53553 -21.5355 0
      vertex 3.83022 -21.2139 5
      vertex 3.83022 -21.2139 0
    endloop
  endfacet
  facet normal -0.73728 0.675588 0
    outer loop
      vertex 3.83022 -21.2139 5
      vertex 3.53553 -21.5355 0
      vertex 3.53553 -21.5355 5
    endloop
  endfacet
  facet normal 0.461726 0.887023 -0
    outer loop
      vertex -2.11309 -22.5315 0
      vertex -2.5 -22.3301 5
      vertex -2.11309 -22.5315 5
    endloop
  endfacet
  facet normal 0.461726 0.887023 0
    outer loop
      vertex -2.5 -22.3301 5
      vertex -2.11309 -22.5315 0
      vertex -2.5 -22.3301 0
    endloop
  endfacet
  facet normal -0.675611 -0.737258 0
    outer loop
      vertex 3.21394 -14.1698 0
      vertex 3.53553 -14.4645 5
      vertex 3.21394 -14.1698 5
    endloop
  endfacet
  facet normal -0.675611 -0.737258 -0
    outer loop
      vertex 3.53553 -14.4645 5
      vertex 3.21394 -14.1698 0
      vertex 3.53553 -14.4645 0
    endloop
  endfacet
  facet normal 0.130674 0.991425 -0
    outer loop
      vertex -0.435779 -22.981 0
      vertex -0.86824 -22.924 5
      vertex -0.435779 -22.981 5
    endloop
  endfacet
  facet normal 0.130674 0.991425 0
    outer loop
      vertex -0.86824 -22.924 5
      vertex -0.435779 -22.981 0
      vertex -0.86824 -22.924 0
    endloop
  endfacet
  facet normal 0.461726 -0.887023 0
    outer loop
      vertex -2.5 -13.6699 0
      vertex -2.11309 -13.4685 5
      vertex -2.5 -13.6699 5
    endloop
  endfacet
  facet normal 0.461726 -0.887023 0
    outer loop
      vertex -2.11309 -13.4685 5
      vertex -2.5 -13.6699 0
      vertex -2.11309 -13.4685 0
    endloop
  endfacet
  facet normal -0.73728 -0.675588 0
    outer loop
      vertex 3.83022 -14.7861 0
      vertex 3.53553 -14.4645 5
      vertex 3.53553 -14.4645 0
    endloop
  endfacet
  facet normal -0.73728 -0.675588 0
    outer loop
      vertex 3.53553 -14.4645 5
      vertex 3.83022 -14.7861 0
      vertex 3.83022 -14.7861 5
    endloop
  endfacet
  facet normal -0.216416 -0.976301 0
    outer loop
      vertex 0.86824 -13.076 0
      vertex 1.2941 -13.1704 5
      vertex 0.86824 -13.076 5
    endloop
  endfacet
  facet normal -0.216416 -0.976301 -0
    outer loop
      vertex 1.2941 -13.1704 5
      vertex 0.86824 -13.076 0
      vertex 1.2941 -13.1704 0
    endloop
  endfacet
  facet normal 0.0435587 0.999051 -0
    outer loop
      vertex 0 -23 0
      vertex -0.435779 -22.981 5
      vertex 0 -23 5
    endloop
  endfacet
  facet normal 0.0435587 0.999051 0
    outer loop
      vertex -0.435779 -22.981 5
      vertex 0 -23 0
      vertex -0.435779 -22.981 0
    endloop
  endfacet
  facet normal 0.976301 0.216418 0
    outer loop
      vertex -4.82963 -19.2941 5
      vertex -4.92404 -18.8682 0
      vertex -4.92404 -18.8682 5
    endloop
  endfacet
  facet normal 0.976301 0.216418 0
    outer loop
      vertex -4.92404 -18.8682 0
      vertex -4.82963 -19.2941 5
      vertex -4.82963 -19.2941 0
    endloop
  endfacet
  facet normal -0.953713 0.300718 0
    outer loop
      vertex 4.69846 -19.7101 0
      vertex 4.82963 -19.2941 5
      vertex 4.82963 -19.2941 0
    endloop
  endfacet
  facet normal -0.953713 0.300718 0
    outer loop
      vertex 4.82963 -19.2941 5
      vertex 4.69846 -19.7101 0
      vertex 4.69846 -19.7101 5
    endloop
  endfacet
  facet normal 0.923886 0.382668 0
    outer loop
      vertex -4.53154 -20.1131 5
      vertex -4.69846 -19.7101 0
      vertex -4.69846 -19.7101 5
    endloop
  endfacet
  facet normal 0.923886 0.382668 0
    outer loop
      vertex -4.69846 -19.7101 0
      vertex -4.53154 -20.1131 5
      vertex -4.53154 -20.1131 0
    endloop
  endfacet
  facet normal 0.382832 -0.923818 0
    outer loop
      vertex -2.11309 -13.4685 0
      vertex -1.7101 -13.3015 5
      vertex -2.11309 -13.4685 5
    endloop
  endfacet
  facet normal 0.382832 -0.923818 0
    outer loop
      vertex -1.7101 -13.3015 5
      vertex -2.11309 -13.4685 0
      vertex -1.7101 -13.3015 0
    endloop
  endfacet
  facet normal 0.608846 -0.793288 0
    outer loop
      vertex -3.21394 -14.1698 0
      vertex -2.86788 -13.9042 5
      vertex -3.21394 -14.1698 5
    endloop
  endfacet
  facet normal 0.608846 -0.793288 0
    outer loop
      vertex -2.86788 -13.9042 5
      vertex -3.21394 -14.1698 0
      vertex -2.86788 -13.9042 0
    endloop
  endfacet
  facet normal -0.216416 0.976301 0
    outer loop
      vertex 1.2941 -22.8296 0
      vertex 0.86824 -22.924 5
      vertex 1.2941 -22.8296 5
    endloop
  endfacet
  facet normal -0.216416 0.976301 0
    outer loop
      vertex 0.86824 -22.924 5
      vertex 1.2941 -22.8296 0
      vertex 0.86824 -22.924 0
    endloop
  endfacet
  facet normal -0.976301 0.216418 0
    outer loop
      vertex 4.82963 -19.2941 0
      vertex 4.92404 -18.8682 5
      vertex 4.92404 -18.8682 0
    endloop
  endfacet
  facet normal -0.976301 0.216418 0
    outer loop
      vertex 4.92404 -18.8682 5
      vertex 4.82963 -19.2941 0
      vertex 4.82963 -19.2941 5
    endloop
  endfacet
  facet normal 0.300572 -0.953759 0
    outer loop
      vertex -1.7101 -13.3015 0
      vertex -1.2941 -13.1704 5
      vertex -1.7101 -13.3015 5
    endloop
  endfacet
  facet normal 0.300572 -0.953759 0
    outer loop
      vertex -1.2941 -13.1704 5
      vertex -1.7101 -13.3015 0
      vertex -1.2941 -13.1704 0
    endloop
  endfacet
  facet normal -0.793304 -0.608826 0
    outer loop
      vertex 4.09576 -15.1321 0
      vertex 3.83022 -14.7861 5
      vertex 3.83022 -14.7861 0
    endloop
  endfacet
  facet normal -0.793304 -0.608826 0
    outer loop
      vertex 3.83022 -14.7861 5
      vertex 4.09576 -15.1321 0
      vertex 4.09576 -15.1321 5
    endloop
  endfacet
  facet normal 0.73728 -0.675588 0
    outer loop
      vertex -3.83022 -14.7861 5
      vertex -3.53553 -14.4645 0
      vertex -3.53553 -14.4645 5
    endloop
  endfacet
  facet normal 0.73728 -0.675588 0
    outer loop
      vertex -3.53553 -14.4645 0
      vertex -3.83022 -14.7861 5
      vertex -3.83022 -14.7861 0
    endloop
  endfacet
  facet normal -0.999048 0.0436252 0
    outer loop
      vertex 4.98097 -18.4358 0
      vertex 5 -18 5
      vertex 5 -18 0
    endloop
  endfacet
  facet normal -0.999048 0.0436252 0
    outer loop
      vertex 5 -18 5
      vertex 4.98097 -18.4358 0
      vertex 4.98097 -18.4358 5
    endloop
  endfacet
  facet normal -0.887008 0.461753 0
    outer loop
      vertex 4.33013 -20.5 0
      vertex 4.53154 -20.1131 5
      vertex 4.53154 -20.1131 0
    endloop
  endfacet
  facet normal -0.887008 0.461753 0
    outer loop
      vertex 4.53154 -20.1131 5
      vertex 4.33013 -20.5 0
      vertex 4.33013 -20.5 5
    endloop
  endfacet
  facet normal 0.887008 -0.461753 0
    outer loop
      vertex -4.53154 -15.8869 5
      vertex -4.33013 -15.5 0
      vertex -4.33013 -15.5 5
    endloop
  endfacet
  facet normal 0.887008 -0.461753 0
    outer loop
      vertex -4.33013 -15.5 0
      vertex -4.53154 -15.8869 5
      vertex -4.53154 -15.8869 0
    endloop
  endfacet
  facet normal 0.216416 0.976301 -0
    outer loop
      vertex -0.86824 -22.924 0
      vertex -1.2941 -22.8296 5
      vertex -0.86824 -22.924 5
    endloop
  endfacet
  facet normal 0.216416 0.976301 0
    outer loop
      vertex -1.2941 -22.8296 5
      vertex -0.86824 -22.924 0
      vertex -1.2941 -22.8296 0
    endloop
  endfacet
  facet normal -0.608846 -0.793288 0
    outer loop
      vertex 2.86788 -13.9042 0
      vertex 3.21394 -14.1698 5
      vertex 2.86788 -13.9042 5
    endloop
  endfacet
  facet normal -0.608846 -0.793288 -0
    outer loop
      vertex 3.21394 -14.1698 5
      vertex 2.86788 -13.9042 0
      vertex 3.21394 -14.1698 0
    endloop
  endfacet
  facet normal -0.537193 -0.843459 0
    outer loop
      vertex 2.5 -13.6699 0
      vertex 2.86788 -13.9042 5
      vertex 2.5 -13.6699 5
    endloop
  endfacet
  facet normal -0.537193 -0.843459 -0
    outer loop
      vertex 2.86788 -13.9042 5
      vertex 2.5 -13.6699 0
      vertex 2.86788 -13.9042 0
    endloop
  endfacet
  facet normal -0.0435587 0.999051 0
    outer loop
      vertex 0.435779 -22.981 0
      vertex 0 -23 5
      vertex 0.435779 -22.981 5
    endloop
  endfacet
  facet normal -0.0435587 0.999051 0
    outer loop
      vertex 0 -23 5
      vertex 0.435779 -22.981 0
      vertex 0 -23 0
    endloop
  endfacet
  facet normal -0.953713 -0.300718 0
    outer loop
      vertex 4.82963 -16.7059 0
      vertex 4.69846 -16.2899 5
      vertex 4.69846 -16.2899 0
    endloop
  endfacet
  facet normal -0.953713 -0.300718 0
    outer loop
      vertex 4.69846 -16.2899 5
      vertex 4.82963 -16.7059 0
      vertex 4.82963 -16.7059 5
    endloop
  endfacet
  facet normal 0.991444 -0.130534 0
    outer loop
      vertex -4.98097 -17.5642 5
      vertex -4.92404 -17.1318 0
      vertex -4.92404 -17.1318 5
    endloop
  endfacet
  facet normal 0.991444 -0.130534 0
    outer loop
      vertex -4.92404 -17.1318 0
      vertex -4.98097 -17.5642 5
      vertex -4.98097 -17.5642 0
    endloop
  endfacet
  facet normal -0.461726 -0.887023 0
    outer loop
      vertex 2.11309 -13.4685 0
      vertex 2.5 -13.6699 5
      vertex 2.11309 -13.4685 5
    endloop
  endfacet
  facet normal -0.461726 -0.887023 -0
    outer loop
      vertex 2.5 -13.6699 5
      vertex 2.11309 -13.4685 0
      vertex 2.5 -13.6699 0
    endloop
  endfacet
  facet normal -0.923886 0.382668 0
    outer loop
      vertex 4.53154 -20.1131 0
      vertex 4.69846 -19.7101 5
      vertex 4.69846 -19.7101 0
    endloop
  endfacet
  facet normal -0.923886 0.382668 0
    outer loop
      vertex 4.69846 -19.7101 5
      vertex 4.53154 -20.1131 0
      vertex 4.53154 -20.1131 5
    endloop
  endfacet
  facet normal 0.130674 -0.991425 0
    outer loop
      vertex -0.86824 -13.076 0
      vertex -0.435779 -13.019 5
      vertex -0.86824 -13.076 5
    endloop
  endfacet
  facet normal 0.130674 -0.991425 0
    outer loop
      vertex -0.435779 -13.019 5
      vertex -0.86824 -13.076 0
      vertex -0.435779 -13.019 0
    endloop
  endfacet
  facet normal 0.976301 -0.216418 0
    outer loop
      vertex -4.92404 -17.1318 5
      vertex -4.82963 -16.7059 0
      vertex -4.82963 -16.7059 5
    endloop
  endfacet
  facet normal 0.976301 -0.216418 0
    outer loop
      vertex -4.82963 -16.7059 0
      vertex -4.92404 -17.1318 5
      vertex -4.92404 -17.1318 0
    endloop
  endfacet
  facet normal 0.537193 -0.843459 0
    outer loop
      vertex -2.86788 -13.9042 0
      vertex -2.5 -13.6699 5
      vertex -2.86788 -13.9042 5
    endloop
  endfacet
  facet normal 0.537193 -0.843459 0
    outer loop
      vertex -2.5 -13.6699 5
      vertex -2.86788 -13.9042 0
      vertex -2.5 -13.6699 0
    endloop
  endfacet
  facet normal -0.8434 -0.537286 0
    outer loop
      vertex 4.33013 -15.5 0
      vertex 4.09576 -15.1321 5
      vertex 4.09576 -15.1321 0
    endloop
  endfacet
  facet normal -0.8434 -0.537286 0
    outer loop
      vertex 4.09576 -15.1321 5
      vertex 4.33013 -15.5 0
      vertex 4.33013 -15.5 5
    endloop
  endfacet
  facet normal 0.675611 -0.737258 0
    outer loop
      vertex -3.53553 -14.4645 0
      vertex -3.21394 -14.1698 5
      vertex -3.53553 -14.4645 5
    endloop
  endfacet
  facet normal 0.675611 -0.737258 0
    outer loop
      vertex -3.21394 -14.1698 5
      vertex -3.53553 -14.4645 0
      vertex -3.21394 -14.1698 0
    endloop
  endfacet
  facet normal -0.793304 0.608826 0
    outer loop
      vertex 3.83022 -21.2139 0
      vertex 4.09576 -20.8679 5
      vertex 4.09576 -20.8679 0
    endloop
  endfacet
  facet normal -0.793304 0.608826 0
    outer loop
      vertex 4.09576 -20.8679 5
      vertex 3.83022 -21.2139 0
      vertex 3.83022 -21.2139 5
    endloop
  endfacet
  facet normal 0.8434 0.537286 0
    outer loop
      vertex -4.09576 -20.8679 5
      vertex -4.33013 -20.5 0
      vertex -4.33013 -20.5 5
    endloop
  endfacet
  facet normal 0.8434 0.537286 0
    outer loop
      vertex -4.33013 -20.5 0
      vertex -4.09576 -20.8679 5
      vertex -4.09576 -20.8679 0
    endloop
  endfacet
  facet normal 0.887008 0.461753 0
    outer loop
      vertex -4.33013 -20.5 5
      vertex -4.53154 -20.1131 0
      vertex -4.53154 -20.1131 5
    endloop
  endfacet
  facet normal 0.887008 0.461753 0
    outer loop
      vertex -4.53154 -20.1131 0
      vertex -4.33013 -20.5 5
      vertex -4.33013 -20.5 0
    endloop
  endfacet
  facet normal 0.300572 0.953759 -0
    outer loop
      vertex -1.2941 -22.8296 0
      vertex -1.7101 -22.6985 5
      vertex -1.2941 -22.8296 5
    endloop
  endfacet
  facet normal 0.300572 0.953759 0
    outer loop
      vertex -1.7101 -22.6985 5
      vertex -1.2941 -22.8296 0
      vertex -1.7101 -22.6985 0
    endloop
  endfacet
  facet normal 0.73728 0.675588 0
    outer loop
      vertex -3.53553 -21.5355 5
      vertex -3.83022 -21.2139 0
      vertex -3.83022 -21.2139 5
    endloop
  endfacet
  facet normal 0.73728 0.675588 0
    outer loop
      vertex -3.83022 -21.2139 0
      vertex -3.53553 -21.5355 5
      vertex -3.53553 -21.5355 0
    endloop
  endfacet
  facet normal -0.923886 -0.382668 0
    outer loop
      vertex 4.69846 -16.2899 0
      vertex 4.53154 -15.8869 5
      vertex 4.53154 -15.8869 0
    endloop
  endfacet
  facet normal -0.923886 -0.382668 0
    outer loop
      vertex 4.53154 -15.8869 5
      vertex 4.69846 -16.2899 0
      vertex 4.69846 -16.2899 5
    endloop
  endfacet
  facet normal 0.991444 0.130534 0
    outer loop
      vertex -4.92404 -18.8682 5
      vertex -4.98097 -18.4358 0
      vertex -4.98097 -18.4358 5
    endloop
  endfacet
  facet normal 0.991444 0.130534 0
    outer loop
      vertex -4.98097 -18.4358 0
      vertex -4.92404 -18.8682 5
      vertex -4.92404 -18.8682 0
    endloop
  endfacet
  facet normal 0.608846 0.793288 -0
    outer loop
      vertex -2.86788 -22.0958 0
      vertex -3.21394 -21.8302 5
      vertex -2.86788 -22.0958 5
    endloop
  endfacet
  facet normal 0.608846 0.793288 0
    outer loop
      vertex -3.21394 -21.8302 5
      vertex -2.86788 -22.0958 0
      vertex -3.21394 -21.8302 0
    endloop
  endfacet
  facet normal 0.675611 0.737258 -0
    outer loop
      vertex -3.21394 -21.8302 0
      vertex -3.53553 -21.5355 5
      vertex -3.21394 -21.8302 5
    endloop
  endfacet
  facet normal 0.675611 0.737258 0
    outer loop
      vertex -3.53553 -21.5355 5
      vertex -3.21394 -21.8302 0
      vertex -3.53553 -21.5355 0
    endloop
  endfacet
  facet normal -0.300572 0.953759 0
    outer loop
      vertex 1.7101 -22.6985 0
      vertex 1.2941 -22.8296 5
      vertex 1.7101 -22.6985 5
    endloop
  endfacet
  facet normal -0.300572 0.953759 0
    outer loop
      vertex 1.2941 -22.8296 5
      vertex 1.7101 -22.6985 0
      vertex 1.2941 -22.8296 0
    endloop
  endfacet
  facet normal 0.999048 0.0436252 0
    outer loop
      vertex -4.98097 -18.4358 5
      vertex -5 -18 0
      vertex -5 -18 5
    endloop
  endfacet
  facet normal 0.999048 0.0436252 0
    outer loop
      vertex -5 -18 0
      vertex -4.98097 -18.4358 5
      vertex -4.98097 -18.4358 0
    endloop
  endfacet
  facet normal -0.887008 -0.461753 0
    outer loop
      vertex 4.53154 -15.8869 0
      vertex 4.33013 -15.5 5
      vertex 4.33013 -15.5 0
    endloop
  endfacet
  facet normal -0.887008 -0.461753 0
    outer loop
      vertex 4.33013 -15.5 5
      vertex 4.53154 -15.8869 0
      vertex 4.53154 -15.8869 5
    endloop
  endfacet
  facet normal -0.130674 -0.991425 0
    outer loop
      vertex 0.435779 -13.019 0
      vertex 0.86824 -13.076 5
      vertex 0.435779 -13.019 5
    endloop
  endfacet
  facet normal -0.130674 -0.991425 -0
    outer loop
      vertex 0.86824 -13.076 5
      vertex 0.435779 -13.019 0
      vertex 0.86824 -13.076 0
    endloop
  endfacet
  facet normal -0.461726 0.887023 0
    outer loop
      vertex 2.5 -22.3301 0
      vertex 2.11309 -22.5315 5
      vertex 2.5 -22.3301 5
    endloop
  endfacet
  facet normal -0.461726 0.887023 0
    outer loop
      vertex 2.11309 -22.5315 5
      vertex 2.5 -22.3301 0
      vertex 2.11309 -22.5315 0
    endloop
  endfacet
  facet normal -0.537193 0.843459 0
    outer loop
      vertex 2.86788 -22.0958 0
      vertex 2.5 -22.3301 5
      vertex 2.86788 -22.0958 5
    endloop
  endfacet
  facet normal -0.537193 0.843459 0
    outer loop
      vertex 2.5 -22.3301 5
      vertex 2.86788 -22.0958 0
      vertex 2.5 -22.3301 0
    endloop
  endfacet
  facet normal -0.608846 0.793288 0
    outer loop
      vertex 3.21394 -21.8302 0
      vertex 2.86788 -22.0958 5
      vertex 3.21394 -21.8302 5
    endloop
  endfacet
  facet normal -0.608846 0.793288 0
    outer loop
      vertex 2.86788 -22.0958 5
      vertex 3.21394 -21.8302 0
      vertex 2.86788 -22.0958 0
    endloop
  endfacet
  facet normal 0.999048 -0.0436252 0
    outer loop
      vertex -5 -18 5
      vertex -4.98097 -17.5642 0
      vertex -4.98097 -17.5642 5
    endloop
  endfacet
  facet normal 0.999048 -0.0436252 0
    outer loop
      vertex -4.98097 -17.5642 0
      vertex -5 -18 5
      vertex -5 -18 0
    endloop
  endfacet
  facet normal 0.537193 0.843459 -0
    outer loop
      vertex -2.5 -22.3301 0
      vertex -2.86788 -22.0958 5
      vertex -2.5 -22.3301 5
    endloop
  endfacet
  facet normal 0.537193 0.843459 0
    outer loop
      vertex -2.86788 -22.0958 5
      vertex -2.5 -22.3301 0
      vertex -2.86788 -22.0958 0
    endloop
  endfacet
  facet normal -0.675611 0.737258 0
    outer loop
      vertex 3.53553 -21.5355 0
      vertex 3.21394 -21.8302 5
      vertex 3.53553 -21.5355 5
    endloop
  endfacet
  facet normal -0.675611 0.737258 0
    outer loop
      vertex 3.21394 -21.8302 5
      vertex 3.53553 -21.5355 0
      vertex 3.21394 -21.8302 0
    endloop
  endfacet
  facet normal 0.382832 0.923818 -0
    outer loop
      vertex -1.7101 -22.6985 0
      vertex -2.11309 -22.5315 5
      vertex -1.7101 -22.6985 5
    endloop
  endfacet
  facet normal 0.382832 0.923818 0
    outer loop
      vertex -2.11309 -22.5315 5
      vertex -1.7101 -22.6985 0
      vertex -2.11309 -22.5315 0
    endloop
  endfacet
  facet normal 0.793304 -0.608826 0
    outer loop
      vertex -4.09576 -15.1321 5
      vertex -3.83022 -14.7861 0
      vertex -3.83022 -14.7861 5
    endloop
  endfacet
  facet normal 0.793304 -0.608826 0
    outer loop
      vertex -3.83022 -14.7861 0
      vertex -4.09576 -15.1321 5
      vertex -4.09576 -15.1321 0
    endloop
  endfacet
  facet normal -0.991444 -0.130534 0
    outer loop
      vertex 4.98097 18.4358 0
      vertex 4.92404 18.8682 5
      vertex 4.92404 18.8682 0
    endloop
  endfacet
  facet normal -0.991444 -0.130534 0
    outer loop
      vertex 4.92404 18.8682 5
      vertex 4.98097 18.4358 0
      vertex 4.98097 18.4358 5
    endloop
  endfacet
  facet normal -0.999048 -0.0436252 0
    outer loop
      vertex 5 18 0
      vertex 4.98097 18.4358 5
      vertex 4.98097 18.4358 0
    endloop
  endfacet
  facet normal -0.999048 -0.0436252 0
    outer loop
      vertex 4.98097 18.4358 5
      vertex 5 18 0
      vertex 5 18 5
    endloop
  endfacet
  facet normal -0.976301 -0.216418 0
    outer loop
      vertex 4.92404 18.8682 0
      vertex 4.82963 19.2941 5
      vertex 4.82963 19.2941 0
    endloop
  endfacet
  facet normal -0.976301 -0.216418 0
    outer loop
      vertex 4.82963 19.2941 5
      vertex 4.92404 18.8682 0
      vertex 4.92404 18.8682 5
    endloop
  endfacet
  facet normal 0.887008 0.461753 0
    outer loop
      vertex -4.33013 15.5 5
      vertex -4.53154 15.8869 0
      vertex -4.53154 15.8869 5
    endloop
  endfacet
  facet normal 0.887008 0.461753 0
    outer loop
      vertex -4.53154 15.8869 0
      vertex -4.33013 15.5 5
      vertex -4.33013 15.5 0
    endloop
  endfacet
  facet normal -0.300572 -0.953759 0
    outer loop
      vertex 1.2941 22.8296 0
      vertex 1.7101 22.6985 5
      vertex 1.2941 22.8296 5
    endloop
  endfacet
  facet normal -0.300572 -0.953759 -0
    outer loop
      vertex 1.7101 22.6985 5
      vertex 1.2941 22.8296 0
      vertex 1.7101 22.6985 0
    endloop
  endfacet
  facet normal 0.8434 0.537286 0
    outer loop
      vertex -4.09576 15.1321 5
      vertex -4.33013 15.5 0
      vertex -4.33013 15.5 5
    endloop
  endfacet
  facet normal 0.8434 0.537286 0
    outer loop
      vertex -4.33013 15.5 0
      vertex -4.09576 15.1321 5
      vertex -4.09576 15.1321 0
    endloop
  endfacet
  facet normal -0.923886 -0.382668 0
    outer loop
      vertex 4.69846 19.7101 0
      vertex 4.53154 20.1131 5
      vertex 4.53154 20.1131 0
    endloop
  endfacet
  facet normal -0.923886 -0.382668 0
    outer loop
      vertex 4.53154 20.1131 5
      vertex 4.69846 19.7101 0
      vertex 4.69846 19.7101 5
    endloop
  endfacet
  facet normal 0.216416 -0.976301 0
    outer loop
      vertex -1.2941 22.8296 0
      vertex -0.86824 22.924 5
      vertex -1.2941 22.8296 5
    endloop
  endfacet
  facet normal 0.216416 -0.976301 0
    outer loop
      vertex -0.86824 22.924 5
      vertex -1.2941 22.8296 0
      vertex -0.86824 22.924 0
    endloop
  endfacet
  facet normal -0.0435587 0.999051 0
    outer loop
      vertex 0.435779 13.019 0
      vertex 0 13 5
      vertex 0.435779 13.019 5
    endloop
  endfacet
  facet normal -0.0435587 0.999051 0
    outer loop
      vertex 0 13 5
      vertex 0.435779 13.019 0
      vertex 0 13 0
    endloop
  endfacet
  facet normal -0.216416 0.976301 0
    outer loop
      vertex 1.2941 13.1704 0
      vertex 0.86824 13.076 5
      vertex 1.2941 13.1704 5
    endloop
  endfacet
  facet normal -0.216416 0.976301 0
    outer loop
      vertex 0.86824 13.076 5
      vertex 1.2941 13.1704 0
      vertex 0.86824 13.076 0
    endloop
  endfacet
  facet normal -0.537193 0.843459 0
    outer loop
      vertex 2.86788 13.9042 0
      vertex 2.5 13.6699 5
      vertex 2.86788 13.9042 5
    endloop
  endfacet
  facet normal -0.537193 0.843459 0
    outer loop
      vertex 2.5 13.6699 5
      vertex 2.86788 13.9042 0
      vertex 2.5 13.6699 0
    endloop
  endfacet
  facet normal -0.793304 0.608826 0
    outer loop
      vertex 3.83022 14.7861 0
      vertex 4.09576 15.1321 5
      vertex 4.09576 15.1321 0
    endloop
  endfacet
  facet normal -0.793304 0.608826 0
    outer loop
      vertex 4.09576 15.1321 5
      vertex 3.83022 14.7861 0
      vertex 3.83022 14.7861 5
    endloop
  endfacet
  facet normal -0.382832 -0.923818 0
    outer loop
      vertex 1.7101 22.6985 0
      vertex 2.11309 22.5315 5
      vertex 1.7101 22.6985 5
    endloop
  endfacet
  facet normal -0.382832 -0.923818 -0
    outer loop
      vertex 2.11309 22.5315 5
      vertex 1.7101 22.6985 0
      vertex 2.11309 22.5315 0
    endloop
  endfacet
  facet normal -0.216416 -0.976301 0
    outer loop
      vertex 0.86824 22.924 0
      vertex 1.2941 22.8296 5
      vertex 0.86824 22.924 5
    endloop
  endfacet
  facet normal -0.216416 -0.976301 -0
    outer loop
      vertex 1.2941 22.8296 5
      vertex 0.86824 22.924 0
      vertex 1.2941 22.8296 0
    endloop
  endfacet
  facet normal -0.991444 0.130534 0
    outer loop
      vertex 4.92404 17.1318 0
      vertex 4.98097 17.5642 5
      vertex 4.98097 17.5642 0
    endloop
  endfacet
  facet normal -0.991444 0.130534 0
    outer loop
      vertex 4.98097 17.5642 5
      vertex 4.92404 17.1318 0
      vertex 4.92404 17.1318 5
    endloop
  endfacet
  facet normal 0.537193 -0.843459 0
    outer loop
      vertex -2.86788 22.0958 0
      vertex -2.5 22.3301 5
      vertex -2.86788 22.0958 5
    endloop
  endfacet
  facet normal 0.537193 -0.843459 0
    outer loop
      vertex -2.5 22.3301 5
      vertex -2.86788 22.0958 0
      vertex -2.5 22.3301 0
    endloop
  endfacet
  facet normal 0.793304 0.608826 0
    outer loop
      vertex -3.83022 14.7861 5
      vertex -4.09576 15.1321 0
      vertex -4.09576 15.1321 5
    endloop
  endfacet
  facet normal 0.793304 0.608826 0
    outer loop
      vertex -4.09576 15.1321 0
      vertex -3.83022 14.7861 5
      vertex -3.83022 14.7861 0
    endloop
  endfacet
  facet normal 0.130674 0.991425 -0
    outer loop
      vertex -0.435779 13.019 0
      vertex -0.86824 13.076 5
      vertex -0.435779 13.019 5
    endloop
  endfacet
  facet normal 0.130674 0.991425 0
    outer loop
      vertex -0.86824 13.076 5
      vertex -0.435779 13.019 0
      vertex -0.86824 13.076 0
    endloop
  endfacet
  facet normal 0.8434 -0.537286 0
    outer loop
      vertex -4.33013 20.5 5
      vertex -4.09576 20.8679 0
      vertex -4.09576 20.8679 5
    endloop
  endfacet
  facet normal 0.8434 -0.537286 0
    outer loop
      vertex -4.09576 20.8679 0
      vertex -4.33013 20.5 5
      vertex -4.33013 20.5 0
    endloop
  endfacet
  facet normal 0.953713 0.300718 0
    outer loop
      vertex -4.69846 16.2899 5
      vertex -4.82963 16.7059 0
      vertex -4.82963 16.7059 5
    endloop
  endfacet
  facet normal 0.953713 0.300718 0
    outer loop
      vertex -4.82963 16.7059 0
      vertex -4.69846 16.2899 5
      vertex -4.69846 16.2899 0
    endloop
  endfacet
  facet normal -0.923886 0.382668 0
    outer loop
      vertex 4.53154 15.8869 0
      vertex 4.69846 16.2899 5
      vertex 4.69846 16.2899 0
    endloop
  endfacet
  facet normal -0.923886 0.382668 0
    outer loop
      vertex 4.69846 16.2899 5
      vertex 4.53154 15.8869 0
      vertex 4.53154 15.8869 5
    endloop
  endfacet
  facet normal -0.976301 0.216418 0
    outer loop
      vertex 4.82963 16.7059 0
      vertex 4.92404 17.1318 5
      vertex 4.92404 17.1318 0
    endloop
  endfacet
  facet normal -0.976301 0.216418 0
    outer loop
      vertex 4.92404 17.1318 5
      vertex 4.82963 16.7059 0
      vertex 4.82963 16.7059 5
    endloop
  endfacet
  facet normal 0.793304 -0.608826 0
    outer loop
      vertex -4.09576 20.8679 5
      vertex -3.83022 21.2139 0
      vertex -3.83022 21.2139 5
    endloop
  endfacet
  facet normal 0.793304 -0.608826 0
    outer loop
      vertex -3.83022 21.2139 0
      vertex -4.09576 20.8679 5
      vertex -4.09576 20.8679 0
    endloop
  endfacet
  facet normal 0.675611 -0.737258 0
    outer loop
      vertex -3.53553 21.5355 0
      vertex -3.21394 21.8302 5
      vertex -3.53553 21.5355 5
    endloop
  endfacet
  facet normal 0.675611 -0.737258 0
    outer loop
      vertex -3.21394 21.8302 5
      vertex -3.53553 21.5355 0
      vertex -3.21394 21.8302 0
    endloop
  endfacet
  facet normal -0.300572 0.953759 0
    outer loop
      vertex 1.7101 13.3015 0
      vertex 1.2941 13.1704 5
      vertex 1.7101 13.3015 5
    endloop
  endfacet
  facet normal -0.300572 0.953759 0
    outer loop
      vertex 1.2941 13.1704 5
      vertex 1.7101 13.3015 0
      vertex 1.2941 13.1704 0
    endloop
  endfacet
  facet normal 0.976301 -0.216418 0
    outer loop
      vertex -4.92404 18.8682 5
      vertex -4.82963 19.2941 0
      vertex -4.82963 19.2941 5
    endloop
  endfacet
  facet normal 0.976301 -0.216418 0
    outer loop
      vertex -4.82963 19.2941 0
      vertex -4.92404 18.8682 5
      vertex -4.92404 18.8682 0
    endloop
  endfacet
  facet normal 0.300572 -0.953759 0
    outer loop
      vertex -1.7101 22.6985 0
      vertex -1.2941 22.8296 5
      vertex -1.7101 22.6985 5
    endloop
  endfacet
  facet normal 0.300572 -0.953759 0
    outer loop
      vertex -1.2941 22.8296 5
      vertex -1.7101 22.6985 0
      vertex -1.2941 22.8296 0
    endloop
  endfacet
  facet normal -0.793304 -0.608826 0
    outer loop
      vertex 4.09576 20.8679 0
      vertex 3.83022 21.2139 5
      vertex 3.83022 21.2139 0
    endloop
  endfacet
  facet normal -0.793304 -0.608826 0
    outer loop
      vertex 3.83022 21.2139 5
      vertex 4.09576 20.8679 0
      vertex 4.09576 20.8679 5
    endloop
  endfacet
  facet normal 0.923886 0.382668 0
    outer loop
      vertex -4.53154 15.8869 5
      vertex -4.69846 16.2899 0
      vertex -4.69846 16.2899 5
    endloop
  endfacet
  facet normal 0.923886 0.382668 0
    outer loop
      vertex -4.69846 16.2899 0
      vertex -4.53154 15.8869 5
      vertex -4.53154 15.8869 0
    endloop
  endfacet
  facet normal -0.999048 0.0436252 0
    outer loop
      vertex 4.98097 17.5642 0
      vertex 5 18 5
      vertex 5 18 0
    endloop
  endfacet
  facet normal -0.999048 0.0436252 0
    outer loop
      vertex 5 18 5
      vertex 4.98097 17.5642 0
      vertex 4.98097 17.5642 5
    endloop
  endfacet
  facet normal -0.130674 -0.991425 0
    outer loop
      vertex 0.435779 22.981 0
      vertex 0.86824 22.924 5
      vertex 0.435779 22.981 5
    endloop
  endfacet
  facet normal -0.130674 -0.991425 -0
    outer loop
      vertex 0.86824 22.924 5
      vertex 0.435779 22.981 0
      vertex 0.86824 22.924 0
    endloop
  endfacet
  facet normal -0.608846 -0.793288 0
    outer loop
      vertex 2.86788 22.0958 0
      vertex 3.21394 21.8302 5
      vertex 2.86788 22.0958 5
    endloop
  endfacet
  facet normal -0.608846 -0.793288 -0
    outer loop
      vertex 3.21394 21.8302 5
      vertex 2.86788 22.0958 0
      vertex 3.21394 21.8302 0
    endloop
  endfacet
  facet normal -0.537193 -0.843459 0
    outer loop
      vertex 2.5 22.3301 0
      vertex 2.86788 22.0958 5
      vertex 2.5 22.3301 5
    endloop
  endfacet
  facet normal -0.537193 -0.843459 -0
    outer loop
      vertex 2.86788 22.0958 5
      vertex 2.5 22.3301 0
      vertex 2.86788 22.0958 0
    endloop
  endfacet
  facet normal -0.130674 0.991425 0
    outer loop
      vertex 0.86824 13.076 0
      vertex 0.435779 13.019 5
      vertex 0.86824 13.076 5
    endloop
  endfacet
  facet normal -0.130674 0.991425 0
    outer loop
      vertex 0.435779 13.019 5
      vertex 0.86824 13.076 0
      vertex 0.435779 13.019 0
    endloop
  endfacet
  facet normal -0.953713 -0.300718 0
    outer loop
      vertex 4.82963 19.2941 0
      vertex 4.69846 19.7101 5
      vertex 4.69846 19.7101 0
    endloop
  endfacet
  facet normal -0.953713 -0.300718 0
    outer loop
      vertex 4.69846 19.7101 5
      vertex 4.82963 19.2941 0
      vertex 4.82963 19.2941 5
    endloop
  endfacet
  facet normal -0.8434 0.537286 0
    outer loop
      vertex 4.09576 15.1321 0
      vertex 4.33013 15.5 5
      vertex 4.33013 15.5 0
    endloop
  endfacet
  facet normal -0.8434 0.537286 0
    outer loop
      vertex 4.33013 15.5 5
      vertex 4.09576 15.1321 0
      vertex 4.09576 15.1321 5
    endloop
  endfacet
  facet normal 0.887008 -0.461753 0
    outer loop
      vertex -4.53154 20.1131 5
      vertex -4.33013 20.5 0
      vertex -4.33013 20.5 5
    endloop
  endfacet
  facet normal 0.887008 -0.461753 0
    outer loop
      vertex -4.33013 20.5 0
      vertex -4.53154 20.1131 5
      vertex -4.53154 20.1131 0
    endloop
  endfacet
  facet normal -0.953713 0.300718 0
    outer loop
      vertex 4.69846 16.2899 0
      vertex 4.82963 16.7059 5
      vertex 4.82963 16.7059 0
    endloop
  endfacet
  facet normal -0.953713 0.300718 0
    outer loop
      vertex 4.82963 16.7059 5
      vertex 4.69846 16.2899 0
      vertex 4.69846 16.2899 5
    endloop
  endfacet
  facet normal -0.461726 -0.887023 0
    outer loop
      vertex 2.11309 22.5315 0
      vertex 2.5 22.3301 5
      vertex 2.11309 22.5315 5
    endloop
  endfacet
  facet normal -0.461726 -0.887023 -0
    outer loop
      vertex 2.5 22.3301 5
      vertex 2.11309 22.5315 0
      vertex 2.5 22.3301 0
    endloop
  endfacet
  facet normal 0.130674 -0.991425 0
    outer loop
      vertex -0.86824 22.924 0
      vertex -0.435779 22.981 5
      vertex -0.86824 22.924 5
    endloop
  endfacet
  facet normal 0.130674 -0.991425 0
    outer loop
      vertex -0.435779 22.981 5
      vertex -0.86824 22.924 0
      vertex -0.435779 22.981 0
    endloop
  endfacet
  facet normal -0.675611 0.737258 0
    outer loop
      vertex 3.53553 14.4645 0
      vertex 3.21394 14.1698 5
      vertex 3.53553 14.4645 5
    endloop
  endfacet
  facet normal -0.675611 0.737258 0
    outer loop
      vertex 3.21394 14.1698 5
      vertex 3.53553 14.4645 0
      vertex 3.21394 14.1698 0
    endloop
  endfacet
  facet normal 0.300572 0.953759 -0
    outer loop
      vertex -1.2941 13.1704 0
      vertex -1.7101 13.3015 5
      vertex -1.2941 13.1704 5
    endloop
  endfacet
  facet normal 0.300572 0.953759 0
    outer loop
      vertex -1.7101 13.3015 5
      vertex -1.2941 13.1704 0
      vertex -1.7101 13.3015 0
    endloop
  endfacet
  facet normal -0.8434 -0.537286 0
    outer loop
      vertex 4.33013 20.5 0
      vertex 4.09576 20.8679 5
      vertex 4.09576 20.8679 0
    endloop
  endfacet
  facet normal -0.8434 -0.537286 0
    outer loop
      vertex 4.09576 20.8679 5
      vertex 4.33013 20.5 0
      vertex 4.33013 20.5 5
    endloop
  endfacet
  facet normal -0.0435587 -0.999051 0
    outer loop
      vertex 0 23 0
      vertex 0.435779 22.981 5
      vertex 0 23 5
    endloop
  endfacet
  facet normal -0.0435587 -0.999051 -0
    outer loop
      vertex 0.435779 22.981 5
      vertex 0 23 0
      vertex 0.435779 22.981 0
    endloop
  endfacet
  facet normal 0.73728 -0.675588 0
    outer loop
      vertex -3.83022 21.2139 5
      vertex -3.53553 21.5355 0
      vertex -3.53553 21.5355 5
    endloop
  endfacet
  facet normal 0.73728 -0.675588 0
    outer loop
      vertex -3.53553 21.5355 0
      vertex -3.83022 21.2139 5
      vertex -3.83022 21.2139 0
    endloop
  endfacet
  facet normal 0.0435587 0.999051 -0
    outer loop
      vertex 0 13 0
      vertex -0.435779 13.019 5
      vertex 0 13 5
    endloop
  endfacet
  facet normal 0.0435587 0.999051 0
    outer loop
      vertex -0.435779 13.019 5
      vertex 0 13 0
      vertex -0.435779 13.019 0
    endloop
  endfacet
  facet normal -0.675611 -0.737258 0
    outer loop
      vertex 3.21394 21.8302 0
      vertex 3.53553 21.5355 5
      vertex 3.21394 21.8302 5
    endloop
  endfacet
  facet normal -0.675611 -0.737258 -0
    outer loop
      vertex 3.53553 21.5355 5
      vertex 3.21394 21.8302 0
      vertex 3.53553 21.5355 0
    endloop
  endfacet
  facet normal 0.675611 0.737258 -0
    outer loop
      vertex -3.21394 14.1698 0
      vertex -3.53553 14.4645 5
      vertex -3.21394 14.1698 5
    endloop
  endfacet
  facet normal 0.675611 0.737258 0
    outer loop
      vertex -3.53553 14.4645 5
      vertex -3.21394 14.1698 0
      vertex -3.53553 14.4645 0
    endloop
  endfacet
  facet normal -0.73728 -0.675588 0
    outer loop
      vertex 3.83022 21.2139 0
      vertex 3.53553 21.5355 5
      vertex 3.53553 21.5355 0
    endloop
  endfacet
  facet normal -0.73728 -0.675588 0
    outer loop
      vertex 3.53553 21.5355 5
      vertex 3.83022 21.2139 0
      vertex 3.83022 21.2139 5
    endloop
  endfacet
  facet normal 0.976301 0.216418 0
    outer loop
      vertex -4.82963 16.7059 5
      vertex -4.92404 17.1318 0
      vertex -4.92404 17.1318 5
    endloop
  endfacet
  facet normal 0.976301 0.216418 0
    outer loop
      vertex -4.92404 17.1318 0
      vertex -4.82963 16.7059 5
      vertex -4.82963 16.7059 0
    endloop
  endfacet
  facet normal 0.461726 -0.887023 0
    outer loop
      vertex -2.5 22.3301 0
      vertex -2.11309 22.5315 5
      vertex -2.5 22.3301 5
    endloop
  endfacet
  facet normal 0.461726 -0.887023 0
    outer loop
      vertex -2.11309 22.5315 5
      vertex -2.5 22.3301 0
      vertex -2.11309 22.5315 0
    endloop
  endfacet
  facet normal 0.0435587 -0.999051 0
    outer loop
      vertex -0.435779 22.981 0
      vertex 0 23 5
      vertex -0.435779 22.981 5
    endloop
  endfacet
  facet normal 0.0435587 -0.999051 0
    outer loop
      vertex 0 23 5
      vertex -0.435779 22.981 0
      vertex 0 23 0
    endloop
  endfacet
  facet normal 0.73728 0.675588 0
    outer loop
      vertex -3.53553 14.4645 5
      vertex -3.83022 14.7861 0
      vertex -3.83022 14.7861 5
    endloop
  endfacet
  facet normal 0.73728 0.675588 0
    outer loop
      vertex -3.83022 14.7861 0
      vertex -3.53553 14.4645 5
      vertex -3.53553 14.4645 0
    endloop
  endfacet
  facet normal 0.608846 -0.793288 0
    outer loop
      vertex -3.21394 21.8302 0
      vertex -2.86788 22.0958 5
      vertex -3.21394 21.8302 5
    endloop
  endfacet
  facet normal 0.608846 -0.793288 0
    outer loop
      vertex -2.86788 22.0958 5
      vertex -3.21394 21.8302 0
      vertex -2.86788 22.0958 0
    endloop
  endfacet
  facet normal 0.991444 0.130534 0
    outer loop
      vertex -4.92404 17.1318 5
      vertex -4.98097 17.5642 0
      vertex -4.98097 17.5642 5
    endloop
  endfacet
  facet normal 0.991444 0.130534 0
    outer loop
      vertex -4.98097 17.5642 0
      vertex -4.92404 17.1318 5
      vertex -4.92404 17.1318 0
    endloop
  endfacet
  facet normal 0.991444 -0.130534 0
    outer loop
      vertex -4.98097 18.4358 5
      vertex -4.92404 18.8682 0
      vertex -4.92404 18.8682 5
    endloop
  endfacet
  facet normal 0.991444 -0.130534 0
    outer loop
      vertex -4.92404 18.8682 0
      vertex -4.98097 18.4358 5
      vertex -4.98097 18.4358 0
    endloop
  endfacet
  facet normal -0.887008 -0.461753 0
    outer loop
      vertex 4.53154 20.1131 0
      vertex 4.33013 20.5 5
      vertex 4.33013 20.5 0
    endloop
  endfacet
  facet normal -0.887008 -0.461753 0
    outer loop
      vertex 4.33013 20.5 5
      vertex 4.53154 20.1131 0
      vertex 4.53154 20.1131 5
    endloop
  endfacet
  facet normal -0.608846 0.793288 0
    outer loop
      vertex 3.21394 14.1698 0
      vertex 2.86788 13.9042 5
      vertex 3.21394 14.1698 5
    endloop
  endfacet
  facet normal -0.608846 0.793288 0
    outer loop
      vertex 2.86788 13.9042 5
      vertex 3.21394 14.1698 0
      vertex 2.86788 13.9042 0
    endloop
  endfacet
  facet normal 0.382832 0.923818 -0
    outer loop
      vertex -1.7101 13.3015 0
      vertex -2.11309 13.4685 5
      vertex -1.7101 13.3015 5
    endloop
  endfacet
  facet normal 0.382832 0.923818 0
    outer loop
      vertex -2.11309 13.4685 5
      vertex -1.7101 13.3015 0
      vertex -2.11309 13.4685 0
    endloop
  endfacet
  facet normal 0.382832 -0.923818 0
    outer loop
      vertex -2.11309 22.5315 0
      vertex -1.7101 22.6985 5
      vertex -2.11309 22.5315 5
    endloop
  endfacet
  facet normal 0.382832 -0.923818 0
    outer loop
      vertex -1.7101 22.6985 5
      vertex -2.11309 22.5315 0
      vertex -1.7101 22.6985 0
    endloop
  endfacet
  facet normal -0.887008 0.461753 0
    outer loop
      vertex 4.33013 15.5 0
      vertex 4.53154 15.8869 5
      vertex 4.53154 15.8869 0
    endloop
  endfacet
  facet normal -0.887008 0.461753 0
    outer loop
      vertex 4.53154 15.8869 5
      vertex 4.33013 15.5 0
      vertex 4.33013 15.5 5
    endloop
  endfacet
  facet normal 0.461726 0.887023 -0
    outer loop
      vertex -2.11309 13.4685 0
      vertex -2.5 13.6699 5
      vertex -2.11309 13.4685 5
    endloop
  endfacet
  facet normal 0.461726 0.887023 0
    outer loop
      vertex -2.5 13.6699 5
      vertex -2.11309 13.4685 0
      vertex -2.5 13.6699 0
    endloop
  endfacet
  facet normal 0.608846 0.793288 -0
    outer loop
      vertex -2.86788 13.9042 0
      vertex -3.21394 14.1698 5
      vertex -2.86788 13.9042 5
    endloop
  endfacet
  facet normal 0.608846 0.793288 0
    outer loop
      vertex -3.21394 14.1698 5
      vertex -2.86788 13.9042 0
      vertex -3.21394 14.1698 0
    endloop
  endfacet
  facet normal 0.537193 0.843459 -0
    outer loop
      vertex -2.5 13.6699 0
      vertex -2.86788 13.9042 5
      vertex -2.5 13.6699 5
    endloop
  endfacet
  facet normal 0.537193 0.843459 0
    outer loop
      vertex -2.86788 13.9042 5
      vertex -2.5 13.6699 0
      vertex -2.86788 13.9042 0
    endloop
  endfacet
  facet normal 0.999048 -0.0436252 0
    outer loop
      vertex -5 18 5
      vertex -4.98097 18.4358 0
      vertex -4.98097 18.4358 5
    endloop
  endfacet
  facet normal 0.999048 -0.0436252 0
    outer loop
      vertex -4.98097 18.4358 0
      vertex -5 18 5
      vertex -5 18 0
    endloop
  endfacet
  facet normal 0.999048 0.0436252 0
    outer loop
      vertex -4.98097 17.5642 5
      vertex -5 18 0
      vertex -5 18 5
    endloop
  endfacet
  facet normal 0.999048 0.0436252 0
    outer loop
      vertex -5 18 0
      vertex -4.98097 17.5642 5
      vertex -4.98097 17.5642 0
    endloop
  endfacet
  facet normal 0.216416 0.976301 -0
    outer loop
      vertex -0.86824 13.076 0
      vertex -1.2941 13.1704 5
      vertex -0.86824 13.076 5
    endloop
  endfacet
  facet normal 0.216416 0.976301 0
    outer loop
      vertex -1.2941 13.1704 5
      vertex -0.86824 13.076 0
      vertex -1.2941 13.1704 0
    endloop
  endfacet
  facet normal -0.73728 0.675588 0
    outer loop
      vertex 3.53553 14.4645 0
      vertex 3.83022 14.7861 5
      vertex 3.83022 14.7861 0
    endloop
  endfacet
  facet normal -0.73728 0.675588 0
    outer loop
      vertex 3.83022 14.7861 5
      vertex 3.53553 14.4645 0
      vertex 3.53553 14.4645 5
    endloop
  endfacet
  facet normal -0.461726 0.887023 0
    outer loop
      vertex 2.5 13.6699 0
      vertex 2.11309 13.4685 5
      vertex 2.5 13.6699 5
    endloop
  endfacet
  facet normal -0.461726 0.887023 0
    outer loop
      vertex 2.11309 13.4685 5
      vertex 2.5 13.6699 0
      vertex 2.11309 13.4685 0
    endloop
  endfacet
  facet normal -0.382832 0.923818 0
    outer loop
      vertex 2.11309 13.4685 0
      vertex 1.7101 13.3015 5
      vertex 2.11309 13.4685 5
    endloop
  endfacet
  facet normal -0.382832 0.923818 0
    outer loop
      vertex 1.7101 13.3015 5
      vertex 2.11309 13.4685 0
      vertex 1.7101 13.3015 0
    endloop
  endfacet
  facet normal 0.953713 -0.300718 0
    outer loop
      vertex -4.82963 19.2941 5
      vertex -4.69846 19.7101 0
      vertex -4.69846 19.7101 5
    endloop
  endfacet
  facet normal 0.953713 -0.300718 0
    outer loop
      vertex -4.69846 19.7101 0
      vertex -4.82963 19.2941 5
      vertex -4.82963 19.2941 0
    endloop
  endfacet
  facet normal 0.923886 -0.382668 0
    outer loop
      vertex -4.69846 19.7101 5
      vertex -4.53154 20.1131 0
      vertex -4.53154 20.1131 5
    endloop
  endfacet
  facet normal 0.923886 -0.382668 0
    outer loop
      vertex -4.53154 20.1131 0
      vertex -4.69846 19.7101 5
      vertex -4.69846 19.7101 0
    endloop
  endfacet
  facet normal -0.991445 -0.130523 0
    outer loop
      vertex 2.98858 0.261467 0
      vertex 2.95442 0.520944 5
      vertex 2.95442 0.520944 0
    endloop
  endfacet
  facet normal -0.991445 -0.130523 0
    outer loop
      vertex 2.95442 0.520944 5
      vertex 2.98858 0.261467 0
      vertex 2.98858 0.261467 5
    endloop
  endfacet
  facet normal -0.999048 -0.043635 0
    outer loop
      vertex 3 0 0
      vertex 2.98858 0.261467 5
      vertex 2.98858 0.261467 0
    endloop
  endfacet
  facet normal -0.999048 -0.043635 0
    outer loop
      vertex 2.98858 0.261467 5
      vertex 3 0 0
      vertex 3 0 5
    endloop
  endfacet
  facet normal -0.976301 -0.216418 0
    outer loop
      vertex 2.95442 0.520944 0
      vertex 2.89778 0.776457 5
      vertex 2.89778 0.776457 0
    endloop
  endfacet
  facet normal -0.976301 -0.216418 0
    outer loop
      vertex 2.89778 0.776457 5
      vertex 2.95442 0.520944 0
      vertex 2.95442 0.520944 5
    endloop
  endfacet
  facet normal 0.675579 0.737287 -0
    outer loop
      vertex -1.92836 -2.29813 0
      vertex -2.12132 -2.12132 5
      vertex -1.92836 -2.29813 5
    endloop
  endfacet
  facet normal 0.675579 0.737287 0
    outer loop
      vertex -2.12132 -2.12132 5
      vertex -1.92836 -2.29813 0
      vertex -2.12132 -2.12132 0
    endloop
  endfacet
  facet normal 0.216418 -0.976301 0
    outer loop
      vertex -0.776457 2.89778 0
      vertex -0.520944 2.95442 5
      vertex -0.776457 2.89778 5
    endloop
  endfacet
  facet normal 0.216418 -0.976301 0
    outer loop
      vertex -0.520944 2.95442 5
      vertex -0.776457 2.89778 0
      vertex -0.520944 2.95442 0
    endloop
  endfacet
  facet normal -0.216418 0.976301 0
    outer loop
      vertex 0.776457 -2.89778 0
      vertex 0.520944 -2.95442 5
      vertex 0.776457 -2.89778 5
    endloop
  endfacet
  facet normal -0.216418 0.976301 0
    outer loop
      vertex 0.520944 -2.95442 5
      vertex 0.776457 -2.89778 0
      vertex 0.520944 -2.95442 0
    endloop
  endfacet
  facet normal -0.130523 -0.991445 0
    outer loop
      vertex 0.261467 2.98858 0
      vertex 0.520944 2.95442 5
      vertex 0.261467 2.98858 5
    endloop
  endfacet
  facet normal -0.130523 -0.991445 -0
    outer loop
      vertex 0.520944 2.95442 5
      vertex 0.261467 2.98858 0
      vertex 0.520944 2.95442 0
    endloop
  endfacet
  facet normal -0.737287 0.675579 0
    outer loop
      vertex 2.12132 -2.12132 0
      vertex 2.29813 -1.92836 5
      vertex 2.29813 -1.92836 0
    endloop
  endfacet
  facet normal -0.737287 0.675579 0
    outer loop
      vertex 2.29813 -1.92836 5
      vertex 2.12132 -2.12132 0
      vertex 2.12132 -2.12132 5
    endloop
  endfacet
  facet normal -0.537298 0.843392 0
    outer loop
      vertex 1.72073 -2.45746 0
      vertex 1.5 -2.59808 5
      vertex 1.72073 -2.45746 5
    endloop
  endfacet
  facet normal -0.537298 0.843392 0
    outer loop
      vertex 1.5 -2.59808 5
      vertex 1.72073 -2.45746 0
      vertex 1.5 -2.59808 0
    endloop
  endfacet
  facet normal 0.46172 -0.887026 0
    outer loop
      vertex -1.5 2.59808 0
      vertex -1.26785 2.71892 5
      vertex -1.5 2.59808 5
    endloop
  endfacet
  facet normal 0.46172 -0.887026 0
    outer loop
      vertex -1.26785 2.71892 5
      vertex -1.5 2.59808 0
      vertex -1.26785 2.71892 0
    endloop
  endfacet
  facet normal -0.130523 0.991445 0
    outer loop
      vertex 0.520944 -2.95442 0
      vertex 0.261467 -2.98858 5
      vertex 0.520944 -2.95442 5
    endloop
  endfacet
  facet normal -0.130523 0.991445 0
    outer loop
      vertex 0.261467 -2.98858 5
      vertex 0.520944 -2.95442 0
      vertex 0.261467 -2.98858 0
    endloop
  endfacet
  facet normal 0.953716 -0.300707 0
    outer loop
      vertex -2.89778 0.776457 5
      vertex -2.81908 1.02606 0
      vertex -2.81908 1.02606 5
    endloop
  endfacet
  facet normal 0.953716 -0.300707 0
    outer loop
      vertex -2.81908 1.02606 0
      vertex -2.89778 0.776457 5
      vertex -2.89778 0.776457 0
    endloop
  endfacet
  facet normal 0.537298 0.843392 -0
    outer loop
      vertex -1.5 -2.59808 0
      vertex -1.72073 -2.45746 5
      vertex -1.5 -2.59808 5
    endloop
  endfacet
  facet normal 0.537298 0.843392 0
    outer loop
      vertex -1.72073 -2.45746 5
      vertex -1.5 -2.59808 0
      vertex -1.72073 -2.45746 0
    endloop
  endfacet
  facet normal -0.991445 0.130523 0
    outer loop
      vertex 2.95442 -0.520944 0
      vertex 2.98858 -0.261467 5
      vertex 2.98858 -0.261467 0
    endloop
  endfacet
  facet normal -0.991445 0.130523 0
    outer loop
      vertex 2.98858 -0.261467 5
      vertex 2.95442 -0.520944 0
      vertex 2.95442 -0.520944 5
    endloop
  endfacet
  facet normal -0.608785 -0.793335 0
    outer loop
      vertex 1.72073 2.45746 0
      vertex 1.92836 2.29813 5
      vertex 1.72073 2.45746 5
    endloop
  endfacet
  facet normal -0.608785 -0.793335 -0
    outer loop
      vertex 1.92836 2.29813 5
      vertex 1.72073 2.45746 0
      vertex 1.92836 2.29813 0
    endloop
  endfacet
  facet normal 0.953716 0.300707 0
    outer loop
      vertex -2.81908 -1.02606 5
      vertex -2.89778 -0.776457 0
      vertex -2.89778 -0.776457 5
    endloop
  endfacet
  facet normal 0.953716 0.300707 0
    outer loop
      vertex -2.89778 -0.776457 0
      vertex -2.81908 -1.02606 5
      vertex -2.81908 -1.02606 0
    endloop
  endfacet
  facet normal 0.887026 -0.46172 0
    outer loop
      vertex -2.71892 1.26785 5
      vertex -2.59808 1.5 0
      vertex -2.59808 1.5 5
    endloop
  endfacet
  facet normal 0.887026 -0.46172 0
    outer loop
      vertex -2.59808 1.5 0
      vertex -2.71892 1.26785 5
      vertex -2.71892 1.26785 0
    endloop
  endfacet
  facet normal 0.976301 0.216418 0
    outer loop
      vertex -2.89778 -0.776457 5
      vertex -2.95442 -0.520944 0
      vertex -2.95442 -0.520944 5
    endloop
  endfacet
  facet normal 0.976301 0.216418 0
    outer loop
      vertex -2.95442 -0.520944 0
      vertex -2.89778 -0.776457 5
      vertex -2.89778 -0.776457 0
    endloop
  endfacet
  facet normal -0.976301 0.216418 0
    outer loop
      vertex 2.89778 -0.776457 0
      vertex 2.95442 -0.520944 5
      vertex 2.95442 -0.520944 0
    endloop
  endfacet
  facet normal -0.976301 0.216418 0
    outer loop
      vertex 2.95442 -0.520944 5
      vertex 2.89778 -0.776457 0
      vertex 2.89778 -0.776457 5
    endloop
  endfacet
  facet normal -0.953716 -0.300707 0
    outer loop
      vertex 2.89778 0.776457 0
      vertex 2.81908 1.02606 5
      vertex 2.81908 1.02606 0
    endloop
  endfacet
  facet normal -0.953716 -0.300707 0
    outer loop
      vertex 2.81908 1.02606 5
      vertex 2.89778 0.776457 0
      vertex 2.89778 0.776457 5
    endloop
  endfacet
  facet normal -0.608785 0.793335 0
    outer loop
      vertex 1.92836 -2.29813 0
      vertex 1.72073 -2.45746 5
      vertex 1.92836 -2.29813 5
    endloop
  endfacet
  facet normal -0.608785 0.793335 0
    outer loop
      vertex 1.72073 -2.45746 5
      vertex 1.92836 -2.29813 0
      vertex 1.72073 -2.45746 0
    endloop
  endfacet
  facet normal 0.991445 0.130523 0
    outer loop
      vertex -2.95442 -0.520944 5
      vertex -2.98858 -0.261467 0
      vertex -2.98858 -0.261467 5
    endloop
  endfacet
  facet normal 0.991445 0.130523 0
    outer loop
      vertex -2.98858 -0.261467 0
      vertex -2.95442 -0.520944 5
      vertex -2.95442 -0.520944 0
    endloop
  endfacet
  facet normal 0.92387 -0.382707 0
    outer loop
      vertex -2.81908 1.02606 5
      vertex -2.71892 1.26785 0
      vertex -2.71892 1.26785 5
    endloop
  endfacet
  facet normal 0.92387 -0.382707 0
    outer loop
      vertex -2.71892 1.26785 0
      vertex -2.81908 1.02606 5
      vertex -2.81908 1.02606 0
    endloop
  endfacet
  facet normal -0.843392 -0.537298 0
    outer loop
      vertex 2.59808 1.5 0
      vertex 2.45746 1.72073 5
      vertex 2.45746 1.72073 0
    endloop
  endfacet
  facet normal -0.843392 -0.537298 0
    outer loop
      vertex 2.45746 1.72073 5
      vertex 2.59808 1.5 0
      vertex 2.59808 1.5 5
    endloop
  endfacet
  facet normal -0.675579 0.737287 0
    outer loop
      vertex 2.12132 -2.12132 0
      vertex 1.92836 -2.29813 5
      vertex 2.12132 -2.12132 5
    endloop
  endfacet
  facet normal -0.675579 0.737287 0
    outer loop
      vertex 1.92836 -2.29813 5
      vertex 2.12132 -2.12132 0
      vertex 1.92836 -2.29813 0
    endloop
  endfacet
  facet normal -0.737287 -0.675579 0
    outer loop
      vertex 2.29813 1.92836 0
      vertex 2.12132 2.12132 5
      vertex 2.12132 2.12132 0
    endloop
  endfacet
  facet normal -0.737287 -0.675579 0
    outer loop
      vertex 2.12132 2.12132 5
      vertex 2.29813 1.92836 0
      vertex 2.29813 1.92836 5
    endloop
  endfacet
  facet normal -0.953716 0.300707 0
    outer loop
      vertex 2.81908 -1.02606 0
      vertex 2.89778 -0.776457 5
      vertex 2.89778 -0.776457 0
    endloop
  endfacet
  facet normal -0.953716 0.300707 0
    outer loop
      vertex 2.89778 -0.776457 5
      vertex 2.81908 -1.02606 0
      vertex 2.81908 -1.02606 5
    endloop
  endfacet
  facet normal -0.382707 0.92387 0
    outer loop
      vertex 1.26785 -2.71892 0
      vertex 1.02606 -2.81908 5
      vertex 1.26785 -2.71892 5
    endloop
  endfacet
  facet normal -0.382707 0.92387 0
    outer loop
      vertex 1.02606 -2.81908 5
      vertex 1.26785 -2.71892 0
      vertex 1.02606 -2.81908 0
    endloop
  endfacet
  facet normal 0.737287 -0.675579 0
    outer loop
      vertex -2.29813 1.92836 5
      vertex -2.12132 2.12132 0
      vertex -2.12132 2.12132 5
    endloop
  endfacet
  facet normal 0.737287 -0.675579 0
    outer loop
      vertex -2.12132 2.12132 0
      vertex -2.29813 1.92836 5
      vertex -2.29813 1.92836 0
    endloop
  endfacet
  facet normal 0.382707 -0.92387 0
    outer loop
      vertex -1.26785 2.71892 0
      vertex -1.02606 2.81908 5
      vertex -1.26785 2.71892 5
    endloop
  endfacet
  facet normal 0.382707 -0.92387 0
    outer loop
      vertex -1.02606 2.81908 5
      vertex -1.26785 2.71892 0
      vertex -1.02606 2.81908 0
    endloop
  endfacet
  facet normal 0.537298 -0.843392 0
    outer loop
      vertex -1.72073 2.45746 0
      vertex -1.5 2.59808 5
      vertex -1.72073 2.45746 5
    endloop
  endfacet
  facet normal 0.537298 -0.843392 0
    outer loop
      vertex -1.5 2.59808 5
      vertex -1.72073 2.45746 0
      vertex -1.5 2.59808 0
    endloop
  endfacet
  facet normal -0.216418 -0.976301 0
    outer loop
      vertex 0.520944 2.95442 0
      vertex 0.776457 2.89778 5
      vertex 0.520944 2.95442 5
    endloop
  endfacet
  facet normal -0.216418 -0.976301 -0
    outer loop
      vertex 0.776457 2.89778 5
      vertex 0.520944 2.95442 0
      vertex 0.776457 2.89778 0
    endloop
  endfacet
  facet normal -0.382707 -0.92387 0
    outer loop
      vertex 1.02606 2.81908 0
      vertex 1.26785 2.71892 5
      vertex 1.02606 2.81908 5
    endloop
  endfacet
  facet normal -0.382707 -0.92387 -0
    outer loop
      vertex 1.26785 2.71892 5
      vertex 1.02606 2.81908 0
      vertex 1.26785 2.71892 0
    endloop
  endfacet
  facet normal -0.043635 -0.999048 0
    outer loop
      vertex 0 3 0
      vertex 0.261467 2.98858 5
      vertex 0 3 5
    endloop
  endfacet
  facet normal -0.043635 -0.999048 -0
    outer loop
      vertex 0.261467 2.98858 5
      vertex 0 3 0
      vertex 0.261467 2.98858 0
    endloop
  endfacet
  facet normal -0.46172 0.887026 0
    outer loop
      vertex 1.5 -2.59808 0
      vertex 1.26785 -2.71892 5
      vertex 1.5 -2.59808 5
    endloop
  endfacet
  facet normal -0.46172 0.887026 0
    outer loop
      vertex 1.26785 -2.71892 5
      vertex 1.5 -2.59808 0
      vertex 1.26785 -2.71892 0
    endloop
  endfacet
  facet normal -0.537298 -0.843392 0
    outer loop
      vertex 1.5 2.59808 0
      vertex 1.72073 2.45746 5
      vertex 1.5 2.59808 5
    endloop
  endfacet
  facet normal -0.537298 -0.843392 -0
    outer loop
      vertex 1.72073 2.45746 5
      vertex 1.5 2.59808 0
      vertex 1.72073 2.45746 0
    endloop
  endfacet
  facet normal -0.46172 -0.887026 0
    outer loop
      vertex 1.26785 2.71892 0
      vertex 1.5 2.59808 5
      vertex 1.26785 2.71892 5
    endloop
  endfacet
  facet normal -0.46172 -0.887026 -0
    outer loop
      vertex 1.5 2.59808 5
      vertex 1.26785 2.71892 0
      vertex 1.5 2.59808 0
    endloop
  endfacet
  facet normal -0.043635 0.999048 0
    outer loop
      vertex 0.261467 -2.98858 0
      vertex 0 -3 5
      vertex 0.261467 -2.98858 5
    endloop
  endfacet
  facet normal -0.043635 0.999048 0
    outer loop
      vertex 0 -3 5
      vertex 0.261467 -2.98858 0
      vertex 0 -3 0
    endloop
  endfacet
  facet normal -0.843392 0.537298 0
    outer loop
      vertex 2.45746 -1.72073 0
      vertex 2.59808 -1.5 5
      vertex 2.59808 -1.5 0
    endloop
  endfacet
  facet normal -0.843392 0.537298 0
    outer loop
      vertex 2.59808 -1.5 5
      vertex 2.45746 -1.72073 0
      vertex 2.45746 -1.72073 5
    endloop
  endfacet
  facet normal -0.999048 0.043635 0
    outer loop
      vertex 2.98858 -0.261467 0
      vertex 3 0 5
      vertex 3 0 0
    endloop
  endfacet
  facet normal -0.999048 0.043635 0
    outer loop
      vertex 3 0 5
      vertex 2.98858 -0.261467 0
      vertex 2.98858 -0.261467 5
    endloop
  endfacet
  facet normal -0.793335 0.608785 0
    outer loop
      vertex 2.29813 -1.92836 0
      vertex 2.45746 -1.72073 5
      vertex 2.45746 -1.72073 0
    endloop
  endfacet
  facet normal -0.793335 0.608785 0
    outer loop
      vertex 2.45746 -1.72073 5
      vertex 2.29813 -1.92836 0
      vertex 2.29813 -1.92836 5
    endloop
  endfacet
  facet normal 0.300707 -0.953716 0
    outer loop
      vertex -1.02606 2.81908 0
      vertex -0.776457 2.89778 5
      vertex -1.02606 2.81908 5
    endloop
  endfacet
  facet normal 0.300707 -0.953716 0
    outer loop
      vertex -0.776457 2.89778 5
      vertex -1.02606 2.81908 0
      vertex -0.776457 2.89778 0
    endloop
  endfacet
  facet normal 0.843392 -0.537298 0
    outer loop
      vertex -2.59808 1.5 5
      vertex -2.45746 1.72073 0
      vertex -2.45746 1.72073 5
    endloop
  endfacet
  facet normal 0.843392 -0.537298 0
    outer loop
      vertex -2.45746 1.72073 0
      vertex -2.59808 1.5 5
      vertex -2.59808 1.5 0
    endloop
  endfacet
  facet normal 0.130523 0.991445 -0
    outer loop
      vertex -0.261467 -2.98858 0
      vertex -0.520944 -2.95442 5
      vertex -0.261467 -2.98858 5
    endloop
  endfacet
  facet normal 0.130523 0.991445 0
    outer loop
      vertex -0.520944 -2.95442 5
      vertex -0.261467 -2.98858 0
      vertex -0.520944 -2.95442 0
    endloop
  endfacet
  facet normal 0.793335 0.608785 0
    outer loop
      vertex -2.29813 -1.92836 5
      vertex -2.45746 -1.72073 0
      vertex -2.45746 -1.72073 5
    endloop
  endfacet
  facet normal 0.793335 0.608785 0
    outer loop
      vertex -2.45746 -1.72073 0
      vertex -2.29813 -1.92836 5
      vertex -2.29813 -1.92836 0
    endloop
  endfacet
  facet normal -0.92387 -0.382707 0
    outer loop
      vertex 2.81908 1.02606 0
      vertex 2.71892 1.26785 5
      vertex 2.71892 1.26785 0
    endloop
  endfacet
  facet normal -0.92387 -0.382707 0
    outer loop
      vertex 2.71892 1.26785 5
      vertex 2.81908 1.02606 0
      vertex 2.81908 1.02606 5
    endloop
  endfacet
  facet normal -0.887026 -0.46172 0
    outer loop
      vertex 2.71892 1.26785 0
      vertex 2.59808 1.5 5
      vertex 2.59808 1.5 0
    endloop
  endfacet
  facet normal -0.887026 -0.46172 0
    outer loop
      vertex 2.59808 1.5 5
      vertex 2.71892 1.26785 0
      vertex 2.71892 1.26785 5
    endloop
  endfacet
  facet normal 0.843392 0.537298 0
    outer loop
      vertex -2.45746 -1.72073 5
      vertex -2.59808 -1.5 0
      vertex -2.59808 -1.5 5
    endloop
  endfacet
  facet normal 0.843392 0.537298 0
    outer loop
      vertex -2.59808 -1.5 0
      vertex -2.45746 -1.72073 5
      vertex -2.45746 -1.72073 0
    endloop
  endfacet
  facet normal 0.043635 -0.999048 0
    outer loop
      vertex -0.261467 2.98858 0
      vertex 0 3 5
      vertex -0.261467 2.98858 5
    endloop
  endfacet
  facet normal 0.043635 -0.999048 0
    outer loop
      vertex 0 3 5
      vertex -0.261467 2.98858 0
      vertex 0 3 0
    endloop
  endfacet
  facet normal 0.999048 0.043635 0
    outer loop
      vertex -2.98858 -0.261467 5
      vertex -3 0 0
      vertex -3 0 5
    endloop
  endfacet
  facet normal 0.999048 0.043635 0
    outer loop
      vertex -3 0 0
      vertex -2.98858 -0.261467 5
      vertex -2.98858 -0.261467 0
    endloop
  endfacet
  facet normal 0.216418 0.976301 -0
    outer loop
      vertex -0.520944 -2.95442 0
      vertex -0.776457 -2.89778 5
      vertex -0.520944 -2.95442 5
    endloop
  endfacet
  facet normal 0.216418 0.976301 0
    outer loop
      vertex -0.776457 -2.89778 5
      vertex -0.520944 -2.95442 0
      vertex -0.776457 -2.89778 0
    endloop
  endfacet
  facet normal 0.130523 -0.991445 0
    outer loop
      vertex -0.520944 2.95442 0
      vertex -0.261467 2.98858 5
      vertex -0.520944 2.95442 5
    endloop
  endfacet
  facet normal 0.130523 -0.991445 0
    outer loop
      vertex -0.261467 2.98858 5
      vertex -0.520944 2.95442 0
      vertex -0.261467 2.98858 0
    endloop
  endfacet
  facet normal 0.793335 -0.608785 0
    outer loop
      vertex -2.45746 1.72073 5
      vertex -2.29813 1.92836 0
      vertex -2.29813 1.92836 5
    endloop
  endfacet
  facet normal 0.793335 -0.608785 0
    outer loop
      vertex -2.29813 1.92836 0
      vertex -2.45746 1.72073 5
      vertex -2.45746 1.72073 0
    endloop
  endfacet
  facet normal 0.675579 -0.737287 0
    outer loop
      vertex -2.12132 2.12132 0
      vertex -1.92836 2.29813 5
      vertex -2.12132 2.12132 5
    endloop
  endfacet
  facet normal 0.675579 -0.737287 0
    outer loop
      vertex -1.92836 2.29813 5
      vertex -2.12132 2.12132 0
      vertex -1.92836 2.29813 0
    endloop
  endfacet
  facet normal 0.608785 0.793335 -0
    outer loop
      vertex -1.72073 -2.45746 0
      vertex -1.92836 -2.29813 5
      vertex -1.72073 -2.45746 5
    endloop
  endfacet
  facet normal 0.608785 0.793335 0
    outer loop
      vertex -1.92836 -2.29813 5
      vertex -1.72073 -2.45746 0
      vertex -1.92836 -2.29813 0
    endloop
  endfacet
  facet normal 0.737287 0.675579 0
    outer loop
      vertex -2.12132 -2.12132 5
      vertex -2.29813 -1.92836 0
      vertex -2.29813 -1.92836 5
    endloop
  endfacet
  facet normal 0.737287 0.675579 0
    outer loop
      vertex -2.29813 -1.92836 0
      vertex -2.12132 -2.12132 5
      vertex -2.12132 -2.12132 0
    endloop
  endfacet
  facet normal -0.300707 0.953716 0
    outer loop
      vertex 1.02606 -2.81908 0
      vertex 0.776457 -2.89778 5
      vertex 1.02606 -2.81908 5
    endloop
  endfacet
  facet normal -0.300707 0.953716 0
    outer loop
      vertex 0.776457 -2.89778 5
      vertex 1.02606 -2.81908 0
      vertex 0.776457 -2.89778 0
    endloop
  endfacet
  facet normal 0.46172 0.887026 -0
    outer loop
      vertex -1.26785 -2.71892 0
      vertex -1.5 -2.59808 5
      vertex -1.26785 -2.71892 5
    endloop
  endfacet
  facet normal 0.46172 0.887026 0
    outer loop
      vertex -1.5 -2.59808 5
      vertex -1.26785 -2.71892 0
      vertex -1.5 -2.59808 0
    endloop
  endfacet
  facet normal 0.608785 -0.793335 0
    outer loop
      vertex -1.92836 2.29813 0
      vertex -1.72073 2.45746 5
      vertex -1.92836 2.29813 5
    endloop
  endfacet
  facet normal 0.608785 -0.793335 0
    outer loop
      vertex -1.72073 2.45746 5
      vertex -1.92836 2.29813 0
      vertex -1.72073 2.45746 0
    endloop
  endfacet
  facet normal 0.976301 -0.216418 0
    outer loop
      vertex -2.95442 0.520944 5
      vertex -2.89778 0.776457 0
      vertex -2.89778 0.776457 5
    endloop
  endfacet
  facet normal 0.976301 -0.216418 0
    outer loop
      vertex -2.89778 0.776457 0
      vertex -2.95442 0.520944 5
      vertex -2.95442 0.520944 0
    endloop
  endfacet
  facet normal 0.382707 0.92387 -0
    outer loop
      vertex -1.02606 -2.81908 0
      vertex -1.26785 -2.71892 5
      vertex -1.02606 -2.81908 5
    endloop
  endfacet
  facet normal 0.382707 0.92387 0
    outer loop
      vertex -1.26785 -2.71892 5
      vertex -1.02606 -2.81908 0
      vertex -1.26785 -2.71892 0
    endloop
  endfacet
  facet normal -0.92387 0.382707 0
    outer loop
      vertex 2.71892 -1.26785 0
      vertex 2.81908 -1.02606 5
      vertex 2.81908 -1.02606 0
    endloop
  endfacet
  facet normal -0.92387 0.382707 0
    outer loop
      vertex 2.81908 -1.02606 5
      vertex 2.71892 -1.26785 0
      vertex 2.71892 -1.26785 5
    endloop
  endfacet
  facet normal -0.887026 0.46172 0
    outer loop
      vertex 2.59808 -1.5 0
      vertex 2.71892 -1.26785 5
      vertex 2.71892 -1.26785 0
    endloop
  endfacet
  facet normal -0.887026 0.46172 0
    outer loop
      vertex 2.71892 -1.26785 5
      vertex 2.59808 -1.5 0
      vertex 2.59808 -1.5 5
    endloop
  endfacet
  facet normal -0.675579 -0.737287 0
    outer loop
      vertex 1.92836 2.29813 0
      vertex 2.12132 2.12132 5
      vertex 1.92836 2.29813 5
    endloop
  endfacet
  facet normal -0.675579 -0.737287 -0
    outer loop
      vertex 2.12132 2.12132 5
      vertex 1.92836 2.29813 0
      vertex 2.12132 2.12132 0
    endloop
  endfacet
  facet normal -0.793335 -0.608785 0
    outer loop
      vertex 2.45746 1.72073 0
      vertex 2.29813 1.92836 5
      vertex 2.29813 1.92836 0
    endloop
  endfacet
  facet normal -0.793335 -0.608785 0
    outer loop
      vertex 2.29813 1.92836 5
      vertex 2.45746 1.72073 0
      vertex 2.45746 1.72073 5
    endloop
  endfacet
  facet normal 0.300707 0.953716 -0
    outer loop
      vertex -0.776457 -2.89778 0
      vertex -1.02606 -2.81908 5
      vertex -0.776457 -2.89778 5
    endloop
  endfacet
  facet normal 0.300707 0.953716 0
    outer loop
      vertex -1.02606 -2.81908 5
      vertex -0.776457 -2.89778 0
      vertex -1.02606 -2.81908 0
    endloop
  endfacet
  facet normal 0.043635 0.999048 -0
    outer loop
      vertex 0 -3 0
      vertex -0.261467 -2.98858 5
      vertex 0 -3 5
    endloop
  endfacet
  facet normal 0.043635 0.999048 0
    outer loop
      vertex -0.261467 -2.98858 5
      vertex 0 -3 0
      vertex -0.261467 -2.98858 0
    endloop
  endfacet
  facet normal 0.887026 0.46172 0
    outer loop
      vertex -2.59808 -1.5 5
      vertex -2.71892 -1.26785 0
      vertex -2.71892 -1.26785 5
    endloop
  endfacet
  facet normal 0.887026 0.46172 0
    outer loop
      vertex -2.71892 -1.26785 0
      vertex -2.59808 -1.5 5
      vertex -2.59808 -1.5 0
    endloop
  endfacet
  facet normal 0.92387 0.382707 0
    outer loop
      vertex -2.71892 -1.26785 5
      vertex -2.81908 -1.02606 0
      vertex -2.81908 -1.02606 5
    endloop
  endfacet
  facet normal 0.92387 0.382707 0
    outer loop
      vertex -2.81908 -1.02606 0
      vertex -2.71892 -1.26785 5
      vertex -2.71892 -1.26785 0
    endloop
  endfacet
  facet normal 0.991445 -0.130523 0
    outer loop
      vertex -2.98858 0.261467 5
      vertex -2.95442 0.520944 0
      vertex -2.95442 0.520944 5
    endloop
  endfacet
  facet normal 0.991445 -0.130523 0
    outer loop
      vertex -2.95442 0.520944 0
      vertex -2.98858 0.261467 5
      vertex -2.98858 0.261467 0
    endloop
  endfacet
  facet normal 0.999048 -0.043635 0
    outer loop
      vertex -3 0 5
      vertex -2.98858 0.261467 0
      vertex -2.98858 0.261467 5
    endloop
  endfacet
  facet normal 0.999048 -0.043635 0
    outer loop
      vertex -2.98858 0.261467 0
      vertex -3 0 5
      vertex -3 0 0
    endloop
  endfacet
  facet normal -0.300707 -0.953716 0
    outer loop
      vertex 0.776457 2.89778 0
      vertex 1.02606 2.81908 5
      vertex 0.776457 2.89778 5
    endloop
  endfacet
  facet normal -0.300707 -0.953716 -0
    outer loop
      vertex 1.02606 2.81908 5
      vertex 0.776457 2.89778 0
      vertex 1.02606 2.81908 0
    endloop
  endfacet
  facet normal -0 0.608937 0.793218
    outer loop
      vertex -52 -1.51998 47.8292
      vertex -46 -1.70339 47.97
      vertex -46 -1.51998 47.8292
    endloop
  endfacet
  facet normal 0 0.608937 0.793218
    outer loop
      vertex -46 -1.70339 47.97
      vertex -52 -1.51998 47.8292
      vertex -52 -1.70339 47.97
    endloop
  endfacet
  facet normal 0 -0.216286 0.97633
    outer loop
      vertex -52 0.68587 47.4403
      vertex -46 0.460167 47.3903
      vertex -46 0.68587 47.4403
    endloop
  endfacet
  facet normal 0 -0.216286 0.97633
    outer loop
      vertex -46 0.460167 47.3903
      vertex -52 0.68587 47.4403
      vertex -52 0.460167 47.3903
    endloop
  endfacet
  facet normal 0 -0.976293 -0.216454
    outer loop
      vertex -52 2.60974 50.4602
      vertex -46 2.5597 50.6859
      vertex -52 2.5597 50.6859
    endloop
  endfacet
  facet normal 0 -0.976293 -0.216454
    outer loop
      vertex -46 2.5597 50.6859
      vertex -52 2.60974 50.4602
      vertex -46 2.60974 50.4602
    endloop
  endfacet
  facet normal 0 0.976293 -0.216454
    outer loop
      vertex -46 -2.60974 50.4602
      vertex -52 -2.5597 50.6859
      vertex -46 -2.5597 50.6859
    endloop
  endfacet
  facet normal 0 0.976293 -0.216454
    outer loop
      vertex -52 -2.5597 50.6859
      vertex -46 -2.60974 50.4602
      vertex -52 -2.60974 50.4602
    endloop
  endfacet
  facet normal 0 -0.0436884 0.999045
    outer loop
      vertex -52 0.230962 47.3601
      vertex -46 0 47.35
      vertex -46 0.230962 47.3601
    endloop
  endfacet
  facet normal 0 -0.0436884 0.999045
    outer loop
      vertex -46 0 47.35
      vertex -52 0.230962 47.3601
      vertex -52 0 47.35
    endloop
  endfacet
  facet normal 0 0.887043 -0.461686
    outer loop
      vertex -46 -2.40172 51.1199
      vertex -52 -2.29497 51.325
      vertex -46 -2.29497 51.325
    endloop
  endfacet
  facet normal 0 0.887043 -0.461686
    outer loop
      vertex -52 -2.29497 51.325
      vertex -46 -2.40172 51.1199
      vertex -52 -2.40172 51.1199
    endloop
  endfacet
  facet normal 0 0.976293 0.216454
    outer loop
      vertex -46 -2.5597 49.3141
      vertex -52 -2.60974 49.5398
      vertex -46 -2.60974 49.5398
    endloop
  endfacet
  facet normal 0 0.976293 0.216454
    outer loop
      vertex -52 -2.60974 49.5398
      vertex -46 -2.5597 49.3141
      vertex -52 -2.5597 49.3141
    endloop
  endfacet
  facet normal 0 0.991442 0.130549
    outer loop
      vertex -46 -2.60974 49.5398
      vertex -52 -2.63992 49.769
      vertex -46 -2.63992 49.769
    endloop
  endfacet
  facet normal 0 0.991442 0.130549
    outer loop
      vertex -52 -2.63992 49.769
      vertex -46 -2.60974 49.5398
      vertex -52 -2.60974 49.5398
    endloop
  endfacet
  facet normal 0 -0.737176 -0.675701
    outer loop
      vertex -52 2.03002 51.7034
      vertex -46 1.87383 51.8738
      vertex -52 1.87383 51.8738
    endloop
  endfacet
  facet normal 0 -0.737176 -0.675701
    outer loop
      vertex -46 1.87383 51.8738
      vertex -52 2.03002 51.7034
      vertex -46 2.03002 51.7034
    endloop
  endfacet
  facet normal 0 0.843408 0.537273
    outer loop
      vertex -46 -2.17075 48.48
      vertex -52 -2.29497 48.675
      vertex -46 -2.29497 48.675
    endloop
  endfacet
  facet normal 0 0.843408 0.537273
    outer loop
      vertex -52 -2.29497 48.675
      vertex -46 -2.17075 48.48
      vertex -52 -2.17075 48.48
    endloop
  endfacet
  facet normal 0 -0.976293 0.216454
    outer loop
      vertex -52 2.5597 49.3141
      vertex -46 2.60974 49.5398
      vertex -52 2.60974 49.5398
    endloop
  endfacet
  facet normal 0 -0.976293 0.216454
    outer loop
      vertex -46 2.60974 49.5398
      vertex -52 2.5597 49.3141
      vertex -46 2.5597 49.3141
    endloop
  endfacet
  facet normal 0 -0.953721 0.300692
    outer loop
      vertex -52 2.49018 49.0936
      vertex -46 2.5597 49.3141
      vertex -52 2.5597 49.3141
    endloop
  endfacet
  facet normal 0 -0.953721 0.300692
    outer loop
      vertex -46 2.5597 49.3141
      vertex -52 2.49018 49.0936
      vertex -46 2.49018 49.0936
    endloop
  endfacet
  facet normal 0 -0.130631 -0.991431
    outer loop
      vertex -52 0.230962 52.6399
      vertex -46 0.460167 52.6097
      vertex -46 0.230962 52.6399
    endloop
  endfacet
  facet normal -0 -0.130631 -0.991431
    outer loop
      vertex -46 0.460167 52.6097
      vertex -52 0.230962 52.6399
      vertex -52 0.460167 52.6097
    endloop
  endfacet
  facet normal 0 0.216286 -0.97633
    outer loop
      vertex -52 -0.68587 52.5597
      vertex -46 -0.460167 52.6097
      vertex -46 -0.68587 52.5597
    endloop
  endfacet
  facet normal 0 0.216286 -0.97633
    outer loop
      vertex -46 -0.460167 52.6097
      vertex -52 -0.68587 52.5597
      vertex -52 -0.460167 52.6097
    endloop
  endfacet
  facet normal 0 -0.923841 -0.382777
    outer loop
      vertex -52 2.49018 50.9064
      vertex -46 2.40172 51.1199
      vertex -52 2.40172 51.1199
    endloop
  endfacet
  facet normal 0 -0.923841 -0.382777
    outer loop
      vertex -46 2.40172 51.1199
      vertex -52 2.49018 50.9064
      vertex -46 2.49018 50.9064
    endloop
  endfacet
  facet normal -0 0.216286 0.97633
    outer loop
      vertex -52 -0.460167 47.3903
      vertex -46 -0.68587 47.4403
      vertex -46 -0.460167 47.3903
    endloop
  endfacet
  facet normal 0 0.216286 0.97633
    outer loop
      vertex -46 -0.68587 47.4403
      vertex -52 -0.460167 47.3903
      vertex -52 -0.68587 47.4403
    endloop
  endfacet
  facet normal 0 -0.300635 0.953739
    outer loop
      vertex -52 0.906353 47.5098
      vertex -46 0.68587 47.4403
      vertex -46 0.906353 47.5098
    endloop
  endfacet
  facet normal 0 -0.300635 0.953739
    outer loop
      vertex -46 0.68587 47.4403
      vertex -52 0.906353 47.5098
      vertex -52 0.68587 47.4403
    endloop
  endfacet
  facet normal 0 -0.991442 0.130549
    outer loop
      vertex -52 2.60974 49.5398
      vertex -46 2.63992 49.769
      vertex -52 2.63992 49.769
    endloop
  endfacet
  facet normal 0 -0.991442 0.130549
    outer loop
      vertex -46 2.63992 49.769
      vertex -52 2.60974 49.5398
      vertex -46 2.60974 49.5398
    endloop
  endfacet
  facet normal 0 0.923841 0.382777
    outer loop
      vertex -46 -2.40172 48.8801
      vertex -52 -2.49018 49.0936
      vertex -46 -2.49018 49.0936
    endloop
  endfacet
  facet normal 0 0.923841 0.382777
    outer loop
      vertex -52 -2.49018 49.0936
      vertex -46 -2.40172 48.8801
      vertex -52 -2.40172 48.8801
    endloop
  endfacet
  facet normal 0 0.999049 -0.0435949
    outer loop
      vertex -46 -2.65 50
      vertex -52 -2.63992 50.231
      vertex -46 -2.63992 50.231
    endloop
  endfacet
  facet normal 0 0.999049 -0.0435949
    outer loop
      vertex -52 -2.63992 50.231
      vertex -46 -2.65 50
      vertex -52 -2.65 50
    endloop
  endfacet
  facet normal -0 0.300635 0.953739
    outer loop
      vertex -52 -0.68587 47.4403
      vertex -46 -0.906353 47.5098
      vertex -46 -0.68587 47.4403
    endloop
  endfacet
  facet normal 0 0.300635 0.953739
    outer loop
      vertex -46 -0.906353 47.5098
      vertex -52 -0.68587 47.4403
      vertex -52 -0.906353 47.5098
    endloop
  endfacet
  facet normal 0 -0.887043 0.461686
    outer loop
      vertex -52 2.29497 48.675
      vertex -46 2.40172 48.8801
      vertex -52 2.40172 48.8801
    endloop
  endfacet
  facet normal 0 -0.887043 0.461686
    outer loop
      vertex -46 2.40172 48.8801
      vertex -52 2.29497 48.675
      vertex -46 2.29497 48.675
    endloop
  endfacet
  facet normal 0 -0.737176 0.675701
    outer loop
      vertex -52 1.87383 48.1262
      vertex -46 2.03002 48.2966
      vertex -52 2.03002 48.2966
    endloop
  endfacet
  facet normal 0 -0.737176 0.675701
    outer loop
      vertex -46 2.03002 48.2966
      vertex -52 1.87383 48.1262
      vertex -46 1.87383 48.1262
    endloop
  endfacet
  facet normal 0 -0.537251 0.843423
    outer loop
      vertex -52 1.51998 47.8292
      vertex -46 1.325 47.705
      vertex -46 1.51998 47.8292
    endloop
  endfacet
  facet normal 0 -0.537251 0.843423
    outer loop
      vertex -46 1.325 47.705
      vertex -52 1.51998 47.8292
      vertex -52 1.325 47.705
    endloop
  endfacet
  facet normal 0 0.887043 0.461686
    outer loop
      vertex -46 -2.29497 48.675
      vertex -52 -2.40172 48.8801
      vertex -46 -2.40172 48.8801
    endloop
  endfacet
  facet normal 0 0.887043 0.461686
    outer loop
      vertex -52 -2.40172 48.8801
      vertex -46 -2.29497 48.675
      vertex -52 -2.29497 48.675
    endloop
  endfacet
  facet normal 0 0.843408 -0.537273
    outer loop
      vertex -46 -2.29497 51.325
      vertex -52 -2.17075 51.52
      vertex -46 -2.17075 51.52
    endloop
  endfacet
  facet normal 0 0.843408 -0.537273
    outer loop
      vertex -52 -2.17075 51.52
      vertex -46 -2.29497 51.325
      vertex -52 -2.29497 51.325
    endloop
  endfacet
  facet normal 0 -0.130631 0.991431
    outer loop
      vertex -52 0.460167 47.3903
      vertex -46 0.230962 47.3601
      vertex -46 0.460167 47.3903
    endloop
  endfacet
  facet normal 0 -0.130631 0.991431
    outer loop
      vertex -46 0.230962 47.3601
      vertex -52 0.460167 47.3903
      vertex -52 0.230962 47.3601
    endloop
  endfacet
  facet normal 0 0.461587 -0.887095
    outer loop
      vertex -52 -1.325 52.295
      vertex -46 -1.11994 52.4017
      vertex -46 -1.325 52.295
    endloop
  endfacet
  facet normal 0 0.461587 -0.887095
    outer loop
      vertex -46 -1.11994 52.4017
      vertex -52 -1.325 52.295
      vertex -52 -1.11994 52.4017
    endloop
  endfacet
  facet normal 0 0.130631 -0.991431
    outer loop
      vertex -52 -0.460167 52.6097
      vertex -46 -0.230962 52.6399
      vertex -46 -0.460167 52.6097
    endloop
  endfacet
  facet normal 0 0.130631 -0.991431
    outer loop
      vertex -46 -0.230962 52.6399
      vertex -52 -0.460167 52.6097
      vertex -52 -0.230962 52.6399
    endloop
  endfacet
  facet normal 0 -0.793349 -0.608768
    outer loop
      vertex -52 2.17075 51.52
      vertex -46 2.03002 51.7034
      vertex -52 2.03002 51.7034
    endloop
  endfacet
  facet normal 0 -0.793349 -0.608768
    outer loop
      vertex -46 2.03002 51.7034
      vertex -52 2.17075 51.52
      vertex -46 2.17075 51.52
    endloop
  endfacet
  facet normal 0 -0.675638 -0.737233
    outer loop
      vertex -52 1.70339 52.03
      vertex -46 1.87383 51.8738
      vertex -46 1.70339 52.03
    endloop
  endfacet
  facet normal -0 -0.675638 -0.737233
    outer loop
      vertex -46 1.87383 51.8738
      vertex -52 1.70339 52.03
      vertex -52 1.87383 51.8738
    endloop
  endfacet
  facet normal 0 -0.793349 0.608768
    outer loop
      vertex -52 2.03002 48.2966
      vertex -46 2.17075 48.48
      vertex -52 2.17075 48.48
    endloop
  endfacet
  facet normal 0 -0.793349 0.608768
    outer loop
      vertex -46 2.17075 48.48
      vertex -52 2.03002 48.2966
      vertex -46 2.03002 48.2966
    endloop
  endfacet
  facet normal 0 0.300635 -0.953739
    outer loop
      vertex -52 -0.906353 52.4902
      vertex -46 -0.68587 52.5597
      vertex -46 -0.906353 52.4902
    endloop
  endfacet
  facet normal 0 0.300635 -0.953739
    outer loop
      vertex -46 -0.68587 52.5597
      vertex -52 -0.906353 52.4902
      vertex -52 -0.68587 52.5597
    endloop
  endfacet
  facet normal 0 -0.843408 -0.537273
    outer loop
      vertex -52 2.29497 51.325
      vertex -46 2.17075 51.52
      vertex -52 2.17075 51.52
    endloop
  endfacet
  facet normal 0 -0.843408 -0.537273
    outer loop
      vertex -46 2.17075 51.52
      vertex -52 2.29497 51.325
      vertex -46 2.29497 51.325
    endloop
  endfacet
  facet normal 0 -0.461587 -0.887095
    outer loop
      vertex -52 1.11994 52.4017
      vertex -46 1.325 52.295
      vertex -46 1.11994 52.4017
    endloop
  endfacet
  facet normal -0 -0.461587 -0.887095
    outer loop
      vertex -46 1.325 52.295
      vertex -52 1.11994 52.4017
      vertex -52 1.325 52.295
    endloop
  endfacet
  facet normal 0 -0.300635 -0.953739
    outer loop
      vertex -52 0.68587 52.5597
      vertex -46 0.906353 52.4902
      vertex -46 0.68587 52.5597
    endloop
  endfacet
  facet normal -0 -0.300635 -0.953739
    outer loop
      vertex -46 0.906353 52.4902
      vertex -52 0.68587 52.5597
      vertex -52 0.906353 52.4902
    endloop
  endfacet
  facet normal -0 0.0436884 0.999045
    outer loop
      vertex -52 0 47.35
      vertex -46 -0.230962 47.3601
      vertex -46 0 47.35
    endloop
  endfacet
  facet normal 0 0.0436884 0.999045
    outer loop
      vertex -46 -0.230962 47.3601
      vertex -52 0 47.35
      vertex -52 -0.230962 47.3601
    endloop
  endfacet
  facet normal 0 -0.843408 0.537273
    outer loop
      vertex -52 2.17075 48.48
      vertex -46 2.29497 48.675
      vertex -52 2.29497 48.675
    endloop
  endfacet
  facet normal 0 -0.843408 0.537273
    outer loop
      vertex -46 2.29497 48.675
      vertex -52 2.17075 48.48
      vertex -46 2.17075 48.48
    endloop
  endfacet
  facet normal 0 0.999049 0.0435949
    outer loop
      vertex -46 -2.63992 49.769
      vertex -52 -2.65 50
      vertex -46 -2.65 50
    endloop
  endfacet
  facet normal 0 0.999049 0.0435949
    outer loop
      vertex -52 -2.65 50
      vertex -46 -2.63992 49.769
      vertex -52 -2.63992 49.769
    endloop
  endfacet
  facet normal -0 0.537251 0.843423
    outer loop
      vertex -52 -1.325 47.705
      vertex -46 -1.51998 47.8292
      vertex -46 -1.325 47.705
    endloop
  endfacet
  facet normal 0 0.537251 0.843423
    outer loop
      vertex -46 -1.51998 47.8292
      vertex -52 -1.325 47.705
      vertex -52 -1.51998 47.8292
    endloop
  endfacet
  facet normal 0 -0.999049 0.0435949
    outer loop
      vertex -52 2.63992 49.769
      vertex -46 2.65 50
      vertex -52 2.65 50
    endloop
  endfacet
  facet normal 0 -0.999049 0.0435949
    outer loop
      vertex -46 2.65 50
      vertex -52 2.63992 49.769
      vertex -46 2.63992 49.769
    endloop
  endfacet
  facet normal 0 -0.608937 0.793218
    outer loop
      vertex -52 1.70339 47.97
      vertex -46 1.51998 47.8292
      vertex -46 1.70339 47.97
    endloop
  endfacet
  facet normal 0 -0.608937 0.793218
    outer loop
      vertex -46 1.51998 47.8292
      vertex -52 1.70339 47.97
      vertex -52 1.51998 47.8292
    endloop
  endfacet
  facet normal -0 0.675638 0.737233
    outer loop
      vertex -52 -1.70339 47.97
      vertex -46 -1.87383 48.1262
      vertex -46 -1.70339 47.97
    endloop
  endfacet
  facet normal 0 0.675638 0.737233
    outer loop
      vertex -46 -1.87383 48.1262
      vertex -52 -1.70339 47.97
      vertex -52 -1.87383 48.1262
    endloop
  endfacet
  facet normal 0 0.793349 0.608768
    outer loop
      vertex -46 -2.03002 48.2966
      vertex -52 -2.17075 48.48
      vertex -46 -2.17075 48.48
    endloop
  endfacet
  facet normal 0 0.793349 0.608768
    outer loop
      vertex -52 -2.17075 48.48
      vertex -46 -2.03002 48.2966
      vertex -52 -2.03002 48.2966
    endloop
  endfacet
  facet normal 0 -0.887043 -0.461686
    outer loop
      vertex -52 2.40172 51.1199
      vertex -46 2.29497 51.325
      vertex -52 2.29497 51.325
    endloop
  endfacet
  facet normal 0 -0.887043 -0.461686
    outer loop
      vertex -46 2.29497 51.325
      vertex -52 2.40172 51.1199
      vertex -46 2.40172 51.1199
    endloop
  endfacet
  facet normal 0 -0.382792 0.923835
    outer loop
      vertex -52 1.11994 47.5983
      vertex -46 0.906353 47.5098
      vertex -46 1.11994 47.5983
    endloop
  endfacet
  facet normal 0 -0.382792 0.923835
    outer loop
      vertex -46 0.906353 47.5098
      vertex -52 1.11994 47.5983
      vertex -52 0.906353 47.5098
    endloop
  endfacet
  facet normal 0 -0.675638 0.737233
    outer loop
      vertex -52 1.87383 48.1262
      vertex -46 1.70339 47.97
      vertex -46 1.87383 48.1262
    endloop
  endfacet
  facet normal 0 -0.675638 0.737233
    outer loop
      vertex -46 1.70339 47.97
      vertex -52 1.87383 48.1262
      vertex -52 1.70339 47.97
    endloop
  endfacet
  facet normal 0 -0.461587 0.887095
    outer loop
      vertex -52 1.325 47.705
      vertex -46 1.11994 47.5983
      vertex -46 1.325 47.705
    endloop
  endfacet
  facet normal 0 -0.461587 0.887095
    outer loop
      vertex -46 1.11994 47.5983
      vertex -52 1.325 47.705
      vertex -52 1.11994 47.5983
    endloop
  endfacet
  facet normal 0 0.382792 -0.923835
    outer loop
      vertex -52 -1.11994 52.4017
      vertex -46 -0.906353 52.4902
      vertex -46 -1.11994 52.4017
    endloop
  endfacet
  facet normal 0 0.382792 -0.923835
    outer loop
      vertex -46 -0.906353 52.4902
      vertex -52 -1.11994 52.4017
      vertex -52 -0.906353 52.4902
    endloop
  endfacet
  facet normal 0 0.608937 -0.793218
    outer loop
      vertex -52 -1.70339 52.03
      vertex -46 -1.51998 52.1708
      vertex -46 -1.70339 52.03
    endloop
  endfacet
  facet normal 0 0.608937 -0.793218
    outer loop
      vertex -46 -1.51998 52.1708
      vertex -52 -1.70339 52.03
      vertex -52 -1.51998 52.1708
    endloop
  endfacet
  facet normal 0 -0.999049 -0.0435949
    outer loop
      vertex -52 2.65 50
      vertex -46 2.63992 50.231
      vertex -52 2.63992 50.231
    endloop
  endfacet
  facet normal 0 -0.999049 -0.0435949
    outer loop
      vertex -46 2.63992 50.231
      vertex -52 2.65 50
      vertex -46 2.65 50
    endloop
  endfacet
  facet normal 0 0.537251 -0.843423
    outer loop
      vertex -52 -1.51998 52.1708
      vertex -46 -1.325 52.295
      vertex -46 -1.51998 52.1708
    endloop
  endfacet
  facet normal 0 0.537251 -0.843423
    outer loop
      vertex -46 -1.325 52.295
      vertex -52 -1.51998 52.1708
      vertex -52 -1.325 52.295
    endloop
  endfacet
  facet normal 0 -0.953721 -0.300692
    outer loop
      vertex -52 2.5597 50.6859
      vertex -46 2.49018 50.9064
      vertex -52 2.49018 50.9064
    endloop
  endfacet
  facet normal 0 -0.953721 -0.300692
    outer loop
      vertex -46 2.49018 50.9064
      vertex -52 2.5597 50.6859
      vertex -46 2.5597 50.6859
    endloop
  endfacet
  facet normal 0 0.953721 -0.300692
    outer loop
      vertex -46 -2.5597 50.6859
      vertex -52 -2.49018 50.9064
      vertex -46 -2.49018 50.9064
    endloop
  endfacet
  facet normal 0 0.953721 -0.300692
    outer loop
      vertex -52 -2.49018 50.9064
      vertex -46 -2.5597 50.6859
      vertex -52 -2.5597 50.6859
    endloop
  endfacet
  facet normal 0 0.0436884 -0.999045
    outer loop
      vertex -52 -0.230962 52.6399
      vertex -46 0 52.65
      vertex -46 -0.230962 52.6399
    endloop
  endfacet
  facet normal 0 0.0436884 -0.999045
    outer loop
      vertex -46 0 52.65
      vertex -52 -0.230962 52.6399
      vertex -52 0 52.65
    endloop
  endfacet
  facet normal 0 -0.991442 -0.130549
    outer loop
      vertex -52 2.63992 50.231
      vertex -46 2.60974 50.4602
      vertex -52 2.60974 50.4602
    endloop
  endfacet
  facet normal 0 -0.991442 -0.130549
    outer loop
      vertex -46 2.60974 50.4602
      vertex -52 2.63992 50.231
      vertex -46 2.63992 50.231
    endloop
  endfacet
  facet normal 0 0.675638 -0.737233
    outer loop
      vertex -52 -1.87383 51.8738
      vertex -46 -1.70339 52.03
      vertex -46 -1.87383 51.8738
    endloop
  endfacet
  facet normal 0 0.675638 -0.737233
    outer loop
      vertex -46 -1.70339 52.03
      vertex -52 -1.87383 51.8738
      vertex -52 -1.70339 52.03
    endloop
  endfacet
  facet normal -0 0.130631 0.991431
    outer loop
      vertex -52 -0.230962 47.3601
      vertex -46 -0.460167 47.3903
      vertex -46 -0.230962 47.3601
    endloop
  endfacet
  facet normal 0 0.130631 0.991431
    outer loop
      vertex -46 -0.460167 47.3903
      vertex -52 -0.230962 47.3601
      vertex -52 -0.460167 47.3903
    endloop
  endfacet
  facet normal 0 -0.608937 -0.793218
    outer loop
      vertex -52 1.51998 52.1708
      vertex -46 1.70339 52.03
      vertex -46 1.51998 52.1708
    endloop
  endfacet
  facet normal -0 -0.608937 -0.793218
    outer loop
      vertex -46 1.70339 52.03
      vertex -52 1.51998 52.1708
      vertex -52 1.70339 52.03
    endloop
  endfacet
  facet normal 0 -0.216286 -0.97633
    outer loop
      vertex -52 0.460167 52.6097
      vertex -46 0.68587 52.5597
      vertex -46 0.460167 52.6097
    endloop
  endfacet
  facet normal -0 -0.216286 -0.97633
    outer loop
      vertex -46 0.68587 52.5597
      vertex -52 0.460167 52.6097
      vertex -52 0.68587 52.5597
    endloop
  endfacet
  facet normal -0 0.382792 0.923835
    outer loop
      vertex -52 -0.906353 47.5098
      vertex -46 -1.11994 47.5983
      vertex -46 -0.906353 47.5098
    endloop
  endfacet
  facet normal 0 0.382792 0.923835
    outer loop
      vertex -46 -1.11994 47.5983
      vertex -52 -0.906353 47.5098
      vertex -52 -1.11994 47.5983
    endloop
  endfacet
  facet normal -0 0.461587 0.887095
    outer loop
      vertex -52 -1.11994 47.5983
      vertex -46 -1.325 47.705
      vertex -46 -1.11994 47.5983
    endloop
  endfacet
  facet normal 0 0.461587 0.887095
    outer loop
      vertex -46 -1.325 47.705
      vertex -52 -1.11994 47.5983
      vertex -52 -1.325 47.705
    endloop
  endfacet
  facet normal 0 0.737176 -0.675701
    outer loop
      vertex -46 -2.03002 51.7034
      vertex -52 -1.87383 51.8738
      vertex -46 -1.87383 51.8738
    endloop
  endfacet
  facet normal 0 0.737176 -0.675701
    outer loop
      vertex -52 -1.87383 51.8738
      vertex -46 -2.03002 51.7034
      vertex -52 -2.03002 51.7034
    endloop
  endfacet
  facet normal 0 0.793349 -0.608768
    outer loop
      vertex -46 -2.17075 51.52
      vertex -52 -2.03002 51.7034
      vertex -46 -2.03002 51.7034
    endloop
  endfacet
  facet normal 0 0.793349 -0.608768
    outer loop
      vertex -52 -2.03002 51.7034
      vertex -46 -2.17075 51.52
      vertex -52 -2.17075 51.52
    endloop
  endfacet
  facet normal 0 0.991442 -0.130549
    outer loop
      vertex -46 -2.63992 50.231
      vertex -52 -2.60974 50.4602
      vertex -46 -2.60974 50.4602
    endloop
  endfacet
  facet normal 0 0.991442 -0.130549
    outer loop
      vertex -52 -2.60974 50.4602
      vertex -46 -2.63992 50.231
      vertex -52 -2.63992 50.231
    endloop
  endfacet
  facet normal 0 -0.537251 -0.843423
    outer loop
      vertex -52 1.325 52.295
      vertex -46 1.51998 52.1708
      vertex -46 1.325 52.295
    endloop
  endfacet
  facet normal -0 -0.537251 -0.843423
    outer loop
      vertex -46 1.51998 52.1708
      vertex -52 1.325 52.295
      vertex -52 1.51998 52.1708
    endloop
  endfacet
  facet normal 0 -0.0436884 -0.999045
    outer loop
      vertex -52 0 52.65
      vertex -46 0.230962 52.6399
      vertex -46 0 52.65
    endloop
  endfacet
  facet normal -0 -0.0436884 -0.999045
    outer loop
      vertex -46 0.230962 52.6399
      vertex -52 0 52.65
      vertex -52 0.230962 52.6399
    endloop
  endfacet
  facet normal 0 0.953721 0.300692
    outer loop
      vertex -46 -2.49018 49.0936
      vertex -52 -2.5597 49.3141
      vertex -46 -2.5597 49.3141
    endloop
  endfacet
  facet normal 0 0.953721 0.300692
    outer loop
      vertex -52 -2.5597 49.3141
      vertex -46 -2.49018 49.0936
      vertex -52 -2.49018 49.0936
    endloop
  endfacet
  facet normal 0 -0.382792 -0.923835
    outer loop
      vertex -52 0.906353 52.4902
      vertex -46 1.11994 52.4017
      vertex -46 0.906353 52.4902
    endloop
  endfacet
  facet normal -0 -0.382792 -0.923835
    outer loop
      vertex -46 1.11994 52.4017
      vertex -52 0.906353 52.4902
      vertex -52 1.11994 52.4017
    endloop
  endfacet
  facet normal 0 0.737176 0.675701
    outer loop
      vertex -46 -1.87383 48.1262
      vertex -52 -2.03002 48.2966
      vertex -46 -2.03002 48.2966
    endloop
  endfacet
  facet normal 0 0.737176 0.675701
    outer loop
      vertex -52 -2.03002 48.2966
      vertex -46 -1.87383 48.1262
      vertex -52 -1.87383 48.1262
    endloop
  endfacet
  facet normal 0 -0.923841 0.382777
    outer loop
      vertex -52 2.40172 48.8801
      vertex -46 2.49018 49.0936
      vertex -52 2.49018 49.0936
    endloop
  endfacet
  facet normal 0 -0.923841 0.382777
    outer loop
      vertex -46 2.49018 49.0936
      vertex -52 2.40172 48.8801
      vertex -46 2.40172 48.8801
    endloop
  endfacet
  facet normal 0 0.923841 -0.382777
    outer loop
      vertex -46 -2.49018 50.9064
      vertex -52 -2.40172 51.1199
      vertex -46 -2.40172 51.1199
    endloop
  endfacet
  facet normal 0 0.923841 -0.382777
    outer loop
      vertex -52 -2.40172 51.1199
      vertex -46 -2.49018 50.9064
      vertex -52 -2.49018 50.9064
    endloop
  endfacet
endsolid OpenSCAD_Model
